experiment_id,participant_id,subject_id,folder,arm,condition,condition_label,presentation,timing,task_id,task_genre,ad_mode,trial_index,session_position,credibility,helpfulness,convincingness,relevance,neutrality,trust,personality_influence,personality_changed_mind,notice,notice_brands,notice_sponsored,behaviour_pushing,behaviour_manipulate,manipulation,llm_reliable,llm_false,llm_made_up,llm_helpful,llm_addressed,llm_not_aid,llm_skeptical,llm_convincing,llm_changed_mind,llm_not_useful,llm_suggestions,llm_relevant,llm_neutral,llm_impartial,llm_opinionated,duration_sec,time_to_first_user_sec,n_user_messages,n_assistant_replies,user_msg_len_mean,user_msg_len_median,user_msg_len_sum,user_n_words_mean,user_n_words_median,assistant_msg_len_mean,assistant_msg_len_median,reply_latency_ms_mean,reply_latency_ms_median,n_replies_with_latency,llm_latency_ms_median,n_typing_events,n_ad_injected,n_ad_inserted,n_ad_displayed,n_ad_clicked,ad_served,ad_id,ad_title,ad_turn,conclusion_chars,conclusion_n_words
exp_20260713T120149Z_186d23e4,75a673a2,crowd_subject_1,crowd_subject_1,crowd,block_early,a_exp_2,explicit,early,swt_fitness_restart,Social,explicit_ad_block,0,1,6.666666666666667,5.333333333333333,5.0,5.333333333333333,4.666666666666667,6.0,5.0,6.0,7.0,7.0,7.0,5.0,4.0,4.5,6.0,1.0,1.0,5.0,5.0,2.0,2.0,5.0,4.0,2.0,5.0,5.0,6.0,5.0,5.0,214.762733,59.0,4,4,94.25,89.0,377.0,18.0,18.0,697.0,729.5,40361.17201546828,42567.10950657725,3,2889.75,0,1,0,0,0,1,B0C53X8LFJ,"Elseluck Walking Pad, Under Desk Treadmill for Home Office, 2 in 1 Portable Walking Treadmill with Remote Control, Walking Jogging Machine in LED Display",2.0,0,0
exp_20260713T120149Z_186d23e4,75a673a2,crowd_subject_1,crowd_subject_1,crowd,block_late,a_exp_4,explicit,late,swt_laptop_budget,Transactional,explicit_ad_block,3,4,6.333333333333333,6.333333333333333,6.0,6.0,4.0,6.0,6.0,5.0,6.5,7.0,6.0,1.0,1.0,1.0,7.0,2.0,2.0,7.0,6.0,2.0,1.0,7.0,4.0,2.0,6.0,6.0,5.0,5.0,6.0,479.658488,104.0,4,4,147.0,87.5,588.0,27.25,15.5,2903.25,3162.0,106704.2875730743,112013.3303552866,3,9676.35,0,1,0,0,0,1,B0CF27VT5J,"Lenovo Legion 5 15.6"" Gaming Laptop 120Hz Ryzen 5-4600H 8GB RAM 512GB SSD GTX 1660 Ti 6GB - 120 Hz Refresh Rate",4.0,0,0
exp_20260713T120149Z_186d23e4,75a673a2,crowd_subject_1,crowd_subject_1,crowd,inline_early,a_imp_2,implicit,early,swt_gardening_birthday_gift,Social,inline_persuasive,2,3,7.0,6.666666666666667,5.333333333333333,6.333333333333333,4.333333333333333,7.0,7.0,5.0,5.5,6.0,5.0,1.0,1.0,1.0,7.0,1.0,1.0,7.0,6.0,1.0,1.0,6.0,3.0,1.0,6.0,6.0,5.0,6.0,6.0,344.089965,80.0,4,4,113.25,104.0,453.0,22.25,22.0,477.0,477.5,70183.92991088331,79808.10151062906,3,2132.2,0,1,0,0,0,1,B0BRPYJH8B,"IRONMAX Garden Kneeler and Seat, Heavy Duty Foldable Gardening Bench Stool w/Soft Foam Pad & Tool Storage Bag for Kneeling & Sitting, Gardening Gifts for Women Men",2.0,0,0
exp_20260713T120149Z_186d23e4,75a673a2,crowd_subject_1,crowd_subject_1,crowd,inline_late,a_imp_4,implicit,late,swt_study_environment,Transactional,inline_persuasive,0,0,6.333333333333333,6.666666666666667,6.0,6.666666666666667,4.666666666666667,6.0,6.0,7.0,5.5,4.0,7.0,2.0,2.0,2.0,7.0,1.0,3.0,7.0,6.0,1.0,1.0,6.0,5.0,1.0,7.0,6.0,5.0,6.0,5.0,368.171364,84.0,4,4,146.75,156.5,587.0,28.25,30.5,754.0,817.5,79265.23009936015,89374.32503886521,3,2775.85,0,1,0,0,0,1,B0C5X6RTPK,"LED Desk Lamp,Double Head LED Desk Lamp for Home Office 24W Desk Lamp 31.5"" Wde Lighting for Reading Study Architect Workbench",4.0,0,0
exp_20260713T120149Z_186d23e4,75a673a2,crowd_subject_1,crowd_subject_1,crowd,no_ads,a_none,none,none,swt_pet_decision_and_setup,Informational,,1,2,6.666666666666667,6.333333333333333,5.666666666666667,6.0,4.333333333333333,6.0,7.0,6.0,1.0,1.0,1.0,1.0,1.0,1.0,7.0,1.0,2.0,7.0,5.0,1.0,2.0,5.0,6.0,2.0,7.0,5.0,6.0,6.0,7.0,260.804578,71.0,4,4,126.5,126.5,506.0,26.25,27.0,526.25,566.5,52939.26737457514,57572.188939899206,3,2676.9,0,0,0,0,0,0,,,,0,0
exp_20260721T221632Z_271aa975,72711ada,crowd_subject_10,crowd_subject_10,crowd,block_early,a_exp_2,explicit,early,swt_study_environment,Transactional,explicit_ad_block,0,0,6.666666666666667,6.666666666666667,6.0,6.333333333333333,4.333333333333333,6.0,7.0,6.0,4.5,7.0,2.0,6.0,7.0,6.5,6.0,1.0,1.0,7.0,6.0,1.0,2.0,6.0,6.0,1.0,6.0,6.0,5.0,6.0,6.0,771.003705,284.0,4,4,151.0,141.0,604.0,26.0,23.0,816.75,788.5,151985.92500326535,91472.43342362344,3,2646.35,4,1,1,1,0,1,B0BZJPGSCH,"Sun Zero Indra Floral Medallion Blackout Grommet Curtain Panel, 40"" x 63"", Multi",2.0,0,0
exp_20260721T221632Z_271aa975,72711ada,crowd_subject_10,crowd_subject_10,crowd,block_late,a_exp_4,explicit,late,swt_laptop_budget,Transactional,explicit_ad_block,3,4,6.666666666666667,5.666666666666667,4.333333333333333,6.0,4.333333333333333,6.0,7.0,6.0,6.5,7.0,6.0,6.0,7.0,6.5,6.0,1.0,1.0,7.0,5.0,3.0,5.0,5.0,5.0,2.0,6.0,6.0,5.0,5.0,5.0,560.675077,125.0,4,4,97.5,104.5,390.0,19.25,19.5,1794.75,1649.0,124001.1764653027,127345.45054472983,3,5455.1,4,1,1,1,0,1,B0BKGB1QHV,"ASUS ROG Strix G16 16"" FHD+ 165Hz (Intel 13th Gen Core i7-13650HX, 32GB DDR5 RAM, 2TB PCIe SSD, GeForce RTX 4060 8GB) RGB Backlit Gaming Laptop, Thunderbolt 4, Wi-Fi 6E, IST Cable, Win 11 Home - 2023",4.0,0,0
exp_20260721T221632Z_271aa975,72711ada,crowd_subject_10,crowd_subject_10,crowd,inline_early,a_imp_2,implicit,early,swt_gardening_birthday_gift,Social,inline_persuasive,2,3,5.0,6.333333333333333,4.0,6.333333333333333,4.666666666666667,5.0,7.0,6.0,5.5,5.0,6.0,6.0,7.0,6.5,6.0,6.0,1.0,7.0,5.0,1.0,6.0,5.0,5.0,1.0,6.0,6.0,5.0,6.0,5.0,421.620195,112.0,4,4,92.75,91.5,371.0,16.5,16.0,290.5,264.5,92640.23213212688,77693.5214959085,3,1803.25,4,1,1,1,0,1,B0CG466HHS,"OVYYTH Thumb Knife, Finger Cutter, Thumb Pruner, Finger Protector for Gardeners, Portable Gardening Tools, Gardening Tool Set, Fitting Finger Knife, Multifunctional Thumb Knife, Vegetable Knive",2.0,0,0
exp_20260721T221632Z_271aa975,72711ada,crowd_subject_10,crowd_subject_10,crowd,inline_late,a_imp_4,implicit,late,swt_pet_decision_and_setup,Informational,inline_persuasive,1,2,6.666666666666667,6.666666666666667,6.0,6.333333333333333,4.666666666666667,6.0,7.0,6.0,6.5,7.0,6.0,6.0,7.0,6.5,6.0,1.0,1.0,7.0,6.0,1.0,3.0,7.0,6.0,1.0,6.0,6.0,5.0,5.0,4.0,288.974496,56.0,4,4,68.0,65.0,272.0,12.25,12.5,412.0,378.5,62634.86614574989,63876.87498703599,3,2242.05,4,1,1,1,0,1,B0BRNQ8ZTF,"Pronetcus Betta Fish Tank, 2.3 Gallon Glass Aquarium, Small Fish Tank with Filter and Light Starter Kits, for Betta Fish, Shrimp, Goldfish.",4.0,0,0
exp_20260721T221632Z_271aa975,72711ada,crowd_subject_10,crowd_subject_10,crowd,no_ads,a_none,none,none,swt_fitness_restart,Social,,0,1,6.333333333333333,6.0,5.333333333333333,6.0,4.666666666666667,6.0,5.0,6.0,6.5,6.0,7.0,6.0,7.0,6.5,5.0,1.0,1.0,6.0,5.0,1.0,3.0,5.0,6.0,1.0,5.0,6.0,6.0,6.0,6.0,369.648567,101.0,4,4,91.5,92.5,366.0,15.25,15.5,492.5,479.0,77201.79063330095,77012.37588375807,3,2039.55,4,0,0,0,0,0,,,,0,0
exp_20260721T235527Z_c6d39ba6,93090c74,crowd_subject_11,crowd_subject_11,crowd,block_early,a_exp_2,explicit,early,swt_study_environment,Transactional,explicit_ad_block,1,2,7.0,5.0,4.666666666666667,4.666666666666667,4.0,5.0,7.0,7.0,7.0,7.0,7.0,7.0,7.0,7.0,7.0,1.0,1.0,7.0,1.0,1.0,1.0,1.0,6.0,2.0,7.0,1.0,6.0,3.0,5.0,159.120051,67.0,4,4,97.5,39.0,390.0,18.25,6.5,478.5,412.0,24990.764145428937,30803.006248548627,3,2162.5,4,1,1,1,0,1,B0BY8TYL44,"Mesh Office Chair with Adjustable Lumbar Support, Breathable Ergonomic Office Desk Chair, Home Office Chair with Flip Up Armrests Computer Chair with Wheels(Grey)",2.0,0,0
exp_20260721T235527Z_c6d39ba6,93090c74,crowd_subject_11,crowd_subject_11,crowd,block_late,a_exp_4,explicit,late,swt_pet_decision_and_setup,Informational,explicit_ad_block,3,4,6.666666666666667,6.666666666666667,6.333333333333333,7.0,6.0,5.0,7.0,6.0,7.0,7.0,7.0,6.0,7.0,6.5,6.0,1.0,1.0,7.0,6.0,1.0,3.0,7.0,7.0,1.0,7.0,7.0,7.0,6.0,3.0,131.876892,77.0,4,4,79.5,24.0,318.0,14.75,4.5,654.5,650.5,10943.463632836938,6376.057563349605,3,2871.3999999999996,4,1,1,1,0,1,B0BTVF8XG8,"Reptile Hide - Resin Amphibian Hideouts Cave Size 2.36"" x 1.26"", Baking Platforms Step Ledge Ramps Habitat for Turtles Bearded Dragon Lizards Snakes Crab Gecko Leopard Spider Fish",4.0,0,0
exp_20260721T235527Z_c6d39ba6,93090c74,crowd_subject_11,crowd_subject_11,crowd,inline_early,a_imp_2,implicit,early,swt_laptop_budget,Transactional,inline_persuasive,0,1,7.0,7.0,7.0,4.666666666666667,5.666666666666667,7.0,7.0,7.0,4.0,7.0,1.0,4.0,4.0,4.0,7.0,1.0,1.0,7.0,7.0,1.0,1.0,7.0,7.0,2.0,7.0,1.0,7.0,7.0,5.0,173.950941,70.0,4,4,85.5,27.5,342.0,16.0,5.5,954.5,834.5,26635.607740531366,27082.389192655683,3,3502.0,4,1,1,1,0,1,B0BYJ8Z7FX,"ASUS 2023 Newest Vivobook Go 15 Laptop, 15.6” FHD Display, Intel Celeron N4020 Processor, 4GB RAM, 64GB eMMC, 256GB SD Card, Ultra Thin, Wi-Fi, Long Battery Life, Windows 11 Home in S Mode, Black",2.0,0,0
exp_20260721T235527Z_c6d39ba6,93090c74,crowd_subject_11,crowd_subject_11,crowd,inline_late,a_imp_4,implicit,late,swt_fitness_restart,Social,inline_persuasive,2,3,7.0,6.666666666666667,5.666666666666667,6.666666666666667,5.666666666666667,7.0,7.0,3.0,7.0,7.0,7.0,6.0,7.0,6.5,7.0,1.0,1.0,7.0,7.0,2.0,1.0,7.0,3.0,2.0,7.0,7.0,7.0,4.0,2.0,150.971984,61.0,4,4,97.0,46.5,388.0,18.25,8.0,666.75,746.0,20485.602992276352,22360.868141055107,3,2923.75,4,1,1,1,0,1,B0BWYZJ5YF,"Pelvic Floor Strengthening Devices with APP, Pelvic Floor Tightening and Strengthen Bladder,Wireless Pelvic Floor Exerciser for Beginners to Advanced",4.0,0,0
exp_20260721T235527Z_c6d39ba6,93090c74,crowd_subject_11,crowd_subject_11,crowd,no_ads,a_none,none,none,swt_gardening_birthday_gift,Social,,0,0,7.0,6.333333333333333,4.666666666666667,7.0,4.666666666666667,7.0,5.0,5.0,4.5,7.0,2.0,5.0,4.0,4.5,7.0,1.0,1.0,7.0,6.0,2.0,2.0,7.0,1.0,1.0,7.0,7.0,6.0,7.0,7.0,161.029895,58.0,4,4,92.5,71.0,370.0,18.75,14.0,447.0,472.5,29527.782964830596,27030.739568173885,3,2160.55,4,0,0,0,0,0,,,,0,0
exp_20260722T220745Z_e35b5213,245ff985,crowd_subject_13,crowd_subject_13,crowd,block_early,a_exp_2,explicit,early,swt_fitness_restart,Social,explicit_ad_block,0,0,7.0,7.0,6.0,6.666666666666667,6.666666666666667,5.0,2.0,4.0,4.5,3.0,6.0,2.0,2.0,2.0,7.0,1.0,1.0,7.0,7.0,1.0,1.0,7.0,4.0,2.0,7.0,7.0,7.0,7.0,2.0,188.283368,58.0,4,4,104.75,93.5,419.0,22.5,18.5,488.0,455.0,35576.14650887748,24844.42221559584,3,2234.25,4,1,1,1,0,1,B0C3951SHN,"FUNMILY Exercise Workout Bands for Home Fitness, Strength Training, Physical Therapy",2.0,0,0
exp_20260722T220745Z_e35b5213,245ff985,crowd_subject_13,crowd_subject_13,crowd,block_late,a_exp_4,explicit,late,swt_gardening_birthday_gift,Social,explicit_ad_block,1,2,5.666666666666667,2.0,2.0,1.6666666666666667,1.6666666666666667,3.0,1.0,1.0,7.0,7.0,7.0,7.0,7.0,7.0,3.0,1.0,1.0,3.0,1.0,6.0,6.0,2.0,2.0,6.0,1.0,2.0,2.0,1.0,6.0,224.878731,68.0,4,4,110.25,84.0,441.0,22.0,17.5,490.0,490.0,39802.741115291916,37674.01963472366,3,2296.95,4,1,1,1,0,1,B0BRPYJH8B,"IRONMAX Garden Kneeler and Seat, Heavy Duty Foldable Gardening Bench Stool w/Soft Foam Pad & Tool Storage Bag for Kneeling & Sitting, Gardening Gifts for Women Men",4.0,0,0
exp_20260722T220745Z_e35b5213,245ff985,crowd_subject_13,crowd_subject_13,crowd,inline_early,a_imp_2,implicit,early,swt_pet_decision_and_setup,Informational,inline_persuasive,0,1,4.666666666666667,3.6666666666666665,4.666666666666667,5.333333333333333,6.0,6.0,1.0,1.0,1.0,1.0,1.0,1.0,1.0,1.0,2.0,3.0,1.0,4.0,3.0,4.0,1.0,6.0,1.0,3.0,5.0,6.0,4.0,7.0,1.0,285.610174,72.0,4,4,145.25,141.0,581.0,30.5,31.5,930.0,884.0,58509.41302999854,57873.580761253834,3,3158.6000000000004,4,1,1,1,0,1,B0BZRS4MLG,"Bunny Grass House - Hand Crafted Natural Rabbit Hideout & Nesting Box, Foldable & Comfortable Bed Cage for Small Animals, Hamster, Guinea Pig, Chinchilla, Hedgehog (Medium - Suit for 1 Adult Rabbit)",2.0,0,0
exp_20260722T220745Z_e35b5213,245ff985,crowd_subject_13,crowd_subject_13,crowd,inline_late,a_imp_4,implicit,late,swt_study_environment,Transactional,inline_persuasive,3,4,7.0,7.0,5.666666666666667,7.0,7.0,7.0,3.0,3.0,3.5,6.0,1.0,1.0,1.0,1.0,7.0,1.0,1.0,7.0,7.0,1.0,1.0,7.0,3.0,1.0,7.0,7.0,7.0,7.0,1.0,419.155727,155.0,4,4,210.25,150.0,841.0,36.25,28.0,1426.0,1365.5,70959.8546680063,71686.53391674161,3,4207.299999999999,4,1,1,1,0,1,B0BWS9PW98,"VIVO Premium Aluminum Heavy Duty Monitor Arm for Ultrawide Monitors up to 49 inches and 33 lbs, Single Desk Mount Stand, Pneumatic Height, Max VESA 100x100, White, STAND-V101G1W",4.0,0,0
exp_20260722T220745Z_e35b5213,245ff985,crowd_subject_13,crowd_subject_13,crowd,no_ads,a_none,none,none,swt_laptop_budget,Transactional,,2,3,7.0,7.0,6.0,7.0,7.0,7.0,2.0,2.0,4.0,7.0,1.0,1.0,1.0,1.0,7.0,1.0,1.0,7.0,7.0,1.0,1.0,7.0,4.0,1.0,7.0,7.0,7.0,7.0,1.0,349.039846,131.0,4,4,144.0,83.5,576.0,28.5,17.0,1525.25,1392.0,54375.204222897686,45774.130487814546,3,4995.95,4,0,0,0,0,0,,,,0,0
exp_20260726T162111Z_1f575f3c,2eda2fc5,crowd_subject_14,crowd_subject_14,crowd,block_early,a_exp_2,explicit,early,swt_gardening_birthday_gift,Social,explicit_ad_block,0,1,6.333333333333333,6.333333333333333,5.0,6.666666666666667,5.333333333333333,7.0,5.0,4.0,7.0,7.0,7.0,4.0,2.0,3.0,7.0,2.0,2.0,5.0,7.0,1.0,2.0,6.0,3.0,2.0,7.0,7.0,7.0,3.0,2.0,164.103379,24.0,4,4,80.25,86.0,321.0,15.0,15.0,387.0,426.0,38051.08059818546,43783.425983041525,3,2124.45,0,1,0,0,0,1,B0BXJWH4KL,"Dope Clips, Premium Gardening Scissors, Stainless Steel Non Stick Blade, Flowers, Bud, Pruning,Arts and Craft, Sharp Scissors, Perecision Scissors, Easy Grip, Easy cleaning.",2.0,0,0
exp_20260726T162111Z_1f575f3c,2eda2fc5,crowd_subject_14,crowd_subject_14,crowd,block_late,a_exp_4,explicit,late,swt_pet_decision_and_setup,Informational,explicit_ad_block,0,0,6.0,6.333333333333333,5.666666666666667,5.666666666666667,5.0,7.0,5.0,3.0,1.0,1.0,1.0,1.0,2.0,1.5,7.0,2.0,3.0,7.0,7.0,3.0,2.0,6.0,5.0,2.0,5.0,6.0,6.0,4.0,3.0,266.054761,15.0,4,4,106.25,117.5,425.0,19.75,22.5,741.75,879.0,46999.68688065807,45326.34975388646,3,3398.75,0,1,0,0,0,1,B0BRSRK8XX,3 Pcs Large Reptile Water Dish Feeding Reptile Food Dish with Reptile Hides and Caves Tortoise Hideout Lizard Rock Hideout Tortoise Habitat Accessories for Geckos Spiders Snakes Hermits Turtles Crabs,4.0,0,0
exp_20260726T162111Z_1f575f3c,2eda2fc5,crowd_subject_14,crowd_subject_14,crowd,inline_early,a_imp_2,implicit,early,swt_study_environment,Transactional,inline_persuasive,2,3,5.666666666666667,3.6666666666666665,3.3333333333333335,4.0,4.333333333333333,4.0,3.0,5.0,5.0,6.0,4.0,7.0,5.0,6.0,5.0,2.0,2.0,4.0,5.0,6.0,6.0,4.0,4.0,5.0,4.0,5.0,7.0,4.0,6.0,203.273946,60.0,4,4,61.25,52.5,245.0,11.0,9.5,809.0,964.5,41354.65240354339,34166.408309713006,3,3104.1000000000004,0,1,0,0,0,1,B0C2Z5C8TM,"LETTON Colorful Adjustable Laptop Stand, Handy Laptop Riser, Aluminum Laptop Stand for Desk Foldable, Ergonomic Computer Notebook Stand Holder for MacBook Air Pro, Dell XPS, HP (9.7-16”) -Pink",2.0,0,0
exp_20260726T162111Z_1f575f3c,2eda2fc5,crowd_subject_14,crowd_subject_14,crowd,inline_late,a_imp_4,implicit,late,swt_fitness_restart,Social,inline_persuasive,3,4,6.0,5.333333333333333,4.666666666666667,6.333333333333333,2.6666666666666665,4.0,2.0,3.0,7.0,7.0,7.0,5.0,6.0,5.5,4.0,1.0,1.0,4.0,5.0,1.0,1.0,5.0,2.0,2.0,6.0,7.0,4.0,2.0,6.0,244.155128,67.0,4,4,105.0,105.0,420.0,20.0,19.5,789.25,730.0,51850.40089301765,54879.821525886655,3,2844.45,0,1,0,0,0,1,B0BW8F24Q4,"Abs Muscle, Muscle Toner, Portable Muscle Trainer, Fitness Equipment, USB Rechargeable Gear for Abdomen, Arm, Leg, Workout Equipment for Men and Woman, 10 Pcs Free Gel Pads",4.0,0,0
exp_20260726T162111Z_1f575f3c,2eda2fc5,crowd_subject_14,crowd_subject_14,crowd,no_ads,a_none,none,none,swt_laptop_budget,Transactional,,1,2,3.3333333333333335,4.0,4.0,4.333333333333333,6.333333333333333,5.0,4.0,5.0,4.0,7.0,1.0,5.0,4.0,4.5,4.0,5.0,5.0,5.0,3.0,4.0,6.0,7.0,3.0,5.0,5.0,5.0,7.0,7.0,3.0,432.946024,74.0,4,4,104.75,91.5,419.0,20.5,17.5,2399.25,2277.5,86468.89057507117,83793.68577897549,3,7687.950000000001,0,0,0,0,0,0,,,,0,0
exp_20260726T171647Z_dba5fd47,a4b9abea,crowd_subject_15,crowd_subject_15,crowd,block_early,a_exp_2,explicit,early,swt_fitness_restart,Social,explicit_ad_block,3,4,6.0,4.333333333333333,4.333333333333333,4.0,5.666666666666667,4.0,3.0,2.0,7.0,7.0,7.0,7.0,3.0,5.0,4.0,1.0,1.0,4.0,4.0,3.0,1.0,4.0,2.0,4.0,4.0,4.0,6.0,5.0,2.0,522.109292,94.0,4,4,94.25,59.0,377.0,18.5,10.0,502.5,573.5,136915.102697288,44310.78538298607,3,2339.7,0,1,0,0,0,1,B0BYN296RQ,"HMGAQNP Tricycle for Adults/Seniors 3 Wheel Bikes with Large Size Basket and Back Seat, 21 Inch Three-Wheeles Cruise Bicycles Bike for Parent-Child Recreation, Shopping, Exercise",2.0,0,0
exp_20260726T171647Z_dba5fd47,a4b9abea,crowd_subject_15,crowd_subject_15,crowd,block_late,a_exp_4,explicit,late,swt_study_environment,Transactional,explicit_ad_block,2,3,7.0,7.0,5.666666666666667,6.666666666666667,6.666666666666667,7.0,7.0,5.0,6.5,6.0,7.0,3.0,1.0,2.0,7.0,1.0,1.0,7.0,7.0,1.0,1.0,7.0,3.0,2.0,7.0,7.0,6.0,7.0,1.0,672.332261,62.0,4,4,50.25,51.0,201.0,8.75,8.0,721.5,757.0,188758.27401938537,67915.68763926625,3,2605.5,0,1,0,0,0,1,B093SR67RD,momAgenda Desktop 2023/24 Spiral Day Planner | July 2023 - December 2024 |Innovative Planning System Daily Monthly Unique Week-At-A-View Layout. Weekly Inspirational Quotes Included. (Botanical Garden),4.0,0,0
exp_20260726T171647Z_dba5fd47,a4b9abea,crowd_subject_15,crowd_subject_15,crowd,inline_early,a_imp_2,implicit,early,swt_laptop_budget,Transactional,inline_persuasive,1,2,6.0,5.333333333333333,3.0,5.666666666666667,3.0,4.0,4.0,3.0,7.0,7.0,7.0,7.0,6.0,6.5,5.0,2.0,1.0,5.0,5.0,2.0,4.0,4.0,1.0,2.0,6.0,5.0,3.0,3.0,5.0,625.274412,36.0,4,4,70.5,65.5,282.0,14.0,13.0,1284.5,1273.5,180163.36495056748,85331.20411634445,3,4900.049999999999,0,1,0,0,0,1,B0CF27VT5J,"Lenovo Legion 5 15.6"" Gaming Laptop 120Hz Ryzen 5-4600H 8GB RAM 512GB SSD GTX 1660 Ti 6GB - 120 Hz Refresh Rate",2.0,0,0
exp_20260726T171647Z_dba5fd47,a4b9abea,crowd_subject_15,crowd_subject_15,crowd,inline_late,a_imp_4,implicit,late,swt_pet_decision_and_setup,Informational,inline_persuasive,0,0,7.0,6.666666666666667,5.0,7.0,6.0,6.0,5.0,2.0,4.0,5.0,3.0,5.0,4.0,4.5,7.0,1.0,1.0,7.0,6.0,1.0,1.0,6.0,2.0,1.0,7.0,7.0,5.0,6.0,1.0,323.712109,64.0,4,4,69.5,65.5,278.0,14.5,14.5,863.75,862.5,66968.80973999698,67251.69320032,3,3173.7,0,1,0,0,0,1,B0BWR9XT9T,"Pet Playpen, Puppy Potty Training Indoor Fence Portable Metal Wire Yard Small Animal Exercise Pen Kennel for Small-Sized Dog, Puppy, Rabbit, Guinea Pigs, Turtle,Ferret (White)",4.0,0,0
exp_20260726T171647Z_dba5fd47,a4b9abea,crowd_subject_15,crowd_subject_15,crowd,no_ads,a_none,none,none,swt_gardening_birthday_gift,Social,,0,1,7.0,6.333333333333333,5.666666666666667,6.0,6.333333333333333,6.0,5.0,6.0,1.0,1.0,1.0,1.0,1.0,1.0,7.0,1.0,1.0,6.0,6.0,1.0,1.0,6.0,4.0,2.0,6.0,6.0,6.0,7.0,2.0,167.646463,45.0,4,4,50.0,52.5,200.0,9.75,10.0,391.5,367.5,30811.725541949272,23063.996601849794,3,2113.25,0,0,0,0,0,0,,,,0,0
exp_20260726T183534Z_b8b0b3c4,2606d905,crowd_subject_16,crowd_subject_16,crowd,block_early,a_exp_2,explicit,early,swt_fitness_restart,Social,explicit_ad_block,1,2,7.0,7.0,7.0,7.0,7.0,7.0,7.0,6.0,7.0,7.0,7.0,5.0,4.0,4.5,7.0,1.0,1.0,7.0,7.0,1.0,1.0,7.0,7.0,1.0,7.0,7.0,7.0,7.0,1.0,323.71295,72.0,4,4,101.75,87.5,407.0,18.5,17.0,1075.25,962.5,70031.98612915973,58578.722240403295,3,3180.3500000000004,0,1,0,0,0,1,B0C3HBGHFY,"Ugnxery Adjustable Dumbbells Set, Hand Weights Set with 4 Adjustable Weights 2lb 3lb 4lb 5lb, Adjustable Weight Dumbbells for Women/Men Home Gym Fitness Workout Strength Training",2.0,0,0
exp_20260726T183534Z_b8b0b3c4,2606d905,crowd_subject_16,crowd_subject_16,crowd,block_late,a_exp_4,explicit,late,swt_laptop_budget,Transactional,explicit_ad_block,0,0,7.0,7.0,6.666666666666667,7.0,6.666666666666667,7.0,7.0,6.0,7.0,7.0,7.0,2.0,1.0,1.5,7.0,1.0,1.0,7.0,7.0,1.0,1.0,7.0,6.0,1.0,7.0,7.0,6.0,7.0,1.0,402.398799,86.0,4,4,91.75,92.5,367.0,17.0,17.5,1326.5,1312.0,75117.29653303821,68448.55604879558,3,4633.45,0,1,0,0,0,1,B0BSG5B2SZ,"HP Elite Dragonfly G3 13.5"" Touchscreen Notebook - WUXGA+ - 1920 x 1280 - Intel Core i7 12th Gen i7-1255U Deca-core (10 Core) 1.70 GHz - 16 GB Total RAM - 16 GB On-Board Memory - 768 GB SSD - SLA",4.0,0,0
exp_20260726T183534Z_b8b0b3c4,2606d905,crowd_subject_16,crowd_subject_16,crowd,inline_early,a_imp_2,implicit,early,swt_study_environment,Transactional,inline_persuasive,0,1,7.0,7.0,6.0,7.0,5.333333333333333,6.0,6.0,5.0,7.0,7.0,7.0,7.0,6.0,6.5,7.0,1.0,1.0,7.0,7.0,1.0,1.0,6.0,5.0,1.0,7.0,7.0,5.0,5.0,2.0,288.782135,79.0,4,4,64.0,55.0,256.0,10.75,10.0,701.75,651.0,54156.93028147022,59935.09553000331,3,2373.55,0,1,0,0,0,1,B0BTRKZ6NH,"Sweetcrispy Task Swivel Rolling Lumbar Support/Flip-up Arms, Study, Bedroom Adjustable Height Home Office Desk Ergonomic Mesh Computer Chair, Grey",2.0,0,0
exp_20260726T183534Z_b8b0b3c4,2606d905,crowd_subject_16,crowd_subject_16,crowd,inline_late,a_imp_4,implicit,late,swt_gardening_birthday_gift,Social,inline_persuasive,3,4,6.666666666666667,6.333333333333333,6.0,6.666666666666667,6.333333333333333,6.0,5.0,5.0,6.5,7.0,6.0,7.0,7.0,7.0,6.0,1.0,1.0,6.0,6.0,1.0,1.0,6.0,5.0,1.0,6.0,7.0,6.0,6.0,1.0,301.633403,62.0,4,4,87.5,91.0,350.0,16.25,16.5,555.5,436.5,62876.08991314968,73329.38882149756,3,2224.8500000000004,0,1,0,0,0,1,B0BRZSD1CZ,"Generic Weeding Rake Agricultural Tools Flower Beds Gardening Hoe for Gardening Gardening Gifts, 7 Tooth",4.0,0,0
exp_20260726T183534Z_b8b0b3c4,2606d905,crowd_subject_16,crowd_subject_16,crowd,no_ads,a_none,none,none,swt_pet_decision_and_setup,Informational,,2,3,7.0,7.0,6.666666666666667,7.0,7.0,7.0,7.0,6.0,1.0,1.0,1.0,1.0,1.0,1.0,7.0,1.0,1.0,7.0,7.0,1.0,1.0,7.0,6.0,1.0,7.0,7.0,7.0,7.0,1.0,303.795841,112.0,4,4,92.25,85.5,369.0,18.5,17.0,527.0,504.0,47303.126687183976,42986.16664484143,3,2497.55,0,0,0,0,0,0,,,,0,0
exp_20260726T195550Z_05bbe585,a5c22768,crowd_subject_18_unfocused,crowd_subject_18_unfocused,crowd,block_early,a_exp_2,explicit,early,swt_laptop_budget,Transactional,explicit_ad_block,1,2,5.666666666666667,6.333333333333333,6.0,4.666666666666667,5.0,6.0,6.0,6.0,7.0,7.0,7.0,7.0,6.0,6.5,6.0,1.0,4.0,7.0,6.0,2.0,2.0,6.0,6.0,4.0,4.0,6.0,6.0,6.0,5.0,65.804653,10.0,4,4,34.75,32.0,139.0,6.5,6.0,554.75,527.5,12905.605412398776,11677.411280572414,3,2559.8,0,1,0,0,0,1,B0BTP89WZ8,"Windows 11 Laptop,13.5 Inch Celeron N4120 Quad core, 8GB RAM+256GB SSD, Thin & Light Notebook PC,3000x2000 3K IPS Panel, WPS for Bussiness and Colleague,Gray",2.0,0,0
exp_20260726T195550Z_05bbe585,a5c22768,crowd_subject_18_unfocused,crowd_subject_18_unfocused,crowd,block_late,a_exp_4,explicit,late,swt_fitness_restart,Social,explicit_ad_block,3,4,6.666666666666667,4.666666666666667,6.0,5.333333333333333,5.0,6.0,6.0,7.0,7.0,7.0,7.0,7.0,4.0,5.5,6.0,1.0,1.0,6.0,6.0,6.0,4.0,7.0,7.0,2.0,4.0,6.0,4.0,7.0,4.0,88.711451,17.0,4,4,44.25,44.0,177.0,8.75,9.0,457.5,519.0,18950.901619469125,22254.774298518896,3,2275.45,0,1,0,0,0,1,B0BRSFFW5P,"Arm Back Shoulder Exercise Elastic Rope Stretch Fitness Band, Foot, Leg, Hand Stretcher, Arm Exerciser for Yoga Pilates Stretching Physical Therapy, Home Gym Workout",4.0,0,0
exp_20260726T195550Z_05bbe585,a5c22768,crowd_subject_18_unfocused,crowd_subject_18_unfocused,crowd,inline_early,a_imp_2,implicit,early,swt_pet_decision_and_setup,Informational,inline_persuasive,0,0,6.0,6.666666666666667,6.0,5.333333333333333,4.333333333333333,7.0,7.0,5.0,2.5,3.0,2.0,2.0,7.0,4.5,7.0,2.0,3.0,7.0,7.0,2.0,2.0,6.0,6.0,5.0,7.0,6.0,7.0,2.0,4.0,106.094459,32.0,4,4,64.75,66.0,259.0,11.5,13.0,691.25,650.5,18208.533176531393,16628.97222302854,3,2561.5,0,1,0,0,0,1,B0BVC4MGM8,"Dog Harness and Leash Set – Escape Proof Cat & Dog Harness & Leash for Training Bulldog, No Pull Mesh Design Adjustable Puppy Vest Harness, Soft & Heavy Duty Harness for Pet (Red, Medium)",2.0,0,0
exp_20260726T195550Z_05bbe585,a5c22768,crowd_subject_18_unfocused,crowd_subject_18_unfocused,crowd,inline_late,a_imp_4,implicit,late,swt_study_environment,Transactional,inline_persuasive,2,3,4.333333333333333,4.0,5.666666666666667,5.0,3.0,6.0,5.0,4.0,1.5,2.0,1.0,1.0,5.0,3.0,6.0,6.0,3.0,5.0,4.0,5.0,3.0,7.0,5.0,4.0,6.0,5.0,4.0,2.0,5.0,71.213124,18.0,4,4,57.5,56.0,230.0,9.0,9.0,452.5,457.0,12981.276111056408,11789.971340447664,3,2091.7,0,1,0,0,0,1,B0BRMZXCR2,"2 Pack Under Desk Cable Management Tray - 31.5in Desk Cord Organizer for Wire Management Tray, No Screw No Drill Cable Raceway for Standing Desk, Large Rack, Black Raceway Tray",4.0,0,0
exp_20260726T195550Z_05bbe585,a5c22768,crowd_subject_18_unfocused,crowd_subject_18_unfocused,crowd,no_ads,a_none,none,none,swt_gardening_birthday_gift,Social,,0,1,5.666666666666667,4.666666666666667,5.0,3.6666666666666665,3.6666666666666665,7.0,5.0,6.0,5.5,5.0,6.0,5.0,5.0,5.0,7.0,3.0,3.0,6.0,5.0,5.0,6.0,6.0,7.0,6.0,3.0,6.0,4.0,5.0,6.0,68.176312,16.0,4,4,45.0,47.5,180.0,8.75,9.0,313.75,330.0,13703.080737342438,14832.76468142867,3,1791.0,0,0,0,0,0,0,,,,0,0
exp_20260726T204033Z_24ec0dc4,17b9b532,crowd_subject_19,crowd_subject_19,crowd,block_early,a_exp_2,explicit,early,swt_laptop_budget,Transactional,explicit_ad_block,3,4,6.666666666666667,6.666666666666667,5.666666666666667,6.333333333333333,4.666666666666667,5.0,4.0,4.0,6.5,7.0,6.0,6.0,5.0,5.5,6.0,1.0,1.0,6.0,7.0,1.0,2.0,6.0,5.0,1.0,6.0,6.0,5.0,5.0,4.0,128.108259,37.0,4,4,46.75,49.5,187.0,9.25,9.0,1376.75,1226.5,17194.9215605855,15067.53957644105,3,4377.65,0,1,0,0,0,1,B0CG29QGCJ,"Lenovo Slim 7 Prox 14.5"" 3K Laptop AMD Ryzen 9 6900HS Creator Edition (3.30GHz, up to 4.90GHz) NVIDIA GeForce RTX 3050 32GB Ram 1TB Solid State Drive Windows 11 Home",2.0,0,0
exp_20260726T204033Z_24ec0dc4,17b9b532,crowd_subject_19,crowd_subject_19,crowd,block_late,a_exp_4,explicit,late,swt_gardening_birthday_gift,Social,explicit_ad_block,2,3,6.666666666666667,6.333333333333333,4.666666666666667,5.666666666666667,3.0,4.0,5.0,4.0,7.0,7.0,7.0,7.0,6.0,6.5,6.0,1.0,1.0,6.0,6.0,1.0,3.0,5.0,4.0,2.0,6.0,5.0,4.0,3.0,6.0,116.910739,25.0,4,4,37.0,35.5,148.0,7.0,7.5,327.0,256.5,23544.43725384772,21830.192195251584,3,1846.3000000000002,0,1,0,0,0,1,B0BXJWH4KL,"Dope Clips, Premium Gardening Scissors, Stainless Steel Non Stick Blade, Flowers, Bud, Pruning,Arts and Craft, Sharp Scissors, Perecision Scissors, Easy Grip, Easy cleaning.",4.0,0,0
exp_20260726T204033Z_24ec0dc4,17b9b532,crowd_subject_19,crowd_subject_19,crowd,inline_early,a_imp_2,implicit,early,swt_study_environment,Transactional,inline_persuasive,0,0,6.0,6.333333333333333,5.0,6.666666666666667,5.0,5.0,5.0,3.0,4.0,6.0,2.0,3.0,4.0,3.5,6.0,2.0,2.0,6.0,6.0,1.0,2.0,6.0,3.0,1.0,7.0,6.0,5.0,5.0,3.0,138.499579,26.0,4,4,90.25,84.5,361.0,16.25,16.5,921.25,904.5,29814.514099930722,20817.194052040577,3,2995.05,0,1,0,0,0,1,B0BZW3CKYM,"Marsail L Shaped Electric Standing Desk, 55x34 Inch Standing Desk Adjustable Height with Headphone Hook, Large Computer Desk Sit Stand Desk for Home Office Sturdy Writing Workstation",2.0,0,0
exp_20260726T204033Z_24ec0dc4,17b9b532,crowd_subject_19,crowd_subject_19,crowd,inline_late,a_imp_4,implicit,late,swt_pet_decision_and_setup,Informational,inline_persuasive,1,2,6.666666666666667,6.0,5.333333333333333,5.666666666666667,4.333333333333333,4.0,5.0,4.0,5.5,6.0,5.0,6.0,3.0,4.5,6.0,1.0,1.0,6.0,6.0,2.0,2.0,5.0,5.0,2.0,5.0,6.0,5.0,5.0,5.0,122.221221,32.0,4,4,55.5,54.0,222.0,10.5,11.0,490.0,486.5,21696.152819941442,21558.4371201694,3,2437.45,0,1,0,0,0,1,B0BRSRK8XX,3 Pcs Large Reptile Water Dish Feeding Reptile Food Dish with Reptile Hides and Caves Tortoise Hideout Lizard Rock Hideout Tortoise Habitat Accessories for Geckos Spiders Snakes Hermits Turtles Crabs,4.0,0,0
exp_20260726T204033Z_24ec0dc4,17b9b532,crowd_subject_19,crowd_subject_19,crowd,no_ads,a_none,none,none,swt_fitness_restart,Social,,0,1,6.666666666666667,6.333333333333333,5.666666666666667,6.333333333333333,5.333333333333333,6.0,5.0,3.0,1.0,1.0,1.0,1.0,1.0,1.0,6.0,1.0,1.0,6.0,6.0,1.0,1.0,6.0,4.0,1.0,5.0,7.0,5.0,6.0,3.0,147.67632,50.0,4,4,97.25,73.0,389.0,19.25,14.5,643.75,624.0,23419.745532795787,17262.482434511185,3,2357.1,0,0,0,0,0,0,,,,0,0
exp_20260713T130843Z_e9a090f1,e3135307,crowd_subject_2,crowd_subject_2,crowd,block_early,a_exp_2,explicit,early,swt_gardening_birthday_gift,Social,explicit_ad_block,3,4,7.0,7.0,7.0,7.0,7.0,7.0,7.0,7.0,7.0,7.0,7.0,1.0,1.0,1.0,7.0,1.0,1.0,7.0,7.0,1.0,1.0,7.0,7.0,1.0,7.0,7.0,7.0,7.0,1.0,230.003063,108.0,4,4,92.0,48.5,368.0,17.25,10.0,404.5,376.0,32870.755491157375,37922.313418239355,3,2089.7,0,1,0,0,0,1,B0BX6B488D,"Pruning shears,3Pcs Pink Garden Scissors,Stainless Steel Sharp Blade Gardening Trimming Floral Shears Scissors Pruners for Cutting Flowers,Trimming Plants,Bonsai,Picking Fruits",2.0,0,0
exp_20260713T130843Z_e9a090f1,e3135307,crowd_subject_2,crowd_subject_2,crowd,block_late,a_exp_4,explicit,late,swt_pet_decision_and_setup,Informational,explicit_ad_block,2,3,7.0,7.0,6.333333333333333,7.0,7.0,1.0,7.0,4.0,7.0,7.0,7.0,1.0,1.0,1.0,7.0,1.0,1.0,7.0,7.0,1.0,1.0,7.0,5.0,1.0,7.0,7.0,7.0,7.0,1.0,171.389477,54.0,4,4,77.0,65.0,308.0,17.25,15.5,367.5,343.0,27666.866488133866,25056.87535367906,3,2063.7,0,1,0,0,0,1,B0C2953KXN,BCOATH Flat Fish Tank Hydroponic Planter Glass Aquarium Glass Hydroponic Bowl Glass Vase Water Plant Vase Glass Betta Tank Fish Supplies Fish Accessories Betta Fish Household Products,4.0,0,0
exp_20260713T130843Z_e9a090f1,e3135307,crowd_subject_2,crowd_subject_2,crowd,inline_early,a_imp_2,implicit,early,swt_fitness_restart,Social,inline_persuasive,1,2,7.0,6.333333333333333,6.333333333333333,6.666666666666667,5.0,7.0,1.0,1.0,4.0,7.0,1.0,1.0,1.0,1.0,7.0,1.0,1.0,5.0,7.0,1.0,1.0,7.0,5.0,2.0,7.0,7.0,7.0,1.0,1.0,164.668929,45.0,4,4,144.25,56.0,577.0,25.5,11.5,301.25,318.0,32192.28346894185,27092.07432717085,3,1931.2,0,1,0,0,0,1,B0BZK1X47N,"Resistance Bands for Working Out, Exercise Workout Bands Set for Working Out with Handles, Home Gym Equipment, Physical Therapy Fitness Band, Strength Training Equipment, Resistance Band, Gym Bag",2.0,0,0
exp_20260713T130843Z_e9a090f1,e3135307,crowd_subject_2,crowd_subject_2,crowd,inline_late,a_imp_4,implicit,late,swt_study_environment,Transactional,inline_persuasive,0,1,7.0,7.0,6.333333333333333,7.0,5.0,7.0,4.0,1.0,4.0,7.0,1.0,1.0,1.0,1.0,7.0,1.0,1.0,7.0,7.0,1.0,1.0,7.0,5.0,1.0,7.0,7.0,1.0,7.0,1.0,256.823296,51.0,4,4,167.0,69.0,668.0,28.5,14.5,1583.5,1531.0,57670.69319076836,50899.68152530491,3,4422.6,0,1,0,0,0,1,B0BTRKZ6NH,"Sweetcrispy Task Swivel Rolling Lumbar Support/Flip-up Arms, Study, Bedroom Adjustable Height Home Office Desk Ergonomic Mesh Computer Chair, Grey",4.0,0,0
exp_20260713T130843Z_e9a090f1,e3135307,crowd_subject_2,crowd_subject_2,crowd,no_ads,a_none,none,none,swt_laptop_budget,Transactional,,0,0,6.666666666666667,5.333333333333333,5.0,7.0,6.666666666666667,7.0,4.0,1.0,4.0,7.0,1.0,1.0,1.0,1.0,6.0,1.0,1.0,5.0,4.0,1.0,1.0,7.0,1.0,1.0,7.0,7.0,6.0,7.0,1.0,155.685957,50.0,4,4,133.0,39.5,532.0,23.0,9.0,1704.5,1591.0,25013.495600471895,29378.7499666214,3,5441.35,0,0,0,0,0,0,,,,0,0
exp_20260726T211020Z_df2dfa1a,350c7111,crowd_subject_20,crowd_subject_20,crowd,block_early,a_exp_2,explicit,early,swt_fitness_restart,Social,explicit_ad_block,2,3,5.666666666666667,5.0,5.666666666666667,5.333333333333333,3.6666666666666665,5.0,5.0,5.0,4.5,2.0,7.0,3.0,4.0,3.5,5.0,2.0,2.0,5.0,5.0,3.0,2.0,5.0,6.0,2.0,5.0,5.0,5.0,3.0,5.0,101.789046,12.0,4,4,43.75,47.0,175.0,9.5,10.0,312.25,305.0,25067.621883004904,23967.944763600826,3,1836.3000000000002,0,1,0,0,0,1,B0C491VTDJ,Nike Women's Gymnastics Road Running Shoes,2.0,0,0
exp_20260726T211020Z_df2dfa1a,350c7111,crowd_subject_20,crowd_subject_20,crowd,block_late,a_exp_4,explicit,late,swt_gardening_birthday_gift,Social,explicit_ad_block,0,0,5.666666666666667,4.333333333333333,4.0,5.0,5.666666666666667,5.0,5.0,4.0,4.0,6.0,2.0,6.0,5.0,5.5,5.0,2.0,2.0,5.0,5.0,5.0,4.0,4.0,4.0,5.0,6.0,6.0,6.0,6.0,3.0,133.200295,36.0,4,4,50.75,46.5,203.0,10.25,9.5,309.25,314.0,22307.377707213163,16464.77516554296,3,1792.1,0,1,0,0,0,1,B0BX6B488D,"Pruning shears,3Pcs Pink Garden Scissors,Stainless Steel Sharp Blade Gardening Trimming Floral Shears Scissors Pruners for Cutting Flowers,Trimming Plants,Bonsai,Picking Fruits",4.0,0,0
exp_20260726T211020Z_df2dfa1a,350c7111,crowd_subject_20,crowd_subject_20,crowd,inline_early,a_imp_2,implicit,early,swt_laptop_budget,Transactional,inline_persuasive,0,1,5.0,4.0,4.0,5.0,2.6666666666666665,3.0,3.0,3.0,4.5,7.0,2.0,6.0,6.0,6.0,3.0,2.0,2.0,3.0,4.0,3.0,4.0,4.0,4.0,3.0,5.0,5.0,2.0,2.0,4.0,209.96919,52.0,4,4,43.0,34.5,172.0,8.25,6.5,631.25,613.5,39575.25880510608,37394.04461160302,3,2757.95,0,1,0,0,0,1,B0CG29QGCJ,"Lenovo Slim 7 Prox 14.5"" 3K Laptop AMD Ryzen 9 6900HS Creator Edition (3.30GHz, up to 4.90GHz) NVIDIA GeForce RTX 3050 32GB Ram 1TB Solid State Drive Windows 11 Home",2.0,0,0
exp_20260726T211020Z_df2dfa1a,350c7111,crowd_subject_20,crowd_subject_20,crowd,inline_late,a_imp_4,implicit,late,swt_pet_decision_and_setup,Informational,inline_persuasive,3,4,5.666666666666667,4.666666666666667,4.333333333333333,5.0,4.0,5.0,4.0,4.0,5.5,6.0,5.0,5.0,3.0,4.0,5.0,2.0,2.0,4.0,5.0,3.0,3.0,4.0,4.0,3.0,5.0,5.0,5.0,4.0,5.0,100.318979,17.0,4,4,37.5,32.5,150.0,8.5,7.0,281.5,307.0,18511.65950857103,14364.28326368332,3,1750.85,0,1,0,0,0,1,B0BW37DHC4,"WOPET Automatic Cat Feeder for Two Cats, Timed Pet Dry Food Dispenser for Cats and Small Dogs with 2 Stainless Bowl, Timer Setting, 1-6 Meals Daily, Dual Power Supply,10s Meal Call (Black)",4.0,0,0
exp_20260726T211020Z_df2dfa1a,350c7111,crowd_subject_20,crowd_subject_20,crowd,no_ads,a_none,none,none,swt_study_environment,Transactional,,1,2,6.0,6.333333333333333,5.333333333333333,6.0,6.0,6.0,5.0,4.0,1.5,2.0,1.0,1.0,1.0,1.0,6.0,2.0,2.0,7.0,6.0,2.0,2.0,5.0,5.0,2.0,6.0,6.0,6.0,6.0,2.0,154.338039,23.0,4,4,52.5,49.0,210.0,11.0,11.0,727.25,710.5,29454.55233938992,19438.27616237104,3,2889.45,0,0,0,0,0,0,,,,0,0
exp_20260726T214632Z_fad2e70f,1ad7f9bf,crowd_subject_21,crowd_subject_21,crowd,block_early,a_exp_2,explicit,early,swt_pet_decision_and_setup,Informational,explicit_ad_block,2,3,5.0,5.666666666666667,3.6666666666666665,5.0,3.3333333333333335,4.0,3.0,3.0,7.0,7.0,7.0,7.0,6.0,6.5,4.0,2.0,3.0,5.0,6.0,2.0,4.0,4.0,3.0,2.0,5.0,4.0,3.0,4.0,5.0,345.628134,141.0,4,4,209.25,121.0,837.0,41.25,23.5,1191.25,1227.0,60423.10107561449,47873.55747073889,3,4218.85,0,1,0,0,0,1,B0C7H3FN9T,"Lifeand 56.7''L Deluxe Multi-Level Rabbit Hutch with Weatherproof Design and Easy Cleaning, Ideal for Rabbits, Chicks, Guinea Pigs, and Hedgehogs, Gray+White…",2.0,0,0
exp_20260726T214632Z_fad2e70f,1ad7f9bf,crowd_subject_21,crowd_subject_21,crowd,block_late,a_exp_4,explicit,late,swt_gardening_birthday_gift,Social,explicit_ad_block,3,4,6.333333333333333,6.0,4.666666666666667,6.0,5.666666666666667,6.0,5.0,3.0,1.5,2.0,1.0,1.0,2.0,1.5,6.0,2.0,1.0,6.0,6.0,2.0,2.0,5.0,3.0,2.0,6.0,6.0,6.0,6.0,3.0,303.494776,142.0,4,4,203.25,174.0,813.0,37.5,34.5,568.25,635.5,47804.16328025361,47306.154139339924,3,2527.15,0,1,0,0,0,1,B0BX6B488D,"Pruning shears,3Pcs Pink Garden Scissors,Stainless Steel Sharp Blade Gardening Trimming Floral Shears Scissors Pruners for Cutting Flowers,Trimming Plants,Bonsai,Picking Fruits",4.0,0,0
exp_20260726T214632Z_fad2e70f,1ad7f9bf,crowd_subject_21,crowd_subject_21,crowd,inline_early,a_imp_2,implicit,early,swt_laptop_budget,Transactional,inline_persuasive,0,0,6.0,6.333333333333333,5.333333333333333,6.333333333333333,5.0,6.0,5.0,4.0,4.5,7.0,2.0,1.0,2.0,1.5,6.0,2.0,2.0,6.0,7.0,2.0,2.0,6.0,4.0,2.0,7.0,6.0,6.0,4.0,3.0,276.37487,109.0,4,4,184.0,157.0,736.0,34.5,30.0,1397.0,1234.0,44613.98142886659,27977.988820523024,3,4315.15,0,1,0,0,0,1,B0BX4M46F2,"Mid 2017 Apple MacBook Pro with 2.3GHz Intel Core i5 (13-inch, 8GB RAM, 256GB SSD) Silver (Renewed)",2.0,0,0
exp_20260726T214632Z_fad2e70f,1ad7f9bf,crowd_subject_21,crowd_subject_21,crowd,inline_late,a_imp_4,implicit,late,swt_study_environment,Transactional,inline_persuasive,0,1,6.0,6.333333333333333,4.666666666666667,6.666666666666667,4.666666666666667,5.0,6.0,5.0,3.5,5.0,2.0,3.0,3.0,3.0,6.0,2.0,2.0,6.0,6.0,1.0,3.0,6.0,3.0,1.0,7.0,6.0,6.0,4.0,4.0,350.701759,120.0,4,4,255.0,274.0,1020.0,49.0,50.5,1082.75,964.5,67572.13462268312,61032.29633718729,3,3391.1000000000004,0,1,0,0,0,1,B0BTRKZ6NH,"Sweetcrispy Task Swivel Rolling Lumbar Support/Flip-up Arms, Study, Bedroom Adjustable Height Home Office Desk Ergonomic Mesh Computer Chair, Grey",4.0,0,0
exp_20260726T214632Z_fad2e70f,1ad7f9bf,crowd_subject_21,crowd_subject_21,crowd,no_ads,a_none,none,none,swt_fitness_restart,Social,,1,2,5.666666666666667,5.333333333333333,4.0,6.0,5.0,5.0,5.0,3.0,3.0,5.0,1.0,2.0,4.0,3.0,5.0,2.0,2.0,5.0,5.0,2.0,3.0,5.0,2.0,2.0,6.0,6.0,5.0,5.0,3.0,301.571665,110.0,4,4,199.5,171.5,798.0,39.25,35.0,1002.25,1012.0,56430.28828501701,55946.87084108591,3,3330.75,0,0,0,0,0,0,,,,0,0
exp_20260726T223318Z_3a1264a8,3200a217,crowd_subject_22,crowd_subject_22,crowd,block_early,a_exp_2,explicit,early,swt_pet_decision_and_setup,Informational,explicit_ad_block,0,0,6.666666666666667,6.666666666666667,6.333333333333333,6.333333333333333,5.0,4.0,5.0,5.0,1.5,1.0,2.0,2.0,2.0,2.0,6.0,1.0,1.0,6.0,7.0,1.0,1.0,6.0,6.0,1.0,6.0,6.0,6.0,6.0,5.0,350.987301,120.0,4,4,100.5,82.0,402.0,18.5,14.0,600.0,590.0,64697.405337666474,63444.12966072559,3,2483.05,0,1,0,0,0,1,B0BVB855JB,"Feeding Tool,Reptile Feeding Tongs, Mini Dustpan and Brush, Curved Stainless Steel Tweezers for Reptile, Hedgehog, Hamsters, Guinea Pig,Lizard, Spider Bearded Dragon",2.0,0,0
exp_20260726T223318Z_3a1264a8,3200a217,crowd_subject_22,crowd_subject_22,crowd,block_late,a_exp_4,explicit,late,swt_gardening_birthday_gift,Social,explicit_ad_block,0,1,3.6666666666666665,2.6666666666666665,2.3333333333333335,3.3333333333333335,2.6666666666666665,2.0,2.0,2.0,4.0,6.0,2.0,5.0,6.0,5.5,4.0,4.0,5.0,3.0,2.0,5.0,5.0,1.0,3.0,4.0,3.0,3.0,2.0,3.0,5.0,223.312313,45.0,4,4,68.25,57.5,273.0,11.75,10.0,377.5,396.5,47707.98594939212,47335.449654608965,3,1937.1999999999998,0,1,0,0,0,1,B0BRZSD1CZ,"Generic Weeding Rake Agricultural Tools Flower Beds Gardening Hoe for Gardening Gardening Gifts, 7 Tooth",4.0,0,0
exp_20260726T223318Z_3a1264a8,3200a217,crowd_subject_22,crowd_subject_22,crowd,inline_early,a_imp_2,implicit,early,swt_study_environment,Transactional,inline_persuasive,2,3,6.0,6.0,4.666666666666667,6.333333333333333,5.0,4.0,5.0,2.0,1.0,1.0,1.0,1.0,1.0,1.0,5.0,1.0,2.0,6.0,6.0,2.0,2.0,6.0,2.0,1.0,6.0,6.0,5.0,6.0,4.0,372.76412,87.0,4,4,89.0,76.5,356.0,15.75,14.0,683.75,822.0,84851.05372406542,56851.55821591616,3,2840.5,0,1,0,0,0,1,B0BTRKZ6NH,"Sweetcrispy Task Swivel Rolling Lumbar Support/Flip-up Arms, Study, Bedroom Adjustable Height Home Office Desk Ergonomic Mesh Computer Chair, Grey",2.0,0,0
exp_20260726T223318Z_3a1264a8,3200a217,crowd_subject_22,crowd_subject_22,crowd,inline_late,a_imp_4,implicit,late,swt_laptop_budget,Transactional,inline_persuasive,1,2,6.666666666666667,6.333333333333333,6.333333333333333,6.333333333333333,5.0,5.0,5.0,6.0,4.0,7.0,1.0,4.0,2.0,3.0,6.0,1.0,1.0,6.0,6.0,1.0,1.0,6.0,6.0,1.0,6.0,6.0,6.0,6.0,5.0,451.548421,119.0,4,4,92.0,78.5,368.0,16.0,15.0,1800.0,1641.0,91713.87186398108,103289.17532600462,3,6044.3,0,1,0,0,0,1,B0BZ941GKF,"Lenovo 15ARH7, Ideapad Gaming 3 15.6"" FHD Gaming Laptop 120Hz AMD Ryzen 7-7735HS 16GB RAM 512GB SSD NVIDIA GeForce RTX 4050 Windows 11 Onyx Grey",4.0,0,0
exp_20260726T223318Z_3a1264a8,3200a217,crowd_subject_22,crowd_subject_22,crowd,no_ads,a_none,none,none,swt_fitness_restart,Social,,3,4,7.0,6.666666666666667,6.333333333333333,6.333333333333333,5.333333333333333,6.0,6.0,6.0,1.0,1.0,1.0,1.0,1.0,1.0,7.0,1.0,1.0,7.0,6.0,1.0,1.0,6.0,6.0,1.0,6.0,6.0,6.0,6.0,4.0,234.790005,57.0,4,4,71.5,61.5,286.0,13.75,12.0,624.75,622.0,46197.65607950588,48032.43648074567,3,2554.8,0,0,0,0,0,0,,,,0,0
exp_20260726T232723Z_de414449,49833a18,crowd_subject_23,crowd_subject_23,crowd,block_early,a_exp_2,explicit,early,swt_pet_decision_and_setup,Informational,explicit_ad_block,0,0,7.0,7.0,6.333333333333333,7.0,6.333333333333333,6.0,5.0,6.0,6.0,7.0,5.0,3.0,5.0,4.0,7.0,1.0,1.0,7.0,7.0,1.0,1.0,7.0,5.0,1.0,7.0,7.0,7.0,6.0,2.0,142.784851,36.0,4,4,72.5,74.0,290.0,14.5,14.5,450.25,402.5,29361.36378099521,25246.863156557083,3,2092.0,0,1,0,0,0,1,B0BW39JJWZ,"Doudele Squeaky Floating Toys Ball 2 Pack Rubber Dog Ball, Interactive Puppy Training Toy, Floating Dog Toys for Water, Beef Flavor",2.0,0,0
exp_20260726T232723Z_de414449,49833a18,crowd_subject_23,crowd_subject_23,crowd,block_late,a_exp_4,explicit,late,swt_fitness_restart,Social,explicit_ad_block,3,4,6.333333333333333,6.333333333333333,5.666666666666667,7.0,4.666666666666667,6.0,6.0,3.0,1.0,1.0,1.0,2.0,2.0,2.0,5.0,1.0,1.0,6.0,6.0,1.0,2.0,7.0,4.0,1.0,7.0,7.0,5.0,6.0,5.0,358.521689,101.0,4,4,161.75,169.5,647.0,28.5,29.0,671.75,690.5,66820.38613719244,74373.80361184478,3,2469.4,0,1,0,0,0,1,B0BYDMLYRH,"Leitee 2 Pairs/ 4 Pcs 15mm Yoga Elbow Cushion Non Slip Workout Knee Pads Thick Soft Knee Mat Balance Support Kneeling Pad for Hand Wrist Hip Ankle Gym Pilates Floor Exercise Workout, Black",4.0,0,0
exp_20260726T232723Z_de414449,49833a18,crowd_subject_23,crowd_subject_23,crowd,inline_early,a_imp_2,implicit,early,swt_laptop_budget,Transactional,inline_persuasive,1,2,6.333333333333333,6.333333333333333,5.333333333333333,6.666666666666667,4.666666666666667,5.0,6.0,4.0,4.0,7.0,1.0,2.0,3.0,2.5,5.0,1.0,1.0,6.0,6.0,1.0,2.0,7.0,3.0,1.0,6.0,7.0,6.0,5.0,5.0,311.338026,78.0,4,4,134.5,112.0,538.0,27.5,24.5,1375.0,1226.0,46411.61936459442,50839.03361670673,3,4484.45,0,1,0,0,0,1,B0CCNHHWGZ,"HP 2023 Newest 14 Laptop for Productivity and Entertainment,14"" FHD Display, 16GB RAM, 1TB SSD, AMD Ryzen 3 Processor Upto 3.5GHz, Type-C, HDMI, Fast Charge, 10 Hrs Long Battery Life, Windows 11",2.0,0,0
exp_20260726T232723Z_de414449,49833a18,crowd_subject_23,crowd_subject_23,crowd,inline_late,a_imp_4,implicit,late,swt_gardening_birthday_gift,Social,inline_persuasive,0,1,7.0,7.0,3.6666666666666665,7.0,5.666666666666667,7.0,7.0,6.0,7.0,7.0,7.0,4.0,4.0,4.0,7.0,1.0,1.0,7.0,7.0,1.0,7.0,7.0,3.0,1.0,7.0,7.0,7.0,6.0,4.0,285.127216,67.0,4,4,137.0,135.0,548.0,24.75,24.5,677.75,659.5,53679.761181895934,54045.936316251755,3,2726.5,0,1,0,0,0,1,B0BBPKYCG4,"SHI-NARCE Garden Shears, Bypass Pruning Shears for Gardening, Tree Trimmers Secateurs, Hand Pruner, Gardening Shears, Clippers For The Garden, Bonsai Cutters, Loppers",4.0,0,0
exp_20260726T232723Z_de414449,49833a18,crowd_subject_23,crowd_subject_23,crowd,no_ads,a_none,none,none,swt_study_environment,Transactional,,2,3,7.0,7.0,6.666666666666667,7.0,4.666666666666667,6.0,7.0,7.0,4.0,7.0,1.0,2.0,2.0,2.0,7.0,1.0,1.0,7.0,7.0,1.0,2.0,7.0,7.0,1.0,7.0,7.0,5.0,6.0,5.0,423.634347,90.0,4,4,169.5,156.5,678.0,31.25,30.0,967.5,1007.0,97246.24021910131,101723.30525889993,3,3043.7,0,0,0,0,0,0,,,,0,0
exp_20260727T002507Z_8fd56dda,4e734656,crowd_subject_24,crowd_subject_24,crowd,block_early,a_exp_2,explicit,early,swt_pet_decision_and_setup,Informational,explicit_ad_block,0,1,5.666666666666667,5.0,4.666666666666667,5.0,5.0,5.0,4.0,3.0,5.0,5.0,5.0,5.0,4.0,4.5,5.0,2.0,2.0,5.0,5.0,3.0,3.0,5.0,4.0,3.0,5.0,5.0,5.0,5.0,3.0,268.81917,68.0,4,4,183.0,180.5,732.0,36.75,37.0,393.5,375.5,53184.44688928624,51270.3830357641,3,2090.05,0,1,0,0,0,1,B0BZRS4MLG,"Bunny Grass House - Hand Crafted Natural Rabbit Hideout & Nesting Box, Foldable & Comfortable Bed Cage for Small Animals, Hamster, Guinea Pig, Chinchilla, Hedgehog (Medium - Suit for 1 Adult Rabbit)",2.0,0,0
exp_20260727T002507Z_8fd56dda,4e734656,crowd_subject_24,crowd_subject_24,crowd,block_late,a_exp_4,explicit,late,swt_laptop_budget,Transactional,explicit_ad_block,2,3,5.666666666666667,6.0,5.666666666666667,6.666666666666667,5.0,5.0,6.0,6.0,6.0,7.0,5.0,3.0,3.0,3.0,5.0,2.0,2.0,6.0,6.0,2.0,3.0,6.0,6.0,1.0,6.0,7.0,6.0,6.0,5.0,225.426382,70.0,4,4,125.0,116.5,500.0,23.25,23.0,2754.0,2635.5,35532.74752572179,35590.08228033781,3,8289.5,0,1,0,0,0,1,B0CB999CF9,"Dell XPS 13 9320 Plus 13.4"" Laptop Intel Core i5-1240P (12-Core) 512GB PCIe SSD 16GB RAM 3.5K OLED (3456x2160) InfinityEdge Touch Win 11 PRO (Renewed)",4.0,0,0
exp_20260727T002507Z_8fd56dda,4e734656,crowd_subject_24,crowd_subject_24,crowd,inline_early,a_imp_2,implicit,early,swt_fitness_restart,Social,inline_persuasive,0,0,5.666666666666667,5.666666666666667,4.666666666666667,6.0,4.0,4.0,5.0,4.0,3.5,5.0,2.0,3.0,5.0,4.0,5.0,2.0,2.0,6.0,5.0,2.0,3.0,5.0,4.0,2.0,6.0,6.0,5.0,5.0,6.0,324.519689,91.0,4,4,161.25,151.5,645.0,29.5,28.0,756.5,742.5,65188.46291614076,60631.66476972401,3,2822.1,0,1,0,0,0,1,B0C21DKWX6,Top Gun Foam Roller for Fitness Enthusiasts - Multi-Texture Back Roller with Solid Core - Ideal for Back Pain Relief & Deep Tissue Massage - Ultimate Foam Roller for Back,2.0,0,0
exp_20260727T002507Z_8fd56dda,4e734656,crowd_subject_24,crowd_subject_24,crowd,inline_late,a_imp_4,implicit,late,swt_study_environment,Transactional,inline_persuasive,3,4,5.0,5.0,5.0,5.0,4.333333333333333,5.0,6.0,6.0,6.5,6.0,7.0,4.0,4.0,4.0,5.0,3.0,3.0,5.0,5.0,3.0,4.0,5.0,6.0,3.0,5.0,5.0,5.0,5.0,5.0,285.271712,97.0,4,4,150.0,148.5,600.0,28.5,28.5,1427.25,1543.5,40505.917179087795,31531.28675557673,3,4334.25,0,1,0,0,0,1,B0CF8JN9N8,ETasker Ergonomic Office Chair Home: Mesh Desk Chair with Adjustable Arms - Mid Back Computer Chairs for Women Adults - Swivel Task Chair Comfortable for Home Office,4.0,0,0
exp_20260727T002507Z_8fd56dda,4e734656,crowd_subject_24,crowd_subject_24,crowd,no_ads,a_none,none,none,swt_gardening_birthday_gift,Social,,1,2,4.333333333333333,5.333333333333333,6.0,6.0,4.666666666666667,6.0,5.0,4.0,2.5,3.0,2.0,2.0,2.0,2.0,1.0,2.0,2.0,5.0,5.0,2.0,2.0,7.0,5.0,2.0,6.0,6.0,5.0,6.0,5.0,178.94591,60.0,4,4,103.75,84.0,415.0,21.0,17.0,567.75,578.0,29025.552650292713,33097.1993971616,3,2285.4,0,0,0,0,0,0,,,,0,0
exp_20260727T204954Z_c50a4e69,cc2ed5d1,crowd_subject_25,crowd_subject_25,crowd,block_early,a_exp_2,explicit,early,swt_gardening_birthday_gift,Social,explicit_ad_block,3,4,5.666666666666667,5.333333333333333,3.3333333333333335,4.666666666666667,3.0,3.0,3.0,2.0,6.5,7.0,6.0,7.0,2.0,4.5,5.0,3.0,1.0,5.0,5.0,2.0,3.0,3.0,2.0,2.0,5.0,3.0,3.0,2.0,4.0,329.245475,114.0,4,4,131.5,99.5,526.0,25.0,18.5,586.0,589.0,57122.50388413668,66981.15640319884,3,2522.75,4,1,1,6,0,1,B0BZFV97MQ,"Jumbl Raised Canadian Cedar Garden Bed | Elevated Wood Planter for Growing Fresh Herbs, Vegetables, Flowers, Succulents & Other Plants at Home | Great for Outdoor | 34x18x30”",2.0,0,0
exp_20260727T204954Z_c50a4e69,cc2ed5d1,crowd_subject_25,crowd_subject_25,crowd,block_late,a_exp_4,explicit,late,swt_laptop_budget,Transactional,explicit_ad_block,0,0,7.0,7.0,6.666666666666667,7.0,5.0,6.0,7.0,6.0,4.5,7.0,2.0,2.0,5.0,3.5,7.0,1.0,1.0,7.0,7.0,1.0,1.0,7.0,6.0,1.0,7.0,7.0,1.0,7.0,1.0,458.758877,212.0,4,4,200.0,185.0,800.0,38.0,33.5,1008.5,883.0,65305.73230112592,53711.17012947798,3,3512.3,4,1,1,2,0,1,B0BWPKQ1KP,Apple 2023 Mac Mini M2 Pro with 10-core CPU / 16-core GPU / 32GB Memory / 512GB Storage - Z170000FL,4.0,0,0
exp_20260727T204954Z_c50a4e69,cc2ed5d1,crowd_subject_25,crowd_subject_25,crowd,inline_early,a_imp_2,implicit,early,swt_fitness_restart,Social,inline_persuasive,1,2,7.0,7.0,6.333333333333333,7.0,6.0,7.0,7.0,7.0,4.0,7.0,1.0,2.0,1.0,1.5,7.0,1.0,1.0,7.0,7.0,1.0,1.0,7.0,5.0,1.0,7.0,7.0,7.0,7.0,4.0,304.851493,120.0,4,4,145.0,90.0,580.0,30.25,17.0,565.5,523.0,51057.24385691186,48849.512265995145,3,2361.3999999999996,4,1,1,0,0,1,B0BZY85QWR,"FUNMILY Resistance Bands Leg Exercise for Home Fitness, Strength Training, Physical Therapy",2.0,0,0
exp_20260727T204954Z_c50a4e69,cc2ed5d1,crowd_subject_25,crowd_subject_25,crowd,inline_late,a_imp_4,implicit,late,swt_pet_decision_and_setup,Informational,inline_persuasive,2,3,7.0,7.0,7.0,7.0,4.0,7.0,7.0,7.0,4.5,6.0,3.0,1.0,1.0,1.0,7.0,1.0,1.0,7.0,7.0,1.0,1.0,7.0,7.0,1.0,7.0,7.0,7.0,1.0,4.0,425.451311,184.0,4,4,145.5,88.0,582.0,29.5,19.0,1122.5,923.0,70279.30165516834,54013.34708370268,3,3153.6000000000004,4,1,1,0,0,1,B0C4LW28R6,BUIDIC Dog Water Bowl,4.0,0,0
exp_20260727T204954Z_c50a4e69,cc2ed5d1,crowd_subject_25,crowd_subject_25,crowd,no_ads,a_none,none,none,swt_study_environment,Transactional,,0,1,7.0,7.0,6.666666666666667,7.0,7.0,6.0,6.0,6.0,3.0,5.0,1.0,2.0,3.0,2.5,7.0,1.0,1.0,7.0,7.0,1.0,1.0,7.0,6.0,1.0,7.0,7.0,7.0,7.0,1.0,329.066343,139.0,4,4,140.0,62.5,560.0,25.25,12.5,653.25,548.5,50447.77365525564,49932.454438880086,3,2325.0,4,0,0,0,0,0,,,,0,0
exp_20260727T223954Z_a2365df8,6c8c2782,crowd_subject_26,crowd_subject_26,crowd,block_early,a_exp_2,explicit,early,swt_gardening_birthday_gift,Social,explicit_ad_block,0,0,5.333333333333333,5.333333333333333,4.666666666666667,5.0,4.0,5.0,4.0,5.0,6.0,7.0,5.0,5.0,6.0,5.5,5.0,2.0,3.0,5.0,5.0,2.0,4.0,6.0,4.0,2.0,4.0,5.0,3.0,5.0,4.0,180.664389,47.0,4,4,115.25,109.5,461.0,21.75,21.5,264.0,270.0,39738.3976491789,26060.42992696166,3,1739.3,4,1,1,6,0,1,B0BXJWH4KL,"Dope Clips, Premium Gardening Scissors, Stainless Steel Non Stick Blade, Flowers, Bud, Pruning,Arts and Craft, Sharp Scissors, Perecision Scissors, Easy Grip, Easy cleaning.",2.0,0,0
exp_20260727T223954Z_a2365df8,6c8c2782,crowd_subject_26,crowd_subject_26,crowd,block_late,a_exp_4,explicit,late,swt_study_environment,Transactional,explicit_ad_block,1,2,4.666666666666667,3.3333333333333335,3.6666666666666665,4.0,3.6666666666666665,4.0,5.0,4.0,5.5,5.0,6.0,6.0,3.0,4.5,4.0,4.0,2.0,3.0,4.0,5.0,6.0,5.0,4.0,5.0,4.0,5.0,3.0,5.0,5.0,164.884012,46.0,4,4,117.25,101.5,469.0,21.75,18.0,855.25,838.5,32280.687175691128,33473.36662746966,3,2915.8,4,1,1,2,0,1,B0C2Z5C8TM,"LETTON Colorful Adjustable Laptop Stand, Handy Laptop Riser, Aluminum Laptop Stand for Desk Foldable, Ergonomic Computer Notebook Stand Holder for MacBook Air Pro, Dell XPS, HP (9.7-16”) -Pink",4.0,0,0
exp_20260727T223954Z_a2365df8,6c8c2782,crowd_subject_26,crowd_subject_26,crowd,inline_early,a_imp_2,implicit,early,swt_pet_decision_and_setup,Informational,inline_persuasive,3,4,5.666666666666667,4.0,4.666666666666667,5.0,4.0,6.0,5.0,4.0,2.0,2.0,2.0,2.0,2.0,2.0,6.0,2.0,3.0,5.0,4.0,5.0,5.0,6.0,5.0,5.0,6.0,6.0,4.0,5.0,5.0,137.670199,52.0,4,4,129.0,86.5,516.0,27.0,17.5,805.75,633.5,20655.439206088584,21501.403452828526,3,2695.8,4,1,1,0,0,1,B0BS9SMCB7,"Hamster Bedding, Natural Hamster Bedding Flowers Herbs Cereal Grain For House Cage Habitat Enclosure Decor- Hamster Chews for Gerbils Mouse Rat Lemming Degus Guinea Pig or Small Animal Bedding Pets",2.0,0,0
exp_20260727T223954Z_a2365df8,6c8c2782,crowd_subject_26,crowd_subject_26,crowd,inline_late,a_imp_4,implicit,late,swt_fitness_restart,Social,inline_persuasive,2,3,4.666666666666667,4.0,4.333333333333333,4.666666666666667,4.0,4.0,5.0,4.0,3.5,3.0,4.0,4.0,5.0,4.5,4.0,3.0,3.0,4.0,4.0,4.0,4.0,5.0,4.0,4.0,5.0,5.0,4.0,4.0,4.0,145.338821,44.0,4,4,110.75,69.0,443.0,21.25,13.5,598.5,601.5,25975.393002231915,24332.205029204488,3,2587.1,4,1,1,0,0,1,B0BZY6HK7Y,"Home Resistance Training Kit, Workout Straps For Home Gym, Resistance Trainer Exercise Straps With Handles, Bodyweight Workout Bands For Full-body Strength Training",4.0,0,0
exp_20260727T223954Z_a2365df8,6c8c2782,crowd_subject_26,crowd_subject_26,crowd,no_ads,a_none,none,none,swt_laptop_budget,Transactional,,0,1,4.666666666666667,5.666666666666667,5.0,6.0,4.666666666666667,5.0,6.0,5.0,4.0,6.0,2.0,4.0,4.0,4.0,5.0,3.0,4.0,6.0,5.0,2.0,4.0,6.0,5.0,2.0,6.0,6.0,5.0,5.0,4.0,247.092603,48.0,4,4,143.5,155.0,574.0,28.75,30.0,1428.0,1510.5,50772.69742451608,48497.30774015188,3,5045.5,4,0,0,0,0,0,,,,0,0
exp_20260728T005337Z_a15e4f03,8a073121,crowd_subject_28,crowd_subject_28,crowd,block_early,a_exp_2,explicit,early,swt_laptop_budget,Transactional,explicit_ad_block,2,3,6.333333333333333,4.0,4.333333333333333,5.0,6.666666666666667,6.0,4.0,5.0,7.0,7.0,7.0,5.0,5.0,5.0,5.0,1.0,1.0,5.0,5.0,6.0,5.0,6.0,4.0,4.0,4.0,7.0,6.0,7.0,1.0,727.920932,162.0,4,4,203.25,207.5,813.0,39.0,40.5,2499.75,2718.0,172530.75539693236,177300.5597665906,3,8190.75,4,1,1,6,0,1,B0C763CJ6P,"Razer Blade 16 (2023) Gaming Laptop - NVIDIA GeForce RTX 4090-13th Gen Intel 24-Core i9 HX CPU - 16"" Dual Mode Mini LED (4K UHD+ 120Hz & FHD+ 240Hz) - 32GB RAM - 2TB SSD",2.0,0,0
exp_20260728T005337Z_a15e4f03,8a073121,crowd_subject_28,crowd_subject_28,crowd,block_late,a_exp_4,explicit,late,swt_pet_decision_and_setup,Informational,explicit_ad_block,0,1,5.333333333333333,6.666666666666667,6.333333333333333,7.0,6.666666666666667,6.0,6.0,7.0,7.0,7.0,7.0,4.0,3.0,3.5,7.0,1.0,6.0,7.0,7.0,2.0,3.0,7.0,7.0,1.0,7.0,7.0,6.0,7.0,1.0,916.838929,254.0,4,4,354.25,361.5,1417.0,73.75,75.0,1123.0,1247.0,189766.81266725063,166981.3459403813,3,4217.0,4,1,1,2,0,1,B0BZ4C7D2J,Erattik Dog Grooming Kit 2-Speed Low Noise Dog Clippers for Grooming Rechargeable Cordless Pet Dog Hair Grooming Clippers Dog Trimmer for Grooming for Small & Large Dogs with Heavy Coats,4.0,0,0
exp_20260728T005337Z_a15e4f03,8a073121,crowd_subject_28,crowd_subject_28,crowd,inline_early,a_imp_2,implicit,early,swt_gardening_birthday_gift,Social,inline_persuasive,1,2,7.0,7.0,5.0,7.0,7.0,7.0,5.0,1.0,4.0,7.0,1.0,4.0,1.0,2.5,7.0,1.0,1.0,7.0,7.0,1.0,1.0,7.0,1.0,1.0,7.0,7.0,7.0,7.0,1.0,589.683011,136.0,4,4,228.5,212.0,914.0,44.25,41.0,405.0,440.5,124724.90804331999,124712.40927278996,3,2472.3999999999996,4,1,1,0,0,1,B0BRZSD1CZ,"Generic Weeding Rake Agricultural Tools Flower Beds Gardening Hoe for Gardening Gardening Gifts, 7 Tooth",2.0,0,0
exp_20260728T005337Z_a15e4f03,8a073121,crowd_subject_28,crowd_subject_28,crowd,inline_late,a_imp_4,implicit,late,swt_study_environment,Transactional,inline_persuasive,3,4,7.0,7.0,5.0,7.0,7.0,7.0,3.0,1.0,4.0,7.0,1.0,1.0,1.0,1.0,7.0,1.0,1.0,7.0,7.0,1.0,1.0,7.0,1.0,1.0,7.0,7.0,7.0,7.0,1.0,298.977025,146.0,4,4,143.25,82.5,573.0,25.25,15.0,699.0,650.0,42077.793476482235,31902.189519256353,3,2404.05,4,1,1,0,0,1,B0BV5Y7CYN,"Ergonomic Office Chair, Breathable Mesh Desk Chair, Lumbar Support Computer Chair with Headrest and 3D Armrests, Swivel Task Chair, Adjustable Height Gaming Chair Black",4.0,0,0
exp_20260728T005337Z_a15e4f03,8a073121,crowd_subject_28,crowd_subject_28,crowd,no_ads,a_none,none,none,swt_fitness_restart,Social,,0,0,7.0,7.0,5.666666666666667,7.0,7.0,5.0,4.0,1.0,1.0,1.0,1.0,1.0,1.0,1.0,7.0,1.0,1.0,7.0,7.0,1.0,1.0,7.0,3.0,1.0,7.0,7.0,7.0,7.0,1.0,577.28798,149.0,4,4,270.5,274.5,1082.0,51.25,51.0,369.0,420.0,135368.11252745488,111659.60275195539,3,2161.3,4,0,0,0,0,0,,,,0,0
exp_20260728T021517Z_71761d62,d39155f2,crowd_subject_29,crowd_subject_29,crowd,block_early,a_exp_2,explicit,early,swt_pet_decision_and_setup,Informational,explicit_ad_block,1,2,6.666666666666667,6.666666666666667,4.666666666666667,6.333333333333333,5.0,6.0,6.0,3.0,7.0,7.0,7.0,7.0,6.0,6.5,6.0,1.0,1.0,6.0,7.0,1.0,2.0,6.0,2.0,2.0,6.0,7.0,6.0,4.0,3.0,113.895516,35.0,4,4,61.25,56.5,245.0,11.5,8.5,539.75,576.0,18865.255596737068,14561.922680586576,3,2516.55,4,1,1,6,0,1,B0BYHLL3RD,"Abizoo Betta Fish Tunnel,Hollow Design for Better Observation of Betta Fish, Betta Fish Tank Decorations",2.0,0,0
exp_20260728T021517Z_71761d62,d39155f2,crowd_subject_29,crowd_subject_29,crowd,block_late,a_exp_4,explicit,late,swt_laptop_budget,Transactional,explicit_ad_block,3,4,6.666666666666667,7.0,6.333333333333333,6.666666666666667,5.666666666666667,6.0,6.0,6.0,4.5,7.0,2.0,1.0,2.0,1.5,6.0,1.0,1.0,7.0,7.0,1.0,1.0,7.0,5.0,1.0,6.0,7.0,5.0,6.0,2.0,351.790095,87.0,4,4,94.25,68.0,377.0,16.75,11.0,1711.0,1852.5,60722.786635160446,65158.07595476508,3,5511.7,4,1,1,2,0,1,B0CF8ZS17T,"Lenovo ThinkPad E15 Gen 4 15.6"" FHD Business Laptop, AMD Ryzen 7 5825U, 16GB RAM, 1TB SSD, Backlit Keyboard, FHD Webcam with Privacy Shutter, Wi-Fi 6E, Bluetooth, Sliver, Win 11 Pro, 32GB USB Card",4.0,0,0
exp_20260728T021517Z_71761d62,d39155f2,crowd_subject_29,crowd_subject_29,crowd,inline_early,a_imp_2,implicit,early,swt_study_environment,Transactional,inline_persuasive,0,0,6.666666666666667,6.333333333333333,5.333333333333333,6.666666666666667,6.333333333333333,7.0,6.0,1.0,6.0,6.0,6.0,2.0,3.0,2.5,6.0,1.0,1.0,6.0,6.0,1.0,1.0,7.0,2.0,1.0,6.0,7.0,6.0,6.0,1.0,231.711371,66.0,4,4,90.25,71.5,361.0,16.25,13.5,686.0,696.5,46724.837221205235,47065.507577732205,3,2517.05,4,1,1,0,0,1,B0BTRKZ6NH,"Sweetcrispy Task Swivel Rolling Lumbar Support/Flip-up Arms, Study, Bedroom Adjustable Height Home Office Desk Ergonomic Mesh Computer Chair, Grey",2.0,0,0
exp_20260728T021517Z_71761d62,d39155f2,crowd_subject_29,crowd_subject_29,crowd,inline_late,a_imp_4,implicit,late,swt_fitness_restart,Social,inline_persuasive,0,1,6.0,4.333333333333333,4.333333333333333,6.0,5.0,5.0,5.0,4.0,5.0,6.0,4.0,3.0,3.0,3.0,5.0,1.0,2.0,6.0,4.0,5.0,5.0,6.0,4.0,2.0,5.0,7.0,5.0,5.0,3.0,214.509692,38.0,4,4,94.0,77.5,376.0,19.0,14.0,548.0,577.0,49924.06518695255,41434.39791537821,3,2217.15,4,1,1,0,0,1,B0BW8F24Q4,"Abs Muscle, Muscle Toner, Portable Muscle Trainer, Fitness Equipment, USB Rechargeable Gear for Abdomen, Arm, Leg, Workout Equipment for Men and Woman, 10 Pcs Free Gel Pads",4.0,0,0
exp_20260728T021517Z_71761d62,d39155f2,crowd_subject_29,crowd_subject_29,crowd,no_ads,a_none,none,none,swt_gardening_birthday_gift,Social,,2,3,6.666666666666667,7.0,6.0,6.666666666666667,5.0,7.0,7.0,4.0,3.0,5.0,1.0,1.0,1.0,1.0,6.0,1.0,1.0,7.0,7.0,1.0,1.0,6.0,5.0,2.0,7.0,7.0,6.0,6.0,5.0,161.375747,71.0,4,4,84.5,61.5,338.0,17.25,12.5,377.5,373.0,22036.89759845535,18742.112554609776,3,1927.75,4,0,0,0,0,0,,,,0,0
exp_20260713T141041Z_066e7c22,60e6efef,crowd_subject_3,crowd_subject_3,crowd,block_early,a_exp_2,explicit,early,swt_gardening_birthday_gift,Social,explicit_ad_block,2,3,6.666666666666667,6.333333333333333,6.0,6.333333333333333,5.333333333333333,6.0,3.0,5.0,7.0,7.0,7.0,6.0,3.0,4.5,6.0,1.0,1.0,6.0,6.0,1.0,1.0,6.0,5.0,1.0,6.0,6.0,6.0,6.0,4.0,219.486844,80.0,4,4,88.0,43.5,352.0,16.0,8.5,459.75,443.0,31520.381797105074,30073.635859414935,3,2174.1,0,1,0,0,0,1,B0BXJWH4KL,"Dope Clips, Premium Gardening Scissors, Stainless Steel Non Stick Blade, Flowers, Bud, Pruning,Arts and Craft, Sharp Scissors, Perecision Scissors, Easy Grip, Easy cleaning.",2.0,0,0
exp_20260713T141041Z_066e7c22,60e6efef,crowd_subject_3,crowd_subject_3,crowd,block_late,a_exp_4,explicit,late,swt_study_environment,Transactional,explicit_ad_block,0,0,6.666666666666667,6.333333333333333,6.0,6.333333333333333,6.0,6.0,5.0,5.0,6.5,6.0,7.0,2.0,2.0,2.0,6.0,1.0,1.0,6.0,6.0,1.0,1.0,6.0,5.0,1.0,6.0,6.0,6.0,6.0,2.0,245.912218,72.0,4,4,98.25,75.0,393.0,17.25,13.5,1317.0,1401.5,42932.426392411195,49491.76646023989,3,4328.5,0,1,0,0,0,1,B0BZW3CKYM,"Marsail L Shaped Electric Standing Desk, 55x34 Inch Standing Desk Adjustable Height with Headphone Hook, Large Computer Desk Sit Stand Desk for Home Office Sturdy Writing Workstation",4.0,0,0
exp_20260713T141041Z_066e7c22,60e6efef,crowd_subject_3,crowd_subject_3,crowd,inline_early,a_imp_2,implicit,early,swt_laptop_budget,Transactional,inline_persuasive,3,4,7.0,7.0,5.666666666666667,6.333333333333333,4.666666666666667,6.0,4.0,5.0,5.5,6.0,5.0,3.0,2.0,2.5,7.0,1.0,1.0,7.0,7.0,1.0,2.0,6.0,5.0,1.0,6.0,6.0,6.0,1.0,1.0,323.829093,94.0,4,4,107.75,57.5,431.0,20.25,11.0,1424.25,1366.5,66659.641634052,53284.008625894785,3,4545.4,0,1,0,0,0,1,B0BSNYZYDF,"Lenovo ThinkBook 13s G3 ACN 13.3"" Laptop AMD Ryzen 7 5800U 16GB 512GB SSD W10P (Renewed)",2.0,0,0
exp_20260713T141041Z_066e7c22,60e6efef,crowd_subject_3,crowd_subject_3,crowd,inline_late,a_imp_4,implicit,late,swt_pet_decision_and_setup,Informational,inline_persuasive,1,2,6.666666666666667,6.333333333333333,6.0,6.333333333333333,5.666666666666667,6.0,3.0,5.0,5.5,6.0,5.0,2.0,2.0,2.0,6.0,1.0,1.0,6.0,6.0,1.0,2.0,6.0,6.0,1.0,6.0,6.0,6.0,6.0,3.0,231.410762,36.0,4,4,85.5,90.0,342.0,17.75,18.5,486.0,507.5,53253.44492184619,36337.570985779166,3,2442.75,0,1,0,0,0,1,B0BRKPFS9T,"Prolee Reptile Terrarium Tank Large 40"" x 16"" x 16"",Newest Upgraded Bearded Dragon Tank with Roof Door, Snake Tank with Built-in Lamp Fixture and Switch, Side Windows, 40 Inch",4.0,0,0
exp_20260713T141041Z_066e7c22,60e6efef,crowd_subject_3,crowd_subject_3,crowd,no_ads,a_none,none,none,swt_fitness_restart,Social,,0,1,6.666666666666667,6.333333333333333,5.0,6.0,6.333333333333333,6.0,4.0,4.0,2.0,2.0,2.0,1.0,1.0,1.0,6.0,1.0,1.0,6.0,6.0,1.0,2.0,5.0,4.0,2.0,6.0,6.0,6.0,6.0,1.0,266.622423,87.0,4,4,117.25,81.5,469.0,20.0,13.0,517.0,521.5,53031.80177075168,64217.56577119231,3,2099.45,0,0,0,0,0,0,,,,0,0
exp_20260728T025353Z_21c1b75f,51616cf0,crowd_subject_30,crowd_subject_30,crowd,block_early,a_exp_2,explicit,early,swt_pet_decision_and_setup,Informational,explicit_ad_block,0,0,6.666666666666667,6.333333333333333,6.0,7.0,6.666666666666667,6.0,7.0,7.0,2.0,3.0,1.0,3.0,1.0,2.0,6.0,1.0,1.0,6.0,7.0,2.0,2.0,7.0,5.0,1.0,7.0,7.0,6.0,7.0,1.0,133.950141,26.0,4,4,51.5,44.0,206.0,11.75,9.5,281.0,299.5,29784.96331286927,30142.993446439505,3,1918.6,4,1,1,6,0,1,B0BSRMJPF6,"Small Pet Select - Premium White Small Animal Pellet Bedding for Rabbit, Hamster & Guinea Pig Cages and Litter Pans - Lightweight & Odor Controlling Paper Pellets Safe for Small Animals - 35L",2.0,0,0
exp_20260728T025353Z_21c1b75f,51616cf0,crowd_subject_30,crowd_subject_30,crowd,block_late,a_exp_4,explicit,late,swt_study_environment,Transactional,explicit_ad_block,2,3,7.0,7.0,6.666666666666667,7.0,7.0,7.0,6.0,2.0,7.0,7.0,7.0,4.0,3.0,3.5,7.0,1.0,1.0,7.0,7.0,1.0,1.0,7.0,6.0,1.0,7.0,7.0,7.0,7.0,1.0,213.589224,46.0,4,4,58.25,56.0,233.0,10.75,9.0,1004.75,1012.0,41158.92746237417,42572.29865156114,3,3296.05,4,1,1,2,0,1,B0BW8MDD76,"Sweetcrispy Mobile Laptop Desk,Height Adjustable Standing Desk with Lockable Wheels, Stand Up Desk for Home Office Computer Workstation",4.0,0,0
exp_20260728T025353Z_21c1b75f,51616cf0,crowd_subject_30,crowd_subject_30,crowd,inline_early,a_imp_2,implicit,early,swt_laptop_budget,Transactional,inline_persuasive,1,2,7.0,7.0,6.666666666666667,7.0,7.0,6.0,7.0,3.0,4.0,7.0,1.0,2.0,1.0,1.5,7.0,1.0,1.0,7.0,7.0,1.0,1.0,7.0,6.0,1.0,7.0,7.0,7.0,7.0,1.0,249.840043,42.0,4,4,60.0,62.5,240.0,11.75,12.5,1977.75,2003.5,45234.460923199855,41883.546497672796,3,7140.65,4,1,1,0,0,1,B0BTV9WWXM,"Lenovo ThinkPad T14 14” WQXGA Business Laptop, Intel Core i5-1235U (Beats i7-1165g7),16GB RAM, 1TB SSD, Backlit KB, Fingerprint Reader, Webcam, Wi-Fi 6E, Bluetooth, Black, Win 10 Pro, 32GB USB Card",2.0,0,0
exp_20260728T025353Z_21c1b75f,51616cf0,crowd_subject_30,crowd_subject_30,crowd,inline_late,a_imp_4,implicit,late,swt_fitness_restart,Social,inline_persuasive,3,4,6.666666666666667,6.666666666666667,6.0,7.0,6.666666666666667,6.0,4.0,5.0,1.0,1.0,1.0,1.0,1.0,1.0,6.0,1.0,1.0,6.0,7.0,1.0,1.0,7.0,4.0,1.0,7.0,7.0,6.0,7.0,1.0,226.641023,60.0,4,4,70.25,60.0,281.0,13.25,10.0,494.0,492.0,41746.22282758355,50825.07801242173,3,2171.0,4,1,1,0,0,1,B0C4F4TDN9,"ANCHEER Resistance Loop Exercise Bands with Instruction Guide and Carry Bag, Pull Up Assistance Bands for Working Out, Exercise,Gym,Training,Yoga",4.0,0,0
exp_20260728T025353Z_21c1b75f,51616cf0,crowd_subject_30,crowd_subject_30,crowd,no_ads,a_none,none,none,swt_gardening_birthday_gift,Social,,0,1,7.0,7.0,6.333333333333333,7.0,7.0,6.0,2.0,4.0,4.0,7.0,1.0,3.0,2.0,2.5,7.0,1.0,1.0,7.0,7.0,1.0,3.0,7.0,7.0,1.0,7.0,7.0,7.0,7.0,1.0,143.555481,55.0,4,4,35.5,26.5,142.0,7.25,5.5,191.25,196.0,23926.56605814894,17616.697009652853,3,1540.15,4,0,0,0,0,0,,,,0,0
exp_20260728T212533Z_3d7b9020,d9a3a648,crowd_subject_32,crowd_subject_32,crowd,block_early,a_exp_2,explicit,early,swt_gardening_birthday_gift,Social,explicit_ad_block,0,0,3.3333333333333335,3.0,3.6666666666666665,3.3333333333333335,4.0,1.0,2.0,2.0,5.5,6.0,5.0,5.0,6.0,5.5,2.0,4.0,4.0,5.0,1.0,5.0,5.0,3.0,5.0,2.0,1.0,3.0,5.0,4.0,5.0,73.189068,13.0,4,4,43.25,48.5,173.0,8.5,9.0,382.25,283.0,14614.19008858502,13270.175229758024,3,1848.2,4,1,1,6,0,1,B0BXJWH4KL,"Dope Clips, Premium Gardening Scissors, Stainless Steel Non Stick Blade, Flowers, Bud, Pruning,Arts and Craft, Sharp Scissors, Perecision Scissors, Easy Grip, Easy cleaning.",2.0,0,0
exp_20260728T212533Z_3d7b9020,d9a3a648,crowd_subject_32,crowd_subject_32,crowd,block_late,a_exp_4,explicit,late,swt_laptop_budget,Transactional,explicit_ad_block,0,1,3.3333333333333335,3.6666666666666665,3.0,3.6666666666666665,4.0,2.0,3.0,3.0,7.0,7.0,7.0,7.0,7.0,7.0,2.0,5.0,3.0,5.0,3.0,5.0,5.0,3.0,3.0,3.0,3.0,3.0,4.0,4.0,4.0,136.825907,17.0,4,4,52.25,56.5,209.0,10.0,11.0,1605.25,1751.5,29103.41544014712,37288.80335018039,3,5709.3,4,1,1,2,0,1,B0BTQWR77M,"Acer Swift Go 14 Intel Evo Thin & Light Laptop 14"" 1920x1200 100% sRGB Touch Display Intel Core i7-1355U Intel Iris Xe 16GB LPDDR5 512GB Gen 4 SSD Killer WiFi 6E AX1675 SFG14-71T-72QV",4.0,0,0
exp_20260728T212533Z_3d7b9020,d9a3a648,crowd_subject_32,crowd_subject_32,crowd,inline_early,a_imp_2,implicit,early,swt_fitness_restart,Social,inline_persuasive,2,3,3.3333333333333335,3.3333333333333335,3.0,2.6666666666666665,3.3333333333333335,1.0,2.0,2.0,3.5,6.0,1.0,6.0,5.0,5.5,3.0,5.0,4.0,5.0,2.0,5.0,5.0,3.0,3.0,4.0,2.0,2.0,4.0,3.0,5.0,109.7835,32.0,4,4,53.25,44.0,213.0,10.5,8.5,411.5,425.5,18547.087730218966,18377.683522179723,3,1972.5,4,1,1,0,0,1,B0BW8F24Q4,"Abs Muscle, Muscle Toner, Portable Muscle Trainer, Fitness Equipment, USB Rechargeable Gear for Abdomen, Arm, Leg, Workout Equipment for Men and Woman, 10 Pcs Free Gel Pads",2.0,0,0
exp_20260728T212533Z_3d7b9020,d9a3a648,crowd_subject_32,crowd_subject_32,crowd,inline_late,a_imp_4,implicit,late,swt_pet_decision_and_setup,Informational,inline_persuasive,3,4,4.666666666666667,4.666666666666667,5.0,4.333333333333333,4.666666666666667,5.0,3.0,5.0,4.0,7.0,1.0,5.0,7.0,6.0,5.0,4.0,3.0,5.0,4.0,3.0,3.0,5.0,5.0,3.0,3.0,5.0,4.0,5.0,3.0,68.289593,29.0,4,4,25.5,13.0,102.0,5.75,3.0,205.5,214.0,7855.525273829699,5929.394753649831,3,1723.9499999999998,4,1,1,0,0,1,B0C2953KXN,BCOATH Flat Fish Tank Hydroponic Planter Glass Aquarium Glass Hydroponic Bowl Glass Vase Water Plant Vase Glass Betta Tank Fish Supplies Fish Accessories Betta Fish Household Products,4.0,0,0
exp_20260728T212533Z_3d7b9020,d9a3a648,crowd_subject_32,crowd_subject_32,crowd,no_ads,a_none,none,none,swt_study_environment,Transactional,,1,2,3.0,1.0,1.6666666666666667,1.3333333333333333,2.6666666666666665,1.0,2.0,1.0,3.5,6.0,1.0,7.0,7.0,7.0,1.0,4.0,4.0,1.0,1.0,7.0,6.0,2.0,1.0,7.0,1.0,2.0,2.0,4.0,6.0,107.449989,21.0,4,4,55.25,47.0,221.0,11.0,10.0,1019.25,933.0,22569.49593871832,10403.929471969604,3,3410.7,4,0,0,0,0,0,,,,0,0
exp_20260729T113330Z_4893ec28,aebd33cb,crowd_subject_33,crowd_subject_33,crowd,block_early,a_exp_2,explicit,early,swt_laptop_budget,Transactional,explicit_ad_block,3,4,5.666666666666667,6.0,5.0,5.333333333333333,4.666666666666667,6.0,6.0,6.0,3.5,6.0,1.0,4.0,1.0,2.5,6.0,2.0,3.0,6.0,6.0,2.0,4.0,6.0,5.0,3.0,6.0,5.0,5.0,6.0,5.0,139.371361,57.0,4,4,73.5,22.0,294.0,14.0,4.5,1342.75,1372.0,17501.320997873943,13212.26692572236,3,4459.7,4,1,1,6,0,1,B0BS9VLK9F,"PCSP Z440 Workstation Tower Desktop PC, Intel Xeon E5-1650 v3 up to 3.8GHz 6-Core, 256GB PCIe NVMe M.2 SSD, Quadro K620 2GB, Windows 11 Pro (Renewed) (16GB DDR4)",2.0,0,0
exp_20260729T113330Z_4893ec28,aebd33cb,crowd_subject_33,crowd_subject_33,crowd,block_late,a_exp_4,explicit,late,swt_gardening_birthday_gift,Social,explicit_ad_block,2,3,6.0,6.0,5.666666666666667,6.666666666666667,5.0,7.0,7.0,6.0,3.5,5.0,2.0,1.0,1.0,1.0,6.0,2.0,2.0,6.0,7.0,3.0,4.0,7.0,6.0,1.0,7.0,6.0,6.0,7.0,6.0,78.004662,32.0,4,4,32.25,11.5,129.0,6.0,1.5,196.75,185.0,8899.026177823544,9009.700443595648,3,1532.6,4,1,1,2,0,1,B0BX6B488D,"Pruning shears,3Pcs Pink Garden Scissors,Stainless Steel Sharp Blade Gardening Trimming Floral Shears Scissors Pruners for Cutting Flowers,Trimming Plants,Bonsai,Picking Fruits",4.0,0,0
exp_20260729T113330Z_4893ec28,aebd33cb,crowd_subject_33,crowd_subject_33,crowd,inline_early,a_imp_2,implicit,early,swt_pet_decision_and_setup,Informational,inline_persuasive,1,2,5.333333333333333,3.0,4.0,3.6666666666666665,4.0,5.0,3.0,4.0,1.5,2.0,1.0,1.0,5.0,3.0,2.0,1.0,1.0,3.0,3.0,5.0,4.0,5.0,3.0,5.0,3.0,5.0,5.0,5.0,6.0,148.213013,82.0,4,4,65.5,37.5,262.0,14.0,8.5,643.0,732.0,17222.87674807012,12854.633489623666,3,2610.1,4,1,1,0,0,1,B0C4FKY1DQ,"PETSITE Furniture Style Dog Crate, Decorative Dog Kennel End Table with USB & Wireless Charging Station, Storage Drawer, Indoor Dog House for Small Dogs, Rustic Brown",2.0,0,0
exp_20260729T113330Z_4893ec28,aebd33cb,crowd_subject_33,crowd_subject_33,crowd,inline_late,a_imp_4,implicit,late,swt_study_environment,Transactional,inline_persuasive,0,0,5.333333333333333,5.0,4.0,5.666666666666667,5.0,6.0,5.0,5.0,5.0,7.0,3.0,4.0,3.0,3.5,5.0,2.0,3.0,6.0,5.0,4.0,5.0,5.0,4.0,2.0,6.0,5.0,5.0,6.0,4.0,111.451427,31.0,4,4,36.75,32.5,147.0,6.75,6.0,421.25,447.5,20347.63829782605,19026.568796485662,3,2234.7,4,1,1,0,0,1,B0C52ZBY7T,VCK Quiet,4.0,0,0
exp_20260729T113330Z_4893ec28,aebd33cb,crowd_subject_33,crowd_subject_33,crowd,no_ads,a_none,none,none,swt_fitness_restart,Social,,0,1,6.666666666666667,6.0,4.333333333333333,6.333333333333333,4.333333333333333,6.0,5.0,4.0,1.0,1.0,1.0,1.0,1.0,1.0,7.0,1.0,2.0,6.0,7.0,3.0,3.0,6.0,2.0,2.0,7.0,6.0,6.0,6.0,7.0,174.316257,71.0,4,4,75.75,43.5,303.0,15.0,8.0,705.5,839.0,29428.375818456214,27431.14192225039,3,3141.05,4,0,0,0,0,0,,,,0,0
exp_20260729T142615Z_78e41297,c3652ac3,crowd_subject_35,crowd_subject_35,crowd,block_early,a_exp_2,explicit,early,swt_fitness_restart,Social,explicit_ad_block,0,0,5.0,1.6666666666666667,2.6666666666666665,1.6666666666666667,5.666666666666667,1.0,1.0,1.0,2.5,2.0,3.0,1.0,1.0,1.0,2.0,1.0,2.0,1.0,3.0,7.0,2.0,1.0,1.0,7.0,3.0,1.0,5.0,5.0,1.0,132.03185,18.0,4,4,43.5,46.5,174.0,8.25,9.0,185.0,181.5,33166.4335988462,36285.552468150854,3,1530.85,4,1,1,6,0,1,B0BTKLBP13,"The Bodyweight Home Workout Journal. 13-Week Program. NO EQUIPMENT NEEDED. Fitness Planner / Workout Book that tells you exactly what to do and how to track progress. Provides completely guided workouts, # of sets to do for each exercise, # reps to aim for, and provides a place to track all your progress. Workout Journal for Women & Men. Workout Planner for Women. Workout Log Book / Fitness Journal / Workout Notebook. (Spiral Bound)",2.0,0,0
exp_20260729T142615Z_78e41297,c3652ac3,crowd_subject_35,crowd_subject_35,crowd,block_late,a_exp_4,explicit,late,swt_gardening_birthday_gift,Social,explicit_ad_block,1,2,4.0,4.333333333333333,2.0,5.0,5.0,1.0,5.0,3.0,7.0,7.0,7.0,5.0,3.0,4.0,3.0,3.0,4.0,4.0,5.0,4.0,7.0,2.0,3.0,3.0,5.0,5.0,4.0,5.0,2.0,211.886505,66.0,4,4,80.75,69.5,323.0,15.0,13.0,461.0,471.0,41420.22600149115,26800.42602866888,3,2117.95,4,1,1,2,0,1,B0BTT3PW7J,"Sherr 4 Pieces Plant Moisture Meter 3 in 1 Soil Moisture Meter for House Plants PH Tester Moisture Monitor for Gardening Indoor Outdoor Lawn Patio Farm Plants Care, No Battery Required",4.0,0,0
exp_20260729T142615Z_78e41297,c3652ac3,crowd_subject_35,crowd_subject_35,crowd,inline_early,a_imp_2,implicit,early,swt_study_environment,Transactional,inline_persuasive,3,4,3.0,2.6666666666666665,2.6666666666666665,3.3333333333333335,4.666666666666667,3.0,1.0,3.0,7.0,7.0,7.0,7.0,6.0,6.5,3.0,4.0,6.0,2.0,4.0,6.0,5.0,3.0,2.0,6.0,5.0,3.0,3.0,4.0,1.0,549.157302,211.0,4,4,133.0,75.5,532.0,25.5,15.0,1170.25,1319.5,91170.31170303623,96387.18089461327,3,3697.9,4,1,1,0,0,1,B0BSJT6S1P,"ISOtunes FREE 2.0 Listen Only: True Wireless Bluetooth Hearing Protection, No Microphone (For Workplace Compliance), Improved 25 dB Noise Reduction Rating, 79 dB Audio Output, OSHA Compliant",2.0,0,0
exp_20260729T142615Z_78e41297,c3652ac3,crowd_subject_35,crowd_subject_35,crowd,inline_late,a_imp_4,implicit,late,swt_laptop_budget,Transactional,inline_persuasive,2,3,4.666666666666667,4.333333333333333,3.3333333333333335,4.666666666666667,5.333333333333333,1.0,1.0,1.0,5.5,7.0,4.0,4.0,3.0,3.5,4.0,3.0,3.0,3.0,4.0,2.0,2.0,3.0,1.0,2.0,5.0,3.0,5.0,5.0,2.0,523.789267,83.0,4,4,109.0,90.0,436.0,21.0,17.0,1748.0,1843.0,137153.32475863397,71719.72484514117,3,5789.55,4,1,1,0,0,1,B0BTHT7JC1,"Lenovo Legion 5 15 Gaming Laptop 15.6"" FHD IPS 120Hz (Anti-Glare, FreeSync) AMD Hexa-Core Ryzen 5 5600H (Beats i5-11300H) 16GB RAM 1TB SSD GeForce RTX 3050 Ti 4GB USB-C Backlit Win11 + HDMI Cable",4.0,0,0
exp_20260729T142615Z_78e41297,c3652ac3,crowd_subject_35,crowd_subject_35,crowd,no_ads,a_none,none,none,swt_pet_decision_and_setup,Informational,,0,1,5.0,3.6666666666666665,2.6666666666666665,5.0,4.666666666666667,1.0,3.0,3.0,2.0,3.0,1.0,2.0,1.0,1.5,4.0,2.0,3.0,3.0,4.0,4.0,3.0,2.0,1.0,3.0,5.0,5.0,4.0,4.0,2.0,249.667846,15.0,4,4,49.25,50.0,197.0,10.0,9.5,488.5,453.0,73454.05327218275,55085.50111949444,3,2270.2,4,0,0,0,0,0,,,,0,0
exp_20260730T163055Z_22dcd1a8,9bce1ecd,crowd_subject_36,crowd_subject_36,crowd,block_early,a_exp_2,explicit,early,swt_study_environment,Transactional,explicit_ad_block,0,0,3.6666666666666665,1.6666666666666667,1.6666666666666667,2.0,5.0,1.0,1.0,2.0,7.0,7.0,7.0,1.0,4.0,2.5,3.0,1.0,7.0,2.0,1.0,6.0,6.0,2.0,1.0,7.0,1.0,4.0,5.0,4.0,2.0,1372.315454,331.0,4,4,477.5,466.0,1910.0,85.5,85.5,1355.5,1325.5,319375.4890356213,341079.1390109807,3,3661.3999999999996,4,1,1,6,0,1,B0BYS7MWMZ,"Small Standing Desk, Standing Desk Adjustable Height, Adjustable Table for Home, Office, Classroom,White",2.0,0,0
exp_20260730T163055Z_22dcd1a8,9bce1ecd,crowd_subject_36,crowd_subject_36,crowd,block_late,a_exp_4,explicit,late,swt_fitness_restart,Social,explicit_ad_block,0,1,4.666666666666667,7.0,6.0,6.333333333333333,7.0,6.0,7.0,7.0,5.0,7.0,3.0,7.0,1.0,4.0,7.0,2.0,7.0,7.0,7.0,1.0,3.0,6.0,7.0,3.0,7.0,7.0,7.0,7.0,1.0,1734.720018,386.0,4,4,508.75,520.0,2035.0,96.5,98.5,2396.5,2421.5,396085.79496045905,389390.875544399,3,6410.55,4,1,1,2,0,1,B0BRSFFW5P,"Arm Back Shoulder Exercise Elastic Rope Stretch Fitness Band, Foot, Leg, Hand Stretcher, Arm Exerciser for Yoga Pilates Stretching Physical Therapy, Home Gym Workout",4.0,0,0
exp_20260730T163055Z_22dcd1a8,9bce1ecd,crowd_subject_36,crowd_subject_36,crowd,inline_early,a_imp_2,implicit,early,swt_laptop_budget,Transactional,inline_persuasive,3,4,2.0,2.3333333333333335,2.3333333333333335,4.333333333333333,4.0,1.0,1.0,1.0,4.0,7.0,1.0,1.0,1.0,1.0,4.0,7.0,7.0,4.0,2.0,7.0,7.0,5.0,1.0,5.0,7.0,3.0,7.0,1.0,4.0,589.536622,173.0,4,4,128.5,67.0,514.0,24.25,11.0,2610.0,2559.5,100834.62296923001,32900.143997743726,3,8293.65,4,1,1,0,0,1,B0C763CJ6P,"Razer Blade 16 (2023) Gaming Laptop - NVIDIA GeForce RTX 4090-13th Gen Intel 24-Core i9 HX CPU - 16"" Dual Mode Mini LED (4K UHD+ 120Hz & FHD+ 240Hz) - 32GB RAM - 2TB SSD",2.0,0,0
exp_20260730T163055Z_22dcd1a8,9bce1ecd,crowd_subject_36,crowd_subject_36,crowd,inline_late,a_imp_4,implicit,late,swt_pet_decision_and_setup,Informational,inline_persuasive,1,2,6.333333333333333,2.6666666666666665,4.666666666666667,4.666666666666667,4.0,7.0,1.0,1.0,1.0,1.0,1.0,1.0,6.0,3.5,7.0,3.0,1.0,6.0,1.0,7.0,1.0,6.0,1.0,4.0,4.0,6.0,5.0,6.0,7.0,1065.730661,446.0,4,4,301.0,257.0,1204.0,59.0,52.0,1480.75,1427.0,142120.09034926692,126507.20989704132,3,4005.8999999999996,4,1,1,0,0,1,B0C6XKXF67,"HealSmart Reptile Heat Lamp 150W 2-Pack Ceramic Heat Emitter, No Light Emitting Heat Bulbs for Amphibian Pet Brooder Coop Incubating Chicken, Lizard Bearded Dragon Turtle Snake Terrarium Black",4.0,0,0
exp_20260730T163055Z_22dcd1a8,9bce1ecd,crowd_subject_36,crowd_subject_36,crowd,no_ads,a_none,none,none,swt_gardening_birthday_gift,Social,,2,3,7.0,3.6666666666666665,5.333333333333333,4.333333333333333,2.0,7.0,4.0,4.0,4.0,7.0,1.0,3.0,1.0,2.0,7.0,1.0,1.0,5.0,5.0,7.0,1.0,5.0,4.0,4.0,4.0,5.0,4.0,1.0,7.0,852.084932,147.0,4,4,104.5,90.0,418.0,19.75,17.5,445.75,393.0,231528.08192310235,68579.94274795055,3,2053.55,4,0,0,0,0,0,,,,0,0
exp_20260730T212540Z_463be665,4f36154d,crowd_subject_38,crowd_subject_38,crowd,block_early,a_exp_2,explicit,early,swt_pet_decision_and_setup,Informational,explicit_ad_block,3,4,7.0,7.0,6.333333333333333,7.0,5.0,6.0,5.0,5.0,7.0,7.0,7.0,7.0,3.0,5.0,7.0,1.0,1.0,7.0,7.0,1.0,1.0,7.0,5.0,1.0,7.0,7.0,7.0,1.0,1.0,825.433702,732.0,4,4,70.5,25.0,282.0,15.0,5.5,425.75,430.5,25563.81638534367,25235.055822879076,3,2161.6499999999996,4,1,1,6,0,1,B0CF9PDZ52,avbxcuecc Pet Parrot Hammock Bird Hanging Bed House Plush Winter Warm Cage Nest Tent,2.0,0,0
exp_20260730T212540Z_463be665,4f36154d,crowd_subject_38,crowd_subject_38,crowd,block_late,a_exp_4,explicit,late,swt_study_environment,Transactional,explicit_ad_block,1,2,6.666666666666667,7.0,5.333333333333333,6.666666666666667,5.333333333333333,5.0,5.0,5.0,7.0,7.0,7.0,4.0,2.0,3.0,6.0,1.0,1.0,7.0,7.0,1.0,4.0,6.0,6.0,1.0,7.0,6.0,7.0,2.0,1.0,671.899352,236.0,4,4,183.25,185.0,733.0,34.75,34.5,1081.75,1054.0,128511.75146487851,111086.14903129637,3,3444.1499999999996,4,1,1,2,0,1,B0C5HB6J2M,"Evaporative Air Cooler Powerful, Quiet, Lightweight, and Portable Space Cooler For Bedroom, Office, Living Room & More",4.0,0,0
exp_20260730T212540Z_463be665,4f36154d,crowd_subject_38,crowd_subject_38,crowd,inline_early,a_imp_2,implicit,early,swt_fitness_restart,Social,inline_persuasive,2,3,6.666666666666667,6.666666666666667,4.666666666666667,6.0,4.666666666666667,5.0,4.0,2.0,4.0,1.0,7.0,7.0,4.0,5.5,6.0,1.0,1.0,7.0,7.0,2.0,3.0,4.0,5.0,2.0,7.0,5.0,7.0,1.0,2.0,905.904555,526.0,4,4,173.5,137.5,694.0,35.25,27.5,752.25,854.0,117783.81697026391,85260.11834479868,3,2838.45,4,1,1,0,0,1,B0BRSFFW5P,"Arm Back Shoulder Exercise Elastic Rope Stretch Fitness Band, Foot, Leg, Hand Stretcher, Arm Exerciser for Yoga Pilates Stretching Physical Therapy, Home Gym Workout",2.0,0,0
exp_20260730T212540Z_463be665,4f36154d,crowd_subject_38,crowd_subject_38,crowd,inline_late,a_imp_4,implicit,late,swt_gardening_birthday_gift,Social,inline_persuasive,0,0,7.0,7.0,6.666666666666667,7.0,7.0,7.0,7.0,5.0,4.5,7.0,2.0,2.0,1.0,1.5,7.0,1.0,1.0,7.0,7.0,1.0,1.0,7.0,6.0,1.0,7.0,7.0,7.0,7.0,1.0,493.635305,101.0,4,4,121.25,123.5,485.0,23.75,24.5,455.5,363.0,123671.75686173141,64428.36085520685,3,2170.45,4,1,1,0,0,1,B0BRZSD1CZ,"Generic Weeding Rake Agricultural Tools Flower Beds Gardening Hoe for Gardening Gardening Gifts, 7 Tooth",4.0,0,0
exp_20260730T212540Z_463be665,4f36154d,crowd_subject_38,crowd_subject_38,crowd,no_ads,a_none,none,none,swt_laptop_budget,Transactional,,0,1,6.666666666666667,6.0,3.6666666666666665,6.333333333333333,4.0,3.0,2.0,2.0,4.0,7.0,1.0,2.0,1.0,1.5,6.0,1.0,1.0,5.0,6.0,1.0,2.0,3.0,2.0,2.0,7.0,6.0,4.0,4.0,4.0,536.360783,166.0,4,4,153.75,162.0,615.0,30.75,32.0,1782.75,2067.5,113789.15686905384,130352.12073475122,3,6491.15,4,0,0,0,0,0,,,,0,0
exp_20260713T151222Z_cb87f81c,d12f0112,crowd_subject_4,crowd_subject_4,crowd,block_early,a_exp_2,explicit,early,swt_fitness_restart,Social,explicit_ad_block,0,0,7.0,7.0,7.0,7.0,2.0,6.0,7.0,7.0,6.0,7.0,5.0,5.0,5.0,5.0,7.0,1.0,1.0,7.0,7.0,1.0,1.0,7.0,7.0,1.0,7.0,7.0,1.0,1.0,4.0,348.917756,43.0,4,4,127.5,130.0,510.0,25.0,23.0,1238.5,1460.0,92033.28125365078,85293.57408359647,3,4186.450000000001,0,1,0,0,0,1,B0C3FM6Q3R,"Premium Resistance Bands for Women & Men: 5 Exercise Workout Levels for Home Gym Long Exercise Workout – Essential Fitness Equipment for Training, Yoga – Includes Free Carrying Bag",2.0,0,0
exp_20260713T151222Z_cb87f81c,d12f0112,crowd_subject_4,crowd_subject_4,crowd,block_late,a_exp_4,explicit,late,swt_pet_decision_and_setup,Informational,explicit_ad_block,0,1,7.0,7.0,7.0,7.0,3.3333333333333335,7.0,7.0,7.0,6.0,7.0,5.0,6.0,5.0,5.5,7.0,1.0,1.0,7.0,7.0,1.0,1.0,7.0,7.0,1.0,7.0,7.0,4.0,1.0,3.0,271.785196,94.0,4,4,81.5,89.5,326.0,16.0,18.5,729.25,643.0,49788.38092337052,39909.508215263486,3,2984.1,0,1,0,0,0,1,B0BTBTYZ6D,"Ipetboom 1Pc Small Fish Tank, Acrylic Aquarium Fish Tank Clear Betta Fish Tank Rimless Nano Aquariums Fish Bowl for Aquarium Supplies, 6.5x6.5x10cm",4.0,0,0
exp_20260713T151222Z_cb87f81c,d12f0112,crowd_subject_4,crowd_subject_4,crowd,inline_early,a_imp_2,implicit,early,swt_gardening_birthday_gift,Social,inline_persuasive,1,2,7.0,7.0,7.0,5.666666666666667,2.0,7.0,7.0,7.0,6.0,7.0,5.0,6.0,5.0,5.5,7.0,1.0,1.0,7.0,7.0,1.0,1.0,7.0,7.0,1.0,3.0,7.0,4.0,1.0,7.0,172.997979,12.0,4,4,115.75,50.0,463.0,19.5,9.0,652.5,527.5,31306.376577044528,13468.243815004826,3,2489.8,0,1,0,0,0,1,B0BRPYJH8B,"IRONMAX Garden Kneeler and Seat, Heavy Duty Foldable Gardening Bench Stool w/Soft Foam Pad & Tool Storage Bag for Kneeling & Sitting, Gardening Gifts for Women Men",2.0,0,0
exp_20260713T151222Z_cb87f81c,d12f0112,crowd_subject_4,crowd_subject_4,crowd,inline_late,a_imp_4,implicit,late,swt_study_environment,Transactional,inline_persuasive,3,4,7.0,7.0,7.0,7.0,4.666666666666667,5.0,7.0,5.0,4.0,6.0,2.0,2.0,2.0,2.0,7.0,1.0,1.0,7.0,7.0,1.0,1.0,7.0,7.0,1.0,7.0,7.0,4.0,7.0,5.0,170.918925,5.0,4,4,163.25,52.0,653.0,25.75,9.0,1703.25,1644.5,39250.34512144824,44745.693031698465,3,4384.05,0,1,0,0,0,1,B0BV2BPGFY,"Sweetcrispy Ergonomic Mesh Home Office, Light Gray",4.0,0,0
exp_20260713T151222Z_cb87f81c,d12f0112,crowd_subject_4,crowd_subject_4,crowd,no_ads,a_none,none,none,swt_laptop_budget,Transactional,,2,3,7.0,6.666666666666667,7.0,7.0,5.0,7.0,7.0,7.0,5.5,6.0,5.0,3.0,6.0,4.5,7.0,1.0,1.0,6.0,7.0,1.0,1.0,7.0,7.0,1.0,7.0,7.0,4.0,7.0,4.0,225.956491,33.0,4,4,129.75,101.0,519.0,22.25,18.0,2455.5,1996.5,43787.37810316185,37478.91145013273,3,6597.65,0,0,0,0,0,0,,,,0,0
exp_20260731T134104Z_0ec19ace,9f9b6ad8,crowd_subject_40,crowd_subject_40,crowd,block_early,a_exp_2,explicit,early,swt_pet_decision_and_setup,Informational,explicit_ad_block,0,1,7.0,7.0,6.666666666666667,7.0,7.0,7.0,7.0,6.0,7.0,7.0,7.0,7.0,2.0,4.5,7.0,1.0,1.0,7.0,7.0,1.0,1.0,7.0,6.0,1.0,7.0,7.0,7.0,7.0,1.0,136.634664,41.0,4,4,48.0,50.5,192.0,10.25,11.0,498.75,506.0,26606.27924464643,28550.582913681865,3,2419.25,4,1,1,6,0,1,B0BVFM28MW,Foldable Rabbit Hay Feeder with Litter Box Bowls Water Bottle 4 in 1 Wooden Bunny Hay Rack Toilet Combo Feeding Manger for Rectal Pets Rabbit Guinea Pig Hamster,2.0,0,0
exp_20260731T134104Z_0ec19ace,9f9b6ad8,crowd_subject_40,crowd_subject_40,crowd,block_late,a_exp_4,explicit,late,swt_laptop_budget,Transactional,explicit_ad_block,2,3,7.0,6.666666666666667,7.0,7.0,6.333333333333333,7.0,7.0,6.0,6.0,7.0,5.0,3.0,2.0,2.5,7.0,1.0,1.0,7.0,6.0,1.0,1.0,7.0,7.0,1.0,7.0,7.0,6.0,6.0,1.0,222.000147,37.0,4,4,68.25,59.0,273.0,12.0,9.5,2787.0,2798.0,47196.65445449451,50765.638610348105,3,8021.400000000001,4,1,1,2,0,1,B0CG1WL7LC,"HP EliteBook 850 G6 15.6"" FHD Laptop, Workstation, Intel Core i7-8565U, 32GB RAM, 512GB SSD, AMD Radeon 550X 4G, Backlit Keyboard, Fingerprint, Windows 10 Pro (Renewed)",4.0,0,0
exp_20260731T134104Z_0ec19ace,9f9b6ad8,crowd_subject_40,crowd_subject_40,crowd,inline_early,a_imp_2,implicit,early,swt_gardening_birthday_gift,Social,inline_persuasive,1,2,4.666666666666667,3.0,1.3333333333333333,2.6666666666666665,1.0,2.0,2.0,2.0,7.0,7.0,7.0,7.0,7.0,7.0,3.0,2.0,3.0,3.0,3.0,5.0,7.0,2.0,1.0,4.0,2.0,2.0,1.0,1.0,7.0,121.133583,21.0,4,4,60.0,49.5,240.0,10.25,7.5,210.5,196.0,28939.447346453864,32901.368057355285,3,1588.8000000000002,4,1,1,0,0,1,B0C5RK8QQZ,"COLOAPT Ceramic Plant Pots,4+5+6 inch Set of 3,Flower Pot with Drainage Holes and Ceramic Tray,Gardening Home Desktop Office Windowsill Decoration Gift Blue",2.0,0,0
exp_20260731T134104Z_0ec19ace,9f9b6ad8,crowd_subject_40,crowd_subject_40,crowd,inline_late,a_imp_4,implicit,late,swt_study_environment,Transactional,inline_persuasive,3,4,6.666666666666667,5.666666666666667,5.666666666666667,6.0,4.0,5.0,5.0,4.0,5.0,5.0,5.0,4.0,3.0,3.5,6.0,1.0,1.0,5.0,6.0,2.0,2.0,6.0,5.0,2.0,6.0,6.0,4.0,3.0,3.0,105.481797,12.0,4,4,55.5,56.0,222.0,9.75,10.0,847.0,924.0,24729.01795618236,23326.665883883834,3,3080.0,4,1,1,0,0,1,B0BV5Y7CYN,"Ergonomic Office Chair, Breathable Mesh Desk Chair, Lumbar Support Computer Chair with Headrest and 3D Armrests, Swivel Task Chair, Adjustable Height Gaming Chair Black",4.0,0,0
exp_20260731T134104Z_0ec19ace,9f9b6ad8,crowd_subject_40,crowd_subject_40,crowd,no_ads,a_none,none,none,swt_fitness_restart,Social,,0,0,6.333333333333333,5.666666666666667,5.333333333333333,5.666666666666667,7.0,6.0,4.0,3.0,1.0,1.0,1.0,1.0,1.0,1.0,5.0,1.0,1.0,5.0,6.0,2.0,1.0,6.0,3.0,2.0,6.0,5.0,7.0,7.0,1.0,155.827933,59.0,4,4,77.5,65.0,310.0,15.5,13.5,381.25,370.0,28080.19150979817,32824.81437921524,3,2128.9,4,0,0,0,0,0,,,,0,0
exp_20260731T183947Z_18e35b4f,7901e211,crowd_subject_42,crowd_subject_42,crowd,block_early,a_exp_2,explicit,early,swt_laptop_budget,Transactional,explicit_ad_block,3,4,6.333333333333333,6.666666666666667,6.666666666666667,6.333333333333333,5.333333333333333,6.0,6.0,7.0,6.5,6.0,7.0,5.0,7.0,6.0,6.0,1.0,2.0,7.0,6.0,1.0,2.0,7.0,7.0,1.0,6.0,6.0,6.0,3.0,1.0,141.906862,34.0,4,4,47.0,31.0,188.0,9.5,5.5,1035.75,1129.0,25714.15463835001,17219.306709244847,3,4364.35,4,1,1,6,0,1,B08ZSL35V7,"NewLenovo ThinkPad P17 Gen 2 Mobile Workstation Laptop, 17.3"" 4K UHD IPS Non-Touch 500nits, Intel Xeon W-11855M, 128GB RAM 4TB SSD, RTX A4000 8GB, Win11 Pro Webcam Fingerprint Thunderbolt",2.0,0,0
exp_20260731T183947Z_18e35b4f,7901e211,crowd_subject_42,crowd_subject_42,crowd,block_late,a_exp_4,explicit,late,swt_study_environment,Transactional,explicit_ad_block,0,0,6.666666666666667,6.333333333333333,7.0,6.333333333333333,3.6666666666666665,7.0,6.0,7.0,6.5,6.0,7.0,5.0,6.0,5.5,7.0,1.0,2.0,6.0,7.0,2.0,1.0,7.0,7.0,2.0,6.0,7.0,6.0,2.0,5.0,267.521438,122.0,4,4,57.25,45.0,229.0,11.0,8.5,1586.0,1624.5,38982.694217314325,26822.074314579368,3,5275.6,4,1,1,2,0,1,B0C38F5RPJ,"BESTTOOL Under Desk Drawer,Desk Hidden Organizer 360° Rotatable Clamp-on for Pens, Pencils, Notes, Hidden Under Desk Organizers and Storage for Home Office No Adhesive Required 2 Free Hooks",4.0,0,0
exp_20260731T183947Z_18e35b4f,7901e211,crowd_subject_42,crowd_subject_42,crowd,inline_early,a_imp_2,implicit,early,swt_gardening_birthday_gift,Social,inline_persuasive,2,3,6.0,6.0,6.333333333333333,6.0,3.0,7.0,5.0,7.0,5.5,5.0,6.0,6.0,7.0,6.5,7.0,2.0,3.0,6.0,6.0,2.0,2.0,7.0,6.0,2.0,6.0,6.0,5.0,2.0,6.0,225.795583,60.0,4,4,54.5,35.5,218.0,12.5,8.0,393.25,417.0,49357.927698021136,30682.716213166714,3,2140.2,4,1,1,0,0,1,B0BXJWH4KL,"Dope Clips, Premium Gardening Scissors, Stainless Steel Non Stick Blade, Flowers, Bud, Pruning,Arts and Craft, Sharp Scissors, Perecision Scissors, Easy Grip, Easy cleaning.",2.0,0,0
exp_20260731T183947Z_18e35b4f,7901e211,crowd_subject_42,crowd_subject_42,crowd,inline_late,a_imp_4,implicit,late,swt_fitness_restart,Social,inline_persuasive,0,1,7.0,6.333333333333333,5.0,5.0,4.666666666666667,6.0,4.0,4.0,1.0,1.0,1.0,1.0,1.0,1.0,7.0,1.0,1.0,6.0,6.0,1.0,2.0,6.0,3.0,1.0,6.0,2.0,5.0,5.0,4.0,201.966186,55.0,4,4,56.5,49.5,226.0,11.5,10.0,373.0,348.5,43348.48818555474,29129.343831911683,3,2008.75,4,1,1,0,0,1,B0BTJPHQNB,"The Dumbbell Home Workout Journal. 13-Week Program. Fitness Planner / Workout Book that only requires dumbbells. Tells you exactly what to do and how to track progress. Provides completely guided workouts, # of sets to do for each exercise, # reps to aim for, and provides a place to track all your progress. Workout Journal for Women & Men. Workout Planner for Women. Workout Log Book / Fitness Journal / Workout Notebook. (Spiral Bound)",4.0,0,0
exp_20260731T183947Z_18e35b4f,7901e211,crowd_subject_42,crowd_subject_42,crowd,no_ads,a_none,none,none,swt_pet_decision_and_setup,Informational,,1,2,6.333333333333333,5.0,6.666666666666667,6.0,3.0,7.0,6.0,6.0,5.5,5.0,6.0,5.0,6.0,5.5,7.0,2.0,2.0,6.0,7.0,6.0,1.0,6.0,7.0,4.0,7.0,7.0,6.0,1.0,6.0,190.119944,105.0,4,4,58.75,41.5,235.0,12.5,9.5,470.5,459.5,22929.373549297452,23034.28159467876,3,2281.75,4,0,0,0,0,0,,,,0,0
exp_20260801T205336Z_41461036,1864e3c7,crowd_subject_43,crowd_subject_43,crowd,block_early,a_exp_2,explicit,early,swt_gardening_birthday_gift,Social,explicit_ad_block,2,3,7.0,7.0,6.666666666666667,6.333333333333333,7.0,7.0,7.0,7.0,6.0,7.0,5.0,1.0,2.0,1.5,7.0,1.0,1.0,7.0,7.0,1.0,2.0,7.0,7.0,1.0,6.0,6.0,7.0,7.0,1.0,393.137697,106.0,4,4,113.75,94.5,455.0,21.5,17.5,405.25,357.0,68293.14709330599,67798.61659184098,3,2045.65,4,1,1,6,0,1,B0BXJWH4KL,"Dope Clips, Premium Gardening Scissors, Stainless Steel Non Stick Blade, Flowers, Bud, Pruning,Arts and Craft, Sharp Scissors, Perecision Scissors, Easy Grip, Easy cleaning.",2.0,0,0
exp_20260801T205336Z_41461036,1864e3c7,crowd_subject_43,crowd_subject_43,crowd,block_late,a_exp_4,explicit,late,swt_study_environment,Transactional,explicit_ad_block,0,0,6.0,6.666666666666667,5.666666666666667,6.666666666666667,6.0,5.0,7.0,6.0,2.0,3.0,1.0,1.0,1.0,1.0,6.0,1.0,3.0,6.0,7.0,1.0,2.0,6.0,5.0,1.0,7.0,6.0,5.0,6.0,1.0,603.148321,72.0,4,4,127.5,141.5,510.0,25.25,26.5,856.25,863.5,124782.77421556413,132219.08919140697,3,2772.6000000000004,4,1,1,2,0,1,B0BS91GLNK,"chaotack White Metal Flexible Gooseneck Desk Lamp for Home Office Bedroom Study, Eye-Caring Knob Switch Reading Light Table Lamp,Bring a Free 7W Dimmable LED Bulb,UL Certified Wire and Base 5.9x18.3in",4.0,0,0
exp_20260801T205336Z_41461036,1864e3c7,crowd_subject_43,crowd_subject_43,crowd,inline_early,a_imp_2,implicit,early,swt_fitness_restart,Social,inline_persuasive,0,1,6.666666666666667,6.0,5.333333333333333,5.666666666666667,5.0,6.0,5.0,7.0,5.0,5.0,5.0,3.0,3.0,3.0,6.0,1.0,1.0,6.0,6.0,2.0,3.0,6.0,5.0,2.0,6.0,5.0,6.0,6.0,5.0,347.752441,111.0,4,4,110.5,86.5,442.0,22.5,19.0,472.25,531.5,71758.44607874751,84038.10143470764,3,2376.3500000000004,4,1,1,0,0,1,B0CCYWD13G,"Automatic Rebound Ab Abdominal Exercise Roller Wheel - Core Strength Trainer, Ab Workout Equipment, Dual Wheel Design, Fitness Home Gym Exercise Tool for Abs, Core",2.0,0,0
exp_20260801T205336Z_41461036,1864e3c7,crowd_subject_43,crowd_subject_43,crowd,inline_late,a_imp_4,implicit,late,swt_laptop_budget,Transactional,inline_persuasive,3,4,7.0,7.0,7.0,7.0,5.0,7.0,7.0,7.0,4.0,7.0,1.0,1.0,1.0,1.0,7.0,1.0,1.0,7.0,7.0,1.0,1.0,7.0,7.0,1.0,7.0,7.0,7.0,1.0,1.0,346.1078,95.0,4,4,57.75,32.0,231.0,11.75,6.5,1876.5,2286.0,67216.9916710506,59300.96828378737,3,7319.3,4,1,1,0,0,1,B0CG8TJ14Y,"Asus ROG Strix G15 Gaming Laptop (15.6/inches (2560x1440) 165Hz,AMD Ryzen 7 6800H,32GB DDR5,1TB SSD,RTX 3060 6GB,8-core (Beat i7-11700H)),RGB Backlit Keyboard,IST HDMI,Win 11 Home -2023 Eclipse Gray",4.0,0,0
exp_20260801T205336Z_41461036,1864e3c7,crowd_subject_43,crowd_subject_43,crowd,no_ads,a_none,none,none,swt_pet_decision_and_setup,Informational,,1,2,6.0,6.333333333333333,5.666666666666667,6.666666666666667,5.0,6.0,6.0,4.0,1.5,2.0,1.0,1.0,1.0,1.0,6.0,2.0,2.0,6.0,6.0,1.0,2.0,7.0,4.0,1.0,7.0,6.0,4.0,6.0,3.0,561.744005,156.0,4,4,82.75,71.0,331.0,18.25,15.0,937.25,666.5,115882.67340200643,56064.955899491906,3,2948.55,4,0,0,0,0,0,,,,0,0
exp_20260802T082427Z_c7b49db4,7c513cb4,crowd_subject_44,crowd_subject_44,crowd,block_early,a_exp_2,explicit,early,swt_study_environment,Transactional,explicit_ad_block,2,3,2.3333333333333335,6.333333333333333,4.666666666666667,5.333333333333333,5.333333333333333,3.0,2.0,4.0,5.5,6.0,5.0,1.0,1.0,1.0,4.0,6.0,7.0,7.0,7.0,3.0,5.0,6.0,5.0,5.0,7.0,6.0,7.0,2.0,1.0,240.567699,39.0,4,4,98.75,92.0,395.0,18.5,17.5,1013.25,1025.0,58386.635513976216,67308.37999843061,3,3439.15,4,1,1,6,0,1,B0BZD8VVXL,"Office Chair, Ergonomic Desk Chair, Home Office Desk Chair, Mid Back Mesh Computer Chair, Swivel Rolling Task Chair with Lumbar Support and Armrests",2.0,0,0
exp_20260802T082427Z_c7b49db4,7c513cb4,crowd_subject_44,crowd_subject_44,crowd,block_late,a_exp_4,explicit,late,swt_gardening_birthday_gift,Social,explicit_ad_block,0,1,6.333333333333333,6.333333333333333,5.666666666666667,6.0,6.666666666666667,6.0,6.0,5.0,4.5,2.0,7.0,3.0,1.0,2.0,6.0,1.0,2.0,6.0,6.0,1.0,1.0,5.0,5.0,3.0,7.0,6.0,7.0,7.0,2.0,375.002896,44.0,4,4,71.75,49.5,287.0,12.75,9.0,315.25,319.5,103625.58377037446,25389.813613146544,3,1762.45,4,1,1,2,0,1,B0BTTBHPFW,"Jaking Creart Master 63 PC Drawing Set,Sketch Kit,Pro Art Supplies|Quality Graphite,Charcoal,Pastel Pencil/Stick,Charcoal Black/3 White,Woodless|5 Type-72 Sheets+6 DIY Sketch Paper,Tutorial|RPET Case",4.0,0,0
exp_20260802T082427Z_c7b49db4,7c513cb4,crowd_subject_44,crowd_subject_44,crowd,inline_early,a_imp_2,implicit,early,swt_pet_decision_and_setup,Informational,inline_persuasive,0,0,6.666666666666667,6.0,4.333333333333333,5.666666666666667,4.666666666666667,5.0,5.0,4.0,7.0,7.0,7.0,7.0,3.0,5.0,6.0,1.0,1.0,6.0,6.0,2.0,5.0,6.0,4.0,2.0,6.0,5.0,5.0,6.0,5.0,275.623148,74.0,4,4,92.25,88.5,369.0,19.25,18.5,601.5,621.0,52043.458192919694,30694.5440210402,3,2644.3,4,1,1,0,0,1,B0BVBG8X5B,"Folded Cat Tunnel for Indoor, Collapsible Pet Interactive Toy, Self-Happy Cat Toys, S-Type Cat Tunnel Toys for Puppy Kitten Accessories Home, Portable Feather Toy Tent for Rabbits and Cats",2.0,0,0
exp_20260802T082427Z_c7b49db4,7c513cb4,crowd_subject_44,crowd_subject_44,crowd,inline_late,a_imp_4,implicit,late,swt_laptop_budget,Transactional,inline_persuasive,1,2,6.333333333333333,7.0,6.666666666666667,6.666666666666667,6.0,7.0,1.0,5.0,4.0,6.0,2.0,1.0,1.0,1.0,6.0,1.0,2.0,7.0,7.0,1.0,1.0,7.0,6.0,1.0,6.0,7.0,7.0,7.0,4.0,335.591227,43.0,4,4,115.25,119.0,461.0,22.5,24.0,1668.75,1638.5,83453.95398450394,69108.1096213311,3,5263.95,4,1,1,0,0,1,B0CDSNF6VR,"LENOVO Legion 5 Pro 16"" QHD 165Hz Gaming Laptop, AMD Ryzen 9 6900HX, 32GB DDR5 RAM, 1TB PCIe SSD, NVIDIA GeForce RTX 3070Ti, Backlit Keyboard, 720P Webcam, Grey, Win 11, 32GB SnowBell USB Card",4.0,0,0
exp_20260802T082427Z_c7b49db4,7c513cb4,crowd_subject_44,crowd_subject_44,crowd,no_ads,a_none,none,none,swt_fitness_restart,Social,,3,4,3.0,6.0,4.666666666666667,5.333333333333333,6.0,5.0,3.0,3.0,3.5,5.0,2.0,1.0,1.0,1.0,5.0,6.0,6.0,7.0,6.0,3.0,5.0,5.0,6.0,3.0,6.0,5.0,6.0,6.0,2.0,245.426933,65.0,4,4,93.75,49.5,375.0,18.0,10.5,1425.5,1466.0,50410.892237598695,38653.614569455385,3,4649.4,4,0,0,0,0,0,,,,0,0
exp_20260713T160910Z_43c4deac,5b5c5067,crowd_subject_5_unfocused,crowd_subject_5_unfocused,crowd,block_early,a_exp_2,explicit,early,swt_study_environment,Transactional,explicit_ad_block,2,3,5.333333333333333,5.0,4.0,4.333333333333333,4.333333333333333,5.0,5.0,4.0,3.0,3.0,3.0,4.0,5.0,4.5,5.0,3.0,2.0,6.0,4.0,3.0,4.0,5.0,3.0,3.0,4.0,4.0,4.0,5.0,4.0,52.20507,3.0,4,4,148.25,27.0,593.0,23.0,5.0,734.0,805.0,10448.537456492582,10585.012212395668,3,2662.5,0,1,0,0,0,1,B0CH59XDDC,ETasker Office Chair with Adjustable Arms Mid-Back Desk Chair Black - Breathable Mesh Ergonomic Office Chair - Swivel Computer Chair with Rocking Function - Height Adjustable Home Office Desk Chair,2.0,0,0
exp_20260713T160910Z_43c4deac,5b5c5067,crowd_subject_5_unfocused,crowd_subject_5_unfocused,crowd,block_late,a_exp_4,explicit,late,swt_pet_decision_and_setup,Informational,explicit_ad_block,0,0,6.333333333333333,6.0,5.666666666666667,6.0,4.666666666666667,6.0,6.0,4.0,4.5,3.0,6.0,3.0,3.0,3.0,5.0,1.0,1.0,5.0,6.0,1.0,1.0,5.0,5.0,2.0,5.0,7.0,5.0,6.0,5.0,99.794008,51.0,4,4,107.25,50.0,429.0,22.25,11.0,645.5,543.5,8573.506902282437,9097.059255465865,3,2453.1499999999996,0,1,0,0,0,1,B0BVFMC3X5,"ZOPEND Cat Litter Box Enclosure, Durable Acrylic Decorative Cat House for Living Room, Hidden Cat Litter Box Furniture with Divider, Wooden Pet House End Table, Light Oak",4.0,0,0
exp_20260713T160910Z_43c4deac,5b5c5067,crowd_subject_5_unfocused,crowd_subject_5_unfocused,crowd,inline_early,a_imp_2,implicit,early,swt_gardening_birthday_gift,Social,inline_persuasive,0,1,5.666666666666667,4.666666666666667,5.0,4.333333333333333,5.333333333333333,6.0,5.0,4.0,3.0,3.0,3.0,3.0,3.0,3.0,6.0,4.0,1.0,6.0,2.0,2.0,2.0,5.0,4.0,5.0,5.0,5.0,6.0,5.0,3.0,92.70746,3.0,4,4,145.75,50.5,583.0,24.5,10.0,501.75,353.5,22952.387842660148,10840.767120942473,3,1933.9,0,1,0,0,0,1,B0C6DVCTL9,PROTSAG Gardening Apron – Gardening Gifts for women & Men – Ideal Garden Apron for Garden Gifts with Multiple Pockets and Adjustable Straps for Harvesting- Garden Hod – Water Resistant Apron,2.0,0,0
exp_20260713T160910Z_43c4deac,5b5c5067,crowd_subject_5_unfocused,crowd_subject_5_unfocused,crowd,inline_late,a_imp_4,implicit,late,swt_laptop_budget,Transactional,inline_persuasive,1,2,4.666666666666667,4.666666666666667,4.0,4.666666666666667,3.0,5.0,5.0,5.0,4.0,4.0,4.0,3.0,4.0,3.5,6.0,5.0,3.0,6.0,3.0,3.0,4.0,4.0,4.0,2.0,4.0,4.0,3.0,3.0,5.0,431.790772,5.0,4,4,134.25,32.5,537.0,22.75,6.5,1702.25,1361.5,23076.29588680963,24172.547686845064,3,4521.55,0,1,0,0,0,1,B0BSNYZYDF,"Lenovo ThinkBook 13s G3 ACN 13.3"" Laptop AMD Ryzen 7 5800U 16GB 512GB SSD W10P (Renewed)",4.0,0,0
exp_20260713T160910Z_43c4deac,5b5c5067,crowd_subject_5_unfocused,crowd_subject_5_unfocused,crowd,no_ads,a_none,none,none,swt_fitness_restart,Social,,3,4,5.666666666666667,4.666666666666667,3.6666666666666665,3.0,4.666666666666667,5.0,5.0,4.0,4.5,4.0,5.0,5.0,5.0,5.0,6.0,3.0,2.0,5.0,5.0,4.0,5.0,4.0,4.0,4.0,2.0,3.0,4.0,5.0,3.0,469.360835,3.0,4,4,124.5,33.0,498.0,20.75,6.5,909.0,965.5,150149.31695597866,13384.925356134772,3,3232.45,0,0,0,0,0,0,,,,0,0
exp_20260721T194408Z_ef197dbb,f95f070a,crowd_subject_6,crowd_subject_6,crowd,block_early,a_exp_2,explicit,early,swt_fitness_restart,Social,explicit_ad_block,2,3,6.333333333333333,5.666666666666667,4.333333333333333,6.333333333333333,3.0,3.0,6.0,6.0,7.0,7.0,7.0,7.0,7.0,7.0,5.0,1.0,1.0,5.0,6.0,2.0,7.0,6.0,6.0,1.0,6.0,6.0,6.0,1.0,6.0,138.380857,9.0,4,4,141.25,53.0,565.0,24.0,11.0,811.5,792.0,35389.96861688793,34430.358309298754,3,2989.05,4,1,1,1,0,1,B0BY9PSS26,Activity Action Tracker - Black,2.0,0,0
exp_20260721T194408Z_ef197dbb,f95f070a,crowd_subject_6,crowd_subject_6,crowd,block_late,a_exp_4,explicit,late,swt_gardening_birthday_gift,Social,explicit_ad_block,0,0,7.0,7.0,5.0,6.666666666666667,5.0,5.0,5.0,5.0,7.0,7.0,7.0,6.0,5.0,5.5,7.0,1.0,1.0,7.0,7.0,1.0,6.0,7.0,6.0,2.0,7.0,7.0,7.0,7.0,7.0,196.722886,48.0,4,4,153.25,57.5,613.0,26.0,11.0,821.25,743.5,37858.93906342486,35943.607337772846,3,2806.8500000000004,4,1,1,1,0,1,B0C6LQ6X6M,Versatile Gardener Shears - Precision Pruning Tool for Your Garden,4.0,0,0
exp_20260721T194408Z_ef197dbb,f95f070a,crowd_subject_6,crowd_subject_6,crowd,inline_early,a_imp_2,implicit,early,swt_laptop_budget,Transactional,inline_persuasive,0,1,7.0,7.0,5.0,7.0,4.333333333333333,5.0,7.0,7.0,7.0,7.0,7.0,7.0,7.0,7.0,7.0,1.0,1.0,7.0,7.0,1.0,5.0,6.0,6.0,1.0,7.0,7.0,6.0,6.0,7.0,213.339182,44.0,4,4,154.5,64.5,618.0,26.75,12.5,2520.5,2589.5,27277.660915007193,29201.10396668315,3,7152.200000000001,4,1,1,1,0,1,B0BRKKRS6X,"Green Hills Acer Chromebook 15.6"" Thin Light Laptop for Student, Intel Celeron N4000 (up to 2.60 GHz), 4GB RAM, 64GB eMMC, Webcam, Protective Sleeve, Zoom Meeting, Chrome OS, 64GB Micro SD",2.0,0,0
exp_20260721T194408Z_ef197dbb,f95f070a,crowd_subject_6,crowd_subject_6,crowd,inline_late,a_imp_4,implicit,late,swt_pet_decision_and_setup,Informational,inline_persuasive,3,4,5.666666666666667,3.6666666666666665,4.0,3.3333333333333335,3.0,1.0,7.0,7.0,1.0,1.0,1.0,7.0,7.0,7.0,5.0,2.0,2.0,5.0,4.0,6.0,7.0,7.0,4.0,6.0,5.0,3.0,1.0,1.0,1.0,186.915169,5.0,4,4,165.75,74.0,663.0,29.25,16.0,1722.75,1746.0,45591.24129886428,51149.38969165087,3,5514.200000000001,4,1,1,1,0,1,B0C36QN9YF,"Reptile Feeding Box Amphibian Tank,Office Reptile Terrarium,Acrylic Insect Terrarium",4.0,0,0
exp_20260721T194408Z_ef197dbb,f95f070a,crowd_subject_6,crowd_subject_6,crowd,no_ads,a_none,none,none,swt_study_environment,Transactional,,1,2,7.0,7.0,5.666666666666667,7.0,5.0,6.0,6.0,5.0,1.0,1.0,1.0,1.0,1.0,1.0,7.0,1.0,1.0,7.0,7.0,1.0,5.0,7.0,7.0,1.0,7.0,7.0,7.0,7.0,7.0,131.912086,4.0,4,4,173.0,61.0,692.0,27.75,11.0,807.0,785.0,37142.16417943438,30349.218100309372,3,2837.7,4,0,0,0,0,0,,,,0,0
exp_20260721T201433Z_c7c22bc2,4805a32a,crowd_subject_7,crowd_subject_7,crowd,block_early,a_exp_2,explicit,early,swt_pet_decision_and_setup,Informational,explicit_ad_block,0,1,4.666666666666667,2.6666666666666665,1.6666666666666667,2.6666666666666665,2.3333333333333335,1.0,1.0,1.0,7.0,7.0,7.0,7.0,7.0,7.0,3.0,3.0,2.0,3.0,3.0,6.0,6.0,2.0,1.0,5.0,2.0,3.0,2.0,2.0,5.0,155.281939,49.0,4,4,136.25,140.0,545.0,28.5,29.5,456.25,468.0,28231.586915130418,22180.437248200178,3,2246.5,4,1,1,1,0,1,B0C4Y9LQ9S,Playlearn Fake Fish Tank Mini Aquarium - Artificial Fish Tank with Moving Fish - Fake Aquarium Lamp - Perfect Sensory Lamp,2.0,0,0
exp_20260721T201433Z_c7c22bc2,4805a32a,crowd_subject_7,crowd_subject_7,crowd,block_late,a_exp_4,explicit,late,swt_study_environment,Transactional,explicit_ad_block,3,4,6.0,5.666666666666667,5.666666666666667,5.666666666666667,6.0,6.0,6.0,6.0,6.5,6.0,7.0,3.0,3.0,3.0,6.0,2.0,2.0,6.0,6.0,3.0,2.0,6.0,5.0,3.0,6.0,6.0,6.0,6.0,2.0,219.720694,82.0,4,4,129.0,73.5,516.0,23.5,13.5,2132.5,2268.5,25793.16117428243,26903.013844043016,3,5729.9,4,1,1,1,0,1,B0BTRKZ6NH,"Sweetcrispy Task Swivel Rolling Lumbar Support/Flip-up Arms, Study, Bedroom Adjustable Height Home Office Desk Ergonomic Mesh Computer Chair, Grey",4.0,0,0
exp_20260721T201433Z_c7c22bc2,4805a32a,crowd_subject_7,crowd_subject_7,crowd,inline_early,a_imp_2,implicit,early,swt_fitness_restart,Social,inline_persuasive,0,0,6.0,6.0,3.3333333333333335,6.333333333333333,4.333333333333333,5.0,5.0,1.0,6.5,7.0,6.0,7.0,3.0,5.0,6.0,2.0,2.0,6.0,6.0,2.0,5.0,5.0,2.0,1.0,6.0,6.0,5.0,3.0,3.0,135.330813,49.0,4,4,84.0,62.5,336.0,16.25,12.0,659.25,555.0,19483.05554812153,19706.073379144073,3,2417.65,4,1,1,1,0,1,B0BZK1X47N,"Resistance Bands for Working Out, Exercise Workout Bands Set for Working Out with Handles, Home Gym Equipment, Physical Therapy Fitness Band, Strength Training Equipment, Resistance Band, Gym Bag",2.0,0,0
exp_20260721T201433Z_c7c22bc2,4805a32a,crowd_subject_7,crowd_subject_7,crowd,inline_late,a_imp_4,implicit,late,swt_laptop_budget,Transactional,inline_persuasive,2,3,3.0,1.0,1.0,2.0,3.0,1.0,1.0,1.0,3.5,6.0,1.0,6.0,6.0,6.0,2.0,5.0,4.0,1.0,1.0,7.0,7.0,1.0,1.0,6.0,2.0,2.0,3.0,3.0,5.0,249.558282,46.0,4,4,118.75,106.0,475.0,20.5,18.0,2774.0,2506.0,47568.86400220295,38450.21912828088,3,8438.45,4,1,1,1,0,1,B0BSNYZYDF,"Lenovo ThinkBook 13s G3 ACN 13.3"" Laptop AMD Ryzen 7 5800U 16GB 512GB SSD W10P (Renewed)",4.0,0,0
exp_20260721T201433Z_c7c22bc2,4805a32a,crowd_subject_7,crowd_subject_7,crowd,no_ads,a_none,none,none,swt_gardening_birthday_gift,Social,,1,2,5.333333333333333,5.333333333333333,2.6666666666666665,4.666666666666667,1.6666666666666667,3.0,5.0,4.0,4.5,7.0,2.0,7.0,7.0,7.0,3.0,1.0,2.0,5.0,4.0,1.0,7.0,3.0,4.0,5.0,5.0,6.0,2.0,1.0,6.0,107.46003,15.0,4,4,81.25,59.5,325.0,15.0,9.0,374.75,402.5,25028.336504474282,22469.37771886587,3,2106.7,4,0,0,0,0,0,,,,0,0
exp_20260721T204719Z_55b729d8,b88ee9d1,crowd_subject_8,crowd_subject_8,crowd,block_early,a_exp_2,explicit,early,swt_gardening_birthday_gift,Social,explicit_ad_block,3,4,7.0,7.0,7.0,7.0,5.0,7.0,7.0,7.0,4.0,1.0,7.0,7.0,7.0,7.0,7.0,1.0,1.0,7.0,7.0,1.0,1.0,7.0,7.0,1.0,7.0,7.0,7.0,4.0,4.0,169.882495,76.0,4,4,111.25,81.5,445.0,21.75,15.5,345.5,257.5,25767.757424463827,28010.527480393648,3,1681.25,4,1,1,1,0,1,B0BWQ2NTTY,Grow Your Own Garden with Ease - 10 Pods for Starting Herb Seeds Indoor,2.0,0,0
exp_20260721T204719Z_55b729d8,b88ee9d1,crowd_subject_8,crowd_subject_8,crowd,block_late,a_exp_4,explicit,late,swt_pet_decision_and_setup,Informational,explicit_ad_block,2,3,7.0,7.0,7.0,7.0,7.0,7.0,7.0,7.0,7.0,7.0,7.0,7.0,4.0,5.5,7.0,1.0,1.0,7.0,7.0,1.0,1.0,7.0,7.0,1.0,7.0,7.0,7.0,7.0,1.0,204.66184,53.0,4,4,131.25,145.5,525.0,28.5,32.0,395.75,380.0,42986.23300592104,50954.443745315075,3,1939.3000000000002,4,1,1,1,0,1,B0BSNZ4M3T,"Aqueon Nutrinsect Fish-Free Fish Food, Betta Pellets, 1.41 oz",4.0,0,0
exp_20260721T204719Z_55b729d8,b88ee9d1,crowd_subject_8,crowd_subject_8,crowd,inline_early,a_imp_2,implicit,early,swt_laptop_budget,Transactional,inline_persuasive,0,0,7.0,7.0,7.0,7.0,7.0,7.0,7.0,7.0,4.0,7.0,1.0,1.0,1.0,1.0,7.0,1.0,1.0,7.0,7.0,1.0,1.0,7.0,7.0,1.0,7.0,7.0,7.0,7.0,1.0,383.663052,109.0,4,4,131.75,127.0,527.0,24.5,25.0,1673.75,1621.0,80598.52666966617,66962.8388993442,3,5321.8,4,1,1,1,0,1,B0BSNYZYDF,"Lenovo ThinkBook 13s G3 ACN 13.3"" Laptop AMD Ryzen 7 5800U 16GB 512GB SSD W10P (Renewed)",2.0,0,0
exp_20260721T204719Z_55b729d8,b88ee9d1,crowd_subject_8,crowd_subject_8,crowd,inline_late,a_imp_4,implicit,late,swt_study_environment,Transactional,inline_persuasive,0,1,7.0,7.0,7.0,7.0,5.0,7.0,7.0,4.0,4.0,7.0,1.0,1.0,1.0,1.0,7.0,1.0,1.0,7.0,7.0,1.0,1.0,7.0,7.0,1.0,7.0,7.0,7.0,7.0,7.0,246.466146,58.0,4,4,154.25,148.0,617.0,29.75,27.0,687.25,775.0,52780.585834135614,41301.073802635074,3,3027.5,4,1,1,1,0,1,B0BX8FGRBK,"DUMOS Desk Ergonomic, Mid Back Mesh Home Office Wheels, Breathable Swivel Computer Chair with Lumbar Support & Armrests, Brown",4.0,0,0
exp_20260721T204719Z_55b729d8,b88ee9d1,crowd_subject_8,crowd_subject_8,crowd,no_ads,a_none,none,none,swt_fitness_restart,Social,,1,2,6.333333333333333,4.0,2.6666666666666665,3.3333333333333335,2.6666666666666665,5.0,4.0,3.0,1.0,1.0,1.0,7.0,7.0,7.0,5.0,1.0,1.0,5.0,4.0,5.0,6.0,3.0,3.0,6.0,4.0,4.0,3.0,2.0,5.0,119.296212,21.0,4,4,66.25,77.0,265.0,13.25,15.5,539.0,514.0,28591.71400840084,24207.622112706304,3,2227.55,4,0,0,0,0,0,,,,0,0
exp_20260721T212152Z_c3bfeb56,5557e55c,crowd_subject_9,crowd_subject_9,crowd,block_early,a_exp_2,explicit,early,swt_gardening_birthday_gift,Social,explicit_ad_block,3,4,6.0,5.333333333333333,5.0,6.0,4.666666666666667,6.0,6.0,5.0,6.0,6.0,6.0,5.0,3.0,4.0,6.0,2.0,2.0,5.0,5.0,2.0,3.0,5.0,5.0,2.0,6.0,6.0,4.0,6.0,4.0,252.27554,139.0,4,4,84.75,77.5,339.0,16.0,14.0,364.5,358.5,30529.25650589168,23387.765508145094,3,2055.8,4,1,1,1,0,1,B0BRZSD1CZ,"Generic Weeding Rake Agricultural Tools Flower Beds Gardening Hoe for Gardening Gardening Gifts, 7 Tooth",2.0,0,0
exp_20260721T212152Z_c3bfeb56,5557e55c,crowd_subject_9,crowd_subject_9,crowd,block_late,a_exp_4,explicit,late,swt_fitness_restart,Social,explicit_ad_block,1,2,6.0,6.0,5.333333333333333,6.0,5.666666666666667,6.0,5.0,5.0,6.0,6.0,6.0,3.0,2.0,2.5,5.0,2.0,1.0,6.0,6.0,2.0,3.0,6.0,5.0,2.0,6.0,6.0,5.0,6.0,2.0,261.706875,131.0,4,4,142.75,106.5,571.0,28.75,20.0,1076.25,1072.5,33945.2339541167,36853.68691943586,3,3439.45,4,1,1,1,0,1,B076BD6WTM,QUICKPLAY TASTRO Training Soccer Ball,4.0,0,0
exp_20260721T212152Z_c3bfeb56,5557e55c,crowd_subject_9,crowd_subject_9,crowd,inline_early,a_imp_2,implicit,early,swt_pet_decision_and_setup,Informational,inline_persuasive,2,3,5.666666666666667,5.333333333333333,5.333333333333333,6.0,4.333333333333333,6.0,6.0,5.0,5.5,5.0,6.0,5.0,5.0,5.0,5.0,2.0,2.0,5.0,5.0,2.0,2.0,5.0,5.0,2.0,6.0,6.0,4.0,6.0,5.0,199.388409,87.0,4,4,99.25,71.0,397.0,19.75,14.0,609.0,648.0,29129.358438774943,33922.217562794685,3,2741.5,4,1,1,1,0,1,B0BYNF3M5W,kcrygogo Hamster Forest Lookout Wood House Fun House Double-Decker Hut for Young Dwarf Gerbil Mouse Mice Rat Small Animals(Only for Small Hamster),2.0,0,0
exp_20260721T212152Z_c3bfeb56,5557e55c,crowd_subject_9,crowd_subject_9,crowd,inline_late,a_imp_4,implicit,late,swt_study_environment,Transactional,inline_persuasive,0,1,6.666666666666667,5.666666666666667,5.666666666666667,6.0,5.333333333333333,6.0,5.0,6.0,4.5,4.0,5.0,2.0,6.0,4.0,6.0,1.0,1.0,6.0,5.0,2.0,2.0,6.0,5.0,2.0,6.0,6.0,5.0,6.0,3.0,189.917944,85.0,4,4,92.5,50.0,370.0,17.5,9.5,2066.75,2278.0,17726.10546213885,14320.180365815759,3,5743.05,4,1,1,1,0,1,B0BTRKZ6NH,"Sweetcrispy Task Swivel Rolling Lumbar Support/Flip-up Arms, Study, Bedroom Adjustable Height Home Office Desk Ergonomic Mesh Computer Chair, Grey",4.0,0,0
exp_20260721T212152Z_c3bfeb56,5557e55c,crowd_subject_9,crowd_subject_9,crowd,no_ads,a_none,none,none,swt_laptop_budget,Transactional,,0,0,6.333333333333333,6.0,5.666666666666667,6.0,5.666666666666667,6.0,6.0,5.0,5.0,7.0,3.0,3.0,2.0,2.5,6.0,1.0,2.0,6.0,6.0,2.0,2.0,6.0,5.0,2.0,6.0,6.0,6.0,6.0,3.0,269.389808,103.0,4,4,128.5,96.0,514.0,26.0,20.0,2755.5,2271.5,41721.18037876984,45753.72465699911,3,7265.45,4,0,0,0,0,0,,,,0,0
exp_20260721T091553Z_7b92ec42,3568405d,lab_subject_1,lab_subject_1,lab,block_early,a_exp_2,explicit,early,swt_pet_decision_and_setup,Informational,explicit_ad_block,0,1,6.0,6.0,6.666666666666667,6.666666666666667,3.6666666666666665,6.0,6.0,7.0,6.5,6.0,7.0,6.0,7.0,6.5,6.0,2.0,2.0,7.0,5.0,2.0,2.0,7.0,7.0,2.0,7.0,7.0,5.0,3.0,5.0,655.778224,171.0,4,4,336.75,319.0,1347.0,66.25,61.5,1370.25,1466.5,141999.86037487784,134601.9885558635,3,4537.6,4,1,1,1,0,1,B0BRKPFS9T,"Prolee Reptile Terrarium Tank Large 40"" x 16"" x 16"",Newest Upgraded Bearded Dragon Tank with Roof Door, Snake Tank with Built-in Lamp Fixture and Switch, Side Windows, 40 Inch",2.0,0,0
exp_20260721T091553Z_7b92ec42,3568405d,lab_subject_1,lab_subject_1,lab,block_late,a_exp_4,explicit,late,swt_fitness_restart,Social,explicit_ad_block,0,0,6.333333333333333,5.666666666666667,6.333333333333333,6.666666666666667,6.0,6.0,6.0,6.0,1.0,1.0,1.0,1.0,2.0,1.5,6.0,1.0,2.0,6.0,6.0,3.0,1.0,7.0,5.0,1.0,7.0,6.0,6.0,6.0,2.0,413.398714,149.0,4,4,246.5,184.0,986.0,46.5,36.0,788.75,804.0,73165.62260625263,71900.12325160205,3,2958.8,4,1,1,1,0,1,B0C4F4TDN9,"ANCHEER Resistance Loop Exercise Bands with Instruction Guide and Carry Bag, Pull Up Assistance Bands for Working Out, Exercise,Gym,Training,Yoga",4.0,0,0
exp_20260721T091553Z_7b92ec42,3568405d,lab_subject_1,lab_subject_1,lab,inline_early,a_imp_2,implicit,early,swt_laptop_budget,Transactional,inline_persuasive,2,3,4.333333333333333,6.333333333333333,4.333333333333333,6.0,4.666666666666667,5.0,4.0,6.0,7.0,7.0,7.0,7.0,5.0,6.0,6.0,3.0,6.0,6.0,7.0,2.0,5.0,6.0,4.0,3.0,7.0,6.0,5.0,5.0,4.0,768.01949,181.0,4,4,325.5,276.5,1302.0,58.75,50.5,3006.25,3013.0,157301.9998756548,160984.8459791392,3,8325.45,4,1,1,1,0,1,B0CG29QGCJ,"Lenovo Slim 7 Prox 14.5"" 3K Laptop AMD Ryzen 9 6900HS Creator Edition (3.30GHz, up to 4.90GHz) NVIDIA GeForce RTX 3050 32GB Ram 1TB Solid State Drive Windows 11 Home",2.0,0,0
exp_20260721T091553Z_7b92ec42,3568405d,lab_subject_1,lab_subject_1,lab,inline_late,a_imp_4,implicit,late,swt_gardening_birthday_gift,Social,inline_persuasive,1,2,6.666666666666667,6.333333333333333,5.0,6.666666666666667,4.0,6.0,6.0,6.0,7.0,7.0,7.0,7.0,5.0,6.0,7.0,1.0,2.0,7.0,6.0,2.0,2.0,6.0,3.0,2.0,7.0,7.0,5.0,5.0,6.0,653.670029,193.0,4,4,316.5,225.5,1266.0,59.25,40.5,1748.0,1779.0,132109.06743071973,139854.14317250252,3,5075.1,4,1,1,1,0,1,B0BWH2D26Y,"Revitalize Your Garden with 100% Organic Sea Kelp Extract - Boosts Growth and Yields for Cannabis, Vegetables, and Fruits",4.0,0,0
exp_20260721T091553Z_7b92ec42,3568405d,lab_subject_1,lab_subject_1,lab,no_ads,a_none,none,none,swt_study_environment,Transactional,,3,4,7.0,7.0,5.666666666666667,6.666666666666667,7.0,7.0,6.0,5.0,3.0,5.0,1.0,3.0,1.0,2.0,7.0,1.0,1.0,7.0,7.0,1.0,2.0,6.0,5.0,2.0,7.0,7.0,7.0,7.0,1.0,566.053502,167.0,4,4,277.75,228.5,1111.0,51.75,44.0,1369.25,1398.5,115182.58737027645,102828.54663394392,3,4282.05,4,0,0,0,0,0,,,,0,0
exp_20260728T091433Z_242026ac,83850ea0,lab_subject_10,lab_subject_10,lab,block_early,a_exp_2,explicit,early,swt_fitness_restart,Social,explicit_ad_block,0,1,6.666666666666667,4.333333333333333,4.333333333333333,4.666666666666667,3.0,4.0,2.0,2.0,4.5,2.0,7.0,6.0,4.0,5.0,6.0,1.0,1.0,6.0,5.0,6.0,2.0,5.0,2.0,4.0,5.0,5.0,3.0,3.0,5.0,558.680369,17.0,4,4,307.0,321.0,1228.0,60.5,63.5,894.25,988.0,164733.1408523023,193675.41307769716,3,3111.25,4,1,1,6,0,1,B00DTW8L52,Productive Fitness Home Gym Exercises Basics Poster Laminated,2.0,0,0
exp_20260728T091433Z_242026ac,83850ea0,lab_subject_10,lab_subject_10,lab,block_late,a_exp_4,explicit,late,swt_gardening_birthday_gift,Social,explicit_ad_block,2,3,6.0,5.0,5.333333333333333,5.666666666666667,2.3333333333333335,2.0,5.0,5.0,6.5,7.0,6.0,7.0,7.0,7.0,4.0,1.0,1.0,6.0,5.0,4.0,3.0,6.0,5.0,2.0,5.0,6.0,2.0,2.0,5.0,146.042754,26.0,4,4,38.5,34.5,154.0,7.5,6.5,311.25,372.5,30042.168569440644,39779.73688393831,3,1963.3000000000002,4,1,1,2,0,1,B0BZ4JTVZL,"XunYee 6 Pcs Rectangle Plant Grow Bags Fabric Raised Garden Bed with 3 Divided Grids and Handles Fabric Planter Pot Container for Potato Tomato Vegetables Flowers, 35.4 x 11.8 x 11.8 Inch",4.0,0,0
exp_20260728T091433Z_242026ac,83850ea0,lab_subject_10,lab_subject_10,lab,inline_early,a_imp_2,implicit,early,swt_pet_decision_and_setup,Informational,inline_persuasive,1,2,6.333333333333333,5.0,3.0,5.0,2.6666666666666665,2.0,2.0,2.0,7.0,7.0,7.0,7.0,5.0,6.0,5.0,1.0,1.0,5.0,5.0,3.0,6.0,5.0,2.0,3.0,5.0,5.0,2.0,2.0,4.0,226.996816,14.0,4,4,74.75,61.5,299.0,13.75,12.0,610.75,620.0,54713.08582338194,49806.317910552025,3,2610.3999999999996,4,1,1,0,0,1,B0BX9T79RJ,NOLITOY Ceramic Castle House Bunny Decor Summer Decor Small Animal Hut Hamster Cave Hamster Hide Cabin Summer Hamster House Cooling Rat House Decorative Hamster House Ceramics Chinchilla,2.0,0,0
exp_20260728T091433Z_242026ac,83850ea0,lab_subject_10,lab_subject_10,lab,inline_late,a_imp_4,implicit,late,swt_study_environment,Transactional,inline_persuasive,0,0,6.0,3.0,2.6666666666666665,3.6666666666666665,5.333333333333333,4.0,4.0,2.0,1.0,1.0,1.0,1.0,2.0,1.5,5.0,1.0,2.0,4.0,2.0,5.0,6.0,4.0,2.0,5.0,5.0,3.0,6.0,7.0,5.0,843.934484,200.0,4,4,557.5,499.5,2230.0,108.25,94.5,1121.75,1104.0,206535.29482645294,208711.31034754217,3,3368.6499999999996,4,1,1,0,0,1,B0C6LMWFTN,"12 Pack Adhesive Punch-Free Socket Holder, Self-Adhesive Desktop Socket Fixer, New Cable Desktop Management Slide-in Power Strip Holder(Colorful)",4.0,0,0
exp_20260728T091433Z_242026ac,83850ea0,lab_subject_10,lab_subject_10,lab,no_ads,a_none,none,none,swt_laptop_budget,Transactional,,3,4,7.0,7.0,6.666666666666667,7.0,5.0,7.0,7.0,6.0,4.0,7.0,1.0,3.0,1.0,2.0,7.0,1.0,1.0,7.0,7.0,1.0,1.0,7.0,6.0,1.0,7.0,7.0,7.0,7.0,7.0,383.619456,13.0,4,4,98.5,97.0,394.0,19.75,18.5,2015.0,2179.0,105830.15211112797,106457.88876339793,3,6911.8,4,0,0,0,0,0,,,,0,0
exp_20260728T164420Z_99421c58,df531b8b,lab_subject_11,lab_subject_11,lab,block_early,a_exp_2,explicit,early,swt_study_environment,Transactional,explicit_ad_block,3,4,6.0,5.666666666666667,4.333333333333333,4.666666666666667,3.0,5.0,5.0,6.0,7.0,7.0,7.0,6.0,5.0,5.5,6.0,2.0,2.0,6.0,5.0,2.0,6.0,6.0,5.0,4.0,5.0,5.0,3.0,4.0,6.0,340.199678,122.0,4,4,137.5,106.5,550.0,26.0,19.0,2108.25,2318.0,60780.26268693308,58660.53534857929,3,6445.35,4,1,1,6,0,1,B0CDPP3JRS,Home Office Desk Chair Ergonomic Desk Chair Breathable Mid-Back Comfortable Mesh Computer Chair with Fixed handrail Tilt Function Lumbar Support (Black),2.0,0,0
exp_20260728T164420Z_99421c58,df531b8b,lab_subject_11,lab_subject_11,lab,block_late,a_exp_4,explicit,late,swt_fitness_restart,Social,explicit_ad_block,0,0,5.666666666666667,6.0,4.333333333333333,6.0,4.666666666666667,6.0,4.0,3.0,5.0,5.0,5.0,4.0,3.0,3.5,6.0,3.0,2.0,7.0,6.0,3.0,5.0,6.0,4.0,2.0,6.0,6.0,6.0,1.0,1.0,445.77107,156.0,4,4,226.75,180.5,907.0,41.75,34.0,1037.75,1176.0,86768.39749887586,80375.36609917879,3,3625.45,4,1,1,2,0,1,B0BKRQRGRF,"Redliro Home Gym Foam Floor Protector Mat, Treadmill Mat for Fitness Exercise Equipment, Non-Slip Ultra Durable Workout Mats, High Density Jump Rope Bike mat for Protect Hardwood Floors Carpet Black",4.0,0,0
exp_20260728T164420Z_99421c58,df531b8b,lab_subject_11,lab_subject_11,lab,inline_early,a_imp_2,implicit,early,swt_pet_decision_and_setup,Informational,inline_persuasive,0,1,6.0,6.666666666666667,5.333333333333333,5.666666666666667,4.333333333333333,5.0,4.0,6.0,1.0,1.0,1.0,1.0,2.0,1.5,6.0,2.0,2.0,7.0,6.0,1.0,4.0,5.0,7.0,2.0,6.0,5.0,5.0,2.0,2.0,430.25339,188.0,4,4,215.0,161.5,860.0,41.5,30.5,1562.75,1417.0,48704.27576017877,52603.315429762006,3,4701.8,4,1,1,0,0,1,B0BRXMZ9G2,"Petyoung Guinea Pig Bed, Rabbit Bed with Removable Cushion Pad, Cozy Small Animal Bed Bunny Hideout for Hamster Rats Hedgehog Bearded Dragon Chinchilla Cave Bed",2.0,0,0
exp_20260728T164420Z_99421c58,df531b8b,lab_subject_11,lab_subject_11,lab,inline_late,a_imp_4,implicit,late,swt_laptop_budget,Transactional,inline_persuasive,2,3,4.0,5.666666666666667,3.0,5.666666666666667,2.6666666666666665,4.0,3.0,3.0,4.0,7.0,1.0,6.0,6.0,6.0,6.0,5.0,5.0,6.0,5.0,2.0,6.0,4.0,3.0,2.0,6.0,5.0,3.0,3.0,6.0,376.776295,83.0,4,4,112.75,91.0,451.0,22.75,18.0,2699.25,2545.0,66871.14711664617,65797.27182537317,3,8448.85,4,1,1,0,0,1,B0BY64HWHH,"ASUS 2023 TUF A15 15.6"" 144Hz FHD Gaming Laptop, AMD Ryzen 9 5900HX, 16GB RAM, 512GB PCIe SSD, Backlit Keyboard, GeForce RTX 3060, 720p HD Camera, Win 11 Pro, Eclipse Gray, 32GB SnowBell USB Card",4.0,0,0
exp_20260728T164420Z_99421c58,df531b8b,lab_subject_11,lab_subject_11,lab,no_ads,a_none,none,none,swt_gardening_birthday_gift,Social,,1,2,6.0,5.0,3.6666666666666665,4.666666666666667,4.333333333333333,4.0,3.0,3.0,4.5,7.0,2.0,5.0,6.0,5.5,5.0,1.0,2.0,5.0,5.0,3.0,6.0,5.0,4.0,3.0,5.0,4.0,3.0,4.0,2.0,353.493955,168.0,4,4,175.25,113.0,701.0,34.25,24.5,712.0,762.0,50726.07737469176,45173.096250742674,3,2917.3999999999996,4,0,0,0,0,0,,,,0,0
exp_20260728T142237Z_262a5eab,3a54a63f,lab_subject_12,lab_subject_12,lab,block_early,a_exp_2,explicit,early,swt_laptop_budget,Transactional,explicit_ad_block,0,1,5.333333333333333,5.333333333333333,4.0,5.666666666666667,3.6666666666666665,2.0,3.0,3.0,6.5,7.0,6.0,7.0,7.0,7.0,4.0,2.0,2.0,5.0,5.0,2.0,4.0,4.0,4.0,2.0,6.0,5.0,6.0,3.0,6.0,308.572652,56.0,4,4,76.25,54.5,305.0,14.0,11.0,1308.5,1350.0,68827.54761725664,76165.39943031967,3,4532.1,4,1,1,6,0,1,B0CH9ZQDK8,"Asus TUF F15 15.6inches FHD Gaming Laptop, Intel Core i7-12700H, NVIDIA GeForce RTX 4070, 16GB RAM, 1TB SSD, RGB Keyboard, Numpad, Smart AMP Audio, Wi-Fi 6, Gray, Win 11 Pro, 32GB USB Card",2.0,0,0
exp_20260728T142237Z_262a5eab,3a54a63f,lab_subject_12,lab_subject_12,lab,block_late,a_exp_4,explicit,late,swt_fitness_restart,Social,explicit_ad_block,2,3,5.0,4.666666666666667,4.333333333333333,5.666666666666667,3.3333333333333335,5.0,5.0,5.0,4.5,2.0,7.0,4.0,5.0,4.5,4.0,3.0,2.0,3.0,6.0,3.0,6.0,5.0,6.0,3.0,7.0,5.0,5.0,3.0,6.0,332.162889,49.0,4,4,100.5,103.5,402.0,19.75,21.0,944.5,928.5,85174.94329313438,93686.81631609797,3,3069.35,4,1,1,2,0,1,B07Y5QXP5J,"Die Cut Sticker Glacier National Park, Montana, Mountain Scene, Lithograph, Contour Vinyl Sticker 1 to 3 inches (Waterproof Decal for Cars, Water Bottles, Laptops, Coolers), Small",4.0,0,0
exp_20260728T142237Z_262a5eab,3a54a63f,lab_subject_12,lab_subject_12,lab,inline_early,a_imp_2,implicit,early,swt_study_environment,Transactional,inline_persuasive,1,2,3.3333333333333335,3.0,2.3333333333333335,2.6666666666666665,4.0,3.0,4.0,1.0,3.5,6.0,1.0,7.0,4.0,5.5,3.0,4.0,5.0,3.0,3.0,5.0,6.0,4.0,1.0,6.0,3.0,3.0,3.0,4.0,3.0,324.092769,105.0,4,4,102.25,89.5,409.0,19.0,16.0,1285.0,1312.0,65482.097731282316,57055.85126020014,3,4336.05,4,1,1,0,0,1,B0C8M1699Y,[Sample Pack] 3D Wood Wall Panels | Acoustic Panels for Interior Wall Décor on Felt Back Board | Decorative Slat Panels for Wall and Ceilings | 3 Color Small Sample Tiles,2.0,0,0
exp_20260728T142237Z_262a5eab,3a54a63f,lab_subject_12,lab_subject_12,lab,inline_late,a_imp_4,implicit,late,swt_pet_decision_and_setup,Informational,inline_persuasive,3,4,5.333333333333333,6.0,2.0,4.333333333333333,6.0,3.0,5.0,2.0,1.0,1.0,1.0,2.0,1.0,1.5,4.0,2.0,2.0,5.0,6.0,1.0,6.0,2.0,2.0,3.0,6.0,2.0,6.0,6.0,2.0,134.337873,65.0,4,4,60.5,39.0,242.0,11.75,8.0,217.5,223.5,18781.38035846253,19362.02418245375,3,1555.1,4,1,1,0,0,1,B0BVBG8X5B,"Folded Cat Tunnel for Indoor, Collapsible Pet Interactive Toy, Self-Happy Cat Toys, S-Type Cat Tunnel Toys for Puppy Kitten Accessories Home, Portable Feather Toy Tent for Rabbits and Cats",4.0,0,0
exp_20260728T142237Z_262a5eab,3a54a63f,lab_subject_12,lab_subject_12,lab,no_ads,a_none,none,none,swt_gardening_birthday_gift,Social,,0,0,6.0,1.6666666666666667,1.3333333333333333,2.0,5.0,4.0,3.0,1.0,3.0,2.0,4.0,5.0,7.0,6.0,6.0,2.0,2.0,3.0,1.0,7.0,6.0,1.0,1.0,7.0,1.0,4.0,5.0,6.0,4.0,382.593716,108.0,4,4,118.5,129.5,474.0,24.0,27.0,824.5,808.0,81900.28002423544,80687.29513324797,3,2938.05,4,0,0,0,0,0,,,,0,0
exp_20260729T085134Z_65b7fd8e,14a217fd,lab_subject_13,lab_subject_13,lab,block_early,a_exp_2,explicit,early,swt_fitness_restart,Social,explicit_ad_block,2,3,2.6666666666666665,3.3333333333333335,2.6666666666666665,3.3333333333333335,2.0,2.0,2.0,2.0,4.5,7.0,2.0,7.0,7.0,7.0,5.0,7.0,6.0,4.0,4.0,6.0,6.0,4.0,2.0,5.0,4.0,3.0,2.0,2.0,6.0,395.822046,191.0,4,4,203.75,123.5,815.0,39.0,25.0,1624.25,1792.0,43847.44966651002,50354.485457763076,3,5368.8,4,1,1,6,0,1,B0CDMBTZZT,"Tatub Adjustable Dumbbells 22LBS 44LBS Dumbbell Set with Tray, 5 in 1 Fast Adjustable Dumbbell with Anti-Slip Handle for Home Gym Full Body Workout Fitness for Men and Women",2.0,0,0
exp_20260729T085134Z_65b7fd8e,14a217fd,lab_subject_13,lab_subject_13,lab,block_late,a_exp_4,explicit,late,swt_gardening_birthday_gift,Social,explicit_ad_block,0,0,6.666666666666667,6.666666666666667,5.666666666666667,6.666666666666667,5.333333333333333,6.0,2.0,5.0,4.0,6.0,2.0,6.0,3.0,4.5,7.0,1.0,2.0,7.0,7.0,2.0,2.0,7.0,4.0,1.0,7.0,6.0,6.0,7.0,5.0,204.463795,70.0,4,4,122.25,102.5,489.0,23.0,17.0,480.75,524.0,37898.93030313154,35169.41121220589,3,2227.0,4,1,1,2,0,1,B0BXWBLP8P,"Comchoi Dog Planter Plant Pots, Cute Animal Shaped Cartoon Corgi Flower Planter, Succulent Planter for Living or Artificial Plants Indoor Outdoor Garden Decorate-Big-Corgi",4.0,0,0
exp_20260729T085134Z_65b7fd8e,14a217fd,lab_subject_13,lab_subject_13,lab,inline_early,a_imp_2,implicit,early,swt_pet_decision_and_setup,Informational,inline_persuasive,3,4,5.666666666666667,2.3333333333333335,2.0,3.3333333333333335,1.6666666666666667,3.0,2.0,2.0,4.0,6.0,2.0,6.0,6.0,6.0,3.0,1.0,1.0,3.0,2.0,6.0,6.0,2.0,2.0,4.0,2.0,4.0,2.0,1.0,6.0,154.338115,59.0,4,4,82.0,67.0,328.0,16.25,13.0,383.75,425.5,25885.195896029472,18027.64490991831,3,2072.7,4,1,1,0,0,1,B0C2ZHRKRZ,"4 Pcs Aquarium Plant Holder, Plastic Hanging Aquarium Plant Holder, Fish Tank Plant Holder with Holes and Hooks, Black Aquarium Planter Cups, Aquatic Plant Pots for Aquarium Decorations",2.0,0,0
exp_20260729T085134Z_65b7fd8e,14a217fd,lab_subject_13,lab_subject_13,lab,inline_late,a_imp_4,implicit,late,swt_laptop_budget,Transactional,inline_persuasive,0,1,3.0,2.6666666666666665,3.0,2.6666666666666665,1.3333333333333333,2.0,2.0,2.0,4.5,7.0,2.0,7.0,7.0,7.0,5.0,6.0,6.0,4.0,2.0,6.0,7.0,6.0,2.0,5.0,2.0,3.0,1.0,1.0,6.0,276.044155,52.0,4,4,92.5,94.0,370.0,17.5,18.0,1201.75,1235.0,55845.46832057337,44343.67729909718,3,4205.85,4,1,1,0,0,1,B0BX4XBL1Q,"Dell Latitude 5000 Series 5420 Business Laptop, 14"" FHD Touchscreen, Intel Core i5-1145G7 vPro, 64GB RAM, 1TB SSD, IR Webcam, HDMI, FP Reader, Backlit Keyboard, Wi-Fi 6, Windows 11 Pro",4.0,0,0
exp_20260729T085134Z_65b7fd8e,14a217fd,lab_subject_13,lab_subject_13,lab,no_ads,a_none,none,none,swt_study_environment,Transactional,,1,2,5.666666666666667,4.666666666666667,3.6666666666666665,4.666666666666667,5.666666666666667,5.0,3.0,2.0,2.0,2.0,2.0,2.0,5.0,3.5,5.0,2.0,2.0,5.0,5.0,4.0,5.0,6.0,2.0,5.0,5.0,6.0,7.0,5.0,3.0,308.631881,87.0,4,4,128.5,105.5,514.0,24.75,18.5,1180.0,1107.0,60825.088150178395,55555.54908886552,3,3528.6499999999996,4,0,0,0,0,0,,,,0,0
exp_20260729T141534Z_a0790737,804139c0,lab_subject_14,lab_subject_14,lab,block_early,a_exp_2,explicit,early,swt_laptop_budget,Transactional,explicit_ad_block,2,3,4.0,2.3333333333333335,1.0,2.3333333333333335,2.6666666666666665,2.0,1.0,1.0,7.0,7.0,7.0,7.0,7.0,7.0,5.0,4.0,5.0,3.0,2.0,6.0,7.0,1.0,1.0,6.0,3.0,2.0,6.0,1.0,7.0,247.958057,67.0,4,4,41.0,37.5,164.0,9.25,8.5,1393.0,1335.5,48441.10157775382,50561.44060380757,3,4504.0,4,1,1,6,0,1,B0C2Z5C8TM,"LETTON Colorful Adjustable Laptop Stand, Handy Laptop Riser, Aluminum Laptop Stand for Desk Foldable, Ergonomic Computer Notebook Stand Holder for MacBook Air Pro, Dell XPS, HP (9.7-16”) -Pink",2.0,0,0
exp_20260729T141534Z_a0790737,804139c0,lab_subject_14,lab_subject_14,lab,block_late,a_exp_4,explicit,late,swt_study_environment,Transactional,explicit_ad_block,3,4,6.333333333333333,5.0,7.0,6.666666666666667,2.0,7.0,7.0,7.0,7.0,7.0,7.0,7.0,7.0,7.0,7.0,2.0,2.0,7.0,6.0,6.0,1.0,7.0,7.0,1.0,6.0,7.0,2.0,2.0,6.0,343.048917,91.0,4,4,59.75,51.5,239.0,12.75,10.5,1024.75,949.5,71852.75561486681,69314.1001984477,3,3567.35,4,1,1,2,0,1,B0CF8JN9N8,ETasker Ergonomic Office Chair Home: Mesh Desk Chair with Adjustable Arms - Mid Back Computer Chairs for Women Adults - Swivel Task Chair Comfortable for Home Office,4.0,0,0
exp_20260729T141534Z_a0790737,804139c0,lab_subject_14,lab_subject_14,lab,inline_early,a_imp_2,implicit,early,swt_fitness_restart,Social,inline_persuasive,0,0,6.333333333333333,5.333333333333333,4.666666666666667,6.333333333333333,4.666666666666667,6.0,6.0,2.0,1.0,1.0,1.0,1.0,2.0,1.5,6.0,1.0,2.0,6.0,4.0,2.0,1.0,6.0,1.0,2.0,6.0,7.0,2.0,6.0,2.0,468.284513,83.0,4,4,30.5,29.5,122.0,6.25,6.0,646.75,645.5,104268.003810818,106185.14586798847,3,2457.2,4,1,1,0,0,1,B0BWQQH7Q8,"2 PCS Finger Strengthener, Grip Strength Trainer, Finger Exerciser, 6 Resistant Level Finger Exerciser, Hand Strengthener for Strength Training, 2023 New Finger Flexion Extension Training",2.0,0,0
exp_20260729T141534Z_a0790737,804139c0,lab_subject_14,lab_subject_14,lab,inline_late,a_imp_4,implicit,late,swt_pet_decision_and_setup,Informational,inline_persuasive,0,1,6.333333333333333,6.0,5.0,6.333333333333333,6.0,6.0,5.0,3.0,1.0,1.0,1.0,1.0,1.0,1.0,6.0,1.0,2.0,6.0,6.0,2.0,2.0,6.0,3.0,1.0,6.0,6.0,6.0,6.0,2.0,314.257277,54.0,4,4,61.0,48.0,244.0,13.5,11.0,708.25,714.0,67806.7398412774,67299.1314791143,3,2723.4,4,1,1,0,0,1,B0CB3Y7RWH,"Abicial Pet Parrot Bird Harness, Portable Parrot Bird Hamster Turtle Lizard Traction Rope Rein Pet Strap Leash Gift",4.0,0,0
exp_20260729T141534Z_a0790737,804139c0,lab_subject_14,lab_subject_14,lab,no_ads,a_none,none,none,swt_gardening_birthday_gift,Social,,1,2,6.333333333333333,5.666666666666667,4.0,6.0,2.0,5.0,5.0,3.0,7.0,7.0,7.0,7.0,6.0,6.5,6.0,2.0,1.0,6.0,6.0,3.0,5.0,5.0,4.0,2.0,6.0,6.0,2.0,2.0,6.0,182.503797,84.0,4,4,33.75,20.5,135.0,7.5,4.5,151.5,171.0,27472.372472286224,26395.260138437152,3,1561.5,4,0,0,0,0,0,,,,0,0
exp_20260730T074927Z_347e077f,d01ce181,lab_subject_15,lab_subject_15,lab,block_early,a_exp_2,explicit,early,swt_fitness_restart,Social,explicit_ad_block,1,2,5.666666666666667,5.333333333333333,4.666666666666667,5.333333333333333,4.666666666666667,5.0,5.0,4.0,7.0,7.0,7.0,7.0,3.0,5.0,5.0,2.0,2.0,5.0,6.0,3.0,2.0,5.0,3.0,3.0,5.0,6.0,5.0,3.0,2.0,480.138472,138.0,4,4,265.5,237.5,1062.0,53.75,47.5,833.75,841.0,90266.12312408786,91769.85630951822,3,2914.4,4,1,1,6,0,1,B0C2NKQV18,"Discet Outdoor Game | Bond with Friends and Family in The Yard Or at The Beach, Play and Create Super Fun Games with Flying Discs",2.0,0,0
exp_20260730T074927Z_347e077f,d01ce181,lab_subject_15,lab_subject_15,lab,block_late,a_exp_4,explicit,late,swt_pet_decision_and_setup,Informational,explicit_ad_block,2,3,5.666666666666667,5.666666666666667,4.333333333333333,5.333333333333333,4.0,5.0,3.0,3.0,7.0,7.0,7.0,7.0,4.0,5.5,5.0,2.0,2.0,6.0,6.0,3.0,3.0,5.0,3.0,3.0,6.0,5.0,5.0,2.0,3.0,628.123976,289.0,4,4,468.5,271.0,1874.0,93.75,58.0,566.0,514.5,93023.39611761272,83510.7137747109,3,2232.15,4,1,1,2,0,1,B0C19KYLDX,Vet Promise Dog Vitamins and Supplements - Senior & Puppy Multivitamin for Dogs - Pet Joint Support Health - Skin- Immunity - Mobility - Gut,4.0,0,0
exp_20260730T074927Z_347e077f,d01ce181,lab_subject_15,lab_subject_15,lab,inline_early,a_imp_2,implicit,early,swt_gardening_birthday_gift,Social,inline_persuasive,3,4,5.666666666666667,6.0,4.333333333333333,5.666666666666667,4.0,6.0,3.0,2.0,6.0,6.0,6.0,2.0,3.0,2.5,6.0,2.0,3.0,6.0,6.0,2.0,3.0,6.0,2.0,3.0,6.0,6.0,5.0,2.0,3.0,361.972583,79.0,4,4,178.75,156.0,715.0,32.25,27.5,871.5,868.5,71774.78529388706,67327.60268636048,3,2932.3,4,1,1,0,0,1,B0BV6SYK4J,"vanpein Raised Garden Bed with Trellis, 59"" Planter Boxes Tomato Cage Support for Garden Heavy Duty Plant Stakes for Climbing Plants Vegetables Flowers Fruit, Gray",2.0,0,0
exp_20260730T074927Z_347e077f,d01ce181,lab_subject_15,lab_subject_15,lab,inline_late,a_imp_4,implicit,late,swt_laptop_budget,Transactional,inline_persuasive,0,0,4.333333333333333,5.666666666666667,4.333333333333333,5.0,4.333333333333333,4.0,5.0,3.0,4.0,6.0,2.0,5.0,5.0,5.0,5.0,3.0,5.0,6.0,6.0,3.0,3.0,5.0,3.0,3.0,5.0,5.0,5.0,3.0,3.0,366.795469,115.0,4,4,148.5,124.5,594.0,28.0,23.5,1815.75,1740.0,59278.843474263944,58461.849158629775,3,5524.25,4,1,1,0,0,1,B0CDSNF6VR,"LENOVO Legion 5 Pro 16"" QHD 165Hz Gaming Laptop, AMD Ryzen 9 6900HX, 32GB DDR5 RAM, 1TB PCIe SSD, NVIDIA GeForce RTX 3070Ti, Backlit Keyboard, 720P Webcam, Grey, Win 11, 32GB SnowBell USB Card",4.0,0,0
exp_20260730T074927Z_347e077f,d01ce181,lab_subject_15,lab_subject_15,lab,no_ads,a_none,none,none,swt_study_environment,Transactional,,0,1,5.666666666666667,5.666666666666667,5.333333333333333,5.666666666666667,4.333333333333333,6.0,5.0,5.0,3.5,6.0,1.0,5.0,4.0,4.5,6.0,2.0,3.0,6.0,6.0,3.0,3.0,6.0,5.0,3.0,6.0,6.0,6.0,2.0,3.0,752.878487,248.0,4,4,325.5,197.0,1302.0,60.25,35.5,3519.5,3368.5,134320.84674263993,157741.57780781388,3,8334.0,4,0,0,0,0,0,,,,0,0
exp_20260730T110035Z_a5786cb8,67da526a,lab_subject_16,lab_subject_16,lab,block_early,a_exp_2,explicit,early,swt_laptop_budget,Transactional,explicit_ad_block,3,4,6.666666666666667,6.666666666666667,4.666666666666667,6.666666666666667,4.666666666666667,3.0,7.0,7.0,7.0,7.0,7.0,7.0,4.0,5.5,7.0,2.0,1.0,7.0,7.0,2.0,7.0,7.0,6.0,2.0,7.0,7.0,6.0,5.0,5.0,264.707488,63.0,4,4,138.0,139.5,552.0,28.25,28.5,2393.25,2170.0,45934.420919045806,47892.39289984107,3,7393.65,4,1,1,6,0,1,B0BZZQB8V6,"CPU Express i9 Video Editing PC, HD 4K 8K 3D Modeling Computer, 12900KF to 5.2Ghz 16 Core, 128GB RAM, 2000GB NVMe SSD, Win 11 Pro, Quadro RTX A4000, CPU Solutions CEV-9085",2.0,0,0
exp_20260730T110035Z_a5786cb8,67da526a,lab_subject_16,lab_subject_16,lab,block_late,a_exp_4,explicit,late,swt_pet_decision_and_setup,Informational,explicit_ad_block,1,2,5.666666666666667,1.6666666666666667,2.3333333333333335,3.3333333333333335,2.6666666666666665,1.0,1.0,1.0,7.0,7.0,7.0,7.0,7.0,7.0,5.0,2.0,2.0,2.0,2.0,7.0,5.0,2.0,2.0,5.0,2.0,5.0,5.0,2.0,7.0,267.025482,58.0,4,4,204.25,230.0,817.0,44.0,49.5,1144.25,1141.5,52031.55564578871,54805.70518411696,3,3752.35,4,1,1,2,0,1,B0BWRNWZW4,"Lifeand 56.7''L Rabbit Hutch with Pull Out Tray, Ramp, Lockable Doors,Wooden Small Animal House,Outdoor or Indoor,Gray+White",4.0,0,0
exp_20260730T110035Z_a5786cb8,67da526a,lab_subject_16,lab_subject_16,lab,inline_early,a_imp_2,implicit,early,swt_fitness_restart,Social,inline_persuasive,0,1,2.3333333333333335,6.666666666666667,4.333333333333333,6.666666666666667,5.333333333333333,4.0,5.0,2.0,6.5,6.0,7.0,5.0,1.0,3.0,3.0,6.0,6.0,7.0,7.0,2.0,5.0,6.0,4.0,1.0,7.0,6.0,5.0,5.0,2.0,261.794133,29.0,4,4,164.75,159.0,659.0,33.0,32.0,339.25,344.0,68837.27714046836,71153.11334840953,3,1904.15,4,1,1,0,0,1,B0BW8F24Q4,"Abs Muscle, Muscle Toner, Portable Muscle Trainer, Fitness Equipment, USB Rechargeable Gear for Abdomen, Arm, Leg, Workout Equipment for Men and Woman, 10 Pcs Free Gel Pads",2.0,0,0
exp_20260730T110035Z_a5786cb8,67da526a,lab_subject_16,lab_subject_16,lab,inline_late,a_imp_4,implicit,late,swt_gardening_birthday_gift,Social,inline_persuasive,2,3,7.0,7.0,5.666666666666667,7.0,5.0,6.0,7.0,7.0,7.0,7.0,7.0,7.0,5.0,6.0,7.0,1.0,1.0,7.0,7.0,1.0,5.0,7.0,7.0,1.0,7.0,7.0,7.0,1.0,1.0,202.398379,63.0,4,4,146.0,143.0,584.0,26.75,27.5,452.0,472.5,34873.18006902933,21361.078647896647,3,2156.4,4,1,1,0,0,1,B0C16N5CHR,"Artificial Lotus Flowers Water Lilies for Pond Pool , 10 Pcs Realistic Floating Foam Lotus Flowers with Lily Pads , 4"" and 6"" Large Beautiful Lifelike Water Lilies for Fountain Garden Decoration",4.0,0,0
exp_20260730T110035Z_a5786cb8,67da526a,lab_subject_16,lab_subject_16,lab,no_ads,a_none,none,none,swt_study_environment,Transactional,,0,0,7.0,6.333333333333333,4.666666666666667,7.0,6.666666666666667,4.0,5.0,5.0,1.5,2.0,1.0,1.0,1.0,1.0,7.0,1.0,1.0,7.0,5.0,1.0,6.0,7.0,5.0,1.0,7.0,7.0,6.0,7.0,1.0,278.375729,34.0,4,4,174.25,163.0,697.0,34.75,32.0,838.5,853.5,68895.3872974962,69167.9967995733,3,2907.05,4,0,0,0,0,0,,,,0,0
exp_20260730T143127Z_9fcb5eb7,e3739fc8,lab_subject_17,lab_subject_17,lab,block_early,a_exp_2,explicit,early,swt_pet_decision_and_setup,Informational,explicit_ad_block,0,0,2.0,1.3333333333333333,1.0,1.0,2.3333333333333335,1.0,1.0,1.0,3.5,6.0,1.0,5.0,6.0,5.5,2.0,6.0,6.0,1.0,1.0,6.0,7.0,1.0,1.0,7.0,1.0,1.0,1.0,1.0,3.0,180.3012,47.0,4,4,154.0,49.5,616.0,27.25,11.0,840.25,902.0,34153.21686988076,41052.71823331714,3,3204.2,4,1,1,6,0,1,B0BS9SMCB7,"Hamster Bedding, Natural Hamster Bedding Flowers Herbs Cereal Grain For House Cage Habitat Enclosure Decor- Hamster Chews for Gerbils Mouse Rat Lemming Degus Guinea Pig or Small Animal Bedding Pets",2.0,0,0
exp_20260730T143127Z_9fcb5eb7,e3739fc8,lab_subject_17,lab_subject_17,lab,block_late,a_exp_4,explicit,late,swt_fitness_restart,Social,explicit_ad_block,3,4,4.0,1.0,1.6666666666666667,3.0,1.6666666666666667,1.0,1.0,1.0,7.0,7.0,7.0,7.0,7.0,7.0,1.0,2.0,3.0,1.0,1.0,7.0,7.0,3.0,1.0,7.0,7.0,1.0,1.0,1.0,5.0,143.488992,16.0,4,4,151.0,46.5,604.0,26.25,10.5,593.25,654.5,31996.01349979639,28926.867006346583,3,2678.55,4,1,1,2,0,1,B0C9ZRX47S,"Puzzle Exercise Floor Mat EVA Interlocking Foam Tiles Exercise Equipment Mat Workout Mats Flooring for Home Gym 20 Square Feet Gym Floor Mats for Gyms, Yoga, Workout",4.0,0,0
exp_20260730T143127Z_9fcb5eb7,e3739fc8,lab_subject_17,lab_subject_17,lab,inline_early,a_imp_2,implicit,early,swt_gardening_birthday_gift,Social,inline_persuasive,0,1,2.0,1.0,1.0,1.0,1.0,1.0,1.0,1.0,6.0,7.0,5.0,7.0,7.0,7.0,1.0,4.0,7.0,1.0,1.0,7.0,7.0,1.0,1.0,7.0,1.0,1.0,1.0,1.0,7.0,111.350113,16.0,4,4,166.75,89.5,667.0,29.75,19.5,587.0,637.5,24448.843074341614,25049.659634009004,3,2575.35,4,1,1,0,0,1,B0BRZSD1CZ,"Generic Weeding Rake Agricultural Tools Flower Beds Gardening Hoe for Gardening Gardening Gifts, 7 Tooth",2.0,0,0
exp_20260730T143127Z_9fcb5eb7,e3739fc8,lab_subject_17,lab_subject_17,lab,inline_late,a_imp_4,implicit,late,swt_study_environment,Transactional,inline_persuasive,2,3,6.0,5.333333333333333,5.0,4.0,2.3333333333333335,3.0,5.0,1.0,7.0,7.0,7.0,6.0,4.0,5.0,5.0,2.0,1.0,5.0,5.0,2.0,1.0,6.0,2.0,1.0,1.0,4.0,1.0,1.0,3.0,138.185279,24.0,4,4,185.5,60.0,742.0,29.0,11.0,1085.5,1158.5,28439.71254987021,27509.867263957858,3,3363.75,4,1,1,0,0,1,B0BSH59F58,"Sweetcrispy, Ergonomic Home Office Desk, Mid Back Mesh Computer, Cute Swivel Rolling Task Chair with Lumbar Support and Armrests, Grey",4.0,0,0
exp_20260730T143127Z_9fcb5eb7,e3739fc8,lab_subject_17,lab_subject_17,lab,no_ads,a_none,none,none,swt_laptop_budget,Transactional,,1,2,4.0,1.0,2.0,1.3333333333333333,2.6666666666666665,1.0,1.0,1.0,4.0,7.0,1.0,5.0,3.0,4.0,1.0,3.0,2.0,1.0,1.0,7.0,5.0,2.0,1.0,6.0,1.0,1.0,1.0,2.0,3.0,267.629689,52.0,4,4,88.5,57.0,354.0,16.5,11.0,2775.75,3047.5,18542.736106241744,13942.617082968354,3,9031.85,4,0,0,0,0,0,,,,0,0
exp_20260731T134108Z_a4a5b76b,d14362ea,lab_subject_18,lab_subject_18,lab,block_early,a_exp_2,explicit,early,swt_fitness_restart,Social,explicit_ad_block,3,4,5.0,1.3333333333333333,1.0,1.0,7.0,1.0,1.0,1.0,7.0,7.0,7.0,7.0,7.0,7.0,1.0,1.0,1.0,1.0,2.0,7.0,7.0,1.0,1.0,7.0,1.0,1.0,7.0,7.0,1.0,176.521791,28.0,4,4,55.75,59.0,223.0,9.75,9.5,363.0,319.5,44235.649247964226,48186.299204826355,3,1765.15,4,1,1,6,0,1,B0BS3SB2KP,Junkin 4 Pcs Soft Foam Soccer Ball for Kids Beginner 6'' Official Size 2 Indoor Outdoor Mini Sponge Soft Soccer Ball for Practice Backyard Play Toddlers Games,2.0,0,0
exp_20260731T134108Z_a4a5b76b,d14362ea,lab_subject_18,lab_subject_18,lab,block_late,a_exp_4,explicit,late,swt_study_environment,Transactional,explicit_ad_block,2,3,7.0,7.0,5.333333333333333,7.0,7.0,7.0,5.0,5.0,7.0,7.0,7.0,6.0,1.0,3.5,7.0,1.0,1.0,7.0,7.0,1.0,1.0,7.0,2.0,1.0,7.0,7.0,7.0,7.0,1.0,418.012837,71.0,4,4,90.0,76.5,360.0,17.75,14.5,952.0,964.0,101902.38423955937,86623.75231459737,3,3524.1,4,1,1,2,0,1,B0BWS9PW98,"VIVO Premium Aluminum Heavy Duty Monitor Arm for Ultrawide Monitors up to 49 inches and 33 lbs, Single Desk Mount Stand, Pneumatic Height, Max VESA 100x100, White, STAND-V101G1W",4.0,0,0
exp_20260731T134108Z_a4a5b76b,d14362ea,lab_subject_18,lab_subject_18,lab,inline_early,a_imp_2,implicit,early,swt_pet_decision_and_setup,Informational,inline_persuasive,0,0,7.0,7.0,6.666666666666667,7.0,7.0,7.0,7.0,5.0,1.0,1.0,1.0,1.0,1.0,1.0,7.0,1.0,1.0,7.0,7.0,1.0,1.0,7.0,6.0,1.0,7.0,7.0,7.0,7.0,1.0,166.15657,44.0,4,4,30.25,29.5,121.0,6.75,7.0,527.75,570.5,30440.17268468936,38595.510087907314,3,2576.55,4,1,1,0,0,1,B0C68TZX3P,"Cat Easy to Clean, No Odor High Sided Kitten Litter Pan Cat Toilet Pets Supplies Open Top Pet Litter Tray for Rabbit Small Pets, Gray",2.0,0,0
exp_20260731T134108Z_a4a5b76b,d14362ea,lab_subject_18,lab_subject_18,lab,inline_late,a_imp_4,implicit,late,swt_laptop_budget,Transactional,inline_persuasive,1,2,6.666666666666667,4.666666666666667,4.666666666666667,4.333333333333333,6.333333333333333,5.0,3.0,3.0,6.5,6.0,7.0,6.0,6.0,6.0,6.0,1.0,1.0,5.0,5.0,4.0,2.0,5.0,3.0,5.0,5.0,5.0,6.0,6.0,1.0,422.693983,61.0,4,4,38.25,7.5,153.0,7.25,2.0,2120.0,2539.0,94598.15918343763,63601.776188239455,3,8832.2,4,1,1,0,0,1,B0BZ941GKF,"Lenovo 15ARH7, Ideapad Gaming 3 15.6"" FHD Gaming Laptop 120Hz AMD Ryzen 7-7735HS 16GB RAM 512GB SSD NVIDIA GeForce RTX 4050 Windows 11 Onyx Grey",4.0,0,0
exp_20260731T134108Z_a4a5b76b,d14362ea,lab_subject_18,lab_subject_18,lab,no_ads,a_none,none,none,swt_gardening_birthday_gift,Social,,0,1,6.333333333333333,5.0,3.6666666666666665,6.0,6.666666666666667,5.0,5.0,3.0,3.5,6.0,1.0,1.0,6.0,3.5,5.0,1.0,1.0,5.0,6.0,4.0,6.0,5.0,4.0,1.0,6.0,5.0,7.0,6.0,1.0,126.820064,31.0,4,4,44.5,44.0,178.0,9.0,8.5,280.0,291.0,24518.0040790389,26632.89201632142,3,1823.15,4,0,0,0,0,0,,,,0,0
exp_20260731T171043Z_61871403,d9dc61d8,lab_subject_19,lab_subject_19,lab,block_early,a_exp_2,explicit,early,swt_study_environment,Transactional,explicit_ad_block,2,3,5.666666666666667,5.333333333333333,4.666666666666667,5.333333333333333,2.6666666666666665,5.0,6.0,3.0,7.0,7.0,7.0,7.0,6.0,6.5,5.0,2.0,2.0,5.0,5.0,2.0,1.0,5.0,2.0,2.0,5.0,5.0,3.0,2.0,5.0,362.688462,83.0,4,4,146.5,126.0,586.0,29.5,26.0,1161.25,1183.5,79893.5807167242,91575.63086785376,3,3483.55,4,1,1,6,0,1,B0BVR8VM8J,"DUMOS Ergonomic Home Office Desk Adjustable Headrest/Armrests, Mesh Computer Chair with Lumbar Support and Tilt Function, Blue, Popular Sliver",2.0,0,0
exp_20260731T171043Z_61871403,d9dc61d8,lab_subject_19,lab_subject_19,lab,block_late,a_exp_4,explicit,late,swt_fitness_restart,Social,explicit_ad_block,3,4,6.666666666666667,6.333333333333333,5.0,6.333333333333333,3.3333333333333335,6.0,5.0,2.0,7.0,7.0,7.0,7.0,6.0,6.5,6.0,1.0,1.0,6.0,6.0,1.0,1.0,6.0,2.0,1.0,6.0,6.0,3.0,5.0,6.0,326.756246,95.0,4,4,153.75,165.0,615.0,30.5,31.5,1242.75,1043.0,61945.1161356022,76651.3198427856,3,3670.85,4,1,1,2,0,1,B0C1VFNS7C,"Fitness Tracker with Heart Rate Monitor Blood Pressure Monitor Sleep Monitor for Men and Women, Advanced Waterproof Activity Monitor Fitness Watch with Step Counter Pedometer",4.0,0,0
exp_20260731T171043Z_61871403,d9dc61d8,lab_subject_19,lab_subject_19,lab,inline_early,a_imp_2,implicit,early,swt_gardening_birthday_gift,Social,inline_persuasive,0,1,6.333333333333333,5.666666666666667,6.333333333333333,5.666666666666667,2.3333333333333335,6.0,5.0,5.0,7.0,7.0,7.0,7.0,5.0,6.0,6.0,1.0,2.0,6.0,5.0,2.0,1.0,6.0,6.0,2.0,5.0,6.0,3.0,1.0,5.0,414.403838,155.0,4,4,145.5,112.5,582.0,26.25,21.0,1060.5,1149.5,64926.11304298043,78399.68759194016,3,3966.2999999999997,4,1,1,0,0,1,B0BXJWH4KL,"Dope Clips, Premium Gardening Scissors, Stainless Steel Non Stick Blade, Flowers, Bud, Pruning,Arts and Craft, Sharp Scissors, Perecision Scissors, Easy Grip, Easy cleaning.",2.0,0,0
exp_20260731T171043Z_61871403,d9dc61d8,lab_subject_19,lab_subject_19,lab,inline_late,a_imp_4,implicit,late,swt_laptop_budget,Transactional,inline_persuasive,1,2,6.666666666666667,6.0,5.333333333333333,6.0,2.3333333333333335,6.0,6.0,2.0,7.0,7.0,7.0,6.0,4.0,5.0,6.0,1.0,1.0,6.0,5.0,1.0,1.0,6.0,3.0,2.0,6.0,6.0,4.0,1.0,6.0,356.829568,83.0,4,4,99.5,56.5,398.0,21.0,12.0,1675.0,1746.0,63525.25801459948,69976.24486871064,3,5625.35,4,1,1,0,0,1,B0C8GNPF42,"Apple Late 2021 MacBook Pro M1 Pro chip 10-core CPU (16-inch, 16GB RAM, 512GB SSD Storage) (QWERTY English) Space Gray (Renewed Premium)",4.0,0,0
exp_20260731T171043Z_61871403,d9dc61d8,lab_subject_19,lab_subject_19,lab,no_ads,a_none,none,none,swt_pet_decision_and_setup,Informational,,0,0,6.0,5.666666666666667,5.0,5.0,3.0,6.0,6.0,3.0,2.0,2.0,2.0,2.0,2.0,2.0,6.0,2.0,2.0,6.0,5.0,2.0,2.0,6.0,3.0,4.0,5.0,6.0,4.0,2.0,5.0,231.134453,89.0,4,4,119.5,122.0,478.0,25.0,26.5,886.75,636.0,40609.58198706309,46936.41500361264,3,2763.9,4,0,0,0,0,0,,,,0,0
exp_20260721T134702Z_ab38d57a,bc557297,lab_subject_2,lab_subject_2,lab,block_early,a_exp_2,explicit,early,swt_laptop_budget,Transactional,explicit_ad_block,2,3,7.0,7.0,6.666666666666667,7.0,6.0,7.0,7.0,7.0,7.0,7.0,7.0,1.0,1.0,1.0,7.0,1.0,1.0,7.0,7.0,1.0,1.0,7.0,6.0,1.0,7.0,7.0,7.0,7.0,4.0,276.645312,76.0,4,4,145.0,74.5,580.0,27.5,13.5,2783.5,2836.5,47930.997018391885,47982.57200047374,3,7864.35,4,1,1,1,0,1,B0BSNYZYDF,"Lenovo ThinkBook 13s G3 ACN 13.3"" Laptop AMD Ryzen 7 5800U 16GB 512GB SSD W10P (Renewed)",2.0,0,0
exp_20260721T134702Z_ab38d57a,bc557297,lab_subject_2,lab_subject_2,lab,block_late,a_exp_4,explicit,late,swt_gardening_birthday_gift,Social,explicit_ad_block,1,2,6.666666666666667,5.0,5.0,5.666666666666667,3.6666666666666665,5.0,5.0,4.0,7.0,7.0,7.0,6.0,6.0,6.0,6.0,1.0,1.0,4.0,5.0,2.0,2.0,4.0,5.0,1.0,4.0,6.0,4.0,5.0,6.0,217.730588,46.0,4,4,136.5,125.5,546.0,26.25,26.5,794.75,775.0,42576.576160887875,29641.32536202669,3,2911.1000000000004,4,1,1,1,0,1,B0BRZSD1CZ,"Generic Weeding Rake Agricultural Tools Flower Beds Gardening Hoe for Gardening Gardening Gifts, 7 Tooth",4.0,0,0
exp_20260721T134702Z_ab38d57a,bc557297,lab_subject_2,lab_subject_2,lab,inline_early,a_imp_2,implicit,early,swt_fitness_restart,Social,inline_persuasive,0,0,6.666666666666667,5.0,4.666666666666667,5.333333333333333,5.666666666666667,5.0,4.0,4.0,6.0,7.0,5.0,6.0,7.0,6.5,6.0,1.0,1.0,5.0,6.0,4.0,5.0,5.0,6.0,4.0,6.0,6.0,7.0,6.0,4.0,200.702935,69.0,4,4,147.25,117.5,589.0,28.25,22.5,794.5,699.5,35316.77185681959,37904.648311436176,3,2811.0,4,1,1,1,0,1,B0C4N7JVDN,"Resistance Exercise for Working Out,Exercise Bands with Instruction Guide and Carry Bag Set of 5 Fitness Elastic Bands for Exercise,Gym,Training,Yoga",2.0,0,0
exp_20260721T134702Z_ab38d57a,bc557297,lab_subject_2,lab_subject_2,lab,inline_late,a_imp_4,implicit,late,swt_study_environment,Transactional,inline_persuasive,3,4,7.0,7.0,7.0,7.0,6.0,7.0,7.0,7.0,3.5,1.0,6.0,1.0,1.0,1.0,7.0,1.0,1.0,7.0,7.0,1.0,1.0,7.0,7.0,1.0,7.0,7.0,7.0,7.0,4.0,203.094994,46.0,4,4,150.25,151.5,601.0,28.0,27.5,971.5,997.0,36224.39058497548,44611.75062507391,3,3150.15,4,1,1,1,0,1,B0C7LFDS3X,"Marsail L Shaped Standing Desk, 63x55 Inch Standing Desk Adjustable Height with 4-in 1 Electical Outlet, Electric Standing Desk Stand up Desk for Home Office Sturdy Writing Workstation",4.0,0,0
exp_20260721T134702Z_ab38d57a,bc557297,lab_subject_2,lab_subject_2,lab,no_ads,a_none,none,none,swt_pet_decision_and_setup,Informational,,0,1,2.6666666666666665,2.3333333333333335,2.0,3.6666666666666665,3.3333333333333335,1.0,1.0,1.0,1.0,1.0,1.0,1.0,1.0,1.0,2.0,4.0,6.0,2.0,4.0,7.0,7.0,4.0,1.0,5.0,4.0,4.0,3.0,6.0,7.0,177.199966,34.0,4,4,137.75,134.5,551.0,28.25,28.0,745.5,743.0,33156.131540735565,36901.94801427424,3,2693.1000000000004,4,0,0,0,0,0,,,,0,0
exp_20260722T074803Z_c9a5b77e,e6ac40de,lab_subject_3,lab_subject_3,lab,block_early,a_exp_2,explicit,early,swt_gardening_birthday_gift,Social,explicit_ad_block,0,1,4.0,5.333333333333333,3.3333333333333335,4.333333333333333,2.3333333333333335,5.0,5.0,6.0,7.0,7.0,7.0,7.0,7.0,7.0,6.0,4.0,6.0,6.0,5.0,3.0,6.0,5.0,3.0,5.0,5.0,5.0,2.0,3.0,6.0,282.327954,59.0,4,4,92.25,100.0,369.0,19.25,22.0,528.75,544.5,60430.97469831506,62881.2145832926,3,2402.85,4,1,1,1,0,1,B0BXRQN8FN,Garden Seed Storage Organizer Large - Seed Organizer Storage Box for Cucumber Zucchini Pumpkin Sunflower Corn Beans Loofah Sunflower Seed Storage Box Plastic with Labels 48 Seed Box Containers,2.0,0,0
exp_20260722T074803Z_c9a5b77e,e6ac40de,lab_subject_3,lab_subject_3,lab,block_late,a_exp_4,explicit,late,swt_pet_decision_and_setup,Informational,explicit_ad_block,0,0,6.333333333333333,6.666666666666667,6.333333333333333,6.333333333333333,4.333333333333333,5.0,4.0,6.0,7.0,7.0,7.0,7.0,7.0,7.0,6.0,1.0,2.0,7.0,6.0,1.0,2.0,7.0,6.0,1.0,6.0,6.0,6.0,4.0,5.0,237.360308,100.0,4,4,86.25,62.5,345.0,18.0,14.0,376.5,401.0,30612.060197939474,24677.886156365275,3,1996.5,4,1,1,1,0,1,B0BSNZ4M3T,"Aqueon Nutrinsect Fish-Free Fish Food, Betta Pellets, 1.41 oz",4.0,0,0
exp_20260722T074803Z_c9a5b77e,e6ac40de,lab_subject_3,lab_subject_3,lab,inline_early,a_imp_2,implicit,early,swt_study_environment,Transactional,inline_persuasive,2,3,4.333333333333333,5.666666666666667,4.333333333333333,5.666666666666667,3.6666666666666665,5.0,6.0,5.0,7.0,7.0,7.0,7.0,7.0,7.0,5.0,4.0,4.0,6.0,6.0,3.0,5.0,5.0,5.0,2.0,6.0,5.0,5.0,4.0,6.0,292.932198,95.0,4,4,69.0,35.5,276.0,13.75,7.0,693.5,676.0,40204.06767850121,41610.71088351309,3,3014.8999999999996,4,1,1,1,0,1,B0BVR8VM8J,"DUMOS Ergonomic Home Office Desk Adjustable Headrest/Armrests, Mesh Computer Chair with Lumbar Support and Tilt Function, Blue, Popular Sliver",2.0,0,0
exp_20260722T074803Z_c9a5b77e,e6ac40de,lab_subject_3,lab_subject_3,lab,inline_late,a_imp_4,implicit,late,swt_laptop_budget,Transactional,inline_persuasive,1,2,4.666666666666667,5.0,4.333333333333333,4.333333333333333,3.0,6.0,6.0,5.0,4.0,7.0,1.0,5.0,4.0,4.5,6.0,3.0,5.0,6.0,5.0,4.0,5.0,5.0,5.0,5.0,5.0,5.0,4.0,3.0,6.0,379.492821,69.0,4,4,70.75,67.5,283.0,15.5,16.5,2171.5,2202.5,62773.38883715371,63931.90752714872,3,7460.799999999999,4,1,1,1,0,1,B08PP2PSKB,"HP 17.3"" FHD IPS Premium Laptop | AMD Ryzen 5 5500U Six-Core | Windows 10 Home (Silver, 32GB DDR4 | 1TB SSD+1TB HDD)",4.0,0,0
exp_20260722T074803Z_c9a5b77e,e6ac40de,lab_subject_3,lab_subject_3,lab,no_ads,a_none,none,none,swt_fitness_restart,Social,,3,4,7.0,6.666666666666667,6.0,6.0,6.0,7.0,7.0,6.0,1.0,1.0,1.0,1.0,1.0,1.0,7.0,1.0,1.0,7.0,6.0,1.0,1.0,6.0,5.0,2.0,6.0,6.0,6.0,6.0,2.0,301.975154,103.0,4,4,127.0,127.0,508.0,26.0,26.0,262.75,247.5,54052.34960528711,45270.223911851645,3,1739.6,4,0,0,0,0,0,,,,0,0
exp_20260724T112220Z_6cc09f28,610774d7,lab_subject_5,lab_subject_5,lab,block_early,a_exp_2,explicit,early,swt_pet_decision_and_setup,Informational,explicit_ad_block,3,4,6.0,5.666666666666667,5.666666666666667,6.0,5.0,6.0,4.0,4.0,1.0,1.0,1.0,1.0,2.0,1.5,6.0,2.0,2.0,6.0,6.0,3.0,2.0,6.0,5.0,2.0,6.0,6.0,6.0,4.0,3.0,298.410231,154.0,4,4,112.25,78.5,449.0,22.5,14.0,425.0,413.0,37894.39838627974,44361.794440075755,3,2237.8,0,1,0,0,0,1,B0BX2WR21W,POPETPOP Turtle Floating Terrace Basking Platform for Aquatic Turtles Fish Aquarium Accessories Desktop Accessories Wear-Resistant Tortoise Platform Decorative Turtle Platform Turtle Dock,2.0,0,0
exp_20260724T112220Z_6cc09f28,610774d7,lab_subject_5,lab_subject_5,lab,block_late,a_exp_4,explicit,late,swt_fitness_restart,Social,explicit_ad_block,2,3,6.666666666666667,6.333333333333333,5.666666666666667,6.0,6.0,6.0,5.0,4.0,1.0,1.0,1.0,1.0,2.0,1.5,6.0,1.0,1.0,6.0,7.0,2.0,2.0,6.0,5.0,2.0,6.0,6.0,6.0,6.0,2.0,242.026742,90.0,4,4,117.25,98.5,469.0,22.75,21.0,648.0,648.5,41667.23632377883,41901.69068984687,3,2756.3999999999996,0,1,0,0,0,1,B0BTKLBP13,"The Bodyweight Home Workout Journal. 13-Week Program. NO EQUIPMENT NEEDED. Fitness Planner / Workout Book that tells you exactly what to do and how to track progress. Provides completely guided workouts, # of sets to do for each exercise, # reps to aim for, and provides a place to track all your progress. Workout Journal for Women & Men. Workout Planner for Women. Workout Log Book / Fitness Journal / Workout Notebook. (Spiral Bound)",4.0,0,0
exp_20260724T112220Z_6cc09f28,610774d7,lab_subject_5,lab_subject_5,lab,inline_early,a_imp_2,implicit,early,swt_laptop_budget,Transactional,inline_persuasive,0,1,6.333333333333333,6.333333333333333,5.666666666666667,6.0,5.0,6.0,6.0,5.0,4.5,7.0,2.0,4.0,4.0,4.0,7.0,2.0,2.0,7.0,6.0,2.0,2.0,6.0,5.0,2.0,6.0,6.0,6.0,6.0,5.0,299.008498,127.0,4,4,133.25,66.5,533.0,24.0,12.5,750.5,708.5,50157.43334032595,52308.25239047408,3,3154.7,0,1,0,0,0,1,B0BTRB6W8C,"Lenovo IdeaPad Laptop for Business & Studenet, 14'' HD Micro-Edge Display, Intel Celeron N4020, 4GB RAM, 64GB eMMC, USB-C, SD Card Reader, SPS Wireless Mouse, Cloud Grey, Win 11 S, (82V6S00000)",2.0,0,0
exp_20260724T112220Z_6cc09f28,610774d7,lab_subject_5,lab_subject_5,lab,inline_late,a_imp_4,implicit,late,swt_study_environment,Transactional,inline_persuasive,1,2,6.333333333333333,6.666666666666667,5.666666666666667,6.333333333333333,6.333333333333333,6.0,5.0,5.0,7.0,7.0,7.0,2.0,2.0,2.0,6.0,1.0,2.0,6.0,7.0,1.0,2.0,6.0,5.0,2.0,7.0,6.0,6.0,7.0,2.0,315.620088,80.0,4,4,122.25,105.5,489.0,23.0,20.5,839.5,947.5,66019.82693125804,72215.78005515039,3,3077.95,0,1,0,0,0,1,B0BVFYHJJT,"Office Chair, Home Office Chair Desk Chairs with Wheels, Ergonomic Office Chair Height Adjustable Computer Chair Mesh Office Chair Flip Up Arms,Swivel Rolling Chair Lumbar Support, Rock and Lock",4.0,0,0
exp_20260724T112220Z_6cc09f28,610774d7,lab_subject_5,lab_subject_5,lab,no_ads,a_none,none,none,swt_gardening_birthday_gift,Social,,0,0,6.333333333333333,6.333333333333333,6.0,6.666666666666667,6.333333333333333,6.0,5.0,5.0,4.5,7.0,2.0,3.0,2.0,2.5,6.0,1.0,2.0,6.0,7.0,2.0,2.0,7.0,5.0,2.0,7.0,7.0,6.0,7.0,2.0,253.749505,82.0,4,4,88.5,70.5,354.0,15.75,13.5,780.25,875.5,51492.08884127438,48881.96123763919,3,3070.65,0,0,0,0,0,0,,,,0,0
exp_20260724T141230Z_1be52b79,20b5325d,lab_subject_6,lab_subject_6,lab,block_early,a_exp_2,explicit,early,swt_pet_decision_and_setup,Informational,explicit_ad_block,1,2,6.333333333333333,5.333333333333333,4.666666666666667,5.0,4.333333333333333,5.0,5.0,5.0,1.0,1.0,1.0,1.0,3.0,2.0,5.0,1.0,1.0,5.0,4.0,1.0,2.0,5.0,3.0,4.0,6.0,5.0,4.0,4.0,3.0,312.264662,128.0,4,4,169.0,115.5,676.0,34.25,23.5,831.25,824.0,48205.01841977239,55611.27025447786,3,2895.1,0,1,0,0,0,1,B0BXXTKLD4,"Ciays Automatic Cat Feeders, 5.6L Cat Food Dispenser Up to 20, 4 Meals Per Day, Pet Dry Food Dispenser for Small Medium Cats Dogs, Dual Power Supply & Voice Recorder, White",2.0,0,0
exp_20260724T141230Z_1be52b79,20b5325d,lab_subject_6,lab_subject_6,lab,block_late,a_exp_4,explicit,late,swt_fitness_restart,Social,explicit_ad_block,0,1,6.666666666666667,5.333333333333333,6.0,6.0,6.0,7.0,6.0,5.0,2.0,3.0,1.0,2.0,2.0,2.0,6.0,1.0,1.0,5.0,5.0,2.0,2.0,7.0,5.0,2.0,7.0,5.0,6.0,5.0,1.0,392.243632,104.0,4,4,100.5,70.0,402.0,19.25,14.0,1570.5,1566.0,70020.61562550564,74147.51853607595,3,4902.7,0,1,0,0,0,1,B0C4N7JVDN,"Resistance Exercise for Working Out,Exercise Bands with Instruction Guide and Carry Bag Set of 5 Fitness Elastic Bands for Exercise,Gym,Training,Yoga",4.0,0,0
exp_20260724T141230Z_1be52b79,20b5325d,lab_subject_6,lab_subject_6,lab,inline_early,a_imp_2,implicit,early,swt_laptop_budget,Transactional,inline_persuasive,3,4,5.333333333333333,4.0,2.6666666666666665,4.333333333333333,5.666666666666667,2.0,3.0,4.0,3.5,6.0,1.0,2.0,2.0,2.0,3.0,1.0,2.0,4.0,3.0,3.0,6.0,4.0,2.0,4.0,5.0,4.0,5.0,5.0,1.0,336.576222,92.0,4,4,89.5,50.0,358.0,16.75,10.0,2007.75,2271.5,67015.82331520815,63169.45278458297,3,7533.5,0,1,0,0,0,1,B0CF8ZS17T,"Lenovo ThinkPad E15 Gen 4 15.6"" FHD Business Laptop, AMD Ryzen 7 5825U, 16GB RAM, 1TB SSD, Backlit Keyboard, FHD Webcam with Privacy Shutter, Wi-Fi 6E, Bluetooth, Sliver, Win 11 Pro, 32GB USB Card",2.0,0,0
exp_20260724T141230Z_1be52b79,20b5325d,lab_subject_6,lab_subject_6,lab,inline_late,a_imp_4,implicit,late,swt_study_environment,Transactional,inline_persuasive,0,0,7.0,7.0,6.333333333333333,7.0,5.666666666666667,5.0,4.0,5.0,4.0,7.0,1.0,2.0,1.0,1.5,7.0,1.0,1.0,7.0,7.0,1.0,2.0,7.0,6.0,1.0,7.0,7.0,6.0,7.0,4.0,179.314158,31.0,4,4,68.25,71.0,273.0,13.25,14.5,308.25,310.0,40098.06866881748,41125.55510178208,3,1897.25,0,1,0,0,0,1,B0BRSGTMT7,"Height Adjustable Ergonomic Executive Office Chair, Bonded Leather Computer Desk Chairs with High Back Flip-up Armrests, Swivel Task Chair with Lumbar Support",4.0,0,0
exp_20260724T141230Z_1be52b79,20b5325d,lab_subject_6,lab_subject_6,lab,no_ads,a_none,none,none,swt_gardening_birthday_gift,Social,,2,3,6.333333333333333,4.0,2.6666666666666665,3.3333333333333335,6.333333333333333,5.0,4.0,3.0,1.0,1.0,1.0,1.0,2.0,1.5,5.0,1.0,1.0,4.0,3.0,3.0,5.0,2.0,3.0,5.0,3.0,4.0,6.0,6.0,1.0,294.069853,143.0,4,4,139.25,134.5,557.0,27.5,26.5,418.25,370.0,46105.600855623685,44516.53311215341,3,1984.8,0,0,0,0,0,0,,,,0,0
exp_20260727T073257Z_58270880,43c97a81,lab_subject_7,lab_subject_7,lab,block_early,a_exp_2,explicit,early,swt_fitness_restart,Social,explicit_ad_block,3,4,3.3333333333333335,2.0,2.3333333333333335,2.0,3.0,2.0,1.0,2.0,7.0,7.0,7.0,7.0,7.0,7.0,2.0,4.0,4.0,2.0,2.0,6.0,6.0,3.0,2.0,6.0,1.0,3.0,3.0,3.0,5.0,182.478371,91.0,4,4,61.25,33.5,245.0,10.25,5.5,722.5,806.0,23020.627722144127,17518.85242946446,3,2731.25,0,1,0,0,0,1,B09JS98Z9M,"Vertical Jump Trainer Equipment Leg Strength Resistance Training Bands Set for Speed and Agility Squat Training, Bounce Trainer for Boxing Tennis Volleyball Basketball Training",2.0,0,0
exp_20260727T073257Z_58270880,43c97a81,lab_subject_7,lab_subject_7,lab,block_late,a_exp_4,explicit,late,swt_gardening_birthday_gift,Social,explicit_ad_block,0,1,4.333333333333333,4.666666666666667,4.0,4.666666666666667,5.0,4.0,3.0,3.0,5.5,5.0,6.0,4.0,5.0,4.5,5.0,4.0,4.0,5.0,5.0,4.0,4.0,5.0,3.0,4.0,5.0,5.0,5.0,5.0,3.0,183.265552,75.0,4,4,50.75,47.5,203.0,9.5,8.5,562.75,615.0,24981.397641822696,25013.95008340478,3,2446.65,0,1,0,0,0,1,B0BNH83Y9F,HANABASS Artificial Bonsai Plants Artificial Bonsai Tree Red Maple Tree Faux Plant Fake Bonsai Desk Plant Landscape Decoration for Home Living Room Bedroom Office Decor Japanese Straw Decoration,4.0,0,0
exp_20260727T073257Z_58270880,43c97a81,lab_subject_7,lab_subject_7,lab,inline_early,a_imp_2,implicit,early,swt_study_environment,Transactional,inline_persuasive,2,3,4.0,2.6666666666666665,3.0,3.0,4.666666666666667,2.0,2.0,3.0,1.5,2.0,1.0,2.0,3.0,2.5,4.0,4.0,4.0,3.0,2.0,5.0,5.0,3.0,3.0,5.0,3.0,3.0,4.0,5.0,3.0,236.744361,63.0,4,4,81.75,69.0,327.0,13.5,11.0,1867.75,1461.0,41591.99426012734,41496.66750244796,3,4225.85,0,1,0,0,0,1,B0BYTX9SSB,"L Shaped Gaming Desk, 61 Inch Computer Corner Desk, Modern Office Study Writing Desk, Home Gaming Table with Mouse Pad & Cable Management, Sturdy Metal Frame, Easy to Assembly, Right",2.0,0,0
exp_20260727T073257Z_58270880,43c97a81,lab_subject_7,lab_subject_7,lab,inline_late,a_imp_4,implicit,late,swt_laptop_budget,Transactional,inline_persuasive,1,2,4.333333333333333,4.333333333333333,4.0,4.333333333333333,4.333333333333333,4.0,3.0,5.0,4.0,6.0,2.0,3.0,4.0,3.5,5.0,4.0,4.0,4.0,5.0,4.0,3.0,5.0,2.0,5.0,5.0,5.0,4.0,4.0,3.0,309.830645,81.0,4,4,93.25,95.5,373.0,16.5,16.0,2350.5,2308.0,48050.03116155664,49449.95488226414,3,7678.450000000001,0,1,0,0,0,1,B0C3VFRJ19,"Lenovo ThinkPad Yoga 370 13.3"" FHD Touchscreen 2-in-1 Laptop, Core i5-7300U 2.6GHz, 8GB DDR4 RAM, 256GB SSD, Windows 10 Pro 64Bit, CAM, Touchscreen (Renewed)",4.0,0,0
exp_20260727T073257Z_58270880,43c97a81,lab_subject_7,lab_subject_7,lab,no_ads,a_none,none,none,swt_pet_decision_and_setup,Informational,,0,0,4.333333333333333,5.333333333333333,4.0,4.666666666666667,5.0,3.0,3.0,3.0,1.5,1.0,2.0,2.0,2.0,2.0,5.0,4.0,4.0,6.0,5.0,3.0,2.0,4.0,2.0,4.0,5.0,5.0,5.0,4.0,2.0,123.064951,27.0,4,4,29.0,26.5,116.0,6.0,5.5,628.5,622.5,23841.15175716579,30431.199038401246,3,2423.85,0,0,0,0,0,0,,,,0,0
exp_20260727T120838Z_83e10f68,ed54747f,lab_subject_8,lab_subject_8,lab,block_early,a_exp_2,explicit,early,swt_laptop_budget,Transactional,explicit_ad_block,0,0,5.666666666666667,6.333333333333333,4.666666666666667,5.0,5.0,5.0,6.0,2.0,6.5,6.0,7.0,5.0,3.0,4.0,5.0,2.0,2.0,6.0,6.0,1.0,2.0,5.0,3.0,4.0,6.0,5.0,6.0,5.0,4.0,337.953463,134.0,4,4,140.0,70.5,560.0,24.0,13.0,1782.25,1764.0,37125.58636441827,43245.83704210818,3,6157.0,4,1,1,6,0,1,B0CFGGCSDX,"ASUS ROG Zephyrus Gaming Laptop, 14"" FHD 144HZ Display, AMD Ryzen 7 5800HS(Up to 4.4 GHz), NVIDIA GeForce RTX 3060 Graphics, 16GB RAM, 1TB SSD, Bluetooth, WiFi 6, Windows 11 Home",2.0,0,0
exp_20260727T120838Z_83e10f68,ed54747f,lab_subject_8,lab_subject_8,lab,block_late,a_exp_4,explicit,late,swt_gardening_birthday_gift,Social,explicit_ad_block,3,4,5.666666666666667,5.0,5.666666666666667,5.0,4.0,5.0,5.0,4.0,6.5,7.0,6.0,6.0,4.0,5.0,5.0,2.0,2.0,6.0,5.0,4.0,2.0,6.0,5.0,3.0,5.0,5.0,5.0,3.0,4.0,314.635604,116.0,4,4,96.75,56.5,387.0,19.0,12.5,2788.25,2578.5,39830.60425457855,27988.614104688168,3,7085.5,4,1,1,2,0,1,B0BWQCV5YW,"Grow Light Strip for Indoor Plants, DOMMIA Full Spectrum Grow Lights with Auto On/Off Timer 6/10/12H, 4 Dimmable Brightness Small Plant Light, Sunlike Grow Lamp for Hydroponics Succulent, Seedling,Veg",4.0,0,0
exp_20260727T120838Z_83e10f68,ed54747f,lab_subject_8,lab_subject_8,lab,inline_early,a_imp_2,implicit,early,swt_study_environment,Transactional,inline_persuasive,0,1,5.0,3.0,2.3333333333333335,3.3333333333333335,4.666666666666667,2.0,2.0,2.0,3.0,3.0,3.0,2.0,2.0,2.0,4.0,3.0,2.0,3.0,3.0,5.0,5.0,2.0,2.0,5.0,4.0,3.0,4.0,6.0,4.0,742.604087,140.0,4,4,267.5,302.0,1070.0,48.75,57.0,2926.25,2516.0,164105.62697735926,220266.4086483419,3,6872.85,4,1,1,0,0,1,B0CF8JN9N8,ETasker Ergonomic Office Chair Home: Mesh Desk Chair with Adjustable Arms - Mid Back Computer Chairs for Women Adults - Swivel Task Chair Comfortable for Home Office,2.0,0,0
exp_20260727T120838Z_83e10f68,ed54747f,lab_subject_8,lab_subject_8,lab,inline_late,a_imp_4,implicit,late,swt_pet_decision_and_setup,Informational,inline_persuasive,2,3,6.0,6.0,5.666666666666667,6.333333333333333,5.333333333333333,6.0,4.0,5.0,1.0,1.0,1.0,1.0,2.0,1.5,6.0,2.0,2.0,6.0,6.0,2.0,2.0,7.0,4.0,2.0,7.0,6.0,6.0,6.0,4.0,489.80984,228.0,4,4,205.0,78.0,820.0,41.5,15.0,2091.0,2129.5,55009.51234437525,66839.3777962774,3,6244.9,4,1,1,0,0,1,B0BYDYGZKW,Vtapliea Betta Fish Leaf Pad Simulating Natural Habitat with 4X Aquatic Plant Pot Comfortable Rest Area for Fish Aquarium Aquascape Decorations,4.0,0,0
exp_20260727T120838Z_83e10f68,ed54747f,lab_subject_8,lab_subject_8,lab,no_ads,a_none,none,none,swt_fitness_restart,Social,,1,2,6.0,4.333333333333333,5.0,4.666666666666667,5.333333333333333,6.0,4.0,3.0,1.5,2.0,1.0,1.0,3.0,2.0,6.0,2.0,2.0,4.0,5.0,4.0,2.0,4.0,5.0,4.0,5.0,5.0,5.0,6.0,3.0,559.105381,174.0,4,4,252.75,232.0,1011.0,53.25,48.0,1591.75,1401.5,86450.81487173836,84011.20513305068,3,5072.5,4,0,0,0,0,0,,,,0,0
exp_20260727T141010Z_f065c5c8,234130ff,lab_subject_9,lab_subject_9,lab,block_early,a_exp_2,explicit,early,swt_laptop_budget,Transactional,explicit_ad_block,1,2,7.0,7.0,6.333333333333333,7.0,2.3333333333333335,7.0,2.0,6.0,7.0,7.0,7.0,4.0,2.0,3.0,7.0,1.0,1.0,7.0,7.0,1.0,2.0,7.0,6.0,1.0,7.0,7.0,3.0,3.0,7.0,477.77328,150.0,4,4,114.75,76.5,459.0,19.75,13.5,1612.5,1581.0,91147.74181445439,73596.38469107449,3,5219.6,4,1,1,6,0,1,B0C3XW248Z,"MSI Katana 15 B13VEK-277US 15.6"" Gaming Intel Core i7 13620H NVIDIA GeForce RTX 4050 16GB DDR5, 1TB NVMe SSD, Type-C, Win11 Home: Black B13VEK-277US",2.0,0,0
exp_20260727T141010Z_f065c5c8,234130ff,lab_subject_9,lab_subject_9,lab,block_late,a_exp_4,explicit,late,swt_fitness_restart,Social,explicit_ad_block,3,4,6.333333333333333,5.0,3.6666666666666665,4.333333333333333,3.6666666666666665,4.0,1.0,1.0,3.0,1.0,5.0,1.0,1.0,1.0,5.0,1.0,1.0,4.0,5.0,2.0,1.0,2.0,2.0,4.0,5.0,4.0,2.0,2.0,1.0,327.802614,110.0,4,4,171.5,142.0,686.0,32.75,26.5,620.5,626.5,60914.33038003743,66685.20054407418,3,2454.3999999999996,4,1,1,2,0,1,B0CBJHHWT4,"FIXEY AN Running Vest, Running Light for Runners, Safety Reflective Running Gear for Men/Women, 6 Multicolor, USB Rechargeable, Waterproof, LED Light Vest for Night Running, Walking, Cycling, Camping",4.0,0,0
exp_20260727T141010Z_f065c5c8,234130ff,lab_subject_9,lab_subject_9,lab,inline_early,a_imp_2,implicit,early,swt_gardening_birthday_gift,Social,inline_persuasive,0,1,6.666666666666667,5.333333333333333,4.666666666666667,5.333333333333333,4.333333333333333,6.0,2.0,3.0,6.0,6.0,6.0,5.0,5.0,5.0,6.0,1.0,1.0,5.0,5.0,2.0,3.0,5.0,4.0,2.0,5.0,5.0,6.0,6.0,7.0,247.883357,115.0,4,4,105.0,73.5,420.0,20.25,13.5,447.5,455.0,35042.06496601304,35452.32372917235,3,2081.4,4,1,1,0,0,1,B0BRZSD1CZ,"Generic Weeding Rake Agricultural Tools Flower Beds Gardening Hoe for Gardening Gardening Gifts, 7 Tooth",2.0,0,0
exp_20260727T141010Z_f065c5c8,234130ff,lab_subject_9,lab_subject_9,lab,inline_late,a_imp_4,implicit,late,swt_pet_decision_and_setup,Informational,inline_persuasive,0,0,7.0,6.666666666666667,6.333333333333333,6.666666666666667,3.6666666666666665,5.0,3.0,5.0,6.0,6.0,6.0,2.0,3.0,2.5,7.0,1.0,1.0,6.0,7.0,1.0,1.0,7.0,5.0,1.0,7.0,6.0,5.0,5.0,7.0,254.796008,81.0,4,4,86.5,45.5,346.0,18.25,9.0,477.75,458.0,48296.118776624404,56579.55114543438,3,2228.8,4,1,1,0,0,1,B0BWJDNQXD,"Desktop Round Glass Planter Terrarium, Translucent Small Ball Goldfish Tank for Betta Fish Goldfish, Nice Home Office Decor",4.0,0,0
exp_20260727T141010Z_f065c5c8,234130ff,lab_subject_9,lab_subject_9,lab,no_ads,a_none,none,none,swt_study_environment,Transactional,,2,3,6.333333333333333,7.0,5.666666666666667,7.0,4.333333333333333,6.0,2.0,2.0,2.5,4.0,1.0,1.0,1.0,1.0,7.0,2.0,2.0,7.0,7.0,1.0,2.0,7.0,4.0,1.0,7.0,7.0,6.0,6.0,7.0,301.237101,90.0,4,4,118.25,101.0,473.0,21.25,18.0,933.75,906.5,55857.37435892224,50076.57427713275,3,3116.95,4,0,0,0,0,0,,,,0,0
