experiment_id,participant_id,subject_id,folder,arm,role,condition,turn,msg_len,n_words,time_to_reply_ms,unix_ts,llm_latency_ms
exp_20260713T120149Z_186d23e4,75a673a2,crowd_subject_1,crowd_subject_1,crowd,assistant,block_early,1,670,109.0,,1783944876,2828.5
exp_20260713T120149Z_186d23e4,75a673a2,crowd_subject_1,crowd_subject_1,crowd,user,block_early,1,170,31.0,,1783944873,
exp_20260713T120149Z_186d23e4,75a673a2,crowd_subject_1,crowd_subject_1,crowd,assistant,block_early,2,876,140.0,,1783944931,3382.4
exp_20260713T120149Z_186d23e4,75a673a2,crowd_subject_1,crowd_subject_1,crowd,user,block_early,2,115,24.0,46277.77259983122,1783944922,
exp_20260713T120149Z_186d23e4,75a673a2,crowd_subject_1,crowd_subject_1,crowd,assistant,block_early,3,453,77.0,,1783944976,2293.9
exp_20260713T120149Z_186d23e4,75a673a2,crowd_subject_1,crowd_subject_1,crowd,user,block_early,3,63,12.0,42567.10950657725,1783944973,
exp_20260713T120149Z_186d23e4,75a673a2,crowd_subject_1,crowd_subject_1,crowd,assistant,block_early,4,789,122.0,,1783945011,2951.0
exp_20260713T120149Z_186d23e4,75a673a2,crowd_subject_1,crowd_subject_1,crowd,user,block_early,4,29,5.0,32238.63393999636,1783945008,
exp_20260713T120149Z_186d23e4,75a673a2,crowd_subject_1,crowd_subject_1,crowd,assistant,block_late,1,3080,482.0,,1783946373,9540.2
exp_20260713T120149Z_186d23e4,75a673a2,crowd_subject_1,crowd_subject_1,crowd,user,block_late,1,352,66.0,,1783946364,
exp_20260713T120149Z_186d23e4,75a673a2,crowd_subject_1,crowd_subject_1,crowd,assistant,block_late,2,3522,517.0,,1783946518,9812.5
exp_20260713T120149Z_186d23e4,75a673a2,crowd_subject_1,crowd_subject_1,crowd,user,block_late,2,68,12.0,134502.08757258952,1783946508,
exp_20260713T120149Z_186d23e4,75a673a2,crowd_subject_1,crowd_subject_1,crowd,assistant,block_late,3,3244,546.0,,1783946640,10256.0
exp_20260713T120149Z_186d23e4,75a673a2,crowd_subject_1,crowd_subject_1,crowd,user,block_late,3,107,19.0,112013.3303552866,1783946630,
exp_20260713T120149Z_186d23e4,75a673a2,crowd_subject_1,crowd_subject_1,crowd,assistant,block_late,4,1767,294.0,,1783946727,6207.8
exp_20260713T120149Z_186d23e4,75a673a2,crowd_subject_1,crowd_subject_1,crowd,user,block_late,4,61,12.0,73597.44479134679,1783946714,
exp_20260713T120149Z_186d23e4,75a673a2,crowd_subject_1,crowd_subject_1,crowd,assistant,inline_early,1,612,95.0,,1783945773,2575.0
exp_20260713T120149Z_186d23e4,75a673a2,crowd_subject_1,crowd_subject_1,crowd,user,inline_early,1,223,41.0,,1783945771,
exp_20260713T120149Z_186d23e4,75a673a2,crowd_subject_1,crowd_subject_1,crowd,assistant,inline_early,2,444,75.0,,1783945861,2075.7
exp_20260713T120149Z_186d23e4,75a673a2,crowd_subject_1,crowd_subject_1,crowd,user,inline_early,2,104,24.0,79808.10151062906,1783945853,
exp_20260713T120149Z_186d23e4,75a673a2,crowd_subject_1,crowd_subject_1,crowd,assistant,inline_early,3,341,50.0,,1783945950,2000.3
exp_20260713T120149Z_186d23e4,75a673a2,crowd_subject_1,crowd_subject_1,crowd,user,inline_early,3,104,20.0,86621.81962653995,1783945947,
exp_20260713T120149Z_186d23e4,75a673a2,crowd_subject_1,crowd_subject_1,crowd,assistant,inline_early,4,511,80.0,,1783945996,2188.7
exp_20260713T120149Z_186d23e4,75a673a2,crowd_subject_1,crowd_subject_1,crowd,user,inline_early,4,22,4.0,44121.86859548092,1783945994,
exp_20260713T120149Z_186d23e4,75a673a2,crowd_subject_1,crowd_subject_1,crowd,assistant,inline_late,1,897,136.0,,1783944307,2949.6
exp_20260713T120149Z_186d23e4,75a673a2,crowd_subject_1,crowd_subject_1,crowd,user,inline_late,1,210,41.0,,1783944304,
exp_20260713T120149Z_186d23e4,75a673a2,crowd_subject_1,crowd_subject_1,crowd,assistant,inline_late,2,992,153.0,,1783944408,3157.9
exp_20260713T120149Z_186d23e4,75a673a2,crowd_subject_1,crowd_subject_1,crowd,user,inline_late,2,172,33.0,98226.02023556828,1783944405,
exp_20260713T120149Z_186d23e4,75a673a2,crowd_subject_1,crowd_subject_1,crowd,assistant,inline_late,3,738,116.0,,1783944500,2602.1
exp_20260713T120149Z_186d23e4,75a673a2,crowd_subject_1,crowd_subject_1,crowd,user,inline_late,3,141,28.0,89374.32503886521,1783944497,
exp_20260713T120149Z_186d23e4,75a673a2,crowd_subject_1,crowd_subject_1,crowd,assistant,inline_late,4,389,60.0,,1783944558,2072.2
exp_20260713T120149Z_186d23e4,75a673a2,crowd_subject_1,crowd_subject_1,crowd,user,inline_late,4,64,11.0,50195.34502364695,1783944550,
exp_20260713T120149Z_186d23e4,75a673a2,crowd_subject_1,crowd_subject_1,crowd,assistant,no_ads,1,586,85.0,,1783945286,2809.3
exp_20260713T120149Z_186d23e4,75a673a2,crowd_subject_1,crowd_subject_1,crowd,user,no_ads,1,198,41.0,,1783945283,
exp_20260713T120149Z_186d23e4,75a673a2,crowd_subject_1,crowd_subject_1,crowd,assistant,no_ads,2,621,96.0,,1783945357,2691.3
exp_20260713T120149Z_186d23e4,75a673a2,crowd_subject_1,crowd_subject_1,crowd,user,no_ads,2,150,30.0,68290.0129146874,1783945354,
exp_20260713T120149Z_186d23e4,75a673a2,crowd_subject_1,crowd_subject_1,crowd,assistant,no_ads,3,547,89.0,,1783945417,2662.5
exp_20260713T120149Z_186d23e4,75a673a2,crowd_subject_1,crowd_subject_1,crowd,user,no_ads,3,55,10.0,57572.188939899206,1783945415,
exp_20260713T120149Z_186d23e4,75a673a2,crowd_subject_1,crowd_subject_1,crowd,assistant,no_ads,4,351,54.0,,1783945453,2598.4
exp_20260713T120149Z_186d23e4,75a673a2,crowd_subject_1,crowd_subject_1,crowd,user,no_ads,4,103,24.0,32955.60026913881,1783945450,
exp_20260721T221632Z_271aa975,72711ada,crowd_subject_10,crowd_subject_10,crowd,assistant,block_early,1,420,68.0,,1784672967,2149.5
exp_20260721T221632Z_271aa975,72711ada,crowd_subject_10,crowd_subject_10,crowd,user,block_early,1,250,46.0,,1784672965,
exp_20260721T221632Z_271aa975,72711ada,crowd_subject_10,crowd_subject_10,crowd,assistant,block_early,2,1013,148.0,,1784673250,3078.7
exp_20260721T221632Z_271aa975,72711ada,crowd_subject_10,crowd_subject_10,crowd,user,block_early,2,200,33.0,273312.0351731777,1784673241,
exp_20260721T221632Z_271aa975,72711ada,crowd_subject_10,crowd_subject_10,crowd,assistant,block_early,3,564,86.0,,1784673343,2214.0
exp_20260721T221632Z_271aa975,72711ada,crowd_subject_10,crowd_subject_10,crowd,user,block_early,3,72,13.0,91472.43342362344,1784673341,
exp_20260721T221632Z_271aa975,72711ada,crowd_subject_10,crowd_subject_10,crowd,assistant,block_early,4,1270,190.0,,1784673438,3721.2
exp_20260721T221632Z_271aa975,72711ada,crowd_subject_10,crowd_subject_10,crowd,user,block_early,4,82,12.0,91173.30641299486,1784673435,
exp_20260721T221632Z_271aa975,72711ada,crowd_subject_10,crowd_subject_10,crowd,assistant,block_late,1,1514,229.0,,1784675697,5543.9
exp_20260721T221632Z_271aa975,72711ada,crowd_subject_10,crowd_subject_10,crowd,user,block_late,1,113,20.0,,1784675691,
exp_20260721T221632Z_271aa975,72711ada,crowd_subject_10,crowd_subject_10,crowd,assistant,block_late,2,2684,430.0,,1784675833,8444.7
exp_20260721T221632Z_271aa975,72711ada,crowd_subject_10,crowd_subject_10,crowd,user,block_late,2,111,24.0,127345.45054472983,1784675824,
exp_20260721T221632Z_271aa975,72711ada,crowd_subject_10,crowd_subject_10,crowd,assistant,block_late,3,1784,282.0,,1784675985,5366.3
exp_20260721T221632Z_271aa975,72711ada,crowd_subject_10,crowd_subject_10,crowd,user,block_late,3,68,14.0,146659.86245125532,1784675980,
exp_20260721T221632Z_271aa975,72711ada,crowd_subject_10,crowd_subject_10,crowd,assistant,block_late,4,1197,192.0,,1784676095,4416.5
exp_20260721T221632Z_271aa975,72711ada,crowd_subject_10,crowd_subject_10,crowd,user,block_late,4,98,19.0,97998.21639992297,1784676083,
exp_20260721T221632Z_271aa975,72711ada,crowd_subject_10,crowd_subject_10,crowd,assistant,inline_early,1,199,29.0,,1784675062,1699.2
exp_20260721T221632Z_271aa975,72711ada,crowd_subject_10,crowd_subject_10,crowd,user,inline_early,1,110,17.0,,1784675060,
exp_20260721T221632Z_271aa975,72711ada,crowd_subject_10,crowd_subject_10,crowd,assistant,inline_early,2,434,64.0,,1784675194,2079.3
exp_20260721T221632Z_271aa975,72711ada,crowd_subject_10,crowd_subject_10,crowd,user,inline_early,2,78,15.0,124507.65692442656,1784675186,
exp_20260721T221632Z_271aa975,72711ada,crowd_subject_10,crowd_subject_10,crowd,assistant,inline_early,3,312,50.0,,1784675273,1907.3
exp_20260721T221632Z_271aa975,72711ada,crowd_subject_10,crowd_subject_10,crowd,user,inline_early,3,81,14.0,77693.5214959085,1784675271,
exp_20260721T221632Z_271aa975,72711ada,crowd_subject_10,crowd_subject_10,crowd,assistant,inline_early,4,217,34.0,,1784675350,1471.1
exp_20260721T221632Z_271aa975,72711ada,crowd_subject_10,crowd_subject_10,crowd,user,inline_early,4,102,20.0,75719.51797604561,1784675349,
exp_20260721T221632Z_271aa975,72711ada,crowd_subject_10,crowd_subject_10,crowd,assistant,inline_late,1,309,46.0,,1784674528,2019.8
exp_20260721T221632Z_271aa975,72711ada,crowd_subject_10,crowd_subject_10,crowd,user,inline_late,1,78,13.0,,1784674526,
exp_20260721T221632Z_271aa975,72711ada,crowd_subject_10,crowd_subject_10,crowd,assistant,inline_late,2,583,85.0,,1784674594,2476.8
exp_20260721T221632Z_271aa975,72711ada,crowd_subject_10,crowd_subject_10,crowd,user,inline_late,2,64,13.0,63876.87498703599,1784674592,
exp_20260721T221632Z_271aa975,72711ada,crowd_subject_10,crowd_subject_10,crowd,assistant,inline_late,3,448,76.0,,1784674640,2362.6
exp_20260721T221632Z_271aa975,72711ada,crowd_subject_10,crowd_subject_10,crowd,user,inline_late,3,64,11.0,43271.0635215044,1784674638,
exp_20260721T221632Z_271aa975,72711ada,crowd_subject_10,crowd_subject_10,crowd,assistant,inline_late,4,308,54.0,,1784674728,2121.5
exp_20260721T221632Z_271aa975,72711ada,crowd_subject_10,crowd_subject_10,crowd,user,inline_late,4,66,12.0,80756.65992870927,1784674721,
exp_20260721T221632Z_271aa975,72711ada,crowd_subject_10,crowd_subject_10,crowd,assistant,no_ads,1,383,57.0,,1784673905,1836.5
exp_20260721T221632Z_271aa975,72711ada,crowd_subject_10,crowd_subject_10,crowd,user,no_ads,1,92,16.0,,1784673903,
exp_20260721T221632Z_271aa975,72711ada,crowd_subject_10,crowd_subject_10,crowd,assistant,no_ads,2,497,67.0,,1784673984,1906.1
exp_20260721T221632Z_271aa975,72711ada,crowd_subject_10,crowd_subject_10,crowd,user,no_ads,2,93,15.0,77012.37588375807,1784673982,
exp_20260721T221632Z_271aa975,72711ada,crowd_subject_10,crowd_subject_10,crowd,assistant,no_ads,3,461,70.0,,1784674064,2173.0
exp_20260721T221632Z_271aa975,72711ada,crowd_subject_10,crowd_subject_10,crowd,user,no_ads,3,88,14.0,78636.99848018587,1784674062,
exp_20260721T221632Z_271aa975,72711ada,crowd_subject_10,crowd_subject_10,crowd,assistant,no_ads,4,629,102.0,,1784674143,2671.3
exp_20260721T221632Z_271aa975,72711ada,crowd_subject_10,crowd_subject_10,crowd,user,no_ads,4,93,16.0,75955.99753595889,1784674140,
exp_20260721T235527Z_c6d39ba6,93090c74,crowd_subject_11,crowd_subject_11,crowd,assistant,block_early,1,782,123.0,,1784678858,2986.1
exp_20260721T235527Z_c6d39ba6,93090c74,crowd_subject_11,crowd_subject_11,crowd,user,block_early,1,305,59.0,,1784678855,
exp_20260721T235527Z_c6d39ba6,93090c74,crowd_subject_11,crowd_subject_11,crowd,assistant,block_early,2,1082,153.0,,1784678902,3665.8
exp_20260721T235527Z_c6d39ba6,93090c74,crowd_subject_11,crowd_subject_11,crowd,user,block_early,2,59,10.0,34973.65607134998,1784678893,
exp_20260721T235527Z_c6d39ba6,93090c74,crowd_subject_11,crowd_subject_11,crowd,assistant,block_early,3,42,7.0,,1784678934,1338.9
exp_20260721T235527Z_c6d39ba6,93090c74,crowd_subject_11,crowd_subject_11,crowd,user,block_early,3,19,3.0,30803.006248548627,1784678933,
exp_20260721T235527Z_c6d39ba6,93090c74,crowd_subject_11,crowd_subject_11,crowd,assistant,block_early,4,8,1.0,,1784678944,1268.0
exp_20260721T235527Z_c6d39ba6,93090c74,crowd_subject_11,crowd_subject_11,crowd,user,block_early,4,7,1.0,9195.630116388202,1784678943,
exp_20260721T235527Z_c6d39ba6,93090c74,crowd_subject_11,crowd_subject_11,crowd,assistant,block_late,1,915,136.0,,1784679369,3780.5
exp_20260721T235527Z_c6d39ba6,93090c74,crowd_subject_11,crowd_subject_11,crowd,user,block_late,1,262,48.0,,1784679366,
exp_20260721T235527Z_c6d39ba6,93090c74,crowd_subject_11,crowd_subject_11,crowd,assistant,block_late,2,402,56.0,,1784679394,2366.2
exp_20260721T235527Z_c6d39ba6,93090c74,crowd_subject_11,crowd_subject_11,crowd,user,block_late,2,38,6.0,21659.535586833954,1784679391,
exp_20260721T235527Z_c6d39ba6,93090c74,crowd_subject_11,crowd_subject_11,crowd,assistant,block_late,3,410,66.0,,1784679402,2193.0
exp_20260721T235527Z_c6d39ba6,93090c74,crowd_subject_11,crowd_subject_11,crowd,user,block_late,3,8,3.0,6376.057563349605,1784679400,
exp_20260721T235527Z_c6d39ba6,93090c74,crowd_subject_11,crowd_subject_11,crowd,assistant,block_late,4,891,144.0,,1784679416,3376.6
exp_20260721T235527Z_c6d39ba6,93090c74,crowd_subject_11,crowd_subject_11,crowd,user,block_late,4,10,2.0,4794.797748327255,1784679407,
exp_20260721T235527Z_c6d39ba6,93090c74,crowd_subject_11,crowd_subject_11,crowd,assistant,inline_early,1,1843,295.0,,1784678582,6114.3
exp_20260721T235527Z_c6d39ba6,93090c74,crowd_subject_11,crowd_subject_11,crowd,user,inline_early,1,268,49.0,,1784678576,
exp_20260721T235527Z_c6d39ba6,93090c74,crowd_subject_11,crowd_subject_11,crowd,assistant,inline_early,2,689,111.0,,1784678622,2838.1
exp_20260721T235527Z_c6d39ba6,93090c74,crowd_subject_11,crowd_subject_11,crowd,user,inline_early,2,19,4.0,30691.136872395873,1784678613,
exp_20260721T235527Z_c6d39ba6,93090c74,crowd_subject_11,crowd_subject_11,crowd,assistant,inline_early,3,980,155.0,,1784678648,4165.9
exp_20260721T235527Z_c6d39ba6,93090c74,crowd_subject_11,crowd_subject_11,crowd,user,inline_early,3,30,7.0,22133.29715654254,1784678644,
exp_20260721T235527Z_c6d39ba6,93090c74,crowd_subject_11,crowd_subject_11,crowd,assistant,inline_early,4,306,56.0,,1784678678,2130.8
exp_20260721T235527Z_c6d39ba6,93090c74,crowd_subject_11,crowd_subject_11,crowd,user,inline_early,4,25,4.0,27082.389192655683,1784678675,
exp_20260721T235527Z_c6d39ba6,93090c74,crowd_subject_11,crowd_subject_11,crowd,assistant,inline_late,1,733,117.0,,1784679099,2827.8
exp_20260721T235527Z_c6d39ba6,93090c74,crowd_subject_11,crowd_subject_11,crowd,user,inline_late,1,262,50.0,,1784679096,
exp_20260721T235527Z_c6d39ba6,93090c74,crowd_subject_11,crowd_subject_11,crowd,assistant,inline_late,2,974,143.0,,1784679128,3467.8
exp_20260721T235527Z_c6d39ba6,93090c74,crowd_subject_11,crowd_subject_11,crowd,user,inline_late,2,51,9.0,26029.07821163535,1784679125,
exp_20260721T235527Z_c6d39ba6,93090c74,crowd_subject_11,crowd_subject_11,crowd,assistant,inline_late,3,201,36.0,,1784679152,1648.6
exp_20260721T235527Z_c6d39ba6,93090c74,crowd_subject_11,crowd_subject_11,crowd,user,inline_late,3,42,7.0,22360.868141055107,1784679150,
exp_20260721T235527Z_c6d39ba6,93090c74,crowd_subject_11,crowd_subject_11,crowd,assistant,inline_late,4,759,117.0,,1784679174,3019.7
exp_20260721T235527Z_c6d39ba6,93090c74,crowd_subject_11,crowd_subject_11,crowd,user,inline_late,4,33,7.0,13066.862624138594,1784679165,
exp_20260721T235527Z_c6d39ba6,93090c74,crowd_subject_11,crowd_subject_11,crowd,assistant,no_ads,1,413,60.0,,1784678266,2119.0
exp_20260721T235527Z_c6d39ba6,93090c74,crowd_subject_11,crowd_subject_11,crowd,user,no_ads,1,212,43.0,,1784678264,
exp_20260721T235527Z_c6d39ba6,93090c74,crowd_subject_11,crowd_subject_11,crowd,assistant,no_ads,2,218,36.0,,1784678305,1499.4
exp_20260721T235527Z_c6d39ba6,93090c74,crowd_subject_11,crowd_subject_11,crowd,user,no_ads,2,16,4.0,37573.725765571,1784678303,
exp_20260721T235527Z_c6d39ba6,93090c74,crowd_subject_11,crowd_subject_11,crowd,assistant,no_ads,3,532,79.0,,1784678334,2202.1
exp_20260721T235527Z_c6d39ba6,93090c74,crowd_subject_11,crowd_subject_11,crowd,user,no_ads,3,87,18.0,27030.739568173885,1784678332,
exp_20260721T235527Z_c6d39ba6,93090c74,crowd_subject_11,crowd_subject_11,crowd,assistant,no_ads,4,625,94.0,,1784678361,2508.1
exp_20260721T235527Z_c6d39ba6,93090c74,crowd_subject_11,crowd_subject_11,crowd,user,no_ads,4,55,10.0,23978.88356074691,1784678358,
exp_20260722T220745Z_e35b5213,245ff985,crowd_subject_13,crowd_subject_13,crowd,assistant,block_early,1,429,64.0,,1784758277,2185.0
exp_20260722T220745Z_e35b5213,245ff985,crowd_subject_13,crowd_subject_13,crowd,user,block_early,1,149,29.0,,1784758274,
exp_20260722T220745Z_e35b5213,245ff985,crowd_subject_13,crowd_subject_13,crowd,assistant,block_early,2,481,73.0,,1784758343,2283.5
exp_20260722T220745Z_e35b5213,245ff985,crowd_subject_13,crowd_subject_13,crowd,user,block_early,2,211,47.0,61162.65139169991,1784758338,
exp_20260722T220745Z_e35b5213,245ff985,crowd_subject_13,crowd_subject_13,crowd,assistant,block_early,3,811,131.0,,1784758371,3100.2
exp_20260722T220745Z_e35b5213,245ff985,crowd_subject_13,crowd_subject_13,crowd,user,block_early,3,38,8.0,24844.42221559584,1784758368,
exp_20260722T220745Z_e35b5213,245ff985,crowd_subject_13,crowd_subject_13,crowd,assistant,block_early,4,231,38.0,,1784758394,1705.4
exp_20260722T220745Z_e35b5213,245ff985,crowd_subject_13,crowd_subject_13,crowd,user,block_early,4,21,6.0,20721.365919336677,1784758392,
exp_20260722T220745Z_e35b5213,245ff985,crowd_subject_13,crowd_subject_13,crowd,assistant,block_late,1,424,67.0,,1784759133,2333.1
exp_20260722T220745Z_e35b5213,245ff985,crowd_subject_13,crowd_subject_13,crowd,user,block_late,1,231,44.0,,1784759131,
exp_20260722T220745Z_e35b5213,245ff985,crowd_subject_13,crowd_subject_13,crowd,assistant,block_late,2,439,69.0,,1784759173,2068.9
exp_20260722T220745Z_e35b5213,245ff985,crowd_subject_13,crowd_subject_13,crowd,user,block_late,2,48,9.0,37674.01963472366,1784759171,
exp_20260722T220745Z_e35b5213,245ff985,crowd_subject_13,crowd_subject_13,crowd,assistant,block_late,3,541,85.0,,1784759229,2270.0
exp_20260722T220745Z_e35b5213,245ff985,crowd_subject_13,crowd_subject_13,crowd,user,block_late,3,120,25.0,53770.23596316576,1784759227,
exp_20260722T220745Z_e35b5213,245ff985,crowd_subject_13,crowd_subject_13,crowd,assistant,block_late,4,556,85.0,,1784759262,2323.9
exp_20260722T220745Z_e35b5213,245ff985,crowd_subject_13,crowd_subject_13,crowd,user,block_late,4,42,10.0,27963.967747986317,1784759257,
exp_20260722T220745Z_e35b5213,245ff985,crowd_subject_13,crowd_subject_13,crowd,assistant,inline_early,1,424,67.0,,1784758678,2297.1
exp_20260722T220745Z_e35b5213,245ff985,crowd_subject_13,crowd_subject_13,crowd,user,inline_early,1,217,41.0,,1784758676,
exp_20260722T220745Z_e35b5213,245ff985,crowd_subject_13,crowd_subject_13,crowd,assistant,inline_early,2,1528,248.0,,1784758744,4263.1
exp_20260722T220745Z_e35b5213,245ff985,crowd_subject_13,crowd_subject_13,crowd,user,inline_early,2,125,30.0,57873.580761253834,1784758736,
exp_20260722T220745Z_e35b5213,245ff985,crowd_subject_13,crowd_subject_13,crowd,assistant,inline_early,3,941,158.0,,1784758786,3349.3
exp_20260722T220745Z_e35b5213,245ff985,crowd_subject_13,crowd_subject_13,crowd,user,inline_early,3,82,18.0,38777.66368351877,1784758783,
exp_20260722T220745Z_e35b5213,245ff985,crowd_subject_13,crowd_subject_13,crowd,assistant,inline_early,4,827,127.0,,1784758868,2967.9
exp_20260722T220745Z_e35b5213,245ff985,crowd_subject_13,crowd_subject_13,crowd,user,inline_early,4,157,33.0,78876.99464522302,1784758865,
exp_20260722T220745Z_e35b5213,245ff985,crowd_subject_13,crowd_subject_13,crowd,assistant,inline_late,1,1643,239.0,,1784760076,4819.4
exp_20260722T220745Z_e35b5213,245ff985,crowd_subject_13,crowd_subject_13,crowd,user,inline_late,1,489,81.0,,1784760071,
exp_20260722T220745Z_e35b5213,245ff985,crowd_subject_13,crowd_subject_13,crowd,assistant,inline_late,2,1913,296.0,,1784760176,5156.1
exp_20260722T220745Z_e35b5213,245ff985,crowd_subject_13,crowd_subject_13,crowd,user,inline_late,2,129,24.0,95370.55928818882,1784760171,
exp_20260722T220745Z_e35b5213,245ff985,crowd_subject_13,crowd_subject_13,crowd,assistant,inline_late,3,1088,176.0,,1784760252,3595.2
exp_20260722T220745Z_e35b5213,245ff985,crowd_subject_13,crowd_subject_13,crowd,user,inline_late,3,171,32.0,71686.53391674161,1784760248,
exp_20260722T220745Z_e35b5213,245ff985,crowd_subject_13,crowd_subject_13,crowd,assistant,inline_late,4,1060,167.0,,1784760304,3486.0
exp_20260722T220745Z_e35b5213,245ff985,crowd_subject_13,crowd_subject_13,crowd,user,inline_late,4,52,8.0,45822.47079908848,1784760298,
exp_20260722T220745Z_e35b5213,245ff985,crowd_subject_13,crowd_subject_13,crowd,assistant,no_ads,1,2105,358.0,,1784759578,7781.3
exp_20260722T220745Z_e35b5213,245ff985,crowd_subject_13,crowd_subject_13,crowd,user,no_ads,1,353,68.0,,1784759570,
exp_20260722T220745Z_e35b5213,245ff985,crowd_subject_13,crowd_subject_13,crowd,assistant,no_ads,2,1212,205.0,,1784759663,4923.9
exp_20260722T220745Z_e35b5213,245ff985,crowd_subject_13,crowd_subject_13,crowd,user,no_ads,2,64,12.0,80172.63815365732,1784759658,
exp_20260722T220745Z_e35b5213,245ff985,crowd_subject_13,crowd_subject_13,crowd,assistant,no_ads,3,1286,201.0,,1784759714,4670.8
exp_20260722T220745Z_e35b5213,245ff985,crowd_subject_13,crowd_subject_13,crowd,user,no_ads,3,103,22.0,45774.130487814546,1784759709,
exp_20260722T220745Z_e35b5213,245ff985,crowd_subject_13,crowd_subject_13,crowd,assistant,no_ads,4,1498,252.0,,1784759756,5068.0
exp_20260722T220745Z_e35b5213,245ff985,crowd_subject_13,crowd_subject_13,crowd,user,no_ads,4,56,12.0,37178.8440272212,1784759751,
exp_20260726T162111Z_1f575f3c,2eda2fc5,crowd_subject_14,crowd_subject_14,crowd,assistant,block_early,1,500,73.0,,1785083526,2525.2
exp_20260726T162111Z_1f575f3c,2eda2fc5,crowd_subject_14,crowd_subject_14,crowd,user,block_early,1,82,15.0,,1785083524,
exp_20260726T162111Z_1f575f3c,2eda2fc5,crowd_subject_14,crowd_subject_14,crowd,assistant,block_early,2,525,79.0,,1785083576,2390.8
exp_20260726T162111Z_1f575f3c,2eda2fc5,crowd_subject_14,crowd_subject_14,crowd,user,block_early,2,90,15.0,43783.425983041525,1785083570,
exp_20260726T162111Z_1f575f3c,2eda2fc5,crowd_subject_14,crowd_subject_14,crowd,assistant,block_early,3,352,50.0,,1785083631,1858.1
exp_20260726T162111Z_1f575f3c,2eda2fc5,crowd_subject_14,crowd_subject_14,crowd,user,block_early,3,124,25.0,53158.73435512185,1785083629,
exp_20260726T162111Z_1f575f3c,2eda2fc5,crowd_subject_14,crowd_subject_14,crowd,assistant,block_early,4,171,30.0,,1785083649,1387.5
exp_20260726T162111Z_1f575f3c,2eda2fc5,crowd_subject_14,crowd_subject_14,crowd,user,block_early,4,25,5.0,17211.081456393003,1785083648,
exp_20260726T162111Z_1f575f3c,2eda2fc5,crowd_subject_14,crowd_subject_14,crowd,assistant,block_late,1,220,36.0,,1785083000,1736.4
exp_20260726T162111Z_1f575f3c,2eda2fc5,crowd_subject_14,crowd_subject_14,crowd,user,block_late,1,51,9.0,,1785082998,
exp_20260726T162111Z_1f575f3c,2eda2fc5,crowd_subject_14,crowd_subject_14,crowd,assistant,block_late,2,786,110.0,,1785083059,3175.1
exp_20260726T162111Z_1f575f3c,2eda2fc5,crowd_subject_14,crowd_subject_14,crowd,user,block_late,2,128,25.0,56125.60780532658,1785083056,
exp_20260726T162111Z_1f575f3c,2eda2fc5,crowd_subject_14,crowd_subject_14,crowd,assistant,block_late,3,972,134.0,,1785083108,3754.7
exp_20260726T162111Z_1f575f3c,2eda2fc5,crowd_subject_14,crowd_subject_14,crowd,user,block_late,3,107,20.0,45326.34975388646,1785083104,
exp_20260726T162111Z_1f575f3c,2eda2fc5,crowd_subject_14,crowd_subject_14,crowd,assistant,block_late,4,989,137.0,,1785083154,3622.4
exp_20260726T162111Z_1f575f3c,2eda2fc5,crowd_subject_14,crowd_subject_14,crowd,user,block_late,4,139,25.0,39547.10308276117,1785083148,
exp_20260726T162111Z_1f575f3c,2eda2fc5,crowd_subject_14,crowd_subject_14,crowd,assistant,inline_early,1,988,146.0,,1785084520,3251.4
exp_20260726T162111Z_1f575f3c,2eda2fc5,crowd_subject_14,crowd_subject_14,crowd,user,inline_early,1,128,22.0,,1785084516,
exp_20260726T162111Z_1f575f3c,2eda2fc5,crowd_subject_14,crowd_subject_14,crowd,assistant,inline_early,2,941,153.0,,1785084559,2956.8
exp_20260726T162111Z_1f575f3c,2eda2fc5,crowd_subject_14,crowd_subject_14,crowd,user,inline_early,2,57,10.0,34166.408309713006,1785084554,
exp_20260726T162111Z_1f575f3c,2eda2fc5,crowd_subject_14,crowd_subject_14,crowd,assistant,inline_early,3,1248,198.0,,1785084635,3783.6
exp_20260726T162111Z_1f575f3c,2eda2fc5,crowd_subject_14,crowd_subject_14,crowd,user,inline_early,3,48,9.0,71665.41272774339,1785084631,
exp_20260726T162111Z_1f575f3c,2eda2fc5,crowd_subject_14,crowd_subject_14,crowd,assistant,inline_early,4,59,10.0,,1785084654,1236.3
exp_20260726T162111Z_1f575f3c,2eda2fc5,crowd_subject_14,crowd_subject_14,crowd,user,inline_early,4,12,3.0,18232.136173173785,1785084653,
exp_20260726T162111Z_1f575f3c,2eda2fc5,crowd_subject_14,crowd_subject_14,crowd,assistant,inline_late,1,628,102.0,,1785084905,2664.2
exp_20260726T162111Z_1f575f3c,2eda2fc5,crowd_subject_14,crowd_subject_14,crowd,user,inline_late,1,201,39.0,,1785084902,
exp_20260726T162111Z_1f575f3c,2eda2fc5,crowd_subject_14,crowd_subject_14,crowd,assistant,inline_late,2,832,134.0,,1785084982,3024.7
exp_20260726T162111Z_1f575f3c,2eda2fc5,crowd_subject_14,crowd_subject_14,crowd,user,inline_late,2,137,26.0,73759.9833253771,1785084979,
exp_20260726T162111Z_1f575f3c,2eda2fc5,crowd_subject_14,crowd_subject_14,crowd,assistant,inline_late,3,1416,213.0,,1785085041,4058.3
exp_20260726T162111Z_1f575f3c,2eda2fc5,crowd_subject_14,crowd_subject_14,crowd,user,inline_late,3,73,13.0,54879.821525886655,1785085037,
exp_20260726T162111Z_1f575f3c,2eda2fc5,crowd_subject_14,crowd_subject_14,crowd,assistant,inline_late,4,281,47.0,,1785085073,2040.6
exp_20260726T162111Z_1f575f3c,2eda2fc5,crowd_subject_14,crowd_subject_14,crowd,user,inline_late,4,9,2.0,26911.397827789187,1785085068,
exp_20260726T162111Z_1f575f3c,2eda2fc5,crowd_subject_14,crowd_subject_14,crowd,assistant,no_ads,1,1349,205.0,,1785083913,4810.6
exp_20260726T162111Z_1f575f3c,2eda2fc5,crowd_subject_14,crowd_subject_14,crowd,user,no_ads,1,186,36.0,,1785083908,
exp_20260726T162111Z_1f575f3c,2eda2fc5,crowd_subject_14,crowd_subject_14,crowd,assistant,no_ads,2,3693,561.0,,1785083968,9666.9
exp_20260726T162111Z_1f575f3c,2eda2fc5,crowd_subject_14,crowd_subject_14,crowd,user,no_ads,2,50,11.0,45560.54430268705,1785083958,
exp_20260726T162111Z_1f575f3c,2eda2fc5,crowd_subject_14,crowd_subject_14,crowd,assistant,no_ads,3,2014,315.0,,1785084105,7137.8
exp_20260726T162111Z_1f575f3c,2eda2fc5,crowd_subject_14,crowd_subject_14,crowd,user,no_ads,3,125,23.0,130052.44164355099,1785084098,
exp_20260726T162111Z_1f575f3c,2eda2fc5,crowd_subject_14,crowd_subject_14,crowd,assistant,no_ads,4,2541,432.0,,1785084197,8238.1
exp_20260726T162111Z_1f575f3c,2eda2fc5,crowd_subject_14,crowd_subject_14,crowd,user,no_ads,4,58,12.0,83793.68577897549,1785084189,
exp_20260726T171647Z_dba5fd47,a4b9abea,crowd_subject_15,crowd_subject_15,crowd,assistant,block_early,1,630,95.0,,1785089902,2396.8
exp_20260726T171647Z_dba5fd47,a4b9abea,crowd_subject_15,crowd_subject_15,crowd,user,block_early,1,243,51.0,,1785089900,
exp_20260726T171647Z_dba5fd47,a4b9abea,crowd_subject_15,crowd_subject_15,crowd,assistant,block_early,2,531,80.0,,1785090254,2320.4
exp_20260726T171647Z_dba5fd47,a4b9abea,crowd_subject_15,crowd_subject_15,crowd,user,block_early,2,26,4.0,346558.59421007335,1785090249,
exp_20260726T171647Z_dba5fd47,a4b9abea,crowd_subject_15,crowd_subject_15,crowd,assistant,block_early,3,616,98.0,,1785090301,2359.0
exp_20260726T171647Z_dba5fd47,a4b9abea,crowd_subject_15,crowd_subject_15,crowd,user,block_early,3,92,16.0,44310.78538298607,1785090298,
exp_20260726T171647Z_dba5fd47,a4b9abea,crowd_subject_15,crowd_subject_15,crowd,assistant,block_early,4,233,38.0,,1785090322,1587.2
exp_20260726T171647Z_dba5fd47,a4b9abea,crowd_subject_15,crowd_subject_15,crowd,user,block_early,4,16,3.0,19875.92849880457,1785090321,
exp_20260726T171647Z_dba5fd47,a4b9abea,crowd_subject_15,crowd_subject_15,crowd,assistant,block_late,1,877,143.0,,1785089073,3024.2
exp_20260726T171647Z_dba5fd47,a4b9abea,crowd_subject_15,crowd_subject_15,crowd,user,block_late,1,74,15.0,,1785089070,
exp_20260726T171647Z_dba5fd47,a4b9abea,crowd_subject_15,crowd_subject_15,crowd,assistant,block_late,2,860,122.0,,1785089144,2931.4
exp_20260726T171647Z_dba5fd47,a4b9abea,crowd_subject_15,crowd_subject_15,crowd,user,block_late,2,25,4.0,67915.68763926625,1785089141,
exp_20260726T171647Z_dba5fd47,a4b9abea,crowd_subject_15,crowd_subject_15,crowd,assistant,block_late,3,654,92.0,,1785089611,2279.6
exp_20260726T171647Z_dba5fd47,a4b9abea,crowd_subject_15,crowd_subject_15,crowd,user,block_late,3,46,7.0,465028.8763195276,1785089609,
exp_20260726T171647Z_dba5fd47,a4b9abea,crowd_subject_15,crowd_subject_15,crowd,assistant,block_late,4,495,72.0,,1785089649,2240.4
exp_20260726T171647Z_dba5fd47,a4b9abea,crowd_subject_15,crowd_subject_15,crowd,user,block_late,4,56,9.0,33330.258099362254,1785089645,
exp_20260726T171647Z_dba5fd47,a4b9abea,crowd_subject_15,crowd_subject_15,crowd,assistant,inline_early,1,1451,254.0,,1785087874,5495.9
exp_20260726T171647Z_dba5fd47,a4b9abea,crowd_subject_15,crowd_subject_15,crowd,user,inline_early,1,79,15.0,,1785087868,
exp_20260726T171647Z_dba5fd47,a4b9abea,crowd_subject_15,crowd_subject_15,crowd,assistant,inline_early,2,919,160.0,,1785087967,3751.0
exp_20260726T171647Z_dba5fd47,a4b9abea,crowd_subject_15,crowd_subject_15,crowd,user,inline_early,2,52,11.0,85331.20411634445,1785087959,
exp_20260726T171647Z_dba5fd47,a4b9abea,crowd_subject_15,crowd_subject_15,crowd,assistant,inline_early,3,1672,297.0,,1785088375,6043.9
exp_20260726T171647Z_dba5fd47,a4b9abea,crowd_subject_15,crowd_subject_15,crowd,user,inline_early,3,129,25.0,402374.96035918593,1785088369,
exp_20260726T171647Z_dba5fd47,a4b9abea,crowd_subject_15,crowd_subject_15,crowd,assistant,inline_early,4,1096,199.0,,1785088432,4304.2
exp_20260726T171647Z_dba5fd47,a4b9abea,crowd_subject_15,crowd_subject_15,crowd,user,inline_early,4,22,5.0,52783.930376172066,1785088428,
exp_20260726T171647Z_dba5fd47,a4b9abea,crowd_subject_15,crowd_subject_15,crowd,assistant,inline_late,1,1124,151.0,,1785086601,3981.9
exp_20260726T171647Z_dba5fd47,a4b9abea,crowd_subject_15,crowd_subject_15,crowd,user,inline_late,1,116,22.0,,1785086597,
exp_20260726T171647Z_dba5fd47,a4b9abea,crowd_subject_15,crowd_subject_15,crowd,assistant,inline_late,2,606,104.0,,1785086671,2649.0
exp_20260726T171647Z_dba5fd47,a4b9abea,crowd_subject_15,crowd_subject_15,crowd,user,inline_late,2,50,12.0,67251.69320032,1785086668,
exp_20260726T171647Z_dba5fd47,a4b9abea,crowd_subject_15,crowd_subject_15,crowd,assistant,inline_late,3,801,120.0,,1785086746,2954.1
exp_20260726T171647Z_dba5fd47,a4b9abea,crowd_subject_15,crowd_subject_15,crowd,user,inline_late,3,31,7.0,72110.58899946511,1785086743,
exp_20260726T171647Z_dba5fd47,a4b9abea,crowd_subject_15,crowd_subject_15,crowd,assistant,inline_late,4,924,143.0,,1785086814,3393.3
exp_20260726T171647Z_dba5fd47,a4b9abea,crowd_subject_15,crowd_subject_15,crowd,user,inline_late,4,81,17.0,61544.147020205855,1785086807,
exp_20260726T171647Z_dba5fd47,a4b9abea,crowd_subject_15,crowd_subject_15,crowd,assistant,no_ads,1,349,57.0,,1785087299,2174.4
exp_20260726T171647Z_dba5fd47,a4b9abea,crowd_subject_15,crowd_subject_15,crowd,user,no_ads,1,69,14.0,,1785087297,
exp_20260726T171647Z_dba5fd47,a4b9abea,crowd_subject_15,crowd_subject_15,crowd,assistant,no_ads,2,279,36.0,,1785087321,1894.9
exp_20260726T171647Z_dba5fd47,a4b9abea,crowd_subject_15,crowd_subject_15,crowd,user,no_ads,2,19,4.0,20374.486830085516,1785087320,
exp_20260726T171647Z_dba5fd47,a4b9abea,crowd_subject_15,crowd_subject_15,crowd,assistant,no_ads,3,386,61.0,,1785087347,2052.1
exp_20260726T171647Z_dba5fd47,a4b9abea,crowd_subject_15,crowd_subject_15,crowd,user,no_ads,3,36,6.0,23063.996601849794,1785087345,
exp_20260726T171647Z_dba5fd47,a4b9abea,crowd_subject_15,crowd_subject_15,crowd,assistant,no_ads,4,552,90.0,,1785087398,2334.9
exp_20260726T171647Z_dba5fd47,a4b9abea,crowd_subject_15,crowd_subject_15,crowd,user,no_ads,4,76,15.0,48996.693193912506,1785087396,
exp_20260726T183534Z_b8b0b3c4,2606d905,crowd_subject_16,crowd_subject_16,crowd,assistant,block_early,1,412,68.0,,1785092621,2266.8
exp_20260726T183534Z_b8b0b3c4,2606d905,crowd_subject_16,crowd_subject_16,crowd,user,block_early,1,84,17.0,,1785092619,
exp_20260726T183534Z_b8b0b3c4,2606d905,crowd_subject_16,crowd_subject_16,crowd,assistant,block_early,2,840,137.0,,1785092741,2991.9
exp_20260726T183534Z_b8b0b3c4,2606d905,crowd_subject_16,crowd_subject_16,crowd,user,block_early,2,195,33.0,113848.24038855731,1785092735,
exp_20260726T183534Z_b8b0b3c4,2606d905,crowd_subject_16,crowd_subject_16,crowd,assistant,block_early,3,1085,169.0,,1785092803,3368.8
exp_20260726T183534Z_b8b0b3c4,2606d905,crowd_subject_16,crowd_subject_16,crowd,user,block_early,3,91,17.0,58578.722240403295,1785092799,
exp_20260726T183534Z_b8b0b3c4,2606d905,crowd_subject_16,crowd_subject_16,crowd,assistant,block_early,4,1964,363.0,,1785092846,5762.7
exp_20260726T183534Z_b8b0b3c4,2606d905,crowd_subject_16,crowd_subject_16,crowd,user,block_early,4,37,7.0,37668.99575851858,1785092840,
exp_20260726T183534Z_b8b0b3c4,2606d905,crowd_subject_16,crowd_subject_16,crowd,assistant,block_late,1,988,155.0,,1785091214,4074.4
exp_20260726T183534Z_b8b0b3c4,2606d905,crowd_subject_16,crowd_subject_16,crowd,user,block_late,1,138,25.0,,1785091210,
exp_20260726T183534Z_b8b0b3c4,2606d905,crowd_subject_16,crowd_subject_16,crowd,assistant,block_late,2,1064,157.0,,1785091326,3941.2
exp_20260726T183534Z_b8b0b3c4,2606d905,crowd_subject_16,crowd_subject_16,crowd,user,block_late,2,44,8.0,107773.41103740036,1785091322,
exp_20260726T183534Z_b8b0b3c4,2606d905,crowd_subject_16,crowd_subject_16,crowd,assistant,block_late,3,1560,238.0,,1785091400,5366.7
exp_20260726T183534Z_b8b0b3c4,2606d905,crowd_subject_16,crowd_subject_16,crowd,user,block_late,3,77,15.0,68448.55604879558,1785091394,
exp_20260726T183534Z_b8b0b3c4,2606d905,crowd_subject_16,crowd_subject_16,crowd,assistant,block_late,4,1694,264.0,,1785091458,5192.5
exp_20260726T183534Z_b8b0b3c4,2606d905,crowd_subject_16,crowd_subject_16,crowd,user,block_late,4,108,20.0,49129.92251291871,1785091449,
exp_20260726T183534Z_b8b0b3c4,2606d905,crowd_subject_16,crowd_subject_16,crowd,assistant,inline_early,1,1237,193.0,,1785092055,3801.7
exp_20260726T183534Z_b8b0b3c4,2606d905,crowd_subject_16,crowd_subject_16,crowd,user,inline_early,1,72,14.0,,1785092051,
exp_20260726T183534Z_b8b0b3c4,2606d905,crowd_subject_16,crowd_subject_16,crowd,assistant,inline_early,2,842,123.0,,1785092138,2705.9
exp_20260726T183534Z_b8b0b3c4,2606d905,crowd_subject_16,crowd_subject_16,crowd,user,inline_early,2,109,18.0,77593.45490299165,1785092133,
exp_20260726T183534Z_b8b0b3c4,2606d905,crowd_subject_16,crowd_subject_16,crowd,assistant,inline_early,3,268,40.0,,1785092200,1951.8
exp_20260726T183534Z_b8b0b3c4,2606d905,crowd_subject_16,crowd_subject_16,crowd,user,inline_early,3,38,6.0,59935.09553000331,1785092198,
exp_20260726T183534Z_b8b0b3c4,2606d905,crowd_subject_16,crowd_subject_16,crowd,assistant,inline_early,4,460,71.0,,1785092227,2041.2
exp_20260726T183534Z_b8b0b3c4,2606d905,crowd_subject_16,crowd_subject_16,crowd,user,inline_early,4,37,5.0,24942.240411415696,1785092225,
exp_20260726T183534Z_b8b0b3c4,2606d905,crowd_subject_16,crowd_subject_16,crowd,assistant,inline_late,1,416,64.0,,1785093867,2203.3
exp_20260726T183534Z_b8b0b3c4,2606d905,crowd_subject_16,crowd_subject_16,crowd,user,inline_late,1,119,22.0,,1785093864,
exp_20260726T183534Z_b8b0b3c4,2606d905,crowd_subject_16,crowd_subject_16,crowd,assistant,inline_late,2,434,70.0,,1785093947,1921.3
exp_20260726T183534Z_b8b0b3c4,2606d905,crowd_subject_16,crowd_subject_16,crowd,user,inline_late,2,133,26.0,78504.9192328006,1785093945,
exp_20260726T183534Z_b8b0b3c4,2606d905,crowd_subject_16,crowd_subject_16,crowd,assistant,inline_late,3,933,142.0,,1785094024,3107.8
exp_20260726T183534Z_b8b0b3c4,2606d905,crowd_subject_16,crowd_subject_16,crowd,user,inline_late,3,63,11.0,73329.38882149756,1785094020,
exp_20260726T183534Z_b8b0b3c4,2606d905,crowd_subject_16,crowd_subject_16,crowd,assistant,inline_late,4,439,75.0,,1785094065,2246.4
exp_20260726T183534Z_b8b0b3c4,2606d905,crowd_subject_16,crowd_subject_16,crowd,user,inline_late,4,35,6.0,36793.96168515086,1785094060,
exp_20260726T183534Z_b8b0b3c4,2606d905,crowd_subject_16,crowd_subject_16,crowd,assistant,no_ads,1,444,66.0,,1785093365,2282.3
exp_20260726T183534Z_b8b0b3c4,2606d905,crowd_subject_16,crowd_subject_16,crowd,user,no_ads,1,138,28.0,,1785093363,
exp_20260726T183534Z_b8b0b3c4,2606d905,crowd_subject_16,crowd_subject_16,crowd,assistant,no_ads,2,297,54.0,,1785093410,1845.9
exp_20260726T183534Z_b8b0b3c4,2606d905,crowd_subject_16,crowd_subject_16,crowd,user,no_ads,2,60,12.0,42986.16664484143,1785093408,
exp_20260726T183534Z_b8b0b3c4,2606d905,crowd_subject_16,crowd_subject_16,crowd,assistant,no_ads,3,803,117.0,,1785093451,3136.0
exp_20260726T183534Z_b8b0b3c4,2606d905,crowd_subject_16,crowd_subject_16,crowd,user,no_ads,3,84,16.0,38207.854360342026,1785093448,
exp_20260726T183534Z_b8b0b3c4,2606d905,crowd_subject_16,crowd_subject_16,crowd,assistant,no_ads,4,564,90.0,,1785093515,2712.8
exp_20260726T183534Z_b8b0b3c4,2606d905,crowd_subject_16,crowd_subject_16,crowd,user,no_ads,4,87,18.0,60715.35905636847,1785093512,
exp_20260726T195550Z_05bbe585,a5c22768,crowd_subject_18_unfocused,crowd_subject_18_unfocused,crowd,assistant,block_early,1,314,45.0,,1785096222,2025.0
exp_20260726T195550Z_05bbe585,a5c22768,crowd_subject_18_unfocused,crowd_subject_18_unfocused,crowd,user,block_early,1,47,9.0,,1785096220,
exp_20260726T195550Z_05bbe585,a5c22768,crowd_subject_18_unfocused,crowd_subject_18_unfocused,crowd,assistant,block_early,2,191,30.0,,1785096237,1713.2
exp_20260726T195550Z_05bbe585,a5c22768,crowd_subject_18_unfocused,crowd_subject_18_unfocused,crowd,user,block_early,2,28,6.0,9760.411811992526,1785096232,
exp_20260726T195550Z_05bbe585,a5c22768,crowd_subject_18_unfocused,crowd_subject_18_unfocused,crowd,assistant,block_early,3,741,117.0,,1785096257,3094.6
exp_20260726T195550Z_05bbe585,a5c22768,crowd_subject_18_unfocused,crowd_subject_18_unfocused,crowd,user,block_early,3,36,6.0,17278.993144631386,1785096254,
exp_20260726T195550Z_05bbe585,a5c22768,crowd_subject_18_unfocused,crowd_subject_18_unfocused,crowd,assistant,block_early,4,973,159.0,,1785096273,3748.7
exp_20260726T195550Z_05bbe585,a5c22768,crowd_subject_18_unfocused,crowd_subject_18_unfocused,crowd,user,block_early,4,28,5.0,11677.411280572414,1785096269,
exp_20260726T195550Z_05bbe585,a5c22768,crowd_subject_18_unfocused,crowd_subject_18_unfocused,crowd,assistant,block_late,1,488,71.0,,1785096569,2319.8
exp_20260726T195550Z_05bbe585,a5c22768,crowd_subject_18_unfocused,crowd_subject_18_unfocused,crowd,user,block_late,1,59,12.0,,1785096566,
exp_20260726T195550Z_05bbe585,a5c22768,crowd_subject_18_unfocused,crowd_subject_18_unfocused,crowd,assistant,block_late,2,550,84.0,,1785096593,2231.1
exp_20260726T195550Z_05bbe585,a5c22768,crowd_subject_18_unfocused,crowd_subject_18_unfocused,crowd,user,block_late,2,38,6.0,22254.774298518896,1785096591,
exp_20260726T195550Z_05bbe585,a5c22768,crowd_subject_18_unfocused,crowd_subject_18_unfocused,crowd,assistant,block_late,3,623,100.0,,1785096620,2593.9
exp_20260726T195550Z_05bbe585,a5c22768,crowd_subject_18_unfocused,crowd_subject_18_unfocused,crowd,user,block_late,3,50,12.0,24185.463903471828,1785096617,
exp_20260726T195550Z_05bbe585,a5c22768,crowd_subject_18_unfocused,crowd_subject_18_unfocused,crowd,assistant,block_late,4,169,30.0,,1785096635,1574.7
exp_20260726T195550Z_05bbe585,a5c22768,crowd_subject_18_unfocused,crowd_subject_18_unfocused,crowd,user,block_late,4,30,5.0,10412.466656416655,1785096630,
exp_20260726T195550Z_05bbe585,a5c22768,crowd_subject_18_unfocused,crowd_subject_18_unfocused,crowd,assistant,inline_early,1,948,129.0,,1785095868,3510.2
exp_20260726T195550Z_05bbe585,a5c22768,crowd_subject_18_unfocused,crowd_subject_18_unfocused,crowd,user,inline_early,1,102,16.0,,1785095864,
exp_20260726T195550Z_05bbe585,a5c22768,crowd_subject_18_unfocused,crowd_subject_18_unfocused,crowd,assistant,inline_early,2,561,99.0,,1785095886,2245.6
exp_20260726T195550Z_05bbe585,a5c22768,crowd_subject_18_unfocused,crowd_subject_18_unfocused,crowd,user,inline_early,2,25,4.0,13468.1151304394,1785095881,
exp_20260726T195550Z_05bbe585,a5c22768,crowd_subject_18_unfocused,crowd_subject_18_unfocused,crowd,assistant,inline_early,3,516,81.0,,1785095905,2576.2
exp_20260726T195550Z_05bbe585,a5c22768,crowd_subject_18_unfocused,crowd_subject_18_unfocused,crowd,user,inline_early,3,82,16.0,16628.97222302854,1785095903,
exp_20260726T195550Z_05bbe585,a5c22768,crowd_subject_18_unfocused,crowd_subject_18_unfocused,crowd,assistant,inline_early,4,740,113.0,,1785095933,2546.8
exp_20260726T195550Z_05bbe585,a5c22768,crowd_subject_18_unfocused,crowd_subject_18_unfocused,crowd,user,inline_early,4,50,10.0,24528.51217612624,1785095930,
exp_20260726T195550Z_05bbe585,a5c22768,crowd_subject_18_unfocused,crowd_subject_18_unfocused,crowd,assistant,inline_late,1,544,82.0,,1785096382,2424.8
exp_20260726T195550Z_05bbe585,a5c22768,crowd_subject_18_unfocused,crowd_subject_18_unfocused,crowd,user,inline_late,1,54,8.0,,1785096379,
exp_20260726T195550Z_05bbe585,a5c22768,crowd_subject_18_unfocused,crowd_subject_18_unfocused,crowd,assistant,inline_late,2,370,60.0,,1785096396,1805.7
exp_20260726T195550Z_05bbe585,a5c22768,crowd_subject_18_unfocused,crowd_subject_18_unfocused,crowd,user,inline_late,2,54,8.0,11789.971340447664,1785096394,
exp_20260726T195550Z_05bbe585,a5c22768,crowd_subject_18_unfocused,crowd_subject_18_unfocused,crowd,assistant,inline_late,3,544,82.0,,1785096409,2115.3
exp_20260726T195550Z_05bbe585,a5c22768,crowd_subject_18_unfocused,crowd_subject_18_unfocused,crowd,user,inline_late,3,58,10.0,11343.696748837829,1785096407,
exp_20260726T195550Z_05bbe585,a5c22768,crowd_subject_18_unfocused,crowd_subject_18_unfocused,crowd,assistant,inline_late,4,352,55.0,,1785096430,2068.1
exp_20260726T195550Z_05bbe585,a5c22768,crowd_subject_18_unfocused,crowd_subject_18_unfocused,crowd,user,inline_late,4,64,10.0,15810.160243883729,1785096425,
exp_20260726T195550Z_05bbe585,a5c22768,crowd_subject_18_unfocused,crowd_subject_18_unfocused,crowd,assistant,no_ads,1,379,57.0,,1785096079,2106.4
exp_20260726T195550Z_05bbe585,a5c22768,crowd_subject_18_unfocused,crowd_subject_18_unfocused,crowd,user,no_ads,1,51,9.0,,1785096077,
exp_20260726T195550Z_05bbe585,a5c22768,crowd_subject_18_unfocused,crowd_subject_18_unfocused,crowd,assistant,no_ads,2,356,56.0,,1785096096,1833.4
exp_20260726T195550Z_05bbe585,a5c22768,crowd_subject_18_unfocused,crowd_subject_18_unfocused,crowd,user,no_ads,2,44,9.0,14832.76468142867,1785096094,
exp_20260726T195550Z_05bbe585,a5c22768,crowd_subject_18_unfocused,crowd_subject_18_unfocused,crowd,assistant,no_ads,3,304,49.0,,1785096115,1748.6
exp_20260726T195550Z_05bbe585,a5c22768,crowd_subject_18_unfocused,crowd_subject_18_unfocused,crowd,user,no_ads,3,56,12.0,17403.26608158648,1785096113,
exp_20260726T195550Z_05bbe585,a5c22768,crowd_subject_18_unfocused,crowd_subject_18_unfocused,crowd,assistant,no_ads,4,216,30.0,,1785096126,1639.1
exp_20260726T195550Z_05bbe585,a5c22768,crowd_subject_18_unfocused,crowd_subject_18_unfocused,crowd,user,no_ads,4,29,5.0,8873.21144901216,1785096124,
exp_20260726T204033Z_24ec0dc4,17b9b532,crowd_subject_19,crowd_subject_19,crowd,assistant,block_early,1,1853,293.0,,1785099626,6350.2
exp_20260726T204033Z_24ec0dc4,17b9b532,crowd_subject_19,crowd_subject_19,crowd,user,block_early,1,67,15.0,,1785099620,
exp_20260726T204033Z_24ec0dc4,17b9b532,crowd_subject_19,crowd_subject_19,crowd,assistant,block_early,2,1225,205.0,,1785099649,4348.1
exp_20260726T204033Z_24ec0dc4,17b9b532,crowd_subject_19,crowd_subject_19,crowd,user,block_early,2,34,5.0,15067.53957644105,1785099641,
exp_20260726T204033Z_24ec0dc4,17b9b532,crowd_subject_19,crowd_subject_19,crowd,assistant,block_early,3,1201,197.0,,1785099677,4407.2
exp_20260726T204033Z_24ec0dc4,17b9b532,crowd_subject_19,crowd_subject_19,crowd,user,block_early,3,65,13.0,23700.26745647192,1785099673,
exp_20260726T204033Z_24ec0dc4,17b9b532,crowd_subject_19,crowd_subject_19,crowd,assistant,block_early,4,1228,192.0,,1785099694,3861.2
exp_20260726T204033Z_24ec0dc4,17b9b532,crowd_subject_19,crowd_subject_19,crowd,user,block_early,4,21,4.0,12816.957648843527,1785099690,
exp_20260726T204033Z_24ec0dc4,17b9b532,crowd_subject_19,crowd_subject_19,crowd,assistant,block_late,1,572,75.0,,1785099364,2580.6
exp_20260726T204033Z_24ec0dc4,17b9b532,crowd_subject_19,crowd_subject_19,crowd,user,block_late,1,53,9.0,,1785099362,
exp_20260726T204033Z_24ec0dc4,17b9b532,crowd_subject_19,crowd_subject_19,crowd,assistant,block_late,2,223,35.0,,1785099388,1772.7
exp_20260726T204033Z_24ec0dc4,17b9b532,crowd_subject_19,crowd_subject_19,crowd,user,block_late,2,24,4.0,21830.192195251584,1785099386,
exp_20260726T204033Z_24ec0dc4,17b9b532,crowd_subject_19,crowd_subject_19,crowd,assistant,block_late,3,238,35.0,,1785099427,1677.8
exp_20260726T204033Z_24ec0dc4,17b9b532,crowd_subject_19,crowd_subject_19,crowd,user,block_late,3,36,8.0,37046.0459664464,1785099425,
exp_20260726T204033Z_24ec0dc4,17b9b532,crowd_subject_19,crowd_subject_19,crowd,assistant,block_late,4,275,41.0,,1785099443,1919.9
exp_20260726T204033Z_24ec0dc4,17b9b532,crowd_subject_19,crowd_subject_19,crowd,user,block_late,4,35,7.0,11757.073599845171,1785099439,
exp_20260726T204033Z_24ec0dc4,17b9b532,crowd_subject_19,crowd_subject_19,crowd,assistant,inline_early,1,820,131.0,,1785098566,2801.8
exp_20260726T204033Z_24ec0dc4,17b9b532,crowd_subject_19,crowd_subject_19,crowd,user,inline_early,1,109,24.0,,1785098563,
exp_20260726T204033Z_24ec0dc4,17b9b532,crowd_subject_19,crowd_subject_19,crowd,assistant,inline_early,2,631,97.0,,1785098623,2242.5
exp_20260726T204033Z_24ec0dc4,17b9b532,crowd_subject_19,crowd_subject_19,crowd,user,inline_early,2,143,23.0,52365.571208298206,1785098618,
exp_20260726T204033Z_24ec0dc4,17b9b532,crowd_subject_19,crowd_subject_19,crowd,assistant,inline_early,3,1245,178.0,,1785098648,4021.6
exp_20260726T204033Z_24ec0dc4,17b9b532,crowd_subject_19,crowd_subject_19,crowd,user,inline_early,3,49,8.0,20817.194052040577,1785098644,
exp_20260726T204033Z_24ec0dc4,17b9b532,crowd_subject_19,crowd_subject_19,crowd,assistant,inline_early,4,989,151.0,,1785098668,3188.3
exp_20260726T204033Z_24ec0dc4,17b9b532,crowd_subject_19,crowd_subject_19,crowd,user,inline_early,4,60,10.0,16260.777039453387,1785098664,
exp_20260726T204033Z_24ec0dc4,17b9b532,crowd_subject_19,crowd_subject_19,crowd,assistant,inline_late,1,408,59.0,,1785099141,2302.1
exp_20260726T204033Z_24ec0dc4,17b9b532,crowd_subject_19,crowd_subject_19,crowd,user,inline_late,1,59,12.0,,1785099139,
exp_20260726T204033Z_24ec0dc4,17b9b532,crowd_subject_19,crowd_subject_19,crowd,assistant,inline_late,2,622,86.0,,1785099160,2572.8
exp_20260726T204033Z_24ec0dc4,17b9b532,crowd_subject_19,crowd_subject_19,crowd,user,inline_late,2,49,10.0,16781.55163489282,1785099158,
exp_20260726T204033Z_24ec0dc4,17b9b532,crowd_subject_19,crowd_subject_19,crowd,assistant,inline_late,3,365,56.0,,1785099184,2059.2
exp_20260726T204033Z_24ec0dc4,17b9b532,crowd_subject_19,crowd_subject_19,crowd,user,inline_late,3,75,13.0,21558.4371201694,1785099182,
exp_20260726T204033Z_24ec0dc4,17b9b532,crowd_subject_19,crowd_subject_19,crowd,assistant,inline_late,4,565,97.0,,1785099217,2700.8
exp_20260726T204033Z_24ec0dc4,17b9b532,crowd_subject_19,crowd_subject_19,crowd,user,inline_late,4,39,7.0,26748.4697047621,1785099211,
exp_20260726T204033Z_24ec0dc4,17b9b532,crowd_subject_19,crowd_subject_19,crowd,assistant,no_ads,1,471,80.0,,1785098888,2249.0
exp_20260726T204033Z_24ec0dc4,17b9b532,crowd_subject_19,crowd_subject_19,crowd,user,no_ads,1,209,41.0,,1785098886,
exp_20260726T204033Z_24ec0dc4,17b9b532,crowd_subject_19,crowd_subject_19,crowd,assistant,no_ads,2,558,92.0,,1785098928,2192.8
exp_20260726T204033Z_24ec0dc4,17b9b532,crowd_subject_19,crowd_subject_19,crowd,user,no_ads,2,111,21.0,37519.4404553622,1785098925,
exp_20260726T204033Z_24ec0dc4,17b9b532,crowd_subject_19,crowd_subject_19,crowd,assistant,no_ads,3,690,104.0,,1785098947,2465.2
exp_20260726T204033Z_24ec0dc4,17b9b532,crowd_subject_19,crowd_subject_19,crowd,user,no_ads,3,34,8.0,17262.482434511185,1785098945,
exp_20260726T204033Z_24ec0dc4,17b9b532,crowd_subject_19,crowd_subject_19,crowd,assistant,no_ads,4,856,137.0,,1785098966,3244.8
exp_20260726T204033Z_24ec0dc4,17b9b532,crowd_subject_19,crowd_subject_19,crowd,user,no_ads,4,35,7.0,15477.313708513975,1785098963,
exp_20260713T130843Z_e9a090f1,e3135307,crowd_subject_2,crowd_subject_2,crowd,assistant,block_early,1,380,61.0,,1783949992,2143.8
exp_20260713T130843Z_e9a090f1,e3135307,crowd_subject_2,crowd_subject_2,crowd,user,block_early,1,252,45.0,,1783949990,
exp_20260713T130843Z_e9a090f1,e3135307,crowd_subject_2,crowd_subject_2,crowd,assistant,block_early,2,330,50.0,,1783950042,1772.5
exp_20260713T130843Z_e9a090f1,e3135307,crowd_subject_2,crowd_subject_2,crowd,user,block_early,2,69,14.0,42768.691424280405,1783950035,
exp_20260713T130843Z_e9a090f1,e3135307,crowd_subject_2,crowd_subject_2,crowd,assistant,block_early,3,372,59.0,,1783950062,2035.6
exp_20260713T130843Z_e9a090f1,e3135307,crowd_subject_2,crowd_subject_2,crowd,user,block_early,3,19,4.0,17921.26163095236,1783950060,
exp_20260713T130843Z_e9a090f1,e3135307,crowd_subject_2,crowd_subject_2,crowd,assistant,block_early,4,536,80.0,,1783950103,2369.0
exp_20260713T130843Z_e9a090f1,e3135307,crowd_subject_2,crowd_subject_2,crowd,user,block_early,4,28,6.0,37922.313418239355,1783950100,
exp_20260713T130843Z_e9a090f1,e3135307,crowd_subject_2,crowd_subject_2,crowd,assistant,block_late,1,556,82.0,,1783949586,2492.6
exp_20260713T130843Z_e9a090f1,e3135307,crowd_subject_2,crowd_subject_2,crowd,user,block_late,1,149,30.0,,1783949584,
exp_20260713T130843Z_e9a090f1,e3135307,crowd_subject_2,crowd_subject_2,crowd,assistant,block_late,2,382,64.0,,1783949632,2205.2
exp_20260713T130843Z_e9a090f1,e3135307,crowd_subject_2,crowd_subject_2,crowd,user,block_late,2,69,17.0,43558.76746214926,1783949630,
exp_20260713T130843Z_e9a090f1,e3135307,crowd_subject_2,crowd_subject_2,crowd,assistant,block_late,3,228,32.0,,1783949648,1842.7
exp_20260713T130843Z_e9a090f1,e3135307,crowd_subject_2,crowd_subject_2,crowd,user,block_late,3,29,8.0,14384.95664857328,1783949646,
exp_20260713T130843Z_e9a090f1,e3135307,crowd_subject_2,crowd_subject_2,crowd,assistant,block_late,4,304,50.0,,1783949681,1922.2
exp_20260713T130843Z_e9a090f1,e3135307,crowd_subject_2,crowd_subject_2,crowd,user,block_late,4,61,14.0,25056.87535367906,1783949673,
exp_20260713T130843Z_e9a090f1,e3135307,crowd_subject_2,crowd_subject_2,crowd,assistant,inline_early,1,345,50.0,,1783949042,1978.6
exp_20260713T130843Z_e9a090f1,e3135307,crowd_subject_2,crowd_subject_2,crowd,user,inline_early,1,414,69.0,,1783949039,
exp_20260713T130843Z_e9a090f1,e3135307,crowd_subject_2,crowd_subject_2,crowd,assistant,inline_early,2,356,54.0,,1783949076,1908.0
exp_20260713T130843Z_e9a090f1,e3135307,crowd_subject_2,crowd_subject_2,crowd,user,inline_early,2,52,10.0,27092.07432717085,1783949069,
exp_20260713T130843Z_e9a090f1,e3135307,crowd_subject_2,crowd_subject_2,crowd,assistant,inline_early,3,291,45.0,,1783949123,1954.4
exp_20260713T130843Z_e9a090f1,e3135307,crowd_subject_2,crowd_subject_2,crowd,user,inline_early,3,51,11.0,44726.90160758793,1783949121,
exp_20260713T130843Z_e9a090f1,e3135307,crowd_subject_2,crowd_subject_2,crowd,assistant,inline_early,4,213,32.0,,1783949149,1636.3
exp_20260713T130843Z_e9a090f1,e3135307,crowd_subject_2,crowd_subject_2,crowd,user,inline_early,4,60,12.0,24757.87447206676,1783949147,
exp_20260713T130843Z_e9a090f1,e3135307,crowd_subject_2,crowd_subject_2,crowd,assistant,inline_late,1,1442,215.0,,1783948611,4109.3
exp_20260713T130843Z_e9a090f1,e3135307,crowd_subject_2,crowd_subject_2,crowd,user,inline_late,1,479,74.0,,1783948607,
exp_20260713T130843Z_e9a090f1,e3135307,crowd_subject_2,crowd_subject_2,crowd,assistant,inline_late,2,1878,286.0,,1783948694,5061.8
exp_20260713T130843Z_e9a090f1,e3135307,crowd_subject_2,crowd_subject_2,crowd,user,inline_late,2,76,15.0,77102.55059599876,1783948688,
exp_20260713T130843Z_e9a090f1,e3135307,crowd_subject_2,crowd_subject_2,crowd,assistant,inline_late,3,1394,193.0,,1783948749,4473.1
exp_20260713T130843Z_e9a090f1,e3135307,crowd_subject_2,crowd_subject_2,crowd,user,inline_late,3,51,11.0,50899.68152530491,1783948744,
exp_20260713T130843Z_e9a090f1,e3135307,crowd_subject_2,crowd_subject_2,crowd,assistant,inline_late,4,1620,254.0,,1783948804,4372.1
exp_20260713T130843Z_e9a090f1,e3135307,crowd_subject_2,crowd_subject_2,crowd,user,inline_late,4,62,14.0,45009.847451001406,1783948794,
exp_20260713T130843Z_e9a090f1,e3135307,crowd_subject_2,crowd_subject_2,crowd,assistant,no_ads,1,1847,270.0,,1783948294,6221.8
exp_20260713T130843Z_e9a090f1,e3135307,crowd_subject_2,crowd_subject_2,crowd,user,no_ads,1,426,69.0,,1783948288,
exp_20260713T130843Z_e9a090f1,e3135307,crowd_subject_2,crowd_subject_2,crowd,assistant,no_ads,2,2484,385.0,,1783948333,7806.2
exp_20260713T130843Z_e9a090f1,e3135307,crowd_subject_2,crowd_subject_2,crowd,user,no_ads,2,27,6.0,31199.257992208004,1783948325,
exp_20260713T130843Z_e9a090f1,e3135307,crowd_subject_2,crowd_subject_2,crowd,assistant,no_ads,3,1335,208.0,,1783948367,4660.9
exp_20260713T130843Z_e9a090f1,e3135307,crowd_subject_2,crowd_subject_2,crowd,user,no_ads,3,28,5.0,29378.7499666214,1783948363,
exp_20260713T130843Z_e9a090f1,e3135307,crowd_subject_2,crowd_subject_2,crowd,assistant,no_ads,4,1152,174.0,,1783948386,4474.3
exp_20260713T130843Z_e9a090f1,e3135307,crowd_subject_2,crowd_subject_2,crowd,user,no_ads,4,51,12.0,14462.478842586279,1783948382,
exp_20260726T211020Z_df2dfa1a,350c7111,crowd_subject_20,crowd_subject_20,crowd,assistant,block_early,1,300,47.0,,1785101385,1872.9
exp_20260726T211020Z_df2dfa1a,350c7111,crowd_subject_20,crowd_subject_20,crowd,user,block_early,1,61,13.0,,1785101383,
exp_20260726T211020Z_df2dfa1a,350c7111,crowd_subject_20,crowd_subject_20,crowd,assistant,block_early,2,310,48.0,,1785101413,1750.6
exp_20260726T211020Z_df2dfa1a,350c7111,crowd_subject_20,crowd_subject_20,crowd,user,block_early,2,33,7.0,23967.944763600826,1785101409,
exp_20260726T211020Z_df2dfa1a,350c7111,crowd_subject_20,crowd_subject_20,crowd,assistant,block_early,3,360,61.0,,1785101446,1912.6
exp_20260726T211020Z_df2dfa1a,350c7111,crowd_subject_20,crowd_subject_20,crowd,user,block_early,3,61,14.0,30332.365721464157,1785101444,
exp_20260726T211020Z_df2dfa1a,350c7111,crowd_subject_20,crowd_subject_20,crowd,assistant,block_early,4,279,45.0,,1785101469,1799.7
exp_20260726T211020Z_df2dfa1a,350c7111,crowd_subject_20,crowd_subject_20,crowd,user,block_early,4,20,4.0,20902.555163949728,1785101467,
exp_20260726T211020Z_df2dfa1a,350c7111,crowd_subject_20,crowd_subject_20,crowd,assistant,block_late,1,173,29.0,,1785100399,1647.6
exp_20260726T211020Z_df2dfa1a,350c7111,crowd_subject_20,crowd_subject_20,crowd,user,block_late,1,105,21.0,,1785100397,
exp_20260726T211020Z_df2dfa1a,350c7111,crowd_subject_20,crowd_subject_20,crowd,assistant,block_late,2,255,40.0,,1785100438,1573.2
exp_20260726T211020Z_df2dfa1a,350c7111,crowd_subject_20,crowd_subject_20,crowd,user,block_late,2,86,17.0,36969.57981027663,1785100436,
exp_20260726T211020Z_df2dfa1a,350c7111,crowd_subject_20,crowd_subject_20,crowd,assistant,block_late,3,373,60.0,,1785100453,1936.6
exp_20260726T211020Z_df2dfa1a,350c7111,crowd_subject_20,crowd_subject_20,crowd,user,block_late,3,7,1.0,13487.778145819902,1785100451,
exp_20260726T211020Z_df2dfa1a,350c7111,crowd_subject_20,crowd_subject_20,crowd,assistant,block_late,4,436,64.0,,1785100474,2047.6
exp_20260726T211020Z_df2dfa1a,350c7111,crowd_subject_20,crowd_subject_20,crowd,user,block_late,4,5,2.0,16464.77516554296,1785100470,
exp_20260726T211020Z_df2dfa1a,350c7111,crowd_subject_20,crowd_subject_20,crowd,assistant,inline_early,1,484,70.0,,1785100759,2465.5
exp_20260726T211020Z_df2dfa1a,350c7111,crowd_subject_20,crowd_subject_20,crowd,user,inline_early,1,84,17.0,,1785100756,
exp_20260726T211020Z_df2dfa1a,350c7111,crowd_subject_20,crowd_subject_20,crowd,assistant,inline_early,2,694,110.0,,1785100817,2702.5
exp_20260726T211020Z_df2dfa1a,350c7111,crowd_subject_20,crowd_subject_20,crowd,user,inline_early,2,19,3.0,51767.4214951694,1785100811,
exp_20260726T211020Z_df2dfa1a,350c7111,crowd_subject_20,crowd_subject_20,crowd,assistant,inline_early,3,533,84.0,,1785100857,2813.4
exp_20260726T211020Z_df2dfa1a,350c7111,crowd_subject_20,crowd_subject_20,crowd,user,inline_early,3,39,6.0,37394.04461160302,1785100854,
exp_20260726T211020Z_df2dfa1a,350c7111,crowd_subject_20,crowd_subject_20,crowd,assistant,inline_early,4,814,125.0,,1785100890,3117.8
exp_20260726T211020Z_df2dfa1a,350c7111,crowd_subject_20,crowd_subject_20,crowd,user,inline_early,4,30,7.0,29564.310308545828,1785100886,
exp_20260726T211020Z_df2dfa1a,350c7111,crowd_subject_20,crowd_subject_20,crowd,assistant,inline_late,1,63,10.0,,1785101643,1436.9
exp_20260726T211020Z_df2dfa1a,350c7111,crowd_subject_20,crowd_subject_20,crowd,user,inline_late,1,59,15.0,,1785101641,
exp_20260726T211020Z_df2dfa1a,350c7111,crowd_subject_20,crowd_subject_20,crowd,assistant,inline_late,2,291,44.0,,1785101672,1720.2
exp_20260726T211020Z_df2dfa1a,350c7111,crowd_subject_20,crowd_subject_20,crowd,user,inline_late,2,33,6.0,27497.84715101123,1785101670,
exp_20260726T211020Z_df2dfa1a,350c7111,crowd_subject_20,crowd_subject_20,crowd,assistant,inline_late,3,323,52.0,,1785101688,1781.5
exp_20260726T211020Z_df2dfa1a,350c7111,crowd_subject_20,crowd_subject_20,crowd,user,inline_late,3,32,8.0,14364.28326368332,1785101686,
exp_20260726T211020Z_df2dfa1a,350c7111,crowd_subject_20,crowd_subject_20,crowd,assistant,inline_late,4,449,73.0,,1785101707,2067.9
exp_20260726T211020Z_df2dfa1a,350c7111,crowd_subject_20,crowd_subject_20,crowd,user,inline_late,4,26,5.0,13672.848111018538,1785101702,
exp_20260726T211020Z_df2dfa1a,350c7111,crowd_subject_20,crowd_subject_20,crowd,assistant,no_ads,1,633,95.0,,1785101090,2698.2
exp_20260726T211020Z_df2dfa1a,350c7111,crowd_subject_20,crowd_subject_20,crowd,user,no_ads,1,85,17.0,,1785101087,
exp_20260726T211020Z_df2dfa1a,350c7111,crowd_subject_20,crowd_subject_20,crowd,assistant,no_ads,2,677,110.0,,1785101144,2710.0
exp_20260726T211020Z_df2dfa1a,350c7111,crowd_subject_20,crowd_subject_20,crowd,user,no_ads,2,27,5.0,51949.318028986454,1785101142,
exp_20260726T211020Z_df2dfa1a,350c7111,crowd_subject_20,crowd_subject_20,crowd,assistant,no_ads,3,744,102.0,,1785101165,3068.9
exp_20260726T211020Z_df2dfa1a,350c7111,crowd_subject_20,crowd_subject_20,crowd,user,no_ads,3,53,13.0,16976.062826812267,1785101161,
exp_20260726T211020Z_df2dfa1a,350c7111,crowd_subject_20,crowd_subject_20,crowd,assistant,no_ads,4,855,126.0,,1785101187,3211.5
exp_20260726T211020Z_df2dfa1a,350c7111,crowd_subject_20,crowd_subject_20,crowd,user,no_ads,4,45,9.0,19438.27616237104,1785101184,
exp_20260726T214632Z_fad2e70f,1ad7f9bf,crowd_subject_21,crowd_subject_21,crowd,assistant,block_early,1,1109,150.0,,1785104048,4117.8
exp_20260726T214632Z_fad2e70f,1ad7f9bf,crowd_subject_21,crowd_subject_21,crowd,user,block_early,1,523,102.0,,1785104044,
exp_20260726T214632Z_fad2e70f,1ad7f9bf,crowd_subject_21,crowd_subject_21,crowd,assistant,block_early,2,1345,204.0,,1785104104,4319.9
exp_20260726T214632Z_fad2e70f,1ad7f9bf,crowd_subject_21,crowd_subject_21,crowd,user,block_early,2,126,23.0,47873.55747073889,1785104096,
exp_20260726T214632Z_fad2e70f,1ad7f9bf,crowd_subject_21,crowd_subject_21,crowd,assistant,block_early,3,715,118.0,,1785104199,2458.2
exp_20260726T214632Z_fad2e70f,1ad7f9bf,crowd_subject_21,crowd_subject_21,crowd,user,block_early,3,116,24.0,93138.50686885417,1785104197,
exp_20260726T214632Z_fad2e70f,1ad7f9bf,crowd_subject_21,crowd_subject_21,crowd,assistant,block_early,4,1596,242.0,,1785104244,4522.6
exp_20260726T214632Z_fad2e70f,1ad7f9bf,crowd_subject_21,crowd_subject_21,crowd,user,block_early,4,72,16.0,40257.23888725042,1785104240,
exp_20260726T214632Z_fad2e70f,1ad7f9bf,crowd_subject_21,crowd_subject_21,crowd,assistant,block_late,1,714,106.0,,1785104548,3077.2
exp_20260726T214632Z_fad2e70f,1ad7f9bf,crowd_subject_21,crowd_subject_21,crowd,user,block_late,1,402,70.0,,1785104545,
exp_20260726T214632Z_fad2e70f,1ad7f9bf,crowd_subject_21,crowd_subject_21,crowd,assistant,block_late,2,721,107.0,,1785104599,2735.5
exp_20260726T214632Z_fad2e70f,1ad7f9bf,crowd_subject_21,crowd_subject_21,crowd,user,block_late,2,149,29.0,47306.154139339924,1785104596,
exp_20260726T214632Z_fad2e70f,1ad7f9bf,crowd_subject_21,crowd_subject_21,crowd,assistant,block_late,3,557,80.0,,1785104678,2318.8
exp_20260726T214632Z_fad2e70f,1ad7f9bf,crowd_subject_21,crowd_subject_21,crowd,user,block_late,3,199,40.0,76870.38733996451,1785104675,
exp_20260726T214632Z_fad2e70f,1ad7f9bf,crowd_subject_21,crowd_subject_21,crowd,assistant,block_late,4,281,44.0,,1785104702,1993.1
exp_20260726T214632Z_fad2e70f,1ad7f9bf,crowd_subject_21,crowd_subject_21,crowd,user,block_late,4,63,11.0,19235.948361456394,1785104697,
exp_20260726T214632Z_fad2e70f,1ad7f9bf,crowd_subject_21,crowd_subject_21,crowd,assistant,inline_early,1,2054,337.0,,1785102619,6439.6
exp_20260726T214632Z_fad2e70f,1ad7f9bf,crowd_subject_21,crowd_subject_21,crowd,user,inline_early,1,346,64.0,,1785102613,
exp_20260726T214632Z_fad2e70f,1ad7f9bf,crowd_subject_21,crowd_subject_21,crowd,assistant,inline_early,2,1066,167.0,,1785102707,3690.5
exp_20260726T214632Z_fad2e70f,1ad7f9bf,crowd_subject_21,crowd_subject_21,crowd,user,inline_early,2,227,43.0,80616.89401604235,1785102700,
exp_20260726T214632Z_fad2e70f,1ad7f9bf,crowd_subject_21,crowd_subject_21,crowd,assistant,inline_early,3,1076,159.0,,1785102739,3903.7
exp_20260726T214632Z_fad2e70f,1ad7f9bf,crowd_subject_21,crowd_subject_21,crowd,user,inline_early,3,76,14.0,27977.988820523024,1785102735,
exp_20260726T214632Z_fad2e70f,1ad7f9bf,crowd_subject_21,crowd_subject_21,crowd,assistant,inline_early,4,1392,201.0,,1785102769,4726.6
exp_20260726T214632Z_fad2e70f,1ad7f9bf,crowd_subject_21,crowd_subject_21,crowd,user,inline_early,4,87,17.0,25247.06145003438,1785102764,
exp_20260726T214632Z_fad2e70f,1ad7f9bf,crowd_subject_21,crowd_subject_21,crowd,assistant,inline_late,1,748,123.0,,1785103053,3055.9
exp_20260726T214632Z_fad2e70f,1ad7f9bf,crowd_subject_21,crowd_subject_21,crowd,user,inline_late,1,429,79.0,,1785103050,
exp_20260726T214632Z_fad2e70f,1ad7f9bf,crowd_subject_21,crowd_subject_21,crowd,assistant,inline_late,2,1716,280.0,,1785103179,4462.9
exp_20260726T214632Z_fad2e70f,1ad7f9bf,crowd_subject_21,crowd_subject_21,crowd,user,inline_late,2,428,86.0,121680.08563108742,1785103174,
exp_20260726T214632Z_fad2e70f,1ad7f9bf,crowd_subject_21,crowd_subject_21,crowd,assistant,inline_late,3,1181,182.0,,1785103244,3726.3
exp_20260726T214632Z_fad2e70f,1ad7f9bf,crowd_subject_21,crowd_subject_21,crowd,user,inline_late,3,120,22.0,61032.29633718729,1785103240,
exp_20260726T214632Z_fad2e70f,1ad7f9bf,crowd_subject_21,crowd_subject_21,crowd,assistant,inline_late,4,686,91.0,,1785103270,2770.2
exp_20260726T214632Z_fad2e70f,1ad7f9bf,crowd_subject_21,crowd_subject_21,crowd,user,inline_late,4,43,9.0,20004.02189977467,1785103264,
exp_20260726T214632Z_fad2e70f,1ad7f9bf,crowd_subject_21,crowd_subject_21,crowd,assistant,no_ads,1,668,111.0,,1785103572,2834.0
exp_20260726T214632Z_fad2e70f,1ad7f9bf,crowd_subject_21,crowd_subject_21,crowd,user,no_ads,1,402,76.0,,1785103569,
exp_20260726T214632Z_fad2e70f,1ad7f9bf,crowd_subject_21,crowd_subject_21,crowd,assistant,no_ads,2,885,141.0,,1785103663,3006.3
exp_20260726T214632Z_fad2e70f,1ad7f9bf,crowd_subject_21,crowd_subject_21,crowd,user,no_ads,2,230,46.0,87571.56455889344,1785103660,
exp_20260726T214632Z_fad2e70f,1ad7f9bf,crowd_subject_21,crowd_subject_21,crowd,assistant,no_ads,3,1139,174.0,,1785103722,3655.2
exp_20260726T214632Z_fad2e70f,1ad7f9bf,crowd_subject_21,crowd_subject_21,crowd,user,no_ads,3,113,24.0,55946.87084108591,1785103719,
exp_20260726T214632Z_fad2e70f,1ad7f9bf,crowd_subject_21,crowd_subject_21,crowd,assistant,no_ads,4,1317,200.0,,1785103752,4079.1
exp_20260726T214632Z_fad2e70f,1ad7f9bf,crowd_subject_21,crowd_subject_21,crowd,user,no_ads,4,53,11.0,25772.429455071688,1785103748,
exp_20260726T223318Z_3a1264a8,3200a217,crowd_subject_22,crowd_subject_22,crowd,assistant,block_early,1,917,127.0,,1785105571,3029.4
exp_20260726T223318Z_3a1264a8,3200a217,crowd_subject_22,crowd_subject_22,crowd,user,block_early,1,187,37.0,,1785105568,
exp_20260726T223318Z_3a1264a8,3200a217,crowd_subject_22,crowd_subject_22,crowd,assistant,block_early,2,702,108.0,,1785105658,2649.5
exp_20260726T223318Z_3a1264a8,3200a217,crowd_subject_22,crowd_subject_22,crowd,user,block_early,2,89,15.0,81061.0385555774,1785105652,
exp_20260726T223318Z_3a1264a8,3200a217,crowd_subject_22,crowd_subject_22,crowd,assistant,block_early,3,303,54.0,,1785105709,1907.7
exp_20260726T223318Z_3a1264a8,3200a217,crowd_subject_22,crowd_subject_22,crowd,user,block_early,3,51,9.0,49587.047796696424,1785105707,
exp_20260726T223318Z_3a1264a8,3200a217,crowd_subject_22,crowd_subject_22,crowd,assistant,block_early,4,478,68.0,,1785105775,2316.6
exp_20260726T223318Z_3a1264a8,3200a217,crowd_subject_22,crowd_subject_22,crowd,user,block_early,4,75,13.0,63444.12966072559,1785105773,
exp_20260726T223318Z_3a1264a8,3200a217,crowd_subject_22,crowd_subject_22,crowd,assistant,block_late,1,273,44.0,,1785106116,1875.8
exp_20260726T223318Z_3a1264a8,3200a217,crowd_subject_22,crowd_subject_22,crowd,user,block_late,1,102,19.0,,1785106114,
exp_20260726T223318Z_3a1264a8,3200a217,crowd_subject_22,crowd_subject_22,crowd,assistant,block_late,2,398,58.0,,1785106175,1864.5
exp_20260726T223318Z_3a1264a8,3200a217,crowd_subject_22,crowd_subject_22,crowd,user,block_late,2,57,8.0,57791.8535489589,1785106173,
exp_20260726T223318Z_3a1264a8,3200a217,crowd_subject_22,crowd_subject_22,crowd,assistant,block_late,3,444,65.0,,1785106225,1998.6
exp_20260726T223318Z_3a1264a8,3200a217,crowd_subject_22,crowd_subject_22,crowd,user,block_late,3,56,10.0,47335.449654608965,1785106223,
exp_20260726T223318Z_3a1264a8,3200a217,crowd_subject_22,crowd_subject_22,crowd,assistant,block_late,4,395,60.0,,1785106268,2037.3
exp_20260726T223318Z_3a1264a8,3200a217,crowd_subject_22,crowd_subject_22,crowd,user,block_late,4,58,10.0,37996.6546446085,1785106263,
exp_20260726T223318Z_3a1264a8,3200a217,crowd_subject_22,crowd_subject_22,crowd,assistant,inline_early,1,1087,171.0,,1785107227,3442.5
exp_20260726T223318Z_3a1264a8,3200a217,crowd_subject_22,crowd_subject_22,crowd,user,inline_early,1,156,25.0,,1785107223,
exp_20260726T223318Z_3a1264a8,3200a217,crowd_subject_22,crowd_subject_22,crowd,assistant,inline_early,2,577,89.0,,1785107289,2583.5
exp_20260726T223318Z_3a1264a8,3200a217,crowd_subject_22,crowd_subject_22,crowd,user,inline_early,2,47,10.0,56851.55821591616,1785107284,
exp_20260726T223318Z_3a1264a8,3200a217,crowd_subject_22,crowd_subject_22,crowd,assistant,inline_early,3,4,1.0,,1785107439,1458.1
exp_20260726T223318Z_3a1264a8,3200a217,crowd_subject_22,crowd_subject_22,crowd,user,inline_early,3,66,12.0,149253.86946834624,1785107438,
exp_20260726T223318Z_3a1264a8,3200a217,crowd_subject_22,crowd_subject_22,crowd,assistant,inline_early,4,1067,158.0,,1785107491,3097.5
exp_20260726T223318Z_3a1264a8,3200a217,crowd_subject_22,crowd_subject_22,crowd,user,inline_early,4,87,16.0,48447.733487933874,1785107488,
exp_20260726T223318Z_3a1264a8,3200a217,crowd_subject_22,crowd_subject_22,crowd,assistant,inline_late,1,1555,232.0,,1785106644,5814.1
exp_20260726T223318Z_3a1264a8,3200a217,crowd_subject_22,crowd_subject_22,crowd,user,inline_late,1,157,24.0,,1785106638,
exp_20260726T223318Z_3a1264a8,3200a217,crowd_subject_22,crowd_subject_22,crowd,assistant,inline_late,2,1727,277.0,,1785106759,6274.5
exp_20260726T223318Z_3a1264a8,3200a217,crowd_subject_22,crowd_subject_22,crowd,user,inline_late,2,54,10.0,108476.21119208634,1785106753,
exp_20260726T223318Z_3a1264a8,3200a217,crowd_subject_22,crowd_subject_22,crowd,assistant,inline_late,3,1497,244.0,,1785106827,4738.5
exp_20260726T223318Z_3a1264a8,3200a217,crowd_subject_22,crowd_subject_22,crowd,user,inline_late,3,55,12.0,63376.2290738523,1785106822,
exp_20260726T223318Z_3a1264a8,3200a217,crowd_subject_22,crowd_subject_22,crowd,assistant,inline_late,4,2421,407.0,,1785106942,7831.4
exp_20260726T223318Z_3a1264a8,3200a217,crowd_subject_22,crowd_subject_22,crowd,user,inline_late,4,102,18.0,103289.17532600462,1785106930,
exp_20260726T223318Z_3a1264a8,3200a217,crowd_subject_22,crowd_subject_22,crowd,assistant,no_ads,1,527,83.0,,1785107749,2491.0
exp_20260726T223318Z_3a1264a8,3200a217,crowd_subject_22,crowd_subject_22,crowd,user,no_ads,1,131,24.0,,1785107746,
exp_20260726T223318Z_3a1264a8,3200a217,crowd_subject_22,crowd_subject_22,crowd,assistant,no_ads,2,717,112.0,,1785107800,2618.6
exp_20260726T223318Z_3a1264a8,3200a217,crowd_subject_22,crowd_subject_22,crowd,user,no_ads,2,32,7.0,48032.43648074567,1785107797,
exp_20260726T223318Z_3a1264a8,3200a217,crowd_subject_22,crowd_subject_22,crowd,assistant,no_ads,3,523,77.0,,1785107828,2036.2
exp_20260726T223318Z_3a1264a8,3200a217,crowd_subject_22,crowd_subject_22,crowd,user,no_ads,3,39,8.0,26735.04209332168,1785107826,
exp_20260726T223318Z_3a1264a8,3200a217,crowd_subject_22,crowd_subject_22,crowd,assistant,no_ads,4,732,115.0,,1785107895,2686.2
exp_20260726T223318Z_3a1264a8,3200a217,crowd_subject_22,crowd_subject_22,crowd,user,no_ads,4,84,16.0,63825.48966445029,1785107892,
exp_20260726T232723Z_de414449,49833a18,crowd_subject_23,crowd_subject_23,crowd,assistant,block_early,1,317,56.0,,1785108643,1843.9
exp_20260726T232723Z_de414449,49833a18,crowd_subject_23,crowd_subject_23,crowd,user,block_early,1,100,20.0,,1785108641,
exp_20260726T232723Z_de414449,49833a18,crowd_subject_23,crowd_subject_23,crowd,assistant,block_early,2,419,70.0,,1785108667,2078.5
exp_20260726T232723Z_de414449,49833a18,crowd_subject_23,crowd_subject_23,crowd,user,block_early,2,42,9.0,18826.985692605376,1785108662,
exp_20260726T232723Z_de414449,49833a18,crowd_subject_23,crowd_subject_23,crowd,assistant,block_early,3,386,67.0,,1785108713,2105.5
exp_20260726T232723Z_de414449,49833a18,crowd_subject_23,crowd_subject_23,crowd,user,block_early,3,78,15.0,44010.24249382317,1785108711,
exp_20260726T232723Z_de414449,49833a18,crowd_subject_23,crowd_subject_23,crowd,assistant,block_early,4,679,117.0,,1785108741,2758.2
exp_20260726T232723Z_de414449,49833a18,crowd_subject_23,crowd_subject_23,crowd,user,block_early,4,70,14.0,25246.863156557083,1785108738,
exp_20260726T232723Z_de414449,49833a18,crowd_subject_23,crowd_subject_23,crowd,assistant,block_late,1,922,135.0,,1785110741,2963.9
exp_20260726T232723Z_de414449,49833a18,crowd_subject_23,crowd_subject_23,crowd,user,block_late,1,282,52.0,,1785110738,
exp_20260726T232723Z_de414449,49833a18,crowd_subject_23,crowd_subject_23,crowd,assistant,block_late,2,1257,178.0,,1785110850,3474.7
exp_20260726T232723Z_de414449,49833a18,crowd_subject_23,crowd_subject_23,crowd,user,block_late,2,176,27.0,105491.99842847884,1785110847,
exp_20260726T232723Z_de414449,49833a18,crowd_subject_23,crowd_subject_23,crowd,assistant,block_late,3,459,72.0,,1785110927,1974.9
exp_20260726T232723Z_de414449,49833a18,crowd_subject_23,crowd_subject_23,crowd,user,block_late,3,163,31.0,74373.80361184478,1785110925,
exp_20260726T232723Z_de414449,49833a18,crowd_subject_23,crowd_subject_23,crowd,assistant,block_late,4,49,8.0,,1785110951,1440.0
exp_20260726T232723Z_de414449,49833a18,crowd_subject_23,crowd_subject_23,crowd,user,block_late,4,26,4.0,20595.35637125373,1785110947,
exp_20260726T232723Z_de414449,49833a18,crowd_subject_23,crowd_subject_23,crowd,assistant,inline_early,1,2871,443.0,,1785109589,8378.1
exp_20260726T232723Z_de414449,49833a18,crowd_subject_23,crowd_subject_23,crowd,user,inline_early,1,220,44.0,,1785109581,
exp_20260726T232723Z_de414449,49833a18,crowd_subject_23,crowd_subject_23,crowd,assistant,inline_early,2,1608,265.0,,1785109654,5185.0
exp_20260726T232723Z_de414449,49833a18,crowd_subject_23,crowd_subject_23,crowd,user,inline_early,2,105,23.0,56044.46312226355,1785109646,
exp_20260726T232723Z_de414449,49833a18,crowd_subject_23,crowd_subject_23,crowd,assistant,inline_early,3,844,149.0,,1785109709,3783.9
exp_20260726T232723Z_de414449,49833a18,crowd_subject_23,crowd_subject_23,crowd,user,inline_early,3,119,26.0,50839.03361670673,1785109705,
exp_20260726T232723Z_de414449,49833a18,crowd_subject_23,crowd_subject_23,crowd,assistant,inline_early,4,177,33.0,,1785109743,1738.4
exp_20260726T232723Z_de414449,49833a18,crowd_subject_23,crowd_subject_23,crowd,user,inline_early,4,94,17.0,32351.36135481298,1785109741,
exp_20260726T232723Z_de414449,49833a18,crowd_subject_23,crowd_subject_23,crowd,assistant,inline_late,1,658,102.0,,1785109060,2843.9
exp_20260726T232723Z_de414449,49833a18,crowd_subject_23,crowd_subject_23,crowd,user,inline_late,1,168,31.0,,1785109057,
exp_20260726T232723Z_de414449,49833a18,crowd_subject_23,crowd_subject_23,crowd,assistant,inline_late,2,485,72.0,,1785109116,2329.1
exp_20260726T232723Z_de414449,49833a18,crowd_subject_23,crowd_subject_23,crowd,user,inline_late,2,110,19.0,54045.936316251755,1785109114,
exp_20260726T232723Z_de414449,49833a18,crowd_subject_23,crowd_subject_23,crowd,assistant,inline_late,3,661,99.0,,1785109165,2609.1
exp_20260726T232723Z_de414449,49833a18,crowd_subject_23,crowd_subject_23,crowd,user,inline_late,3,122,22.0,46698.78301769495,1785109163,
exp_20260726T232723Z_de414449,49833a18,crowd_subject_23,crowd_subject_23,crowd,assistant,inline_late,4,907,143.0,,1785109232,3049.9
exp_20260726T232723Z_de414449,49833a18,crowd_subject_23,crowd_subject_23,crowd,user,inline_late,4,148,27.0,60294.56421174109,1785109226,
exp_20260726T232723Z_de414449,49833a18,crowd_subject_23,crowd_subject_23,crowd,assistant,no_ads,1,1341,200.0,,1785110108,3924.5
exp_20260726T232723Z_de414449,49833a18,crowd_subject_23,crowd_subject_23,crowd,user,no_ads,1,246,43.0,,1785110104,
exp_20260726T232723Z_de414449,49833a18,crowd_subject_23,crowd_subject_23,crowd,assistant,no_ads,2,515,75.0,,1785110213,2311.6
exp_20260726T232723Z_de414449,49833a18,crowd_subject_23,crowd_subject_23,crowd,user,no_ads,2,158,29.0,103203.26285995543,1785110211,
exp_20260726T232723Z_de414449,49833a18,crowd_subject_23,crowd_subject_23,crowd,assistant,no_ads,3,1018,159.0,,1785110303,3127.3
exp_20260726T232723Z_de414449,49833a18,crowd_subject_23,crowd_subject_23,crowd,user,no_ads,3,119,22.0,86812.15253844857,1785110300,
exp_20260726T232723Z_de414449,49833a18,crowd_subject_23,crowd_subject_23,crowd,assistant,no_ads,4,996,139.0,,1785110408,2960.1
exp_20260726T232723Z_de414449,49833a18,crowd_subject_23,crowd_subject_23,crowd,user,no_ads,4,155,31.0,101723.30525889993,1785110405,
exp_20260727T002507Z_8fd56dda,4e734656,crowd_subject_24,crowd_subject_24,crowd,assistant,block_early,1,323,53.0,,1785112753,1957.5
exp_20260727T002507Z_8fd56dda,4e734656,crowd_subject_24,crowd_subject_24,crowd,user,block_early,1,280,55.0,,1785112751,
exp_20260727T002507Z_8fd56dda,4e734656,crowd_subject_24,crowd_subject_24,crowd,assistant,block_early,2,390,56.0,,1785112822,2053.6
exp_20260727T002507Z_8fd56dda,4e734656,crowd_subject_24,crowd_subject_24,crowd,user,block_early,2,217,42.0,63294.22079026699,1785112816,
exp_20260727T002507Z_8fd56dda,4e734656,crowd_subject_24,crowd_subject_24,crowd,assistant,block_early,3,361,51.0,,1785112869,2126.5
exp_20260727T002507Z_8fd56dda,4e734656,crowd_subject_24,crowd_subject_24,crowd,user,block_early,3,144,32.0,44988.73684182763,1785112867,
exp_20260727T002507Z_8fd56dda,4e734656,crowd_subject_24,crowd_subject_24,crowd,assistant,block_early,4,500,74.0,,1785112922,2150.6
exp_20260727T002507Z_8fd56dda,4e734656,crowd_subject_24,crowd_subject_24,crowd,user,block_early,4,91,18.0,51270.3830357641,1785112920,
exp_20260727T002507Z_8fd56dda,4e734656,crowd_subject_24,crowd_subject_24,crowd,assistant,block_late,1,2238,358.0,,1785113632,7700.7
exp_20260727T002507Z_8fd56dda,4e734656,crowd_subject_24,crowd_subject_24,crowd,user,block_late,1,178,29.0,,1785113624,
exp_20260727T002507Z_8fd56dda,4e734656,crowd_subject_24,crowd_subject_24,crowd,assistant,block_late,2,2118,340.0,,1785113672,7323.4
exp_20260727T002507Z_8fd56dda,4e734656,crowd_subject_24,crowd_subject_24,crowd,user,block_late,2,89,18.0,32827.64698378742,1785113665,
exp_20260727T002507Z_8fd56dda,4e734656,crowd_subject_24,crowd_subject_24,crowd,assistant,block_late,3,3033,492.0,,1785113717,8878.3
exp_20260727T002507Z_8fd56dda,4e734656,crowd_subject_24,crowd_subject_24,crowd,user,block_late,3,116,24.0,35590.08228033781,1785113708,
exp_20260727T002507Z_8fd56dda,4e734656,crowd_subject_24,crowd_subject_24,crowd,assistant,block_late,4,3627,547.0,,1785113768,9746.0
exp_20260727T002507Z_8fd56dda,4e734656,crowd_subject_24,crowd_subject_24,crowd,user,block_late,4,117,22.0,38180.51331304014,1785113755,
exp_20260727T002507Z_8fd56dda,4e734656,crowd_subject_24,crowd_subject_24,crowd,assistant,inline_early,1,610,89.0,,1785112166,2604.3
exp_20260727T002507Z_8fd56dda,4e734656,crowd_subject_24,crowd_subject_24,crowd,user,inline_early,1,212,40.0,,1785112164,
exp_20260727T002507Z_8fd56dda,4e734656,crowd_subject_24,crowd_subject_24,crowd,assistant,inline_early,2,727,113.0,,1785112247,2773.0
exp_20260727T002507Z_8fd56dda,4e734656,crowd_subject_24,crowd_subject_24,crowd,user,inline_early,2,168,30.0,75050.85760354996,1785112241,
exp_20260727T002507Z_8fd56dda,4e734656,crowd_subject_24,crowd_subject_24,crowd,assistant,inline_early,3,758,109.0,,1785112310,2871.2
exp_20260727T002507Z_8fd56dda,4e734656,crowd_subject_24,crowd_subject_24,crowd,user,inline_early,3,130,22.0,59882.866375148296,1785112307,
exp_20260727T002507Z_8fd56dda,4e734656,crowd_subject_24,crowd_subject_24,crowd,assistant,inline_early,4,931,146.0,,1785112374,3060.7
exp_20260727T002507Z_8fd56dda,4e734656,crowd_subject_24,crowd_subject_24,crowd,user,inline_early,4,135,26.0,60631.66476972401,1785112371,
exp_20260727T002507Z_8fd56dda,4e734656,crowd_subject_24,crowd_subject_24,crowd,assistant,inline_late,1,1708,262.0,,1785114064,4692.6
exp_20260727T002507Z_8fd56dda,4e734656,crowd_subject_24,crowd_subject_24,crowd,user,inline_late,1,236,44.0,,1785114060,
exp_20260727T002507Z_8fd56dda,4e734656,crowd_subject_24,crowd_subject_24,crowd,assistant,inline_late,2,914,131.0,,1785114127,3231.5
exp_20260727T002507Z_8fd56dda,4e734656,crowd_subject_24,crowd_subject_24,crowd,user,inline_late,2,194,37.0,59255.39085827768,1785114124,
exp_20260727T002507Z_8fd56dda,4e734656,crowd_subject_24,crowd_subject_24,crowd,assistant,inline_late,3,1693,267.0,,1785114163,4777.6
exp_20260727T002507Z_8fd56dda,4e734656,crowd_subject_24,crowd_subject_24,crowd,user,inline_late,3,103,20.0,31531.28675557673,1785114159,
exp_20260727T002507Z_8fd56dda,4e734656,crowd_subject_24,crowd_subject_24,crowd,assistant,inline_late,4,1394,214.0,,1785114201,3975.9
exp_20260727T002507Z_8fd56dda,4e734656,crowd_subject_24,crowd_subject_24,crowd,user,inline_late,4,67,13.0,30731.073923408985,1785114194,
exp_20260727T002507Z_8fd56dda,4e734656,crowd_subject_24,crowd_subject_24,crowd,assistant,no_ads,1,503,78.0,,1785113239,2108.7
exp_20260727T002507Z_8fd56dda,4e734656,crowd_subject_24,crowd_subject_24,crowd,user,no_ads,1,189,37.0,,1785113236,
exp_20260727T002507Z_8fd56dda,4e734656,crowd_subject_24,crowd_subject_24,crowd,assistant,no_ads,2,612,89.0,,1785113274,2223.9
exp_20260727T002507Z_8fd56dda,4e734656,crowd_subject_24,crowd_subject_24,crowd,user,no_ads,2,58,13.0,33097.1993971616,1785113272,
exp_20260727T002507Z_8fd56dda,4e734656,crowd_subject_24,crowd_subject_24,crowd,assistant,no_ads,3,586,85.0,,1785113295,2596.2
exp_20260727T002507Z_8fd56dda,4e734656,crowd_subject_24,crowd_subject_24,crowd,user,no_ads,3,77,16.0,18119.28296275437,1785113292,
exp_20260727T002507Z_8fd56dda,4e734656,crowd_subject_24,crowd_subject_24,crowd,assistant,no_ads,4,570,89.0,,1785113333,2346.9
exp_20260727T002507Z_8fd56dda,4e734656,crowd_subject_24,crowd_subject_24,crowd,user,no_ads,4,91,18.0,35860.17559096217,1785113331,
exp_20260727T204954Z_c50a4e69,cc2ed5d1,crowd_subject_25,crowd_subject_25,crowd,assistant,block_early,1,592,87.0,,1785188114,2714.8
exp_20260727T204954Z_c50a4e69,cc2ed5d1,crowd_subject_25,crowd_subject_25,crowd,user,block_early,1,230,46.0,,1785188111,
exp_20260727T204954Z_c50a4e69,cc2ed5d1,crowd_subject_25,crowd_subject_25,crowd,assistant,block_early,2,803,119.0,,1785188187,3028.7
exp_20260727T204954Z_c50a4e69,cc2ed5d1,crowd_subject_25,crowd_subject_25,crowd,user,block_early,2,97,18.0,66981.15640319884,1785188181,
exp_20260727T204954Z_c50a4e69,cc2ed5d1,crowd_subject_25,crowd_subject_25,crowd,assistant,block_early,3,363,54.0,,1785188260,1919.8
exp_20260727T204954Z_c50a4e69,cc2ed5d1,crowd_subject_25,crowd_subject_25,crowd,user,block_early,3,100,19.0,70517.76116713881,1785188258,
exp_20260727T204954Z_c50a4e69,cc2ed5d1,crowd_subject_25,crowd_subject_25,crowd,assistant,block_early,4,586,88.0,,1785188296,2330.7
exp_20260727T204954Z_c50a4e69,cc2ed5d1,crowd_subject_25,crowd_subject_25,crowd,user,block_early,4,99,17.0,33868.59408207238,1785188294,
exp_20260727T204954Z_c50a4e69,cc2ed5d1,crowd_subject_25,crowd_subject_25,crowd,assistant,block_late,1,2036,327.0,,1785185868,6522.7
exp_20260727T204954Z_c50a4e69,cc2ed5d1,crowd_subject_25,crowd_subject_25,crowd,user,block_late,1,402,80.0,,1785185862,
exp_20260727T204954Z_c50a4e69,cc2ed5d1,crowd_subject_25,crowd_subject_25,crowd,assistant,block_late,2,767,121.0,,1785185976,3261.6
exp_20260727T204954Z_c50a4e69,cc2ed5d1,crowd_subject_25,crowd_subject_25,crowd,user,block_late,2,340,59.0,104832.06952176988,1785185973,
exp_20260727T204954Z_c50a4e69,cc2ed5d1,crowd_subject_25,crowd_subject_25,crowd,assistant,block_late,3,999,161.0,,1785186018,3763.0
exp_20260727T204954Z_c50a4e69,cc2ed5d1,crowd_subject_25,crowd_subject_25,crowd,user,block_late,3,30,8.0,37373.95725212991,1785186014,
exp_20260727T204954Z_c50a4e69,cc2ed5d1,crowd_subject_25,crowd_subject_25,crowd,assistant,block_late,4,232,39.0,,1785186096,2039.9
exp_20260727T204954Z_c50a4e69,cc2ed5d1,crowd_subject_25,crowd_subject_25,crowd,user,block_late,4,28,5.0,53711.17012947798,1785186071,
exp_20260727T204954Z_c50a4e69,cc2ed5d1,crowd_subject_25,crowd_subject_25,crowd,assistant,inline_early,1,710,110.0,,1785187013,3003.7
exp_20260727T204954Z_c50a4e69,cc2ed5d1,crowd_subject_25,crowd_subject_25,crowd,user,inline_early,1,330,71.0,,1785187010,
exp_20260727T204954Z_c50a4e69,cc2ed5d1,crowd_subject_25,crowd_subject_25,crowd,assistant,inline_early,2,507,85.0,,1785187078,2188.9
exp_20260727T204954Z_c50a4e69,cc2ed5d1,crowd_subject_25,crowd_subject_25,crowd,user,inline_early,2,98,17.0,60328.50287295878,1785187073,
exp_20260727T204954Z_c50a4e69,cc2ed5d1,crowd_subject_25,crowd_subject_25,crowd,assistant,inline_early,3,506,92.0,,1785187125,2529.1
exp_20260727T204954Z_c50a4e69,cc2ed5d1,crowd_subject_25,crowd_subject_25,crowd,user,inline_early,3,70,16.0,43993.71643178165,1785187122,
exp_20260727T204954Z_c50a4e69,cc2ed5d1,crowd_subject_25,crowd_subject_25,crowd,assistant,inline_early,4,539,93.0,,1785187176,2193.7
exp_20260727T204954Z_c50a4e69,cc2ed5d1,crowd_subject_25,crowd_subject_25,crowd,user,inline_early,4,82,17.0,48849.512265995145,1785187174,
exp_20260727T204954Z_c50a4e69,cc2ed5d1,crowd_subject_25,crowd_subject_25,crowd,assistant,inline_late,1,1895,279.0,,1785187576,5135.9
exp_20260727T204954Z_c50a4e69,cc2ed5d1,crowd_subject_25,crowd_subject_25,crowd,user,inline_late,1,369,72.0,,1785187571,
exp_20260727T204954Z_c50a4e69,cc2ed5d1,crowd_subject_25,crowd_subject_25,crowd,assistant,inline_late,2,826,131.0,,1785187692,3048.3
exp_20260727T204954Z_c50a4e69,cc2ed5d1,crowd_subject_25,crowd_subject_25,crowd,user,inline_late,2,137,29.0,112804.56518940628,1785187689,
exp_20260727T204954Z_c50a4e69,cc2ed5d1,crowd_subject_25,crowd_subject_25,crowd,assistant,inline_late,3,1020,158.0,,1785187739,3258.9
exp_20260727T204954Z_c50a4e69,cc2ed5d1,crowd_subject_25,crowd_subject_25,crowd,user,inline_late,3,39,9.0,44019.992692396045,1785187736,
exp_20260727T204954Z_c50a4e69,cc2ed5d1,crowd_subject_25,crowd_subject_25,crowd,assistant,inline_late,4,749,124.0,,1785187799,2895.7
exp_20260727T204954Z_c50a4e69,cc2ed5d1,crowd_subject_25,crowd_subject_25,crowd,user,inline_late,4,37,8.0,54013.34708370268,1785187793,
exp_20260727T204954Z_c50a4e69,cc2ed5d1,crowd_subject_25,crowd_subject_25,crowd,assistant,no_ads,1,1069,168.0,,1785186492,3517.8
exp_20260727T204954Z_c50a4e69,cc2ed5d1,crowd_subject_25,crowd_subject_25,crowd,user,no_ads,1,375,66.0,,1785186488,
exp_20260727T204954Z_c50a4e69,cc2ed5d1,crowd_subject_25,crowd_subject_25,crowd,assistant,no_ads,2,447,74.0,,1785186560,2241.2
exp_20260727T204954Z_c50a4e69,cc2ed5d1,crowd_subject_25,crowd_subject_25,crowd,user,no_ads,2,62,10.0,66387.47775182128,1785186558,
exp_20260727T204954Z_c50a4e69,cc2ed5d1,crowd_subject_25,crowd_subject_25,crowd,assistant,no_ads,3,511,86.0,,1785186613,2400.0
exp_20260727T204954Z_c50a4e69,cc2ed5d1,crowd_subject_25,crowd_subject_25,crowd,user,no_ads,3,60,11.0,49932.454438880086,1785186610,
exp_20260727T204954Z_c50a4e69,cc2ed5d1,crowd_subject_25,crowd_subject_25,crowd,assistant,no_ads,4,586,93.0,,1785186650,2250.0
exp_20260727T204954Z_c50a4e69,cc2ed5d1,crowd_subject_25,crowd_subject_25,crowd,user,no_ads,4,63,14.0,35023.38877506554,1785186648,
exp_20260727T223954Z_a2365df8,6c8c2782,crowd_subject_26,crowd_subject_26,crowd,assistant,block_early,1,172,28.0,,1785192204,1692.6
exp_20260727T223954Z_a2365df8,6c8c2782,crowd_subject_26,crowd_subject_26,crowd,user,block_early,1,167,30.0,,1785192203,
exp_20260727T223954Z_a2365df8,6c8c2782,crowd_subject_26,crowd_subject_26,crowd,assistant,block_early,2,295,44.0,,1785192277,1786.0
exp_20260727T223954Z_a2365df8,6c8c2782,crowd_subject_26,crowd_subject_26,crowd,user,block_early,2,112,21.0,68354.81660626829,1785192273,
exp_20260727T223954Z_a2365df8,6c8c2782,crowd_subject_26,crowd_subject_26,crowd,assistant,block_early,3,245,37.0,,1785192305,1488.4
exp_20260727T223954Z_a2365df8,6c8c2782,crowd_subject_26,crowd_subject_26,crowd,user,block_early,3,107,22.0,26060.42992696166,1785192303,
exp_20260727T223954Z_a2365df8,6c8c2782,crowd_subject_26,crowd_subject_26,crowd,assistant,block_early,4,344,51.0,,1785192332,1974.4
exp_20260727T223954Z_a2365df8,6c8c2782,crowd_subject_26,crowd_subject_26,crowd,user,block_early,4,75,14.0,24799.94641430676,1785192330,
exp_20260727T223954Z_a2365df8,6c8c2782,crowd_subject_26,crowd_subject_26,crowd,assistant,block_late,1,989,159.0,,1785193206,3385.7
exp_20260727T223954Z_a2365df8,6c8c2782,crowd_subject_26,crowd_subject_26,crowd,user,block_late,1,213,41.0,,1785193202,
exp_20260727T223954Z_a2365df8,6c8c2782,crowd_subject_26,crowd_subject_26,crowd,assistant,block_late,2,861,121.0,,1785193252,3026.4
exp_20260727T223954Z_a2365df8,6c8c2782,crowd_subject_26,crowd_subject_26,crowd,user,block_late,2,127,22.0,43145.45647241175,1785193249,
exp_20260727T223954Z_a2365df8,6c8c2782,crowd_subject_26,crowd_subject_26,crowd,assistant,block_late,3,755,114.0,,1785193288,2618.9
exp_20260727T223954Z_a2365df8,6c8c2782,crowd_subject_26,crowd_subject_26,crowd,user,block_late,3,53,10.0,33473.36662746966,1785193286,
exp_20260727T223954Z_a2365df8,6c8c2782,crowd_subject_26,crowd_subject_26,crowd,assistant,block_late,4,816,123.0,,1785193314,2805.2
exp_20260727T223954Z_a2365df8,6c8c2782,crowd_subject_26,crowd_subject_26,crowd,user,block_late,4,76,14.0,20223.238427191973,1785193309,
exp_20260727T223954Z_a2365df8,6c8c2782,crowd_subject_26,crowd_subject_26,crowd,assistant,inline_early,1,305,51.0,,1785193854,1981.0
exp_20260727T223954Z_a2365df8,6c8c2782,crowd_subject_26,crowd_subject_26,crowd,user,inline_early,1,284,60.0,,1785193852,
exp_20260727T223954Z_a2365df8,6c8c2782,crowd_subject_26,crowd_subject_26,crowd,assistant,inline_early,2,657,100.0,,1785193881,2588.2
exp_20260727T223954Z_a2365df8,6c8c2782,crowd_subject_26,crowd_subject_26,crowd,user,inline_early,2,91,20.0,21501.403452828526,1785193875,
exp_20260727T223954Z_a2365df8,6c8c2782,crowd_subject_26,crowd_subject_26,crowd,assistant,inline_early,3,610,98.0,,1785193906,2803.4
exp_20260727T223954Z_a2365df8,6c8c2782,crowd_subject_26,crowd_subject_26,crowd,user,inline_early,3,59,13.0,22476.788884028792,1785193903,
exp_20260727T223954Z_a2365df8,6c8c2782,crowd_subject_26,crowd_subject_26,crowd,assistant,inline_early,4,1651,251.0,,1785193929,5153.3
exp_20260727T223954Z_a2365df8,6c8c2782,crowd_subject_26,crowd_subject_26,crowd,user,inline_early,4,82,15.0,17988.12528140843,1785193924,
exp_20260727T223954Z_a2365df8,6c8c2782,crowd_subject_26,crowd_subject_26,crowd,assistant,inline_late,1,625,90.0,,1785193589,2606.2
exp_20260727T223954Z_a2365df8,6c8c2782,crowd_subject_26,crowd_subject_26,crowd,user,inline_late,1,241,47.0,,1785193586,
exp_20260727T223954Z_a2365df8,6c8c2782,crowd_subject_26,crowd_subject_26,crowd,assistant,inline_late,2,578,90.0,,1785193625,2510.5
exp_20260727T223954Z_a2365df8,6c8c2782,crowd_subject_26,crowd_subject_26,crowd,user,inline_late,2,64,13.0,33705.734400078654,1785193623,
exp_20260727T223954Z_a2365df8,6c8c2782,crowd_subject_26,crowd_subject_26,crowd,assistant,inline_late,3,625,91.0,,1785193652,2568.0
exp_20260727T223954Z_a2365df8,6c8c2782,crowd_subject_26,crowd_subject_26,crowd,user,inline_late,3,66,14.0,24332.205029204488,1785193650,
exp_20260727T223954Z_a2365df8,6c8c2782,crowd_subject_26,crowd_subject_26,crowd,assistant,inline_late,4,566,81.0,,1785193677,2631.5
exp_20260727T223954Z_a2365df8,6c8c2782,crowd_subject_26,crowd_subject_26,crowd,user,inline_late,4,72,11.0,19888.239577412605,1785193672,
exp_20260727T223954Z_a2365df8,6c8c2782,crowd_subject_26,crowd_subject_26,crowd,assistant,no_ads,1,507,79.0,,1785192769,2648.5
exp_20260727T223954Z_a2365df8,6c8c2782,crowd_subject_26,crowd_subject_26,crowd,user,no_ads,1,212,45.0,,1785192766,
exp_20260727T223954Z_a2365df8,6c8c2782,crowd_subject_26,crowd_subject_26,crowd,assistant,no_ads,2,1501,224.0,,1785192832,4927.1
exp_20260727T223954Z_a2365df8,6c8c2782,crowd_subject_26,crowd_subject_26,crowd,user,no_ads,2,212,40.0,58136.37912273407,1785192827,
exp_20260727T223954Z_a2365df8,6c8c2782,crowd_subject_26,crowd_subject_26,crowd,assistant,no_ads,3,2184,369.0,,1785192888,6963.2
exp_20260727T223954Z_a2365df8,6c8c2782,crowd_subject_26,crowd_subject_26,crowd,user,no_ads,3,52,10.0,48497.30774015188,1785192881,
exp_20260727T223954Z_a2365df8,6c8c2782,crowd_subject_26,crowd_subject_26,crowd,assistant,no_ads,4,1520,246.0,,1785192939,5163.9
exp_20260727T223954Z_a2365df8,6c8c2782,crowd_subject_26,crowd_subject_26,crowd,user,no_ads,4,98,20.0,45684.40541066229,1785192933,
exp_20260728T005337Z_a15e4f03,8a073121,crowd_subject_28,crowd_subject_28,crowd,assistant,block_early,1,1430,218.0,,1785203252,5519.4
exp_20260728T005337Z_a15e4f03,8a073121,crowd_subject_28,crowd_subject_28,crowd,user,block_early,1,352,66.0,,1785203247,
exp_20260728T005337Z_a15e4f03,8a073121,crowd_subject_28,crowd_subject_28,crowd,assistant,block_early,2,2703,446.0,,1785203475,8151.2
exp_20260728T005337Z_a15e4f03,8a073121,crowd_subject_28,crowd_subject_28,crowd,user,block_early,2,274,55.0,211258.5537955165,1785203463,
exp_20260728T005337Z_a15e4f03,8a073121,crowd_subject_28,crowd_subject_28,crowd,assistant,block_early,3,3133,503.0,,1785203613,8713.0
exp_20260728T005337Z_a15e4f03,8a073121,crowd_subject_28,crowd_subject_28,crowd,user,block_early,3,46,9.0,129033.15262869,1785203604,
exp_20260728T005337Z_a15e4f03,8a073121,crowd_subject_28,crowd_subject_28,crowd,assistant,block_early,4,2733,442.0,,1785203799,8230.3
exp_20260728T005337Z_a15e4f03,8a073121,crowd_subject_28,crowd_subject_28,crowd,user,block_early,4,141,26.0,177300.5597665906,1785203790,
exp_20260728T005337Z_a15e4f03,8a073121,crowd_subject_28,crowd_subject_28,crowd,assistant,block_late,1,528,88.0,,1785201323,2404.0
exp_20260728T005337Z_a15e4f03,8a073121,crowd_subject_28,crowd_subject_28,crowd,user,block_late,1,469,99.0,,1785201320,
exp_20260728T005337Z_a15e4f03,8a073121,crowd_subject_28,crowd_subject_28,crowd,assistant,block_late,2,1274,186.0,,1785201618,4303.5
exp_20260728T005337Z_a15e4f03,8a073121,crowd_subject_28,crowd_subject_28,crowd,user,block_late,2,568,118.0,291212.9937633872,1785201614,
exp_20260728T005337Z_a15e4f03,8a073121,crowd_subject_28,crowd_subject_28,crowd,assistant,block_late,3,1220,190.0,,1785201790,4130.5
exp_20260728T005337Z_a15e4f03,8a073121,crowd_subject_28,crowd_subject_28,crowd,user,block_late,3,254,51.0,166981.3459403813,1785201785,
exp_20260728T005337Z_a15e4f03,8a073121,crowd_subject_28,crowd_subject_28,crowd,assistant,block_late,4,1470,215.0,,1785201908,4747.2
exp_20260728T005337Z_a15e4f03,8a073121,crowd_subject_28,crowd_subject_28,crowd,user,block_late,4,126,27.0,111106.09829798341,1785201901,
exp_20260728T005337Z_a15e4f03,8a073121,crowd_subject_28,crowd_subject_28,crowd,assistant,inline_early,1,558,81.0,,1785202436,2645.0
exp_20260728T005337Z_a15e4f03,8a073121,crowd_subject_28,crowd_subject_28,crowd,user,inline_early,1,341,63.0,,1785202433,
exp_20260728T005337Z_a15e4f03,8a073121,crowd_subject_28,crowd_subject_28,crowd,assistant,inline_early,2,524,80.0,,1785202566,2432.1
exp_20260728T005337Z_a15e4f03,8a073121,crowd_subject_28,crowd_subject_28,crowd,user,inline_early,2,181,33.0,124712.40927278996,1785202560,
exp_20260728T005337Z_a15e4f03,8a073121,crowd_subject_28,crowd_subject_28,crowd,assistant,inline_early,3,357,50.0,,1785202731,2512.7
exp_20260728T005337Z_a15e4f03,8a073121,crowd_subject_28,crowd_subject_28,crowd,user,inline_early,3,243,49.0,163335.33885516226,1785202729,
exp_20260728T005337Z_a15e4f03,8a073121,crowd_subject_28,crowd_subject_28,crowd,assistant,inline_early,4,181,27.0,,1785202819,1570.8
exp_20260728T005337Z_a15e4f03,8a073121,crowd_subject_28,crowd_subject_28,crowd,user,inline_early,4,149,32.0,86126.97600200772,1785202818,
exp_20260728T005337Z_a15e4f03,8a073121,crowd_subject_28,crowd_subject_28,crowd,assistant,inline_late,1,735,118.0,,1785204136,2671.2
exp_20260728T005337Z_a15e4f03,8a073121,crowd_subject_28,crowd_subject_28,crowd,user,inline_late,1,343,59.0,,1785204133,
exp_20260728T005337Z_a15e4f03,8a073121,crowd_subject_28,crowd_subject_28,crowd,assistant,inline_late,2,565,92.0,,1785204201,2127.0
exp_20260728T005337Z_a15e4f03,8a073121,crowd_subject_28,crowd_subject_28,crowd,user,inline_late,2,93,16.0,63315.267231315374,1785204199,
exp_20260728T005337Z_a15e4f03,8a073121,crowd_subject_28,crowd_subject_28,crowd,assistant,inline_late,3,1150,159.0,,1785204236,3611.7
exp_20260728T005337Z_a15e4f03,8a073121,crowd_subject_28,crowd_subject_28,crowd,user,inline_late,3,72,14.0,31015.92367887497,1785204232,
exp_20260728T005337Z_a15e4f03,8a073121,crowd_subject_28,crowd_subject_28,crowd,assistant,inline_late,4,346,51.0,,1785204272,2136.9
exp_20260728T005337Z_a15e4f03,8a073121,crowd_subject_28,crowd_subject_28,crowd,user,inline_late,4,65,12.0,31902.189519256353,1785204268,
exp_20260728T005337Z_a15e4f03,8a073121,crowd_subject_28,crowd_subject_28,crowd,assistant,no_ads,1,402,61.0,,1785200353,2227.7
exp_20260728T005337Z_a15e4f03,8a073121,crowd_subject_28,crowd_subject_28,crowd,user,no_ads,1,338,64.0,,1785200351,
exp_20260728T005337Z_a15e4f03,8a073121,crowd_subject_28,crowd_subject_28,crowd,assistant,no_ads,2,507,83.0,,1785200560,2398.5
exp_20260728T005337Z_a15e4f03,8a073121,crowd_subject_28,crowd_subject_28,crowd,user,no_ads,2,448,87.0,204800.94328708947,1785200558,
exp_20260728T005337Z_a15e4f03,8a073121,crowd_subject_28,crowd_subject_28,crowd,assistant,no_ads,3,438,76.0,,1785200674,2094.9
exp_20260728T005337Z_a15e4f03,8a073121,crowd_subject_28,crowd_subject_28,crowd,user,no_ads,3,211,38.0,111659.60275195539,1785200672,
exp_20260728T005337Z_a15e4f03,8a073121,crowd_subject_28,crowd_subject_28,crowd,assistant,no_ads,4,129,23.0,,1785200765,1616.6
exp_20260728T005337Z_a15e4f03,8a073121,crowd_subject_28,crowd_subject_28,crowd,user,no_ads,4,85,16.0,89643.79154331982,1785200764,
exp_20260728T021517Z_71761d62,d39155f2,crowd_subject_29,crowd_subject_29,crowd,assistant,block_early,1,709,113.0,,1785205804,2870.9
exp_20260728T021517Z_71761d62,d39155f2,crowd_subject_29,crowd_subject_29,crowd,user,block_early,1,102,24.0,,1785205801,
exp_20260728T021517Z_71761d62,d39155f2,crowd_subject_29,crowd_subject_29,crowd,assistant,block_early,2,703,110.0,,1785205823,2836.2
exp_20260728T021517Z_71761d62,d39155f2,crowd_subject_29,crowd_subject_29,crowd,user,block_early,2,30,5.0,13878.339847549796,1785205818,
exp_20260728T021517Z_71761d62,d39155f2,crowd_subject_29,crowd_subject_29,crowd,assistant,block_early,3,449,81.0,,1785205854,2196.9
exp_20260728T021517Z_71761d62,d39155f2,crowd_subject_29,crowd_subject_29,crowd,user,block_early,3,59,9.0,28155.504262074828,1785205852,
exp_20260728T021517Z_71761d62,d39155f2,crowd_subject_29,crowd_subject_29,crowd,assistant,block_early,4,298,49.0,,1785205870,1823.9
exp_20260728T021517Z_71761d62,d39155f2,crowd_subject_29,crowd_subject_29,crowd,user,block_early,4,54,8.0,14561.922680586576,1785205868,
exp_20260728T021517Z_71761d62,d39155f2,crowd_subject_29,crowd_subject_29,crowd,assistant,block_late,1,1804,268.0,,1785206346,6105.4
exp_20260728T021517Z_71761d62,d39155f2,crowd_subject_29,crowd_subject_29,crowd,user,block_late,1,192,35.0,,1785206340,
exp_20260728T021517Z_71761d62,d39155f2,crowd_subject_29,crowd_subject_29,crowd,assistant,block_late,2,1901,280.0,,1785206385,5259.2
exp_20260728T021517Z_71761d62,d39155f2,crowd_subject_29,crowd_subject_29,crowd,user,block_late,2,73,11.0,33640.639455989,1785206379,
exp_20260728T021517Z_71761d62,d39155f2,crowd_subject_29,crowd_subject_29,crowd,assistant,block_late,3,1185,182.0,,1785206454,4343.7
exp_20260728T021517Z_71761d62,d39155f2,crowd_subject_29,crowd_subject_29,crowd,user,block_late,3,49,10.0,65158.07595476508,1785206450,
exp_20260728T021517Z_71761d62,d39155f2,crowd_subject_29,crowd_subject_29,crowd,assistant,block_late,4,1954,306.0,,1785206547,5764.2
exp_20260728T021517Z_71761d62,d39155f2,crowd_subject_29,crowd_subject_29,crowd,user,block_late,4,63,11.0,83369.64449472725,1785206538,
exp_20260728T021517Z_71761d62,d39155f2,crowd_subject_29,crowd_subject_29,crowd,assistant,inline_early,1,1033,161.0,,1785205079,3289.2
exp_20260728T021517Z_71761d62,d39155f2,crowd_subject_29,crowd_subject_29,crowd,user,inline_early,1,184,32.0,,1785205076,
exp_20260728T021517Z_71761d62,d39155f2,crowd_subject_29,crowd_subject_29,crowd,assistant,inline_early,2,1085,164.0,,1785205146,3115.6
exp_20260728T021517Z_71761d62,d39155f2,crowd_subject_29,crowd_subject_29,crowd,user,inline_early,2,82,16.0,61127.88263335824,1785205140,
exp_20260728T021517Z_71761d62,d39155f2,crowd_subject_29,crowd_subject_29,crowd,assistant,inline_early,3,266,39.0,,1785205180,1918.5
exp_20260728T021517Z_71761d62,d39155f2,crowd_subject_29,crowd_subject_29,crowd,user,inline_early,3,34,6.0,31981.121452525258,1785205178,
exp_20260728T021517Z_71761d62,d39155f2,crowd_subject_29,crowd_subject_29,crowd,assistant,inline_early,4,360,58.0,,1785205229,1681.8
exp_20260728T021517Z_71761d62,d39155f2,crowd_subject_29,crowd_subject_29,crowd,user,inline_early,4,61,11.0,47065.507577732205,1785205227,
exp_20260728T021517Z_71761d62,d39155f2,crowd_subject_29,crowd_subject_29,crowd,assistant,inline_late,1,295,41.0,,1785205424,1813.4
exp_20260728T021517Z_71761d62,d39155f2,crowd_subject_29,crowd_subject_29,crowd,user,inline_late,1,149,34.0,,1785205422,
exp_20260728T021517Z_71761d62,d39155f2,crowd_subject_29,crowd_subject_29,crowd,assistant,inline_late,2,519,80.0,,1785205456,2040.5
exp_20260728T021517Z_71761d62,d39155f2,crowd_subject_29,crowd_subject_29,crowd,user,inline_late,2,79,14.0,29582.17998035252,1785205454,
exp_20260728T021517Z_71761d62,d39155f2,crowd_subject_29,crowd_subject_29,crowd,assistant,inline_late,3,743,115.0,,1785205500,2716.4
exp_20260728T021517Z_71761d62,d39155f2,crowd_subject_29,crowd_subject_29,crowd,user,inline_late,3,76,14.0,41434.39791537821,1785205497,
exp_20260728T021517Z_71761d62,d39155f2,crowd_subject_29,crowd_subject_29,crowd,assistant,inline_late,4,635,101.0,,1785205583,2393.8
exp_20260728T021517Z_71761d62,d39155f2,crowd_subject_29,crowd_subject_29,crowd,user,inline_late,4,72,14.0,78755.61766512692,1785205579,
exp_20260728T021517Z_71761d62,d39155f2,crowd_subject_29,crowd_subject_29,crowd,assistant,no_ads,1,626,92.0,,1785206054,2665.0
exp_20260728T021517Z_71761d62,d39155f2,crowd_subject_29,crowd_subject_29,crowd,user,no_ads,1,186,36.0,,1785206051,
exp_20260728T021517Z_71761d62,d39155f2,crowd_subject_29,crowd_subject_29,crowd,assistant,no_ads,2,206,28.0,,1785206089,1533.1
exp_20260728T021517Z_71761d62,d39155f2,crowd_subject_29,crowd_subject_29,crowd,user,no_ads,2,64,15.0,34059.2924002558,1785206088,
exp_20260728T021517Z_71761d62,d39155f2,crowd_subject_29,crowd_subject_29,crowd,assistant,no_ads,3,138,21.0,,1785206110,1515.0
exp_20260728T021517Z_71761d62,d39155f2,crowd_subject_29,crowd_subject_29,crowd,user,no_ads,3,29,8.0,18742.112554609776,1785206108,
exp_20260728T021517Z_71761d62,d39155f2,crowd_subject_29,crowd_subject_29,crowd,assistant,no_ads,4,540,83.0,,1785206126,2322.4
exp_20260728T021517Z_71761d62,d39155f2,crowd_subject_29,crowd_subject_29,crowd,user,no_ads,4,59,10.0,13309.287840500474,1785206123,
exp_20260713T141041Z_066e7c22,60e6efef,crowd_subject_3,crowd_subject_3,crowd,assistant,block_early,1,315,46.0,,1783953557,2098.1
exp_20260713T141041Z_066e7c22,60e6efef,crowd_subject_3,crowd_subject_3,crowd,user,block_early,1,232,42.0,,1783953555,
exp_20260713T141041Z_066e7c22,60e6efef,crowd_subject_3,crowd_subject_3,crowd,assistant,block_early,2,638,101.0,,1783953592,2452.6
exp_20260713T141041Z_066e7c22,60e6efef,crowd_subject_3,crowd_subject_3,crowd,user,block_early,2,38,7.0,27486.872795969248,1783953584,
exp_20260713T141041Z_066e7c22,60e6efef,crowd_subject_3,crowd_subject_3,crowd,assistant,block_early,3,403,62.0,,1783953624,1986.6
exp_20260713T141041Z_066e7c22,60e6efef,crowd_subject_3,crowd_subject_3,crowd,user,block_early,3,33,5.0,30073.635859414935,1783953622,
exp_20260713T141041Z_066e7c22,60e6efef,crowd_subject_3,crowd_subject_3,crowd,assistant,block_early,4,483,84.0,,1783953663,2250.1
exp_20260713T141041Z_066e7c22,60e6efef,crowd_subject_3,crowd_subject_3,crowd,user,block_early,4,49,10.0,37000.63673593104,1783953661,
exp_20260713T141041Z_066e7c22,60e6efef,crowd_subject_3,crowd_subject_3,crowd,assistant,block_late,1,1577,234.0,,1783952044,4421.8
exp_20260713T141041Z_066e7c22,60e6efef,crowd_subject_3,crowd_subject_3,crowd,user,block_late,1,193,33.0,,1783952039,
exp_20260713T141041Z_066e7c22,60e6efef,crowd_subject_3,crowd_subject_3,crowd,assistant,block_late,2,888,127.0,,1783952097,3596.1
exp_20260713T141041Z_066e7c22,60e6efef,crowd_subject_3,crowd_subject_3,crowd,user,block_late,2,62,11.0,49491.76646023989,1783952093,
exp_20260713T141041Z_066e7c22,60e6efef,crowd_subject_3,crowd_subject_3,crowd,assistant,block_late,3,1326,184.0,,1783952131,4612.3
exp_20260713T141041Z_066e7c22,60e6efef,crowd_subject_3,crowd_subject_3,crowd,user,block_late,3,88,16.0,29128.010727465153,1783952126,
exp_20260713T141041Z_066e7c22,60e6efef,crowd_subject_3,crowd_subject_3,crowd,assistant,block_late,4,1477,215.0,,1783952190,4235.2
exp_20260713T141041Z_066e7c22,60e6efef,crowd_subject_3,crowd_subject_3,crowd,user,block_late,4,50,9.0,50177.50198952854,1783952181,
exp_20260713T141041Z_066e7c22,60e6efef,crowd_subject_3,crowd_subject_3,crowd,assistant,inline_early,1,2020,323.0,,1783953982,6466.3
exp_20260713T141041Z_066e7c22,60e6efef,crowd_subject_3,crowd_subject_3,crowd,user,inline_early,1,287,52.0,,1783953975,
exp_20260713T141041Z_066e7c22,60e6efef,crowd_subject_3,crowd_subject_3,crowd,assistant,inline_early,2,1656,267.0,,1783954044,4997.3
exp_20260713T141041Z_066e7c22,60e6efef,crowd_subject_3,crowd_subject_3,crowd,user,inline_early,2,70,13.0,52365.66307395697,1783954034,
exp_20260713T141041Z_066e7c22,60e6efef,crowd_subject_3,crowd_subject_3,crowd,assistant,inline_early,3,1077,180.0,,1783954102,4093.5
exp_20260713T141041Z_066e7c22,60e6efef,crowd_subject_3,crowd_subject_3,crowd,user,inline_early,3,45,9.0,53284.008625894785,1783954098,
exp_20260713T141041Z_066e7c22,60e6efef,crowd_subject_3,crowd_subject_3,crowd,assistant,inline_early,4,944,160.0,,1783954200,3596.5
exp_20260713T141041Z_066e7c22,60e6efef,crowd_subject_3,crowd_subject_3,crowd,user,inline_early,4,29,7.0,94329.25320230424,1783954196,
exp_20260713T141041Z_066e7c22,60e6efef,crowd_subject_3,crowd_subject_3,crowd,assistant,inline_late,1,562,88.0,,1783953038,2926.3
exp_20260713T141041Z_066e7c22,60e6efef,crowd_subject_3,crowd_subject_3,crowd,user,inline_late,1,159,33.0,,1783953035,
exp_20260713T141041Z_066e7c22,60e6efef,crowd_subject_3,crowd_subject_3,crowd,assistant,inline_late,2,464,73.0,,1783953137,2322.8
exp_20260713T141041Z_066e7c22,60e6efef,crowd_subject_3,crowd_subject_3,crowd,user,inline_late,2,80,16.0,96626.18295662105,1783953134,
exp_20260713T141041Z_066e7c22,60e6efef,crowd_subject_3,crowd_subject_3,crowd,assistant,inline_late,3,551,79.0,,1783953166,2562.7
exp_20260713T141041Z_066e7c22,60e6efef,crowd_subject_3,crowd_subject_3,crowd,user,inline_late,3,100,21.0,26796.580823138356,1783953164,
exp_20260713T141041Z_066e7c22,60e6efef,crowd_subject_3,crowd_subject_3,crowd,assistant,inline_late,4,367,61.0,,1783953210,2120.6
exp_20260713T141041Z_066e7c22,60e6efef,crowd_subject_3,crowd_subject_3,crowd,user,inline_late,4,3,1.0,36337.570985779166,1783953203,
exp_20260713T141041Z_066e7c22,60e6efef,crowd_subject_3,crowd_subject_3,crowd,assistant,no_ads,1,388,63.0,,1783952488,2098.0
exp_20260713T141041Z_066e7c22,60e6efef,crowd_subject_3,crowd_subject_3,crowd,user,no_ads,1,260,46.0,,1783952485,
exp_20260713T141041Z_066e7c22,60e6efef,crowd_subject_3,crowd_subject_3,crowd,assistant,no_ads,2,501,79.0,,1783952556,1973.5
exp_20260713T141041Z_066e7c22,60e6efef,crowd_subject_3,crowd_subject_3,crowd,user,no_ads,2,46,8.0,66590.14085680246,1783952554,
exp_20260713T141041Z_066e7c22,60e6efef,crowd_subject_3,crowd_subject_3,crowd,assistant,no_ads,3,542,83.0,,1783952623,2100.9
exp_20260713T141041Z_066e7c22,60e6efef,crowd_subject_3,crowd_subject_3,crowd,user,no_ads,3,74,12.0,64217.56577119231,1783952620,
exp_20260713T141041Z_066e7c22,60e6efef,crowd_subject_3,crowd_subject_3,crowd,assistant,no_ads,4,637,104.0,,1783952653,2542.7
exp_20260713T141041Z_066e7c22,60e6efef,crowd_subject_3,crowd_subject_3,crowd,user,no_ads,4,89,14.0,28287.69868426025,1783952651,
exp_20260728T025353Z_21c1b75f,51616cf0,crowd_subject_30,crowd_subject_30,crowd,assistant,block_early,1,303,51.0,,1785207352,2097.5
exp_20260728T025353Z_21c1b75f,51616cf0,crowd_subject_30,crowd_subject_30,crowd,user,block_early,1,79,20.0,,1785207350,
exp_20260728T025353Z_21c1b75f,51616cf0,crowd_subject_30,crowd_subject_30,crowd,assistant,block_early,2,296,46.0,,1785207387,1841.1
exp_20260728T025353Z_21c1b75f,51616cf0,crowd_subject_30,crowd_subject_30,crowd,user,block_early,2,39,8.0,30142.993446439505,1785207382,
exp_20260728T025353Z_21c1b75f,51616cf0,crowd_subject_30,crowd_subject_30,crowd,assistant,block_early,3,153,29.0,,1785207427,1411.4
exp_20260728T025353Z_21c1b75f,51616cf0,crowd_subject_30,crowd_subject_30,crowd,user,block_early,3,39,8.0,38784.080255776644,1785207426,
exp_20260728T025353Z_21c1b75f,51616cf0,crowd_subject_30,crowd_subject_30,crowd,assistant,block_early,4,372,59.0,,1785207450,1996.1
exp_20260728T025353Z_21c1b75f,51616cf0,crowd_subject_30,crowd_subject_30,crowd,user,block_early,4,49,11.0,20427.816236391664,1785207448,
exp_20260728T025353Z_21c1b75f,51616cf0,crowd_subject_30,crowd_subject_30,crowd,assistant,block_late,1,1023,164.0,,1785208513,3372.8
exp_20260728T025353Z_21c1b75f,51616cf0,crowd_subject_30,crowd_subject_30,crowd,user,block_late,1,86,17.0,,1785208510,
exp_20260728T025353Z_21c1b75f,51616cf0,crowd_subject_30,crowd_subject_30,crowd,assistant,block_late,2,1001,162.0,,1785208559,3243.3
exp_20260728T025353Z_21c1b75f,51616cf0,crowd_subject_30,crowd_subject_30,crowd,user,block_late,2,60,10.0,42572.29865156114,1785208556,
exp_20260728T025353Z_21c1b75f,51616cf0,crowd_subject_30,crowd_subject_30,crowd,assistant,block_late,3,931,138.0,,1785208608,3185.2
exp_20260728T025353Z_21c1b75f,51616cf0,crowd_subject_30,crowd_subject_30,crowd,user,block_late,3,52,8.0,46136.42426393926,1785208605,
exp_20260728T025353Z_21c1b75f,51616cf0,crowd_subject_30,crowd_subject_30,crowd,assistant,block_late,4,1064,160.0,,1785208649,3348.8
exp_20260728T025353Z_21c1b75f,51616cf0,crowd_subject_30,crowd_subject_30,crowd,user,block_late,4,35,8.0,34768.05947162211,1785208643,
exp_20260728T025353Z_21c1b75f,51616cf0,crowd_subject_30,crowd_subject_30,crowd,assistant,inline_early,1,2004,318.0,,1785208081,6961.4
exp_20260728T025353Z_21c1b75f,51616cf0,crowd_subject_30,crowd_subject_30,crowd,user,inline_early,1,60,12.0,,1785208074,
exp_20260728T025353Z_21c1b75f,51616cf0,crowd_subject_30,crowd_subject_30,crowd,assistant,inline_early,2,883,145.0,,1785208130,3487.7
exp_20260728T025353Z_21c1b75f,51616cf0,crowd_subject_30,crowd_subject_30,crowd,user,inline_early,2,85,15.0,41883.546497672796,1785208123,
exp_20260728T025353Z_21c1b75f,51616cf0,crowd_subject_30,crowd_subject_30,crowd,assistant,inline_early,3,3021,505.0,,1785208177,9645.7
exp_20260728T025353Z_21c1b75f,51616cf0,crowd_subject_30,crowd_subject_30,crowd,user,inline_early,3,65,13.0,37550.99621601403,1785208168,
exp_20260728T025353Z_21c1b75f,51616cf0,crowd_subject_30,crowd_subject_30,crowd,assistant,inline_early,4,2003,334.0,,1785208241,7319.9
exp_20260728T025353Z_21c1b75f,51616cf0,crowd_subject_30,crowd_subject_30,crowd,user,inline_early,4,30,7.0,56268.84005591273,1785208234,
exp_20260728T025353Z_21c1b75f,51616cf0,crowd_subject_30,crowd_subject_30,crowd,assistant,inline_late,1,266,41.0,,1785208936,1841.1
exp_20260728T025353Z_21c1b75f,51616cf0,crowd_subject_30,crowd_subject_30,crowd,user,inline_late,1,147,30.0,,1785208934,
exp_20260728T025353Z_21c1b75f,51616cf0,crowd_subject_30,crowd_subject_30,crowd,assistant,inline_late,2,726,106.0,,1785208991,2632.0
exp_20260728T025353Z_21c1b75f,51616cf0,crowd_subject_30,crowd_subject_30,crowd,user,inline_late,2,49,8.0,52227.21386514604,1785208989,
exp_20260728T025353Z_21c1b75f,51616cf0,crowd_subject_30,crowd_subject_30,crowd,assistant,inline_late,3,422,66.0,,1785209015,2027.6
exp_20260728T025353Z_21c1b75f,51616cf0,crowd_subject_30,crowd_subject_30,crowd,user,inline_late,3,14,3.0,22186.376605182886,1785209013,
exp_20260728T025353Z_21c1b75f,51616cf0,crowd_subject_30,crowd_subject_30,crowd,assistant,inline_late,4,562,84.0,,1785209071,2314.4
exp_20260728T025353Z_21c1b75f,51616cf0,crowd_subject_30,crowd_subject_30,crowd,user,inline_late,4,71,12.0,50825.07801242173,1785209066,
exp_20260728T025353Z_21c1b75f,51616cf0,crowd_subject_30,crowd_subject_30,crowd,assistant,no_ads,1,233,36.0,,1785207743,1933.1
exp_20260728T025353Z_21c1b75f,51616cf0,crowd_subject_30,crowd_subject_30,crowd,user,no_ads,1,77,15.0,,1785207741,
exp_20260728T025353Z_21c1b75f,51616cf0,crowd_subject_30,crowd_subject_30,crowd,assistant,no_ads,2,238,35.0,,1785207762,1584.0
exp_20260728T025353Z_21c1b75f,51616cf0,crowd_subject_30,crowd_subject_30,crowd,user,no_ads,2,12,3.0,17616.697009652853,1785207760,
exp_20260728T025353Z_21c1b75f,51616cf0,crowd_subject_30,crowd_subject_30,crowd,assistant,no_ads,3,159,25.0,,1785207777,1496.3
exp_20260728T025353Z_21c1b75f,51616cf0,crowd_subject_30,crowd_subject_30,crowd,user,no_ads,3,17,4.0,13113.027021288872,1785207775,
exp_20260728T025353Z_21c1b75f,51616cf0,crowd_subject_30,crowd_subject_30,crowd,assistant,no_ads,4,135,20.0,,1785207819,1409.6
exp_20260728T025353Z_21c1b75f,51616cf0,crowd_subject_30,crowd_subject_30,crowd,user,no_ads,4,36,7.0,41049.9741435051,1785207818,
exp_20260728T212533Z_3d7b9020,d9a3a648,crowd_subject_32,crowd_subject_32,crowd,assistant,block_early,1,285,48.0,,1785273993,1810.4
exp_20260728T212533Z_3d7b9020,d9a3a648,crowd_subject_32,crowd_subject_32,crowd,user,block_early,1,33,6.0,,1785273991,
exp_20260728T212533Z_3d7b9020,d9a3a648,crowd_subject_32,crowd_subject_32,crowd,assistant,block_early,2,281,41.0,,1785274010,1886.0
exp_20260728T212533Z_3d7b9020,d9a3a648,crowd_subject_32,crowd_subject_32,crowd,user,block_early,2,64,14.0,12251.024544239044,1785274005,
exp_20260728T212533Z_3d7b9020,d9a3a648,crowd_subject_32,crowd_subject_32,crowd,assistant,block_early,3,753,118.0,,1785274031,2678.7
exp_20260728T212533Z_3d7b9020,d9a3a648,crowd_subject_32,crowd_subject_32,crowd,user,block_early,3,64,12.0,18321.37049175799,1785274028,
exp_20260728T212533Z_3d7b9020,d9a3a648,crowd_subject_32,crowd_subject_32,crowd,assistant,block_early,4,210,33.0,,1785274046,1559.3
exp_20260728T212533Z_3d7b9020,d9a3a648,crowd_subject_32,crowd_subject_32,crowd,user,block_early,4,12,2.0,13270.175229758024,1785274044,
exp_20260728T212533Z_3d7b9020,d9a3a648,crowd_subject_32,crowd_subject_32,crowd,assistant,block_late,1,992,137.0,,1785274204,4215.7
exp_20260728T212533Z_3d7b9020,d9a3a648,crowd_subject_32,crowd_subject_32,crowd,user,block_late,1,46,9.0,,1785274199,
exp_20260728T212533Z_3d7b9020,d9a3a648,crowd_subject_32,crowd_subject_32,crowd,assistant,block_late,2,1651,260.0,,1785274247,5684.6
exp_20260728T212533Z_3d7b9020,d9a3a648,crowd_subject_32,crowd_subject_32,crowd,user,block_late,2,80,15.0,37288.80335018039,1785274241,
exp_20260728T212533Z_3d7b9020,d9a3a648,crowd_subject_32,crowd_subject_32,crowd,assistant,block_late,3,1852,303.0,,1785274292,6134.6
exp_20260728T212533Z_3d7b9020,d9a3a648,crowd_subject_32,crowd_subject_32,crowd,user,block_late,3,67,13.0,38791.12789221108,1785274285,
exp_20260728T212533Z_3d7b9020,d9a3a648,crowd_subject_32,crowd_subject_32,crowd,assistant,block_late,4,1926,297.0,,1785274312,5734.0
exp_20260728T212533Z_3d7b9020,d9a3a648,crowd_subject_32,crowd_subject_32,crowd,user,block_late,4,16,3.0,11230.315078049898,1785274303,
exp_20260728T212533Z_3d7b9020,d9a3a648,crowd_subject_32,crowd_subject_32,crowd,assistant,inline_early,1,463,79.0,,1785274669,2334.7
exp_20260728T212533Z_3d7b9020,d9a3a648,crowd_subject_32,crowd_subject_32,crowd,user,inline_early,1,106,22.0,,1785274666,
exp_20260728T212533Z_3d7b9020,d9a3a648,crowd_subject_32,crowd_subject_32,crowd,assistant,inline_early,2,388,58.0,,1785274698,1982.3
exp_20260728T212533Z_3d7b9020,d9a3a648,crowd_subject_32,crowd_subject_32,crowd,user,inline_early,2,43,10.0,24053.088502958417,1785274693,
exp_20260728T212533Z_3d7b9020,d9a3a648,crowd_subject_32,crowd_subject_32,crowd,assistant,inline_early,3,321,52.0,,1785274718,1962.7
exp_20260728T212533Z_3d7b9020,d9a3a648,crowd_subject_32,crowd_subject_32,crowd,user,inline_early,3,45,7.0,18377.683522179723,1785274716,
exp_20260728T212533Z_3d7b9020,d9a3a648,crowd_subject_32,crowd_subject_32,crowd,assistant,inline_early,4,474,77.0,,1785274733,1924.5
exp_20260728T212533Z_3d7b9020,d9a3a648,crowd_subject_32,crowd_subject_32,crowd,user,inline_early,4,19,3.0,13210.49116551876,1785274731,
exp_20260728T212533Z_3d7b9020,d9a3a648,crowd_subject_32,crowd_subject_32,crowd,assistant,inline_late,1,91,16.0,,1785274886,1598.6
exp_20260728T212533Z_3d7b9020,d9a3a648,crowd_subject_32,crowd_subject_32,crowd,user,inline_late,1,73,16.0,,1785274885,
exp_20260728T212533Z_3d7b9020,d9a3a648,crowd_subject_32,crowd_subject_32,crowd,assistant,inline_late,2,167,32.0,,1785274892,1445.6
exp_20260728T212533Z_3d7b9020,d9a3a648,crowd_subject_32,crowd_subject_32,crowd,user,inline_late,2,3,1.0,3780.9188440442085,1785274890,
exp_20260728T212533Z_3d7b9020,d9a3a648,crowd_subject_32,crowd_subject_32,crowd,assistant,inline_late,3,303,49.0,,1785274899,1849.3
exp_20260728T212533Z_3d7b9020,d9a3a648,crowd_subject_32,crowd_subject_32,crowd,user,inline_late,3,4,1.0,5929.394753649831,1785274897,
exp_20260728T212533Z_3d7b9020,d9a3a648,crowd_subject_32,crowd_subject_32,crowd,assistant,inline_late,4,261,43.0,,1785274918,1869.4
exp_20260728T212533Z_3d7b9020,d9a3a648,crowd_subject_32,crowd_subject_32,crowd,user,inline_late,4,22,5.0,13856.262223795056,1785274913,
exp_20260728T212533Z_3d7b9020,d9a3a648,crowd_subject_32,crowd_subject_32,crowd,assistant,no_ads,1,561,86.0,,1785274456,2628.5
exp_20260728T212533Z_3d7b9020,d9a3a648,crowd_subject_32,crowd_subject_32,crowd,user,no_ads,1,61,13.0,,1785274454,
exp_20260728T212533Z_3d7b9020,d9a3a648,crowd_subject_32,crowd_subject_32,crowd,assistant,no_ads,2,1650,263.0,,1785274510,5184.8
exp_20260728T212533Z_3d7b9020,d9a3a648,crowd_subject_32,crowd_subject_32,crowd,user,no_ads,2,113,22.0,47863.62579651177,1785274504,
exp_20260728T212533Z_3d7b9020,d9a3a648,crowd_subject_32,crowd_subject_32,crowd,assistant,no_ads,3,802,132.0,,1785274523,3189.6
exp_20260728T212533Z_3d7b9020,d9a3a648,crowd_subject_32,crowd_subject_32,crowd,user,no_ads,3,14,2.0,10403.929471969604,1785274520,
exp_20260728T212533Z_3d7b9020,d9a3a648,crowd_subject_32,crowd_subject_32,crowd,assistant,no_ads,4,1064,151.0,,1785274536,3631.8
exp_20260728T212533Z_3d7b9020,d9a3a648,crowd_subject_32,crowd_subject_32,crowd,user,no_ads,4,33,7.0,9440.932547673583,1785274533,
exp_20260729T113330Z_4893ec28,aebd33cb,crowd_subject_33,crowd_subject_33,crowd,assistant,block_early,1,828,125.0,,1785326282,3210.4
exp_20260729T113330Z_4893ec28,aebd33cb,crowd_subject_33,crowd_subject_33,crowd,user,block_early,1,245,46.0,,1785326279,
exp_20260729T113330Z_4893ec28,aebd33cb,crowd_subject_33,crowd_subject_33,crowd,assistant,block_early,2,1193,187.0,,1785326303,3690.2
exp_20260729T113330Z_4893ec28,aebd33cb,crowd_subject_33,crowd_subject_33,crowd,user,block_early,2,5,1.0,13212.26692572236,1785326296,
exp_20260729T113330Z_4893ec28,aebd33cb,crowd_subject_33,crowd_subject_33,crowd,assistant,block_early,3,1799,280.0,,1785326342,5606.0
exp_20260729T113330Z_4893ec28,aebd33cb,crowd_subject_33,crowd_subject_33,crowd,user,block_early,3,35,7.0,33119.72243525088,1785326336,
exp_20260729T113330Z_4893ec28,aebd33cb,crowd_subject_33,crowd_subject_33,crowd,assistant,block_early,4,1551,260.0,,1785326353,5229.2
exp_20260729T113330Z_4893ec28,aebd33cb,crowd_subject_33,crowd_subject_33,crowd,user,block_early,4,9,2.0,6171.973632648587,1785326348,
exp_20260729T113330Z_4893ec28,aebd33cb,crowd_subject_33,crowd_subject_33,crowd,assistant,block_late,1,198,29.0,,1785326034,1682.8
exp_20260729T113330Z_4893ec28,aebd33cb,crowd_subject_33,crowd_subject_33,crowd,user,block_late,1,101,20.0,,1785326032,
exp_20260729T113330Z_4893ec28,aebd33cb,crowd_subject_33,crowd_subject_33,crowd,assistant,block_late,2,172,26.0,,1785326045,1330.5
exp_20260729T113330Z_4893ec28,aebd33cb,crowd_subject_33,crowd_subject_33,crowd,user,block_late,2,7,1.0,9009.700443595648,1785326043,
exp_20260729T113330Z_4893ec28,aebd33cb,crowd_subject_33,crowd_subject_33,crowd,assistant,block_late,3,256,36.0,,1785326055,1538.3
exp_20260729T113330Z_4893ec28,aebd33cb,crowd_subject_33,crowd_subject_33,crowd,user,block_late,3,16,2.0,9224.375953897834,1785326054,
exp_20260729T113330Z_4893ec28,aebd33cb,crowd_subject_33,crowd_subject_33,crowd,assistant,block_late,4,161,25.0,,1785326068,1526.9
exp_20260729T113330Z_4893ec28,aebd33cb,crowd_subject_33,crowd_subject_33,crowd,user,block_late,4,5,1.0,8463.002135977149,1785326064,
exp_20260729T113330Z_4893ec28,aebd33cb,crowd_subject_33,crowd_subject_33,crowd,assistant,inline_early,1,718,106.0,,1785325709,2781.6
exp_20260729T113330Z_4893ec28,aebd33cb,crowd_subject_33,crowd_subject_33,crowd,user,inline_early,1,180,37.0,,1785325706,
exp_20260729T113330Z_4893ec28,aebd33cb,crowd_subject_33,crowd_subject_33,crowd,assistant,inline_early,2,752,124.0,,1785325741,2743.1
exp_20260729T113330Z_4893ec28,aebd33cb,crowd_subject_33,crowd_subject_33,crowd,user,inline_early,2,7,2.0,27245.451962575316,1785325736,
exp_20260729T113330Z_4893ec28,aebd33cb,crowd_subject_33,crowd_subject_33,crowd,assistant,inline_early,3,356,61.0,,1785325755,2134.5
exp_20260729T113330Z_4893ec28,aebd33cb,crowd_subject_33,crowd_subject_33,crowd,user,inline_early,3,21,4.0,11568.54479201138,1785325753,
exp_20260729T113330Z_4893ec28,aebd33cb,crowd_subject_33,crowd_subject_33,crowd,assistant,inline_early,4,746,116.0,,1785325771,2477.1
exp_20260729T113330Z_4893ec28,aebd33cb,crowd_subject_33,crowd_subject_33,crowd,user,inline_early,4,54,13.0,12854.633489623666,1785325768,
exp_20260729T113330Z_4893ec28,aebd33cb,crowd_subject_33,crowd_subject_33,crowd,assistant,inline_late,1,691,103.0,,1785324971,2577.3
exp_20260729T113330Z_4893ec28,aebd33cb,crowd_subject_33,crowd_subject_33,crowd,user,inline_late,1,72,12.0,,1785324968,
exp_20260729T113330Z_4893ec28,aebd33cb,crowd_subject_33,crowd_subject_33,crowd,assistant,inline_late,2,648,97.0,,1785324992,2691.7
exp_20260729T113330Z_4893ec28,aebd33cb,crowd_subject_33,crowd_subject_33,crowd,user,inline_late,2,32,5.0,19026.568796485662,1785324990,
exp_20260729T113330Z_4893ec28,aebd33cb,crowd_subject_33,crowd_subject_33,crowd,assistant,inline_late,3,99,14.0,,1785325027,1526.1
exp_20260729T113330Z_4893ec28,aebd33cb,crowd_subject_33,crowd_subject_33,crowd,user,inline_late,3,33,7.0,33390.55075123906,1785325026,
exp_20260729T113330Z_4893ec28,aebd33cb,crowd_subject_33,crowd_subject_33,crowd,assistant,inline_late,4,247,39.0,,1785325040,1892.1
exp_20260729T113330Z_4893ec28,aebd33cb,crowd_subject_33,crowd_subject_33,crowd,user,inline_late,4,10,3.0,8625.795345753431,1785325036,
exp_20260729T113330Z_4893ec28,aebd33cb,crowd_subject_33,crowd_subject_33,crowd,assistant,no_ads,1,802,130.0,,1785325356,3108.1
exp_20260729T113330Z_4893ec28,aebd33cb,crowd_subject_33,crowd_subject_33,crowd,user,no_ads,1,195,40.0,,1785325352,
exp_20260729T113330Z_4893ec28,aebd33cb,crowd_subject_33,crowd_subject_33,crowd,assistant,no_ads,2,876,126.0,,1785325412,3174.0
exp_20260729T113330Z_4893ec28,aebd33cb,crowd_subject_33,crowd_subject_33,crowd,user,no_ads,2,48,9.0,52679.28773909807,1785325408,
exp_20260729T113330Z_4893ec28,aebd33cb,crowd_subject_33,crowd_subject_33,crowd,assistant,no_ads,3,991,151.0,,1785325443,3501.9
exp_20260729T113330Z_4893ec28,aebd33cb,crowd_subject_33,crowd_subject_33,crowd,user,no_ads,3,39,7.0,27431.14192225039,1785325439,
exp_20260729T113330Z_4893ec28,aebd33cb,crowd_subject_33,crowd_subject_33,crowd,assistant,no_ads,4,153,27.0,,1785325452,1569.4
exp_20260729T113330Z_4893ec28,aebd33cb,crowd_subject_33,crowd_subject_33,crowd,user,no_ads,4,21,4.0,8174.697794020176,1785325451,
exp_20260729T142615Z_78e41297,c3652ac3,crowd_subject_35,crowd_subject_35,crowd,assistant,block_early,1,155,26.0,,1785335442,1551.4
exp_20260729T142615Z_78e41297,c3652ac3,crowd_subject_35,crowd_subject_35,crowd,user,block_early,1,5,1.0,,1785335440,
exp_20260729T142615Z_78e41297,c3652ac3,crowd_subject_35,crowd_subject_35,crowd,assistant,block_early,2,156,28.0,,1785335471,1458.6
exp_20260729T142615Z_78e41297,c3652ac3,crowd_subject_35,crowd_subject_35,crowd,user,block_early,2,76,14.0,25290.83396308124,1785335467,
exp_20260729T142615Z_78e41297,c3652ac3,crowd_subject_35,crowd_subject_35,crowd,assistant,block_early,3,207,34.0,,1785335509,1510.3
exp_20260729T142615Z_78e41297,c3652ac3,crowd_subject_35,crowd_subject_35,crowd,user,block_early,3,67,13.0,36285.552468150854,1785335507,
exp_20260729T142615Z_78e41297,c3652ac3,crowd_subject_35,crowd_subject_35,crowd,assistant,block_early,4,222,39.0,,1785335549,1789.8
exp_20260729T142615Z_78e41297,c3652ac3,crowd_subject_35,crowd_subject_35,crowd,user,block_early,4,26,5.0,37922.9143653065,1785335547,
exp_20260729T142615Z_78e41297,c3652ac3,crowd_subject_35,crowd_subject_35,crowd,assistant,block_late,1,133,19.0,,1785336243,1635.2
exp_20260729T142615Z_78e41297,c3652ac3,crowd_subject_35,crowd_subject_35,crowd,user,block_late,1,154,30.0,,1785336241,
exp_20260729T142615Z_78e41297,c3652ac3,crowd_subject_35,crowd_subject_35,crowd,assistant,block_late,2,769,115.0,,1785336264,2645.3
exp_20260729T142615Z_78e41297,c3652ac3,crowd_subject_35,crowd_subject_35,crowd,user,block_late,2,30,4.0,18036.03009134531,1785336261,
exp_20260729T142615Z_78e41297,c3652ac3,crowd_subject_35,crowd_subject_35,crowd,assistant,block_late,3,518,75.0,,1785336345,2185.1
exp_20260729T142615Z_78e41297,c3652ac3,crowd_subject_35,crowd_subject_35,crowd,user,block_late,3,101,20.0,79424.22188445926,1785336343,
exp_20260729T142615Z_78e41297,c3652ac3,crowd_subject_35,crowd_subject_35,crowd,assistant,block_late,4,424,65.0,,1785336377,2050.8
exp_20260729T142615Z_78e41297,c3652ac3,crowd_subject_35,crowd_subject_35,crowd,user,block_late,4,38,6.0,26800.42602866888,1785336372,
exp_20260729T142615Z_78e41297,c3652ac3,crowd_subject_35,crowd_subject_35,crowd,assistant,inline_early,1,1248,196.0,,1785337524,3669.8
exp_20260729T142615Z_78e41297,c3652ac3,crowd_subject_35,crowd_subject_35,crowd,user,inline_early,1,328,60.0,,1785337521,
exp_20260729T142615Z_78e41297,c3652ac3,crowd_subject_35,crowd_subject_35,crowd,assistant,inline_early,2,619,92.0,,1785337653,2359.3
exp_20260729T142615Z_78e41297,c3652ac3,crowd_subject_35,crowd_subject_35,crowd,user,inline_early,2,81,17.0,123390.67791029811,1785337648,
exp_20260729T142615Z_78e41297,c3652ac3,crowd_subject_35,crowd_subject_35,crowd,assistant,inline_early,3,1391,213.0,,1785337710,3726.0
exp_20260729T142615Z_78e41297,c3652ac3,crowd_subject_35,crowd_subject_35,crowd,user,inline_early,3,53,12.0,53733.07630419731,1785337707,
exp_20260729T142615Z_78e41297,c3652ac3,crowd_subject_35,crowd_subject_35,crowd,assistant,inline_early,4,1423,211.0,,1785337811,3993.8
exp_20260729T142615Z_78e41297,c3652ac3,crowd_subject_35,crowd_subject_35,crowd,user,inline_early,4,70,13.0,96387.18089461327,1785337807,
exp_20260729T142615Z_78e41297,c3652ac3,crowd_subject_35,crowd_subject_35,crowd,assistant,inline_late,1,2215,372.0,,1785336698,7320.6
exp_20260729T142615Z_78e41297,c3652ac3,crowd_subject_35,crowd_subject_35,crowd,user,inline_late,1,191,38.0,,1785336691,
exp_20260729T142615Z_78e41297,c3652ac3,crowd_subject_35,crowd_subject_35,crowd,assistant,inline_late,2,1091,176.0,,1785336974,4003.7
exp_20260729T142615Z_78e41297,c3652ac3,crowd_subject_35,crowd_subject_35,crowd,user,inline_late,2,65,12.0,271287.9784181714,1785336969,
exp_20260729T142615Z_78e41297,c3652ac3,crowd_subject_35,crowd_subject_35,crowd,assistant,inline_late,3,1835,266.0,,1785337050,5138.1
exp_20260729T142615Z_78e41297,c3652ac3,crowd_subject_35,crowd_subject_35,crowd,user,inline_late,3,92,15.0,71719.72484514117,1785337045,
exp_20260729T142615Z_78e41297,c3652ac3,crowd_subject_35,crowd_subject_35,crowd,assistant,inline_late,4,1851,314.0,,1785337129,6441.0
exp_20260729T142615Z_78e41297,c3652ac3,crowd_subject_35,crowd_subject_35,crowd,user,inline_late,4,88,19.0,68452.27101258934,1785337119,
exp_20260729T142615Z_78e41297,c3652ac3,crowd_subject_35,crowd_subject_35,crowd,assistant,no_ads,1,387,62.0,,1785335771,2225.1
exp_20260729T142615Z_78e41297,c3652ac3,crowd_subject_35,crowd_subject_35,crowd,user,no_ads,1,59,15.0,,1785335769,
exp_20260729T142615Z_78e41297,c3652ac3,crowd_subject_35,crowd_subject_35,crowd,assistant,no_ads,2,498,72.0,,1785335801,2315.3
exp_20260729T142615Z_78e41297,c3652ac3,crowd_subject_35,crowd_subject_35,crowd,user,no_ads,2,61,11.0,27419.69433799386,1785335798,
exp_20260729T142615Z_78e41297,c3652ac3,crowd_subject_35,crowd_subject_35,crowd,assistant,no_ads,3,661,106.0,,1785335941,2682.7
exp_20260729T142615Z_78e41297,c3652ac3,crowd_subject_35,crowd_subject_35,crowd,user,no_ads,3,36,6.0,137856.96435905993,1785335939,
exp_20260729T142615Z_78e41297,c3652ac3,crowd_subject_35,crowd_subject_35,crowd,assistant,no_ads,4,408,63.0,,1785335998,1990.1
exp_20260729T142615Z_78e41297,c3652ac3,crowd_subject_35,crowd_subject_35,crowd,user,no_ads,4,41,8.0,55085.50111949444,1785335996,
exp_20260730T163055Z_22dcd1a8,9bce1ecd,crowd_subject_36,crowd_subject_36,crowd,assistant,block_early,1,990,150.0,,1785429648,3059.9
exp_20260730T163055Z_22dcd1a8,9bce1ecd,crowd_subject_36,crowd_subject_36,crowd,user,block_early,1,654,111.0,,1785429644,
exp_20260730T163055Z_22dcd1a8,9bce1ecd,crowd_subject_36,crowd_subject_36,crowd,assistant,block_early,2,1661,254.0,,1785429864,4262.9
exp_20260730T163055Z_22dcd1a8,9bce1ecd,crowd_subject_36,crowd_subject_36,crowd,user,block_early,2,373,60.0,209705.01425117254,1785429857,
exp_20260730T163055Z_22dcd1a8,9bce1ecd,crowd_subject_36,crowd_subject_36,crowd,assistant,block_early,3,915,143.0,,1785430275,2855.6
exp_20260730T163055Z_22dcd1a8,9bce1ecd,crowd_subject_36,crowd_subject_36,crowd,user,block_early,3,324,59.0,407342.3138447106,1785430272,
exp_20260730T163055Z_22dcd1a8,9bce1ecd,crowd_subject_36,crowd_subject_36,crowd,assistant,block_early,4,1856,269.0,,1785430621,5372.2
exp_20260730T163055Z_22dcd1a8,9bce1ecd,crowd_subject_36,crowd_subject_36,crowd,user,block_early,4,559,112.0,341079.1390109807,1785430616,
exp_20260730T163055Z_22dcd1a8,9bce1ecd,crowd_subject_36,crowd_subject_36,crowd,assistant,block_late,1,1913,302.0,,1785431383,4994.5
exp_20260730T163055Z_22dcd1a8,9bce1ecd,crowd_subject_36,crowd_subject_36,crowd,user,block_late,1,753,144.0,,1785431378,
exp_20260730T163055Z_22dcd1a8,9bce1ecd,crowd_subject_36,crowd_subject_36,crowd,assistant,block_late,2,2017,356.0,,1785431778,5673.8
exp_20260730T163055Z_22dcd1a8,9bce1ecd,crowd_subject_36,crowd_subject_36,crowd,user,block_late,2,242,45.0,389390.875544399,1785431773,
exp_20260730T163055Z_22dcd1a8,9bce1ecd,crowd_subject_36,crowd_subject_36,crowd,assistant,block_late,3,2830,492.0,,1785432136,7147.3
exp_20260730T163055Z_22dcd1a8,9bce1ecd,crowd_subject_36,crowd_subject_36,crowd,user,block_late,3,472,90.0,350916.662234813,1785432129,
exp_20260730T163055Z_22dcd1a8,9bce1ecd,crowd_subject_36,crowd_subject_36,crowd,assistant,block_late,4,2826,475.0,,1785432595,7733.1
exp_20260730T163055Z_22dcd1a8,9bce1ecd,crowd_subject_36,crowd_subject_36,crowd,user,block_late,4,568,107.0,447949.8471021652,1785432584,
exp_20260730T163055Z_22dcd1a8,9bce1ecd,crowd_subject_36,crowd_subject_36,crowd,assistant,inline_early,1,3525,558.0,,1785435565,9762.6
exp_20260730T163055Z_22dcd1a8,9bce1ecd,crowd_subject_36,crowd_subject_36,crowd,user,inline_early,1,361,72.0,,1785435555,
exp_20260730T163055Z_22dcd1a8,9bce1ecd,crowd_subject_36,crowd_subject_36,crowd,assistant,inline_early,2,1796,284.0,,1785435824,4656.7
exp_20260730T163055Z_22dcd1a8,9bce1ecd,crowd_subject_36,crowd_subject_36,crowd,user,inline_early,2,53,8.0,251727.12758556008,1785435817,
exp_20260730T163055Z_22dcd1a8,9bce1ecd,crowd_subject_36,crowd_subject_36,crowd,assistant,inline_early,3,2391,386.0,,1785435865,7691.8
exp_20260730T163055Z_22dcd1a8,9bce1ecd,crowd_subject_36,crowd_subject_36,crowd,user,inline_early,3,81,14.0,32900.143997743726,1785435857,
exp_20260730T163055Z_22dcd1a8,9bce1ecd,crowd_subject_36,crowd_subject_36,crowd,assistant,inline_early,4,2728,438.0,,1785435892,8895.5
exp_20260730T163055Z_22dcd1a8,9bce1ecd,crowd_subject_36,crowd_subject_36,crowd,user,inline_early,4,19,3.0,17876.59732438624,1785435883,
exp_20260730T163055Z_22dcd1a8,9bce1ecd,crowd_subject_36,crowd_subject_36,crowd,assistant,inline_late,1,1202,173.0,,1785433467,3827.1
exp_20260730T163055Z_22dcd1a8,9bce1ecd,crowd_subject_36,crowd_subject_36,crowd,user,inline_late,1,590,111.0,,1785433463,
exp_20260730T163055Z_22dcd1a8,9bce1ecd,crowd_subject_36,crowd_subject_36,crowd,assistant,inline_late,2,1066,159.0,,1785433597,3217.2
exp_20260730T163055Z_22dcd1a8,9bce1ecd,crowd_subject_36,crowd_subject_36,crowd,user,inline_late,2,100,21.0,126507.20989704132,1785433593,
exp_20260730T163055Z_22dcd1a8,9bce1ecd,crowd_subject_36,crowd_subject_36,crowd,assistant,inline_late,3,1652,257.0,,1785433781,4184.7
exp_20260730T163055Z_22dcd1a8,9bce1ecd,crowd_subject_36,crowd_subject_36,crowd,user,inline_late,3,391,79.0,179720.85675783455,1785433776,
exp_20260730T163055Z_22dcd1a8,9bce1ecd,crowd_subject_36,crowd_subject_36,crowd,assistant,inline_late,4,2003,317.0,,1785433909,5378.4
exp_20260730T163055Z_22dcd1a8,9bce1ecd,crowd_subject_36,crowd_subject_36,crowd,user,inline_late,4,123,25.0,120132.2043929249,1785433901,
exp_20260730T163055Z_22dcd1a8,9bce1ecd,crowd_subject_36,crowd_subject_36,crowd,assistant,no_ads,1,430,66.0,,1785434488,2279.1
exp_20260730T163055Z_22dcd1a8,9bce1ecd,crowd_subject_36,crowd_subject_36,crowd,user,no_ads,1,228,42.0,,1785434486,
exp_20260730T163055Z_22dcd1a8,9bce1ecd,crowd_subject_36,crowd_subject_36,crowd,assistant,no_ads,2,356,55.0,,1785434559,1828.0
exp_20260730T163055Z_22dcd1a8,9bce1ecd,crowd_subject_36,crowd_subject_36,crowd,user,no_ads,2,92,19.0,68579.94274795055,1785434557,
exp_20260730T163055Z_22dcd1a8,9bce1ecd,crowd_subject_36,crowd_subject_36,crowd,assistant,no_ads,3,893,136.0,,1785435120,2925.7
exp_20260730T163055Z_22dcd1a8,9bce1ecd,crowd_subject_36,crowd_subject_36,crowd,user,no_ads,3,88,16.0,558411.8601512164,1785435117,
exp_20260730T163055Z_22dcd1a8,9bce1ecd,crowd_subject_36,crowd_subject_36,crowd,assistant,no_ads,4,104,18.0,,1785435189,1415.3
exp_20260730T163055Z_22dcd1a8,9bce1ecd,crowd_subject_36,crowd_subject_36,crowd,user,no_ads,4,10,2.0,67592.44287014008,1785435188,
exp_20260730T212540Z_463be665,4f36154d,crowd_subject_38,crowd_subject_38,crowd,assistant,block_early,1,615,85.0,,1785451559,2561.9
exp_20260730T212540Z_463be665,4f36154d,crowd_subject_38,crowd_subject_38,crowd,user,block_early,1,215,45.0,,1785451556,
exp_20260730T212540Z_463be665,4f36154d,crowd_subject_38,crowd_subject_38,crowd,assistant,block_early,2,438,69.0,,1785451589,2237.7
exp_20260730T212540Z_463be665,4f36154d,crowd_subject_38,crowd_subject_38,crowd,user,block_early,2,17,4.0,25235.055822879076,1785451584,
exp_20260730T212540Z_463be665,4f36154d,crowd_subject_38,crowd_subject_38,crowd,assistant,block_early,3,227,37.0,,1785451620,1523.2
exp_20260730T212540Z_463be665,4f36154d,crowd_subject_38,crowd_subject_38,crowd,user,block_early,3,30,5.0,29631.66542723775,1785451618,
exp_20260730T212540Z_463be665,4f36154d,crowd_subject_38,crowd_subject_38,crowd,assistant,block_early,4,423,68.0,,1785451644,2085.6
exp_20260730T212540Z_463be665,4f36154d,crowd_subject_38,crowd_subject_38,crowd,user,block_early,4,20,6.0,21824.727905914187,1785451642,
exp_20260730T212540Z_463be665,4f36154d,crowd_subject_38,crowd_subject_38,crowd,assistant,block_late,1,1013,148.0,,1785449109,3377.6
exp_20260730T212540Z_463be665,4f36154d,crowd_subject_38,crowd_subject_38,crowd,user,block_late,1,252,47.0,,1785449105,
exp_20260730T212540Z_463be665,4f36154d,crowd_subject_38,crowd_subject_38,crowd,assistant,block_late,2,820,128.0,,1785449306,2855.5
exp_20260730T212540Z_463be665,4f36154d,crowd_subject_38,crowd_subject_38,crowd,user,block_late,2,274,53.0,194092.01472252607,1785449303,
exp_20260730T212540Z_463be665,4f36154d,crowd_subject_38,crowd_subject_38,crowd,assistant,block_late,3,1399,216.0,,1785449390,3833.4
exp_20260730T212540Z_463be665,4f36154d,crowd_subject_38,crowd_subject_38,crowd,user,block_late,3,89,17.0,80357.09064081311,1785449386,
exp_20260730T212540Z_463be665,4f36154d,crowd_subject_38,crowd_subject_38,crowd,assistant,block_late,4,1095,179.0,,1785449508,3510.7
exp_20260730T212540Z_463be665,4f36154d,crowd_subject_38,crowd_subject_38,crowd,user,block_late,4,118,22.0,111086.14903129637,1785449501,
exp_20260730T212540Z_463be665,4f36154d,crowd_subject_38,crowd_subject_38,crowd,assistant,inline_early,1,1013,149.0,,1785450267,3237.1
exp_20260730T212540Z_463be665,4f36154d,crowd_subject_38,crowd_subject_38,crowd,user,inline_early,1,240,49.0,,1785450264,
exp_20260730T212540Z_463be665,4f36154d,crowd_subject_38,crowd_subject_38,crowd,assistant,inline_early,2,1063,170.0,,1785450507,3273.9
exp_20260730T212540Z_463be665,4f36154d,crowd_subject_38,crowd_subject_38,crowd,user,inline_early,2,404,83.0,234217.4259647727,1785450501,
exp_20260730T212540Z_463be665,4f36154d,crowd_subject_38,crowd_subject_38,crowd,assistant,inline_early,3,238,36.0,,1785450594,1903.3
exp_20260730T212540Z_463be665,4f36154d,crowd_subject_38,crowd_subject_38,crowd,user,inline_early,3,15,3.0,85260.11834479868,1785450592,
exp_20260730T212540Z_463be665,4f36154d,crowd_subject_38,crowd_subject_38,crowd,assistant,inline_early,4,695,112.0,,1785450630,2439.8
exp_20260730T212540Z_463be665,4f36154d,crowd_subject_38,crowd_subject_38,crowd,user,inline_early,4,35,6.0,33873.90660122037,1785450628,
exp_20260730T212540Z_463be665,4f36154d,crowd_subject_38,crowd_subject_38,crowd,assistant,inline_late,1,848,134.0,,1785447276,3029.9
exp_20260730T212540Z_463be665,4f36154d,crowd_subject_38,crowd_subject_38,crowd,user,inline_late,1,209,40.0,,1785447273,
exp_20260730T212540Z_463be665,4f36154d,crowd_subject_38,crowd_subject_38,crowd,assistant,inline_late,2,406,68.0,,1785447548,2199.0
exp_20260730T212540Z_463be665,4f36154d,crowd_subject_38,crowd_subject_38,crowd,user,inline_late,2,201,40.0,269716.2996046245,1785447546,
exp_20260730T212540Z_463be665,4f36154d,crowd_subject_38,crowd_subject_38,crowd,assistant,inline_late,3,248,43.0,,1785447614,1723.7
exp_20260730T212540Z_463be665,4f36154d,crowd_subject_38,crowd_subject_38,crowd,user,inline_late,3,46,9.0,64428.36085520685,1785447612,
exp_20260730T212540Z_463be665,4f36154d,crowd_subject_38,crowd_subject_38,crowd,assistant,inline_late,4,320,47.0,,1785447656,2141.9
exp_20260730T212540Z_463be665,4f36154d,crowd_subject_38,crowd_subject_38,crowd,user,inline_late,4,29,6.0,36870.61012536287,1785447651,
exp_20260730T212540Z_463be665,4f36154d,crowd_subject_38,crowd_subject_38,crowd,assistant,no_ads,1,2023,337.0,,1785448309,6876.4
exp_20260730T212540Z_463be665,4f36154d,crowd_subject_38,crowd_subject_38,crowd,user,no_ads,1,249,52.0,,1785448302,
exp_20260730T212540Z_463be665,4f36154d,crowd_subject_38,crowd_subject_38,crowd,assistant,no_ads,2,2543,408.0,,1785448484,7260.7
exp_20260730T212540Z_463be665,4f36154d,crowd_subject_38,crowd_subject_38,crowd,user,no_ads,2,177,33.0,167267.66953617334,1785448477,
exp_20260730T212540Z_463be665,4f36154d,crowd_subject_38,crowd_subject_38,crowd,assistant,no_ads,3,2112,338.0,,1785448621,6105.9
exp_20260730T212540Z_463be665,4f36154d,crowd_subject_38,crowd_subject_38,crowd,user,no_ads,3,147,31.0,130352.12073475122,1785448614,
exp_20260730T212540Z_463be665,4f36154d,crowd_subject_38,crowd_subject_38,crowd,assistant,no_ads,4,453,69.0,,1785448667,2501.3
exp_20260730T212540Z_463be665,4f36154d,crowd_subject_38,crowd_subject_38,crowd,user,no_ads,4,42,7.0,43747.680336236954,1785448664,
exp_20260713T151222Z_cb87f81c,d12f0112,crowd_subject_4,crowd_subject_4,crowd,assistant,block_early,1,512,76.0,,1783955701,2518.7
exp_20260713T151222Z_cb87f81c,d12f0112,crowd_subject_4,crowd_subject_4,crowd,user,block_early,1,72,15.0,,1783955699,
exp_20260713T151222Z_cb87f81c,d12f0112,crowd_subject_4,crowd_subject_4,crowd,assistant,block_early,2,1408,196.0,,1783955788,4123.6
exp_20260713T151222Z_cb87f81c,d12f0112,crowd_subject_4,crowd_subject_4,crowd,user,block_early,2,178,39.0,78511.66832819581,1783955780,
exp_20260713T151222Z_cb87f81c,d12f0112,crowd_subject_4,crowd_subject_4,crowd,assistant,block_early,3,1522,229.0,,1783955878,4350.1
exp_20260713T151222Z_cb87f81c,d12f0112,crowd_subject_4,crowd_subject_4,crowd,user,block_early,3,107,19.0,85293.57408359647,1783955873,
exp_20260713T151222Z_cb87f81c,d12f0112,crowd_subject_4,crowd_subject_4,crowd,assistant,block_early,4,1512,218.0,,1783955994,4249.3
exp_20260713T151222Z_cb87f81c,d12f0112,crowd_subject_4,crowd_subject_4,crowd,user,block_early,4,153,27.0,112294.60134916008,1783955990,
exp_20260713T151222Z_cb87f81c,d12f0112,crowd_subject_4,crowd_subject_4,crowd,assistant,block_late,1,400,62.0,,1783956494,2374.6
exp_20260713T151222Z_cb87f81c,d12f0112,crowd_subject_4,crowd_subject_4,crowd,user,block_late,1,109,22.0,,1783956492,
exp_20260713T151222Z_cb87f81c,d12f0112,crowd_subject_4,crowd_subject_4,crowd,assistant,block_late,2,705,95.0,,1783956537,3082.1
exp_20260713T151222Z_cb87f81c,d12f0112,crowd_subject_4,crowd_subject_4,crowd,user,block_late,2,70,15.0,39909.508215263486,1783956534,
exp_20260713T151222Z_cb87f81c,d12f0112,crowd_subject_4,crowd_subject_4,crowd,assistant,block_late,3,1231,185.0,,1783956626,4191.3
exp_20260713T151222Z_cb87f81c,d12f0112,crowd_subject_4,crowd_subject_4,crowd,user,block_late,3,143,26.0,84538.40853832662,1783956622,
exp_20260713T151222Z_cb87f81c,d12f0112,crowd_subject_4,crowd_subject_4,crowd,assistant,block_late,4,581,91.0,,1783956660,2886.1
exp_20260713T151222Z_cb87f81c,d12f0112,crowd_subject_4,crowd_subject_4,crowd,user,block_late,4,4,1.0,24917.226016521454,1783956651,
exp_20260713T151222Z_cb87f81c,d12f0112,crowd_subject_4,crowd_subject_4,crowd,assistant,inline_early,1,427,63.0,,1783956805,2295.9
exp_20260713T151222Z_cb87f81c,d12f0112,crowd_subject_4,crowd_subject_4,crowd,user,inline_early,1,355,59.0,,1783956803,
exp_20260713T151222Z_cb87f81c,d12f0112,crowd_subject_4,crowd_subject_4,crowd,assistant,inline_early,2,358,57.0,,1783956826,1911.0
exp_20260713T151222Z_cb87f81c,d12f0112,crowd_subject_4,crowd_subject_4,crowd,user,inline_early,2,8,1.0,13468.243815004826,1783956819,
exp_20260713T151222Z_cb87f81c,d12f0112,crowd_subject_4,crowd_subject_4,crowd,assistant,inline_early,3,1197,177.0,,1783956898,3831.5
exp_20260713T151222Z_cb87f81c,d12f0112,crowd_subject_4,crowd_subject_4,crowd,user,inline_early,3,89,15.0,68359.00744050741,1783956894,
exp_20260713T151222Z_cb87f81c,d12f0112,crowd_subject_4,crowd_subject_4,crowd,assistant,inline_early,4,628,94.0,,1783956913,2683.7
exp_20260713T151222Z_cb87f81c,d12f0112,crowd_subject_4,crowd_subject_4,crowd,user,inline_early,4,11,3.0,12091.878475621343,1783956910,
exp_20260713T151222Z_cb87f81c,d12f0112,crowd_subject_4,crowd_subject_4,crowd,assistant,inline_late,1,1607,231.0,,1783957475,4310.3
exp_20260713T151222Z_cb87f81c,d12f0112,crowd_subject_4,crowd_subject_4,crowd,user,inline_late,1,525,80.0,,1783957470,
exp_20260713T151222Z_cb87f81c,d12f0112,crowd_subject_4,crowd_subject_4,crowd,assistant,inline_late,2,1682,272.0,,1783957524,4457.8
exp_20260713T151222Z_cb87f81c,d12f0112,crowd_subject_4,crowd_subject_4,crowd,user,inline_late,2,24,6.0,44745.693031698465,1783957519,
exp_20260713T151222Z_cb87f81c,d12f0112,crowd_subject_4,crowd_subject_4,crowd,assistant,inline_late,3,2235,365.0,,1783957576,6199.5
exp_20260713T151222Z_cb87f81c,d12f0112,crowd_subject_4,crowd_subject_4,crowd,user,inline_late,3,76,12.0,45747.473353520036,1783957570,
exp_20260713T151222Z_cb87f81c,d12f0112,crowd_subject_4,crowd_subject_4,crowd,assistant,inline_late,4,1289,192.0,,1783957613,3908.4
exp_20260713T151222Z_cb87f81c,d12f0112,crowd_subject_4,crowd_subject_4,crowd,user,inline_late,4,28,5.0,27257.868979126215,1783957603,
exp_20260713T151222Z_cb87f81c,d12f0112,crowd_subject_4,crowd_subject_4,crowd,assistant,no_ads,1,932,134.0,,1783957153,3735.3
exp_20260713T151222Z_cb87f81c,d12f0112,crowd_subject_4,crowd_subject_4,crowd,user,no_ads,1,297,48.0,,1783957149,
exp_20260713T151222Z_cb87f81c,d12f0112,crowd_subject_4,crowd_subject_4,crowd,assistant,no_ads,2,4897,744.0,,1783957175,14249.2
exp_20260713T151222Z_cb87f81c,d12f0112,crowd_subject_4,crowd_subject_4,crowd,user,no_ads,2,155,25.0,7975.104056298733,1783957161,
exp_20260713T151222Z_cb87f81c,d12f0112,crowd_subject_4,crowd_subject_4,crowd,assistant,no_ads,3,1905,315.0,,1783957268,6254.7
exp_20260713T151222Z_cb87f81c,d12f0112,crowd_subject_4,crowd_subject_4,crowd,user,no_ads,3,47,11.0,85908.1188030541,1783957261,
exp_20260713T151222Z_cb87f81c,d12f0112,crowd_subject_4,crowd_subject_4,crowd,assistant,no_ads,4,2088,342.0,,1783957312,6940.6
exp_20260713T151222Z_cb87f81c,d12f0112,crowd_subject_4,crowd_subject_4,crowd,user,no_ads,4,20,5.0,37478.91145013273,1783957305,
exp_20260731T134104Z_0ec19ace,9f9b6ad8,crowd_subject_40,crowd_subject_40,crowd,assistant,block_early,1,583,79.0,,1785505793,2470.3
exp_20260731T134104Z_0ec19ace,9f9b6ad8,crowd_subject_40,crowd_subject_40,crowd,user,block_early,1,74,16.0,,1785505791,
exp_20260731T134104Z_0ec19ace,9f9b6ad8,crowd_subject_40,crowd_subject_40,crowd,assistant,block_early,2,398,70.0,,1785505817,1983.5
exp_20260731T134104Z_0ec19ace,9f9b6ad8,crowd_subject_40,crowd_subject_40,crowd,user,block_early,2,67,15.0,19366.35239981115,1785505813,
exp_20260731T134104Z_0ec19ace,9f9b6ad8,crowd_subject_40,crowd_subject_40,crowd,assistant,block_early,3,429,65.0,,1785505848,2368.2
exp_20260731T134104Z_0ec19ace,9f9b6ad8,crowd_subject_40,crowd_subject_40,crowd,user,block_early,3,17,3.0,28550.582913681865,1785505846,
exp_20260731T134104Z_0ec19ace,9f9b6ad8,crowd_subject_40,crowd_subject_40,crowd,assistant,block_early,4,585,98.0,,1785505883,2504.4
exp_20260731T134104Z_0ec19ace,9f9b6ad8,crowd_subject_40,crowd_subject_40,crowd,user,block_early,4,34,7.0,31901.902420446277,1785505880,
exp_20260731T134104Z_0ec19ace,9f9b6ad8,crowd_subject_40,crowd_subject_40,crowd,assistant,block_late,1,2130,349.0,,1785506413,7441.7
exp_20260731T134104Z_0ec19ace,9f9b6ad8,crowd_subject_40,crowd_subject_40,crowd,user,block_late,1,108,22.0,,1785506406,
exp_20260731T134104Z_0ec19ace,9f9b6ad8,crowd_subject_40,crowd_subject_40,crowd,assistant,block_late,2,2767,418.0,,1785506461,8535.7
exp_20260731T134104Z_0ec19ace,9f9b6ad8,crowd_subject_40,crowd_subject_40,crowd,user,block_late,2,47,7.0,39596.95612825453,1785506453,
exp_20260731T134104Z_0ec19ace,9f9b6ad8,crowd_subject_40,crowd_subject_40,crowd,assistant,block_late,3,2829,431.0,,1785506520,7507.1
exp_20260731T134104Z_0ec19ace,9f9b6ad8,crowd_subject_40,crowd_subject_40,crowd,user,block_late,3,65,10.0,51227.36862488091,1785506513,
exp_20260731T134104Z_0ec19ace,9f9b6ad8,crowd_subject_40,crowd_subject_40,crowd,assistant,block_late,4,3422,518.0,,1785506584,9505.4
exp_20260731T134104Z_0ec19ace,9f9b6ad8,crowd_subject_40,crowd_subject_40,crowd,user,block_late,4,53,9.0,50765.638610348105,1785506571,
exp_20260731T134104Z_0ec19ace,9f9b6ad8,crowd_subject_40,crowd_subject_40,crowd,assistant,inline_early,1,124,21.0,,1785506108,1468.7
exp_20260731T134104Z_0ec19ace,9f9b6ad8,crowd_subject_40,crowd_subject_40,crowd,user,inline_early,1,108,22.0,,1785506107,
exp_20260731T134104Z_0ec19ace,9f9b6ad8,crowd_subject_40,crowd_subject_40,crowd,assistant,inline_early,2,326,54.0,,1785506147,1790.5
exp_20260731T134104Z_0ec19ace,9f9b6ad8,crowd_subject_40,crowd_subject_40,crowd,user,inline_early,2,62,9.0,34343.11203658581,1785506143,
exp_20260731T134104Z_0ec19ace,9f9b6ad8,crowd_subject_40,crowd_subject_40,crowd,assistant,inline_early,3,201,33.0,,1785506182,1617.7
exp_20260731T134104Z_0ec19ace,9f9b6ad8,crowd_subject_40,crowd_subject_40,crowd,user,inline_early,3,37,6.0,32901.368057355285,1785506180,
exp_20260731T134104Z_0ec19ace,9f9b6ad8,crowd_subject_40,crowd_subject_40,crowd,assistant,inline_early,4,191,32.0,,1785506203,1559.9
exp_20260731T134104Z_0ec19ace,9f9b6ad8,crowd_subject_40,crowd_subject_40,crowd,user,inline_early,4,33,4.0,19573.861945420504,1785506201,
exp_20260731T134104Z_0ec19ace,9f9b6ad8,crowd_subject_40,crowd_subject_40,crowd,assistant,inline_late,1,772,113.0,,1785506763,2915.7
exp_20260731T134104Z_0ec19ace,9f9b6ad8,crowd_subject_40,crowd_subject_40,crowd,user,inline_late,1,46,10.0,,1785506760,
exp_20260731T134104Z_0ec19ace,9f9b6ad8,crowd_subject_40,crowd_subject_40,crowd,assistant,inline_late,2,1076,174.0,,1785506809,3318.4
exp_20260731T134104Z_0ec19ace,9f9b6ad8,crowd_subject_40,crowd_subject_40,crowd,user,inline_late,2,92,16.0,42931.28629773855,1785506806,
exp_20260731T134104Z_0ec19ace,9f9b6ad8,crowd_subject_40,crowd_subject_40,crowd,assistant,inline_late,3,1086,162.0,,1785506820,3244.3
exp_20260731T134104Z_0ec19ace,9f9b6ad8,crowd_subject_40,crowd_subject_40,crowd,user,inline_late,3,18,3.0,7929.101686924696,1785506817,
exp_20260731T134104Z_0ec19ace,9f9b6ad8,crowd_subject_40,crowd_subject_40,crowd,assistant,inline_late,4,454,69.0,,1785506849,2303.2
exp_20260731T134104Z_0ec19ace,9f9b6ad8,crowd_subject_40,crowd_subject_40,crowd,user,inline_late,4,66,10.0,23326.665883883834,1785506844,
exp_20260731T134104Z_0ec19ace,9f9b6ad8,crowd_subject_40,crowd_subject_40,crowd,assistant,no_ads,1,377,62.0,,1785505404,2239.6
exp_20260731T134104Z_0ec19ace,9f9b6ad8,crowd_subject_40,crowd_subject_40,crowd,user,no_ads,1,163,31.0,,1785505402,
exp_20260731T134104Z_0ec19ace,9f9b6ad8,crowd_subject_40,crowd_subject_40,crowd,assistant,no_ads,2,363,55.0,,1785505440,2018.2
exp_20260731T134104Z_0ec19ace,9f9b6ad8,crowd_subject_40,crowd_subject_40,crowd,user,no_ads,2,63,14.0,33727.82986611128,1785505438,
exp_20260731T134104Z_0ec19ace,9f9b6ad8,crowd_subject_40,crowd_subject_40,crowd,assistant,no_ads,3,330,49.0,,1785505459,1763.5
exp_20260731T134104Z_0ec19ace,9f9b6ad8,crowd_subject_40,crowd_subject_40,crowd,user,no_ads,3,17,4.0,17687.93028406799,1785505458,
exp_20260731T134104Z_0ec19ace,9f9b6ad8,crowd_subject_40,crowd_subject_40,crowd,assistant,no_ads,4,455,80.0,,1785505495,2356.4
exp_20260731T134104Z_0ec19ace,9f9b6ad8,crowd_subject_40,crowd_subject_40,crowd,user,no_ads,4,67,13.0,32824.81437921524,1785505492,
exp_20260731T183947Z_18e35b4f,7901e211,crowd_subject_42,crowd_subject_42,crowd,assistant,block_early,1,1127,174.0,,1785524949,4700.6
exp_20260731T183947Z_18e35b4f,7901e211,crowd_subject_42,crowd_subject_42,crowd,user,block_early,1,97,22.0,,1785524944,
exp_20260731T183947Z_18e35b4f,7901e211,crowd_subject_42,crowd_subject_42,crowd,assistant,block_early,2,1310,200.0,,1785525001,4560.9
exp_20260731T183947Z_18e35b4f,7901e211,crowd_subject_42,crowd_subject_42,crowd,user,block_early,2,29,5.0,44027.93230116367,1785524993,
exp_20260731T183947Z_18e35b4f,7901e211,crowd_subject_42,crowd_subject_42,crowd,assistant,block_early,3,1131,179.0,,1785525021,4167.8
exp_20260731T183947Z_18e35b4f,7901e211,crowd_subject_42,crowd_subject_42,crowd,user,block_early,3,32,5.0,15895.224904641509,1785525017,
exp_20260731T183947Z_18e35b4f,7901e211,crowd_subject_42,crowd_subject_42,crowd,assistant,block_early,4,575,93.0,,1785525041,2875.6
exp_20260731T183947Z_18e35b4f,7901e211,crowd_subject_42,crowd_subject_42,crowd,user,block_early,4,30,6.0,17219.306709244847,1785525038,
exp_20260731T183947Z_18e35b4f,7901e211,crowd_subject_42,crowd_subject_42,crowd,assistant,block_late,1,1044,156.0,,1785523418,3261.3
exp_20260731T183947Z_18e35b4f,7901e211,crowd_subject_42,crowd_subject_42,crowd,user,block_late,1,121,23.0,,1785523415,
exp_20260731T183947Z_18e35b4f,7901e211,crowd_subject_42,crowd_subject_42,crowd,assistant,block_late,2,2047,305.0,,1785523435,6249.9
exp_20260731T183947Z_18e35b4f,7901e211,crowd_subject_42,crowd_subject_42,crowd,user,block_late,2,18,4.0,10425.555136054754,1785523428,
exp_20260731T183947Z_18e35b4f,7901e211,crowd_subject_42,crowd_subject_42,crowd,assistant,block_late,3,2051,325.0,,1785523521,6486.0
exp_20260731T183947Z_18e35b4f,7901e211,crowd_subject_42,crowd_subject_42,crowd,user,block_late,3,49,9.0,79700.45320130885,1785523514,
exp_20260731T183947Z_18e35b4f,7901e211,crowd_subject_42,crowd_subject_42,crowd,assistant,block_late,4,1202,183.0,,1785523555,4301.3
exp_20260731T183947Z_18e35b4f,7901e211,crowd_subject_42,crowd_subject_42,crowd,user,block_late,4,41,8.0,26822.074314579368,1785523548,
exp_20260731T183947Z_18e35b4f,7901e211,crowd_subject_42,crowd_subject_42,crowd,assistant,inline_early,1,374,57.0,,1785524529,2101.9
exp_20260731T183947Z_18e35b4f,7901e211,crowd_subject_42,crowd_subject_42,crowd,user,inline_early,1,125,30.0,,1785524526,
exp_20260731T183947Z_18e35b4f,7901e211,crowd_subject_42,crowd_subject_42,crowd,assistant,inline_early,2,249,40.0,,1785524641,1881.5
exp_20260731T183947Z_18e35b4f,7901e211,crowd_subject_42,crowd_subject_42,crowd,user,inline_early,2,22,4.0,108365.50004966557,1785524637,
exp_20260731T183947Z_18e35b4f,7901e211,crowd_subject_42,crowd_subject_42,crowd,assistant,inline_early,3,460,71.0,,1785524653,2193.1
exp_20260731T183947Z_18e35b4f,7901e211,crowd_subject_42,crowd_subject_42,crowd,user,inline_early,3,27,6.0,9025.566831231117,1785524650,
exp_20260731T183947Z_18e35b4f,7901e211,crowd_subject_42,crowd_subject_42,crowd,assistant,inline_early,4,490,81.0,,1785524686,2178.5
exp_20260731T183947Z_18e35b4f,7901e211,crowd_subject_42,crowd_subject_42,crowd,user,inline_early,4,44,10.0,30682.716213166714,1785524683,
exp_20260731T183947Z_18e35b4f,7901e211,crowd_subject_42,crowd_subject_42,crowd,assistant,inline_late,1,320,46.0,,1785523848,2040.2
exp_20260731T183947Z_18e35b4f,7901e211,crowd_subject_42,crowd_subject_42,crowd,user,inline_late,1,106,22.0,,1785523846,
exp_20260731T183947Z_18e35b4f,7901e211,crowd_subject_42,crowd_subject_42,crowd,assistant,inline_late,2,377,55.0,,1785523929,1977.3
exp_20260731T183947Z_18e35b4f,7901e211,crowd_subject_42,crowd_subject_42,crowd,user,inline_late,2,76,15.0,79528.0486959964,1785523927,
exp_20260731T183947Z_18e35b4f,7901e211,crowd_subject_42,crowd_subject_42,crowd,assistant,inline_late,3,302,41.0,,1785523960,1722.6
exp_20260731T183947Z_18e35b4f,7901e211,crowd_subject_42,crowd_subject_42,crowd,user,inline_late,3,23,4.0,29129.343831911683,1785523958,
exp_20260731T183947Z_18e35b4f,7901e211,crowd_subject_42,crowd_subject_42,crowd,assistant,inline_late,4,493,77.0,,1785523987,2138.2
exp_20260731T183947Z_18e35b4f,7901e211,crowd_subject_42,crowd_subject_42,crowd,user,inline_late,4,21,5.0,21388.07202875614,1785523981,
exp_20260731T183947Z_18e35b4f,7901e211,crowd_subject_42,crowd_subject_42,crowd,assistant,no_ads,1,489,75.0,,1785524295,2395.0
exp_20260731T183947Z_18e35b4f,7901e211,crowd_subject_42,crowd_subject_42,crowd,user,no_ads,1,124,25.0,,1785524293,
exp_20260731T183947Z_18e35b4f,7901e211,crowd_subject_42,crowd_subject_42,crowd,assistant,no_ads,2,356,63.0,,1785524321,2019.0
exp_20260731T183947Z_18e35b4f,7901e211,crowd_subject_42,crowd_subject_42,crowd,user,no_ads,2,28,8.0,23034.28159467876,1785524318,
exp_20260731T183947Z_18e35b4f,7901e211,crowd_subject_42,crowd_subject_42,crowd,assistant,no_ads,3,607,99.0,,1785524353,2678.4
exp_20260731T183947Z_18e35b4f,7901e211,crowd_subject_42,crowd_subject_42,crowd,user,no_ads,3,50,11.0,29321.139788255095,1785524350,
exp_20260731T183947Z_18e35b4f,7901e211,crowd_subject_42,crowd_subject_42,crowd,assistant,no_ads,4,430,70.0,,1785524371,2168.5
exp_20260731T183947Z_18e35b4f,7901e211,crowd_subject_42,crowd_subject_42,crowd,user,no_ads,4,33,6.0,16432.6992649585,1785524369,
exp_20260801T205336Z_41461036,1864e3c7,crowd_subject_43,crowd_subject_43,crowd,assistant,block_early,1,429,63.0,,1785621235,2282.4
exp_20260801T205336Z_41461036,1864e3c7,crowd_subject_43,crowd_subject_43,crowd,user,block_early,1,218,40.0,,1785621232,
exp_20260801T205336Z_41461036,1864e3c7,crowd_subject_43,crowd_subject_43,crowd,assistant,block_early,2,285,51.0,,1785621291,1808.9
exp_20260801T205336Z_41461036,1864e3c7,crowd_subject_43,crowd_subject_43,crowd,user,block_early,2,48,11.0,51847.51891717315,1785621287,
exp_20260801T205336Z_41461036,1864e3c7,crowd_subject_43,crowd_subject_43,crowd,assistant,block_early,3,630,99.0,,1785621361,2448.2
exp_20260801T205336Z_41461036,1864e3c7,crowd_subject_43,crowd_subject_43,crowd,user,block_early,3,103,18.0,67798.61659184098,1785621359,
exp_20260801T205336Z_41461036,1864e3c7,crowd_subject_43,crowd_subject_43,crowd,assistant,block_early,4,277,41.0,,1785621448,1635.5
exp_20260801T205336Z_41461036,1864e3c7,crowd_subject_43,crowd_subject_43,crowd,user,block_early,4,86,17.0,85233.30577090383,1785621446,
exp_20260801T205336Z_41461036,1864e3c7,crowd_subject_43,crowd_subject_43,crowd,assistant,block_late,1,906,148.0,,1785618380,3072.9
exp_20260801T205336Z_41461036,1864e3c7,crowd_subject_43,crowd_subject_43,crowd,user,block_late,1,80,17.0,,1785618377,
exp_20260801T205336Z_41461036,1864e3c7,crowd_subject_43,crowd_subject_43,crowd,assistant,block_late,2,792,115.0,,1785618488,2763.4
exp_20260801T205336Z_41461036,1864e3c7,crowd_subject_43,crowd_subject_43,crowd,user,block_late,2,147,31.0,105355.83764314651,1785618485,
exp_20260801T205336Z_41461036,1864e3c7,crowd_subject_43,crowd_subject_43,crowd,assistant,block_late,3,892,132.0,,1785618628,2781.8
exp_20260801T205336Z_41461036,1864e3c7,crowd_subject_43,crowd_subject_43,crowd,user,block_late,3,143,28.0,136773.39581213892,1785618625,
exp_20260801T205336Z_41461036,1864e3c7,crowd_subject_43,crowd_subject_43,crowd,assistant,block_late,4,835,125.0,,1785618765,2724.1
exp_20260801T205336Z_41461036,1864e3c7,crowd_subject_43,crowd_subject_43,crowd,user,block_late,4,140,25.0,132219.08919140697,1785618760,
exp_20260801T205336Z_41461036,1864e3c7,crowd_subject_43,crowd_subject_43,crowd,assistant,inline_early,1,681,101.0,,1785619546,2945.3
exp_20260801T205336Z_41461036,1864e3c7,crowd_subject_43,crowd_subject_43,crowd,user,inline_early,1,252,49.0,,1785619543,
exp_20260801T205336Z_41461036,1864e3c7,crowd_subject_43,crowd_subject_43,crowd,assistant,inline_early,2,510,79.0,,1785619637,2149.4
exp_20260801T205336Z_41461036,1864e3c7,crowd_subject_43,crowd_subject_43,crowd,user,inline_early,2,89,20.0,86191.20643474162,1785619632,
exp_20260801T205336Z_41461036,1864e3c7,crowd_subject_43,crowd_subject_43,crowd,assistant,inline_early,3,553,89.0,,1785619723,2603.3
exp_20260801T205336Z_41461036,1864e3c7,crowd_subject_43,crowd_subject_43,crowd,user,inline_early,3,84,18.0,84038.10143470764,1785619721,
exp_20260801T205336Z_41461036,1864e3c7,crowd_subject_43,crowd_subject_43,crowd,assistant,inline_early,4,145,24.0,,1785619770,1449.0
exp_20260801T205336Z_41461036,1864e3c7,crowd_subject_43,crowd_subject_43,crowd,user,inline_early,4,17,3.0,45046.030366793275,1785619768,
exp_20260801T205336Z_41461036,1864e3c7,crowd_subject_43,crowd_subject_43,crowd,assistant,inline_late,1,2754,440.0,,1785622023,8577.4
exp_20260801T205336Z_41461036,1864e3c7,crowd_subject_43,crowd_subject_43,crowd,user,inline_late,1,158,32.0,,1785622014,
exp_20260801T205336Z_41461036,1864e3c7,crowd_subject_43,crowd_subject_43,crowd,assistant,inline_late,2,2563,432.0,,1785622135,7999.6
exp_20260801T205336Z_41461036,1864e3c7,crowd_subject_43,crowd_subject_43,crowd,user,inline_late,2,31,6.0,103861.4474311471,1785622127,
exp_20260801T205336Z_41461036,1864e3c7,crowd_subject_43,crowd_subject_43,crowd,assistant,inline_late,3,2009,332.0,,1785622180,6639.0
exp_20260801T205336Z_41461036,1864e3c7,crowd_subject_43,crowd_subject_43,crowd,user,inline_late,3,33,7.0,38488.5592982173,1785622173,
exp_20260801T205336Z_41461036,1864e3c7,crowd_subject_43,crowd_subject_43,crowd,assistant,inline_late,4,180,29.0,,1785622245,2305.6
exp_20260801T205336Z_41461036,1864e3c7,crowd_subject_43,crowd_subject_43,crowd,user,inline_late,4,9,2.0,59300.96828378737,1785622239,
exp_20260801T205336Z_41461036,1864e3c7,crowd_subject_43,crowd_subject_43,crowd,assistant,no_ads,1,1951,275.0,,1785620270,6238.2
exp_20260801T205336Z_41461036,1864e3c7,crowd_subject_43,crowd_subject_43,crowd,user,no_ads,1,186,42.0,,1785620264,
exp_20260801T205336Z_41461036,1864e3c7,crowd_subject_43,crowd_subject_43,crowd,assistant,no_ads,2,639,94.0,,1785620549,2905.1
exp_20260801T205336Z_41461036,1864e3c7,crowd_subject_43,crowd_subject_43,crowd,user,no_ads,2,97,20.0,275556.21489696205,1785620546,
exp_20260801T205336Z_41461036,1864e3c7,crowd_subject_43,crowd_subject_43,crowd,assistant,no_ads,3,465,78.0,,1785620607,2340.7
exp_20260801T205336Z_41461036,1864e3c7,crowd_subject_43,crowd_subject_43,crowd,user,no_ads,3,45,10.0,56064.955899491906,1785620605,
exp_20260801T205336Z_41461036,1864e3c7,crowd_subject_43,crowd_subject_43,crowd,assistant,no_ads,4,694,116.0,,1785620627,2992.0
exp_20260801T205336Z_41461036,1864e3c7,crowd_subject_43,crowd_subject_43,crowd,user,no_ads,4,3,1.0,16026.84940956533,1785620623,
exp_20260802T082427Z_c7b49db4,7c513cb4,crowd_subject_44,crowd_subject_44,crowd,assistant,block_early,1,856,138.0,,1785660590,3024.0
exp_20260802T082427Z_c7b49db4,7c513cb4,crowd_subject_44,crowd_subject_44,crowd,user,block_early,1,169,31.0,,1785660587,
exp_20260802T082427Z_c7b49db4,7c513cb4,crowd_subject_44,crowd_subject_44,crowd,assistant,block_early,2,802,109.0,,1785660628,3002.7
exp_20260802T082427Z_c7b49db4,7c513cb4,crowd_subject_44,crowd_subject_44,crowd,user,block_early,2,53,9.0,32634.75406356156,1785660623,
exp_20260802T082427Z_c7b49db4,7c513cb4,crowd_subject_44,crowd_subject_44,crowd,assistant,block_early,3,1201,179.0,,1785660699,3854.3
exp_20260802T082427Z_c7b49db4,7c513cb4,crowd_subject_44,crowd_subject_44,crowd,user,block_early,3,131,26.0,67308.37999843061,1785660695,
exp_20260802T082427Z_c7b49db4,7c513cb4,crowd_subject_44,crowd_subject_44,crowd,assistant,block_early,4,1194,179.0,,1785660778,3956.2
exp_20260802T082427Z_c7b49db4,7c513cb4,crowd_subject_44,crowd_subject_44,crowd,user,block_early,4,42,8.0,75216.77247993648,1785660774,
exp_20260802T082427Z_c7b49db4,7c513cb4,crowd_subject_44,crowd_subject_44,crowd,assistant,block_late,1,322,49.0,,1785659591,1905.7
exp_20260802T082427Z_c7b49db4,7c513cb4,crowd_subject_44,crowd_subject_44,crowd,user,block_late,1,154,27.0,,1785659589,
exp_20260802T082427Z_c7b49db4,7c513cb4,crowd_subject_44,crowd_subject_44,crowd,assistant,block_late,2,317,43.0,,1785659865,1619.2
exp_20260802T082427Z_c7b49db4,7c513cb4,crowd_subject_44,crowd_subject_44,crowd,user,block_late,2,39,8.0,271660.66459566355,1785659863,
exp_20260802T082427Z_c7b49db4,7c513cb4,crowd_subject_44,crowd_subject_44,crowd,assistant,block_late,3,252,33.0,,1785659892,1567.7
exp_20260802T082427Z_c7b49db4,7c513cb4,crowd_subject_44,crowd_subject_44,crowd,user,block_late,3,34,6.0,25389.813613146544,1785659890,
exp_20260802T082427Z_c7b49db4,7c513cb4,crowd_subject_44,crowd_subject_44,crowd,assistant,block_late,4,370,60.0,,1785659910,2047.5
exp_20260802T082427Z_c7b49db4,7c513cb4,crowd_subject_44,crowd_subject_44,crowd,user,block_late,4,60,10.0,13826.27310231328,1785659905,
exp_20260802T082427Z_c7b49db4,7c513cb4,crowd_subject_44,crowd_subject_44,crowd,assistant,inline_early,1,748,110.0,,1785659246,2878.1
exp_20260802T082427Z_c7b49db4,7c513cb4,crowd_subject_44,crowd_subject_44,crowd,user,inline_early,1,170,35.0,,1785659244,
exp_20260802T082427Z_c7b49db4,7c513cb4,crowd_subject_44,crowd_subject_44,crowd,assistant,inline_early,2,750,123.0,,1785659281,2887.2
exp_20260802T082427Z_c7b49db4,7c513cb4,crowd_subject_44,crowd_subject_44,crowd,user,inline_early,2,88,19.0,29394.599394872785,1785659276,
exp_20260802T082427Z_c7b49db4,7c513cb4,crowd_subject_44,crowd_subject_44,crowd,assistant,inline_early,3,414,65.0,,1785659314,2410.5
exp_20260802T082427Z_c7b49db4,7c513cb4,crowd_subject_44,crowd_subject_44,crowd,user,inline_early,3,89,18.0,30694.5440210402,1785659312,
exp_20260802T082427Z_c7b49db4,7c513cb4,crowd_subject_44,crowd_subject_44,crowd,assistant,inline_early,4,494,81.0,,1785659413,2147.9
exp_20260802T082427Z_c7b49db4,7c513cb4,crowd_subject_44,crowd_subject_44,crowd,user,inline_early,4,22,5.0,96041.23116284609,1785659410,
exp_20260802T082427Z_c7b49db4,7c513cb4,crowd_subject_44,crowd_subject_44,crowd,assistant,inline_late,1,1285,203.0,,1785660173,4425.7
exp_20260802T082427Z_c7b49db4,7c513cb4,crowd_subject_44,crowd_subject_44,crowd,user,inline_late,1,149,27.0,,1785660169,
exp_20260802T082427Z_c7b49db4,7c513cb4,crowd_subject_44,crowd_subject_44,crowd,assistant,inline_late,2,1148,171.0,,1785660318,3734.7
exp_20260802T082427Z_c7b49db4,7c513cb4,crowd_subject_44,crowd_subject_44,crowd,user,inline_late,2,74,13.0,140763.14446143806,1785660314,
exp_20260802T082427Z_c7b49db4,7c513cb4,crowd_subject_44,crowd_subject_44,crowd,assistant,inline_late,3,1992,326.0,,1785660393,6102.2
exp_20260802T082427Z_c7b49db4,7c513cb4,crowd_subject_44,crowd_subject_44,crowd,user,inline_late,3,143,29.0,69108.1096213311,1785660387,
exp_20260802T082427Z_c7b49db4,7c513cb4,crowd_subject_44,crowd_subject_44,crowd,assistant,inline_late,4,2250,351.0,,1785660444,6712.5
exp_20260802T082427Z_c7b49db4,7c513cb4,crowd_subject_44,crowd_subject_44,crowd,user,inline_late,4,95,21.0,40490.60787074268,1785660433,
exp_20260802T082427Z_c7b49db4,7c513cb4,crowd_subject_44,crowd_subject_44,crowd,assistant,no_ads,1,876,135.0,,1785661012,3114.2
exp_20260802T082427Z_c7b49db4,7c513cb4,crowd_subject_44,crowd_subject_44,crowd,user,no_ads,1,250,46.0,,1785661009,
exp_20260802T082427Z_c7b49db4,7c513cb4,crowd_subject_44,crowd_subject_44,crowd,assistant,no_ads,2,1665,252.0,,1785661038,4664.7
exp_20260802T082427Z_c7b49db4,7c513cb4,crowd_subject_44,crowd_subject_44,crowd,user,no_ads,2,35,7.0,20704.882139340043,1785661033,
exp_20260802T082427Z_c7b49db4,7c513cb4,crowd_subject_44,crowd_subject_44,crowd,assistant,no_ads,3,1894,297.0,,1785661082,5267.8
exp_20260802T082427Z_c7b49db4,7c513cb4,crowd_subject_44,crowd_subject_44,crowd,user,no_ads,3,64,14.0,38653.614569455385,1785661076,
exp_20260802T082427Z_c7b49db4,7c513cb4,crowd_subject_44,crowd_subject_44,crowd,assistant,no_ads,4,1267,195.0,,1785661178,4634.1
exp_20260802T082427Z_c7b49db4,7c513cb4,crowd_subject_44,crowd_subject_44,crowd,user,no_ads,4,26,5.0,91874.18000400066,1785661174,
exp_20260713T160910Z_43c4deac,5b5c5067,crowd_subject_5_unfocused,crowd_subject_5_unfocused,crowd,assistant,block_early,1,1063,164.0,,1783960083,3340.1
exp_20260713T160910Z_43c4deac,5b5c5067,crowd_subject_5_unfocused,crowd_subject_5_unfocused,crowd,user,block_early,1,525,80.0,,1783960080,
exp_20260713T160910Z_43c4deac,5b5c5067,crowd_subject_5_unfocused,crowd_subject_5_unfocused,crowd,assistant,block_early,2,893,128.0,,1783960097,2720.7
exp_20260713T160910Z_43c4deac,5b5c5067,crowd_subject_5_unfocused,crowd_subject_5_unfocused,crowd,user,block_early,2,26,5.0,5768.6949875205755,1783960089,
exp_20260713T160910Z_43c4deac,5b5c5067,crowd_subject_5_unfocused,crowd_subject_5_unfocused,crowd,assistant,block_early,3,263,37.0,,1783960113,1580.0
exp_20260713T160910Z_43c4deac,5b5c5067,crowd_subject_5_unfocused,crowd_subject_5_unfocused,crowd,user,block_early,3,14,2.0,14991.905169561505,1783960112,
exp_20260713T160910Z_43c4deac,5b5c5067,crowd_subject_5_unfocused,crowd_subject_5_unfocused,crowd,assistant,block_early,4,717,110.0,,1783960127,2604.3
exp_20260713T160910Z_43c4deac,5b5c5067,crowd_subject_5_unfocused,crowd_subject_5_unfocused,crowd,user,block_early,4,28,5.0,10585.012212395668,1783960124,
exp_20260713T160910Z_43c4deac,5b5c5067,crowd_subject_5_unfocused,crowd_subject_5_unfocused,crowd,assistant,block_late,1,1051,156.0,,1783959081,3737.6
exp_20260713T160910Z_43c4deac,5b5c5067,crowd_subject_5_unfocused,crowd_subject_5_unfocused,crowd,user,block_late,1,309,63.0,,1783959077,
exp_20260713T160910Z_43c4deac,5b5c5067,crowd_subject_5_unfocused,crowd_subject_5_unfocused,crowd,assistant,block_late,2,444,72.0,,1783959092,2191.8
exp_20260713T160910Z_43c4deac,5b5c5067,crowd_subject_5_unfocused,crowd_subject_5_unfocused,crowd,user,block_late,2,54,13.0,9097.059255465865,1783959090,
exp_20260713T160910Z_43c4deac,5b5c5067,crowd_subject_5_unfocused,crowd_subject_5_unfocused,crowd,assistant,block_late,3,623,101.0,,1783959102,2520.6
exp_20260713T160910Z_43c4deac,5b5c5067,crowd_subject_5_unfocused,crowd_subject_5_unfocused,crowd,user,block_late,3,20,4.0,7181.258765980601,1783959099,
exp_20260713T160910Z_43c4deac,5b5c5067,crowd_subject_5_unfocused,crowd_subject_5_unfocused,crowd,assistant,block_late,4,464,68.0,,1783959120,2385.7
exp_20260713T160910Z_43c4deac,5b5c5067,crowd_subject_5_unfocused,crowd_subject_5_unfocused,crowd,user,block_late,4,46,9.0,9442.202685400844,1783959111,
exp_20260713T160910Z_43c4deac,5b5c5067,crowd_subject_5_unfocused,crowd_subject_5_unfocused,crowd,assistant,inline_early,1,1135,157.0,,1783959394,3577.2
exp_20260713T160910Z_43c4deac,5b5c5067,crowd_subject_5_unfocused,crowd_subject_5_unfocused,crowd,user,inline_early,1,476,77.0,,1783959391,
exp_20260713T160910Z_43c4deac,5b5c5067,crowd_subject_5_unfocused,crowd_subject_5_unfocused,crowd,assistant,inline_early,2,516,77.0,,1783959455,2185.4
exp_20260713T160910Z_43c4deac,5b5c5067,crowd_subject_5_unfocused,crowd_subject_5_unfocused,crowd,user,inline_early,2,67,13.0,52292.71302744746,1783959447,
exp_20260713T160910Z_43c4deac,5b5c5067,crowd_subject_5_unfocused,crowd_subject_5_unfocused,crowd,assistant,inline_early,3,165,25.0,,1783959468,1682.4
exp_20260713T160910Z_43c4deac,5b5c5067,crowd_subject_5_unfocused,crowd_subject_5_unfocused,crowd,user,inline_early,3,34,7.0,10840.767120942473,1783959466,
exp_20260713T160910Z_43c4deac,5b5c5067,crowd_subject_5_unfocused,crowd_subject_5_unfocused,crowd,assistant,inline_early,4,191,28.0,,1783959475,1432.2
exp_20260713T160910Z_43c4deac,5b5c5067,crowd_subject_5_unfocused,crowd_subject_5_unfocused,crowd,user,inline_early,4,6,1.0,5723.683379590511,1783959473,
exp_20260713T160910Z_43c4deac,5b5c5067,crowd_subject_5_unfocused,crowd_subject_5_unfocused,crowd,assistant,inline_late,1,2908,439.0,,1783959582,9231.0
exp_20260713T160910Z_43c4deac,5b5c5067,crowd_subject_5_unfocused,crowd_subject_5_unfocused,crowd,user,inline_late,1,453,73.0,,1783959573,
exp_20260713T160910Z_43c4deac,5b5c5067,crowd_subject_5_unfocused,crowd_subject_5_unfocused,crowd,assistant,inline_late,2,1178,188.0,,1783959611,4154.5
exp_20260713T160910Z_43c4deac,5b5c5067,crowd_subject_5_unfocused,crowd_subject_5_unfocused,crowd,user,inline_late,2,41,8.0,24792.570810765028,1783959607,
exp_20260713T160910Z_43c4deac,5b5c5067,crowd_subject_5_unfocused,crowd_subject_5_unfocused,crowd,assistant,inline_late,3,1255,208.0,,1783959640,4297.0
exp_20260713T160910Z_43c4deac,5b5c5067,crowd_subject_5_unfocused,crowd_subject_5_unfocused,crowd,user,inline_late,3,24,5.0,24172.547686845064,1783959636,
exp_20260713T160910Z_43c4deac,5b5c5067,crowd_subject_5_unfocused,crowd_subject_5_unfocused,crowd,assistant,inline_late,4,1468,230.0,,1783959672,4746.1
exp_20260713T160910Z_43c4deac,5b5c5067,crowd_subject_5_unfocused,crowd_subject_5_unfocused,crowd,user,inline_late,4,19,5.0,20263.76916281879,1783959660,
exp_20260713T160910Z_43c4deac,5b5c5067,crowd_subject_5_unfocused,crowd_subject_5_unfocused,crowd,assistant,no_ads,1,1004,142.0,,1783960220,3622.8
exp_20260713T160910Z_43c4deac,5b5c5067,crowd_subject_5_unfocused,crowd_subject_5_unfocused,crowd,user,no_ads,1,416,67.0,,1783960216,
exp_20260713T160910Z_43c4deac,5b5c5067,crowd_subject_5_unfocused,crowd_subject_5_unfocused,crowd,assistant,no_ads,2,686,111.0,,1783960652,2933.3
exp_20260713T160910Z_43c4deac,5b5c5067,crowd_subject_5_unfocused,crowd_subject_5_unfocused,crowd,user,no_ads,2,37,8.0,429509.73848998547,1783960649,
exp_20260713T160910Z_43c4deac,5b5c5067,crowd_subject_5_unfocused,crowd_subject_5_unfocused,crowd,assistant,no_ads,3,927,146.0,,1783960663,3050.4
exp_20260713T160910Z_43c4deac,5b5c5067,crowd_subject_5_unfocused,crowd_subject_5_unfocused,crowd,user,no_ads,3,16,3.0,7553.287021815777,1783960660,
exp_20260713T160910Z_43c4deac,5b5c5067,crowd_subject_5_unfocused,crowd_subject_5_unfocused,crowd,assistant,no_ads,4,1019,164.0,,1783960680,3414.5
exp_20260713T160910Z_43c4deac,5b5c5067,crowd_subject_5_unfocused,crowd_subject_5_unfocused,crowd,user,no_ads,4,29,5.0,13384.925356134772,1783960676,
exp_20260721T194408Z_ef197dbb,f95f070a,crowd_subject_6,crowd_subject_6,crowd,assistant,block_early,1,701,102.0,,1784664056,2790.9
exp_20260721T194408Z_ef197dbb,f95f070a,crowd_subject_6,crowd_subject_6,crowd,user,block_early,1,416,67.0,,1784664053,
exp_20260721T194408Z_ef197dbb,f95f070a,crowd_subject_6,crowd_subject_6,crowd,assistant,block_early,2,683,103.0,,1784664103,2620.4
exp_20260721T194408Z_ef197dbb,f95f070a,crowd_subject_6,crowd_subject_6,crowd,user,block_early,2,62,13.0,39801.33276619017,1784664095,
exp_20260721T194408Z_ef197dbb,f95f070a,crowd_subject_6,crowd_subject_6,crowd,assistant,block_early,3,979,134.0,,1784664139,3367.8
exp_20260721T194408Z_ef197dbb,f95f070a,crowd_subject_6,crowd_subject_6,crowd,user,block_early,3,44,7.0,31938.214775174856,1784664135,
exp_20260721T194408Z_ef197dbb,f95f070a,crowd_subject_6,crowd_subject_6,crowd,assistant,block_early,4,883,137.0,,1784664176,3187.2
exp_20260721T194408Z_ef197dbb,f95f070a,crowd_subject_6,crowd_subject_6,crowd,user,block_early,4,43,9.0,34430.358309298754,1784664173,
exp_20260721T194408Z_ef197dbb,f95f070a,crowd_subject_6,crowd_subject_6,crowd,assistant,block_late,1,1240,182.0,,1784663220,3804.3
exp_20260721T194408Z_ef197dbb,f95f070a,crowd_subject_6,crowd_subject_6,crowd,user,block_late,1,466,77.0,,1784663216,
exp_20260721T194408Z_ef197dbb,f95f070a,crowd_subject_6,crowd_subject_6,crowd,assistant,block_late,2,558,85.0,,1784663275,2053.2
exp_20260721T194408Z_ef197dbb,f95f070a,crowd_subject_6,crowd_subject_6,crowd,user,block_late,2,32,5.0,52431.707475334406,1784663273,
exp_20260721T194408Z_ef197dbb,f95f070a,crowd_subject_6,crowd_subject_6,crowd,assistant,block_late,3,629,101.0,,1784663313,2489.4
exp_20260721T194408Z_ef197dbb,f95f070a,crowd_subject_6,crowd_subject_6,crowd,user,block_late,3,57,11.0,35943.607337772846,1784663311,
exp_20260721T194408Z_ef197dbb,f95f070a,crowd_subject_6,crowd_subject_6,crowd,assistant,block_late,4,858,129.0,,1784663347,3124.3
exp_20260721T194408Z_ef197dbb,f95f070a,crowd_subject_6,crowd_subject_6,crowd,user,block_late,4,58,11.0,25201.502377167344,1784663338,
exp_20260721T194408Z_ef197dbb,f95f070a,crowd_subject_6,crowd_subject_6,crowd,assistant,inline_early,1,2808,463.0,,1784663548,8632.6
exp_20260721T194408Z_ef197dbb,f95f070a,crowd_subject_6,crowd_subject_6,crowd,user,inline_early,1,442,73.0,,1784663540,
exp_20260721T194408Z_ef197dbb,f95f070a,crowd_subject_6,crowd_subject_6,crowd,assistant,inline_early,2,2095,368.0,,1784663592,6222.6
exp_20260721T194408Z_ef197dbb,f95f070a,crowd_subject_6,crowd_subject_6,crowd,user,inline_early,2,60,11.0,31457.528065890074,1784663580,
exp_20260721T194408Z_ef197dbb,f95f070a,crowd_subject_6,crowd_subject_6,crowd,assistant,inline_early,3,2552,418.0,,1784663620,7073.8
exp_20260721T194408Z_ef197dbb,f95f070a,crowd_subject_6,crowd_subject_6,crowd,user,inline_early,3,69,14.0,21174.35071244836,1784663613,
exp_20260721T194408Z_ef197dbb,f95f070a,crowd_subject_6,crowd_subject_6,crowd,assistant,inline_early,4,2627,434.0,,1784663657,7230.6
exp_20260721T194408Z_ef197dbb,f95f070a,crowd_subject_6,crowd_subject_6,crowd,user,inline_early,4,47,9.0,29201.10396668315,1784663649,
exp_20260721T194408Z_ef197dbb,f95f070a,crowd_subject_6,crowd_subject_6,crowd,assistant,inline_late,1,1671,221.0,,1784664310,5189.6
exp_20260721T194408Z_ef197dbb,f95f070a,crowd_subject_6,crowd_subject_6,crowd,user,inline_late,1,495,81.0,,1784664305,
exp_20260721T194408Z_ef197dbb,f95f070a,crowd_subject_6,crowd_subject_6,crowd,assistant,inline_late,2,1821,267.0,,1784664375,5838.8
exp_20260721T194408Z_ef197dbb,f95f070a,crowd_subject_6,crowd_subject_6,crowd,user,inline_late,2,58,13.0,58812.444956973195,1784664369,
exp_20260721T194408Z_ef197dbb,f95f070a,crowd_subject_6,crowd_subject_6,crowd,assistant,inline_late,3,1317,199.0,,1784664431,4451.7
exp_20260721T194408Z_ef197dbb,f95f070a,crowd_subject_6,crowd_subject_6,crowd,user,inline_late,3,20,4.0,51149.38969165087,1784664426,
exp_20260721T194408Z_ef197dbb,f95f070a,crowd_subject_6,crowd_subject_6,crowd,assistant,inline_late,4,2082,326.0,,1784664472,7134.0
exp_20260721T194408Z_ef197dbb,f95f070a,crowd_subject_6,crowd_subject_6,crowd,user,inline_late,4,90,19.0,26811.889247968793,1784664458,
exp_20260721T194408Z_ef197dbb,f95f070a,crowd_subject_6,crowd_subject_6,crowd,assistant,no_ads,1,986,153.0,,1784663815,3335.7
exp_20260721T194408Z_ef197dbb,f95f070a,crowd_subject_6,crowd_subject_6,crowd,user,no_ads,1,525,80.0,,1784663812,
exp_20260721T194408Z_ef197dbb,f95f070a,crowd_subject_6,crowd_subject_6,crowd,assistant,no_ads,2,855,126.0,,1784663872,2746.7
exp_20260721T194408Z_ef197dbb,f95f070a,crowd_subject_6,crowd_subject_6,crowd,user,no_ads,2,77,12.0,54135.60759089887,1784663869,
exp_20260721T194408Z_ef197dbb,f95f070a,crowd_subject_6,crowd_subject_6,crowd,assistant,no_ads,3,672,105.0,,1784663905,2558.3
exp_20260721T194408Z_ef197dbb,f95f070a,crowd_subject_6,crowd_subject_6,crowd,user,no_ads,3,45,10.0,30349.218100309372,1784663903,
exp_20260721T194408Z_ef197dbb,f95f070a,crowd_subject_6,crowd_subject_6,crowd,assistant,no_ads,4,715,119.0,,1784663935,2928.7
exp_20260721T194408Z_ef197dbb,f95f070a,crowd_subject_6,crowd_subject_6,crowd,user,no_ads,4,45,9.0,26941.666847094893,1784663932,
exp_20260721T201433Z_c7c22bc2,4805a32a,crowd_subject_7,crowd_subject_7,crowd,assistant,block_early,1,150,23.0,,1784665290,1614.4
exp_20260721T201433Z_c7c22bc2,4805a32a,crowd_subject_7,crowd_subject_7,crowd,user,block_early,1,213,46.0,,1784665288,
exp_20260721T201433Z_c7c22bc2,4805a32a,crowd_subject_7,crowd_subject_7,crowd,assistant,block_early,2,739,114.0,,1784665339,2746.8
exp_20260721T201433Z_c7c22bc2,4805a32a,crowd_subject_7,crowd_subject_7,crowd,user,block_early,2,219,47.0,40959.25892703235,1784665331,
exp_20260721T201433Z_c7c22bc2,4805a32a,crowd_subject_7,crowd_subject_7,crowd,assistant,block_early,3,503,82.0,,1784665363,2302.6
exp_20260721T201433Z_c7c22bc2,4805a32a,crowd_subject_7,crowd_subject_7,crowd,user,block_early,3,67,13.0,22180.437248200178,1784665361,
exp_20260721T201433Z_c7c22bc2,4805a32a,crowd_subject_7,crowd_subject_7,crowd,assistant,block_early,4,433,72.0,,1784665387,2190.4
exp_20260721T201433Z_c7c22bc2,4805a32a,crowd_subject_7,crowd_subject_7,crowd,user,block_early,4,46,8.0,21555.06457015872,1784665385,
exp_20260721T201433Z_c7c22bc2,4805a32a,crowd_subject_7,crowd_subject_7,crowd,assistant,block_late,1,3052,455.0,,1784666213,7016.6
exp_20260721T201433Z_c7c22bc2,4805a32a,crowd_subject_7,crowd_subject_7,crowd,user,block_late,1,345,62.0,,1784666206,
exp_20260721T201433Z_c7c22bc2,4805a32a,crowd_subject_7,crowd_subject_7,crowd,assistant,block_late,2,1606,220.0,,1784666257,4443.2
exp_20260721T201433Z_c7c22bc2,4805a32a,crowd_subject_7,crowd_subject_7,crowd,user,block_late,2,118,22.0,39089.3110409379,1784666252,
exp_20260721T201433Z_c7c22bc2,4805a32a,crowd_subject_7,crowd_subject_7,crowd,assistant,block_late,3,941,145.0,,1784666287,3147.0
exp_20260721T201433Z_c7c22bc2,4805a32a,crowd_subject_7,crowd_subject_7,crowd,user,block_late,3,24,5.0,26903.013844043016,1784666284,
exp_20260721T201433Z_c7c22bc2,4805a32a,crowd_subject_7,crowd_subject_7,crowd,assistant,block_late,4,2931,422.0,,1784666312,8029.2
exp_20260721T201433Z_c7c22bc2,4805a32a,crowd_subject_7,crowd_subject_7,crowd,user,block_late,4,29,5.0,11387.158637866378,1784666298,
exp_20260721T201433Z_c7c22bc2,4805a32a,crowd_subject_7,crowd_subject_7,crowd,assistant,inline_early,1,296,46.0,,1784664988,1804.7
exp_20260721T201433Z_c7c22bc2,4805a32a,crowd_subject_7,crowd_subject_7,crowd,user,inline_early,1,192,36.0,,1784664986,
exp_20260721T201433Z_c7c22bc2,4805a32a,crowd_subject_7,crowd_subject_7,crowd,assistant,inline_early,2,614,91.0,,1784665014,2226.8
exp_20260721T201433Z_c7c22bc2,4805a32a,crowd_subject_7,crowd_subject_7,crowd,user,inline_early,2,72,13.0,19706.073379144073,1784665007,
exp_20260721T201433Z_c7c22bc2,4805a32a,crowd_subject_7,crowd_subject_7,crowd,assistant,inline_early,3,496,79.0,,1784665044,2608.5
exp_20260721T201433Z_c7c22bc2,4805a32a,crowd_subject_7,crowd_subject_7,crowd,user,inline_early,3,19,5.0,26886.798294261098,1784665041,
exp_20260721T201433Z_c7c22bc2,4805a32a,crowd_subject_7,crowd_subject_7,crowd,assistant,inline_early,4,1231,212.0,,1784665060,4322.1
exp_20260721T201433Z_c7c22bc2,4805a32a,crowd_subject_7,crowd_subject_7,crowd,user,inline_early,4,53,11.0,11856.294970959425,1784665056,
exp_20260721T201433Z_c7c22bc2,4805a32a,crowd_subject_7,crowd_subject_7,crowd,assistant,inline_late,1,1855,312.0,,1784665827,6736.9
exp_20260721T201433Z_c7c22bc2,4805a32a,crowd_subject_7,crowd_subject_7,crowd,user,inline_late,1,225,41.0,,1784665820,
exp_20260721T201433Z_c7c22bc2,4805a32a,crowd_subject_7,crowd_subject_7,crowd,assistant,inline_late,2,2513,411.0,,1784665906,8573.5
exp_20260721T201433Z_c7c22bc2,4805a32a,crowd_subject_7,crowd_subject_7,crowd,user,inline_late,2,92,16.0,69863.45612630248,1784665897,
exp_20260721T201433Z_c7c22bc2,4805a32a,crowd_subject_7,crowd_subject_7,crowd,assistant,inline_late,3,4229,684.0,,1784665957,12682.5
exp_20260721T201433Z_c7c22bc2,4805a32a,crowd_subject_7,crowd_subject_7,crowd,user,inline_late,3,120,20.0,38450.21912828088,1784665944,
exp_20260721T201433Z_c7c22bc2,4805a32a,crowd_subject_7,crowd_subject_7,crowd,assistant,inline_late,4,2499,391.0,,1784666006,8303.4
exp_20260721T201433Z_c7c22bc2,4805a32a,crowd_subject_7,crowd_subject_7,crowd,user,inline_late,4,38,5.0,34392.916752025485,1784665991,
exp_20260721T201433Z_c7c22bc2,4805a32a,crowd_subject_7,crowd_subject_7,crowd,assistant,no_ads,1,458,68.0,,1784665565,2190.6
exp_20260721T201433Z_c7c22bc2,4805a32a,crowd_subject_7,crowd_subject_7,crowd,user,no_ads,1,59,8.0,,1784665563,
exp_20260721T201433Z_c7c22bc2,4805a32a,crowd_subject_7,crowd_subject_7,crowd,assistant,no_ads,2,347,55.0,,1784665612,2022.8
exp_20260721T201433Z_c7c22bc2,4805a32a,crowd_subject_7,crowd_subject_7,crowd,user,no_ads,2,192,40.0,44882.77495093644,1784665610,
exp_20260721T201433Z_c7c22bc2,4805a32a,crowd_subject_7,crowd_subject_7,crowd,assistant,no_ads,3,193,32.0,,1784665622,1599.4
exp_20260721T201433Z_c7c22bc2,4805a32a,crowd_subject_7,crowd_subject_7,crowd,user,no_ads,3,14,2.0,7732.856843620539,1784665620,
exp_20260721T201433Z_c7c22bc2,4805a32a,crowd_subject_7,crowd_subject_7,crowd,assistant,no_ads,4,501,79.0,,1784665647,2315.2
exp_20260721T201433Z_c7c22bc2,4805a32a,crowd_subject_7,crowd_subject_7,crowd,user,no_ads,4,60,10.0,22469.37771886587,1784665644,
exp_20260721T204719Z_55b729d8,b88ee9d1,crowd_subject_8,crowd_subject_8,crowd,assistant,block_early,1,744,117.0,,1784668491,2973.9
exp_20260721T204719Z_55b729d8,b88ee9d1,crowd_subject_8,crowd_subject_8,crowd,user,block_early,1,225,43.0,,1784668488,
exp_20260721T204719Z_55b729d8,b88ee9d1,crowd_subject_8,crowd_subject_8,crowd,assistant,block_early,2,123,23.0,,1784668526,1500.4
exp_20260721T204719Z_55b729d8,b88ee9d1,crowd_subject_8,crowd_subject_8,crowd,user,block_early,2,73,15.0,28010.527480393648,1784668519,
exp_20260721T204719Z_55b729d8,b88ee9d1,crowd_subject_8,crowd_subject_8,crowd,assistant,block_early,3,343,55.0,,1784668557,1788.6
exp_20260721T204719Z_55b729d8,b88ee9d1,crowd_subject_8,crowd_subject_8,crowd,user,block_early,3,90,16.0,29500.7062908262,1784668555,
exp_20260721T204719Z_55b729d8,b88ee9d1,crowd_subject_8,crowd_subject_8,crowd,assistant,block_early,4,172,28.0,,1784668579,1573.9
exp_20260721T204719Z_55b729d8,b88ee9d1,crowd_subject_8,crowd_subject_8,crowd,user,block_early,4,57,13.0,19792.038502171636,1784668577,
exp_20260721T204719Z_55b729d8,b88ee9d1,crowd_subject_8,crowd_subject_8,crowd,assistant,block_late,1,329,51.0,,1784668183,1942.2
exp_20260721T204719Z_55b729d8,b88ee9d1,crowd_subject_8,crowd_subject_8,crowd,user,block_late,1,192,42.0,,1784668181,
exp_20260721T204719Z_55b729d8,b88ee9d1,crowd_subject_8,crowd_subject_8,crowd,assistant,block_late,2,373,58.0,,1784668244,1936.4
exp_20260721T204719Z_55b729d8,b88ee9d1,crowd_subject_8,crowd_subject_8,crowd,user,block_late,2,134,30.0,59232.501327991486,1784668242,
exp_20260721T204719Z_55b729d8,b88ee9d1,crowd_subject_8,crowd_subject_8,crowd,assistant,block_late,3,387,66.0,,1784668297,1916.0
exp_20260721T204719Z_55b729d8,b88ee9d1,crowd_subject_8,crowd_subject_8,crowd,user,block_late,3,157,34.0,50954.443745315075,1784668295,
exp_20260721T204719Z_55b729d8,b88ee9d1,crowd_subject_8,crowd_subject_8,crowd,assistant,block_late,4,494,74.0,,1784668324,2286.8
exp_20260721T204719Z_55b729d8,b88ee9d1,crowd_subject_8,crowd_subject_8,crowd,user,block_late,4,42,8.0,18771.753944456577,1784668316,
exp_20260721T204719Z_55b729d8,b88ee9d1,crowd_subject_8,crowd_subject_8,crowd,assistant,inline_early,1,2493,403.0,,1784667091,7893.0
exp_20260721T204719Z_55b729d8,b88ee9d1,crowd_subject_8,crowd_subject_8,crowd,user,inline_early,1,229,39.0,,1784667084,
exp_20260721T204719Z_55b729d8,b88ee9d1,crowd_subject_8,crowd_subject_8,crowd,assistant,inline_early,2,2101,329.0,,1784667171,6203.0
exp_20260721T204719Z_55b729d8,b88ee9d1,crowd_subject_8,crowd_subject_8,crowd,user,inline_early,2,44,9.0,66962.8388993442,1784667158,
exp_20260721T204719Z_55b729d8,b88ee9d1,crowd_subject_8,crowd_subject_8,crowd,assistant,inline_early,3,1141,189.0,,1784667310,4440.6
exp_20260721T204719Z_55b729d8,b88ee9d1,crowd_subject_8,crowd_subject_8,crowd,user,inline_early,3,147,29.0,134305.3208757192,1784667306,
exp_20260721T204719Z_55b729d8,b88ee9d1,crowd_subject_8,crowd_subject_8,crowd,assistant,inline_early,4,960,154.0,,1784667354,3554.2
exp_20260721T204719Z_55b729d8,b88ee9d1,crowd_subject_8,crowd_subject_8,crowd,user,inline_early,4,107,21.0,40527.42023393512,1784667351,
exp_20260721T204719Z_55b729d8,b88ee9d1,crowd_subject_8,crowd_subject_8,crowd,assistant,inline_late,1,768,120.0,,1784667635,2963.1
exp_20260721T204719Z_55b729d8,b88ee9d1,crowd_subject_8,crowd_subject_8,crowd,user,inline_late,1,208,38.0,,1784667632,
exp_20260721T204719Z_55b729d8,b88ee9d1,crowd_subject_8,crowd_subject_8,crowd,assistant,inline_late,2,830,130.0,,1784667727,3111.2
exp_20260721T204719Z_55b729d8,b88ee9d1,crowd_subject_8,crowd_subject_8,crowd,user,inline_late,2,268,55.0,88422.82554320991,1784667724,
exp_20260721T204719Z_55b729d8,b88ee9d1,crowd_subject_8,crowd_subject_8,crowd,assistant,inline_late,3,369,57.0,,1784667770,1853.8
exp_20260721T204719Z_55b729d8,b88ee9d1,crowd_subject_8,crowd_subject_8,crowd,user,inline_late,3,88,16.0,41301.073802635074,1784667768,
exp_20260721T204719Z_55b729d8,b88ee9d1,crowd_subject_8,crowd_subject_8,crowd,assistant,inline_late,4,782,129.0,,1784667808,3091.9
exp_20260721T204719Z_55b729d8,b88ee9d1,crowd_subject_8,crowd_subject_8,crowd,user,inline_late,4,53,10.0,28617.85815656185,1784667799,
exp_20260721T204719Z_55b729d8,b88ee9d1,crowd_subject_8,crowd_subject_8,crowd,assistant,no_ads,1,423,64.0,,1784667938,2234.8
exp_20260721T204719Z_55b729d8,b88ee9d1,crowd_subject_8,crowd_subject_8,crowd,user,no_ads,1,84,18.0,,1784667936,
exp_20260721T204719Z_55b729d8,b88ee9d1,crowd_subject_8,crowd_subject_8,crowd,assistant,no_ads,2,436,62.0,,1784667964,2084.3
exp_20260721T204719Z_55b729d8,b88ee9d1,crowd_subject_8,crowd_subject_8,crowd,user,no_ads,2,74,15.0,23940.32440520823,1784667962,
exp_20260721T204719Z_55b729d8,b88ee9d1,crowd_subject_8,crowd_subject_8,crowd,assistant,no_ads,3,592,77.0,,1784668004,2220.3
exp_20260721T204719Z_55b729d8,b88ee9d1,crowd_subject_8,crowd_subject_8,crowd,user,no_ads,3,80,16.0,37627.19550728798,1784668002,
exp_20260721T204719Z_55b729d8,b88ee9d1,crowd_subject_8,crowd_subject_8,crowd,assistant,no_ads,4,705,98.0,,1784668031,2427.5
exp_20260721T204719Z_55b729d8,b88ee9d1,crowd_subject_8,crowd_subject_8,crowd,user,no_ads,4,27,4.0,24207.622112706304,1784668028,
exp_20260721T212152Z_c3bfeb56,5557e55c,crowd_subject_9,crowd_subject_9,crowd,assistant,block_early,1,157,21.0,,1784671063,1661.0
exp_20260721T212152Z_c3bfeb56,5557e55c,crowd_subject_9,crowd_subject_9,crowd,user,block_early,1,160,31.0,,1784671061,
exp_20260721T212152Z_c3bfeb56,5557e55c,crowd_subject_9,crowd_subject_9,crowd,assistant,block_early,2,584,95.0,,1784671094,2503.2
exp_20260721T212152Z_c3bfeb56,5557e55c,crowd_subject_9,crowd_subject_9,crowd,user,block_early,2,24,5.0,23387.765508145094,1784671087,
exp_20260721T212152Z_c3bfeb56,5557e55c,crowd_subject_9,crowd_subject_9,crowd,assistant,block_early,3,479,69.0,,1784671142,2146.1
exp_20260721T212152Z_c3bfeb56,5557e55c,crowd_subject_9,crowd_subject_9,crowd,user,block_early,3,113,19.0,45594.83540058136,1784671139,
exp_20260721T212152Z_c3bfeb56,5557e55c,crowd_subject_9,crowd_subject_9,crowd,assistant,block_early,4,238,32.0,,1784671166,1965.5
exp_20260721T212152Z_c3bfeb56,5557e55c,crowd_subject_9,crowd_subject_9,crowd,user,block_early,4,42,9.0,22605.16860894859,1784671164,
exp_20260721T212152Z_c3bfeb56,5557e55c,crowd_subject_9,crowd_subject_9,crowd,assistant,block_late,1,810,124.0,,1784670289,3126.3
exp_20260721T212152Z_c3bfeb56,5557e55c,crowd_subject_9,crowd_subject_9,crowd,user,block_late,1,279,57.0,,1784670285,
exp_20260721T212152Z_c3bfeb56,5557e55c,crowd_subject_9,crowd_subject_9,crowd,assistant,block_late,2,762,114.0,,1784670319,2801.1
exp_20260721T212152Z_c3bfeb56,5557e55c,crowd_subject_9,crowd_subject_9,crowd,user,block_late,2,79,18.0,27933.008262887597,1784670317,
exp_20260721T212152Z_c3bfeb56,5557e55c,crowd_subject_9,crowd_subject_9,crowd,assistant,block_late,3,1335,198.0,,1784670360,3752.6
exp_20260721T212152Z_c3bfeb56,5557e55c,crowd_subject_9,crowd_subject_9,crowd,user,block_late,3,101,18.0,36853.68691943586,1784670356,
exp_20260721T212152Z_c3bfeb56,5557e55c,crowd_subject_9,crowd_subject_9,crowd,assistant,block_late,4,1398,220.0,,1784670407,4166.3
exp_20260721T212152Z_c3bfeb56,5557e55c,crowd_subject_9,crowd_subject_9,crowd,user,block_late,4,112,22.0,37049.00668002665,1784670397,
exp_20260721T212152Z_c3bfeb56,5557e55c,crowd_subject_9,crowd_subject_9,crowd,assistant,inline_early,1,307,48.0,,1784670691,1880.6
exp_20260721T212152Z_c3bfeb56,5557e55c,crowd_subject_9,crowd_subject_9,crowd,user,inline_early,1,202,39.0,,1784670689,
exp_20260721T212152Z_c3bfeb56,5557e55c,crowd_subject_9,crowd_subject_9,crowd,assistant,inline_early,2,833,123.0,,1784670736,2708.3
exp_20260721T212152Z_c3bfeb56,5557e55c,crowd_subject_9,crowd_subject_9,crowd,user,inline_early,2,73,13.0,36657.23157674074,1784670728,
exp_20260721T212152Z_c3bfeb56,5557e55c,crowd_subject_9,crowd_subject_9,crowd,assistant,inline_early,3,639,98.0,,1784670772,2827.6
exp_20260721T212152Z_c3bfeb56,5557e55c,crowd_subject_9,crowd_subject_9,crowd,user,inline_early,3,69,15.0,33922.217562794685,1784670769,
exp_20260721T212152Z_c3bfeb56,5557e55c,crowd_subject_9,crowd_subject_9,crowd,assistant,inline_early,4,657,88.0,,1784670792,2774.7
exp_20260721T212152Z_c3bfeb56,5557e55c,crowd_subject_9,crowd_subject_9,crowd,user,inline_early,4,53,12.0,16808.626176789403,1784670789,
exp_20260721T212152Z_c3bfeb56,5557e55c,crowd_subject_9,crowd_subject_9,crowd,assistant,inline_late,1,1890,282.0,,1784669866,4995.5
exp_20260721T212152Z_c3bfeb56,5557e55c,crowd_subject_9,crowd_subject_9,crowd,user,inline_late,1,233,43.0,,1784669861,
exp_20260721T212152Z_c3bfeb56,5557e55c,crowd_subject_9,crowd_subject_9,crowd,assistant,inline_late,2,2666,369.0,,1784669886,6490.6
exp_20260721T212152Z_c3bfeb56,5557e55c,crowd_subject_9,crowd_subject_9,crowd,user,inline_late,2,45,9.0,13583.878511562943,1784669880,
exp_20260721T212152Z_c3bfeb56,5557e55c,crowd_subject_9,crowd_subject_9,crowd,assistant,inline_late,3,2716,364.0,,1784669920,8508.0
exp_20260721T212152Z_c3bfeb56,5557e55c,crowd_subject_9,crowd_subject_9,crowd,user,inline_late,3,55,10.0,25274.257509037852,1784669911,
exp_20260721T212152Z_c3bfeb56,5557e55c,crowd_subject_9,crowd_subject_9,crowd,assistant,inline_late,4,995,149.0,,1784669944,3681.0
exp_20260721T212152Z_c3bfeb56,5557e55c,crowd_subject_9,crowd_subject_9,crowd,user,inline_late,4,37,8.0,14320.180365815759,1784669934,
exp_20260721T212152Z_c3bfeb56,5557e55c,crowd_subject_9,crowd_subject_9,crowd,assistant,no_ads,1,2789,447.0,,1784669378,8450.0
exp_20260721T212152Z_c3bfeb56,5557e55c,crowd_subject_9,crowd_subject_9,crowd,user,no_ads,1,270,53.0,,1784669370,
exp_20260721T212152Z_c3bfeb56,5557e55c,crowd_subject_9,crowd_subject_9,crowd,assistant,no_ads,2,1003,156.0,,1784669411,4585.9
exp_20260721T212152Z_c3bfeb56,5557e55c,crowd_subject_9,crowd_subject_9,crowd,user,no_ads,2,52,11.0,27943.551145493984,1784669406,
exp_20260721T212152Z_c3bfeb56,5557e55c,crowd_subject_9,crowd_subject_9,crowd,assistant,no_ads,3,1754,295.0,,1784669463,6080.9
exp_20260721T212152Z_c3bfeb56,5557e55c,crowd_subject_9,crowd_subject_9,crowd,user,no_ads,3,61,13.0,45753.72465699911,1784669456,
exp_20260721T212152Z_c3bfeb56,5557e55c,crowd_subject_9,crowd_subject_9,crowd,assistant,no_ads,4,5476,896.0,,1784669528,14080.8
exp_20260721T212152Z_c3bfeb56,5557e55c,crowd_subject_9,crowd_subject_9,crowd,user,no_ads,4,131,27.0,51466.26533381641,1784669514,
exp_20260721T091553Z_7b92ec42,3568405d,lab_subject_1,lab_subject_1,lab,assistant,block_early,1,1404,213.0,,1784627440,4397.5
exp_20260721T091553Z_7b92ec42,3568405d,lab_subject_1,lab_subject_1,lab,user,block_early,1,547,114.0,,1784627436,
exp_20260721T091553Z_7b92ec42,3568405d,lab_subject_1,lab_subject_1,lab,assistant,block_early,2,1529,247.0,,1784627624,4802.4
exp_20260721T091553Z_7b92ec42,3568405d,lab_subject_1,lab_subject_1,lab,user,block_early,2,442,87.0,171087.15051226318,1784627611,
exp_20260721T091553Z_7b92ec42,3568405d,lab_subject_1,lab_subject_1,lab,assistant,block_early,3,1669,263.0,,1784627763,4677.7
exp_20260721T091553Z_7b92ec42,3568405d,lab_subject_1,lab_subject_1,lab,user,block_early,3,196,36.0,134601.9885558635,1784627759,
exp_20260721T091553Z_7b92ec42,3568405d,lab_subject_1,lab_subject_1,lab,assistant,block_early,4,879,140.0,,1784627887,3447.9
exp_20260721T091553Z_7b92ec42,3568405d,lab_subject_1,lab_subject_1,lab,user,block_early,4,162,28.0,120310.44205650687,1784627884,
exp_20260721T091553Z_7b92ec42,3568405d,lab_subject_1,lab_subject_1,lab,assistant,block_late,1,571,89.0,,1784626668,2698.6
exp_20260721T091553Z_7b92ec42,3568405d,lab_subject_1,lab_subject_1,lab,user,block_late,1,498,91.0,,1784626666,
exp_20260721T091553Z_7b92ec42,3568405d,lab_subject_1,lab_subject_1,lab,assistant,block_late,2,910,144.0,,1784626757,2887.6
exp_20260721T091553Z_7b92ec42,3568405d,lab_subject_1,lab_subject_1,lab,user,block_late,2,237,47.0,85964.08411487937,1784626754,
exp_20260721T091553Z_7b92ec42,3568405d,lab_subject_1,lab_subject_1,lab,assistant,block_late,3,976,148.0,,1784626822,3030.0
exp_20260721T091553Z_7b92ec42,3568405d,lab_subject_1,lab_subject_1,lab,user,block_late,3,131,25.0,61632.66045227647,1784626819,
exp_20260721T091553Z_7b92ec42,3568405d,lab_subject_1,lab_subject_1,lab,assistant,block_late,4,698,114.0,,1784626907,3068.7
exp_20260721T091553Z_7b92ec42,3568405d,lab_subject_1,lab_subject_1,lab,user,block_late,4,120,23.0,71900.12325160205,1784626894,
exp_20260721T091553Z_7b92ec42,3568405d,lab_subject_1,lab_subject_1,lab,assistant,inline_early,1,3062,476.0,,1784629304,9288.5
exp_20260721T091553Z_7b92ec42,3568405d,lab_subject_1,lab_subject_1,lab,user,inline_early,1,575,108.0,,1784629295,
exp_20260721T091553Z_7b92ec42,3568405d,lab_subject_1,lab_subject_1,lab,assistant,inline_early,2,1637,260.0,,1784629539,4814.2
exp_20260721T091553Z_7b92ec42,3568405d,lab_subject_1,lab_subject_1,lab,user,inline_early,2,373,73.0,221855.1344051957,1784629526,
exp_20260721T091553Z_7b92ec42,3568405d,lab_subject_1,lab_subject_1,lab,assistant,inline_early,3,4362,704.0,,1784629641,12713.6
exp_20260721T091553Z_7b92ec42,3568405d,lab_subject_1,lab_subject_1,lab,user,inline_early,3,180,26.0,89066.01924262941,1784629629,
exp_20260721T091553Z_7b92ec42,3568405d,lab_subject_1,lab_subject_1,lab,assistant,inline_early,4,2964,460.0,,1784629810,7362.4
exp_20260721T091553Z_7b92ec42,3568405d,lab_subject_1,lab_subject_1,lab,user,inline_early,4,174,28.0,160984.8459791392,1784629802,
exp_20260721T091553Z_7b92ec42,3568405d,lab_subject_1,lab_subject_1,lab,assistant,inline_late,1,1837,278.0,,1784628425,5315.7
exp_20260721T091553Z_7b92ec42,3568405d,lab_subject_1,lab_subject_1,lab,user,inline_late,1,613,124.0,,1784628420,
exp_20260721T091553Z_7b92ec42,3568405d,lab_subject_1,lab_subject_1,lab,assistant,inline_late,2,2148,326.0,,1784628580,5746.7
exp_20260721T091553Z_7b92ec42,3568405d,lab_subject_1,lab_subject_1,lab,user,inline_late,2,226,43.0,149257.6198913157,1784628575,
exp_20260721T091553Z_7b92ec42,3568405d,lab_subject_1,lab_subject_1,lab,assistant,inline_late,3,1721,257.0,,1784628725,4834.5
exp_20260721T091553Z_7b92ec42,3568405d,lab_subject_1,lab_subject_1,lab,user,inline_late,3,202,32.0,139854.14317250252,1784628720,
exp_20260721T091553Z_7b92ec42,3568405d,lab_subject_1,lab_subject_1,lab,assistant,inline_late,4,1286,197.0,,1784628844,3667.9
exp_20260721T091553Z_7b92ec42,3568405d,lab_subject_1,lab_subject_1,lab,user,inline_late,4,225,38.0,107215.43922834098,1784628832,
exp_20260721T091553Z_7b92ec42,3568405d,lab_subject_1,lab_subject_1,lab,assistant,no_ads,1,870,145.0,,1784630393,3148.3
exp_20260721T091553Z_7b92ec42,3568405d,lab_subject_1,lab_subject_1,lab,user,no_ads,1,516,98.0,,1784630390,
exp_20260721T091553Z_7b92ec42,3568405d,lab_subject_1,lab_subject_1,lab,assistant,no_ads,2,1181,194.0,,1784630549,3876.1
exp_20260721T091553Z_7b92ec42,3568405d,lab_subject_1,lab_subject_1,lab,user,no_ads,2,313,60.0,151908.82602147758,1784630545,
exp_20260721T091553Z_7b92ec42,3568405d,lab_subject_1,lab_subject_1,lab,assistant,no_ads,3,1810,289.0,,1784630657,4952.0
exp_20260721T091553Z_7b92ec42,3568405d,lab_subject_1,lab_subject_1,lab,user,no_ads,3,144,28.0,102828.54663394392,1784630652,
exp_20260721T091553Z_7b92ec42,3568405d,lab_subject_1,lab_subject_1,lab,assistant,no_ads,4,1616,255.0,,1784630752,4688.0
exp_20260721T091553Z_7b92ec42,3568405d,lab_subject_1,lab_subject_1,lab,user,no_ads,4,138,21.0,90810.38945540786,1784630747,
exp_20260728T091433Z_242026ac,83850ea0,lab_subject_10,lab_subject_10,lab,assistant,block_early,1,324,59.0,,1785231654,1970.2
exp_20260728T091433Z_242026ac,83850ea0,lab_subject_10,lab_subject_10,lab,user,block_early,1,54,11.0,,1785231652,
exp_20260728T091433Z_242026ac,83850ea0,lab_subject_10,lab_subject_10,lab,assistant,block_early,2,958,145.0,,1785231882,3096.9
exp_20260728T091433Z_242026ac,83850ea0,lab_subject_10,lab_subject_10,lab,user,block_early,2,532,103.0,222392.066096887,1785231876,
exp_20260728T091433Z_242026ac,83850ea0,lab_subject_10,lab_subject_10,lab,assistant,block_early,3,1277,190.0,,1785232079,3737.4
exp_20260728T091433Z_242026ac,83850ea0,lab_subject_10,lab_subject_10,lab,user,block_early,3,525,104.0,193675.41307769716,1785232075,
exp_20260728T091433Z_242026ac,83850ea0,lab_subject_10,lab_subject_10,lab,assistant,block_early,4,1018,163.0,,1785232161,3125.6
exp_20260728T091433Z_242026ac,83850ea0,lab_subject_10,lab_subject_10,lab,user,block_early,4,117,24.0,78131.94338232279,1785232157,
exp_20260728T091433Z_242026ac,83850ea0,lab_subject_10,lab_subject_10,lab,assistant,block_late,1,20,4.0,,1785232861,1312.4
exp_20260728T091433Z_242026ac,83850ea0,lab_subject_10,lab_subject_10,lab,user,block_late,1,37,8.0,,1785232859,
exp_20260728T091433Z_242026ac,83850ea0,lab_subject_10,lab_subject_10,lab,assistant,block_late,2,480,75.0,,1785232873,2158.9
exp_20260728T091433Z_242026ac,83850ea0,lab_subject_10,lab_subject_10,lab,user,block_late,2,16,3.0,10105.17387650907,1785232871,
exp_20260728T091433Z_242026ac,83850ea0,lab_subject_10,lab_subject_10,lab,assistant,block_late,3,273,44.0,,1785232915,1767.7
exp_20260728T091433Z_242026ac,83850ea0,lab_subject_10,lab_subject_10,lab,user,block_late,3,32,5.0,40241.594947874546,1785232913,
exp_20260728T091433Z_242026ac,83850ea0,lab_subject_10,lab_subject_10,lab,assistant,block_late,4,472,71.0,,1785232959,2306.9
exp_20260728T091433Z_242026ac,83850ea0,lab_subject_10,lab_subject_10,lab,user,block_late,4,69,14.0,39779.73688393831,1785232955,
exp_20260728T091433Z_242026ac,83850ea0,lab_subject_10,lab_subject_10,lab,assistant,inline_early,1,253,47.0,,1785232445,1942.4
exp_20260728T091433Z_242026ac,83850ea0,lab_subject_10,lab_subject_10,lab,user,inline_early,1,44,8.0,,1785232443,
exp_20260728T091433Z_242026ac,83850ea0,lab_subject_10,lab_subject_10,lab,assistant,inline_early,2,738,127.0,,1785232500,2824.7
exp_20260728T091433Z_242026ac,83850ea0,lab_subject_10,lab_subject_10,lab,user,inline_early,2,79,16.0,49806.317910552025,1785232495,
exp_20260728T091433Z_242026ac,83850ea0,lab_subject_10,lab_subject_10,lab,assistant,inline_early,3,502,81.0,,1785232546,2396.1
exp_20260728T091433Z_242026ac,83850ea0,lab_subject_10,lab_subject_10,lab,user,inline_early,3,14,3.0,43610.40229909122,1785232544,
exp_20260728T091433Z_242026ac,83850ea0,lab_subject_10,lab_subject_10,lab,assistant,inline_early,4,950,151.0,,1785232620,3349.4
exp_20260728T091433Z_242026ac,83850ea0,lab_subject_10,lab_subject_10,lab,user,inline_early,4,162,28.0,70722.53726050258,1785232617,
exp_20260728T091433Z_242026ac,83850ea0,lab_subject_10,lab_subject_10,lab,assistant,inline_late,1,1010,148.0,,1785230727,3187.8
exp_20260728T091433Z_242026ac,83850ea0,lab_subject_10,lab_subject_10,lab,user,inline_late,1,497,93.0,,1785230724,
exp_20260728T091433Z_242026ac,83850ea0,lab_subject_10,lab_subject_10,lab,assistant,inline_late,2,1084,174.0,,1785230940,3236.6
exp_20260728T091433Z_242026ac,83850ea0,lab_subject_10,lab_subject_10,lab,user,inline_late,2,502,96.0,208711.31034754217,1785230936,
exp_20260728T091433Z_242026ac,83850ea0,lab_subject_10,lab_subject_10,lab,assistant,inline_late,3,1124,181.0,,1785231250,3500.7
exp_20260728T091433Z_242026ac,83850ea0,lab_subject_10,lab_subject_10,lab,user,inline_late,3,997,201.0,306935.244217515,1785231246,
exp_20260728T091433Z_242026ac,83850ea0,lab_subject_10,lab_subject_10,lab,assistant,inline_late,4,1269,208.0,,1785231361,3857.0
exp_20260728T091433Z_242026ac,83850ea0,lab_subject_10,lab_subject_10,lab,user,inline_late,4,234,43.0,103959.32991430163,1785231354,
exp_20260728T091433Z_242026ac,83850ea0,lab_subject_10,lab_subject_10,lab,assistant,no_ads,1,521,84.0,,1785233183,2572.6
exp_20260728T091433Z_242026ac,83850ea0,lab_subject_10,lab_subject_10,lab,user,no_ads,1,39,7.0,,1785233181,
exp_20260728T091433Z_242026ac,83850ea0,lab_subject_10,lab_subject_10,lab,assistant,no_ads,2,2111,336.0,,1785233246,6504.5
exp_20260728T091433Z_242026ac,83850ea0,lab_subject_10,lab_subject_10,lab,user,no_ads,2,161,35.0,56287.780329585075,1785233240,
exp_20260728T091433Z_242026ac,83850ea0,lab_subject_10,lab_subject_10,lab,assistant,no_ads,3,2247,382.0,,1785233408,7319.1
exp_20260728T091433Z_242026ac,83850ea0,lab_subject_10,lab_subject_10,lab,user,no_ads,3,102,20.0,154744.7872404009,1785233401,
exp_20260728T091433Z_242026ac,83850ea0,lab_subject_10,lab_subject_10,lab,assistant,no_ads,4,3181,566.0,,1785233525,9984.2
exp_20260728T091433Z_242026ac,83850ea0,lab_subject_10,lab_subject_10,lab,user,no_ads,4,92,17.0,106457.88876339793,1785233515,
exp_20260728T164420Z_99421c58,df531b8b,lab_subject_11,lab_subject_11,lab,assistant,block_early,1,895,143.0,,1785259979,3119.5
exp_20260728T164420Z_99421c58,df531b8b,lab_subject_11,lab_subject_11,lab,user,block_early,1,308,59.0,,1785259976,
exp_20260728T164420Z_99421c58,df531b8b,lab_subject_11,lab_subject_11,lab,assistant,block_early,2,2902,436.0,,1785260048,7140.9
exp_20260728T164420Z_99421c58,df531b8b,lab_subject_11,lab_subject_11,lab,user,block_early,2,105,17.0,58660.53534857929,1785260038,
exp_20260728T164420Z_99421c58,df531b8b,lab_subject_11,lab_subject_11,lab,assistant,block_early,3,1959,284.0,,1785260148,5749.8
exp_20260728T164420Z_99421c58,df531b8b,lab_subject_11,lab_subject_11,lab,user,block_early,3,108,21.0,94095.4571031034,1785260142,
exp_20260728T164420Z_99421c58,df531b8b,lab_subject_11,lab_subject_11,lab,assistant,block_early,4,2677,372.0,,1785260185,7320.3
exp_20260728T164420Z_99421c58,df531b8b,lab_subject_11,lab_subject_11,lab,user,block_early,4,29,7.0,29584.795609116554,1785260178,
exp_20260728T164420Z_99421c58,df531b8b,lab_subject_11,lab_subject_11,lab,assistant,block_late,1,307,43.0,,1785257425,1860.4
exp_20260728T164420Z_99421c58,df531b8b,lab_subject_11,lab_subject_11,lab,user,block_late,1,432,80.0,,1785257423,
exp_20260728T164420Z_99421c58,df531b8b,lab_subject_11,lab_subject_11,lab,assistant,block_late,2,1328,210.0,,1785257494,3959.3
exp_20260728T164420Z_99421c58,df531b8b,lab_subject_11,lab_subject_11,lab,user,block_late,2,176,31.0,65189.346896484494,1785257490,
exp_20260728T164420Z_99421c58,df531b8b,lab_subject_11,lab_subject_11,lab,assistant,block_late,3,1492,231.0,,1785257613,4292.4
exp_20260728T164420Z_99421c58,df531b8b,lab_subject_11,lab_subject_11,lab,user,block_late,3,185,37.0,114740.47950096428,1785257609,
exp_20260728T164420Z_99421c58,df531b8b,lab_subject_11,lab_subject_11,lab,assistant,block_late,4,1024,162.0,,1785257700,3291.6
exp_20260728T164420Z_99421c58,df531b8b,lab_subject_11,lab_subject_11,lab,user,block_late,4,114,19.0,80375.36609917879,1785257694,
exp_20260728T164420Z_99421c58,df531b8b,lab_subject_11,lab_subject_11,lab,assistant,inline_early,1,1342,184.0,,1785258212,4301.8
exp_20260728T164420Z_99421c58,df531b8b,lab_subject_11,lab_subject_11,lab,user,inline_early,1,473,91.0,,1785258208,
exp_20260728T164420Z_99421c58,df531b8b,lab_subject_11,lab_subject_11,lab,assistant,inline_early,2,1198,217.0,,1785258253,3924.5
exp_20260728T164420Z_99421c58,df531b8b,lab_subject_11,lab_subject_11,lab,user,inline_early,2,64,14.0,33385.53402014077,1785258245,
exp_20260728T164420Z_99421c58,df531b8b,lab_subject_11,lab_subject_11,lab,assistant,inline_early,3,1492,234.0,,1785258318,5101.8
exp_20260728T164420Z_99421c58,df531b8b,lab_subject_11,lab_subject_11,lab,user,inline_early,3,184,33.0,60123.97783063352,1785258313,
exp_20260728T164420Z_99421c58,df531b8b,lab_subject_11,lab_subject_11,lab,assistant,inline_early,4,2219,362.0,,1785258377,6579.2
exp_20260728T164420Z_99421c58,df531b8b,lab_subject_11,lab_subject_11,lab,user,inline_early,4,139,28.0,52603.315429762006,1785258371,
exp_20260728T164420Z_99421c58,df531b8b,lab_subject_11,lab_subject_11,lab,assistant,inline_late,1,2195,362.0,,1785259363,7307.7
exp_20260728T164420Z_99421c58,df531b8b,lab_subject_11,lab_subject_11,lab,user,inline_late,1,193,40.0,,1785259356,
exp_20260728T164420Z_99421c58,df531b8b,lab_subject_11,lab_subject_11,lab,assistant,inline_late,2,2172,381.0,,1785259447,7716.3
exp_20260728T164420Z_99421c58,df531b8b,lab_subject_11,lab_subject_11,lab,user,inline_late,2,100,20.0,76332.7188771218,1785259439,
exp_20260728T164420Z_99421c58,df531b8b,lab_subject_11,lab_subject_11,lab,assistant,inline_late,3,2895,488.0,,1785259515,9181.4
exp_20260728T164420Z_99421c58,df531b8b,lab_subject_11,lab_subject_11,lab,user,inline_late,3,82,16.0,58483.45064744353,1785259506,
exp_20260728T164420Z_99421c58,df531b8b,lab_subject_11,lab_subject_11,lab,assistant,inline_late,4,3535,594.0,,1785259596,11610.4
exp_20260728T164420Z_99421c58,df531b8b,lab_subject_11,lab_subject_11,lab,user,inline_late,4,76,15.0,65797.27182537317,1785259581,
exp_20260728T164420Z_99421c58,df531b8b,lab_subject_11,lab_subject_11,lab,assistant,no_ads,1,696,99.0,,1785258835,2714.1
exp_20260728T164420Z_99421c58,df531b8b,lab_subject_11,lab_subject_11,lab,user,no_ads,1,436,82.0,,1785258832,
exp_20260728T164420Z_99421c58,df531b8b,lab_subject_11,lab_subject_11,lab,assistant,no_ads,2,443,78.0,,1785258875,2154.1
exp_20260728T164420Z_99421c58,df531b8b,lab_subject_11,lab_subject_11,lab,user,no_ads,2,47,10.0,38152.80304476619,1785258873,
exp_20260728T164420Z_99421c58,df531b8b,lab_subject_11,lab_subject_11,lab,assistant,no_ads,3,828,133.0,,1785258947,3120.7
exp_20260728T164420Z_99421c58,df531b8b,lab_subject_11,lab_subject_11,lab,user,no_ads,3,179,39.0,68852.33282856643,1785258944,
exp_20260728T164420Z_99421c58,df531b8b,lab_subject_11,lab_subject_11,lab,assistant,no_ads,4,881,130.0,,1785258996,3362.7
exp_20260728T164420Z_99421c58,df531b8b,lab_subject_11,lab_subject_11,lab,user,no_ads,4,39,6.0,45173.096250742674,1785258992,
exp_20260728T142237Z_262a5eab,3a54a63f,lab_subject_12,lab_subject_12,lab,assistant,block_early,1,2020,320.0,,1785251926,6385.8
exp_20260728T142237Z_262a5eab,3a54a63f,lab_subject_12,lab_subject_12,lab,user,block_early,1,165,27.0,,1785251919,
exp_20260728T142237Z_262a5eab,3a54a63f,lab_subject_12,lab_subject_12,lab,assistant,block_early,2,1773,275.0,,1785252057,5923.6
exp_20260728T142237Z_262a5eab,3a54a63f,lab_subject_12,lab_subject_12,lab,user,block_early,2,78,15.0,104335.11070720851,1785252030,
exp_20260728T142237Z_262a5eab,3a54a63f,lab_subject_12,lab_subject_12,lab,assistant,block_early,3,514,84.0,,1785252136,2744.5
exp_20260728T142237Z_262a5eab,3a54a63f,lab_subject_12,lab_subject_12,lab,user,block_early,3,31,7.0,76165.39943031967,1785252133,
exp_20260728T142237Z_262a5eab,3a54a63f,lab_subject_12,lab_subject_12,lab,assistant,block_early,4,927,148.0,,1785252165,3140.6
exp_20260728T142237Z_262a5eab,3a54a63f,lab_subject_12,lab_subject_12,lab,user,block_early,4,31,7.0,25982.132714241743,1785252162,
exp_20260728T142237Z_262a5eab,3a54a63f,lab_subject_12,lab_subject_12,lab,assistant,block_late,1,410,61.0,,1785253134,2269.7
exp_20260728T142237Z_262a5eab,3a54a63f,lab_subject_12,lab_subject_12,lab,user,block_late,1,105,22.0,,1785253132,
exp_20260728T142237Z_262a5eab,3a54a63f,lab_subject_12,lab_subject_12,lab,assistant,block_late,2,498,81.0,,1785253233,2037.5
exp_20260728T142237Z_262a5eab,3a54a63f,lab_subject_12,lab_subject_12,lab,user,block_late,2,108,22.0,97213.31600472331,1785253231,
exp_20260728T142237Z_262a5eab,3a54a63f,lab_subject_12,lab_subject_12,lab,assistant,block_late,3,1359,184.0,,1785253302,3869.0
exp_20260728T142237Z_262a5eab,3a54a63f,lab_subject_12,lab_subject_12,lab,user,block_late,3,87,15.0,64624.69755858183,1785253298,
exp_20260728T142237Z_262a5eab,3a54a63f,lab_subject_12,lab_subject_12,lab,assistant,block_late,4,1511,227.0,,1785253403,4604.9
exp_20260728T142237Z_262a5eab,3a54a63f,lab_subject_12,lab_subject_12,lab,user,block_late,4,102,20.0,93686.81631609797,1785253396,
exp_20260728T142237Z_262a5eab,3a54a63f,lab_subject_12,lab_subject_12,lab,assistant,inline_early,1,1558,240.0,,1785252556,4614.2
exp_20260728T142237Z_262a5eab,3a54a63f,lab_subject_12,lab_subject_12,lab,user,inline_early,1,183,34.0,,1785252551,
exp_20260728T142237Z_262a5eab,3a54a63f,lab_subject_12,lab_subject_12,lab,assistant,inline_early,2,934,149.0,,1785252664,2940.4
exp_20260728T142237Z_262a5eab,3a54a63f,lab_subject_12,lab_subject_12,lab,user,inline_early,2,124,22.0,102737.38522082567,1785252659,
exp_20260728T142237Z_262a5eab,3a54a63f,lab_subject_12,lab_subject_12,lab,assistant,inline_early,3,1066,161.0,,1785252705,4125.0
exp_20260728T142237Z_262a5eab,3a54a63f,lab_subject_12,lab_subject_12,lab,user,inline_early,3,47,10.0,36653.056712821126,1785252701,
exp_20260728T142237Z_262a5eab,3a54a63f,lab_subject_12,lab_subject_12,lab,assistant,inline_early,4,1582,245.0,,1785252767,4547.1
exp_20260728T142237Z_262a5eab,3a54a63f,lab_subject_12,lab_subject_12,lab,user,inline_early,4,55,10.0,57055.85126020014,1785252762,
exp_20260728T142237Z_262a5eab,3a54a63f,lab_subject_12,lab_subject_12,lab,assistant,inline_late,1,80,12.0,,1785253730,1525.9
exp_20260728T142237Z_262a5eab,3a54a63f,lab_subject_12,lab_subject_12,lab,user,inline_late,1,143,28.0,,1785253729,
exp_20260728T142237Z_262a5eab,3a54a63f,lab_subject_12,lab_subject_12,lab,assistant,inline_late,2,246,37.0,,1785253742,1584.3
exp_20260728T142237Z_262a5eab,3a54a63f,lab_subject_12,lab_subject_12,lab,user,inline_late,2,21,3.0,10270.091591402888,1785253740,
exp_20260728T142237Z_262a5eab,3a54a63f,lab_subject_12,lab_subject_12,lab,assistant,inline_late,3,201,34.0,,1785253770,1483.0
exp_20260728T142237Z_262a5eab,3a54a63f,lab_subject_12,lab_subject_12,lab,user,inline_late,3,47,9.0,26712.025301530957,1785253769,
exp_20260728T142237Z_262a5eab,3a54a63f,lab_subject_12,lab_subject_12,lab,assistant,inline_late,4,343,56.0,,1785253794,1979.0
exp_20260728T142237Z_262a5eab,3a54a63f,lab_subject_12,lab_subject_12,lab,user,inline_late,4,31,7.0,19362.02418245375,1785253790,
exp_20260728T142237Z_262a5eab,3a54a63f,lab_subject_12,lab_subject_12,lab,assistant,no_ads,1,1066,172.0,,1785251242,3518.0
exp_20260728T142237Z_262a5eab,3a54a63f,lab_subject_12,lab_subject_12,lab,user,no_ads,1,171,34.0,,1785251238,
exp_20260728T142237Z_262a5eab,3a54a63f,lab_subject_12,lab_subject_12,lab,assistant,no_ads,2,728,120.0,,1785251333,2633.0
exp_20260728T142237Z_262a5eab,3a54a63f,lab_subject_12,lab_subject_12,lab,user,no_ads,2,135,27.0,88312.46607005596,1785251330,
exp_20260728T142237Z_262a5eab,3a54a63f,lab_subject_12,lab_subject_12,lab,assistant,no_ads,3,616,96.0,,1785251416,2458.8
exp_20260728T142237Z_262a5eab,3a54a63f,lab_subject_12,lab_subject_12,lab,user,no_ads,3,44,8.0,80687.29513324797,1785251413,
exp_20260728T142237Z_262a5eab,3a54a63f,lab_subject_12,lab_subject_12,lab,assistant,no_ads,4,888,136.0,,1785251496,3243.1
exp_20260728T142237Z_262a5eab,3a54a63f,lab_subject_12,lab_subject_12,lab,user,no_ads,4,124,27.0,76701.07886940241,1785251492,
exp_20260729T085134Z_65b7fd8e,14a217fd,lab_subject_13,lab_subject_13,lab,assistant,block_early,1,1956,304.0,,1785318560,5973.6
exp_20260729T085134Z_65b7fd8e,14a217fd,lab_subject_13,lab_subject_13,lab,user,block_early,1,504,97.0,,1785318554,
exp_20260729T085134Z_65b7fd8e,14a217fd,lab_subject_13,lab_subject_13,lab,assistant,block_early,2,319,53.0,,1785318615,1986.5
exp_20260729T085134Z_65b7fd8e,14a217fd,lab_subject_13,lab_subject_13,lab,user,block_early,2,115,23.0,50354.485457763076,1785318610,
exp_20260729T085134Z_65b7fd8e,14a217fd,lab_subject_13,lab_subject_13,lab,assistant,block_early,3,1628,247.0,,1785318648,4764.0
exp_20260729T085134Z_65b7fd8e,14a217fd,lab_subject_13,lab_subject_13,lab,user,block_early,3,64,9.0,27846.862656995654,1785318643,
exp_20260729T085134Z_65b7fd8e,14a217fd,lab_subject_13,lab_subject_13,lab,assistant,block_early,4,2594,434.0,,1785318709,7347.4
exp_20260729T085134Z_65b7fd8e,14a217fd,lab_subject_13,lab_subject_13,lab,user,block_early,4,132,27.0,53341.00088477135,1785318701,
exp_20260729T085134Z_65b7fd8e,14a217fd,lab_subject_13,lab_subject_13,lab,assistant,block_late,1,252,43.0,,1785317151,1793.6
exp_20260729T085134Z_65b7fd8e,14a217fd,lab_subject_13,lab_subject_13,lab,user,block_late,1,246,48.0,,1785317149,
exp_20260729T085134Z_65b7fd8e,14a217fd,lab_subject_13,lab_subject_13,lab,assistant,block_late,2,623,92.0,,1785317201,2405.0
exp_20260729T085134Z_65b7fd8e,14a217fd,lab_subject_13,lab_subject_13,lab,user,block_late,2,89,13.0,47524.81695078313,1785317198,
exp_20260729T085134Z_65b7fd8e,14a217fd,lab_subject_13,lab_subject_13,lab,assistant,block_late,3,432,62.0,,1785317238,2049.0
exp_20260729T085134Z_65b7fd8e,14a217fd,lab_subject_13,lab_subject_13,lab,user,block_late,3,116,21.0,35169.41121220589,1785317236,
exp_20260729T085134Z_65b7fd8e,14a217fd,lab_subject_13,lab_subject_13,lab,assistant,block_late,4,616,86.0,,1785317274,2594.0
exp_20260729T085134Z_65b7fd8e,14a217fd,lab_subject_13,lab_subject_13,lab,user,block_late,4,38,10.0,31002.5627464056,1785317269,
exp_20260729T085134Z_65b7fd8e,14a217fd,lab_subject_13,lab_subject_13,lab,assistant,inline_early,1,371,58.0,,1785318975,2010.7
exp_20260729T085134Z_65b7fd8e,14a217fd,lab_subject_13,lab_subject_13,lab,user,inline_early,1,190,38.0,,1785318973,
exp_20260729T085134Z_65b7fd8e,14a217fd,lab_subject_13,lab_subject_13,lab,assistant,inline_early,2,500,84.0,,1785318998,2272.5
exp_20260729T085134Z_65b7fd8e,14a217fd,lab_subject_13,lab_subject_13,lab,user,inline_early,2,7,1.0,17990.962598472834,1785318993,
exp_20260729T085134Z_65b7fd8e,14a217fd,lab_subject_13,lab_subject_13,lab,assistant,inline_early,3,480,74.0,,1785319042,2134.7
exp_20260729T085134Z_65b7fd8e,14a217fd,lab_subject_13,lab_subject_13,lab,user,inline_early,3,127,25.0,41636.980179697275,1785319040,
exp_20260729T085134Z_65b7fd8e,14a217fd,lab_subject_13,lab_subject_13,lab,assistant,inline_early,4,184,29.0,,1785319062,1535.1
exp_20260729T085134Z_65b7fd8e,14a217fd,lab_subject_13,lab_subject_13,lab,user,inline_early,4,4,1.0,18027.64490991831,1785319060,
exp_20260729T085134Z_65b7fd8e,14a217fd,lab_subject_13,lab_subject_13,lab,assistant,inline_late,1,983,143.0,,1785317542,4074.6
exp_20260729T085134Z_65b7fd8e,14a217fd,lab_subject_13,lab_subject_13,lab,user,inline_late,1,136,26.0,,1785317538,
exp_20260729T085134Z_65b7fd8e,14a217fd,lab_subject_13,lab_subject_13,lab,assistant,inline_late,2,1128,173.0,,1785317590,4069.6
exp_20260729T085134Z_65b7fd8e,14a217fd,lab_subject_13,lab_subject_13,lab,user,inline_late,2,46,8.0,44343.67729909718,1785317586,
exp_20260729T085134Z_65b7fd8e,14a217fd,lab_subject_13,lab_subject_13,lab,assistant,inline_late,3,1342,206.0,,1785317639,4725.4
exp_20260729T085134Z_65b7fd8e,14a217fd,lab_subject_13,lab_subject_13,lab,user,inline_late,3,62,11.0,44340.27279727161,1785317635,
exp_20260729T085134Z_65b7fd8e,14a217fd,lab_subject_13,lab_subject_13,lab,assistant,inline_late,4,1354,224.0,,1785317726,4337.1
exp_20260729T085134Z_65b7fd8e,14a217fd,lab_subject_13,lab_subject_13,lab,user,inline_late,4,126,25.0,78852.45486535132,1785317718,
exp_20260729T085134Z_65b7fd8e,14a217fd,lab_subject_13,lab_subject_13,lab,assistant,no_ads,1,915,143.0,,1785318008,3164.6
exp_20260729T085134Z_65b7fd8e,14a217fd,lab_subject_13,lab_subject_13,lab,user,no_ads,1,273,56.0,,1785318005,
exp_20260729T085134Z_65b7fd8e,14a217fd,lab_subject_13,lab_subject_13,lab,assistant,no_ads,2,846,144.0,,1785318086,3000.3
exp_20260729T085134Z_65b7fd8e,14a217fd,lab_subject_13,lab_subject_13,lab,user,no_ads,2,81,13.0,74617.26436205208,1785318083,
exp_20260729T085134Z_65b7fd8e,14a217fd,lab_subject_13,lab_subject_13,lab,assistant,no_ads,3,1660,257.0,,1785318143,4657.0
exp_20260729T085134Z_65b7fd8e,14a217fd,lab_subject_13,lab_subject_13,lab,user,no_ads,3,130,24.0,52302.45099961758,1785318138,
exp_20260729T085134Z_65b7fd8e,14a217fd,lab_subject_13,lab_subject_13,lab,assistant,no_ads,4,1299,209.0,,1785318202,3892.7
exp_20260729T085134Z_65b7fd8e,14a217fd,lab_subject_13,lab_subject_13,lab,user,no_ads,4,30,6.0,55555.54908886552,1785318198,
exp_20260729T141534Z_a0790737,804139c0,lab_subject_14,lab_subject_14,lab,assistant,block_early,1,873,136.0,,1785337081,3665.5
exp_20260729T141534Z_a0790737,804139c0,lab_subject_14,lab_subject_14,lab,user,block_early,1,67,15.0,,1785337077,
exp_20260729T141534Z_a0790737,804139c0,lab_subject_14,lab_subject_14,lab,assistant,block_early,2,1360,209.0,,1785337165,4514.8
exp_20260729T141534Z_a0790737,804139c0,lab_subject_14,lab_subject_14,lab,user,block_early,2,36,8.0,76619.71010453999,1785337157,
exp_20260729T141534Z_a0790737,804139c0,lab_subject_14,lab_subject_14,lab,assistant,block_early,3,2028,296.0,,1785337222,5869.7
exp_20260729T141534Z_a0790737,804139c0,lab_subject_14,lab_subject_14,lab,user,block_early,3,39,9.0,50561.44060380757,1785337216,
exp_20260729T141534Z_a0790737,804139c0,lab_subject_14,lab_subject_14,lab,assistant,block_early,4,1311,208.0,,1785337245,4493.2
exp_20260729T141534Z_a0790737,804139c0,lab_subject_14,lab_subject_14,lab,user,block_early,4,22,5.0,18142.154024913907,1785337240,
exp_20260729T141534Z_a0790737,804139c0,lab_subject_14,lab_subject_14,lab,assistant,block_late,1,1309,196.0,,1785337537,4126.1
exp_20260729T141534Z_a0790737,804139c0,lab_subject_14,lab_subject_14,lab,user,block_late,1,101,22.0,,1785337532,
exp_20260729T141534Z_a0790737,804139c0,lab_subject_14,lab_subject_14,lab,assistant,block_late,2,985,150.0,,1785337633,3306.6
exp_20260729T141534Z_a0790737,804139c0,lab_subject_14,lab_subject_14,lab,user,block_late,2,35,9.0,92929.80142310262,1785337629,
exp_20260729T141534Z_a0790737,804139c0,lab_subject_14,lab_subject_14,lab,assistant,block_late,3,891,129.0,,1785337706,3310.0
exp_20260729T141534Z_a0790737,804139c0,lab_subject_14,lab_subject_14,lab,user,block_late,3,38,8.0,69314.1001984477,1785337702,
exp_20260729T141534Z_a0790737,804139c0,lab_subject_14,lab_subject_14,lab,assistant,block_late,4,914,128.0,,1785337765,3824.7
exp_20260729T141534Z_a0790737,804139c0,lab_subject_14,lab_subject_14,lab,user,block_late,4,65,12.0,53314.36522305012,1785337759,
exp_20260729T141534Z_a0790737,804139c0,lab_subject_14,lab_subject_14,lab,assistant,inline_early,1,424,59.0,,1785335204,2077.9
exp_20260729T141534Z_a0790737,804139c0,lab_subject_14,lab_subject_14,lab,user,inline_early,1,36,7.0,,1785335202,
exp_20260729T141534Z_a0790737,804139c0,lab_subject_14,lab_subject_14,lab,assistant,inline_early,2,704,100.0,,1785335315,2492.0
exp_20260729T141534Z_a0790737,804139c0,lab_subject_14,lab_subject_14,lab,user,inline_early,2,19,5.0,106185.14586798847,1785335310,
exp_20260729T141534Z_a0790737,804139c0,lab_subject_14,lab_subject_14,lab,assistant,inline_early,3,587,89.0,,1785335452,2422.4
exp_20260729T141534Z_a0790737,804139c0,lab_subject_14,lab_subject_14,lab,user,inline_early,3,44,9.0,134307.9087883234,1785335449,
exp_20260729T141534Z_a0790737,804139c0,lab_subject_14,lab_subject_14,lab,assistant,inline_early,4,872,126.0,,1785335527,3216.8
exp_20260729T141534Z_a0790737,804139c0,lab_subject_14,lab_subject_14,lab,user,inline_early,4,23,4.0,72310.95677614212,1785335524,
exp_20260729T141534Z_a0790737,804139c0,lab_subject_14,lab_subject_14,lab,assistant,inline_late,1,386,63.0,,1785336092,2017.3
exp_20260729T141534Z_a0790737,804139c0,lab_subject_14,lab_subject_14,lab,user,inline_late,1,129,29.0,,1785336090,
exp_20260729T141534Z_a0790737,804139c0,lab_subject_14,lab_subject_14,lab,assistant,inline_late,2,1019,178.0,,1785336163,3938.1
exp_20260729T141534Z_a0790737,804139c0,lab_subject_14,lab_subject_14,lab,user,inline_late,2,28,6.0,67299.1314791143,1785336159,
exp_20260729T141534Z_a0790737,804139c0,lab_subject_14,lab_subject_14,lab,assistant,inline_late,3,612,82.0,,1785336283,2597.5
exp_20260729T141534Z_a0790737,804139c0,lab_subject_14,lab_subject_14,lab,user,inline_late,3,68,16.0,117474.9062564224,1785336281,
exp_20260729T141534Z_a0790737,804139c0,lab_subject_14,lab_subject_14,lab,assistant,inline_late,4,816,136.0,,1785336308,2849.3
exp_20260729T141534Z_a0790737,804139c0,lab_subject_14,lab_subject_14,lab,user,inline_late,4,19,3.0,18646.181788295507,1785336302,
exp_20260729T141534Z_a0790737,804139c0,lab_subject_14,lab_subject_14,lab,assistant,no_ads,1,222,34.0,,1785336674,1767.6
exp_20260729T141534Z_a0790737,804139c0,lab_subject_14,lab_subject_14,lab,user,no_ads,1,84,20.0,,1785336672,
exp_20260729T141534Z_a0790737,804139c0,lab_subject_14,lab_subject_14,lab,assistant,no_ads,2,210,30.0,,1785336706,1695.2
exp_20260729T141534Z_a0790737,804139c0,lab_subject_14,lab_subject_14,lab,user,no_ads,2,10,1.0,30107.573395594954,1785336704,
exp_20260729T141534Z_a0790737,804139c0,lab_subject_14,lab_subject_14,lab,assistant,no_ads,3,132,21.0,,1785336734,1427.8
exp_20260729T141534Z_a0790737,804139c0,lab_subject_14,lab_subject_14,lab,user,no_ads,3,22,5.0,26395.260138437152,1785336733,
exp_20260729T141534Z_a0790737,804139c0,lab_subject_14,lab_subject_14,lab,assistant,no_ads,4,42,7.0,,1785336761,1260.0
exp_20260729T141534Z_a0790737,804139c0,lab_subject_14,lab_subject_14,lab,user,no_ads,4,19,4.0,25914.283882826567,1785336760,
exp_20260730T074927Z_347e077f,d01ce181,lab_subject_15,lab_subject_15,lab,assistant,block_early,1,659,97.0,,1785401590,2653.0
exp_20260730T074927Z_347e077f,d01ce181,lab_subject_15,lab_subject_15,lab,user,block_early,1,429,87.0,,1785401587,
exp_20260730T074927Z_347e077f,d01ce181,lab_subject_15,lab_subject_15,lab,assistant,block_early,2,994,159.0,,1785401710,3216.0
exp_20260730T074927Z_347e077f,d01ce181,lab_subject_15,lab_subject_15,lab,user,block_early,2,300,59.0,114002.52700783312,1785401704,
exp_20260730T074927Z_347e077f,d01ce181,lab_subject_15,lab_subject_15,lab,assistant,block_early,3,796,123.0,,1785401805,2610.2
exp_20260730T074927Z_347e077f,d01ce181,lab_subject_15,lab_subject_15,lab,user,block_early,3,175,36.0,91769.85630951822,1785401802,
exp_20260730T074927Z_347e077f,d01ce181,lab_subject_15,lab_subject_15,lab,assistant,block_early,4,886,150.0,,1785401873,3175.8
exp_20260730T074927Z_347e077f,d01ce181,lab_subject_15,lab_subject_15,lab,user,block_early,4,158,33.0,65025.98605491221,1785401870,
exp_20260730T074927Z_347e077f,d01ce181,lab_subject_15,lab_subject_15,lab,assistant,block_late,1,385,61.0,,1785402394,2030.2
exp_20260730T074927Z_347e077f,d01ce181,lab_subject_15,lab_subject_15,lab,user,block_late,1,1082,208.0,,1785402391,
exp_20260730T074927Z_347e077f,d01ce181,lab_subject_15,lab_subject_15,lab,assistant,block_late,2,350,49.0,,1785402476,1730.4
exp_20260730T074927Z_347e077f,d01ce181,lab_subject_15,lab_subject_15,lab,user,block_late,2,270,61.0,80424.584755674,1785402474,
exp_20260730T074927Z_347e077f,d01ce181,lab_subject_15,lab_subject_15,lab,assistant,block_late,3,644,105.0,,1785402562,2434.1
exp_20260730T074927Z_347e077f,d01ce181,lab_subject_15,lab_subject_15,lab,user,block_late,3,250,55.0,83510.7137747109,1785402559,
exp_20260730T074927Z_347e077f,d01ce181,lab_subject_15,lab_subject_15,lab,assistant,block_late,4,885,138.0,,1785402683,3117.0
exp_20260730T074927Z_347e077f,d01ce181,lab_subject_15,lab_subject_15,lab,user,block_late,4,272,51.0,115134.88982245326,1785402677,
exp_20260730T074927Z_347e077f,d01ce181,lab_subject_15,lab_subject_15,lab,assistant,inline_early,1,344,49.0,,1785402974,2037.1
exp_20260730T074927Z_347e077f,d01ce181,lab_subject_15,lab_subject_15,lab,user,inline_early,1,303,55.0,,1785402972,
exp_20260730T074927Z_347e077f,d01ce181,lab_subject_15,lab_subject_15,lab,assistant,inline_early,2,468,73.0,,1785403043,2137.0
exp_20260730T074927Z_347e077f,d01ce181,lab_subject_15,lab_subject_15,lab,user,inline_early,2,157,25.0,64364.08564262092,1785403038,
exp_20260730T074927Z_347e077f,d01ce181,lab_subject_15,lab_subject_15,lab,assistant,inline_early,3,1405,232.0,,1785403115,4277.4
exp_20260730T074927Z_347e077f,d01ce181,lab_subject_15,lab_subject_15,lab,user,inline_early,3,100,19.0,67327.60268636048,1785403110,
exp_20260730T074927Z_347e077f,d01ce181,lab_subject_15,lab_subject_15,lab,assistant,inline_early,4,1269,189.0,,1785403202,3727.6
exp_20260730T074927Z_347e077f,d01ce181,lab_subject_15,lab_subject_15,lab,user,inline_early,4,155,30.0,83632.66755267978,1785403198,
exp_20260730T074927Z_347e077f,d01ce181,lab_subject_15,lab_subject_15,lab,assistant,inline_late,1,2029,324.0,,1785399908,6504.3
exp_20260730T074927Z_347e077f,d01ce181,lab_subject_15,lab_subject_15,lab,user,inline_late,1,295,56.0,,1785399901,
exp_20260730T074927Z_347e077f,d01ce181,lab_subject_15,lab_subject_15,lab,assistant,inline_late,2,1254,186.0,,1785399970,4180.6
exp_20260730T074927Z_347e077f,d01ce181,lab_subject_15,lab_subject_15,lab,user,inline_late,2,50,9.0,58461.849158629775,1785399966,
exp_20260730T074927Z_347e077f,d01ce181,lab_subject_15,lab_subject_15,lab,assistant,inline_late,3,2529,404.0,,1785400022,7978.9
exp_20260730T074927Z_347e077f,d01ce181,lab_subject_15,lab_subject_15,lab,user,inline_late,3,122,24.0,43163.05463947356,1785400014,
exp_20260730T074927Z_347e077f,d01ce181,lab_subject_15,lab_subject_15,lab,assistant,inline_late,4,1451,215.0,,1785400106,4544.2
exp_20260730T074927Z_347e077f,d01ce181,lab_subject_15,lab_subject_15,lab,user,inline_late,4,127,23.0,76211.6266246885,1785400098,
exp_20260730T074927Z_347e077f,d01ce181,lab_subject_15,lab_subject_15,lab,assistant,no_ads,1,3076,479.0,,1785400715,7788.9
exp_20260730T074927Z_347e077f,d01ce181,lab_subject_15,lab_subject_15,lab,user,no_ads,1,794,149.0,,1785400707,
exp_20260730T074927Z_347e077f,d01ce181,lab_subject_15,lab_subject_15,lab,assistant,no_ads,2,2850,448.0,,1785400916,7242.0
exp_20260730T074927Z_347e077f,d01ce181,lab_subject_15,lab_subject_15,lab,user,no_ads,2,114,21.0,193817.59201921523,1785400909,
exp_20260730T074927Z_347e077f,d01ce181,lab_subject_15,lab_subject_15,lab,assistant,no_ads,3,3661,569.0,,1785401083,8879.1
exp_20260730T074927Z_347e077f,d01ce181,lab_subject_15,lab_subject_15,lab,user,no_ads,3,268,48.0,157741.57780781388,1785401074,
exp_20260730T074927Z_347e077f,d01ce181,lab_subject_15,lab_subject_15,lab,assistant,no_ads,4,4491,676.0,,1785401146,11961.4
exp_20260730T074927Z_347e077f,d01ce181,lab_subject_15,lab_subject_15,lab,user,no_ads,4,126,23.0,51403.37040089071,1785401134,
exp_20260730T110035Z_a5786cb8,67da526a,lab_subject_16,lab_subject_16,lab,assistant,block_early,1,2204,383.0,,1785411249,8416.1
exp_20260730T110035Z_a5786cb8,67da526a,lab_subject_16,lab_subject_16,lab,user,block_early,1,226,45.0,,1785411241,
exp_20260730T110035Z_a5786cb8,67da526a,lab_subject_16,lab_subject_16,lab,assistant,block_early,2,2136,317.0,,1785411307,6371.2
exp_20260730T110035Z_a5786cb8,67da526a,lab_subject_16,lab_subject_16,lab,user,block_early,2,132,26.0,47892.39289984107,1785411297,
exp_20260730T110035Z_a5786cb8,67da526a,lab_subject_16,lab_subject_16,lab,assistant,block_early,3,3343,513.0,,1785411377,10276.5
exp_20260730T110035Z_a5786cb8,67da526a,lab_subject_16,lab_subject_16,lab,user,block_early,3,147,31.0,59539.19277340174,1785411366,
exp_20260730T110035Z_a5786cb8,67da526a,lab_subject_16,lab_subject_16,lab,assistant,block_early,4,1890,322.0,,1785411413,5857.1
exp_20260730T110035Z_a5786cb8,67da526a,lab_subject_16,lab_subject_16,lab,user,block_early,4,47,11.0,30371.67708389461,1785411407,
exp_20260730T110035Z_a5786cb8,67da526a,lab_subject_16,lab_subject_16,lab,assistant,block_late,1,1459,189.0,,1785410414,4509.1
exp_20260730T110035Z_a5786cb8,67da526a,lab_subject_16,lab_subject_16,lab,user,block_late,1,248,55.0,,1785410409,
exp_20260730T110035Z_a5786cb8,67da526a,lab_subject_16,lab_subject_16,lab,assistant,block_late,2,860,132.0,,1785410478,3374.5
exp_20260730T110035Z_a5786cb8,67da526a,lab_subject_16,lab_subject_16,lab,user,block_late,2,235,51.0,60930.85937201977,1785410475,
exp_20260730T110035Z_a5786cb8,67da526a,lab_subject_16,lab_subject_16,lab,assistant,block_late,3,835,137.0,,1785410522,3101.3
exp_20260730T110035Z_a5786cb8,67da526a,lab_subject_16,lab_subject_16,lab,user,block_late,3,109,22.0,40358.1023812294,1785410519,
exp_20260730T110035Z_a5786cb8,67da526a,lab_subject_16,lab_subject_16,lab,assistant,block_late,4,1423,238.0,,1785410584,4130.2
exp_20260730T110035Z_a5786cb8,67da526a,lab_subject_16,lab_subject_16,lab,user,block_late,4,225,48.0,54805.70518411696,1785410577,
exp_20260730T110035Z_a5786cb8,67da526a,lab_subject_16,lab_subject_16,lab,assistant,inline_early,1,269,45.0,,1785409907,1841.5
exp_20260730T110035Z_a5786cb8,67da526a,lab_subject_16,lab_subject_16,lab,user,inline_early,1,84,18.0,,1785409905,
exp_20260730T110035Z_a5786cb8,67da526a,lab_subject_16,lab_subject_16,lab,assistant,inline_early,2,400,67.0,,1785409994,2073.9
exp_20260730T110035Z_a5786cb8,67da526a,lab_subject_16,lab_subject_16,lab,user,inline_early,2,257,50.0,82387.41162791848,1785409989,
exp_20260730T110035Z_a5786cb8,67da526a,lab_subject_16,lab_subject_16,lab,assistant,inline_early,3,381,65.0,,1785410067,1966.8
exp_20260730T110035Z_a5786cb8,67da526a,lab_subject_16,lab_subject_16,lab,user,inline_early,3,175,38.0,71153.11334840953,1785410065,
exp_20260730T110035Z_a5786cb8,67da526a,lab_subject_16,lab_subject_16,lab,assistant,inline_early,4,307,50.0,,1785410122,1602.9
exp_20260730T110035Z_a5786cb8,67da526a,lab_subject_16,lab_subject_16,lab,user,inline_early,4,143,26.0,52971.30644507706,1785410120,
exp_20260730T110035Z_a5786cb8,67da526a,lab_subject_16,lab_subject_16,lab,assistant,inline_late,1,558,78.0,,1785410878,2452.7
exp_20260730T110035Z_a5786cb8,67da526a,lab_subject_16,lab_subject_16,lab,user,inline_late,1,262,47.0,,1785410876,
exp_20260730T110035Z_a5786cb8,67da526a,lab_subject_16,lab_subject_16,lab,assistant,inline_late,2,427,64.0,,1785410944,1987.7
exp_20260730T110035Z_a5786cb8,67da526a,lab_subject_16,lab_subject_16,lab,user,inline_late,2,239,45.0,63317.19787977636,1785410942,
exp_20260730T110035Z_a5786cb8,67da526a,lab_subject_16,lab_subject_16,lab,assistant,inline_late,3,305,45.0,,1785410967,1769.8
exp_20260730T110035Z_a5786cb8,67da526a,lab_subject_16,lab_subject_16,lab,user,inline_late,3,36,5.0,21361.078647896647,1785410965,
exp_20260730T110035Z_a5786cb8,67da526a,lab_subject_16,lab_subject_16,lab,assistant,inline_late,4,518,81.0,,1785410992,2325.1
exp_20260730T110035Z_a5786cb8,67da526a,lab_subject_16,lab_subject_16,lab,user,inline_late,4,47,10.0,19941.263679414988,1785410987,
exp_20260730T110035Z_a5786cb8,67da526a,lab_subject_16,lab_subject_16,lab,assistant,no_ads,1,696,104.0,,1785409410,2446.6
exp_20260730T110035Z_a5786cb8,67da526a,lab_subject_16,lab_subject_16,lab,user,no_ads,1,122,24.0,,1785409407,
exp_20260730T110035Z_a5786cb8,67da526a,lab_subject_16,lab_subject_16,lab,assistant,no_ads,2,791,131.0,,1785409501,2729.1
exp_20260730T110035Z_a5786cb8,67da526a,lab_subject_16,lab_subject_16,lab,user,no_ads,2,249,51.0,87936.13461777568,1785409498,
exp_20260730T110035Z_a5786cb8,67da526a,lab_subject_16,lab_subject_16,lab,assistant,no_ads,3,951,141.0,,1785409573,3085.0
exp_20260730T110035Z_a5786cb8,67da526a,lab_subject_16,lab_subject_16,lab,user,no_ads,3,183,36.0,69167.9967995733,1785409570,
exp_20260730T110035Z_a5786cb8,67da526a,lab_subject_16,lab_subject_16,lab,assistant,no_ads,4,916,153.0,,1785409626,3215.6
exp_20260730T110035Z_a5786cb8,67da526a,lab_subject_16,lab_subject_16,lab,user,no_ads,4,143,28.0,49582.03047513962,1785409622,
exp_20260730T143127Z_9fcb5eb7,e3739fc8,lab_subject_17,lab_subject_17,lab,assistant,block_early,1,483,78.0,,1785422037,2377.6
exp_20260730T143127Z_9fcb5eb7,e3739fc8,lab_subject_17,lab_subject_17,lab,user,block_early,1,504,84.0,,1785422035,
exp_20260730T143127Z_9fcb5eb7,e3739fc8,lab_subject_17,lab_subject_17,lab,assistant,block_early,2,1074,158.0,,1785422086,3604.8
exp_20260730T143127Z_9fcb5eb7,e3739fc8,lab_subject_17,lab_subject_17,lab,user,block_early,2,70,15.0,41052.71823331714,1785422078,
exp_20260730T143127Z_9fcb5eb7,e3739fc8,lab_subject_17,lab_subject_17,lab,assistant,block_early,3,1071,185.0,,1785422103,4217.6
exp_20260730T143127Z_9fcb5eb7,e3739fc8,lab_subject_17,lab_subject_17,lab,user,block_early,3,29,7.0,13378.4788120538,1785422099,
exp_20260730T143127Z_9fcb5eb7,e3739fc8,lab_subject_17,lab_subject_17,lab,assistant,block_early,4,733,116.0,,1785422154,2803.6
exp_20260730T143127Z_9fcb5eb7,e3739fc8,lab_subject_17,lab_subject_17,lab,user,block_early,4,13,3.0,48028.45356427133,1785422151,
exp_20260730T143127Z_9fcb5eb7,e3739fc8,lab_subject_17,lab_subject_17,lab,assistant,block_late,1,559,85.0,,1785423526,2575.4
exp_20260730T143127Z_9fcb5eb7,e3739fc8,lab_subject_17,lab_subject_17,lab,user,block_late,1,479,77.0,,1785423524,
exp_20260730T143127Z_9fcb5eb7,e3739fc8,lab_subject_17,lab_subject_17,lab,assistant,block_late,2,844,122.0,,1785423581,2908.1
exp_20260730T143127Z_9fcb5eb7,e3739fc8,lab_subject_17,lab_subject_17,lab,user,block_late,2,55,12.0,52135.82592830062,1785423578,
exp_20260730T143127Z_9fcb5eb7,e3739fc8,lab_subject_17,lab_subject_17,lab,assistant,block_late,3,750,118.0,,1785423613,2781.7
exp_20260730T143127Z_9fcb5eb7,e3739fc8,lab_subject_17,lab_subject_17,lab,user,block_late,3,38,9.0,28926.867006346583,1785423610,
exp_20260730T143127Z_9fcb5eb7,e3739fc8,lab_subject_17,lab_subject_17,lab,assistant,block_late,4,220,35.0,,1785423632,1814.4
exp_20260730T143127Z_9fcb5eb7,e3739fc8,lab_subject_17,lab_subject_17,lab,user,block_late,4,32,7.0,14925.34756474197,1785423628,
exp_20260730T143127Z_9fcb5eb7,e3739fc8,lab_subject_17,lab_subject_17,lab,assistant,inline_early,1,567,86.0,,1785422398,2428.7
exp_20260730T143127Z_9fcb5eb7,e3739fc8,lab_subject_17,lab_subject_17,lab,user,inline_early,1,476,77.0,,1785422396,
exp_20260730T143127Z_9fcb5eb7,e3739fc8,lab_subject_17,lab_subject_17,lab,assistant,inline_early,2,787,122.0,,1785422423,2722.0
exp_20260730T143127Z_9fcb5eb7,e3739fc8,lab_subject_17,lab_subject_17,lab,user,inline_early,2,12,3.0,19559.749621897936,1785422418,
exp_20260730T143127Z_9fcb5eb7,e3739fc8,lab_subject_17,lab_subject_17,lab,assistant,inline_early,3,708,108.0,,1785422451,2957.3
exp_20260730T143127Z_9fcb5eb7,e3739fc8,lab_subject_17,lab_subject_17,lab,user,inline_early,3,63,13.0,25049.659634009004,1785422448,
exp_20260730T143127Z_9fcb5eb7,e3739fc8,lab_subject_17,lab_subject_17,lab,assistant,inline_early,4,286,44.0,,1785422482,1679.0
exp_20260730T143127Z_9fcb5eb7,e3739fc8,lab_subject_17,lab_subject_17,lab,user,inline_early,4,116,26.0,28737.119967117906,1785422480,
exp_20260730T143127Z_9fcb5eb7,e3739fc8,lab_subject_17,lab_subject_17,lab,assistant,inline_late,1,1006,136.0,,1785423193,3303.8
exp_20260730T143127Z_9fcb5eb7,e3739fc8,lab_subject_17,lab_subject_17,lab,user,inline_late,1,590,89.0,,1785423190,
exp_20260730T143127Z_9fcb5eb7,e3739fc8,lab_subject_17,lab_subject_17,lab,assistant,inline_late,2,1311,181.0,,1785423218,3423.7
exp_20260730T143127Z_9fcb5eb7,e3739fc8,lab_subject_17,lab_subject_17,lab,user,inline_late,2,52,8.0,21048.881916329265,1785423214,
exp_20260730T143127Z_9fcb5eb7,e3739fc8,lab_subject_17,lab_subject_17,lab,assistant,inline_late,3,1728,243.0,,1785423259,5050.2
exp_20260730T143127Z_9fcb5eb7,e3739fc8,lab_subject_17,lab_subject_17,lab,user,inline_late,3,68,14.0,36760.388469323516,1785423254,
exp_20260730T143127Z_9fcb5eb7,e3739fc8,lab_subject_17,lab_subject_17,lab,assistant,inline_late,4,297,44.0,,1785423292,2133.2
exp_20260730T143127Z_9fcb5eb7,e3739fc8,lab_subject_17,lab_subject_17,lab,user,inline_late,4,32,5.0,27509.867263957858,1785423287,
exp_20260730T143127Z_9fcb5eb7,e3739fc8,lab_subject_17,lab_subject_17,lab,assistant,no_ads,1,2842,452.0,,1785422713,8303.0
exp_20260730T143127Z_9fcb5eb7,e3739fc8,lab_subject_17,lab_subject_17,lab,user,no_ads,1,229,41.0,,1785422705,
exp_20260730T143127Z_9fcb5eb7,e3739fc8,lab_subject_17,lab_subject_17,lab,assistant,no_ads,2,3551,562.0,,1785422737,9760.7
exp_20260730T143127Z_9fcb5eb7,e3739fc8,lab_subject_17,lab_subject_17,lab,user,no_ads,2,11,3.0,13942.617082968354,1785422727,
exp_20260730T143127Z_9fcb5eb7,e3739fc8,lab_subject_17,lab_subject_17,lab,assistant,no_ads,3,3253,536.0,,1785422757,9986.1
exp_20260730T143127Z_9fcb5eb7,e3739fc8,lab_subject_17,lab_subject_17,lab,user,no_ads,3,49,9.0,9577.01670192182,1785422747,
exp_20260730T143127Z_9fcb5eb7,e3739fc8,lab_subject_17,lab_subject_17,lab,assistant,no_ads,4,1457,224.0,,1785422794,4669.2
exp_20260730T143127Z_9fcb5eb7,e3739fc8,lab_subject_17,lab_subject_17,lab,user,no_ads,4,65,13.0,32108.574533835053,1785422789,
exp_20260731T134108Z_a4a5b76b,d14362ea,lab_subject_18,lab_subject_18,lab,assistant,block_early,1,547,82.0,,1785507530,2303.0
exp_20260731T134108Z_a4a5b76b,d14362ea,lab_subject_18,lab_subject_18,lab,user,block_early,1,82,16.0,,1785507528,
exp_20260731T134108Z_a4a5b76b,d14362ea,lab_subject_18,lab_subject_18,lab,assistant,block_early,2,320,53.0,,1785507584,1833.8
exp_20260731T134108Z_a4a5b76b,d14362ea,lab_subject_18,lab_subject_18,lab,user,block_early,2,72,13.0,48186.299204826355,1785507579,
exp_20260731T134108Z_a4a5b76b,d14362ea,lab_subject_18,lab_subject_18,lab,assistant,block_early,3,319,49.0,,1785507612,1696.5
exp_20260731T134108Z_a4a5b76b,d14362ea,lab_subject_18,lab_subject_18,lab,user,block_early,3,23,4.0,26322.767661884427,1785507610,
exp_20260731T134108Z_a4a5b76b,d14362ea,lab_subject_18,lab_subject_18,lab,assistant,block_early,4,266,38.0,,1785507671,1568.7
exp_20260731T134108Z_a4a5b76b,d14362ea,lab_subject_18,lab_subject_18,lab,user,block_early,4,46,6.0,58197.88087718189,1785507670,
exp_20260731T134108Z_a4a5b76b,d14362ea,lab_subject_18,lab_subject_18,lab,assistant,block_late,1,1021,153.0,,1785506991,3681.7
exp_20260731T134108Z_a4a5b76b,d14362ea,lab_subject_18,lab_subject_18,lab,user,block_late,1,155,29.0,,1785506987,
exp_20260731T134108Z_a4a5b76b,d14362ea,lab_subject_18,lab_subject_18,lab,assistant,block_late,2,907,167.0,,1785507129,3366.5
exp_20260731T134108Z_a4a5b76b,d14362ea,lab_subject_18,lab_subject_18,lab,user,block_late,2,74,14.0,134807.1770183742,1785507125,
exp_20260731T134108Z_a4a5b76b,d14362ea,lab_subject_18,lab_subject_18,lab,assistant,block_late,3,1317,172.0,,1785507220,4808.3
exp_20260731T134108Z_a4a5b76b,d14362ea,lab_subject_18,lab_subject_18,lab,user,block_late,3,79,15.0,86623.75231459737,1785507215,
exp_20260731T134108Z_a4a5b76b,d14362ea,lab_subject_18,lab_subject_18,lab,assistant,block_late,4,563,76.0,,1785507310,2706.6
exp_20260731T134108Z_a4a5b76b,d14362ea,lab_subject_18,lab_subject_18,lab,user,block_late,4,52,13.0,84276.22338570654,1785507305,
exp_20260731T134108Z_a4a5b76b,d14362ea,lab_subject_18,lab_subject_18,lab,assistant,inline_early,1,574,91.0,,1785505463,2492.8
exp_20260731T134108Z_a4a5b76b,d14362ea,lab_subject_18,lab_subject_18,lab,user,inline_early,1,47,11.0,,1785505460,
exp_20260731T134108Z_a4a5b76b,d14362ea,lab_subject_18,lab_subject_18,lab,assistant,inline_early,2,658,89.0,,1785505475,2660.3
exp_20260731T134108Z_a4a5b76b,d14362ea,lab_subject_18,lab_subject_18,lab,user,inline_early,2,8,2.0,6774.4885217398405,1785505470,
exp_20260731T134108Z_a4a5b76b,d14362ea,lab_subject_18,lab_subject_18,lab,assistant,inline_early,3,567,91.0,,1785505517,2813.8
exp_20260731T134108Z_a4a5b76b,d14362ea,lab_subject_18,lab_subject_18,lab,user,inline_early,3,12,4.0,38595.510087907314,1785505514,
exp_20260731T134108Z_a4a5b76b,d14362ea,lab_subject_18,lab_subject_18,lab,assistant,inline_early,4,312,54.0,,1785505565,1697.2
exp_20260731T134108Z_a4a5b76b,d14362ea,lab_subject_18,lab_subject_18,lab,user,inline_early,4,54,10.0,45950.519444420934,1785505563,
exp_20260731T134108Z_a4a5b76b,d14362ea,lab_subject_18,lab_subject_18,lab,assistant,inline_late,1,3269,516.0,,1785506194,9643.4
exp_20260731T134108Z_a4a5b76b,d14362ea,lab_subject_18,lab_subject_18,lab,user,inline_late,1,135,24.0,,1785506185,
exp_20260731T134108Z_a4a5b76b,d14362ea,lab_subject_18,lab_subject_18,lab,assistant,inline_late,2,2277,349.0,,1785506365,8021.0
exp_20260731T134108Z_a4a5b76b,d14362ea,lab_subject_18,lab_subject_18,lab,user,inline_late,2,3,1.0,162453.53281497955,1785506357,
exp_20260731T134108Z_a4a5b76b,d14362ea,lab_subject_18,lab_subject_18,lab,assistant,inline_late,3,2801,439.0,,1785506433,9760.0
exp_20260731T134108Z_a4a5b76b,d14362ea,lab_subject_18,lab_subject_18,lab,user,inline_late,3,5,1.0,57739.16854709387,1785506423,
exp_20260731T134108Z_a4a5b76b,d14362ea,lab_subject_18,lab_subject_18,lab,assistant,inline_late,4,133,22.0,,1785506502,2299.8
exp_20260731T134108Z_a4a5b76b,d14362ea,lab_subject_18,lab_subject_18,lab,user,inline_late,4,10,3.0,63601.776188239455,1785506496,
exp_20260731T134108Z_a4a5b76b,d14362ea,lab_subject_18,lab_subject_18,lab,assistant,no_ads,1,103,15.0,,1785505789,1475.2
exp_20260731T134108Z_a4a5b76b,d14362ea,lab_subject_18,lab_subject_18,lab,user,no_ads,1,84,18.0,,1785505787,
exp_20260731T134108Z_a4a5b76b,d14362ea,lab_subject_18,lab_subject_18,lab,assistant,no_ads,2,363,51.0,,1785505799,2011.8
exp_20260731T134108Z_a4a5b76b,d14362ea,lab_subject_18,lab_subject_18,lab,user,no_ads,2,6,1.0,7534.823879599571,1785505797,
exp_20260731T134108Z_a4a5b76b,d14362ea,lab_subject_18,lab_subject_18,lab,assistant,no_ads,3,435,70.0,,1785505827,2165.0
exp_20260731T134108Z_a4a5b76b,d14362ea,lab_subject_18,lab_subject_18,lab,user,no_ads,3,27,4.0,26632.89201632142,1785505825,
exp_20260731T134108Z_a4a5b76b,d14362ea,lab_subject_18,lab_subject_18,lab,assistant,no_ads,4,219,35.0,,1785505869,1634.5
exp_20260731T134108Z_a4a5b76b,d14362ea,lab_subject_18,lab_subject_18,lab,user,no_ads,4,61,13.0,39386.2963411957,1785505867,
exp_20260731T171043Z_61871403,d9dc61d8,lab_subject_19,lab_subject_19,lab,assistant,block_early,1,1019,152.0,,1785519817,3273.1
exp_20260731T171043Z_61871403,d9dc61d8,lab_subject_19,lab_subject_19,lab,user,block_early,1,276,53.0,,1785519813,
exp_20260731T171043Z_61871403,d9dc61d8,lab_subject_19,lab_subject_19,lab,assistant,block_early,2,1210,189.0,,1785519938,3427.7
exp_20260731T171043Z_61871403,d9dc61d8,lab_subject_19,lab_subject_19,lab,user,block_early,2,175,36.0,115354.996368289,1785519932,
exp_20260731T171043Z_61871403,d9dc61d8,lab_subject_19,lab_subject_19,lab,assistant,block_early,3,1157,193.0,,1785520033,3539.4
exp_20260731T171043Z_61871403,d9dc61d8,lab_subject_19,lab_subject_19,lab,user,block_early,3,77,16.0,91575.63086785376,1785520030,
exp_20260731T171043Z_61871403,d9dc61d8,lab_subject_19,lab_subject_19,lab,assistant,block_early,4,1259,188.0,,1785520070,3855.3
exp_20260731T171043Z_61871403,d9dc61d8,lab_subject_19,lab_subject_19,lab,user,block_early,4,58,13.0,32750.114914029837,1785520066,
exp_20260731T171043Z_61871403,d9dc61d8,lab_subject_19,lab_subject_19,lab,assistant,block_late,1,521,81.0,,1785520429,2523.7
exp_20260731T171043Z_61871403,d9dc61d8,lab_subject_19,lab_subject_19,lab,user,block_late,1,265,54.0,,1785520426,
exp_20260731T171043Z_61871403,d9dc61d8,lab_subject_19,lab_subject_19,lab,assistant,block_late,2,1551,244.0,,1785520510,4818.0
exp_20260731T171043Z_61871403,d9dc61d8,lab_subject_19,lab_subject_19,lab,user,block_late,2,181,35.0,76651.3198427856,1785520505,
exp_20260731T171043Z_61871403,d9dc61d8,lab_subject_19,lab_subject_19,lab,assistant,block_late,3,2364,365.0,,1785520547,6561.1
exp_20260731T171043Z_61871403,d9dc61d8,lab_subject_19,lab_subject_19,lab,user,block_late,3,20,5.0,30402.248580008745,1785520541,
exp_20260731T171043Z_61871403,d9dc61d8,lab_subject_19,lab_subject_19,lab,assistant,block_late,4,535,93.0,,1785520631,2502.7
exp_20260731T171043Z_61871403,d9dc61d8,lab_subject_19,lab_subject_19,lab,user,block_late,4,149,28.0,78781.77998401225,1785520626,
exp_20260731T171043Z_61871403,d9dc61d8,lab_subject_19,lab_subject_19,lab,assistant,inline_early,1,1306,191.0,,1785518690,4459.9
exp_20260731T171043Z_61871403,d9dc61d8,lab_subject_19,lab_subject_19,lab,user,inline_early,1,330,59.0,,1785518686,
exp_20260731T171043Z_61871403,d9dc61d8,lab_subject_19,lab_subject_19,lab,assistant,inline_early,2,376,55.0,,1785518783,1962.4
exp_20260731T171043Z_61871403,d9dc61d8,lab_subject_19,lab_subject_19,lab,user,inline_early,2,27,4.0,87776.78330615163,1785518778,
exp_20260731T171043Z_61871403,d9dc61d8,lab_subject_19,lab_subject_19,lab,assistant,inline_early,3,993,141.0,,1785518865,3472.7
exp_20260731T171043Z_61871403,d9dc61d8,lab_subject_19,lab_subject_19,lab,user,inline_early,3,189,35.0,78399.68759194016,1785518861,
exp_20260731T171043Z_61871403,d9dc61d8,lab_subject_19,lab_subject_19,lab,assistant,inline_early,4,1567,222.0,,1785518898,4496.6
exp_20260731T171043Z_61871403,d9dc61d8,lab_subject_19,lab_subject_19,lab,user,inline_early,4,36,7.0,28601.868230849504,1785518894,
exp_20260731T171043Z_61871403,d9dc61d8,lab_subject_19,lab_subject_19,lab,assistant,inline_late,1,1931,303.0,,1785519280,5854.0
exp_20260731T171043Z_61871403,d9dc61d8,lab_subject_19,lab_subject_19,lab,user,inline_late,1,261,54.0,,1785519274,
exp_20260731T171043Z_61871403,d9dc61d8,lab_subject_19,lab_subject_19,lab,assistant,inline_late,2,1277,212.0,,1785519354,4488.2
exp_20260731T171043Z_61871403,d9dc61d8,lab_subject_19,lab_subject_19,lab,user,inline_late,2,61,13.0,69976.24486871064,1785519350,
exp_20260731T171043Z_61871403,d9dc61d8,lab_subject_19,lab_subject_19,lab,assistant,inline_late,3,1724,277.0,,1785519444,5396.7
exp_20260731T171043Z_61871403,d9dc61d8,lab_subject_19,lab_subject_19,lab,user,inline_late,3,52,11.0,84694.0529346466,1785519439,
exp_20260731T171043Z_61871403,d9dc61d8,lab_subject_19,lab_subject_19,lab,assistant,inline_late,4,1768,286.0,,1785519490,6010.9
exp_20260731T171043Z_61871403,d9dc61d8,lab_subject_19,lab_subject_19,lab,user,inline_late,4,24,6.0,35905.4762404412,1785519480,
exp_20260731T171043Z_61871403,d9dc61d8,lab_subject_19,lab_subject_19,lab,assistant,no_ads,1,699,109.0,,1785518116,2879.9
exp_20260731T171043Z_61871403,d9dc61d8,lab_subject_19,lab_subject_19,lab,user,no_ads,1,223,44.0,,1785518113,
exp_20260731T171043Z_61871403,d9dc61d8,lab_subject_19,lab_subject_19,lab,assistant,no_ads,2,1712,236.0,,1785518169,5393.8
exp_20260731T171043Z_61871403,d9dc61d8,lab_subject_19,lab_subject_19,lab,user,no_ads,2,104,24.0,46936.41500361264,1785518163,
exp_20260731T171043Z_61871403,d9dc61d8,lab_subject_19,lab_subject_19,lab,assistant,no_ads,3,563,89.0,,1785518225,2647.9
exp_20260731T171043Z_61871403,d9dc61d8,lab_subject_19,lab_subject_19,lab,user,no_ads,3,140,29.0,53293.62123273313,1785518222,
exp_20260731T171043Z_61871403,d9dc61d8,lab_subject_19,lab_subject_19,lab,assistant,no_ads,4,573,90.0,,1785518249,2633.3
exp_20260731T171043Z_61871403,d9dc61d8,lab_subject_19,lab_subject_19,lab,user,no_ads,4,11,3.0,21598.709724843502,1785518246,
exp_20260721T134702Z_ab38d57a,bc557297,lab_subject_2,lab_subject_2,lab,assistant,block_early,1,3322,492.0,,1784643345,9038.4
exp_20260721T134702Z_ab38d57a,bc557297,lab_subject_2,lab_subject_2,lab,user,block_early,1,395,76.0,,1784643336,
exp_20260721T134702Z_ab38d57a,bc557297,lab_subject_2,lab_subject_2,lab,assistant,block_early,2,2139,363.0,,1784643406,6453.9
exp_20260721T134702Z_ab38d57a,bc557297,lab_subject_2,lab_subject_2,lab,user,block_early,2,75,14.0,47982.57200047374,1784643393,
exp_20260721T134702Z_ab38d57a,bc557297,lab_subject_2,lab_subject_2,lab,assistant,block_early,3,2356,360.0,,1784643446,6690.3
exp_20260721T134702Z_ab38d57a,bc557297,lab_subject_2,lab_subject_2,lab,user,block_early,3,36,7.0,32623.104883357882,1784643439,
exp_20260721T134702Z_ab38d57a,bc557297,lab_subject_2,lab_subject_2,lab,assistant,block_early,4,3317,525.0,,1784643519,9833.3
exp_20260721T134702Z_ab38d57a,bc557297,lab_subject_2,lab_subject_2,lab,user,block_early,4,74,13.0,63187.31417134404,1784643509,
exp_20260721T134702Z_ab38d57a,bc557297,lab_subject_2,lab_subject_2,lab,assistant,block_late,1,674,88.0,,1784642948,2796.4
exp_20260721T134702Z_ab38d57a,bc557297,lab_subject_2,lab_subject_2,lab,user,block_late,1,207,44.0,,1784642945,
exp_20260721T134702Z_ab38d57a,bc557297,lab_subject_2,lab_subject_2,lab,assistant,block_late,2,876,125.0,,1784643022,3025.8
exp_20260721T134702Z_ab38d57a,bc557297,lab_subject_2,lab_subject_2,lab,user,block_late,2,257,45.0,70696.53957523406,1784643019,
exp_20260721T134702Z_ab38d57a,bc557297,lab_subject_2,lab_subject_2,lab,assistant,block_late,3,1019,156.0,,1784643055,3324.8
exp_20260721T134702Z_ab38d57a,bc557297,lab_subject_2,lab_subject_2,lab,user,block_late,3,38,7.0,29641.32536202669,1784643051,
exp_20260721T134702Z_ab38d57a,bc557297,lab_subject_2,lab_subject_2,lab,assistant,block_late,4,610,95.0,,1784643090,2522.8
exp_20260721T134702Z_ab38d57a,bc557297,lab_subject_2,lab_subject_2,lab,user,block_late,4,44,9.0,27391.863545402884,1784643082,
exp_20260721T134702Z_ab38d57a,bc557297,lab_subject_2,lab_subject_2,lab,assistant,inline_early,1,344,55.0,,1784642272,1992.5
exp_20260721T134702Z_ab38d57a,bc557297,lab_subject_2,lab_subject_2,lab,user,inline_early,1,313,60.0,,1784642270,
exp_20260721T134702Z_ab38d57a,bc557297,lab_subject_2,lab_subject_2,lab,assistant,inline_early,2,416,58.0,,1784642307,1854.2
exp_20260721T134702Z_ab38d57a,bc557297,lab_subject_2,lab_subject_2,lab,user,inline_early,2,41,8.0,26820.73314115405,1784642299,
exp_20260721T134702Z_ab38d57a,bc557297,lab_subject_2,lab_subject_2,lab,assistant,inline_early,3,983,156.0,,1784642352,3629.5
exp_20260721T134702Z_ab38d57a,bc557297,lab_subject_2,lab_subject_2,lab,user,inline_early,3,127,24.0,41224.93411786854,1784642348,
exp_20260721T134702Z_ab38d57a,bc557297,lab_subject_2,lab_subject_2,lab,assistant,inline_early,4,1435,234.0,,1784642395,4648.7
exp_20260721T134702Z_ab38d57a,bc557297,lab_subject_2,lab_subject_2,lab,user,inline_early,4,108,21.0,37904.648311436176,1784642390,
exp_20260721T134702Z_ab38d57a,bc557297,lab_subject_2,lab_subject_2,lab,assistant,inline_late,1,822,116.0,,1784643708,3064.3
exp_20260721T134702Z_ab38d57a,bc557297,lab_subject_2,lab_subject_2,lab,user,inline_late,1,255,50.0,,1784643705,
exp_20260721T134702Z_ab38d57a,bc557297,lab_subject_2,lab_subject_2,lab,assistant,inline_late,2,957,138.0,,1784643756,3026.7
exp_20260721T134702Z_ab38d57a,bc557297,lab_subject_2,lab_subject_2,lab,user,inline_late,2,134,24.0,44611.75062507391,1784643753,
exp_20260721T134702Z_ab38d57a,bc557297,lab_subject_2,lab_subject_2,lab,assistant,inline_late,3,1037,164.0,,1784643805,3236.0
exp_20260721T134702Z_ab38d57a,bc557297,lab_subject_2,lab_subject_2,lab,user,inline_late,3,169,31.0,45216.01625345647,1784643801,
exp_20260721T134702Z_ab38d57a,bc557297,lab_subject_2,lab_subject_2,lab,assistant,inline_late,4,1070,156.0,,1784643833,3492.3
exp_20260721T134702Z_ab38d57a,bc557297,lab_subject_2,lab_subject_2,lab,user,inline_late,4,43,7.0,18845.40487639606,1784643823,
exp_20260721T134702Z_ab38d57a,bc557297,lab_subject_2,lab_subject_2,lab,assistant,no_ads,1,292,46.0,,1784642635,1961.6
exp_20260721T134702Z_ab38d57a,bc557297,lab_subject_2,lab_subject_2,lab,user,no_ads,1,168,38.0,,1784642633,
exp_20260721T134702Z_ab38d57a,bc557297,lab_subject_2,lab_subject_2,lab,assistant,no_ads,2,752,102.0,,1784642663,2780.8
exp_20260721T134702Z_ab38d57a,bc557297,lab_subject_2,lab_subject_2,lab,user,no_ads,2,101,20.0,25295.21149583161,1784642660,
exp_20260721T134702Z_ab38d57a,bc557297,lab_subject_2,lab_subject_2,lab,assistant,no_ads,3,734,117.0,,1784642703,2605.4
exp_20260721T134702Z_ab38d57a,bc557297,lab_subject_2,lab_subject_2,lab,user,no_ads,3,89,19.0,37271.23511210084,1784642700,
exp_20260721T134702Z_ab38d57a,bc557297,lab_subject_2,lab_subject_2,lab,assistant,no_ads,4,1204,188.0,,1784642743,3686.6
exp_20260721T134702Z_ab38d57a,bc557297,lab_subject_2,lab_subject_2,lab,user,no_ads,4,193,36.0,36901.94801427424,1784642740,
exp_20260722T074803Z_c9a5b77e,e6ac40de,lab_subject_3,lab_subject_3,lab,assistant,block_early,1,452,66.0,,1784709476,2430.6
exp_20260722T074803Z_c9a5b77e,e6ac40de,lab_subject_3,lab_subject_3,lab,user,block_early,1,103,23.0,,1784709474,
exp_20260722T074803Z_c9a5b77e,e6ac40de,lab_subject_3,lab_subject_3,lab,assistant,block_early,2,574,87.0,,1784709554,2447.8
exp_20260722T074803Z_c9a5b77e,e6ac40de,lab_subject_3,lab_subject_3,lab,user,block_early,2,113,23.0,70481.97096399963,1784709547,
exp_20260722T074803Z_c9a5b77e,e6ac40de,lab_subject_3,lab_subject_3,lab,assistant,block_early,3,561,84.0,,1784709604,2141.1
exp_20260722T074803Z_c9a5b77e,e6ac40de,lab_subject_3,lab_subject_3,lab,user,block_early,3,56,10.0,47929.73854765296,1784709602,
exp_20260722T074803Z_c9a5b77e,e6ac40de,lab_subject_3,lab_subject_3,lab,assistant,block_early,4,528,80.0,,1784709669,2375.1
exp_20260722T074803Z_c9a5b77e,e6ac40de,lab_subject_3,lab_subject_3,lab,user,block_early,4,97,21.0,62881.2145832926,1784709667,
exp_20260722T074803Z_c9a5b77e,e6ac40de,lab_subject_3,lab_subject_3,lab,assistant,block_late,1,408,71.0,,1784708930,2005.8
exp_20260722T074803Z_c9a5b77e,e6ac40de,lab_subject_3,lab_subject_3,lab,user,block_late,1,189,37.0,,1784708928,
exp_20260722T074803Z_c9a5b77e,e6ac40de,lab_subject_3,lab_subject_3,lab,assistant,block_late,2,229,27.0,,1784708957,1895.7
exp_20260722T074803Z_c9a5b77e,e6ac40de,lab_subject_3,lab_subject_3,lab,user,block_late,2,33,7.0,24677.886156365275,1784708955,
exp_20260722T074803Z_c9a5b77e,e6ac40de,lab_subject_3,lab_subject_3,lab,assistant,block_late,3,475,76.0,,1784708977,2132.3
exp_20260722T074803Z_c9a5b77e,e6ac40de,lab_subject_3,lab_subject_3,lab,user,block_late,3,31,7.0,18127.574931830168,1784708975,
exp_20260722T074803Z_c9a5b77e,e6ac40de,lab_subject_3,lab_subject_3,lab,assistant,block_late,4,394,61.0,,1784709034,1987.2
exp_20260722T074803Z_c9a5b77e,e6ac40de,lab_subject_3,lab_subject_3,lab,user,block_late,4,92,21.0,49030.71950562298,1784709026,
exp_20260722T074803Z_c9a5b77e,e6ac40de,lab_subject_3,lab_subject_3,lab,assistant,inline_early,1,1018,161.0,,1784710620,3267.1
exp_20260722T074803Z_c9a5b77e,e6ac40de,lab_subject_3,lab_subject_3,lab,user,inline_early,1,174,36.0,,1784710617,
exp_20260722T074803Z_c9a5b77e,e6ac40de,lab_subject_3,lab_subject_3,lab,assistant,inline_early,2,479,71.0,,1784710670,2762.7
exp_20260722T074803Z_c9a5b77e,e6ac40de,lab_subject_3,lab_subject_3,lab,user,inline_early,2,31,5.0,42169.814413413405,1784710662,
exp_20260722T074803Z_c9a5b77e,e6ac40de,lab_subject_3,lab_subject_3,lab,assistant,inline_early,3,873,133.0,,1784710710,3394.4
exp_20260722T074803Z_c9a5b77e,e6ac40de,lab_subject_3,lab_subject_3,lab,user,inline_early,3,37,7.0,36831.67773857713,1784710706,
exp_20260722T074803Z_c9a5b77e,e6ac40de,lab_subject_3,lab_subject_3,lab,assistant,inline_early,4,404,64.0,,1784710754,2189.6
exp_20260722T074803Z_c9a5b77e,e6ac40de,lab_subject_3,lab_subject_3,lab,user,inline_early,4,34,7.0,41610.71088351309,1784710751,
exp_20260722T074803Z_c9a5b77e,e6ac40de,lab_subject_3,lab_subject_3,lab,assistant,inline_late,1,2770,455.0,,1784710022,9379.8
exp_20260722T074803Z_c9a5b77e,e6ac40de,lab_subject_3,lab_subject_3,lab,user,inline_late,1,116,23.0,,1784710012,
exp_20260722T074803Z_c9a5b77e,e6ac40de,lab_subject_3,lab_subject_3,lab,assistant,inline_late,2,2905,446.0,,1784710098,9788.6
exp_20260722T074803Z_c9a5b77e,e6ac40de,lab_subject_3,lab_subject_3,lab,user,inline_late,2,32,6.0,66290.63524864614,1784710088,
exp_20260722T074803Z_c9a5b77e,e6ac40de,lab_subject_3,lab_subject_3,lab,assistant,inline_late,3,1635,269.0,,1784710167,5541.8
exp_20260722T074803Z_c9a5b77e,e6ac40de,lab_subject_3,lab_subject_3,lab,user,inline_late,3,85,21.0,63931.90752714872,1784710162,
exp_20260722T074803Z_c9a5b77e,e6ac40de,lab_subject_3,lab_subject_3,lab,assistant,inline_late,4,1376,225.0,,1784710238,5090.7
exp_20260722T074803Z_c9a5b77e,e6ac40de,lab_subject_3,lab_subject_3,lab,user,inline_late,4,50,12.0,58097.623735666275,1784710225,
exp_20260722T074803Z_c9a5b77e,e6ac40de,lab_subject_3,lab_subject_3,lab,assistant,no_ads,1,241,36.0,,1784711128,1739.9
exp_20260722T074803Z_c9a5b77e,e6ac40de,lab_subject_3,lab_subject_3,lab,user,no_ads,1,216,44.0,,1784711126,
exp_20260722T074803Z_c9a5b77e,e6ac40de,lab_subject_3,lab_subject_3,lab,assistant,no_ads,2,226,35.0,,1784711215,1577.4
exp_20260722T074803Z_c9a5b77e,e6ac40de,lab_subject_3,lab_subject_3,lab,user,no_ads,2,178,36.0,85017.39159040153,1784711213,
exp_20260722T074803Z_c9a5b77e,e6ac40de,lab_subject_3,lab_subject_3,lab,assistant,no_ads,3,254,42.0,,1784711262,1739.3
exp_20260722T074803Z_c9a5b77e,e6ac40de,lab_subject_3,lab_subject_3,lab,user,no_ads,3,76,16.0,45270.223911851645,1784711260,
exp_20260722T074803Z_c9a5b77e,e6ac40de,lab_subject_3,lab_subject_3,lab,assistant,no_ads,4,330,54.0,,1784711296,1824.3
exp_20260722T074803Z_c9a5b77e,e6ac40de,lab_subject_3,lab_subject_3,lab,user,no_ads,4,38,8.0,31869.43331360817,1784711294,
exp_20260724T112220Z_6cc09f28,610774d7,lab_subject_5,lab_subject_5,lab,assistant,block_early,1,405,57.0,,1784897171,2244.7
exp_20260724T112220Z_6cc09f28,610774d7,lab_subject_5,lab_subject_5,lab,user,block_early,1,262,56.0,,1784897169,
exp_20260724T112220Z_6cc09f28,610774d7,lab_subject_5,lab_subject_5,lab,assistant,block_early,2,421,68.0,,1784897228,2230.9
exp_20260724T112220Z_6cc09f28,610774d7,lab_subject_5,lab_subject_5,lab,user,block_early,2,125,20.0,51731.1246432364,1784897223,
exp_20260724T112220Z_6cc09f28,610774d7,lab_subject_5,lab_subject_5,lab,assistant,block_early,3,567,85.0,,1784897275,2439.3
exp_20260724T112220Z_6cc09f28,610774d7,lab_subject_5,lab_subject_5,lab,user,block_early,3,32,6.0,44361.794440075755,1784897272,
exp_20260724T112220Z_6cc09f28,610774d7,lab_subject_5,lab_subject_5,lab,assistant,block_early,4,307,51.0,,1784897294,1773.3
exp_20260724T112220Z_6cc09f28,610774d7,lab_subject_5,lab_subject_5,lab,user,block_early,4,30,8.0,17590.276075527072,1784897292,
exp_20260724T112220Z_6cc09f28,610774d7,lab_subject_5,lab_subject_5,lab,assistant,block_late,1,443,70.0,,1784896725,2166.9
exp_20260724T112220Z_6cc09f28,610774d7,lab_subject_5,lab_subject_5,lab,user,block_late,1,250,44.0,,1784896723,
exp_20260724T112220Z_6cc09f28,610774d7,lab_subject_5,lab_subject_5,lab,assistant,block_late,2,852,136.0,,1784896774,2967.1
exp_20260724T112220Z_6cc09f28,610774d7,lab_subject_5,lab_subject_5,lab,user,block_late,2,115,23.0,45771.047899499536,1784896771,
exp_20260724T112220Z_6cc09f28,610774d7,lab_subject_5,lab_subject_5,lab,assistant,block_late,3,806,122.0,,1784896819,2984.3
exp_20260724T112220Z_6cc09f28,610774d7,lab_subject_5,lab_subject_5,lab,user,block_late,3,82,19.0,41901.69068984687,1784896816,
exp_20260724T112220Z_6cc09f28,610774d7,lab_subject_5,lab_subject_5,lab,assistant,block_late,4,491,73.0,,1784896861,2545.7
exp_20260724T112220Z_6cc09f28,610774d7,lab_subject_5,lab_subject_5,lab,user,block_late,4,22,5.0,37328.970381990075,1784896856,
exp_20260724T112220Z_6cc09f28,610774d7,lab_subject_5,lab_subject_5,lab,assistant,inline_early,1,1471,225.0,,1784895829,5890.2
exp_20260724T112220Z_6cc09f28,610774d7,lab_subject_5,lab_subject_5,lab,user,inline_early,1,388,69.0,,1784895823,
exp_20260724T112220Z_6cc09f28,610774d7,lab_subject_5,lab_subject_5,lab,assistant,inline_early,2,946,153.0,,1784895897,3389.2
exp_20260724T112220Z_6cc09f28,610774d7,lab_subject_5,lab_subject_5,lab,user,inline_early,2,68,12.0,61285.004714503884,1784895890,
exp_20260724T112220Z_6cc09f28,610774d7,lab_subject_5,lab_subject_5,lab,assistant,inline_early,3,471,79.0,,1784895952,2920.2
exp_20260724T112220Z_6cc09f28,610774d7,lab_subject_5,lab_subject_5,lab,user,inline_early,3,65,13.0,52308.25239047408,1784895949,
exp_20260724T112220Z_6cc09f28,610774d7,lab_subject_5,lab_subject_5,lab,assistant,inline_early,4,114,21.0,,1784895991,1650.2
exp_20260724T112220Z_6cc09f28,610774d7,lab_subject_5,lab_subject_5,lab,user,inline_early,4,12,2.0,36879.04291599989,1784895989,
exp_20260724T112220Z_6cc09f28,610774d7,lab_subject_5,lab_subject_5,lab,assistant,inline_late,1,855,128.0,,1784896255,2951.3
exp_20260724T112220Z_6cc09f28,610774d7,lab_subject_5,lab_subject_5,lab,user,inline_late,1,266,49.0,,1784896252,
exp_20260724T112220Z_6cc09f28,610774d7,lab_subject_5,lab_subject_5,lab,assistant,inline_late,2,1040,162.0,,1784896330,3204.6
exp_20260724T112220Z_6cc09f28,610774d7,lab_subject_5,lab_subject_5,lab,user,inline_late,2,62,12.0,72215.78005515039,1784896327,
exp_20260724T112220Z_6cc09f28,610774d7,lab_subject_5,lab_subject_5,lab,assistant,inline_late,3,1200,177.0,,1784896426,3909.7
exp_20260724T112220Z_6cc09f28,610774d7,lab_subject_5,lab_subject_5,lab,user,inline_late,3,149,29.0,91693.60152073205,1784896422,
exp_20260724T112220Z_6cc09f28,610774d7,lab_subject_5,lab_subject_5,lab,assistant,inline_late,4,263,39.0,,1784896465,2020.3
exp_20260724T112220Z_6cc09f28,610774d7,lab_subject_5,lab_subject_5,lab,user,inline_late,4,12,2.0,34150.09921789169,1784896460,
exp_20260724T112220Z_6cc09f28,610774d7,lab_subject_5,lab_subject_5,lab,assistant,no_ads,1,783,110.0,,1784895315,2973.0
exp_20260724T112220Z_6cc09f28,610774d7,lab_subject_5,lab_subject_5,lab,user,no_ads,1,185,30.0,,1784895312,
exp_20260724T112220Z_6cc09f28,610774d7,lab_subject_5,lab_subject_5,lab,assistant,no_ads,2,968,138.0,,1784895367,3168.3
exp_20260724T112220Z_6cc09f28,610774d7,lab_subject_5,lab_subject_5,lab,user,no_ads,2,28,6.0,48881.96123763919,1784895364,
exp_20260724T112220Z_6cc09f28,610774d7,lab_subject_5,lab_subject_5,lab,assistant,no_ads,3,1146,169.0,,1784895418,3465.8
exp_20260724T112220Z_6cc09f28,610774d7,lab_subject_5,lab_subject_5,lab,user,no_ads,3,90,16.0,47440.96163474023,1784895414,
exp_20260724T112220Z_6cc09f28,610774d7,lab_subject_5,lab_subject_5,lab,assistant,no_ads,4,224,35.0,,1784895478,1675.4
exp_20260724T112220Z_6cc09f28,610774d7,lab_subject_5,lab_subject_5,lab,user,no_ads,4,51,11.0,58153.34365144372,1784895476,
exp_20260724T141230Z_1be52b79,20b5325d,lab_subject_6,lab_subject_6,lab,assistant,block_early,1,889,133.0,,1784903704,3322.9
exp_20260724T141230Z_1be52b79,20b5325d,lab_subject_6,lab_subject_6,lab,user,block_early,1,368,75.0,,1784903701,
exp_20260724T141230Z_1be52b79,20b5325d,lab_subject_6,lab_subject_6,lab,assistant,block_early,2,788,114.0,,1784903769,2916.0
exp_20260724T141230Z_1be52b79,20b5325d,lab_subject_6,lab_subject_6,lab,user,block_early,2,100,21.0,59386.551732197404,1784903763,
exp_20260724T141230Z_1be52b79,20b5325d,lab_subject_6,lab_subject_6,lab,assistant,block_early,3,846,131.0,,1784903828,2874.2
exp_20260724T141230Z_1be52b79,20b5325d,lab_subject_6,lab_subject_6,lab,user,block_early,3,131,26.0,55611.27025447786,1784903825,
exp_20260724T141230Z_1be52b79,20b5325d,lab_subject_6,lab_subject_6,lab,assistant,block_early,4,802,126.0,,1784903860,2580.1
exp_20260724T141230Z_1be52b79,20b5325d,lab_subject_6,lab_subject_6,lab,user,block_early,4,77,15.0,29617.233272641897,1784903858,
exp_20260724T141230Z_1be52b79,20b5325d,lab_subject_6,lab_subject_6,lab,assistant,block_late,1,637,89.0,,1784903047,2571.2
exp_20260724T141230Z_1be52b79,20b5325d,lab_subject_6,lab_subject_6,lab,user,block_late,1,259,48.0,,1784903045,
exp_20260724T141230Z_1be52b79,20b5325d,lab_subject_6,lab_subject_6,lab,assistant,block_late,2,1958,315.0,,1784903127,5780.0
exp_20260724T141230Z_1be52b79,20b5325d,lab_subject_6,lab_subject_6,lab,user,block_late,2,62,11.0,74147.51853607595,1784903121,
exp_20260724T141230Z_1be52b79,20b5325d,lab_subject_6,lab_subject_6,lab,assistant,block_late,3,1174,173.0,,1784903210,4025.4
exp_20260724T141230Z_1be52b79,20b5325d,lab_subject_6,lab_subject_6,lab,user,block_late,3,3,1.0,78555.45781552792,1784903206,
exp_20260724T141230Z_1be52b79,20b5325d,lab_subject_6,lab_subject_6,lab,assistant,block_late,4,2513,406.0,,1784903278,7352.4
exp_20260724T141230Z_1be52b79,20b5325d,lab_subject_6,lab_subject_6,lab,user,block_late,4,78,17.0,57358.87052491307,1784903267,
exp_20260724T141230Z_1be52b79,20b5325d,lab_subject_6,lab_subject_6,lab,assistant,inline_early,1,2380,399.0,,1784904738,7847.7
exp_20260724T141230Z_1be52b79,20b5325d,lab_subject_6,lab_subject_6,lab,user,inline_early,1,226,40.0,,1784904730,
exp_20260724T141230Z_1be52b79,20b5325d,lab_subject_6,lab_subject_6,lab,assistant,inline_early,2,933,154.0,,1784904808,3291.5
exp_20260724T141230Z_1be52b79,20b5325d,lab_subject_6,lab_subject_6,lab,user,inline_early,2,32,7.0,63169.45278458297,1784904801,
exp_20260724T141230Z_1be52b79,20b5325d,lab_subject_6,lab_subject_6,lab,assistant,inline_early,3,2163,372.0,,1784904872,7219.3
exp_20260724T141230Z_1be52b79,20b5325d,lab_subject_6,lab_subject_6,lab,user,inline_early,3,49,11.0,56643.28422024846,1784904865,
exp_20260724T141230Z_1be52b79,20b5325d,lab_subject_6,lab_subject_6,lab,assistant,inline_early,4,2555,422.0,,1784904961,7876.0
exp_20260724T141230Z_1be52b79,20b5325d,lab_subject_6,lab_subject_6,lab,user,inline_early,4,51,9.0,81234.73294079304,1784904953,
exp_20260724T141230Z_1be52b79,20b5325d,lab_subject_6,lab_subject_6,lab,assistant,inline_late,1,260,45.0,,1784902556,1857.3
exp_20260724T141230Z_1be52b79,20b5325d,lab_subject_6,lab_subject_6,lab,user,inline_late,1,72,15.0,,1784902554,
exp_20260724T141230Z_1be52b79,20b5325d,lab_subject_6,lab_subject_6,lab,assistant,inline_late,2,360,59.0,,1784902599,1937.2
exp_20260724T141230Z_1be52b79,20b5325d,lab_subject_6,lab_subject_6,lab,user,inline_late,2,94,17.0,41125.55510178208,1784902597,
exp_20260724T141230Z_1be52b79,20b5325d,lab_subject_6,lab_subject_6,lab,assistant,inline_late,3,220,38.0,,1784902649,1637.5
exp_20260724T141230Z_1be52b79,20b5325d,lab_subject_6,lab_subject_6,lab,user,inline_late,3,70,14.0,47434.49121154845,1784902647,
exp_20260724T141230Z_1be52b79,20b5325d,lab_subject_6,lab_subject_6,lab,assistant,inline_late,4,393,58.0,,1784902685,1999.9
exp_20260724T141230Z_1be52b79,20b5325d,lab_subject_6,lab_subject_6,lab,user,inline_late,4,37,7.0,31734.15969312191,1784902680,
exp_20260724T141230Z_1be52b79,20b5325d,lab_subject_6,lab_subject_6,lab,assistant,no_ads,1,362,56.0,,1784904294,2109.5
exp_20260724T141230Z_1be52b79,20b5325d,lab_subject_6,lab_subject_6,lab,user,no_ads,1,248,49.0,,1784904292,
exp_20260724T141230Z_1be52b79,20b5325d,lab_subject_6,lab_subject_6,lab,assistant,no_ads,2,378,58.0,,1784904351,1860.1
exp_20260724T141230Z_1be52b79,20b5325d,lab_subject_6,lab_subject_6,lab,user,no_ads,2,146,29.0,55090.87083861232,1784904349,
exp_20260724T141230Z_1be52b79,20b5325d,lab_subject_6,lab_subject_6,lab,assistant,no_ads,3,283,42.0,,1784904391,1693.2
exp_20260724T141230Z_1be52b79,20b5325d,lab_subject_6,lab_subject_6,lab,user,no_ads,3,40,8.0,38709.39861610532,1784904389,
exp_20260724T141230Z_1be52b79,20b5325d,lab_subject_6,lab_subject_6,lab,assistant,no_ads,4,650,99.0,,1784904439,2699.1
exp_20260724T141230Z_1be52b79,20b5325d,lab_subject_6,lab_subject_6,lab,user,no_ads,4,123,24.0,44516.53311215341,1784904436,
exp_20260727T073257Z_58270880,43c97a81,lab_subject_7,lab_subject_7,lab,assistant,block_early,1,295,43.0,,1785142916,1871.4
exp_20260727T073257Z_58270880,43c97a81,lab_subject_7,lab_subject_7,lab,user,block_early,1,155,26.0,,1785142914,
exp_20260727T073257Z_58270880,43c97a81,lab_subject_7,lab_subject_7,lab,assistant,block_early,2,897,133.0,,1785142939,2987.7
exp_20260727T073257Z_58270880,43c97a81,lab_subject_7,lab_subject_7,lab,user,block_early,2,28,5.0,17518.85242946446,1785142934,
exp_20260727T073257Z_58270880,43c97a81,lab_subject_7,lab_subject_7,lab,assistant,block_early,3,983,154.0,,1785142978,2872.9
exp_20260727T073257Z_58270880,43c97a81,lab_subject_7,lab_subject_7,lab,user,block_early,3,39,6.0,35740.78540876508,1785142975,
exp_20260727T073257Z_58270880,43c97a81,lab_subject_7,lab_subject_7,lab,assistant,block_early,4,715,108.0,,1785142996,2589.6
exp_20260727T073257Z_58270880,43c97a81,lab_subject_7,lab_subject_7,lab,user,block_early,4,23,4.0,15802.245328202844,1785142993,
exp_20260727T073257Z_58270880,43c97a81,lab_subject_7,lab_subject_7,lab,assistant,block_late,1,166,23.0,,1785141328,1712.9
exp_20260727T073257Z_58270880,43c97a81,lab_subject_7,lab_subject_7,lab,user,block_late,1,72,14.0,,1785141326,
exp_20260727T073257Z_58270880,43c97a81,lab_subject_7,lab_subject_7,lab,assistant,block_late,2,581,84.0,,1785141355,2361.5
exp_20260727T073257Z_58270880,43c97a81,lab_subject_7,lab_subject_7,lab,user,block_late,2,46,8.0,25013.95008340478,1785141353,
exp_20260727T073257Z_58270880,43c97a81,lab_subject_7,lab_subject_7,lab,assistant,block_late,3,649,104.0,,1785141382,2531.8
exp_20260727T073257Z_58270880,43c97a81,lab_subject_7,lab_subject_7,lab,user,block_late,3,49,9.0,24097.39456139505,1785141380,
exp_20260727T073257Z_58270880,43c97a81,lab_subject_7,lab_subject_7,lab,assistant,block_late,4,855,132.0,,1785141414,3207.0
exp_20260727T073257Z_58270880,43c97a81,lab_subject_7,lab_subject_7,lab,user,block_late,4,36,7.0,25832.84828066826,1785141408,
exp_20260727T073257Z_58270880,43c97a81,lab_subject_7,lab_subject_7,lab,assistant,inline_early,1,1178,172.0,,1785142399,3866.6
exp_20260727T073257Z_58270880,43c97a81,lab_subject_7,lab_subject_7,lab,user,inline_early,1,135,23.0,,1785142395,
exp_20260727T073257Z_58270880,43c97a81,lab_subject_7,lab_subject_7,lab,assistant,inline_early,2,3371,529.0,,1785142444,7036.3
exp_20260727T073257Z_58270880,43c97a81,lab_subject_7,lab_subject_7,lab,user,inline_early,2,69,12.0,35149.68982338905,1785142434,
exp_20260727T073257Z_58270880,43c97a81,lab_subject_7,lab_subject_7,lab,assistant,inline_early,3,1503,236.0,,1785142490,4421.1
exp_20260727T073257Z_58270880,43c97a81,lab_subject_7,lab_subject_7,lab,user,inline_early,3,54,9.0,41496.66750244796,1785142485,
exp_20260727T073257Z_58270880,43c97a81,lab_subject_7,lab_subject_7,lab,assistant,inline_early,4,1419,219.0,,1785142542,4030.6
exp_20260727T073257Z_58270880,43c97a81,lab_subject_7,lab_subject_7,lab,user,inline_early,4,69,10.0,48129.62545454502,1785142538,
exp_20260727T073257Z_58270880,43c97a81,lab_subject_7,lab_subject_7,lab,assistant,inline_late,1,2438,400.0,,1785141811,7936.6
exp_20260727T073257Z_58270880,43c97a81,lab_subject_7,lab_subject_7,lab,user,inline_late,1,114,21.0,,1785141803,
exp_20260727T073257Z_58270880,43c97a81,lab_subject_7,lab_subject_7,lab,assistant,inline_late,2,1451,243.0,,1785141860,5248.7
exp_20260727T073257Z_58270880,43c97a81,lab_subject_7,lab_subject_7,lab,user,inline_late,2,93,16.0,43818.27316246927,1785141855,
exp_20260727T073257Z_58270880,43c97a81,lab_subject_7,lab_subject_7,lab,assistant,inline_late,3,3335,545.0,,1785141922,10555.7
exp_20260727T073257Z_58270880,43c97a81,lab_subject_7,lab_subject_7,lab,user,inline_late,3,68,13.0,50881.86543993652,1785141911,
exp_20260727T073257Z_58270880,43c97a81,lab_subject_7,lab_subject_7,lab,assistant,inline_late,4,2178,323.0,,1785141982,7420.3
exp_20260727T073257Z_58270880,43c97a81,lab_subject_7,lab_subject_7,lab,user,inline_late,4,98,16.0,49449.95488226414,1785141971,
exp_20260727T073257Z_58270880,43c97a81,lab_subject_7,lab_subject_7,lab,assistant,no_ads,1,788,108.0,,1785140864,2637.7
exp_20260727T073257Z_58270880,43c97a81,lab_subject_7,lab_subject_7,lab,user,no_ads,1,44,9.0,,1785140861,
exp_20260727T073257Z_58270880,43c97a81,lab_subject_7,lab_subject_7,lab,assistant,no_ads,2,450,64.0,,1785140897,2201.7
exp_20260727T073257Z_58270880,43c97a81,lab_subject_7,lab_subject_7,lab,user,no_ads,2,27,5.0,30431.199038401246,1785140895,
exp_20260727T073257Z_58270880,43c97a81,lab_subject_7,lab_subject_7,lab,assistant,no_ads,3,819,132.0,,1785140910,3191.8
exp_20260727T073257Z_58270880,43c97a81,lab_subject_7,lab_subject_7,lab,user,no_ads,3,19,4.0,10392.054595053196,1785140907,
exp_20260727T073257Z_58270880,43c97a81,lab_subject_7,lab_subject_7,lab,assistant,no_ads,4,457,70.0,,1785140943,2210.0
exp_20260727T073257Z_58270880,43c97a81,lab_subject_7,lab_subject_7,lab,user,no_ads,4,26,6.0,30700.201638042927,1785140941,
exp_20260727T120838Z_83e10f68,ed54747f,lab_subject_8,lab_subject_8,lab,assistant,block_early,1,3147,516.0,,1785155990,9911.9
exp_20260727T120838Z_83e10f68,ed54747f,lab_subject_8,lab_subject_8,lab,user,block_early,1,386,65.0,,1785155980,
exp_20260727T120838Z_83e10f68,ed54747f,lab_subject_8,lab_subject_8,lab,assistant,block_early,2,454,76.0,,1785156058,2682.6
exp_20260727T120838Z_83e10f68,ed54747f,lab_subject_8,lab_subject_8,lab,user,block_early,2,72,12.0,43245.83704210818,1785156034,
exp_20260727T120838Z_83e10f68,ed54747f,lab_subject_8,lab_subject_8,lab,assistant,block_early,3,1402,238.0,,1785156112,5290.2
exp_20260727T120838Z_83e10f68,ed54747f,lab_subject_8,lab_subject_8,lab,user,block_early,3,69,14.0,48565.696097910404,1785156107,
exp_20260727T120838Z_83e10f68,ed54747f,lab_subject_8,lab_subject_8,lab,assistant,block_early,4,2126,357.0,,1785156139,7023.8
exp_20260727T120838Z_83e10f68,ed54747f,lab_subject_8,lab_subject_8,lab,user,block_early,4,33,5.0,19565.225953236222,1785156132,
exp_20260727T120838Z_83e10f68,ed54747f,lab_subject_8,lab_subject_8,lab,assistant,block_late,1,2400,345.0,,1785159095,6688.1
exp_20260727T120838Z_83e10f68,ed54747f,lab_subject_8,lab_subject_8,lab,user,block_late,1,246,47.0,,1785159088,
exp_20260727T120838Z_83e10f68,ed54747f,lab_subject_8,lab_subject_8,lab,assistant,block_late,2,2757,432.0,,1785159131,7482.9
exp_20260727T120838Z_83e10f68,ed54747f,lab_subject_8,lab_subject_8,lab,user,block_late,2,68,15.0,27988.614104688168,1785159123,
exp_20260727T120838Z_83e10f68,ed54747f,lab_subject_8,lab_subject_8,lab,assistant,block_late,3,4001,655.0,,1785159155,10851.5
exp_20260727T120838Z_83e10f68,ed54747f,lab_subject_8,lab_subject_8,lab,user,block_late,3,45,10.0,13768.5651127249,1785159144,
exp_20260727T120838Z_83e10f68,ed54747f,lab_subject_8,lab_subject_8,lab,assistant,block_late,4,1995,300.0,,1785159243,6245.8
exp_20260727T120838Z_83e10f68,ed54747f,lab_subject_8,lab_subject_8,lab,user,block_late,4,28,4.0,77734.63354632258,1785159233,
exp_20260727T120838Z_83e10f68,ed54747f,lab_subject_8,lab_subject_8,lab,assistant,inline_early,1,2470,367.0,,1785156594,6447.8
exp_20260727T120838Z_83e10f68,ed54747f,lab_subject_8,lab_subject_8,lab,user,inline_early,1,345,65.0,,1785156587,
exp_20260727T120838Z_83e10f68,ed54747f,lab_subject_8,lab_subject_8,lab,assistant,inline_early,2,2381,343.0,,1785156845,5751.5
exp_20260727T120838Z_83e10f68,ed54747f,lab_subject_8,lab_subject_8,lab,user,inline_early,2,363,65.0,242600.07161833346,1785156836,
exp_20260727T120838Z_83e10f68,ed54747f,lab_subject_8,lab_subject_8,lab,assistant,inline_early,3,2562,412.0,,1785157072,7297.9
exp_20260727T120838Z_83e10f68,ed54747f,lab_subject_8,lab_subject_8,lab,user,inline_early,3,259,49.0,220266.4086483419,1785157065,
exp_20260727T120838Z_83e10f68,ed54747f,lab_subject_8,lab_subject_8,lab,assistant,inline_early,4,4292,698.0,,1785157113,10845.1
exp_20260727T120838Z_83e10f68,ed54747f,lab_subject_8,lab_subject_8,lab,user,inline_early,4,103,16.0,29450.400665402412,1785157102,
exp_20260727T120838Z_83e10f68,ed54747f,lab_subject_8,lab_subject_8,lab,assistant,inline_late,1,2193,359.0,,1785158516,6615.5
exp_20260727T120838Z_83e10f68,ed54747f,lab_subject_8,lab_subject_8,lab,user,inline_late,1,642,132.0,,1785158510,
exp_20260727T120838Z_83e10f68,ed54747f,lab_subject_8,lab_subject_8,lab,assistant,inline_late,2,1710,261.0,,1785158548,5284.7
exp_20260727T120838Z_83e10f68,ed54747f,lab_subject_8,lab_subject_8,lab,user,inline_late,2,22,4.0,26802.966391667724,1785158543,
exp_20260727T120838Z_83e10f68,ed54747f,lab_subject_8,lab_subject_8,lab,assistant,inline_late,3,2395,364.0,,1785158622,6450.4
exp_20260727T120838Z_83e10f68,ed54747f,lab_subject_8,lab_subject_8,lab,user,inline_late,3,42,8.0,66839.3777962774,1785158615,
exp_20260727T120838Z_83e10f68,ed54747f,lab_subject_8,lab_subject_8,lab,assistant,inline_late,4,2066,336.0,,1785158703,6039.4
exp_20260727T120838Z_83e10f68,ed54747f,lab_subject_8,lab_subject_8,lab,user,inline_late,4,114,22.0,71386.19284518063,1785158693,
exp_20260727T120838Z_83e10f68,ed54747f,lab_subject_8,lab_subject_8,lab,assistant,no_ads,1,1037,154.0,,1785157636,3792.3
exp_20260727T120838Z_83e10f68,ed54747f,lab_subject_8,lab_subject_8,lab,user,no_ads,1,436,91.0,,1785157632,
exp_20260727T120838Z_83e10f68,ed54747f,lab_subject_8,lab_subject_8,lab,assistant,no_ads,2,1465,222.0,,1785157758,5569.3
exp_20260727T120838Z_83e10f68,ed54747f,lab_subject_8,lab_subject_8,lab,user,no_ads,2,330,68.0,117095.01704759896,1785157753,
exp_20260727T120838Z_83e10f68,ed54747f,lab_subject_8,lab_subject_8,lab,assistant,no_ads,3,2527,420.0,,1785157850,7149.0
exp_20260727T120838Z_83e10f68,ed54747f,lab_subject_8,lab_subject_8,lab,user,no_ads,3,134,26.0,84011.20513305068,1785157842,
exp_20260727T120838Z_83e10f68,ed54747f,lab_subject_8,lab_subject_8,lab,assistant,no_ads,4,1338,234.0,,1785157912,4575.7
exp_20260727T120838Z_83e10f68,ed54747f,lab_subject_8,lab_subject_8,lab,user,no_ads,4,111,28.0,58246.222434565425,1785157908,
exp_20260727T141010Z_f065c5c8,234130ff,lab_subject_9,lab_subject_9,lab,assistant,block_early,1,2048,305.0,,1785165053,6416.5
exp_20260727T141010Z_f065c5c8,234130ff,lab_subject_9,lab_subject_9,lab,user,block_early,1,265,45.0,,1785165047,
exp_20260727T141010Z_f065c5c8,234130ff,lab_subject_9,lab_subject_9,lab,assistant,block_early,2,1732,285.0,,1785165191,5492.5
exp_20260727T141010Z_f065c5c8,234130ff,lab_subject_9,lab_subject_9,lab,user,block_early,2,67,12.0,129289.49456848204,1785165183,
exp_20260727T141010Z_f065c5c8,234130ff,lab_subject_9,lab_subject_9,lab,assistant,block_early,3,1430,222.0,,1785165270,4946.7
exp_20260727T141010Z_f065c5c8,234130ff,lab_subject_9,lab_subject_9,lab,user,block_early,3,41,7.0,73596.38469107449,1785165265,
exp_20260727T141010Z_f065c5c8,234130ff,lab_subject_9,lab_subject_9,lab,assistant,block_early,4,1240,183.0,,1785165345,4191.8
exp_20260727T141010Z_f065c5c8,234130ff,lab_subject_9,lab_subject_9,lab,user,block_early,4,86,15.0,70557.34618380666,1785165341,
exp_20260727T141010Z_f065c5c8,234130ff,lab_subject_9,lab_subject_9,lab,assistant,block_late,1,721,114.0,,1785166151,2876.8
exp_20260727T141010Z_f065c5c8,234130ff,lab_subject_9,lab_subject_9,lab,user,block_late,1,352,69.0,,1785166148,
exp_20260727T141010Z_f065c5c8,234130ff,lab_subject_9,lab_subject_9,lab,assistant,block_late,2,674,109.0,,1785166221,2488.7
exp_20260727T141010Z_f065c5c8,234130ff,lab_subject_9,lab_subject_9,lab,user,block_late,2,153,24.0,67303.77727560699,1785166218,
exp_20260727T141010Z_f065c5c8,234130ff,lab_subject_9,lab_subject_9,lab,assistant,block_late,3,508,76.0,,1785166290,2108.5
exp_20260727T141010Z_f065c5c8,234130ff,lab_subject_9,lab_subject_9,lab,user,block_late,3,131,29.0,66685.20054407418,1785166288,
exp_20260727T141010Z_f065c5c8,234130ff,lab_subject_9,lab_subject_9,lab,assistant,block_late,4,579,84.0,,1785166344,2420.1
exp_20260727T141010Z_f065c5c8,234130ff,lab_subject_9,lab_subject_9,lab,user,block_late,4,50,9.0,48754.01332043111,1785166338,
exp_20260727T141010Z_f065c5c8,234130ff,lab_subject_9,lab_subject_9,lab,assistant,inline_early,1,394,58.0,,1785164570,1990.0
exp_20260727T141010Z_f065c5c8,234130ff,lab_subject_9,lab_subject_9,lab,user,inline_early,1,249,50.0,,1785164568,
exp_20260727T141010Z_f065c5c8,234130ff,lab_subject_9,lab_subject_9,lab,assistant,inline_early,2,664,98.0,,1785164613,2416.8
exp_20260727T141010Z_f065c5c8,234130ff,lab_subject_9,lab_subject_9,lab,user,inline_early,2,73,14.0,37627.54294462502,1785164608,
exp_20260727T141010Z_f065c5c8,234130ff,lab_subject_9,lab_subject_9,lab,assistant,inline_early,3,216,34.0,,1785164650,1858.0
exp_20260727T141010Z_f065c5c8,234130ff,lab_subject_9,lab_subject_9,lab,user,inline_early,3,24,4.0,35452.32372917235,1785164648,
exp_20260727T141010Z_f065c5c8,234130ff,lab_subject_9,lab_subject_9,lab,assistant,inline_early,4,516,86.0,,1785164684,2172.8
exp_20260727T141010Z_f065c5c8,234130ff,lab_subject_9,lab_subject_9,lab,user,inline_early,4,74,13.0,32046.328224241734,1785164682,
exp_20260727T141010Z_f065c5c8,234130ff,lab_subject_9,lab_subject_9,lab,assistant,inline_late,1,440,70.0,,1785164026,2255.8
exp_20260727T141010Z_f065c5c8,234130ff,lab_subject_9,lab_subject_9,lab,user,inline_late,1,220,48.0,,1785164024,
exp_20260727T141010Z_f065c5c8,234130ff,lab_subject_9,lab_subject_9,lab,assistant,inline_late,2,476,69.0,,1785164085,2195.2
exp_20260727T141010Z_f065c5c8,234130ff,lab_subject_9,lab_subject_9,lab,user,inline_late,2,53,10.0,56579.55114543438,1785164083,
exp_20260727T141010Z_f065c5c8,234130ff,lab_subject_9,lab_subject_9,lab,assistant,inline_late,3,556,85.0,,1785164153,2393.8
exp_20260727T141010Z_f065c5c8,234130ff,lab_subject_9,lab_subject_9,lab,user,inline_late,3,35,7.0,65462.93366886675,1785164151,
exp_20260727T141010Z_f065c5c8,234130ff,lab_subject_9,lab_subject_9,lab,assistant,inline_late,4,439,80.0,,1785164181,2201.8
exp_20260727T141010Z_f065c5c8,234130ff,lab_subject_9,lab_subject_9,lab,user,inline_late,4,38,8.0,22845.87151557207,1785164176,
exp_20260727T141010Z_f065c5c8,234130ff,lab_subject_9,lab_subject_9,lab,assistant,no_ads,1,803,123.0,,1785165666,2957.0
exp_20260727T141010Z_f065c5c8,234130ff,lab_subject_9,lab_subject_9,lab,user,no_ads,1,235,43.0,,1785165663,
exp_20260727T141010Z_f065c5c8,234130ff,lab_subject_9,lab_subject_9,lab,assistant,no_ads,2,915,133.0,,1785165715,3276.9
exp_20260727T141010Z_f065c5c8,234130ff,lab_subject_9,lab_subject_9,lab,user,no_ads,2,70,13.0,45206.93934895098,1785165711,
exp_20260727T141010Z_f065c5c8,234130ff,lab_subject_9,lab_subject_9,lab,assistant,no_ads,3,898,137.0,,1785165790,2817.6
exp_20260727T141010Z_f065c5c8,234130ff,lab_subject_9,lab_subject_9,lab,user,no_ads,3,132,23.0,72288.609450683,1785165787,
exp_20260727T141010Z_f065c5c8,234130ff,lab_subject_9,lab_subject_9,lab,assistant,no_ads,4,1119,178.0,,1785165844,3503.9
exp_20260727T141010Z_f065c5c8,234130ff,lab_subject_9,lab_subject_9,lab,user,no_ads,4,36,6.0,50076.57427713275,1785165840,
