subject_id,contrast_id,feature,feature_tier,difference
lab_subject_1,any_ad_vs_no_ads,fz_theta_power_db_uv2,primary,-0.313402607951625
lab_subject_1,inline_vs_block,fz_theta_power_db_uv2,primary,-0.18389941646676267
lab_subject_1,early_vs_late,fz_theta_power_db_uv2,primary,-0.1255763093450648
lab_subject_1,format_x_timing,fz_theta_power_db_uv2,primary,0.2837966511543204
lab_subject_10,any_ad_vs_no_ads,fz_theta_power_db_uv2,primary,0.9947756905955476
lab_subject_10,inline_vs_block,fz_theta_power_db_uv2,primary,0.40176559560785563
lab_subject_10,early_vs_late,fz_theta_power_db_uv2,primary,-0.6698059926258502
lab_subject_10,format_x_timing,fz_theta_power_db_uv2,primary,-1.0887926958864362
lab_subject_11,any_ad_vs_no_ads,fz_theta_power_db_uv2,primary,0.04073535280587315
lab_subject_11,inline_vs_block,fz_theta_power_db_uv2,primary,-0.1323764647834178
lab_subject_11,early_vs_late,fz_theta_power_db_uv2,primary,-0.13528447005549538
lab_subject_11,format_x_timing,fz_theta_power_db_uv2,primary,1.7745094598111795
lab_subject_12,any_ad_vs_no_ads,fz_theta_power_db_uv2,primary,0.06045564282779381
lab_subject_12,inline_vs_block,fz_theta_power_db_uv2,primary,-0.16703617561571527
lab_subject_12,early_vs_late,fz_theta_power_db_uv2,primary,0.10903994916704995
lab_subject_12,format_x_timing,fz_theta_power_db_uv2,primary,-0.18144844733309817
lab_subject_13,any_ad_vs_no_ads,fz_theta_power_db_uv2,primary,0.6870287595456279
lab_subject_13,inline_vs_block,fz_theta_power_db_uv2,primary,-1.0265905404855573
lab_subject_13,early_vs_late,fz_theta_power_db_uv2,primary,0.43540259695861394
lab_subject_13,format_x_timing,fz_theta_power_db_uv2,primary,1.9250348437409492
lab_subject_14,any_ad_vs_no_ads,fz_theta_power_db_uv2,primary,-0.5887407801936693
lab_subject_14,inline_vs_block,fz_theta_power_db_uv2,primary,0.5217258149091766
lab_subject_14,early_vs_late,fz_theta_power_db_uv2,primary,-0.3224065361818216
lab_subject_14,format_x_timing,fz_theta_power_db_uv2,primary,1.1707068742653677
lab_subject_15,any_ad_vs_no_ads,fz_theta_power_db_uv2,primary,-0.1282498879135474
lab_subject_15,inline_vs_block,fz_theta_power_db_uv2,primary,0.09066823340557395
lab_subject_15,early_vs_late,fz_theta_power_db_uv2,primary,0.12231659269064998
lab_subject_15,format_x_timing,fz_theta_power_db_uv2,primary,0.048564045559751357
lab_subject_16,any_ad_vs_no_ads,fz_theta_power_db_uv2,primary,0.27980915638618153
lab_subject_16,inline_vs_block,fz_theta_power_db_uv2,primary,-0.28247874415257
lab_subject_16,early_vs_late,fz_theta_power_db_uv2,primary,0.23233154747968676
lab_subject_16,format_x_timing,fz_theta_power_db_uv2,primary,-0.1364584547210015
lab_subject_17,any_ad_vs_no_ads,fz_theta_power_db_uv2,primary,-0.342632471466251
lab_subject_17,inline_vs_block,fz_theta_power_db_uv2,primary,0.09413951497442419
lab_subject_17,early_vs_late,fz_theta_power_db_uv2,primary,-0.09388956069350485
lab_subject_17,format_x_timing,fz_theta_power_db_uv2,primary,0.4833356361258385
lab_subject_18,any_ad_vs_no_ads,fz_theta_power_db_uv2,primary,0.662717285906691
lab_subject_18,inline_vs_block,fz_theta_power_db_uv2,primary,-0.014405084595962236
lab_subject_18,early_vs_late,fz_theta_power_db_uv2,primary,0.11211263109603387
lab_subject_18,format_x_timing,fz_theta_power_db_uv2,primary,-0.2645120831654513
lab_subject_19,any_ad_vs_no_ads,fz_theta_power_db_uv2,primary,0.21796485566330936
lab_subject_19,inline_vs_block,fz_theta_power_db_uv2,primary,-0.07646432760456534
lab_subject_19,early_vs_late,fz_theta_power_db_uv2,primary,0.08903780599799216
lab_subject_19,format_x_timing,fz_theta_power_db_uv2,primary,-0.14674518226839428
lab_subject_2,any_ad_vs_no_ads,fz_theta_power_db_uv2,primary,0.9114729461721947
lab_subject_2,inline_vs_block,fz_theta_power_db_uv2,primary,0.7944326562102546
lab_subject_2,early_vs_late,fz_theta_power_db_uv2,primary,-0.08831554745542292
lab_subject_2,format_x_timing,fz_theta_power_db_uv2,primary,0.7171905774741862
lab_subject_3,any_ad_vs_no_ads,fz_theta_power_db_uv2,primary,0.023587046159455838
lab_subject_3,inline_vs_block,fz_theta_power_db_uv2,primary,-0.7756952995275954
lab_subject_3,early_vs_late,fz_theta_power_db_uv2,primary,0.0009754999073603443
lab_subject_3,format_x_timing,fz_theta_power_db_uv2,primary,0.6523690980849306
lab_subject_5,any_ad_vs_no_ads,fz_theta_power_db_uv2,primary,-0.46832205185516784
lab_subject_5,inline_vs_block,fz_theta_power_db_uv2,primary,-0.2906423064513781
lab_subject_5,early_vs_late,fz_theta_power_db_uv2,primary,0.5233645015034192
lab_subject_5,format_x_timing,fz_theta_power_db_uv2,primary,-1.1632475688038681
lab_subject_6,any_ad_vs_no_ads,fz_theta_power_db_uv2,primary,-0.2356673034745853
lab_subject_6,inline_vs_block,fz_theta_power_db_uv2,primary,-0.06750120393177728
lab_subject_6,early_vs_late,fz_theta_power_db_uv2,primary,-0.11318961275073036
lab_subject_6,format_x_timing,fz_theta_power_db_uv2,primary,0.3385013111476347
lab_subject_7,any_ad_vs_no_ads,fz_theta_power_db_uv2,primary,-1.06642580821996
lab_subject_7,inline_vs_block,fz_theta_power_db_uv2,primary,-1.2492787083471537
lab_subject_7,early_vs_late,fz_theta_power_db_uv2,primary,-0.659437990732239
lab_subject_7,format_x_timing,fz_theta_power_db_uv2,primary,-0.9835776133451697
lab_subject_8,any_ad_vs_no_ads,fz_theta_power_db_uv2,primary,-0.2579779214415261
lab_subject_8,inline_vs_block,fz_theta_power_db_uv2,primary,-0.17143101303499186
lab_subject_8,early_vs_late,fz_theta_power_db_uv2,primary,-0.2876327858328036
lab_subject_8,format_x_timing,fz_theta_power_db_uv2,primary,0.5966068829718179
lab_subject_9,any_ad_vs_no_ads,fz_theta_power_db_uv2,primary,-0.13179668494996477
lab_subject_9,inline_vs_block,fz_theta_power_db_uv2,primary,0.1522354951821292
lab_subject_9,early_vs_late,fz_theta_power_db_uv2,primary,-0.28558773345058697
lab_subject_9,format_x_timing,fz_theta_power_db_uv2,primary,-0.4684588019511917
lab_subject_1,any_ad_vs_no_ads,posterior_alpha_power_db_uv2,primary,0.2729573486599923
lab_subject_1,inline_vs_block,posterior_alpha_power_db_uv2,primary,-0.7637654814748576
lab_subject_1,early_vs_late,posterior_alpha_power_db_uv2,primary,-0.1035274501789143
lab_subject_1,format_x_timing,posterior_alpha_power_db_uv2,primary,0.373550384776995
lab_subject_10,any_ad_vs_no_ads,posterior_alpha_power_db_uv2,primary,0.027649494923187135
lab_subject_10,inline_vs_block,posterior_alpha_power_db_uv2,primary,-0.19839310548234224
lab_subject_10,early_vs_late,posterior_alpha_power_db_uv2,primary,-0.04553226127685939
lab_subject_10,format_x_timing,posterior_alpha_power_db_uv2,primary,0.8302184312095005
lab_subject_11,any_ad_vs_no_ads,posterior_alpha_power_db_uv2,primary,-0.02999276790660943
lab_subject_11,inline_vs_block,posterior_alpha_power_db_uv2,primary,0.07033387267411229
lab_subject_11,early_vs_late,posterior_alpha_power_db_uv2,primary,-0.028120931987807296
lab_subject_11,format_x_timing,posterior_alpha_power_db_uv2,primary,-1.3018976050965811
lab_subject_12,any_ad_vs_no_ads,posterior_alpha_power_db_uv2,primary,0.0079061630626871
lab_subject_12,inline_vs_block,posterior_alpha_power_db_uv2,primary,0.12241011582502104
lab_subject_12,early_vs_late,posterior_alpha_power_db_uv2,primary,-0.12600693258351114
lab_subject_12,format_x_timing,posterior_alpha_power_db_uv2,primary,-0.03910113312776353
lab_subject_13,any_ad_vs_no_ads,posterior_alpha_power_db_uv2,primary,0.36116664019728795
lab_subject_13,inline_vs_block,posterior_alpha_power_db_uv2,primary,-0.7249093701535054
lab_subject_13,early_vs_late,posterior_alpha_power_db_uv2,primary,-0.5378283463595981
lab_subject_13,format_x_timing,posterior_alpha_power_db_uv2,primary,1.171992623391831
lab_subject_14,any_ad_vs_no_ads,posterior_alpha_power_db_uv2,primary,0.715169392494416
lab_subject_14,inline_vs_block,posterior_alpha_power_db_uv2,primary,0.3375114571536928
lab_subject_14,early_vs_late,posterior_alpha_power_db_uv2,primary,0.28226229981848583
lab_subject_14,format_x_timing,posterior_alpha_power_db_uv2,primary,-1.5553431090009875
lab_subject_15,any_ad_vs_no_ads,posterior_alpha_power_db_uv2,primary,0.05117795243050427
lab_subject_15,inline_vs_block,posterior_alpha_power_db_uv2,primary,0.39568949273426357
lab_subject_15,early_vs_late,posterior_alpha_power_db_uv2,primary,-0.23358798859093177
lab_subject_15,format_x_timing,posterior_alpha_power_db_uv2,primary,-0.43032834763151806
lab_subject_16,any_ad_vs_no_ads,posterior_alpha_power_db_uv2,primary,0.6644070279365524
lab_subject_16,inline_vs_block,posterior_alpha_power_db_uv2,primary,0.15147524715638117
lab_subject_16,early_vs_late,posterior_alpha_power_db_uv2,primary,-0.23955216600004814
lab_subject_16,format_x_timing,posterior_alpha_power_db_uv2,primary,0.08516814383659543
lab_subject_17,any_ad_vs_no_ads,posterior_alpha_power_db_uv2,primary,-0.21619380291700363
lab_subject_17,inline_vs_block,posterior_alpha_power_db_uv2,primary,0.05977699447548357
lab_subject_17,early_vs_late,posterior_alpha_power_db_uv2,primary,-0.19332661169437415
lab_subject_17,format_x_timing,posterior_alpha_power_db_uv2,primary,-1.9011146893670698
lab_subject_18,any_ad_vs_no_ads,posterior_alpha_power_db_uv2,primary,-0.030496941857717452
lab_subject_18,inline_vs_block,posterior_alpha_power_db_uv2,primary,0.45913228565487696
lab_subject_18,early_vs_late,posterior_alpha_power_db_uv2,primary,-0.20283625111512293
lab_subject_18,format_x_timing,posterior_alpha_power_db_uv2,primary,-0.08994144716789876
lab_subject_19,any_ad_vs_no_ads,posterior_alpha_power_db_uv2,primary,-0.10874360140956085
lab_subject_19,inline_vs_block,posterior_alpha_power_db_uv2,primary,-0.051239737087674264
lab_subject_19,early_vs_late,posterior_alpha_power_db_uv2,primary,0.12684493476612424
lab_subject_19,format_x_timing,posterior_alpha_power_db_uv2,primary,0.4841355132106031
lab_subject_2,any_ad_vs_no_ads,posterior_alpha_power_db_uv2,primary,-0.06548184925073475
lab_subject_2,inline_vs_block,posterior_alpha_power_db_uv2,primary,-0.08560172381193976
lab_subject_2,early_vs_late,posterior_alpha_power_db_uv2,primary,0.1655695589710131
lab_subject_2,format_x_timing,posterior_alpha_power_db_uv2,primary,2.966362121991871
lab_subject_3,any_ad_vs_no_ads,posterior_alpha_power_db_uv2,primary,-0.5635528286754408
lab_subject_3,inline_vs_block,posterior_alpha_power_db_uv2,primary,0.11599972460987829
lab_subject_3,early_vs_late,posterior_alpha_power_db_uv2,primary,-0.2657238172311409
lab_subject_3,format_x_timing,posterior_alpha_power_db_uv2,primary,1.16884319857013
lab_subject_5,any_ad_vs_no_ads,posterior_alpha_power_db_uv2,primary,-0.359891324617859
lab_subject_5,inline_vs_block,posterior_alpha_power_db_uv2,primary,-0.16699526871885606
lab_subject_5,early_vs_late,posterior_alpha_power_db_uv2,primary,0.15339257640453052
lab_subject_5,format_x_timing,posterior_alpha_power_db_uv2,primary,-0.4382946507627823
lab_subject_6,any_ad_vs_no_ads,posterior_alpha_power_db_uv2,primary,0.46453697358219426
lab_subject_6,inline_vs_block,posterior_alpha_power_db_uv2,primary,0.11386419825695082
lab_subject_6,early_vs_late,posterior_alpha_power_db_uv2,primary,-0.06811089782198199
lab_subject_6,format_x_timing,posterior_alpha_power_db_uv2,primary,-0.6759878060256801
lab_subject_7,any_ad_vs_no_ads,posterior_alpha_power_db_uv2,primary,-0.35076459551530315
lab_subject_7,inline_vs_block,posterior_alpha_power_db_uv2,primary,-0.10194224535760776
lab_subject_7,early_vs_late,posterior_alpha_power_db_uv2,primary,-0.4849244310819998
lab_subject_7,format_x_timing,posterior_alpha_power_db_uv2,primary,0.5387298270279786
lab_subject_8,any_ad_vs_no_ads,posterior_alpha_power_db_uv2,primary,-0.1918269713612002
lab_subject_8,inline_vs_block,posterior_alpha_power_db_uv2,primary,0.12049005293888015
lab_subject_8,early_vs_late,posterior_alpha_power_db_uv2,primary,0.18807683670597086
lab_subject_8,format_x_timing,posterior_alpha_power_db_uv2,primary,0.1497891414020298
lab_subject_9,any_ad_vs_no_ads,posterior_alpha_power_db_uv2,primary,0.5664991804602213
lab_subject_9,inline_vs_block,posterior_alpha_power_db_uv2,primary,0.2619817602814205
lab_subject_9,early_vs_late,posterior_alpha_power_db_uv2,primary,0.015117197289856499
lab_subject_9,format_x_timing,posterior_alpha_power_db_uv2,primary,-0.6156048770310072
lab_subject_1,any_ad_vs_no_ads,theta_power_db_uv2,secondary_global,-0.8123737775135318
lab_subject_1,inline_vs_block,theta_power_db_uv2,secondary_global,-0.3112397031996661
lab_subject_1,early_vs_late,theta_power_db_uv2,secondary_global,-0.10066853827205868
lab_subject_1,format_x_timing,theta_power_db_uv2,secondary_global,-0.7210778826194648
lab_subject_10,any_ad_vs_no_ads,theta_power_db_uv2,secondary_global,1.5099188205174485
lab_subject_10,inline_vs_block,theta_power_db_uv2,secondary_global,0.1505459825532114
lab_subject_10,early_vs_late,theta_power_db_uv2,secondary_global,-0.9464883870907403
lab_subject_10,format_x_timing,theta_power_db_uv2,secondary_global,-1.9233706334293235
lab_subject_11,any_ad_vs_no_ads,theta_power_db_uv2,secondary_global,0.17707352193574266
lab_subject_11,inline_vs_block,theta_power_db_uv2,secondary_global,-0.24376593093234256
lab_subject_11,early_vs_late,theta_power_db_uv2,secondary_global,-0.42720637329146705
lab_subject_11,format_x_timing,theta_power_db_uv2,secondary_global,2.0806976874538314
lab_subject_12,any_ad_vs_no_ads,theta_power_db_uv2,secondary_global,-0.8348966029111118
lab_subject_12,inline_vs_block,theta_power_db_uv2,secondary_global,-0.24919656821064962
lab_subject_12,early_vs_late,theta_power_db_uv2,secondary_global,0.476151206298681
lab_subject_12,format_x_timing,theta_power_db_uv2,secondary_global,0.12524665874173557
lab_subject_13,any_ad_vs_no_ads,theta_power_db_uv2,secondary_global,0.9818914120654458
lab_subject_13,inline_vs_block,theta_power_db_uv2,secondary_global,-1.0977659000692626
lab_subject_13,early_vs_late,theta_power_db_uv2,secondary_global,0.6751655765992268
lab_subject_13,format_x_timing,theta_power_db_uv2,secondary_global,2.428947349354715
lab_subject_14,any_ad_vs_no_ads,theta_power_db_uv2,secondary_global,-0.3312941177490867
lab_subject_14,inline_vs_block,theta_power_db_uv2,secondary_global,0.4015067239024894
lab_subject_14,early_vs_late,theta_power_db_uv2,secondary_global,0.16144838851441
lab_subject_14,format_x_timing,theta_power_db_uv2,secondary_global,-0.5494461054026303
lab_subject_15,any_ad_vs_no_ads,theta_power_db_uv2,secondary_global,0.12742306137924153
lab_subject_15,inline_vs_block,theta_power_db_uv2,secondary_global,-0.12357245067098077
lab_subject_15,early_vs_late,theta_power_db_uv2,secondary_global,-0.5553315112360062
lab_subject_15,format_x_timing,theta_power_db_uv2,secondary_global,-0.6062043205560279
lab_subject_16,any_ad_vs_no_ads,theta_power_db_uv2,secondary_global,-0.15060160662314104
lab_subject_16,inline_vs_block,theta_power_db_uv2,secondary_global,-0.35568203684811994
lab_subject_16,early_vs_late,theta_power_db_uv2,secondary_global,-0.38639070782010876
lab_subject_16,format_x_timing,theta_power_db_uv2,secondary_global,0.8907836430260998
lab_subject_17,any_ad_vs_no_ads,theta_power_db_uv2,secondary_global,-0.4102286531962278
lab_subject_17,inline_vs_block,theta_power_db_uv2,secondary_global,-0.1211805376562829
lab_subject_17,early_vs_late,theta_power_db_uv2,secondary_global,0.5788018246244082
lab_subject_17,format_x_timing,theta_power_db_uv2,secondary_global,-0.25434248927742864
lab_subject_18,any_ad_vs_no_ads,theta_power_db_uv2,secondary_global,-0.5242462230782259
lab_subject_18,inline_vs_block,theta_power_db_uv2,secondary_global,-0.14167149734566653
lab_subject_18,early_vs_late,theta_power_db_uv2,secondary_global,0.3245401323646693
lab_subject_18,format_x_timing,theta_power_db_uv2,secondary_global,-0.959584367113961
lab_subject_19,any_ad_vs_no_ads,theta_power_db_uv2,secondary_global,0.6464266584190153
lab_subject_19,inline_vs_block,theta_power_db_uv2,secondary_global,-0.13573138725070955
lab_subject_19,early_vs_late,theta_power_db_uv2,secondary_global,0.21802872160022346
lab_subject_19,format_x_timing,theta_power_db_uv2,secondary_global,0.1462523042120143
lab_subject_2,any_ad_vs_no_ads,theta_power_db_uv2,secondary_global,0.7812586121505376
lab_subject_2,inline_vs_block,theta_power_db_uv2,secondary_global,0.48620560056042983
lab_subject_2,early_vs_late,theta_power_db_uv2,secondary_global,0.050568730088516034
lab_subject_2,format_x_timing,theta_power_db_uv2,secondary_global,1.1031297804993994
lab_subject_3,any_ad_vs_no_ads,theta_power_db_uv2,secondary_global,-0.06467301916739387
lab_subject_3,inline_vs_block,theta_power_db_uv2,secondary_global,-0.8717703334171762
lab_subject_3,early_vs_late,theta_power_db_uv2,secondary_global,-0.606602467701034
lab_subject_3,format_x_timing,theta_power_db_uv2,secondary_global,0.020441929670381498
lab_subject_5,any_ad_vs_no_ads,theta_power_db_uv2,secondary_global,-0.5238650154575648
lab_subject_5,inline_vs_block,theta_power_db_uv2,secondary_global,-0.7086609826875154
lab_subject_5,early_vs_late,theta_power_db_uv2,secondary_global,0.1022981473177218
lab_subject_5,format_x_timing,theta_power_db_uv2,secondary_global,-0.7029987537360771
lab_subject_6,any_ad_vs_no_ads,theta_power_db_uv2,secondary_global,-0.007255323841174999
lab_subject_6,inline_vs_block,theta_power_db_uv2,secondary_global,0.632117391887407
lab_subject_6,early_vs_late,theta_power_db_uv2,secondary_global,-0.5855604246224306
lab_subject_6,format_x_timing,theta_power_db_uv2,secondary_global,-1.86132666261285
lab_subject_7,any_ad_vs_no_ads,theta_power_db_uv2,secondary_global,-1.9387578711337294
lab_subject_7,inline_vs_block,theta_power_db_uv2,secondary_global,-1.61618552043649
lab_subject_7,early_vs_late,theta_power_db_uv2,secondary_global,-0.38226579956782203
lab_subject_7,format_x_timing,theta_power_db_uv2,secondary_global,-0.697041356186971
lab_subject_8,any_ad_vs_no_ads,theta_power_db_uv2,secondary_global,-0.48053825999253164
lab_subject_8,inline_vs_block,theta_power_db_uv2,secondary_global,-0.5422580204764191
lab_subject_8,early_vs_late,theta_power_db_uv2,secondary_global,-0.5044047455053811
lab_subject_8,format_x_timing,theta_power_db_uv2,secondary_global,-0.1877014898827145
lab_subject_9,any_ad_vs_no_ads,theta_power_db_uv2,secondary_global,0.0775617112603264
lab_subject_9,inline_vs_block,theta_power_db_uv2,secondary_global,0.7069752224237398
lab_subject_9,early_vs_late,theta_power_db_uv2,secondary_global,-0.29763538575787507
lab_subject_9,format_x_timing,theta_power_db_uv2,secondary_global,-0.35707602294250407
lab_subject_1,any_ad_vs_no_ads,alpha_power_db_uv2,secondary_global,0.0788928163166398
lab_subject_1,inline_vs_block,alpha_power_db_uv2,secondary_global,-0.47328607226138075
lab_subject_1,early_vs_late,alpha_power_db_uv2,secondary_global,-0.0980550047237223
lab_subject_1,format_x_timing,alpha_power_db_uv2,secondary_global,0.07066848612579868
lab_subject_10,any_ad_vs_no_ads,alpha_power_db_uv2,secondary_global,-0.03675059605415143
lab_subject_10,inline_vs_block,alpha_power_db_uv2,secondary_global,-0.0006016352247453227
lab_subject_10,early_vs_late,alpha_power_db_uv2,secondary_global,0.14460508232226488
lab_subject_10,format_x_timing,alpha_power_db_uv2,secondary_global,0.1237731244916791
lab_subject_11,any_ad_vs_no_ads,alpha_power_db_uv2,secondary_global,0.056624151164586856
lab_subject_11,inline_vs_block,alpha_power_db_uv2,secondary_global,0.1418202755591551
lab_subject_11,early_vs_late,alpha_power_db_uv2,secondary_global,0.09743265261764122
lab_subject_11,format_x_timing,alpha_power_db_uv2,secondary_global,-0.8033263464152123
lab_subject_12,any_ad_vs_no_ads,alpha_power_db_uv2,secondary_global,-0.3519144309903517
lab_subject_12,inline_vs_block,alpha_power_db_uv2,secondary_global,-0.48635695427361725
lab_subject_12,early_vs_late,alpha_power_db_uv2,secondary_global,0.1270645771084844
lab_subject_12,format_x_timing,alpha_power_db_uv2,secondary_global,0.12989230019451448
lab_subject_13,any_ad_vs_no_ads,alpha_power_db_uv2,secondary_global,-0.1316383047590417
lab_subject_13,inline_vs_block,alpha_power_db_uv2,secondary_global,-0.6834988063138532
lab_subject_13,early_vs_late,alpha_power_db_uv2,secondary_global,-0.26688353438301604
lab_subject_13,format_x_timing,alpha_power_db_uv2,secondary_global,2.2128650375211674
lab_subject_14,any_ad_vs_no_ads,alpha_power_db_uv2,secondary_global,-0.09099045266827055
lab_subject_14,inline_vs_block,alpha_power_db_uv2,secondary_global,0.27553791012893125
lab_subject_14,early_vs_late,alpha_power_db_uv2,secondary_global,0.17024059076399833
lab_subject_14,format_x_timing,alpha_power_db_uv2,secondary_global,-1.0122560800421292
lab_subject_15,any_ad_vs_no_ads,alpha_power_db_uv2,secondary_global,0.03093858901363733
lab_subject_15,inline_vs_block,alpha_power_db_uv2,secondary_global,0.3253389548568708
lab_subject_15,early_vs_late,alpha_power_db_uv2,secondary_global,-0.2759872227651976
lab_subject_15,format_x_timing,alpha_power_db_uv2,secondary_global,-0.5549621808582161
lab_subject_16,any_ad_vs_no_ads,alpha_power_db_uv2,secondary_global,0.03212732644145522
lab_subject_16,inline_vs_block,alpha_power_db_uv2,secondary_global,-0.09209969109131588
lab_subject_16,early_vs_late,alpha_power_db_uv2,secondary_global,0.13905475524568445
lab_subject_16,format_x_timing,alpha_power_db_uv2,secondary_global,0.052498816215222455
lab_subject_17,any_ad_vs_no_ads,alpha_power_db_uv2,secondary_global,0.21986964085715677
lab_subject_17,inline_vs_block,alpha_power_db_uv2,secondary_global,-0.26029735786480135
lab_subject_17,early_vs_late,alpha_power_db_uv2,secondary_global,0.33043094901969283
lab_subject_17,format_x_timing,alpha_power_db_uv2,secondary_global,-0.7367269961130161
lab_subject_18,any_ad_vs_no_ads,alpha_power_db_uv2,secondary_global,0.032461656746503476
lab_subject_18,inline_vs_block,alpha_power_db_uv2,secondary_global,0.34116192124691835
lab_subject_18,early_vs_late,alpha_power_db_uv2,secondary_global,0.21281534675398284
lab_subject_18,format_x_timing,alpha_power_db_uv2,secondary_global,0.3562473778992441
lab_subject_19,any_ad_vs_no_ads,alpha_power_db_uv2,secondary_global,0.053422631347841865
lab_subject_19,inline_vs_block,alpha_power_db_uv2,secondary_global,-0.267062324675746
lab_subject_19,early_vs_late,alpha_power_db_uv2,secondary_global,0.06239308661694576
lab_subject_19,format_x_timing,alpha_power_db_uv2,secondary_global,-0.24584393213871092
lab_subject_2,any_ad_vs_no_ads,alpha_power_db_uv2,secondary_global,0.4921457914471228
lab_subject_2,inline_vs_block,alpha_power_db_uv2,secondary_global,-0.11737946330157278
lab_subject_2,early_vs_late,alpha_power_db_uv2,secondary_global,-0.14388704247108386
lab_subject_2,format_x_timing,alpha_power_db_uv2,secondary_global,1.2432709613856296
lab_subject_3,any_ad_vs_no_ads,alpha_power_db_uv2,secondary_global,-0.12509395856030991
lab_subject_3,inline_vs_block,alpha_power_db_uv2,secondary_global,-0.34083955150254397
lab_subject_3,early_vs_late,alpha_power_db_uv2,secondary_global,-0.31327447888615545
lab_subject_3,format_x_timing,alpha_power_db_uv2,secondary_global,1.037610357069795
lab_subject_5,any_ad_vs_no_ads,alpha_power_db_uv2,secondary_global,-0.5492583282465731
lab_subject_5,inline_vs_block,alpha_power_db_uv2,secondary_global,-0.029205970702180117
lab_subject_5,early_vs_late,alpha_power_db_uv2,secondary_global,0.09938124048271124
lab_subject_5,format_x_timing,alpha_power_db_uv2,secondary_global,-0.400170300668508
lab_subject_6,any_ad_vs_no_ads,alpha_power_db_uv2,secondary_global,0.27989984944935387
lab_subject_6,inline_vs_block,alpha_power_db_uv2,secondary_global,0.19712024010461437
lab_subject_6,early_vs_late,alpha_power_db_uv2,secondary_global,-0.2897115349400261
lab_subject_6,format_x_timing,alpha_power_db_uv2,secondary_global,-0.857527031658238
lab_subject_7,any_ad_vs_no_ads,alpha_power_db_uv2,secondary_global,-0.6492297971300149
lab_subject_7,inline_vs_block,alpha_power_db_uv2,secondary_global,-0.48455189600746307
lab_subject_7,early_vs_late,alpha_power_db_uv2,secondary_global,-0.4781993900736361
lab_subject_7,format_x_timing,alpha_power_db_uv2,secondary_global,-0.019964201392810743
lab_subject_8,any_ad_vs_no_ads,alpha_power_db_uv2,secondary_global,-0.18732159688368544
lab_subject_8,inline_vs_block,alpha_power_db_uv2,secondary_global,0.115350772981623
lab_subject_8,early_vs_late,alpha_power_db_uv2,secondary_global,-0.038925602726354036
lab_subject_8,format_x_timing,alpha_power_db_uv2,secondary_global,0.19486807700679432
lab_subject_9,any_ad_vs_no_ads,alpha_power_db_uv2,secondary_global,0.1739891799645097
lab_subject_9,inline_vs_block,alpha_power_db_uv2,secondary_global,0.1524613938769681
lab_subject_9,early_vs_late,alpha_power_db_uv2,secondary_global,-0.23670254510007727
lab_subject_9,format_x_timing,alpha_power_db_uv2,secondary_global,-0.6031748891393018
lab_subject_1,any_ad_vs_no_ads,beta_power_db_uv2,secondary,0.9512762355545394
lab_subject_1,inline_vs_block,beta_power_db_uv2,secondary,-0.4307878259278013
lab_subject_1,early_vs_late,beta_power_db_uv2,secondary,0.03439508365720911
lab_subject_1,format_x_timing,beta_power_db_uv2,secondary,-0.13456202495986247
lab_subject_10,any_ad_vs_no_ads,beta_power_db_uv2,secondary,-0.3525941672818611
lab_subject_10,inline_vs_block,beta_power_db_uv2,secondary,0.2643718529876571
lab_subject_10,early_vs_late,beta_power_db_uv2,secondary,0.3702822206039844
lab_subject_10,format_x_timing,beta_power_db_uv2,secondary,0.061297052005747865
lab_subject_11,any_ad_vs_no_ads,beta_power_db_uv2,secondary,0.1942489724186398
lab_subject_11,inline_vs_block,beta_power_db_uv2,secondary,-0.16042513591502328
lab_subject_11,early_vs_late,beta_power_db_uv2,secondary,-0.4582447928202491
lab_subject_11,format_x_timing,beta_power_db_uv2,secondary,1.2551306983796344
lab_subject_12,any_ad_vs_no_ads,beta_power_db_uv2,secondary,-0.41457663136886147
lab_subject_12,inline_vs_block,beta_power_db_uv2,secondary,-0.017747194417261802
lab_subject_12,early_vs_late,beta_power_db_uv2,secondary,0.34639471201549377
lab_subject_12,format_x_timing,beta_power_db_uv2,secondary,0.32694028851290824
lab_subject_13,any_ad_vs_no_ads,beta_power_db_uv2,secondary,0.052716792838004345
lab_subject_13,inline_vs_block,beta_power_db_uv2,secondary,-0.31289930358109874
lab_subject_13,early_vs_late,beta_power_db_uv2,secondary,-0.8108174371782075
lab_subject_13,format_x_timing,beta_power_db_uv2,secondary,0.2244956796782649
lab_subject_14,any_ad_vs_no_ads,beta_power_db_uv2,secondary,-0.0017477668991841
lab_subject_14,inline_vs_block,beta_power_db_uv2,secondary,0.34421014095449465
lab_subject_14,early_vs_late,beta_power_db_uv2,secondary,0.6922739418547614
lab_subject_14,format_x_timing,beta_power_db_uv2,secondary,-1.4086360882874942
lab_subject_15,any_ad_vs_no_ads,beta_power_db_uv2,secondary,0.3418003648405348
lab_subject_15,inline_vs_block,beta_power_db_uv2,secondary,0.948056634616087
lab_subject_15,early_vs_late,beta_power_db_uv2,secondary,-0.6424054811355608
lab_subject_15,format_x_timing,beta_power_db_uv2,secondary,-0.47227639181776393
lab_subject_16,any_ad_vs_no_ads,beta_power_db_uv2,secondary,-0.27696611285536044
lab_subject_16,inline_vs_block,beta_power_db_uv2,secondary,0.059583796028544356
lab_subject_16,early_vs_late,beta_power_db_uv2,secondary,0.4300633482114513
lab_subject_16,format_x_timing,beta_power_db_uv2,secondary,0.016984358866752203
lab_subject_17,any_ad_vs_no_ads,beta_power_db_uv2,secondary,0.16906266686848248
lab_subject_17,inline_vs_block,beta_power_db_uv2,secondary,-0.3612963944562857
lab_subject_17,early_vs_late,beta_power_db_uv2,secondary,0.6740524496940274
lab_subject_17,format_x_timing,beta_power_db_uv2,secondary,-1.567534160751876
lab_subject_18,any_ad_vs_no_ads,beta_power_db_uv2,secondary,-0.7471905886656405
lab_subject_18,inline_vs_block,beta_power_db_uv2,secondary,0.8270809524928229
lab_subject_18,early_vs_late,beta_power_db_uv2,secondary,0.5049180906062691
lab_subject_18,format_x_timing,beta_power_db_uv2,secondary,0.2783258713723571
lab_subject_19,any_ad_vs_no_ads,beta_power_db_uv2,secondary,-0.511228912452343
lab_subject_19,inline_vs_block,beta_power_db_uv2,secondary,0.02483969883949122
lab_subject_19,early_vs_late,beta_power_db_uv2,secondary,0.13503450975331255
lab_subject_19,format_x_timing,beta_power_db_uv2,secondary,0.12427466791403141
lab_subject_2,any_ad_vs_no_ads,beta_power_db_uv2,secondary,0.060767877123444336
lab_subject_2,inline_vs_block,beta_power_db_uv2,secondary,-0.8492026967851984
lab_subject_2,early_vs_late,beta_power_db_uv2,secondary,-0.15657274822503098
lab_subject_2,format_x_timing,beta_power_db_uv2,secondary,2.2517269691810693
lab_subject_3,any_ad_vs_no_ads,beta_power_db_uv2,secondary,-0.26423656010368113
lab_subject_3,inline_vs_block,beta_power_db_uv2,secondary,0.2531283838003269
lab_subject_3,early_vs_late,beta_power_db_uv2,secondary,-0.24154414777746425
lab_subject_3,format_x_timing,beta_power_db_uv2,secondary,0.46377822485331954
lab_subject_5,any_ad_vs_no_ads,beta_power_db_uv2,secondary,-0.2267513527582654
lab_subject_5,inline_vs_block,beta_power_db_uv2,secondary,0.542963074667302
lab_subject_5,early_vs_late,beta_power_db_uv2,secondary,-0.11904508856883567
lab_subject_5,format_x_timing,beta_power_db_uv2,secondary,0.7447671963039211
lab_subject_6,any_ad_vs_no_ads,beta_power_db_uv2,secondary,0.0485981747451234
lab_subject_6,inline_vs_block,beta_power_db_uv2,secondary,-0.12951768485624005
lab_subject_6,early_vs_late,beta_power_db_uv2,secondary,-0.16177397450070785
lab_subject_6,format_x_timing,beta_power_db_uv2,secondary,-0.2428063160594105
lab_subject_7,any_ad_vs_no_ads,beta_power_db_uv2,secondary,-0.21974589378944387
lab_subject_7,inline_vs_block,beta_power_db_uv2,secondary,-0.5233894580643375
lab_subject_7,early_vs_late,beta_power_db_uv2,secondary,-1.7935989763342652
lab_subject_7,format_x_timing,beta_power_db_uv2,secondary,-0.8231884631603634
lab_subject_8,any_ad_vs_no_ads,beta_power_db_uv2,secondary,0.26275613003802967
lab_subject_8,inline_vs_block,beta_power_db_uv2,secondary,-0.2575780249007291
lab_subject_8,early_vs_late,beta_power_db_uv2,secondary,0.45453915315676063
lab_subject_8,format_x_timing,beta_power_db_uv2,secondary,-0.8466401035846651
lab_subject_9,any_ad_vs_no_ads,beta_power_db_uv2,secondary,1.507160598522912
lab_subject_9,inline_vs_block,beta_power_db_uv2,secondary,0.540029406839297
lab_subject_9,early_vs_late,beta_power_db_uv2,secondary,0.23869749515335847
lab_subject_9,format_x_timing,beta_power_db_uv2,secondary,-0.21076909195036286
lab_subject_1,any_ad_vs_no_ads,faa_log_f4_minus_f3,secondary,0.056027431204667355
lab_subject_1,inline_vs_block,faa_log_f4_minus_f3,secondary,-0.03755203889377601
lab_subject_1,early_vs_late,faa_log_f4_minus_f3,secondary,0.07811277314151521
lab_subject_1,format_x_timing,faa_log_f4_minus_f3,secondary,-0.01865405204369175
lab_subject_10,any_ad_vs_no_ads,faa_log_f4_minus_f3,secondary,-0.10673496491038525
lab_subject_10,inline_vs_block,faa_log_f4_minus_f3,secondary,0.1018701848358754
lab_subject_10,early_vs_late,faa_log_f4_minus_f3,secondary,0.12243297264417752
lab_subject_10,format_x_timing,faa_log_f4_minus_f3,secondary,-0.21942824531318728
lab_subject_11,any_ad_vs_no_ads,faa_log_f4_minus_f3,secondary,-0.11023723599052815
lab_subject_11,inline_vs_block,faa_log_f4_minus_f3,secondary,-0.02719178685689272
lab_subject_11,early_vs_late,faa_log_f4_minus_f3,secondary,0.23458037266783194
lab_subject_11,format_x_timing,faa_log_f4_minus_f3,secondary,-0.22838028746508598
lab_subject_12,any_ad_vs_no_ads,faa_log_f4_minus_f3,secondary,0.12365969697728385
lab_subject_12,inline_vs_block,faa_log_f4_minus_f3,secondary,0.16484437981573663
lab_subject_12,early_vs_late,faa_log_f4_minus_f3,secondary,-0.016193518692123376
lab_subject_12,format_x_timing,faa_log_f4_minus_f3,secondary,0.13433668242807428
lab_subject_13,any_ad_vs_no_ads,faa_log_f4_minus_f3,secondary,0.05142175914399827
lab_subject_13,inline_vs_block,faa_log_f4_minus_f3,secondary,-0.10980805259678572
lab_subject_13,early_vs_late,faa_log_f4_minus_f3,secondary,-0.15952378398898848
lab_subject_13,format_x_timing,faa_log_f4_minus_f3,secondary,-0.2083668170086579
lab_subject_14,any_ad_vs_no_ads,faa_log_f4_minus_f3,secondary,-0.2180095958772541
lab_subject_14,inline_vs_block,faa_log_f4_minus_f3,secondary,-0.12816851420124653
lab_subject_14,early_vs_late,faa_log_f4_minus_f3,secondary,0.031174448179076997
lab_subject_14,format_x_timing,faa_log_f4_minus_f3,secondary,-0.48643874532829123
lab_subject_15,any_ad_vs_no_ads,faa_log_f4_minus_f3,secondary,0.01837106768386132
lab_subject_15,inline_vs_block,faa_log_f4_minus_f3,secondary,0.010179558536352218
lab_subject_15,early_vs_late,faa_log_f4_minus_f3,secondary,-0.023548327980790873
lab_subject_15,format_x_timing,faa_log_f4_minus_f3,secondary,-0.057085679707050474
lab_subject_16,any_ad_vs_no_ads,faa_log_f4_minus_f3,secondary,-0.17145333256301099
lab_subject_16,inline_vs_block,faa_log_f4_minus_f3,secondary,0.013307712021270568
lab_subject_16,early_vs_late,faa_log_f4_minus_f3,secondary,-0.0021280826991523227
lab_subject_16,format_x_timing,faa_log_f4_minus_f3,secondary,-0.23857421165609516
lab_subject_17,any_ad_vs_no_ads,faa_log_f4_minus_f3,secondary,-0.03861532233532117
lab_subject_17,inline_vs_block,faa_log_f4_minus_f3,secondary,-0.055346091860126734
lab_subject_17,early_vs_late,faa_log_f4_minus_f3,secondary,-0.11793853349287886
lab_subject_17,format_x_timing,faa_log_f4_minus_f3,secondary,-0.054346705578112164
lab_subject_18,any_ad_vs_no_ads,faa_log_f4_minus_f3,secondary,-0.013367711894152201
lab_subject_18,inline_vs_block,faa_log_f4_minus_f3,secondary,0.002930558270843875
lab_subject_18,early_vs_late,faa_log_f4_minus_f3,secondary,0.02513616153474274
lab_subject_18,format_x_timing,faa_log_f4_minus_f3,secondary,-0.23170631626827642
lab_subject_19,any_ad_vs_no_ads,faa_log_f4_minus_f3,secondary,0.008428479207768902
lab_subject_19,inline_vs_block,faa_log_f4_minus_f3,secondary,0.014028168397016927
lab_subject_19,early_vs_late,faa_log_f4_minus_f3,secondary,-0.03335256998908598
lab_subject_19,format_x_timing,faa_log_f4_minus_f3,secondary,0.031065698744093595
lab_subject_2,any_ad_vs_no_ads,faa_log_f4_minus_f3,secondary,0.08646364587457356
lab_subject_2,inline_vs_block,faa_log_f4_minus_f3,secondary,-0.05702563891297885
lab_subject_2,early_vs_late,faa_log_f4_minus_f3,secondary,0.06933718559282909
lab_subject_2,format_x_timing,faa_log_f4_minus_f3,secondary,0.2334843551794492
lab_subject_3,any_ad_vs_no_ads,faa_log_f4_minus_f3,secondary,0.09329917226017947
lab_subject_3,inline_vs_block,faa_log_f4_minus_f3,secondary,-0.10169671980485617
lab_subject_3,early_vs_late,faa_log_f4_minus_f3,secondary,-0.0827166404062254
lab_subject_3,format_x_timing,faa_log_f4_minus_f3,secondary,-0.18152708485038005
lab_subject_5,any_ad_vs_no_ads,faa_log_f4_minus_f3,secondary,0.03240426652887729
lab_subject_5,inline_vs_block,faa_log_f4_minus_f3,secondary,0.03467236854563627
lab_subject_5,early_vs_late,faa_log_f4_minus_f3,secondary,0.16677235171177696
lab_subject_5,format_x_timing,faa_log_f4_minus_f3,secondary,0.009149312163520662
lab_subject_6,any_ad_vs_no_ads,faa_log_f4_minus_f3,secondary,-0.005453134271165894
lab_subject_6,inline_vs_block,faa_log_f4_minus_f3,secondary,0.05529247204808385
lab_subject_6,early_vs_late,faa_log_f4_minus_f3,secondary,0.01778963132271727
lab_subject_6,format_x_timing,faa_log_f4_minus_f3,secondary,-0.010148433662600098
lab_subject_7,any_ad_vs_no_ads,faa_log_f4_minus_f3,secondary,-0.11586106919103667
lab_subject_7,inline_vs_block,faa_log_f4_minus_f3,secondary,0.0731164871709371
lab_subject_7,early_vs_late,faa_log_f4_minus_f3,secondary,0.312658733942234
lab_subject_7,format_x_timing,faa_log_f4_minus_f3,secondary,-0.24479205029161122
lab_subject_8,any_ad_vs_no_ads,faa_log_f4_minus_f3,secondary,-0.015271092137258968
lab_subject_8,inline_vs_block,faa_log_f4_minus_f3,secondary,-0.0317146181579826
lab_subject_8,early_vs_late,faa_log_f4_minus_f3,secondary,0.10568068778035311
lab_subject_8,format_x_timing,faa_log_f4_minus_f3,secondary,-0.10877387288179108
lab_subject_9,any_ad_vs_no_ads,faa_log_f4_minus_f3,secondary,-0.0932355589866245
lab_subject_9,inline_vs_block,faa_log_f4_minus_f3,secondary,-0.07128309773162744
lab_subject_9,early_vs_late,faa_log_f4_minus_f3,secondary,0.017370972133803342
lab_subject_9,format_x_timing,faa_log_f4_minus_f3,secondary,-0.08372683628393851
lab_subject_1,any_ad_vs_no_ads,delta_power_db_uv2,exploratory,-0.9208185094770514
lab_subject_1,inline_vs_block,delta_power_db_uv2,exploratory,-0.006748497325219205
lab_subject_1,early_vs_late,delta_power_db_uv2,exploratory,0.09784039289122148
lab_subject_1,format_x_timing,delta_power_db_uv2,exploratory,-0.06133095470245564
lab_subject_10,any_ad_vs_no_ads,delta_power_db_uv2,exploratory,2.1800777628318357
lab_subject_10,inline_vs_block,delta_power_db_uv2,exploratory,0.22199088165349679
lab_subject_10,early_vs_late,delta_power_db_uv2,exploratory,-1.236991062360005
lab_subject_10,format_x_timing,delta_power_db_uv2,exploratory,-2.438643933278609
lab_subject_11,any_ad_vs_no_ads,delta_power_db_uv2,exploratory,-0.5877994799746027
lab_subject_11,inline_vs_block,delta_power_db_uv2,exploratory,-1.0717623041331557
lab_subject_11,early_vs_late,delta_power_db_uv2,exploratory,0.0584228147778596
lab_subject_11,format_x_timing,delta_power_db_uv2,exploratory,3.765908335135972
lab_subject_12,any_ad_vs_no_ads,delta_power_db_uv2,exploratory,0.17190837380285018
lab_subject_12,inline_vs_block,delta_power_db_uv2,exploratory,0.07618642203314607
lab_subject_12,early_vs_late,delta_power_db_uv2,exploratory,0.031326475138982346
lab_subject_12,format_x_timing,delta_power_db_uv2,exploratory,-1.1572801662207794
lab_subject_13,any_ad_vs_no_ads,delta_power_db_uv2,exploratory,0.6530529603300117
lab_subject_13,inline_vs_block,delta_power_db_uv2,exploratory,-1.6746534294159936
lab_subject_13,early_vs_late,delta_power_db_uv2,exploratory,0.4358821857555988
lab_subject_13,format_x_timing,delta_power_db_uv2,exploratory,2.31385833389826
lab_subject_14,any_ad_vs_no_ads,delta_power_db_uv2,exploratory,-0.4492044485984934
lab_subject_14,inline_vs_block,delta_power_db_uv2,exploratory,1.2438334042006325
lab_subject_14,early_vs_late,delta_power_db_uv2,exploratory,0.7897632778147532
lab_subject_14,format_x_timing,delta_power_db_uv2,exploratory,0.24198141001314966
lab_subject_15,any_ad_vs_no_ads,delta_power_db_uv2,exploratory,-0.3139060019396247
lab_subject_15,inline_vs_block,delta_power_db_uv2,exploratory,-1.3280632171851536
lab_subject_15,early_vs_late,delta_power_db_uv2,exploratory,-1.5431815278165963
lab_subject_15,format_x_timing,delta_power_db_uv2,exploratory,-3.0955533217305096
lab_subject_16,any_ad_vs_no_ads,delta_power_db_uv2,exploratory,0.40712704700460023
lab_subject_16,inline_vs_block,delta_power_db_uv2,exploratory,-0.39246560835805155
lab_subject_16,early_vs_late,delta_power_db_uv2,exploratory,-0.9637484187248049
lab_subject_16,format_x_timing,delta_power_db_uv2,exploratory,1.5294377439168194
lab_subject_17,any_ad_vs_no_ads,delta_power_db_uv2,exploratory,-0.2974565429466942
lab_subject_17,inline_vs_block,delta_power_db_uv2,exploratory,-0.7549035950621885
lab_subject_17,early_vs_late,delta_power_db_uv2,exploratory,-0.08986398359250813
lab_subject_17,format_x_timing,delta_power_db_uv2,exploratory,-0.8142119286719662
lab_subject_18,any_ad_vs_no_ads,delta_power_db_uv2,exploratory,-2.349992845953633
lab_subject_18,inline_vs_block,delta_power_db_uv2,exploratory,0.5361054783917716
lab_subject_18,early_vs_late,delta_power_db_uv2,exploratory,1.2807314034306962
lab_subject_18,format_x_timing,delta_power_db_uv2,exploratory,0.230146718548621
lab_subject_19,any_ad_vs_no_ads,delta_power_db_uv2,exploratory,0.016668618074170638
lab_subject_19,inline_vs_block,delta_power_db_uv2,exploratory,-0.20601381554989473
lab_subject_19,early_vs_late,delta_power_db_uv2,exploratory,0.6061546396024227
lab_subject_19,format_x_timing,delta_power_db_uv2,exploratory,-0.04048786344390365
lab_subject_2,any_ad_vs_no_ads,delta_power_db_uv2,exploratory,0.15629362689176673
lab_subject_2,inline_vs_block,delta_power_db_uv2,exploratory,0.5483012706359922
lab_subject_2,early_vs_late,delta_power_db_uv2,exploratory,-0.16757331677326803
lab_subject_2,format_x_timing,delta_power_db_uv2,exploratory,0.6473718838556088
lab_subject_3,any_ad_vs_no_ads,delta_power_db_uv2,exploratory,-0.6981361010837333
lab_subject_3,inline_vs_block,delta_power_db_uv2,exploratory,-1.1302061090850941
lab_subject_3,early_vs_late,delta_power_db_uv2,exploratory,-0.2789264559524014
lab_subject_3,format_x_timing,delta_power_db_uv2,exploratory,0.3150358263061399
lab_subject_5,any_ad_vs_no_ads,delta_power_db_uv2,exploratory,-1.1325180555649865
lab_subject_5,inline_vs_block,delta_power_db_uv2,exploratory,-0.5022764371007291
lab_subject_5,early_vs_late,delta_power_db_uv2,exploratory,0.46849513845601365
lab_subject_5,format_x_timing,delta_power_db_uv2,exploratory,-0.7376878103714581
lab_subject_6,any_ad_vs_no_ads,delta_power_db_uv2,exploratory,0.43234222133164657
lab_subject_6,inline_vs_block,delta_power_db_uv2,exploratory,2.501501840078033
lab_subject_6,early_vs_late,delta_power_db_uv2,exploratory,-1.7185642220033532
lab_subject_6,format_x_timing,delta_power_db_uv2,exploratory,-3.7559195733699653
lab_subject_7,any_ad_vs_no_ads,delta_power_db_uv2,exploratory,-0.7105441645930703
lab_subject_7,inline_vs_block,delta_power_db_uv2,exploratory,-2.153823624729565
lab_subject_7,early_vs_late,delta_power_db_uv2,exploratory,0.47711476824292376
lab_subject_7,format_x_timing,delta_power_db_uv2,exploratory,-1.333188741128275
lab_subject_8,any_ad_vs_no_ads,delta_power_db_uv2,exploratory,-0.414087276032042
lab_subject_8,inline_vs_block,delta_power_db_uv2,exploratory,-1.0913619255775977
lab_subject_8,early_vs_late,delta_power_db_uv2,exploratory,-0.6613400562276404
lab_subject_8,format_x_timing,delta_power_db_uv2,exploratory,-0.18034125616987495
lab_subject_9,any_ad_vs_no_ads,delta_power_db_uv2,exploratory,0.9750074404067277
lab_subject_9,inline_vs_block,delta_power_db_uv2,exploratory,0.6966470840915022
lab_subject_9,early_vs_late,delta_power_db_uv2,exploratory,0.006281646673635066
lab_subject_9,format_x_timing,delta_power_db_uv2,exploratory,-2.405452777242818
lab_subject_1,any_ad_vs_no_ads,gamma_power_db_uv2,exploratory,1.3031549907806714
lab_subject_1,inline_vs_block,gamma_power_db_uv2,exploratory,-0.404649403391649
lab_subject_1,early_vs_late,gamma_power_db_uv2,exploratory,0.18686289583543392
lab_subject_1,format_x_timing,gamma_power_db_uv2,exploratory,-0.03465066859495636
lab_subject_10,any_ad_vs_no_ads,gamma_power_db_uv2,exploratory,-1.5658886313163491
lab_subject_10,inline_vs_block,gamma_power_db_uv2,exploratory,0.9659245065511652
lab_subject_10,early_vs_late,gamma_power_db_uv2,exploratory,1.1863667933069226
lab_subject_10,format_x_timing,gamma_power_db_uv2,exploratory,0.23535342281038574
lab_subject_11,any_ad_vs_no_ads,gamma_power_db_uv2,exploratory,0.29816826147953723
lab_subject_11,inline_vs_block,gamma_power_db_uv2,exploratory,-0.46942079343389875
lab_subject_11,early_vs_late,gamma_power_db_uv2,exploratory,-1.5898577657605448
lab_subject_11,format_x_timing,gamma_power_db_uv2,exploratory,3.9439178499344343
lab_subject_12,any_ad_vs_no_ads,gamma_power_db_uv2,exploratory,-0.4433462964569719
lab_subject_12,inline_vs_block,gamma_power_db_uv2,exploratory,0.01428048176060348
lab_subject_12,early_vs_late,gamma_power_db_uv2,exploratory,0.7084232465320205
lab_subject_12,format_x_timing,gamma_power_db_uv2,exploratory,0.6613701780764256
lab_subject_13,any_ad_vs_no_ads,gamma_power_db_uv2,exploratory,0.1351324383370256
lab_subject_13,inline_vs_block,gamma_power_db_uv2,exploratory,-0.64557201872752
lab_subject_13,early_vs_late,gamma_power_db_uv2,exploratory,-1.2878495324054309
lab_subject_13,format_x_timing,gamma_power_db_uv2,exploratory,0.1456807730732208
lab_subject_14,any_ad_vs_no_ads,gamma_power_db_uv2,exploratory,-0.3584422796033966
lab_subject_14,inline_vs_block,gamma_power_db_uv2,exploratory,0.3635013367909137
lab_subject_14,early_vs_late,gamma_power_db_uv2,exploratory,0.7484607189032335
lab_subject_14,format_x_timing,gamma_power_db_uv2,exploratory,-1.7199050710892223
lab_subject_15,any_ad_vs_no_ads,gamma_power_db_uv2,exploratory,0.8043901205471049
lab_subject_15,inline_vs_block,gamma_power_db_uv2,exploratory,1.0851275212498004
lab_subject_15,early_vs_late,gamma_power_db_uv2,exploratory,-0.9911455072135473
lab_subject_15,format_x_timing,gamma_power_db_uv2,exploratory,0.6046947356229391
lab_subject_16,any_ad_vs_no_ads,gamma_power_db_uv2,exploratory,-0.3413703748793395
lab_subject_16,inline_vs_block,gamma_power_db_uv2,exploratory,0.08983348103085653
lab_subject_16,early_vs_late,gamma_power_db_uv2,exploratory,0.7768752770015777
lab_subject_16,format_x_timing,gamma_power_db_uv2,exploratory,0.153005446601842
lab_subject_17,any_ad_vs_no_ads,gamma_power_db_uv2,exploratory,0.32241212364274663
lab_subject_17,inline_vs_block,gamma_power_db_uv2,exploratory,-0.20214449235513587
lab_subject_17,early_vs_late,gamma_power_db_uv2,exploratory,0.7287887158918869
lab_subject_17,format_x_timing,gamma_power_db_uv2,exploratory,-1.8046403111492193
lab_subject_18,any_ad_vs_no_ads,gamma_power_db_uv2,exploratory,-1.3310773037814503
lab_subject_18,inline_vs_block,gamma_power_db_uv2,exploratory,1.9533366889353214
lab_subject_18,early_vs_late,gamma_power_db_uv2,exploratory,0.9366329045316248
lab_subject_18,format_x_timing,gamma_power_db_uv2,exploratory,0.6002214686260436
lab_subject_19,any_ad_vs_no_ads,gamma_power_db_uv2,exploratory,-1.35872797760464
lab_subject_19,inline_vs_block,gamma_power_db_uv2,exploratory,0.6923187977606905
lab_subject_19,early_vs_late,gamma_power_db_uv2,exploratory,0.2762127434988211
lab_subject_19,format_x_timing,gamma_power_db_uv2,exploratory,0.8794942476437408
lab_subject_2,any_ad_vs_no_ads,gamma_power_db_uv2,exploratory,-0.1262150278253964
lab_subject_2,inline_vs_block,gamma_power_db_uv2,exploratory,-0.8894046757252276
lab_subject_2,early_vs_late,gamma_power_db_uv2,exploratory,0.2860849248671551
lab_subject_2,format_x_timing,gamma_power_db_uv2,exploratory,4.649527935787891
lab_subject_3,any_ad_vs_no_ads,gamma_power_db_uv2,exploratory,-0.27325614484267025
lab_subject_3,inline_vs_block,gamma_power_db_uv2,exploratory,0.04481780253581169
lab_subject_3,early_vs_late,gamma_power_db_uv2,exploratory,-0.4769978658517169
lab_subject_3,format_x_timing,gamma_power_db_uv2,exploratory,0.7927104222623589
lab_subject_5,any_ad_vs_no_ads,gamma_power_db_uv2,exploratory,-0.23939693472985812
lab_subject_5,inline_vs_block,gamma_power_db_uv2,exploratory,0.7886919134784605
lab_subject_5,early_vs_late,gamma_power_db_uv2,exploratory,-0.07128769360122034
lab_subject_5,format_x_timing,gamma_power_db_uv2,exploratory,1.5236390971918037
lab_subject_6,any_ad_vs_no_ads,gamma_power_db_uv2,exploratory,0.2207874418484852
lab_subject_6,inline_vs_block,gamma_power_db_uv2,exploratory,0.034464939262789596
lab_subject_6,early_vs_late,gamma_power_db_uv2,exploratory,0.04419831426848719
lab_subject_6,format_x_timing,gamma_power_db_uv2,exploratory,-0.1854939362997705
lab_subject_7,any_ad_vs_no_ads,gamma_power_db_uv2,exploratory,-0.28174906924205967
lab_subject_7,inline_vs_block,gamma_power_db_uv2,exploratory,-0.6815328669035994
lab_subject_7,early_vs_late,gamma_power_db_uv2,exploratory,-2.576232145599824
lab_subject_7,format_x_timing,gamma_power_db_uv2,exploratory,-1.8349186958840438
lab_subject_8,any_ad_vs_no_ads,gamma_power_db_uv2,exploratory,0.5883640255428002
lab_subject_8,inline_vs_block,gamma_power_db_uv2,exploratory,-0.6539130805311255
lab_subject_8,early_vs_late,gamma_power_db_uv2,exploratory,0.9923820901468532
lab_subject_8,format_x_timing,gamma_power_db_uv2,exploratory,-1.8409168476199094
lab_subject_9,any_ad_vs_no_ads,gamma_power_db_uv2,exploratory,2.234080651505062
lab_subject_9,inline_vs_block,gamma_power_db_uv2,exploratory,0.5870658614864714
lab_subject_9,early_vs_late,gamma_power_db_uv2,exploratory,0.4187274614191381
lab_subject_9,format_x_timing,gamma_power_db_uv2,exploratory,0.746240100911006
lab_subject_1,any_ad_vs_no_ads,delta_relative_power,exploratory,-0.047918300951875104
lab_subject_1,inline_vs_block,delta_relative_power,exploratory,0.019672600765684334
lab_subject_1,early_vs_late,delta_relative_power,exploratory,0.01749616610794258
lab_subject_1,format_x_timing,delta_relative_power,exploratory,-0.013931761352101835
lab_subject_10,any_ad_vs_no_ads,delta_relative_power,exploratory,0.06795032333604034
lab_subject_10,inline_vs_block,delta_relative_power,exploratory,0.007104838995420137
lab_subject_10,early_vs_late,delta_relative_power,exploratory,-0.004212095578428721
lab_subject_10,format_x_timing,delta_relative_power,exploratory,-0.06487336329284177
lab_subject_11,any_ad_vs_no_ads,delta_relative_power,exploratory,-0.023969669087253287
lab_subject_11,inline_vs_block,delta_relative_power,exploratory,-0.021185853549988254
lab_subject_11,early_vs_late,delta_relative_power,exploratory,0.009915109854311543
lab_subject_11,format_x_timing,delta_relative_power,exploratory,0.06162327958886993
lab_subject_12,any_ad_vs_no_ads,delta_relative_power,exploratory,0.022406964789974948
lab_subject_12,inline_vs_block,delta_relative_power,exploratory,0.012645814145768708
lab_subject_12,early_vs_late,delta_relative_power,exploratory,-0.017842568302122275
lab_subject_12,format_x_timing,delta_relative_power,exploratory,-0.056532179519878434
lab_subject_13,any_ad_vs_no_ads,delta_relative_power,exploratory,0.012006094072647633
lab_subject_13,inline_vs_block,delta_relative_power,exploratory,-0.01768246155864195
lab_subject_13,early_vs_late,delta_relative_power,exploratory,0.010235535118336303
lab_subject_13,format_x_timing,delta_relative_power,exploratory,0.04213718976266334
lab_subject_14,any_ad_vs_no_ads,delta_relative_power,exploratory,0.009073686378891388
lab_subject_14,inline_vs_block,delta_relative_power,exploratory,0.01047855114320373
lab_subject_14,early_vs_late,delta_relative_power,exploratory,0.030047337567205012
lab_subject_14,format_x_timing,delta_relative_power,exploratory,0.049311032826181656
lab_subject_15,any_ad_vs_no_ads,delta_relative_power,exploratory,-0.01614392428549194
lab_subject_15,inline_vs_block,delta_relative_power,exploratory,-0.04515640370545593
lab_subject_15,early_vs_late,delta_relative_power,exploratory,-0.023058811113325417
lab_subject_15,format_x_timing,delta_relative_power,exploratory,-0.08157097971062821
lab_subject_16,any_ad_vs_no_ads,delta_relative_power,exploratory,0.020218144730937526
lab_subject_16,inline_vs_block,delta_relative_power,exploratory,0.017017016003380903
lab_subject_16,early_vs_late,delta_relative_power,exploratory,-0.04051885692624135
lab_subject_16,format_x_timing,delta_relative_power,exploratory,0.011007975406618575
lab_subject_17,any_ad_vs_no_ads,delta_relative_power,exploratory,-0.0062759149940000425
lab_subject_17,inline_vs_block,delta_relative_power,exploratory,0.0028475377326753204
lab_subject_17,early_vs_late,delta_relative_power,exploratory,-0.017586205858219905
lab_subject_17,format_x_timing,delta_relative_power,exploratory,0.04299655066303143
lab_subject_18,any_ad_vs_no_ads,delta_relative_power,exploratory,-0.06591672427571305
lab_subject_18,inline_vs_block,delta_relative_power,exploratory,-0.007264485382063035
lab_subject_18,early_vs_late,delta_relative_power,exploratory,0.03436392177314762
lab_subject_18,format_x_timing,delta_relative_power,exploratory,-0.007299379270581108
lab_subject_19,any_ad_vs_no_ads,delta_relative_power,exploratory,0.0034072208870781218
lab_subject_19,inline_vs_block,delta_relative_power,exploratory,-0.0030836645071213864
lab_subject_19,early_vs_late,delta_relative_power,exploratory,0.016944946131605687
lab_subject_19,format_x_timing,delta_relative_power,exploratory,-0.0032690979406179155
lab_subject_2,any_ad_vs_no_ads,delta_relative_power,exploratory,0.004460800213135552
lab_subject_2,inline_vs_block,delta_relative_power,exploratory,0.010248135418562732
lab_subject_2,early_vs_late,delta_relative_power,exploratory,-0.016047870300423317
lab_subject_2,format_x_timing,delta_relative_power,exploratory,-0.05777867203360609
lab_subject_3,any_ad_vs_no_ads,delta_relative_power,exploratory,-0.018341564735392946
lab_subject_3,inline_vs_block,delta_relative_power,exploratory,-0.025760216155268578
lab_subject_3,early_vs_late,delta_relative_power,exploratory,0.013210014807848891
lab_subject_3,format_x_timing,delta_relative_power,exploratory,-0.0013180539092909616
lab_subject_5,any_ad_vs_no_ads,delta_relative_power,exploratory,-0.007243192843716217
lab_subject_5,inline_vs_block,delta_relative_power,exploratory,-0.0034011244057872148
lab_subject_5,early_vs_late,delta_relative_power,exploratory,0.009445673073354754
lab_subject_5,format_x_timing,delta_relative_power,exploratory,-0.009066604051869653
lab_subject_6,any_ad_vs_no_ads,delta_relative_power,exploratory,-0.0011406425403902576
lab_subject_6,inline_vs_block,delta_relative_power,exploratory,0.07089480334405263
lab_subject_6,early_vs_late,delta_relative_power,exploratory,-0.02581822601433914
lab_subject_6,format_x_timing,delta_relative_power,exploratory,-0.13004597815898622
lab_subject_7,any_ad_vs_no_ads,delta_relative_power,exploratory,-0.022523173288327314
lab_subject_7,inline_vs_block,delta_relative_power,exploratory,-0.026054499022151067
lab_subject_7,early_vs_late,delta_relative_power,exploratory,0.03555142896676766
lab_subject_7,format_x_timing,delta_relative_power,exploratory,-0.0062548171528373775
lab_subject_8,any_ad_vs_no_ads,delta_relative_power,exploratory,-0.014172251258991242
lab_subject_8,inline_vs_block,delta_relative_power,exploratory,-0.02550307272560659
lab_subject_8,early_vs_late,delta_relative_power,exploratory,-0.013730113643644626
lab_subject_8,format_x_timing,delta_relative_power,exploratory,-0.01074900208127727
lab_subject_9,any_ad_vs_no_ads,delta_relative_power,exploratory,-0.009185784941802888
lab_subject_9,inline_vs_block,delta_relative_power,exploratory,0.005519320062311817
lab_subject_9,early_vs_late,delta_relative_power,exploratory,-0.004482067106396759
lab_subject_9,format_x_timing,delta_relative_power,exploratory,-0.05400038496022941
lab_subject_1,any_ad_vs_no_ads,theta_relative_power,exploratory,3.4452445918153884e-05
lab_subject_1,inline_vs_block,theta_relative_power,exploratory,-0.004160910802547796
lab_subject_1,early_vs_late,theta_relative_power,exploratory,-0.0036299293751605316
lab_subject_1,format_x_timing,theta_relative_power,exploratory,-0.006754838069095437
lab_subject_10,any_ad_vs_no_ads,theta_relative_power,exploratory,-0.009610397031909662
lab_subject_10,inline_vs_block,theta_relative_power,exploratory,-0.0030039759401162824
lab_subject_10,early_vs_late,theta_relative_power,exploratory,-0.007317143061151055
lab_subject_10,format_x_timing,theta_relative_power,exploratory,0.00258059932086932
lab_subject_11,any_ad_vs_no_ads,theta_relative_power,exploratory,0.010574842688317487
lab_subject_11,inline_vs_block,theta_relative_power,exploratory,0.012096526573977626
lab_subject_11,early_vs_late,theta_relative_power,exploratory,-0.0038528018689777954
lab_subject_11,format_x_timing,theta_relative_power,exploratory,-0.011347953207967512
lab_subject_12,any_ad_vs_no_ads,theta_relative_power,exploratory,-0.018626144686201357
lab_subject_12,inline_vs_block,theta_relative_power,exploratory,-0.014817029800936285
lab_subject_12,early_vs_late,theta_relative_power,exploratory,0.009553331390012465
lab_subject_12,format_x_timing,theta_relative_power,exploratory,0.009878456478677938
lab_subject_13,any_ad_vs_no_ads,theta_relative_power,exploratory,-0.004495125609494277
lab_subject_13,inline_vs_block,theta_relative_power,exploratory,0.01884302141308261
lab_subject_13,early_vs_late,theta_relative_power,exploratory,0.0006689731665795451
lab_subject_13,format_x_timing,theta_relative_power,exploratory,-0.005187654413615003
lab_subject_14,any_ad_vs_no_ads,theta_relative_power,exploratory,-0.008745365989048862
lab_subject_14,inline_vs_block,theta_relative_power,exploratory,-0.008070415943088799
lab_subject_14,early_vs_late,theta_relative_power,exploratory,-0.015378281835062263
lab_subject_14,format_x_timing,theta_relative_power,exploratory,-0.010989302822363725
lab_subject_15,any_ad_vs_no_ads,theta_relative_power,exploratory,0.005852057359293367
lab_subject_15,inline_vs_block,theta_relative_power,exploratory,0.01440007198583211
lab_subject_15,early_vs_late,theta_relative_power,exploratory,0.00927582199952412
lab_subject_15,format_x_timing,theta_relative_power,exploratory,0.0495696870245797
lab_subject_16,any_ad_vs_no_ads,theta_relative_power,exploratory,0.00015514710215457084
lab_subject_16,inline_vs_block,theta_relative_power,exploratory,-0.003028003194693221
lab_subject_16,early_vs_late,theta_relative_power,exploratory,-0.005872866930226914
lab_subject_16,format_x_timing,theta_relative_power,exploratory,-0.0051652784223310405
lab_subject_17,any_ad_vs_no_ads,theta_relative_power,exploratory,0.0016229174654326384
lab_subject_17,inline_vs_block,theta_relative_power,exploratory,0.00034487044092507135
lab_subject_17,early_vs_late,theta_relative_power,exploratory,0.0022507307641794205
lab_subject_17,format_x_timing,theta_relative_power,exploratory,-0.007261573123660256
lab_subject_18,any_ad_vs_no_ads,theta_relative_power,exploratory,0.0205226303337092
lab_subject_18,inline_vs_block,theta_relative_power,exploratory,-0.015574093219756155
lab_subject_18,early_vs_late,theta_relative_power,exploratory,-0.011547343294029622
lab_subject_18,format_x_timing,theta_relative_power,exploratory,-0.009512830010758158
lab_subject_19,any_ad_vs_no_ads,theta_relative_power,exploratory,0.004868843234163117
lab_subject_19,inline_vs_block,theta_relative_power,exploratory,-0.001810362510246133
lab_subject_19,early_vs_late,theta_relative_power,exploratory,-0.0077031430890116825
lab_subject_19,format_x_timing,theta_relative_power,exploratory,-0.0033521912743054993
lab_subject_2,any_ad_vs_no_ads,theta_relative_power,exploratory,0.0026747142071598673
lab_subject_2,inline_vs_block,theta_relative_power,exploratory,0.00617114185758208
lab_subject_2,early_vs_late,theta_relative_power,exploratory,-0.00027423142702545644
lab_subject_2,format_x_timing,theta_relative_power,exploratory,-0.0025674203894103936
lab_subject_3,any_ad_vs_no_ads,theta_relative_power,exploratory,0.01207409728776021
lab_subject_3,inline_vs_block,theta_relative_power,exploratory,-0.004776045659679096
lab_subject_3,early_vs_late,theta_relative_power,exploratory,-0.0010472402609629367
lab_subject_3,format_x_timing,theta_relative_power,exploratory,-0.0074252636274695916
lab_subject_5,any_ad_vs_no_ads,theta_relative_power,exploratory,0.00804426408887883
lab_subject_5,inline_vs_block,theta_relative_power,exploratory,-0.001844870882958885
lab_subject_5,early_vs_late,theta_relative_power,exploratory,-0.0014248077583749602
lab_subject_5,format_x_timing,theta_relative_power,exploratory,-0.01945739483489209
lab_subject_6,any_ad_vs_no_ads,theta_relative_power,exploratory,0.00376834844406132
lab_subject_6,inline_vs_block,theta_relative_power,exploratory,-0.013762352965997371
lab_subject_6,early_vs_late,theta_relative_power,exploratory,0.004288832408001625
lab_subject_6,format_x_timing,theta_relative_power,exploratory,0.030578279873881842
lab_subject_7,any_ad_vs_no_ads,theta_relative_power,exploratory,-0.006567750308520498
lab_subject_7,inline_vs_block,theta_relative_power,exploratory,0.0050283679362019
lab_subject_7,early_vs_late,theta_relative_power,exploratory,0.001229244617209052
lab_subject_7,format_x_timing,theta_relative_power,exploratory,0.015627188504196837
lab_subject_8,any_ad_vs_no_ads,theta_relative_power,exploratory,0.0015402743043816114
lab_subject_8,inline_vs_block,theta_relative_power,exploratory,0.0025599822025818564
lab_subject_8,early_vs_late,theta_relative_power,exploratory,-0.007653198244931325
lab_subject_8,format_x_timing,theta_relative_power,exploratory,0.0049662665879404155
lab_subject_9,any_ad_vs_no_ads,theta_relative_power,exploratory,-0.005258785078830361
lab_subject_9,inline_vs_block,theta_relative_power,exploratory,-0.004834224006812229
lab_subject_9,early_vs_late,theta_relative_power,exploratory,-0.0049921657769238376
lab_subject_9,format_x_timing,theta_relative_power,exploratory,0.015276039307107234
lab_subject_1,any_ad_vs_no_ads,alpha_relative_power,exploratory,0.005452561569406513
lab_subject_1,inline_vs_block,alpha_relative_power,exploratory,-0.0020117020802687263
lab_subject_1,early_vs_late,alpha_relative_power,exploratory,-0.002381108361778607
lab_subject_1,format_x_timing,alpha_relative_power,exploratory,-0.0010302152683910326
lab_subject_10,any_ad_vs_no_ads,alpha_relative_power,exploratory,-0.022363983292442477
lab_subject_10,inline_vs_block,alpha_relative_power,exploratory,-0.0028382246242982245
lab_subject_10,early_vs_late,alpha_relative_power,exploratory,0.007798317281731991
lab_subject_10,format_x_timing,alpha_relative_power,exploratory,0.03506402816977297
lab_subject_11,any_ad_vs_no_ads,alpha_relative_power,exploratory,0.00406861564299997
lab_subject_11,inline_vs_block,alpha_relative_power,exploratory,0.007013678099877477
lab_subject_11,early_vs_late,alpha_relative_power,exploratory,-0.002427756234687148
lab_subject_11,format_x_timing,alpha_relative_power,exploratory,-0.03453357670205872
lab_subject_12,any_ad_vs_no_ads,alpha_relative_power,exploratory,-0.001211884587661624
lab_subject_12,inline_vs_block,alpha_relative_power,exploratory,-0.0032410519589972375
lab_subject_12,early_vs_late,alpha_relative_power,exploratory,0.006960450742367008
lab_subject_12,format_x_timing,alpha_relative_power,exploratory,0.013978712391389252
lab_subject_13,any_ad_vs_no_ads,alpha_relative_power,exploratory,-0.0026331171770633405
lab_subject_13,inline_vs_block,alpha_relative_power,exploratory,0.003425597506115253
lab_subject_13,early_vs_late,alpha_relative_power,exploratory,-0.004745421903654318
lab_subject_13,format_x_timing,alpha_relative_power,exploratory,-0.010758572582925011
lab_subject_14,any_ad_vs_no_ads,alpha_relative_power,exploratory,0.004448132821044202
lab_subject_14,inline_vs_block,alpha_relative_power,exploratory,-0.0019505559211322465
lab_subject_14,early_vs_late,alpha_relative_power,exploratory,-0.007083815763847673
lab_subject_14,format_x_timing,alpha_relative_power,exploratory,-0.007390565419592855
lab_subject_15,any_ad_vs_no_ads,alpha_relative_power,exploratory,0.0015247685216975143
lab_subject_15,inline_vs_block,alpha_relative_power,exploratory,0.006853052412713615
lab_subject_15,early_vs_late,alpha_relative_power,exploratory,0.005267881302911892
lab_subject_15,format_x_timing,alpha_relative_power,exploratory,0.012539601673446074
lab_subject_16,any_ad_vs_no_ads,alpha_relative_power,exploratory,-0.0015796784480813508
lab_subject_16,inline_vs_block,alpha_relative_power,exploratory,0.0006241930768071113
lab_subject_16,early_vs_late,alpha_relative_power,exploratory,0.003656928816082726
lab_subject_16,format_x_timing,alpha_relative_power,exploratory,-0.006219454523403868
lab_subject_17,any_ad_vs_no_ads,alpha_relative_power,exploratory,-0.001020639736399185
lab_subject_17,inline_vs_block,alpha_relative_power,exploratory,-0.0016820660290926617
lab_subject_17,early_vs_late,alpha_relative_power,exploratory,0.00434542464308469
lab_subject_17,format_x_timing,alpha_relative_power,exploratory,-0.002020432518582544
lab_subject_18,any_ad_vs_no_ads,alpha_relative_power,exploratory,0.011615745661788905
lab_subject_18,inline_vs_block,alpha_relative_power,exploratory,-0.007794783957759413
lab_subject_18,early_vs_late,alpha_relative_power,exploratory,-0.006903638704963008
lab_subject_18,format_x_timing,alpha_relative_power,exploratory,-0.0032993111934827013
lab_subject_19,any_ad_vs_no_ads,alpha_relative_power,exploratory,-0.0031549002946034826
lab_subject_19,inline_vs_block,alpha_relative_power,exploratory,-0.004739040140201677
lab_subject_19,early_vs_late,alpha_relative_power,exploratory,-0.00503850745497305
lab_subject_19,format_x_timing,alpha_relative_power,exploratory,0.001528372462618742
lab_subject_2,any_ad_vs_no_ads,alpha_relative_power,exploratory,-0.001859832233047698
lab_subject_2,inline_vs_block,alpha_relative_power,exploratory,-0.003752997381046421
lab_subject_2,early_vs_late,alpha_relative_power,exploratory,0.00043818031969984975
lab_subject_2,format_x_timing,alpha_relative_power,exploratory,0.0012622513009778041
lab_subject_3,any_ad_vs_no_ads,alpha_relative_power,exploratory,0.00044701178820068244
lab_subject_3,inline_vs_block,alpha_relative_power,exploratory,0.0039419708581219445
lab_subject_3,early_vs_late,alpha_relative_power,exploratory,-0.0025178668363491988
lab_subject_3,format_x_timing,alpha_relative_power,exploratory,0.0040516868701040085
lab_subject_5,any_ad_vs_no_ads,alpha_relative_power,exploratory,0.0010506987390075662
lab_subject_5,inline_vs_block,alpha_relative_power,exploratory,0.002281545414355799
lab_subject_5,early_vs_late,alpha_relative_power,exploratory,-0.0025446367119801444
lab_subject_5,format_x_timing,alpha_relative_power,exploratory,0.001584701156388254
lab_subject_6,any_ad_vs_no_ads,alpha_relative_power,exploratory,-0.0031036785670320727
lab_subject_6,inline_vs_block,alpha_relative_power,exploratory,-0.017724558179189637
lab_subject_6,early_vs_late,alpha_relative_power,exploratory,0.007728427403866062
lab_subject_6,format_x_timing,alpha_relative_power,exploratory,0.03090526200246211
lab_subject_7,any_ad_vs_no_ads,alpha_relative_power,exploratory,0.003728252756517319
lab_subject_7,inline_vs_block,alpha_relative_power,exploratory,0.0029952788981790456
lab_subject_7,early_vs_late,alpha_relative_power,exploratory,-0.0022515293529968977
lab_subject_7,format_x_timing,alpha_relative_power,exploratory,0.0076531679222323346
lab_subject_8,any_ad_vs_no_ads,alpha_relative_power,exploratory,0.0016762297495270598
lab_subject_8,inline_vs_block,alpha_relative_power,exploratory,0.007554775875612138
lab_subject_8,early_vs_late,alpha_relative_power,exploratory,0.006112631745163868
lab_subject_8,format_x_timing,alpha_relative_power,exploratory,0.00928200766083006
lab_subject_9,any_ad_vs_no_ads,alpha_relative_power,exploratory,-0.004976076925842274
lab_subject_9,inline_vs_block,alpha_relative_power,exploratory,-0.003009884281551304
lab_subject_9,early_vs_late,alpha_relative_power,exploratory,-0.0013807519933929126
lab_subject_9,format_x_timing,alpha_relative_power,exploratory,0.008775415592755756
lab_subject_1,any_ad_vs_no_ads,beta_relative_power,exploratory,0.029653776033106365
lab_subject_1,inline_vs_block,beta_relative_power,exploratory,-0.009743491447137848
lab_subject_1,early_vs_late,beta_relative_power,exploratory,-0.009348859762046274
lab_subject_1,format_x_timing,beta_relative_power,exploratory,0.01224292113784374
lab_subject_10,any_ad_vs_no_ads,beta_relative_power,exploratory,-0.01932535051124921
lab_subject_10,inline_vs_block,beta_relative_power,exploratory,0.0005127046637712143
lab_subject_10,early_vs_late,beta_relative_power,exploratory,0.00497561998358995
lab_subject_10,format_x_timing,beta_relative_power,exploratory,0.008702648015010164
lab_subject_11,any_ad_vs_no_ads,beta_relative_power,exploratory,0.005516380364990567
lab_subject_11,inline_vs_block,beta_relative_power,exploratory,0.00646280380851072
lab_subject_11,early_vs_late,beta_relative_power,exploratory,0.0013480472803609547
lab_subject_11,format_x_timing,beta_relative_power,exploratory,-0.023259324188170914
lab_subject_12,any_ad_vs_no_ads,beta_relative_power,exploratory,-0.002309021539282634
lab_subject_12,inline_vs_block,beta_relative_power,exploratory,0.0025314546292986434
lab_subject_12,early_vs_late,beta_relative_power,exploratory,0.001971512040338616
lab_subject_12,format_x_timing,beta_relative_power,exploratory,0.010385865975413508
lab_subject_13,any_ad_vs_no_ads,beta_relative_power,exploratory,-0.0016735878559353424
lab_subject_13,inline_vs_block,beta_relative_power,exploratory,0.004129396409953016
lab_subject_13,early_vs_late,beta_relative_power,exploratory,-0.004443657703780716
lab_subject_13,format_x_timing,beta_relative_power,exploratory,-0.006980377059310856
lab_subject_14,any_ad_vs_no_ads,beta_relative_power,exploratory,0.013166647430635156
lab_subject_14,inline_vs_block,beta_relative_power,exploratory,-0.005852400354481507
lab_subject_14,early_vs_late,beta_relative_power,exploratory,-0.0047332127387498535
lab_subject_14,format_x_timing,beta_relative_power,exploratory,-0.01808040124875919
lab_subject_15,any_ad_vs_no_ads,beta_relative_power,exploratory,0.0032462393081301895
lab_subject_15,inline_vs_block,beta_relative_power,exploratory,0.013862806364149528
lab_subject_15,early_vs_late,beta_relative_power,exploratory,0.004500126453191873
lab_subject_15,format_x_timing,beta_relative_power,exploratory,0.01494795748088644
lab_subject_16,any_ad_vs_no_ads,beta_relative_power,exploratory,-0.009591380165296828
lab_subject_16,inline_vs_block,beta_relative_power,exploratory,-0.0012616354461766344
lab_subject_16,early_vs_late,beta_relative_power,exploratory,0.023674992517421084
lab_subject_16,format_x_timing,beta_relative_power,exploratory,-0.01637440791970557
lab_subject_17,any_ad_vs_no_ads,beta_relative_power,exploratory,0.0008045576981918698
lab_subject_17,inline_vs_block,beta_relative_power,exploratory,-0.0007675715026190244
lab_subject_17,early_vs_late,beta_relative_power,exploratory,0.00879731000493706
lab_subject_17,format_x_timing,beta_relative_power,exploratory,-0.014950064319186489
lab_subject_18,any_ad_vs_no_ads,beta_relative_power,exploratory,0.020377372964085733
lab_subject_18,inline_vs_block,beta_relative_power,exploratory,0.012324927777274175
lab_subject_18,early_vs_late,beta_relative_power,exploratory,-0.010198316920391581
lab_subject_18,format_x_timing,beta_relative_power,exploratory,0.015337121010971011
lab_subject_19,any_ad_vs_no_ads,beta_relative_power,exploratory,-0.006419738225721124
lab_subject_19,inline_vs_block,beta_relative_power,exploratory,0.0003165587938797898
lab_subject_19,early_vs_late,beta_relative_power,exploratory,-0.0022715930610198096
lab_subject_19,format_x_timing,beta_relative_power,exploratory,0.004197012438575204
lab_subject_2,any_ad_vs_no_ads,beta_relative_power,exploratory,-0.008362601001016864
lab_subject_2,inline_vs_block,beta_relative_power,exploratory,-0.013303866168531325
lab_subject_2,early_vs_late,beta_relative_power,exploratory,0.008107431456753994
lab_subject_2,format_x_timing,beta_relative_power,exploratory,0.01646728625910491
lab_subject_3,any_ad_vs_no_ads,beta_relative_power,exploratory,0.005599294322584228
lab_subject_3,inline_vs_block,beta_relative_power,exploratory,0.018006566833503462
lab_subject_3,early_vs_late,beta_relative_power,exploratory,-0.000199021918678835
lab_subject_3,format_x_timing,beta_relative_power,exploratory,-0.004730328875610333
lab_subject_5,any_ad_vs_no_ads,beta_relative_power,exploratory,0.003190040667752657
lab_subject_5,inline_vs_block,beta_relative_power,exploratory,0.004471336637671124
lab_subject_5,early_vs_late,beta_relative_power,exploratory,-0.0051813103304235025
lab_subject_5,format_x_timing,beta_relative_power,exploratory,0.011181413001033546
lab_subject_6,any_ad_vs_no_ads,beta_relative_power,exploratory,-0.006021301840095292
lab_subject_6,inline_vs_block,beta_relative_power,exploratory,-0.027636873509528898
lab_subject_6,early_vs_late,beta_relative_power,exploratory,0.01247229803365317
lab_subject_6,format_x_timing,beta_relative_power,exploratory,0.05952999917613434
lab_subject_7,any_ad_vs_no_ads,beta_relative_power,exploratory,0.013880326729445544
lab_subject_7,inline_vs_block,beta_relative_power,exploratory,0.01861448698097283
lab_subject_7,early_vs_late,beta_relative_power,exploratory,-0.024184443439229555
lab_subject_7,format_x_timing,beta_relative_power,exploratory,0.009566469028936236
lab_subject_8,any_ad_vs_no_ads,beta_relative_power,exploratory,0.010573106456292197
lab_subject_8,inline_vs_block,beta_relative_power,exploratory,0.005036369556299797
lab_subject_8,early_vs_late,beta_relative_power,exploratory,0.020519068401195495
lab_subject_8,format_x_timing,beta_relative_power,exploratory,-0.00465696453626821
lab_subject_9,any_ad_vs_no_ads,beta_relative_power,exploratory,0.004420608246702193
lab_subject_9,inline_vs_block,beta_relative_power,exploratory,-0.0009270089643189511
lab_subject_9,early_vs_late,beta_relative_power,exploratory,0.005821464116802635
lab_subject_9,format_x_timing,beta_relative_power,exploratory,0.023484791255253115
lab_subject_1,any_ad_vs_no_ads,gamma_relative_power,exploratory,0.012764210641057833
lab_subject_1,inline_vs_block,gamma_relative_power,exploratory,-0.004306325646513204
lab_subject_1,early_vs_late,gamma_relative_power,exploratory,-0.0029741112610116582
lab_subject_1,format_x_timing,gamma_relative_power,exploratory,0.002966452136416914
lab_subject_10,any_ad_vs_no_ads,gamma_relative_power,exploratory,-0.005210109084935312
lab_subject_10,inline_vs_block,gamma_relative_power,exploratory,0.0003255051781060857
lab_subject_10,early_vs_late,gamma_relative_power,exploratory,0.0014825512145999458
lab_subject_10,format_x_timing,gamma_relative_power,exploratory,0.004073689223073286
lab_subject_11,any_ad_vs_no_ads,gamma_relative_power,exploratory,0.0018430704501617573
lab_subject_11,inline_vs_block,gamma_relative_power,exploratory,0.00046584936819079464
lab_subject_11,early_vs_late,gamma_relative_power,exploratory,-0.002759001203316902
lab_subject_11,format_x_timing,gamma_relative_power,exploratory,0.003020701359604805
lab_subject_12,any_ad_vs_no_ads,gamma_relative_power,exploratory,-0.0018129046998205996
lab_subject_12,inline_vs_block,gamma_relative_power,exploratory,0.0005495253508645132
lab_subject_12,early_vs_late,gamma_relative_power,exploratory,0.0011343691252281088
lab_subject_12,format_x_timing,gamma_relative_power,exploratory,0.003857054529524083
lab_subject_13,any_ad_vs_no_ads,gamma_relative_power,exploratory,-0.0005819729405395734
lab_subject_13,inline_vs_block,gamma_relative_power,exploratory,0.0009170513308319594
lab_subject_13,early_vs_late,gamma_relative_power,exploratory,-0.0020137211989568575
lab_subject_13,format_x_timing,gamma_relative_power,exploratory,-0.0034393633879330667
lab_subject_14,any_ad_vs_no_ads,gamma_relative_power,exploratory,0.0013061642667145656
lab_subject_14,inline_vs_block,gamma_relative_power,exploratory,-0.002270971081572079
lab_subject_14,early_vs_late,gamma_relative_power,exploratory,-0.001260618272044746
lab_subject_14,format_x_timing,gamma_relative_power,exploratory,-0.00946369920116763
lab_subject_15,any_ad_vs_no_ads,gamma_relative_power,exploratory,0.0037029862283138384
lab_subject_15,inline_vs_block,gamma_relative_power,exploratory,0.006782455456857775
lab_subject_15,early_vs_late,gamma_relative_power,exploratory,0.0011124132092616458
lab_subject_15,format_x_timing,gamma_relative_power,exploratory,0.004767696931161462
lab_subject_16,any_ad_vs_no_ads,gamma_relative_power,exploratory,-0.010532970097926024
lab_subject_16,inline_vs_block,gamma_relative_power,exploratory,0.0021438495460674237
lab_subject_16,early_vs_late,gamma_relative_power,exploratory,0.012394108866712154
lab_subject_16,format_x_timing,gamma_relative_power,exploratory,0.0005314552019032928
lab_subject_17,any_ad_vs_no_ads,gamma_relative_power,exploratory,-0.0004550567872514989
lab_subject_17,inline_vs_block,gamma_relative_power,exploratory,0.0024110457423944173
lab_subject_17,early_vs_late,gamma_relative_power,exploratory,0.004281388004819954
lab_subject_17,format_x_timing,gamma_relative_power,exploratory,-0.009996293913470133
lab_subject_18,any_ad_vs_no_ads,gamma_relative_power,exploratory,0.0037430662893541584
lab_subject_18,inline_vs_block,gamma_relative_power,exploratory,0.0041417154778787615
lab_subject_18,early_vs_late,gamma_relative_power,exploratory,-0.0017623780759644103
lab_subject_18,format_x_timing,gamma_relative_power,exploratory,0.0028193319491284577
lab_subject_19,any_ad_vs_no_ads,gamma_relative_power,exploratory,-0.003198540895480861
lab_subject_19,inline_vs_block,gamma_relative_power,exploratory,0.0019824948527471208
lab_subject_19,early_vs_late,gamma_relative_power,exploratory,-0.00014894366738899684
lab_subject_19,format_x_timing,gamma_relative_power,exploratory,0.0016564481532011927
lab_subject_2,any_ad_vs_no_ads,gamma_relative_power,exploratory,-0.0029196031355786106
lab_subject_2,inline_vs_block,gamma_relative_power,exploratory,-0.0096953133515119
lab_subject_2,early_vs_late,gamma_relative_power,exploratory,0.0009214756547459915
lab_subject_2,format_x_timing,gamma_relative_power,exploratory,0.020490343928820064
lab_subject_3,any_ad_vs_no_ads,gamma_relative_power,exploratory,0.0032933190153037264
lab_subject_3,inline_vs_block,gamma_relative_power,exploratory,0.005136094479619963
lab_subject_3,early_vs_late,gamma_relative_power,exploratory,-0.0021509227764288444
lab_subject_3,format_x_timing,gamma_relative_power,exploratory,-0.000803426504975252
lab_subject_5,any_ad_vs_no_ads,gamma_relative_power,exploratory,0.0005716738644684551
lab_subject_5,inline_vs_block,gamma_relative_power,exploratory,0.003105232622710327
lab_subject_5,early_vs_late,gamma_relative_power,exploratory,-0.0022192242450814453
lab_subject_5,format_x_timing,gamma_relative_power,exploratory,0.006557133331090365
lab_subject_6,any_ad_vs_no_ads,gamma_relative_power,exploratory,0.002704027869725862
lab_subject_6,inline_vs_block,gamma_relative_power,exploratory,-0.0056007268835797895
lab_subject_6,early_vs_late,gamma_relative_power,exploratory,0.003496369269055017
lab_subject_6,format_x_timing,gamma_relative_power,exploratory,0.01337922335540127
lab_subject_7,any_ad_vs_no_ads,gamma_relative_power,exploratory,0.012095934375647148
lab_subject_7,inline_vs_block,gamma_relative_power,exploratory,0.00397825357545431
lab_subject_7,early_vs_late,gamma_relative_power,exploratory,-0.017358026370961545
lab_subject_7,format_x_timing,gamma_relative_power,exploratory,0.008926285124082035
lab_subject_8,any_ad_vs_no_ads,gamma_relative_power,exploratory,0.0030379523211732443
lab_subject_8,inline_vs_block,gamma_relative_power,exploratory,0.0007154114822536684
lab_subject_8,early_vs_late,gamma_relative_power,exploratory,0.005623402526926755
lab_subject_8,format_x_timing,gamma_relative_power,exploratory,-0.0044065571991990776
lab_subject_9,any_ad_vs_no_ads,gamma_relative_power,exploratory,0.0037590676778878965
lab_subject_9,inline_vs_block,gamma_relative_power,exploratory,-0.0019023424550294425
lab_subject_9,early_vs_late,gamma_relative_power,exploratory,0.004442489352141886
lab_subject_9,format_x_timing,gamma_relative_power,exploratory,0.014202874977225811
lab_subject_1,any_ad_vs_no_ads,engagement_beta_over_alpha_theta,exploratory,0.19014496974491002
lab_subject_1,inline_vs_block,engagement_beta_over_alpha_theta,exploratory,-0.022018282309751558
lab_subject_1,early_vs_late,engagement_beta_over_alpha_theta,exploratory,-0.002548781896279162
lab_subject_1,format_x_timing,engagement_beta_over_alpha_theta,exploratory,0.17100105453871406
lab_subject_10,any_ad_vs_no_ads,engagement_beta_over_alpha_theta,exploratory,-0.04459412735904361
lab_subject_10,inline_vs_block,engagement_beta_over_alpha_theta,exploratory,0.001067317574241805
lab_subject_10,early_vs_late,engagement_beta_over_alpha_theta,exploratory,0.0220982278321971
lab_subject_10,format_x_timing,engagement_beta_over_alpha_theta,exploratory,0.03872605980459844
lab_subject_11,any_ad_vs_no_ads,engagement_beta_over_alpha_theta,exploratory,-0.013110688134013782
lab_subject_11,inline_vs_block,engagement_beta_over_alpha_theta,exploratory,0.007521147761622937
lab_subject_11,early_vs_late,engagement_beta_over_alpha_theta,exploratory,-0.012333992221249424
lab_subject_11,format_x_timing,engagement_beta_over_alpha_theta,exploratory,0.0012975556898625062
lab_subject_12,any_ad_vs_no_ads,engagement_beta_over_alpha_theta,exploratory,0.0012393066420194332
lab_subject_12,inline_vs_block,engagement_beta_over_alpha_theta,exploratory,0.028227083297059113
lab_subject_12,early_vs_late,engagement_beta_over_alpha_theta,exploratory,-0.01563458318464825
lab_subject_12,format_x_timing,engagement_beta_over_alpha_theta,exploratory,0.001134049362742473
lab_subject_13,any_ad_vs_no_ads,engagement_beta_over_alpha_theta,exploratory,-0.006966979144651483
lab_subject_13,inline_vs_block,engagement_beta_over_alpha_theta,exploratory,0.01706316354569845
lab_subject_13,early_vs_late,engagement_beta_over_alpha_theta,exploratory,-0.027250385953892536
lab_subject_13,format_x_timing,engagement_beta_over_alpha_theta,exploratory,-0.05952902148227324
lab_subject_14,any_ad_vs_no_ads,engagement_beta_over_alpha_theta,exploratory,-0.016377321814142642
lab_subject_14,inline_vs_block,engagement_beta_over_alpha_theta,exploratory,-0.03965736911548767
lab_subject_14,early_vs_late,engagement_beta_over_alpha_theta,exploratory,0.09273484767134188
lab_subject_14,format_x_timing,engagement_beta_over_alpha_theta,exploratory,-0.10141669567632272
lab_subject_15,any_ad_vs_no_ads,engagement_beta_over_alpha_theta,exploratory,0.02281462849211735
lab_subject_15,inline_vs_block,engagement_beta_over_alpha_theta,exploratory,0.08310607357818223
lab_subject_15,early_vs_late,engagement_beta_over_alpha_theta,exploratory,0.0047116768587924795
lab_subject_15,format_x_timing,engagement_beta_over_alpha_theta,exploratory,0.006892951856395935
lab_subject_16,any_ad_vs_no_ads,engagement_beta_over_alpha_theta,exploratory,0.002799375119297176
lab_subject_16,inline_vs_block,engagement_beta_over_alpha_theta,exploratory,0.12416931811073373
lab_subject_16,early_vs_late,engagement_beta_over_alpha_theta,exploratory,0.1598366964551199
lab_subject_16,format_x_timing,engagement_beta_over_alpha_theta,exploratory,-0.07090801891581888
lab_subject_17,any_ad_vs_no_ads,engagement_beta_over_alpha_theta,exploratory,0.03212998051591537
lab_subject_17,inline_vs_block,engagement_beta_over_alpha_theta,exploratory,0.006932590099510638
lab_subject_17,early_vs_late,engagement_beta_over_alpha_theta,exploratory,0.03240580062539311
lab_subject_17,format_x_timing,engagement_beta_over_alpha_theta,exploratory,-0.11680932743186101
lab_subject_18,any_ad_vs_no_ads,engagement_beta_over_alpha_theta,exploratory,-0.0200756067674962
lab_subject_18,inline_vs_block,engagement_beta_over_alpha_theta,exploratory,0.12201732932786502
lab_subject_18,early_vs_late,engagement_beta_over_alpha_theta,exploratory,0.04725458867801302
lab_subject_18,format_x_timing,engagement_beta_over_alpha_theta,exploratory,0.13826187715514454
lab_subject_19,any_ad_vs_no_ads,engagement_beta_over_alpha_theta,exploratory,-0.08901500446070104
lab_subject_19,inline_vs_block,engagement_beta_over_alpha_theta,exploratory,0.012595010427458475
lab_subject_19,early_vs_late,engagement_beta_over_alpha_theta,exploratory,0.01309496663948917
lab_subject_19,format_x_timing,engagement_beta_over_alpha_theta,exploratory,0.0039961927349085324
lab_subject_2,any_ad_vs_no_ads,engagement_beta_over_alpha_theta,exploratory,-0.08935082348660017
lab_subject_2,inline_vs_block,engagement_beta_over_alpha_theta,exploratory,-0.14586482516136046
lab_subject_2,early_vs_late,engagement_beta_over_alpha_theta,exploratory,0.026899486578304155
lab_subject_2,format_x_timing,engagement_beta_over_alpha_theta,exploratory,0.0641258597617847
lab_subject_3,any_ad_vs_no_ads,engagement_beta_over_alpha_theta,exploratory,-0.007713127017795585
lab_subject_3,inline_vs_block,engagement_beta_over_alpha_theta,exploratory,0.12282013817125853
lab_subject_3,early_vs_late,engagement_beta_over_alpha_theta,exploratory,0.015578722614696283
lab_subject_3,format_x_timing,engagement_beta_over_alpha_theta,exploratory,-0.03138923497691459
lab_subject_5,any_ad_vs_no_ads,engagement_beta_over_alpha_theta,exploratory,0.01955315744987257
lab_subject_5,inline_vs_block,engagement_beta_over_alpha_theta,exploratory,0.07723014754556984
lab_subject_5,early_vs_late,engagement_beta_over_alpha_theta,exploratory,-0.027722295646381068
lab_subject_5,format_x_timing,engagement_beta_over_alpha_theta,exploratory,0.08542004703037737
lab_subject_6,any_ad_vs_no_ads,engagement_beta_over_alpha_theta,exploratory,0.010051334238292187
lab_subject_6,inline_vs_block,engagement_beta_over_alpha_theta,exploratory,-0.017411221598338023
lab_subject_6,early_vs_late,engagement_beta_over_alpha_theta,exploratory,0.011898023135129221
lab_subject_6,format_x_timing,engagement_beta_over_alpha_theta,exploratory,0.1754619708587825
lab_subject_7,any_ad_vs_no_ads,engagement_beta_over_alpha_theta,exploratory,0.26327346118338946
lab_subject_7,inline_vs_block,engagement_beta_over_alpha_theta,exploratory,0.08280684184272413
lab_subject_7,early_vs_late,engagement_beta_over_alpha_theta,exploratory,-0.18233340969588274
lab_subject_7,format_x_timing,engagement_beta_over_alpha_theta,exploratory,-0.06821058438429894
lab_subject_8,any_ad_vs_no_ads,engagement_beta_over_alpha_theta,exploratory,0.08344326082986514
lab_subject_8,inline_vs_block,engagement_beta_over_alpha_theta,exploratory,0.004620171057227007
lab_subject_8,early_vs_late,engagement_beta_over_alpha_theta,exploratory,0.12899502630807547
lab_subject_8,format_x_timing,engagement_beta_over_alpha_theta,exploratory,-0.0411593014819604
lab_subject_9,any_ad_vs_no_ads,engagement_beta_over_alpha_theta,exploratory,0.18522174116422774
lab_subject_9,inline_vs_block,engagement_beta_over_alpha_theta,exploratory,0.033256615058638195
lab_subject_9,early_vs_late,engagement_beta_over_alpha_theta,exploratory,0.09437318357672508
lab_subject_9,format_x_timing,engagement_beta_over_alpha_theta,exploratory,0.06236248912487341
lab_subject_1,any_ad_vs_no_ads,engagement_pope_frontocentral_beta_over_alpha_theta,exploratory,0.335929614854502
lab_subject_1,inline_vs_block,engagement_pope_frontocentral_beta_over_alpha_theta,exploratory,-0.09120327059621514
lab_subject_1,early_vs_late,engagement_pope_frontocentral_beta_over_alpha_theta,exploratory,-0.008466226206674143
lab_subject_1,format_x_timing,engagement_pope_frontocentral_beta_over_alpha_theta,exploratory,-0.09149203278182116
lab_subject_10,any_ad_vs_no_ads,engagement_pope_frontocentral_beta_over_alpha_theta,exploratory,-0.018693419554302565
lab_subject_10,inline_vs_block,engagement_pope_frontocentral_beta_over_alpha_theta,exploratory,-0.0018572379212280221
lab_subject_10,early_vs_late,engagement_pope_frontocentral_beta_over_alpha_theta,exploratory,0.014688156847402295
lab_subject_10,format_x_timing,engagement_pope_frontocentral_beta_over_alpha_theta,exploratory,0.014848506388091126
lab_subject_11,any_ad_vs_no_ads,engagement_pope_frontocentral_beta_over_alpha_theta,exploratory,-0.008409766492924853
lab_subject_11,inline_vs_block,engagement_pope_frontocentral_beta_over_alpha_theta,exploratory,-0.006570161946940933
lab_subject_11,early_vs_late,engagement_pope_frontocentral_beta_over_alpha_theta,exploratory,-0.03915367797658237
lab_subject_11,format_x_timing,engagement_pope_frontocentral_beta_over_alpha_theta,exploratory,0.016822620271027544
lab_subject_12,any_ad_vs_no_ads,engagement_pope_frontocentral_beta_over_alpha_theta,exploratory,-0.010336904063666164
lab_subject_12,inline_vs_block,engagement_pope_frontocentral_beta_over_alpha_theta,exploratory,0.047007879122188345
lab_subject_12,early_vs_late,engagement_pope_frontocentral_beta_over_alpha_theta,exploratory,-0.058036462826476454
lab_subject_12,format_x_timing,engagement_pope_frontocentral_beta_over_alpha_theta,exploratory,0.025628132764081935
lab_subject_13,any_ad_vs_no_ads,engagement_pope_frontocentral_beta_over_alpha_theta,exploratory,-0.031022204739291404
lab_subject_13,inline_vs_block,engagement_pope_frontocentral_beta_over_alpha_theta,exploratory,0.017472308872522935
lab_subject_13,early_vs_late,engagement_pope_frontocentral_beta_over_alpha_theta,exploratory,-0.01633982425923683
lab_subject_13,format_x_timing,engagement_pope_frontocentral_beta_over_alpha_theta,exploratory,-0.056560886139195826
lab_subject_14,any_ad_vs_no_ads,engagement_pope_frontocentral_beta_over_alpha_theta,exploratory,-0.052249652496580756
lab_subject_14,inline_vs_block,engagement_pope_frontocentral_beta_over_alpha_theta,exploratory,-0.0165255597790549
lab_subject_14,early_vs_late,engagement_pope_frontocentral_beta_over_alpha_theta,exploratory,0.11987966566029584
lab_subject_14,format_x_timing,engagement_pope_frontocentral_beta_over_alpha_theta,exploratory,-0.1073585585431559
lab_subject_15,any_ad_vs_no_ads,engagement_pope_frontocentral_beta_over_alpha_theta,exploratory,0.014962378574286284
lab_subject_15,inline_vs_block,engagement_pope_frontocentral_beta_over_alpha_theta,exploratory,0.039278978749408444
lab_subject_15,early_vs_late,engagement_pope_frontocentral_beta_over_alpha_theta,exploratory,0.012320923840313414
lab_subject_15,format_x_timing,engagement_pope_frontocentral_beta_over_alpha_theta,exploratory,0.05624148391604972
lab_subject_16,any_ad_vs_no_ads,engagement_pope_frontocentral_beta_over_alpha_theta,exploratory,-0.18615508197334107
lab_subject_16,inline_vs_block,engagement_pope_frontocentral_beta_over_alpha_theta,exploratory,0.049103643023626464
lab_subject_16,early_vs_late,engagement_pope_frontocentral_beta_over_alpha_theta,exploratory,0.22088691571677
lab_subject_16,format_x_timing,engagement_pope_frontocentral_beta_over_alpha_theta,exploratory,0.0633337167799426
lab_subject_17,any_ad_vs_no_ads,engagement_pope_frontocentral_beta_over_alpha_theta,exploratory,0.10381499331159838
lab_subject_17,inline_vs_block,engagement_pope_frontocentral_beta_over_alpha_theta,exploratory,-0.047854836193304884
lab_subject_17,early_vs_late,engagement_pope_frontocentral_beta_over_alpha_theta,exploratory,0.09599959857578588
lab_subject_17,format_x_timing,engagement_pope_frontocentral_beta_over_alpha_theta,exploratory,-0.17108134165164157
lab_subject_18,any_ad_vs_no_ads,engagement_pope_frontocentral_beta_over_alpha_theta,exploratory,0.029784601594480375
lab_subject_18,inline_vs_block,engagement_pope_frontocentral_beta_over_alpha_theta,exploratory,0.2026462779328343
lab_subject_18,early_vs_late,engagement_pope_frontocentral_beta_over_alpha_theta,exploratory,0.15834751051306106
lab_subject_18,format_x_timing,engagement_pope_frontocentral_beta_over_alpha_theta,exploratory,0.19701770450419237
lab_subject_19,any_ad_vs_no_ads,engagement_pope_frontocentral_beta_over_alpha_theta,exploratory,-0.0453103302873058
lab_subject_19,inline_vs_block,engagement_pope_frontocentral_beta_over_alpha_theta,exploratory,0.030365100230273778
lab_subject_19,early_vs_late,engagement_pope_frontocentral_beta_over_alpha_theta,exploratory,0.021058156629003122
lab_subject_19,format_x_timing,engagement_pope_frontocentral_beta_over_alpha_theta,exploratory,0.020566355223639643
lab_subject_2,any_ad_vs_no_ads,engagement_pope_frontocentral_beta_over_alpha_theta,exploratory,-0.06379031718135875
lab_subject_2,inline_vs_block,engagement_pope_frontocentral_beta_over_alpha_theta,exploratory,-0.07121523772806476
lab_subject_2,early_vs_late,engagement_pope_frontocentral_beta_over_alpha_theta,exploratory,-0.02495469395492611
lab_subject_2,format_x_timing,engagement_pope_frontocentral_beta_over_alpha_theta,exploratory,0.07429550368979321
lab_subject_3,any_ad_vs_no_ads,engagement_pope_frontocentral_beta_over_alpha_theta,exploratory,0.007114382815031517
lab_subject_3,inline_vs_block,engagement_pope_frontocentral_beta_over_alpha_theta,exploratory,0.08061424444962739
lab_subject_3,early_vs_late,engagement_pope_frontocentral_beta_over_alpha_theta,exploratory,0.015821579437022226
lab_subject_3,format_x_timing,engagement_pope_frontocentral_beta_over_alpha_theta,exploratory,-0.05084663930889366
lab_subject_5,any_ad_vs_no_ads,engagement_pope_frontocentral_beta_over_alpha_theta,exploratory,0.02154083174804622
lab_subject_5,inline_vs_block,engagement_pope_frontocentral_beta_over_alpha_theta,exploratory,0.04326978890099881
lab_subject_5,early_vs_late,engagement_pope_frontocentral_beta_over_alpha_theta,exploratory,-0.022008774417592247
lab_subject_5,format_x_timing,engagement_pope_frontocentral_beta_over_alpha_theta,exploratory,0.024105501731232104
lab_subject_6,any_ad_vs_no_ads,engagement_pope_frontocentral_beta_over_alpha_theta,exploratory,0.041152055955742006
lab_subject_6,inline_vs_block,engagement_pope_frontocentral_beta_over_alpha_theta,exploratory,0.024218606044688062
lab_subject_6,early_vs_late,engagement_pope_frontocentral_beta_over_alpha_theta,exploratory,-0.022714824346308227
lab_subject_6,format_x_timing,engagement_pope_frontocentral_beta_over_alpha_theta,exploratory,0.06567148033402082
lab_subject_7,any_ad_vs_no_ads,engagement_pope_frontocentral_beta_over_alpha_theta,exploratory,0.15192665497225488
lab_subject_7,inline_vs_block,engagement_pope_frontocentral_beta_over_alpha_theta,exploratory,-0.06213396049971798
lab_subject_7,early_vs_late,engagement_pope_frontocentral_beta_over_alpha_theta,exploratory,-0.13882004743675802
lab_subject_7,format_x_timing,engagement_pope_frontocentral_beta_over_alpha_theta,exploratory,0.06525863284877143
lab_subject_8,any_ad_vs_no_ads,engagement_pope_frontocentral_beta_over_alpha_theta,exploratory,0.008930387646366333
lab_subject_8,inline_vs_block,engagement_pope_frontocentral_beta_over_alpha_theta,exploratory,-0.009603100511279217
lab_subject_8,early_vs_late,engagement_pope_frontocentral_beta_over_alpha_theta,exploratory,0.05401196759378224
lab_subject_8,format_x_timing,engagement_pope_frontocentral_beta_over_alpha_theta,exploratory,-0.0698398311311107
lab_subject_9,any_ad_vs_no_ads,engagement_pope_frontocentral_beta_over_alpha_theta,exploratory,0.27578006625803353
lab_subject_9,inline_vs_block,engagement_pope_frontocentral_beta_over_alpha_theta,exploratory,0.23107831828883385
lab_subject_9,early_vs_late,engagement_pope_frontocentral_beta_over_alpha_theta,exploratory,0.20430621639816837
lab_subject_9,format_x_timing,engagement_pope_frontocentral_beta_over_alpha_theta,exploratory,0.5444691927418612
lab_subject_1,any_ad_vs_no_ads,engagement_kislov_central_beta16_24_over_alpha8_12,exploratory,1.2823920569236897
lab_subject_1,inline_vs_block,engagement_kislov_central_beta16_24_over_alpha8_12,exploratory,-0.30768500922039976
lab_subject_1,early_vs_late,engagement_kislov_central_beta16_24_over_alpha8_12,exploratory,-0.3234386443376036
lab_subject_1,format_x_timing,engagement_kislov_central_beta16_24_over_alpha8_12,exploratory,-0.7676665492604555
lab_subject_10,any_ad_vs_no_ads,engagement_kislov_central_beta16_24_over_alpha8_12,exploratory,0.006462091802343944
lab_subject_10,inline_vs_block,engagement_kislov_central_beta16_24_over_alpha8_12,exploratory,0.027270863258340328
lab_subject_10,early_vs_late,engagement_kislov_central_beta16_24_over_alpha8_12,exploratory,-0.006417599799815571
lab_subject_10,format_x_timing,engagement_kislov_central_beta16_24_over_alpha8_12,exploratory,-0.0544402459126003
lab_subject_11,any_ad_vs_no_ads,engagement_kislov_central_beta16_24_over_alpha8_12,exploratory,0.048703115204599134
lab_subject_11,inline_vs_block,engagement_kislov_central_beta16_24_over_alpha8_12,exploratory,-0.03119883805285273
lab_subject_11,early_vs_late,engagement_kislov_central_beta16_24_over_alpha8_12,exploratory,-0.048464632931481066
lab_subject_11,format_x_timing,engagement_kislov_central_beta16_24_over_alpha8_12,exploratory,0.18321608320785165
lab_subject_12,any_ad_vs_no_ads,engagement_kislov_central_beta16_24_over_alpha8_12,exploratory,-0.09534744178367416
lab_subject_12,inline_vs_block,engagement_kislov_central_beta16_24_over_alpha8_12,exploratory,0.00808480577372489
lab_subject_12,early_vs_late,engagement_kislov_central_beta16_24_over_alpha8_12,exploratory,-0.019088160488969275
lab_subject_12,format_x_timing,engagement_kislov_central_beta16_24_over_alpha8_12,exploratory,-0.009022165747057997
lab_subject_13,any_ad_vs_no_ads,engagement_kislov_central_beta16_24_over_alpha8_12,exploratory,0.02041216663291401
lab_subject_13,inline_vs_block,engagement_kislov_central_beta16_24_over_alpha8_12,exploratory,0.07495942675158196
lab_subject_13,early_vs_late,engagement_kislov_central_beta16_24_over_alpha8_12,exploratory,-0.07093873263929573
lab_subject_13,format_x_timing,engagement_kislov_central_beta16_24_over_alpha8_12,exploratory,-0.20244311586876335
lab_subject_14,any_ad_vs_no_ads,engagement_kislov_central_beta16_24_over_alpha8_12,exploratory,-0.030597776948503297
lab_subject_14,inline_vs_block,engagement_kislov_central_beta16_24_over_alpha8_12,exploratory,-0.0948818806369931
lab_subject_14,early_vs_late,engagement_kislov_central_beta16_24_over_alpha8_12,exploratory,0.32103601192419706
lab_subject_14,format_x_timing,engagement_kislov_central_beta16_24_over_alpha8_12,exploratory,-0.513139295159053
lab_subject_15,any_ad_vs_no_ads,engagement_kislov_central_beta16_24_over_alpha8_12,exploratory,0.04237477974023274
lab_subject_15,inline_vs_block,engagement_kislov_central_beta16_24_over_alpha8_12,exploratory,0.11181232289750509
lab_subject_15,early_vs_late,engagement_kislov_central_beta16_24_over_alpha8_12,exploratory,-0.07936795238331606
lab_subject_15,format_x_timing,engagement_kislov_central_beta16_24_over_alpha8_12,exploratory,-0.07557391167491834
lab_subject_16,any_ad_vs_no_ads,engagement_kislov_central_beta16_24_over_alpha8_12,exploratory,-0.1652961005410658
lab_subject_16,inline_vs_block,engagement_kislov_central_beta16_24_over_alpha8_12,exploratory,-0.03779851313503624
lab_subject_16,early_vs_late,engagement_kislov_central_beta16_24_over_alpha8_12,exploratory,0.10024855529832344
lab_subject_16,format_x_timing,engagement_kislov_central_beta16_24_over_alpha8_12,exploratory,0.11529971174957243
lab_subject_17,any_ad_vs_no_ads,engagement_kislov_central_beta16_24_over_alpha8_12,exploratory,-0.016266288084232583
lab_subject_17,inline_vs_block,engagement_kislov_central_beta16_24_over_alpha8_12,exploratory,0.038645755130481185
lab_subject_17,early_vs_late,engagement_kislov_central_beta16_24_over_alpha8_12,exploratory,-0.0069161385485660976
lab_subject_17,format_x_timing,engagement_kislov_central_beta16_24_over_alpha8_12,exploratory,0.05864843551374144
lab_subject_18,any_ad_vs_no_ads,engagement_kislov_central_beta16_24_over_alpha8_12,exploratory,-0.02660488871367983
lab_subject_18,inline_vs_block,engagement_kislov_central_beta16_24_over_alpha8_12,exploratory,0.23353206894238787
lab_subject_18,early_vs_late,engagement_kislov_central_beta16_24_over_alpha8_12,exploratory,0.127815561299087
lab_subject_18,format_x_timing,engagement_kislov_central_beta16_24_over_alpha8_12,exploratory,0.44092718538790787
lab_subject_19,any_ad_vs_no_ads,engagement_kislov_central_beta16_24_over_alpha8_12,exploratory,-0.21121412286260643
lab_subject_19,inline_vs_block,engagement_kislov_central_beta16_24_over_alpha8_12,exploratory,0.01016678993280773
lab_subject_19,early_vs_late,engagement_kislov_central_beta16_24_over_alpha8_12,exploratory,0.05033354996169381
lab_subject_19,format_x_timing,engagement_kislov_central_beta16_24_over_alpha8_12,exploratory,0.38300941845182634
lab_subject_2,any_ad_vs_no_ads,engagement_kislov_central_beta16_24_over_alpha8_12,exploratory,-0.061089298602090114
lab_subject_2,inline_vs_block,engagement_kislov_central_beta16_24_over_alpha8_12,exploratory,-0.02672342227797886
lab_subject_2,early_vs_late,engagement_kislov_central_beta16_24_over_alpha8_12,exploratory,-0.06805331374411105
lab_subject_2,format_x_timing,engagement_kislov_central_beta16_24_over_alpha8_12,exploratory,0.1469834294357899
lab_subject_3,any_ad_vs_no_ads,engagement_kislov_central_beta16_24_over_alpha8_12,exploratory,0.04264854866816259
lab_subject_3,inline_vs_block,engagement_kislov_central_beta16_24_over_alpha8_12,exploratory,0.03411468733252265
lab_subject_3,early_vs_late,engagement_kislov_central_beta16_24_over_alpha8_12,exploratory,0.005973341806468024
lab_subject_3,format_x_timing,engagement_kislov_central_beta16_24_over_alpha8_12,exploratory,-0.1730129972075951
lab_subject_5,any_ad_vs_no_ads,engagement_kislov_central_beta16_24_over_alpha8_12,exploratory,0.029450408630845026
lab_subject_5,inline_vs_block,engagement_kislov_central_beta16_24_over_alpha8_12,exploratory,0.012803551674356761
lab_subject_5,early_vs_late,engagement_kislov_central_beta16_24_over_alpha8_12,exploratory,0.011986595836836589
lab_subject_5,format_x_timing,engagement_kislov_central_beta16_24_over_alpha8_12,exploratory,0.09522889951037117
lab_subject_6,any_ad_vs_no_ads,engagement_kislov_central_beta16_24_over_alpha8_12,exploratory,0.008996298807259162
lab_subject_6,inline_vs_block,engagement_kislov_central_beta16_24_over_alpha8_12,exploratory,-0.04064074651455796
lab_subject_6,early_vs_late,engagement_kislov_central_beta16_24_over_alpha8_12,exploratory,-0.040255670231676755
lab_subject_6,format_x_timing,engagement_kislov_central_beta16_24_over_alpha8_12,exploratory,-0.018949267990657104
lab_subject_7,any_ad_vs_no_ads,engagement_kislov_central_beta16_24_over_alpha8_12,exploratory,-0.6468584533613453
lab_subject_7,inline_vs_block,engagement_kislov_central_beta16_24_over_alpha8_12,exploratory,-0.24067650896066972
lab_subject_7,early_vs_late,engagement_kislov_central_beta16_24_over_alpha8_12,exploratory,0.03905875336757392
lab_subject_7,format_x_timing,engagement_kislov_central_beta16_24_over_alpha8_12,exploratory,0.29066776646914416
lab_subject_8,any_ad_vs_no_ads,engagement_kislov_central_beta16_24_over_alpha8_12,exploratory,0.0713060222598687
lab_subject_8,inline_vs_block,engagement_kislov_central_beta16_24_over_alpha8_12,exploratory,-0.24115405575506932
lab_subject_8,early_vs_late,engagement_kislov_central_beta16_24_over_alpha8_12,exploratory,0.2631597868359834
lab_subject_8,format_x_timing,engagement_kislov_central_beta16_24_over_alpha8_12,exploratory,-0.51263171189735
lab_subject_9,any_ad_vs_no_ads,engagement_kislov_central_beta16_24_over_alpha8_12,exploratory,1.2655262719190128
lab_subject_9,inline_vs_block,engagement_kislov_central_beta16_24_over_alpha8_12,exploratory,1.3102553742890837
lab_subject_9,early_vs_late,engagement_kislov_central_beta16_24_over_alpha8_12,exploratory,0.44500410681946345
lab_subject_9,format_x_timing,engagement_kislov_central_beta16_24_over_alpha8_12,exploratory,1.7143776459894022
