subject_id,contrast_id,feature,feature_tier,difference
lab_subject_1,any_ad_vs_no_ads,fz_theta_power_db_uv2,primary,-0.16662473088064633
lab_subject_1,inline_vs_block,fz_theta_power_db_uv2,primary,-0.21416331190667837
lab_subject_1,early_vs_late,fz_theta_power_db_uv2,primary,-0.11139233896394796
lab_subject_1,format_x_timing,fz_theta_power_db_uv2,primary,0.7162752677113833
lab_subject_10,any_ad_vs_no_ads,fz_theta_power_db_uv2,primary,-0.5563108550999267
lab_subject_10,inline_vs_block,fz_theta_power_db_uv2,primary,0.453998504875587
lab_subject_10,early_vs_late,fz_theta_power_db_uv2,primary,-0.19963250703981394
lab_subject_10,format_x_timing,fz_theta_power_db_uv2,primary,0.19446586297309842
lab_subject_11,any_ad_vs_no_ads,fz_theta_power_db_uv2,primary,0.23641963004014244
lab_subject_11,inline_vs_block,fz_theta_power_db_uv2,primary,0.04009045530264288
lab_subject_11,early_vs_late,fz_theta_power_db_uv2,primary,-0.12543609278422707
lab_subject_11,format_x_timing,fz_theta_power_db_uv2,primary,0.9839948926011708
lab_subject_12,any_ad_vs_no_ads,fz_theta_power_db_uv2,primary,0.002196290049404581
lab_subject_12,inline_vs_block,fz_theta_power_db_uv2,primary,-0.06326314130678412
lab_subject_12,early_vs_late,fz_theta_power_db_uv2,primary,0.1529523212322843
lab_subject_12,format_x_timing,fz_theta_power_db_uv2,primary,0.3960170640352363
lab_subject_13,any_ad_vs_no_ads,fz_theta_power_db_uv2,primary,-0.20747302607732543
lab_subject_13,inline_vs_block,fz_theta_power_db_uv2,primary,-0.6503042204177074
lab_subject_13,early_vs_late,fz_theta_power_db_uv2,primary,0.052954826333481364
lab_subject_13,format_x_timing,fz_theta_power_db_uv2,primary,0.35078018970095837
lab_subject_14,any_ad_vs_no_ads,fz_theta_power_db_uv2,primary,0.05974175682137872
lab_subject_14,inline_vs_block,fz_theta_power_db_uv2,primary,0.35648209108822027
lab_subject_14,early_vs_late,fz_theta_power_db_uv2,primary,0.08331891635349375
lab_subject_14,format_x_timing,fz_theta_power_db_uv2,primary,-0.5029879602460128
lab_subject_15,any_ad_vs_no_ads,fz_theta_power_db_uv2,primary,-0.28094755198769406
lab_subject_15,inline_vs_block,fz_theta_power_db_uv2,primary,0.1273520093217151
lab_subject_15,early_vs_late,fz_theta_power_db_uv2,primary,-0.0039146594383576705
lab_subject_15,format_x_timing,fz_theta_power_db_uv2,primary,-0.44153760642333273
lab_subject_16,any_ad_vs_no_ads,fz_theta_power_db_uv2,primary,0.06708604646242655
lab_subject_16,inline_vs_block,fz_theta_power_db_uv2,primary,-0.10153132248902708
lab_subject_16,early_vs_late,fz_theta_power_db_uv2,primary,-0.016842690357215417
lab_subject_16,format_x_timing,fz_theta_power_db_uv2,primary,-0.28484653647498703
lab_subject_17,any_ad_vs_no_ads,fz_theta_power_db_uv2,primary,-0.5274111854650174
lab_subject_17,inline_vs_block,fz_theta_power_db_uv2,primary,-0.02475045853664959
lab_subject_17,early_vs_late,fz_theta_power_db_uv2,primary,-0.474527955153226
lab_subject_17,format_x_timing,fz_theta_power_db_uv2,primary,0.6257037533928154
lab_subject_18,any_ad_vs_no_ads,fz_theta_power_db_uv2,primary,0.6932660840103315
lab_subject_18,inline_vs_block,fz_theta_power_db_uv2,primary,-0.03793728637563554
lab_subject_18,early_vs_late,fz_theta_power_db_uv2,primary,-0.23633231546004474
lab_subject_18,format_x_timing,fz_theta_power_db_uv2,primary,-0.02995097883104325
lab_subject_19,any_ad_vs_no_ads,fz_theta_power_db_uv2,primary,0.2179648556633058
lab_subject_19,inline_vs_block,fz_theta_power_db_uv2,primary,-0.07646432760456179
lab_subject_19,early_vs_late,fz_theta_power_db_uv2,primary,0.0890378059979895
lab_subject_19,format_x_timing,fz_theta_power_db_uv2,primary,-0.14674518226840583
lab_subject_2,any_ad_vs_no_ads,fz_theta_power_db_uv2,primary,-0.22483484726273595
lab_subject_2,inline_vs_block,fz_theta_power_db_uv2,primary,-0.105945980667002
lab_subject_2,early_vs_late,fz_theta_power_db_uv2,primary,-0.22549685601300418
lab_subject_2,format_x_timing,fz_theta_power_db_uv2,primary,0.01954686139581341
lab_subject_3,any_ad_vs_no_ads,fz_theta_power_db_uv2,primary,0.01274828291279917
lab_subject_3,inline_vs_block,fz_theta_power_db_uv2,primary,0.09244636952155538
lab_subject_3,early_vs_late,fz_theta_power_db_uv2,primary,-0.04273066139245607
lab_subject_3,format_x_timing,fz_theta_power_db_uv2,primary,0.31928383508301295
lab_subject_5,any_ad_vs_no_ads,fz_theta_power_db_uv2,primary,-0.23506351930152292
lab_subject_5,inline_vs_block,fz_theta_power_db_uv2,primary,-0.08823414943889851
lab_subject_5,early_vs_late,fz_theta_power_db_uv2,primary,0.14629229400344812
lab_subject_5,format_x_timing,fz_theta_power_db_uv2,primary,0.2591656200873853
lab_subject_6,any_ad_vs_no_ads,fz_theta_power_db_uv2,primary,-0.06866865987527326
lab_subject_6,inline_vs_block,fz_theta_power_db_uv2,primary,-0.1670508393570005
lab_subject_6,early_vs_late,fz_theta_power_db_uv2,primary,0.12609785197244072
lab_subject_6,format_x_timing,fz_theta_power_db_uv2,primary,0.645121175712319
lab_subject_7,any_ad_vs_no_ads,fz_theta_power_db_uv2,primary,-0.43558754227037744
lab_subject_7,inline_vs_block,fz_theta_power_db_uv2,primary,0.07733867133158845
lab_subject_7,early_vs_late,fz_theta_power_db_uv2,primary,-1.089458390765527
lab_subject_7,format_x_timing,fz_theta_power_db_uv2,primary,1.0482744873223708
lab_subject_8,any_ad_vs_no_ads,fz_theta_power_db_uv2,primary,-0.06597108394554851
lab_subject_8,inline_vs_block,fz_theta_power_db_uv2,primary,0.2571872134003357
lab_subject_8,early_vs_late,fz_theta_power_db_uv2,primary,-0.056307801824658554
lab_subject_8,format_x_timing,fz_theta_power_db_uv2,primary,0.45785784188252165
lab_subject_9,any_ad_vs_no_ads,fz_theta_power_db_uv2,primary,-0.04549096657368512
lab_subject_9,inline_vs_block,fz_theta_power_db_uv2,primary,-0.1545612381827688
lab_subject_9,early_vs_late,fz_theta_power_db_uv2,primary,-0.10209765267786963
lab_subject_9,format_x_timing,fz_theta_power_db_uv2,primary,-0.501098870424963
lab_subject_1,any_ad_vs_no_ads,posterior_alpha_power_db_uv2,primary,0.265285106600019
lab_subject_1,inline_vs_block,posterior_alpha_power_db_uv2,primary,-0.7513660058309091
lab_subject_1,early_vs_late,posterior_alpha_power_db_uv2,primary,-0.08752764103330346
lab_subject_1,format_x_timing,posterior_alpha_power_db_uv2,primary,0.39741762854951723
lab_subject_10,any_ad_vs_no_ads,posterior_alpha_power_db_uv2,primary,-0.39831670752968407
lab_subject_10,inline_vs_block,posterior_alpha_power_db_uv2,primary,-0.1838669187164328
lab_subject_10,early_vs_late,posterior_alpha_power_db_uv2,primary,0.161699658155241
lab_subject_10,format_x_timing,posterior_alpha_power_db_uv2,primary,1.3987064475911382
lab_subject_11,any_ad_vs_no_ads,posterior_alpha_power_db_uv2,primary,-0.29693065945187413
lab_subject_11,inline_vs_block,posterior_alpha_power_db_uv2,primary,0.04161825172664102
lab_subject_11,early_vs_late,posterior_alpha_power_db_uv2,primary,0.14147306792882475
lab_subject_11,format_x_timing,posterior_alpha_power_db_uv2,primary,-0.985417825434558
lab_subject_12,any_ad_vs_no_ads,posterior_alpha_power_db_uv2,primary,0.25461905769045146
lab_subject_12,inline_vs_block,posterior_alpha_power_db_uv2,primary,0.17677943416760478
lab_subject_12,early_vs_late,posterior_alpha_power_db_uv2,primary,-0.20479105556920807
lab_subject_12,format_x_timing,posterior_alpha_power_db_uv2,primary,0.21926899455580084
lab_subject_13,any_ad_vs_no_ads,posterior_alpha_power_db_uv2,primary,0.40695834837523304
lab_subject_13,inline_vs_block,posterior_alpha_power_db_uv2,primary,-0.30948995388628786
lab_subject_13,early_vs_late,posterior_alpha_power_db_uv2,primary,-0.5418853477450911
lab_subject_13,format_x_timing,posterior_alpha_power_db_uv2,primary,0.0896845285904111
lab_subject_14,any_ad_vs_no_ads,posterior_alpha_power_db_uv2,primary,0.900889607237775
lab_subject_14,inline_vs_block,posterior_alpha_power_db_uv2,primary,0.2666629746953504
lab_subject_14,early_vs_late,posterior_alpha_power_db_uv2,primary,0.2722429868397338
lab_subject_14,format_x_timing,posterior_alpha_power_db_uv2,primary,-1.2020658408408753
lab_subject_15,any_ad_vs_no_ads,posterior_alpha_power_db_uv2,primary,0.03746119646587509
lab_subject_15,inline_vs_block,posterior_alpha_power_db_uv2,primary,0.3046885454068655
lab_subject_15,early_vs_late,posterior_alpha_power_db_uv2,primary,-0.14283211271451668
lab_subject_15,format_x_timing,posterior_alpha_power_db_uv2,primary,-0.1940229922079293
lab_subject_16,any_ad_vs_no_ads,posterior_alpha_power_db_uv2,primary,0.7996053776055021
lab_subject_16,inline_vs_block,posterior_alpha_power_db_uv2,primary,0.38080830302491187
lab_subject_16,early_vs_late,posterior_alpha_power_db_uv2,primary,-0.031236393880448077
lab_subject_16,format_x_timing,posterior_alpha_power_db_uv2,primary,-0.33812925988679865
lab_subject_17,any_ad_vs_no_ads,posterior_alpha_power_db_uv2,primary,-0.1430436491484608
lab_subject_17,inline_vs_block,posterior_alpha_power_db_uv2,primary,0.0016192205244802693
lab_subject_17,early_vs_late,posterior_alpha_power_db_uv2,primary,-0.23993758947765276
lab_subject_17,format_x_timing,posterior_alpha_power_db_uv2,primary,-1.6959898017861272
lab_subject_18,any_ad_vs_no_ads,posterior_alpha_power_db_uv2,primary,-0.10779806548805926
lab_subject_18,inline_vs_block,posterior_alpha_power_db_uv2,primary,0.5350472662323602
lab_subject_18,early_vs_late,posterior_alpha_power_db_uv2,primary,-0.38232757185283717
lab_subject_18,format_x_timing,posterior_alpha_power_db_uv2,primary,0.07648943016924736
lab_subject_19,any_ad_vs_no_ads,posterior_alpha_power_db_uv2,primary,-0.10874360140955996
lab_subject_19,inline_vs_block,posterior_alpha_power_db_uv2,primary,-0.051239737087684034
lab_subject_19,early_vs_late,posterior_alpha_power_db_uv2,primary,0.12684493476612602
lab_subject_19,format_x_timing,posterior_alpha_power_db_uv2,primary,0.48413551321060844
lab_subject_2,any_ad_vs_no_ads,posterior_alpha_power_db_uv2,primary,-0.14283127554669495
lab_subject_2,inline_vs_block,posterior_alpha_power_db_uv2,primary,-0.08476786535442749
lab_subject_2,early_vs_late,posterior_alpha_power_db_uv2,primary,-0.10689435728711505
lab_subject_2,format_x_timing,posterior_alpha_power_db_uv2,primary,3.530568031167129
lab_subject_3,any_ad_vs_no_ads,posterior_alpha_power_db_uv2,primary,-0.6118840992952173
lab_subject_3,inline_vs_block,posterior_alpha_power_db_uv2,primary,0.22533133937654704
lab_subject_3,early_vs_late,posterior_alpha_power_db_uv2,primary,-0.26121864802274253
lab_subject_3,format_x_timing,posterior_alpha_power_db_uv2,primary,0.9990626196469634
lab_subject_5,any_ad_vs_no_ads,posterior_alpha_power_db_uv2,primary,-0.01586099488772863
lab_subject_5,inline_vs_block,posterior_alpha_power_db_uv2,primary,-0.07725566352485824
lab_subject_5,early_vs_late,posterior_alpha_power_db_uv2,primary,0.010486898031897951
lab_subject_5,format_x_timing,posterior_alpha_power_db_uv2,primary,-0.20171626285319721
lab_subject_6,any_ad_vs_no_ads,posterior_alpha_power_db_uv2,primary,0.3803937361867442
lab_subject_6,inline_vs_block,posterior_alpha_power_db_uv2,primary,0.13725836282790738
lab_subject_6,early_vs_late,posterior_alpha_power_db_uv2,primary,0.09189738478043008
lab_subject_6,format_x_timing,posterior_alpha_power_db_uv2,primary,0.017587252395609987
lab_subject_7,any_ad_vs_no_ads,posterior_alpha_power_db_uv2,primary,-0.5021800509224197
lab_subject_7,inline_vs_block,posterior_alpha_power_db_uv2,primary,-0.05187511105673126
lab_subject_7,early_vs_late,posterior_alpha_power_db_uv2,primary,-0.8071916815856821
lab_subject_7,format_x_timing,posterior_alpha_power_db_uv2,primary,1.012590655087476
lab_subject_8,any_ad_vs_no_ads,posterior_alpha_power_db_uv2,primary,-0.025685118473441904
lab_subject_8,inline_vs_block,posterior_alpha_power_db_uv2,primary,0.04920390248652318
lab_subject_8,early_vs_late,posterior_alpha_power_db_uv2,primary,0.2245829865757205
lab_subject_8,format_x_timing,posterior_alpha_power_db_uv2,primary,0.1915193506028281
lab_subject_9,any_ad_vs_no_ads,posterior_alpha_power_db_uv2,primary,0.5871091995123923
lab_subject_9,inline_vs_block,posterior_alpha_power_db_uv2,primary,0.2838886803464806
lab_subject_9,early_vs_late,posterior_alpha_power_db_uv2,primary,0.15333834585595874
lab_subject_9,format_x_timing,posterior_alpha_power_db_uv2,primary,-0.31035050742292025
lab_subject_1,any_ad_vs_no_ads,theta_power_db_uv2,secondary_global,-0.29769208298174643
lab_subject_1,inline_vs_block,theta_power_db_uv2,secondary_global,-0.1368406360147416
lab_subject_1,early_vs_late,theta_power_db_uv2,secondary_global,-0.09684331694210524
lab_subject_1,format_x_timing,theta_power_db_uv2,secondary_global,-0.026014719775370843
lab_subject_10,any_ad_vs_no_ads,theta_power_db_uv2,secondary_global,-0.4869325062063403
lab_subject_10,inline_vs_block,theta_power_db_uv2,secondary_global,0.26075179419186334
lab_subject_10,early_vs_late,theta_power_db_uv2,secondary_global,0.012267439794110047
lab_subject_10,format_x_timing,theta_power_db_uv2,secondary_global,0.3009709558527174
lab_subject_11,any_ad_vs_no_ads,theta_power_db_uv2,secondary_global,0.09843117876450158
lab_subject_11,inline_vs_block,theta_power_db_uv2,secondary_global,-0.1801984086093782
lab_subject_11,early_vs_late,theta_power_db_uv2,secondary_global,0.12868030095836502
lab_subject_11,format_x_timing,theta_power_db_uv2,secondary_global,0.45199661916309175
lab_subject_12,any_ad_vs_no_ads,theta_power_db_uv2,secondary_global,0.011332725680620825
lab_subject_12,inline_vs_block,theta_power_db_uv2,secondary_global,-0.04940257032780515
lab_subject_12,early_vs_late,theta_power_db_uv2,secondary_global,0.2542149308276773
lab_subject_12,format_x_timing,theta_power_db_uv2,secondary_global,0.02798876035847897
lab_subject_13,any_ad_vs_no_ads,theta_power_db_uv2,secondary_global,0.8647075508921027
lab_subject_13,inline_vs_block,theta_power_db_uv2,secondary_global,-1.067166258495277
lab_subject_13,early_vs_late,theta_power_db_uv2,secondary_global,-0.4577224300402847
lab_subject_13,format_x_timing,theta_power_db_uv2,secondary_global,1.9357182316300374
lab_subject_14,any_ad_vs_no_ads,theta_power_db_uv2,secondary_global,-0.49565117805202785
lab_subject_14,inline_vs_block,theta_power_db_uv2,secondary_global,0.20504657868656295
lab_subject_14,early_vs_late,theta_power_db_uv2,secondary_global,-0.39902408375900844
lab_subject_14,format_x_timing,theta_power_db_uv2,secondary_global,-2.7456504152254446
lab_subject_15,any_ad_vs_no_ads,theta_power_db_uv2,secondary_global,0.24284167854014616
lab_subject_15,inline_vs_block,theta_power_db_uv2,secondary_global,0.38882076775275465
lab_subject_15,early_vs_late,theta_power_db_uv2,secondary_global,-0.837631617450322
lab_subject_15,format_x_timing,theta_power_db_uv2,secondary_global,-0.6519863966878958
lab_subject_16,any_ad_vs_no_ads,theta_power_db_uv2,secondary_global,0.10855291703425074
lab_subject_16,inline_vs_block,theta_power_db_uv2,secondary_global,-0.5652101245840866
lab_subject_16,early_vs_late,theta_power_db_uv2,secondary_global,-0.20365299278191973
lab_subject_16,format_x_timing,theta_power_db_uv2,secondary_global,-0.06378001938467914
lab_subject_17,any_ad_vs_no_ads,theta_power_db_uv2,secondary_global,-0.6384048045373314
lab_subject_17,inline_vs_block,theta_power_db_uv2,secondary_global,-0.07877491531157155
lab_subject_17,early_vs_late,theta_power_db_uv2,secondary_global,-0.24502884106877065
lab_subject_17,format_x_timing,theta_power_db_uv2,secondary_global,0.13184158304220883
lab_subject_18,any_ad_vs_no_ads,theta_power_db_uv2,secondary_global,0.31369336561404637
lab_subject_18,inline_vs_block,theta_power_db_uv2,secondary_global,-0.1792679950966436
lab_subject_18,early_vs_late,theta_power_db_uv2,secondary_global,0.09932133583555292
lab_subject_18,format_x_timing,theta_power_db_uv2,secondary_global,-0.2888162798002716
lab_subject_19,any_ad_vs_no_ads,theta_power_db_uv2,secondary_global,-0.22661110206417945
lab_subject_19,inline_vs_block,theta_power_db_uv2,secondary_global,-0.2892152967870878
lab_subject_19,early_vs_late,theta_power_db_uv2,secondary_global,0.12918059806425575
lab_subject_19,format_x_timing,theta_power_db_uv2,secondary_global,-0.3476562307626452
lab_subject_2,any_ad_vs_no_ads,theta_power_db_uv2,secondary_global,-0.11260796988876542
lab_subject_2,inline_vs_block,theta_power_db_uv2,secondary_global,-0.40753801096873943
lab_subject_2,early_vs_late,theta_power_db_uv2,secondary_global,0.005653409346056293
lab_subject_2,format_x_timing,theta_power_db_uv2,secondary_global,0.23986381930902922
lab_subject_3,any_ad_vs_no_ads,theta_power_db_uv2,secondary_global,-0.24286609013728455
lab_subject_3,inline_vs_block,theta_power_db_uv2,secondary_global,0.08356662053371355
lab_subject_3,early_vs_late,theta_power_db_uv2,secondary_global,-0.6653952468805864
lab_subject_3,format_x_timing,theta_power_db_uv2,secondary_global,0.3481206902422951
lab_subject_5,any_ad_vs_no_ads,theta_power_db_uv2,secondary_global,-0.3426955002090857
lab_subject_5,inline_vs_block,theta_power_db_uv2,secondary_global,-0.21618154979866944
lab_subject_5,early_vs_late,theta_power_db_uv2,secondary_global,0.25727960614606094
lab_subject_5,format_x_timing,theta_power_db_uv2,secondary_global,0.8083895481227366
lab_subject_6,any_ad_vs_no_ads,theta_power_db_uv2,secondary_global,0.10425839068114406
lab_subject_6,inline_vs_block,theta_power_db_uv2,secondary_global,0.23776627417910046
lab_subject_6,early_vs_late,theta_power_db_uv2,secondary_global,-0.04342729719265481
lab_subject_6,format_x_timing,theta_power_db_uv2,secondary_global,0.4471366586933714
lab_subject_7,any_ad_vs_no_ads,theta_power_db_uv2,secondary_global,-1.0254755476123814
lab_subject_7,inline_vs_block,theta_power_db_uv2,secondary_global,-0.27028648292208857
lab_subject_7,early_vs_late,theta_power_db_uv2,secondary_global,-1.2953971485481741
lab_subject_7,format_x_timing,theta_power_db_uv2,secondary_global,0.3730601217099423
lab_subject_8,any_ad_vs_no_ads,theta_power_db_uv2,secondary_global,-0.10384751523406166
lab_subject_8,inline_vs_block,theta_power_db_uv2,secondary_global,0.06342042272686932
lab_subject_8,early_vs_late,theta_power_db_uv2,secondary_global,0.09100581884032799
lab_subject_8,format_x_timing,theta_power_db_uv2,secondary_global,0.35763058517141033
lab_subject_9,any_ad_vs_no_ads,theta_power_db_uv2,secondary_global,0.0765803533520053
lab_subject_9,inline_vs_block,theta_power_db_uv2,secondary_global,0.12475057810315704
lab_subject_9,early_vs_late,theta_power_db_uv2,secondary_global,-0.17744564669696317
lab_subject_9,format_x_timing,theta_power_db_uv2,secondary_global,-0.17236643461252044
lab_subject_1,any_ad_vs_no_ads,alpha_power_db_uv2,secondary_global,0.265285106600019
lab_subject_1,inline_vs_block,alpha_power_db_uv2,secondary_global,-0.7513660058309091
lab_subject_1,early_vs_late,alpha_power_db_uv2,secondary_global,-0.08752764103330346
lab_subject_1,format_x_timing,alpha_power_db_uv2,secondary_global,0.39741762854951723
lab_subject_10,any_ad_vs_no_ads,alpha_power_db_uv2,secondary_global,-0.39831670752968407
lab_subject_10,inline_vs_block,alpha_power_db_uv2,secondary_global,-0.1838669187164328
lab_subject_10,early_vs_late,alpha_power_db_uv2,secondary_global,0.161699658155241
lab_subject_10,format_x_timing,alpha_power_db_uv2,secondary_global,1.3987064475911382
lab_subject_11,any_ad_vs_no_ads,alpha_power_db_uv2,secondary_global,-0.29693065945187413
lab_subject_11,inline_vs_block,alpha_power_db_uv2,secondary_global,0.04161825172664102
lab_subject_11,early_vs_late,alpha_power_db_uv2,secondary_global,0.14147306792882475
lab_subject_11,format_x_timing,alpha_power_db_uv2,secondary_global,-0.985417825434558
lab_subject_12,any_ad_vs_no_ads,alpha_power_db_uv2,secondary_global,0.25461905769045146
lab_subject_12,inline_vs_block,alpha_power_db_uv2,secondary_global,0.17677943416760478
lab_subject_12,early_vs_late,alpha_power_db_uv2,secondary_global,-0.20479105556920807
lab_subject_12,format_x_timing,alpha_power_db_uv2,secondary_global,0.21926899455580084
lab_subject_13,any_ad_vs_no_ads,alpha_power_db_uv2,secondary_global,0.40695834837523304
lab_subject_13,inline_vs_block,alpha_power_db_uv2,secondary_global,-0.30948995388628786
lab_subject_13,early_vs_late,alpha_power_db_uv2,secondary_global,-0.5418853477450911
lab_subject_13,format_x_timing,alpha_power_db_uv2,secondary_global,0.0896845285904111
lab_subject_14,any_ad_vs_no_ads,alpha_power_db_uv2,secondary_global,0.900889607237775
lab_subject_14,inline_vs_block,alpha_power_db_uv2,secondary_global,0.2666629746953504
lab_subject_14,early_vs_late,alpha_power_db_uv2,secondary_global,0.2722429868397338
lab_subject_14,format_x_timing,alpha_power_db_uv2,secondary_global,-1.2020658408408753
lab_subject_15,any_ad_vs_no_ads,alpha_power_db_uv2,secondary_global,0.03746119646587509
lab_subject_15,inline_vs_block,alpha_power_db_uv2,secondary_global,0.3046885454068655
lab_subject_15,early_vs_late,alpha_power_db_uv2,secondary_global,-0.14283211271451668
lab_subject_15,format_x_timing,alpha_power_db_uv2,secondary_global,-0.1940229922079293
lab_subject_16,any_ad_vs_no_ads,alpha_power_db_uv2,secondary_global,0.7996053776055021
lab_subject_16,inline_vs_block,alpha_power_db_uv2,secondary_global,0.38080830302491187
lab_subject_16,early_vs_late,alpha_power_db_uv2,secondary_global,-0.031236393880448077
lab_subject_16,format_x_timing,alpha_power_db_uv2,secondary_global,-0.33812925988679865
lab_subject_17,any_ad_vs_no_ads,alpha_power_db_uv2,secondary_global,-0.1430436491484608
lab_subject_17,inline_vs_block,alpha_power_db_uv2,secondary_global,0.0016192205244802693
lab_subject_17,early_vs_late,alpha_power_db_uv2,secondary_global,-0.23993758947765276
lab_subject_17,format_x_timing,alpha_power_db_uv2,secondary_global,-1.6959898017861272
lab_subject_18,any_ad_vs_no_ads,alpha_power_db_uv2,secondary_global,-0.10779806548805926
lab_subject_18,inline_vs_block,alpha_power_db_uv2,secondary_global,0.5350472662323602
lab_subject_18,early_vs_late,alpha_power_db_uv2,secondary_global,-0.38232757185283717
lab_subject_18,format_x_timing,alpha_power_db_uv2,secondary_global,0.07648943016924736
lab_subject_19,any_ad_vs_no_ads,alpha_power_db_uv2,secondary_global,-0.10874360140955996
lab_subject_19,inline_vs_block,alpha_power_db_uv2,secondary_global,-0.051239737087684034
lab_subject_19,early_vs_late,alpha_power_db_uv2,secondary_global,0.12684493476612602
lab_subject_19,format_x_timing,alpha_power_db_uv2,secondary_global,0.48413551321060844
lab_subject_2,any_ad_vs_no_ads,alpha_power_db_uv2,secondary_global,-0.14283127554669495
lab_subject_2,inline_vs_block,alpha_power_db_uv2,secondary_global,-0.08476786535442749
lab_subject_2,early_vs_late,alpha_power_db_uv2,secondary_global,-0.10689435728711505
lab_subject_2,format_x_timing,alpha_power_db_uv2,secondary_global,3.530568031167129
lab_subject_3,any_ad_vs_no_ads,alpha_power_db_uv2,secondary_global,-0.6118840992952173
lab_subject_3,inline_vs_block,alpha_power_db_uv2,secondary_global,0.22533133937654704
lab_subject_3,early_vs_late,alpha_power_db_uv2,secondary_global,-0.26121864802274253
lab_subject_3,format_x_timing,alpha_power_db_uv2,secondary_global,0.9990626196469634
lab_subject_5,any_ad_vs_no_ads,alpha_power_db_uv2,secondary_global,-0.01586099488772863
lab_subject_5,inline_vs_block,alpha_power_db_uv2,secondary_global,-0.07725566352485824
lab_subject_5,early_vs_late,alpha_power_db_uv2,secondary_global,0.010486898031897951
lab_subject_5,format_x_timing,alpha_power_db_uv2,secondary_global,-0.20171626285319721
lab_subject_6,any_ad_vs_no_ads,alpha_power_db_uv2,secondary_global,0.3803937361867442
lab_subject_6,inline_vs_block,alpha_power_db_uv2,secondary_global,0.13725836282790738
lab_subject_6,early_vs_late,alpha_power_db_uv2,secondary_global,0.09189738478043008
lab_subject_6,format_x_timing,alpha_power_db_uv2,secondary_global,0.017587252395609987
lab_subject_7,any_ad_vs_no_ads,alpha_power_db_uv2,secondary_global,-0.5021800509224197
lab_subject_7,inline_vs_block,alpha_power_db_uv2,secondary_global,-0.05187511105673126
lab_subject_7,early_vs_late,alpha_power_db_uv2,secondary_global,-0.8071916815856821
lab_subject_7,format_x_timing,alpha_power_db_uv2,secondary_global,1.012590655087476
lab_subject_8,any_ad_vs_no_ads,alpha_power_db_uv2,secondary_global,-0.025685118473441904
lab_subject_8,inline_vs_block,alpha_power_db_uv2,secondary_global,0.04920390248652318
lab_subject_8,early_vs_late,alpha_power_db_uv2,secondary_global,0.2245829865757205
lab_subject_8,format_x_timing,alpha_power_db_uv2,secondary_global,0.1915193506028281
lab_subject_9,any_ad_vs_no_ads,alpha_power_db_uv2,secondary_global,0.5871091995123923
lab_subject_9,inline_vs_block,alpha_power_db_uv2,secondary_global,0.2838886803464806
lab_subject_9,early_vs_late,alpha_power_db_uv2,secondary_global,0.15333834585595874
lab_subject_9,format_x_timing,alpha_power_db_uv2,secondary_global,-0.31035050742292025
lab_subject_1,any_ad_vs_no_ads,beta_power_db_uv2,secondary,2.849739120639555
lab_subject_1,inline_vs_block,beta_power_db_uv2,secondary,-1.4262052759205321
lab_subject_1,early_vs_late,beta_power_db_uv2,secondary,-0.364366456514416
lab_subject_1,format_x_timing,beta_power_db_uv2,secondary,-1.6318267647306062
lab_subject_10,any_ad_vs_no_ads,beta_power_db_uv2,secondary,-0.49199463879403105
lab_subject_10,inline_vs_block,beta_power_db_uv2,secondary,0.27915263001183277
lab_subject_10,early_vs_late,beta_power_db_uv2,secondary,0.3847305349651027
lab_subject_10,format_x_timing,beta_power_db_uv2,secondary,0.17665118346590525
lab_subject_11,any_ad_vs_no_ads,beta_power_db_uv2,secondary,0.18145830225166204
lab_subject_11,inline_vs_block,beta_power_db_uv2,secondary,-0.3024522255882385
lab_subject_11,early_vs_late,beta_power_db_uv2,secondary,-0.6129395891890663
lab_subject_11,format_x_timing,beta_power_db_uv2,secondary,1.3011566130986436
lab_subject_12,any_ad_vs_no_ads,beta_power_db_uv2,secondary,-0.7438102998339415
lab_subject_12,inline_vs_block,beta_power_db_uv2,secondary,0.06798039321790039
lab_subject_12,early_vs_late,beta_power_db_uv2,secondary,0.142857713086312
lab_subject_12,format_x_timing,beta_power_db_uv2,secondary,1.0454893536491436
lab_subject_13,any_ad_vs_no_ads,beta_power_db_uv2,secondary,0.17406953222425559
lab_subject_13,inline_vs_block,beta_power_db_uv2,secondary,-0.44746469229547126
lab_subject_13,early_vs_late,beta_power_db_uv2,secondary,-0.7025912455603671
lab_subject_13,format_x_timing,beta_power_db_uv2,secondary,0.5143518754403607
lab_subject_14,any_ad_vs_no_ads,beta_power_db_uv2,secondary,-0.5485117333506135
lab_subject_14,inline_vs_block,beta_power_db_uv2,secondary,0.3741423149239287
lab_subject_14,early_vs_late,beta_power_db_uv2,secondary,1.1702583498511956
lab_subject_14,format_x_timing,beta_power_db_uv2,secondary,-1.8146014514479782
lab_subject_15,any_ad_vs_no_ads,beta_power_db_uv2,secondary,0.407398775453776
lab_subject_15,inline_vs_block,beta_power_db_uv2,secondary,0.7939894558386942
lab_subject_15,early_vs_late,beta_power_db_uv2,secondary,-0.22905415083164415
lab_subject_15,format_x_timing,beta_power_db_uv2,secondary,0.5167252950559691
lab_subject_16,any_ad_vs_no_ads,beta_power_db_uv2,secondary,-0.1870005829274124
lab_subject_16,inline_vs_block,beta_power_db_uv2,secondary,-0.40670859086551836
lab_subject_16,early_vs_late,beta_power_db_uv2,secondary,0.1770073634586833
lab_subject_16,format_x_timing,beta_power_db_uv2,secondary,0.9634762711282683
lab_subject_17,any_ad_vs_no_ads,beta_power_db_uv2,secondary,0.5324485633016764
lab_subject_17,inline_vs_block,beta_power_db_uv2,secondary,-0.45890060280699707
lab_subject_17,early_vs_late,beta_power_db_uv2,secondary,-0.29460962802276747
lab_subject_17,format_x_timing,beta_power_db_uv2,secondary,-0.11695142062814945
lab_subject_18,any_ad_vs_no_ads,beta_power_db_uv2,secondary,-0.18285585002888727
lab_subject_18,inline_vs_block,beta_power_db_uv2,secondary,1.1688152469644635
lab_subject_18,early_vs_late,beta_power_db_uv2,secondary,0.9643125104826717
lab_subject_18,format_x_timing,beta_power_db_uv2,secondary,1.3691960050771996
lab_subject_19,any_ad_vs_no_ads,beta_power_db_uv2,secondary,-1.0418224370181814
lab_subject_19,inline_vs_block,beta_power_db_uv2,secondary,0.13244225381937014
lab_subject_19,early_vs_late,beta_power_db_uv2,secondary,0.16026589404114233
lab_subject_19,format_x_timing,beta_power_db_uv2,secondary,0.14065912861774788
lab_subject_2,any_ad_vs_no_ads,beta_power_db_uv2,secondary,0.23032191366683819
lab_subject_2,inline_vs_block,beta_power_db_uv2,secondary,-0.20357843848381663
lab_subject_2,early_vs_late,beta_power_db_uv2,secondary,-0.24336982874917457
lab_subject_2,format_x_timing,beta_power_db_uv2,secondary,0.21858843726238053
lab_subject_3,any_ad_vs_no_ads,beta_power_db_uv2,secondary,-0.22234934341801882
lab_subject_3,inline_vs_block,beta_power_db_uv2,secondary,0.3714153558541229
lab_subject_3,early_vs_late,beta_power_db_uv2,secondary,-0.2901461890682926
lab_subject_3,format_x_timing,beta_power_db_uv2,secondary,0.017977658620288217
lab_subject_5,any_ad_vs_no_ads,beta_power_db_uv2,secondary,0.07896980062222347
lab_subject_5,inline_vs_block,beta_power_db_uv2,secondary,-0.04882815958263986
lab_subject_5,early_vs_late,beta_power_db_uv2,secondary,-0.09982129621084024
lab_subject_5,format_x_timing,beta_power_db_uv2,secondary,0.07448704800098138
lab_subject_6,any_ad_vs_no_ads,beta_power_db_uv2,secondary,-0.03325282112754557
lab_subject_6,inline_vs_block,beta_power_db_uv2,secondary,0.43304321517495836
lab_subject_6,early_vs_late,beta_power_db_uv2,secondary,-0.39522948434476746
lab_subject_6,format_x_timing,beta_power_db_uv2,secondary,0.5290521646384416
lab_subject_7,any_ad_vs_no_ads,beta_power_db_uv2,secondary,-2.604101313978812
lab_subject_7,inline_vs_block,beta_power_db_uv2,secondary,-2.0114081094520824
lab_subject_7,early_vs_late,beta_power_db_uv2,secondary,-1.3332758245491245
lab_subject_7,format_x_timing,beta_power_db_uv2,secondary,-0.5095316652345856
lab_subject_8,any_ad_vs_no_ads,beta_power_db_uv2,secondary,-0.20732091851690093
lab_subject_8,inline_vs_block,beta_power_db_uv2,secondary,-0.36984993396416677
lab_subject_8,early_vs_late,beta_power_db_uv2,secondary,0.40926653392731893
lab_subject_8,format_x_timing,beta_power_db_uv2,secondary,-0.6635278552753352
lab_subject_9,any_ad_vs_no_ads,beta_power_db_uv2,secondary,2.443852398826655
lab_subject_9,inline_vs_block,beta_power_db_uv2,secondary,2.768069070867522
lab_subject_9,early_vs_late,beta_power_db_uv2,secondary,-0.24350447380917295
lab_subject_9,format_x_timing,beta_power_db_uv2,secondary,1.2801482607304013
lab_subject_1,any_ad_vs_no_ads,faa_log_f4_minus_f3,secondary,0.07261758486403513
lab_subject_1,inline_vs_block,faa_log_f4_minus_f3,secondary,-0.009835231366699837
lab_subject_1,early_vs_late,faa_log_f4_minus_f3,secondary,0.00044348796246485023
lab_subject_1,format_x_timing,faa_log_f4_minus_f3,secondary,0.0985271605260234
lab_subject_10,any_ad_vs_no_ads,faa_log_f4_minus_f3,secondary,-0.05101736965509218
lab_subject_10,inline_vs_block,faa_log_f4_minus_f3,secondary,0.1538359382843879
lab_subject_10,early_vs_late,faa_log_f4_minus_f3,secondary,0.16468517875606814
lab_subject_10,format_x_timing,faa_log_f4_minus_f3,secondary,-0.2450365241675847
lab_subject_11,any_ad_vs_no_ads,faa_log_f4_minus_f3,secondary,-0.10027084959957833
lab_subject_11,inline_vs_block,faa_log_f4_minus_f3,secondary,-0.013897499801627688
lab_subject_11,early_vs_late,faa_log_f4_minus_f3,secondary,0.21029773550548292
lab_subject_11,format_x_timing,faa_log_f4_minus_f3,secondary,-0.03216318323163847
lab_subject_12,any_ad_vs_no_ads,faa_log_f4_minus_f3,secondary,0.07864728241600139
lab_subject_12,inline_vs_block,faa_log_f4_minus_f3,secondary,0.18104779549836625
lab_subject_12,early_vs_late,faa_log_f4_minus_f3,secondary,0.009065167800270224
lab_subject_12,format_x_timing,faa_log_f4_minus_f3,secondary,0.24635900016761347
lab_subject_13,any_ad_vs_no_ads,faa_log_f4_minus_f3,secondary,0.1413092258428148
lab_subject_13,inline_vs_block,faa_log_f4_minus_f3,secondary,-0.18091763652508863
lab_subject_13,early_vs_late,faa_log_f4_minus_f3,secondary,-0.1641821370519727
lab_subject_13,format_x_timing,faa_log_f4_minus_f3,secondary,0.06186152166485037
lab_subject_14,any_ad_vs_no_ads,faa_log_f4_minus_f3,secondary,-0.10415650270863708
lab_subject_14,inline_vs_block,faa_log_f4_minus_f3,secondary,-0.14652339945775594
lab_subject_14,early_vs_late,faa_log_f4_minus_f3,secondary,0.04309187519439206
lab_subject_14,format_x_timing,faa_log_f4_minus_f3,secondary,-0.3064603217118389
lab_subject_15,any_ad_vs_no_ads,faa_log_f4_minus_f3,secondary,-0.05780375355437872
lab_subject_15,inline_vs_block,faa_log_f4_minus_f3,secondary,0.036473094419468666
lab_subject_15,early_vs_late,faa_log_f4_minus_f3,secondary,0.024115712041082205
lab_subject_15,format_x_timing,faa_log_f4_minus_f3,secondary,-0.11550640537236134
lab_subject_16,any_ad_vs_no_ads,faa_log_f4_minus_f3,secondary,-0.13456244370231074
lab_subject_16,inline_vs_block,faa_log_f4_minus_f3,secondary,-0.046829452345849454
lab_subject_16,early_vs_late,faa_log_f4_minus_f3,secondary,0.043342475712978334
lab_subject_16,format_x_timing,faa_log_f4_minus_f3,secondary,-0.1021624271338144
lab_subject_17,any_ad_vs_no_ads,faa_log_f4_minus_f3,secondary,0.022551812253484016
lab_subject_17,inline_vs_block,faa_log_f4_minus_f3,secondary,-0.0373466374696676
lab_subject_17,early_vs_late,faa_log_f4_minus_f3,secondary,-0.15119549896732565
lab_subject_17,format_x_timing,faa_log_f4_minus_f3,secondary,0.1281572748618558
lab_subject_18,any_ad_vs_no_ads,faa_log_f4_minus_f3,secondary,0.017398015123730293
lab_subject_18,inline_vs_block,faa_log_f4_minus_f3,secondary,0.04532546800802084
lab_subject_18,early_vs_late,faa_log_f4_minus_f3,secondary,0.03756158727783987
lab_subject_18,format_x_timing,faa_log_f4_minus_f3,secondary,-0.1394100415786479
lab_subject_19,any_ad_vs_no_ads,faa_log_f4_minus_f3,secondary,0.008428479207764905
lab_subject_19,inline_vs_block,faa_log_f4_minus_f3,secondary,0.014028168397019591
lab_subject_19,early_vs_late,faa_log_f4_minus_f3,secondary,-0.03335256998908509
lab_subject_19,format_x_timing,faa_log_f4_minus_f3,secondary,0.03106569874409537
lab_subject_2,any_ad_vs_no_ads,faa_log_f4_minus_f3,secondary,0.18447499491041874
lab_subject_2,inline_vs_block,faa_log_f4_minus_f3,secondary,-0.03989125020653361
lab_subject_2,early_vs_late,faa_log_f4_minus_f3,secondary,0.027762720538586194
lab_subject_2,format_x_timing,faa_log_f4_minus_f3,secondary,0.14379086138887942
lab_subject_3,any_ad_vs_no_ads,faa_log_f4_minus_f3,secondary,0.16117995962671028
lab_subject_3,inline_vs_block,faa_log_f4_minus_f3,secondary,-0.07412666904938625
lab_subject_3,early_vs_late,faa_log_f4_minus_f3,secondary,-0.11726523077110862
lab_subject_3,format_x_timing,faa_log_f4_minus_f3,secondary,-0.14953541880772647
lab_subject_5,any_ad_vs_no_ads,faa_log_f4_minus_f3,secondary,0.030321135320744208
lab_subject_5,inline_vs_block,faa_log_f4_minus_f3,secondary,-0.03537247010806066
lab_subject_5,early_vs_late,faa_log_f4_minus_f3,secondary,0.11074800933273021
lab_subject_5,format_x_timing,faa_log_f4_minus_f3,secondary,-0.10851102549075087
lab_subject_6,any_ad_vs_no_ads,faa_log_f4_minus_f3,secondary,-0.006924619538535737
lab_subject_6,inline_vs_block,faa_log_f4_minus_f3,secondary,0.09734897603675563
lab_subject_6,early_vs_late,faa_log_f4_minus_f3,secondary,0.024514561531528756
lab_subject_6,format_x_timing,faa_log_f4_minus_f3,secondary,-0.04176408378259566
lab_subject_7,any_ad_vs_no_ads,faa_log_f4_minus_f3,secondary,-0.25503439641283476
lab_subject_7,inline_vs_block,faa_log_f4_minus_f3,secondary,0.03677576327133192
lab_subject_7,early_vs_late,faa_log_f4_minus_f3,secondary,0.3048499025324345
lab_subject_7,format_x_timing,faa_log_f4_minus_f3,secondary,-0.11711838854314571
lab_subject_8,any_ad_vs_no_ads,faa_log_f4_minus_f3,secondary,-0.060303824497383474
lab_subject_8,inline_vs_block,faa_log_f4_minus_f3,secondary,-0.04050344886913493
lab_subject_8,early_vs_late,faa_log_f4_minus_f3,secondary,0.05967503035822297
lab_subject_8,format_x_timing,faa_log_f4_minus_f3,secondary,-0.03341506500796143
lab_subject_9,any_ad_vs_no_ads,faa_log_f4_minus_f3,secondary,-0.06745689976922264
lab_subject_9,inline_vs_block,faa_log_f4_minus_f3,secondary,-0.04745980861879495
lab_subject_9,early_vs_late,faa_log_f4_minus_f3,secondary,-0.048784670585044765
lab_subject_9,format_x_timing,faa_log_f4_minus_f3,secondary,-0.14543090981280216
lab_subject_1,any_ad_vs_no_ads,delta_power_db_uv2,exploratory,-1.1167178802937379
lab_subject_1,inline_vs_block,delta_power_db_uv2,exploratory,-0.2751400958139243
lab_subject_1,early_vs_late,delta_power_db_uv2,exploratory,0.056560936671267825
lab_subject_1,format_x_timing,delta_power_db_uv2,exploratory,0.48045918583819613
lab_subject_10,any_ad_vs_no_ads,delta_power_db_uv2,exploratory,0.34388422404292207
lab_subject_10,inline_vs_block,delta_power_db_uv2,exploratory,-0.4218639391936403
lab_subject_10,early_vs_late,delta_power_db_uv2,exploratory,0.027867562428525616
lab_subject_10,format_x_timing,delta_power_db_uv2,exploratory,-1.014581662876557
lab_subject_11,any_ad_vs_no_ads,delta_power_db_uv2,exploratory,-0.10294619029946439
lab_subject_11,inline_vs_block,delta_power_db_uv2,exploratory,-0.3430546020189542
lab_subject_11,early_vs_late,delta_power_db_uv2,exploratory,0.3849783014653809
lab_subject_11,format_x_timing,delta_power_db_uv2,exploratory,1.3169532151371826
lab_subject_12,any_ad_vs_no_ads,delta_power_db_uv2,exploratory,0.8037646366890634
lab_subject_12,inline_vs_block,delta_power_db_uv2,exploratory,-0.13096642831035332
lab_subject_12,early_vs_late,delta_power_db_uv2,exploratory,-0.38592850597356154
lab_subject_12,format_x_timing,delta_power_db_uv2,exploratory,-1.23762372172175
lab_subject_13,any_ad_vs_no_ads,delta_power_db_uv2,exploratory,2.6685946892009405
lab_subject_13,inline_vs_block,delta_power_db_uv2,exploratory,-2.6997198352958023
lab_subject_13,early_vs_late,delta_power_db_uv2,exploratory,-0.03244441187881009
lab_subject_13,format_x_timing,delta_power_db_uv2,exploratory,4.578605206001871
lab_subject_14,any_ad_vs_no_ads,delta_power_db_uv2,exploratory,0.1320594049239432
lab_subject_14,inline_vs_block,delta_power_db_uv2,exploratory,0.4166947257301672
lab_subject_14,early_vs_late,delta_power_db_uv2,exploratory,0.8546237518584903
lab_subject_14,format_x_timing,delta_power_db_uv2,exploratory,-3.8677105788510175
lab_subject_15,any_ad_vs_no_ads,delta_power_db_uv2,exploratory,0.16999498130816804
lab_subject_15,inline_vs_block,delta_power_db_uv2,exploratory,0.27407156604315475
lab_subject_15,early_vs_late,delta_power_db_uv2,exploratory,-1.5561164015578939
lab_subject_15,format_x_timing,delta_power_db_uv2,exploratory,-3.42330138804083
lab_subject_16,any_ad_vs_no_ads,delta_power_db_uv2,exploratory,1.1936422787378085
lab_subject_16,inline_vs_block,delta_power_db_uv2,exploratory,-1.485127910033178
lab_subject_16,early_vs_late,delta_power_db_uv2,exploratory,-0.7783396834786558
lab_subject_16,format_x_timing,delta_power_db_uv2,exploratory,0.9653855984464244
lab_subject_17,any_ad_vs_no_ads,delta_power_db_uv2,exploratory,-0.9046903301486555
lab_subject_17,inline_vs_block,delta_power_db_uv2,exploratory,-0.1832665547483181
lab_subject_17,early_vs_late,delta_power_db_uv2,exploratory,0.1392837436111698
lab_subject_17,format_x_timing,delta_power_db_uv2,exploratory,0.44511136510621796
lab_subject_18,any_ad_vs_no_ads,delta_power_db_uv2,exploratory,-0.0666531580621168
lab_subject_18,inline_vs_block,delta_power_db_uv2,exploratory,-0.4379921881887281
lab_subject_18,early_vs_late,delta_power_db_uv2,exploratory,1.2170171096179452
lab_subject_18,format_x_timing,delta_power_db_uv2,exploratory,-1.3287255930453412
lab_subject_19,any_ad_vs_no_ads,delta_power_db_uv2,exploratory,-0.8728823289704621
lab_subject_19,inline_vs_block,delta_power_db_uv2,exploratory,-0.5343952289891121
lab_subject_19,early_vs_late,delta_power_db_uv2,exploratory,0.592212761620285
lab_subject_19,format_x_timing,delta_power_db_uv2,exploratory,-0.8690673030960561
lab_subject_2,any_ad_vs_no_ads,delta_power_db_uv2,exploratory,0.45508474185570336
lab_subject_2,inline_vs_block,delta_power_db_uv2,exploratory,-0.5961893454900302
lab_subject_2,early_vs_late,delta_power_db_uv2,exploratory,0.23514212799399026
lab_subject_2,format_x_timing,delta_power_db_uv2,exploratory,-0.14250443487284414
lab_subject_3,any_ad_vs_no_ads,delta_power_db_uv2,exploratory,-0.38673259803664095
lab_subject_3,inline_vs_block,delta_power_db_uv2,exploratory,0.04901546551307234
lab_subject_3,early_vs_late,delta_power_db_uv2,exploratory,-1.3825878845931143
lab_subject_3,format_x_timing,delta_power_db_uv2,exploratory,0.758830214199925
lab_subject_5,any_ad_vs_no_ads,delta_power_db_uv2,exploratory,-1.484418060600067
lab_subject_5,inline_vs_block,delta_power_db_uv2,exploratory,-0.5372525799294294
lab_subject_5,early_vs_late,delta_power_db_uv2,exploratory,1.067085039384434
lab_subject_5,format_x_timing,delta_power_db_uv2,exploratory,2.08427339722785
lab_subject_6,any_ad_vs_no_ads,delta_power_db_uv2,exploratory,0.9997637874526646
lab_subject_6,inline_vs_block,delta_power_db_uv2,exploratory,1.2971486091977233
lab_subject_6,early_vs_late,delta_power_db_uv2,exploratory,-1.1179933330549225
lab_subject_6,format_x_timing,delta_power_db_uv2,exploratory,-3.157494733641796
lab_subject_7,any_ad_vs_no_ads,delta_power_db_uv2,exploratory,-1.4262765960036656
lab_subject_7,inline_vs_block,delta_power_db_uv2,exploratory,-0.7054250033037182
lab_subject_7,early_vs_late,delta_power_db_uv2,exploratory,-0.8453777568442096
lab_subject_7,format_x_timing,delta_power_db_uv2,exploratory,-1.2128666326140607
lab_subject_8,any_ad_vs_no_ads,delta_power_db_uv2,exploratory,-0.25111243991718624
lab_subject_8,inline_vs_block,delta_power_db_uv2,exploratory,-0.34683857038851684
lab_subject_8,early_vs_late,delta_power_db_uv2,exploratory,-0.1852427216859951
lab_subject_8,format_x_timing,delta_power_db_uv2,exploratory,-0.7968735634201352
lab_subject_9,any_ad_vs_no_ads,delta_power_db_uv2,exploratory,-0.09036145013346442
lab_subject_9,inline_vs_block,delta_power_db_uv2,exploratory,1.0106736485187966
lab_subject_9,early_vs_late,delta_power_db_uv2,exploratory,-0.062355374499013294
lab_subject_9,format_x_timing,delta_power_db_uv2,exploratory,-1.3263715120642061
lab_subject_1,any_ad_vs_no_ads,gamma_power_db_uv2,exploratory,0.5907311237821844
lab_subject_1,inline_vs_block,gamma_power_db_uv2,exploratory,-1.1957033489936766
lab_subject_1,early_vs_late,gamma_power_db_uv2,exploratory,-0.3610070236508598
lab_subject_1,format_x_timing,gamma_power_db_uv2,exploratory,2.3591078585475547
lab_subject_10,any_ad_vs_no_ads,gamma_power_db_uv2,exploratory,1.0267930887935277
lab_subject_10,inline_vs_block,gamma_power_db_uv2,exploratory,1.5452871125019705
lab_subject_10,early_vs_late,gamma_power_db_uv2,exploratory,0.2047907313576549
lab_subject_10,format_x_timing,gamma_power_db_uv2,exploratory,-2.5319148474595408
lab_subject_11,any_ad_vs_no_ads,gamma_power_db_uv2,exploratory,0.4213600937123308
lab_subject_11,inline_vs_block,gamma_power_db_uv2,exploratory,-1.0360484533814192
lab_subject_11,early_vs_late,gamma_power_db_uv2,exploratory,-1.4048350156226057
lab_subject_11,format_x_timing,gamma_power_db_uv2,exploratory,4.255074346472005
lab_subject_12,any_ad_vs_no_ads,gamma_power_db_uv2,exploratory,-0.36587653602059306
lab_subject_12,inline_vs_block,gamma_power_db_uv2,exploratory,-0.19820864096741386
lab_subject_12,early_vs_late,gamma_power_db_uv2,exploratory,0.29072620191211
lab_subject_12,format_x_timing,gamma_power_db_uv2,exploratory,0.003257134644010451
lab_subject_13,any_ad_vs_no_ads,gamma_power_db_uv2,exploratory,0.568748335312455
lab_subject_13,inline_vs_block,gamma_power_db_uv2,exploratory,-0.30183516387702847
lab_subject_13,early_vs_late,gamma_power_db_uv2,exploratory,-1.4800590287581452
lab_subject_13,format_x_timing,gamma_power_db_uv2,exploratory,0.035686913781083796
lab_subject_14,any_ad_vs_no_ads,gamma_power_db_uv2,exploratory,0.5799884452123516
lab_subject_14,inline_vs_block,gamma_power_db_uv2,exploratory,0.33696347509432023
lab_subject_14,early_vs_late,gamma_power_db_uv2,exploratory,0.45548850828170107
lab_subject_14,format_x_timing,gamma_power_db_uv2,exploratory,-3.908836981404641
lab_subject_15,any_ad_vs_no_ads,gamma_power_db_uv2,exploratory,0.5432513455314125
lab_subject_15,inline_vs_block,gamma_power_db_uv2,exploratory,-0.08662127905596906
lab_subject_15,early_vs_late,gamma_power_db_uv2,exploratory,0.02580584389152074
lab_subject_15,format_x_timing,gamma_power_db_uv2,exploratory,0.49458446316507976
lab_subject_16,any_ad_vs_no_ads,gamma_power_db_uv2,exploratory,1.3844825063404436
lab_subject_16,inline_vs_block,gamma_power_db_uv2,exploratory,0.3425048065100773
lab_subject_16,early_vs_late,gamma_power_db_uv2,exploratory,0.6633576900103604
lab_subject_16,format_x_timing,gamma_power_db_uv2,exploratory,-1.387107458101787
lab_subject_17,any_ad_vs_no_ads,gamma_power_db_uv2,exploratory,-1.4745338020206677
lab_subject_17,inline_vs_block,gamma_power_db_uv2,exploratory,-1.4911372637709341
lab_subject_17,early_vs_late,gamma_power_db_uv2,exploratory,-0.051947764200398705
lab_subject_17,format_x_timing,gamma_power_db_uv2,exploratory,-5.261007395773808
lab_subject_18,any_ad_vs_no_ads,gamma_power_db_uv2,exploratory,-2.2312970670800034
lab_subject_18,inline_vs_block,gamma_power_db_uv2,exploratory,1.584320042892831
lab_subject_18,early_vs_late,gamma_power_db_uv2,exploratory,-1.0507829732017089
lab_subject_18,format_x_timing,gamma_power_db_uv2,exploratory,-0.22794409439892638
lab_subject_19,any_ad_vs_no_ads,gamma_power_db_uv2,exploratory,-1.4472868861936405
lab_subject_19,inline_vs_block,gamma_power_db_uv2,exploratory,0.9074493144954435
lab_subject_19,early_vs_late,gamma_power_db_uv2,exploratory,0.43179069358139444
lab_subject_19,format_x_timing,gamma_power_db_uv2,exploratory,0.9426051287195942
lab_subject_2,any_ad_vs_no_ads,gamma_power_db_uv2,exploratory,-1.596630742549788
lab_subject_2,inline_vs_block,gamma_power_db_uv2,exploratory,-0.1850609314728935
lab_subject_2,early_vs_late,gamma_power_db_uv2,exploratory,0.399420152864824
lab_subject_2,format_x_timing,gamma_power_db_uv2,exploratory,9.630269566275185
lab_subject_3,any_ad_vs_no_ads,gamma_power_db_uv2,exploratory,-0.026312750943641383
lab_subject_3,inline_vs_block,gamma_power_db_uv2,exploratory,0.2049584083575029
lab_subject_3,early_vs_late,gamma_power_db_uv2,exploratory,-0.5950304626606879
lab_subject_3,format_x_timing,gamma_power_db_uv2,exploratory,0.31532549953453515
lab_subject_5,any_ad_vs_no_ads,gamma_power_db_uv2,exploratory,-0.46712200910908486
lab_subject_5,inline_vs_block,gamma_power_db_uv2,exploratory,-0.6254032786807908
lab_subject_5,early_vs_late,gamma_power_db_uv2,exploratory,0.831226164231472
lab_subject_5,format_x_timing,gamma_power_db_uv2,exploratory,0.6772051556197627
lab_subject_6,any_ad_vs_no_ads,gamma_power_db_uv2,exploratory,0.5244181956746033
lab_subject_6,inline_vs_block,gamma_power_db_uv2,exploratory,-0.22912663566959127
lab_subject_6,early_vs_late,gamma_power_db_uv2,exploratory,0.13901507822574546
lab_subject_6,format_x_timing,gamma_power_db_uv2,exploratory,-0.1523281718242831
lab_subject_7,any_ad_vs_no_ads,gamma_power_db_uv2,exploratory,-0.04299184024502578
lab_subject_7,inline_vs_block,gamma_power_db_uv2,exploratory,-0.14985269015656577
lab_subject_7,early_vs_late,gamma_power_db_uv2,exploratory,-1.4063392037721894
lab_subject_7,format_x_timing,gamma_power_db_uv2,exploratory,1.1268617161230639
lab_subject_8,any_ad_vs_no_ads,gamma_power_db_uv2,exploratory,0.22499989495820483
lab_subject_8,inline_vs_block,gamma_power_db_uv2,exploratory,-0.45030391095275824
lab_subject_8,early_vs_late,gamma_power_db_uv2,exploratory,0.1615533902119093
lab_subject_8,format_x_timing,gamma_power_db_uv2,exploratory,-0.35774879992806286
lab_subject_9,any_ad_vs_no_ads,gamma_power_db_uv2,exploratory,3.205117323502896
lab_subject_9,inline_vs_block,gamma_power_db_uv2,exploratory,0.9470828436925238
lab_subject_9,early_vs_late,gamma_power_db_uv2,exploratory,0.6383960942026512
lab_subject_9,format_x_timing,gamma_power_db_uv2,exploratory,-1.0873563238999573
lab_subject_1,any_ad_vs_no_ads,delta_relative_power,exploratory,-0.14214309909230416
lab_subject_1,inline_vs_block,delta_relative_power,exploratory,0.03895191815221333
lab_subject_1,early_vs_late,delta_relative_power,exploratory,0.013248298801943004
lab_subject_1,format_x_timing,delta_relative_power,exploratory,0.058773605119765704
lab_subject_10,any_ad_vs_no_ads,delta_relative_power,exploratory,0.05951241588528722
lab_subject_10,inline_vs_block,delta_relative_power,exploratory,-0.010089054316057888
lab_subject_10,early_vs_late,delta_relative_power,exploratory,-0.03808719657259663
lab_subject_10,format_x_timing,delta_relative_power,exploratory,-0.020050446944834932
lab_subject_11,any_ad_vs_no_ads,delta_relative_power,exploratory,-0.01635927106131352
lab_subject_11,inline_vs_block,delta_relative_power,exploratory,0.014859577569775406
lab_subject_11,early_vs_late,delta_relative_power,exploratory,0.0006954762234243628
lab_subject_11,format_x_timing,delta_relative_power,exploratory,-0.012442929199735442
lab_subject_12,any_ad_vs_no_ads,delta_relative_power,exploratory,0.05989445385554637
lab_subject_12,inline_vs_block,delta_relative_power,exploratory,-0.020268729908118455
lab_subject_12,early_vs_late,delta_relative_power,exploratory,-0.014464606245538247
lab_subject_12,format_x_timing,delta_relative_power,exploratory,-0.0873547338177173
lab_subject_13,any_ad_vs_no_ads,delta_relative_power,exploratory,0.042826791508869144
lab_subject_13,inline_vs_block,delta_relative_power,exploratory,-0.05543121443633303
lab_subject_13,early_vs_late,delta_relative_power,exploratory,0.02613106480948646
lab_subject_13,format_x_timing,delta_relative_power,exploratory,0.0807961638125082
lab_subject_14,any_ad_vs_no_ads,delta_relative_power,exploratory,0.07644088396140836
lab_subject_14,inline_vs_block,delta_relative_power,exploratory,-0.0031932899061657416
lab_subject_14,early_vs_late,delta_relative_power,exploratory,-0.003026966644358975
lab_subject_14,format_x_timing,delta_relative_power,exploratory,-0.04256420158630114
lab_subject_15,any_ad_vs_no_ads,delta_relative_power,exploratory,-0.015132593739421218
lab_subject_15,inline_vs_block,delta_relative_power,exploratory,-0.017133116562643047
lab_subject_15,early_vs_late,delta_relative_power,exploratory,-0.018769565253661802
lab_subject_15,format_x_timing,delta_relative_power,exploratory,-0.08800209492794964
lab_subject_16,any_ad_vs_no_ads,delta_relative_power,exploratory,0.0923704322555895
lab_subject_16,inline_vs_block,delta_relative_power,exploratory,-0.017426338220953186
lab_subject_16,early_vs_late,delta_relative_power,exploratory,-0.01950209208425202
lab_subject_16,format_x_timing,delta_relative_power,exploratory,0.029074965210189152
lab_subject_17,any_ad_vs_no_ads,delta_relative_power,exploratory,-0.07884787253602787
lab_subject_17,inline_vs_block,delta_relative_power,exploratory,-0.012300624335971122
lab_subject_17,early_vs_late,delta_relative_power,exploratory,-0.023300119061550384
lab_subject_17,format_x_timing,delta_relative_power,exploratory,0.03969025906360413
lab_subject_18,any_ad_vs_no_ads,delta_relative_power,exploratory,-0.012687093013731277
lab_subject_18,inline_vs_block,delta_relative_power,exploratory,-0.06199946443217852
lab_subject_18,early_vs_late,delta_relative_power,exploratory,0.03420680340866267
lab_subject_18,format_x_timing,delta_relative_power,exploratory,-0.13818174153920015
lab_subject_19,any_ad_vs_no_ads,delta_relative_power,exploratory,0.003721968294096878
lab_subject_19,inline_vs_block,delta_relative_power,exploratory,-0.0024136258413789413
lab_subject_19,early_vs_late,delta_relative_power,exploratory,0.020207824216177284
lab_subject_19,format_x_timing,delta_relative_power,exploratory,-0.0226602916333577
lab_subject_2,any_ad_vs_no_ads,delta_relative_power,exploratory,0.02520304936870299
lab_subject_2,inline_vs_block,delta_relative_power,exploratory,-0.023110579572573897
lab_subject_2,early_vs_late,delta_relative_power,exploratory,0.042290976852354945
lab_subject_2,format_x_timing,delta_relative_power,exploratory,-0.044848145562619846
lab_subject_3,any_ad_vs_no_ads,delta_relative_power,exploratory,-0.011126456640902616
lab_subject_3,inline_vs_block,delta_relative_power,exploratory,-0.004672136508858116
lab_subject_3,early_vs_late,delta_relative_power,exploratory,-0.04937634389364576
lab_subject_3,format_x_timing,delta_relative_power,exploratory,0.029081339182478017
lab_subject_5,any_ad_vs_no_ads,delta_relative_power,exploratory,-0.045821771582695625
lab_subject_5,inline_vs_block,delta_relative_power,exploratory,-0.035797277162709085
lab_subject_5,early_vs_late,delta_relative_power,exploratory,0.04220011146842384
lab_subject_5,format_x_timing,delta_relative_power,exploratory,0.07153129070742636
lab_subject_6,any_ad_vs_no_ads,delta_relative_power,exploratory,0.05115759892828653
lab_subject_6,inline_vs_block,delta_relative_power,exploratory,0.04354060695703099
lab_subject_6,early_vs_late,delta_relative_power,exploratory,-0.026086983236954686
lab_subject_6,format_x_timing,delta_relative_power,exploratory,-0.17816481236416376
lab_subject_7,any_ad_vs_no_ads,delta_relative_power,exploratory,-0.037968105688467535
lab_subject_7,inline_vs_block,delta_relative_power,exploratory,0.022846710196145814
lab_subject_7,early_vs_late,delta_relative_power,exploratory,0.03405840255972192
lab_subject_7,format_x_timing,delta_relative_power,exploratory,-0.01845344830236606
lab_subject_8,any_ad_vs_no_ads,delta_relative_power,exploratory,0.0038860915932257267
lab_subject_8,inline_vs_block,delta_relative_power,exploratory,-0.004264069059611741
lab_subject_8,early_vs_late,delta_relative_power,exploratory,-0.03291434245561753
lab_subject_8,format_x_timing,delta_relative_power,exploratory,-0.015064534912619387
lab_subject_9,any_ad_vs_no_ads,delta_relative_power,exploratory,-0.06499653648680492
lab_subject_9,inline_vs_block,delta_relative_power,exploratory,-0.009803261362804516
lab_subject_9,early_vs_late,delta_relative_power,exploratory,-0.011588795753540548
lab_subject_9,format_x_timing,delta_relative_power,exploratory,-0.1028172665606577
lab_subject_1,any_ad_vs_no_ads,theta_relative_power,exploratory,-0.015573164313438859
lab_subject_1,inline_vs_block,theta_relative_power,exploratory,0.0038178451334094504
lab_subject_1,early_vs_late,theta_relative_power,exploratory,0.0004018161042559226
lab_subject_1,format_x_timing,theta_relative_power,exploratory,-6.919083064381437e-05
lab_subject_10,any_ad_vs_no_ads,theta_relative_power,exploratory,-0.013746302803523763
lab_subject_10,inline_vs_block,theta_relative_power,exploratory,-0.0049850672734995105
lab_subject_10,early_vs_late,theta_relative_power,exploratory,-0.003326649171737084
lab_subject_10,format_x_timing,theta_relative_power,exploratory,0.007670421235349334
lab_subject_11,any_ad_vs_no_ads,theta_relative_power,exploratory,0.006854233890332906
lab_subject_11,inline_vs_block,theta_relative_power,exploratory,0.009119651756966524
lab_subject_11,early_vs_late,theta_relative_power,exploratory,0.0001138807527941571
lab_subject_11,format_x_timing,theta_relative_power,exploratory,-0.008536370311312949
lab_subject_12,any_ad_vs_no_ads,theta_relative_power,exploratory,-0.014214568596082305
lab_subject_12,inline_vs_block,theta_relative_power,exploratory,-0.001638058342584292
lab_subject_12,early_vs_late,theta_relative_power,exploratory,0.0008012910795777706
lab_subject_12,format_x_timing,theta_relative_power,exploratory,0.016370061954263534
lab_subject_13,any_ad_vs_no_ads,theta_relative_power,exploratory,-0.014596606588941255
lab_subject_13,inline_vs_block,theta_relative_power,exploratory,0.016670310764330794
lab_subject_13,early_vs_late,theta_relative_power,exploratory,-0.0008037684679264717
lab_subject_13,format_x_timing,theta_relative_power,exploratory,-0.021132554731690276
lab_subject_14,any_ad_vs_no_ads,theta_relative_power,exploratory,-0.003174569074949278
lab_subject_14,inline_vs_block,theta_relative_power,exploratory,-0.0003198414647715697
lab_subject_14,early_vs_late,theta_relative_power,exploratory,-0.008670383593279964
lab_subject_14,format_x_timing,theta_relative_power,exploratory,-0.006845152074355577
lab_subject_15,any_ad_vs_no_ads,theta_relative_power,exploratory,0.003987740096255514
lab_subject_15,inline_vs_block,theta_relative_power,exploratory,0.0004244294874330701
lab_subject_15,early_vs_late,theta_relative_power,exploratory,0.006269134976762486
lab_subject_15,format_x_timing,theta_relative_power,exploratory,0.030491072346574374
lab_subject_16,any_ad_vs_no_ads,theta_relative_power,exploratory,-0.0043941391278157355
lab_subject_16,inline_vs_block,theta_relative_power,exploratory,0.002822944734123062
lab_subject_16,early_vs_late,theta_relative_power,exploratory,-0.0024975497476599426
lab_subject_16,format_x_timing,theta_relative_power,exploratory,-0.007636872916977205
lab_subject_17,any_ad_vs_no_ads,theta_relative_power,exploratory,0.00455797879423922
lab_subject_17,inline_vs_block,theta_relative_power,exploratory,0.0011004173313065857
lab_subject_17,early_vs_late,theta_relative_power,exploratory,-0.00642267851850889
lab_subject_17,format_x_timing,theta_relative_power,exploratory,-0.00048583967188076116
lab_subject_18,any_ad_vs_no_ads,theta_relative_power,exploratory,0.0045225067483632975
lab_subject_18,inline_vs_block,theta_relative_power,exploratory,-0.007782333419942319
lab_subject_18,early_vs_late,theta_relative_power,exploratory,-0.02848012007354482
lab_subject_18,format_x_timing,theta_relative_power,exploratory,0.025190495484158665
lab_subject_19,any_ad_vs_no_ads,theta_relative_power,exploratory,0.0044134702015513755
lab_subject_19,inline_vs_block,theta_relative_power,exploratory,-0.001354599908852533
lab_subject_19,early_vs_late,theta_relative_power,exploratory,-0.004639361507817116
lab_subject_19,format_x_timing,theta_relative_power,exploratory,0.004037494535155103
lab_subject_2,any_ad_vs_no_ads,theta_relative_power,exploratory,-0.015027187172535997
lab_subject_2,inline_vs_block,theta_relative_power,exploratory,0.004894681517436911
lab_subject_2,early_vs_late,theta_relative_power,exploratory,-0.003432113187685576
lab_subject_2,format_x_timing,theta_relative_power,exploratory,-0.012206529907552069
lab_subject_3,any_ad_vs_no_ads,theta_relative_power,exploratory,0.006693848969631877
lab_subject_3,inline_vs_block,theta_relative_power,exploratory,-0.00037595180637348125
lab_subject_3,early_vs_late,theta_relative_power,exploratory,0.011049291571219727
lab_subject_3,format_x_timing,theta_relative_power,exploratory,-0.005718698162497898
lab_subject_5,any_ad_vs_no_ads,theta_relative_power,exploratory,0.011220798020121645
lab_subject_5,inline_vs_block,theta_relative_power,exploratory,0.0005003155998497127
lab_subject_5,early_vs_late,theta_relative_power,exploratory,-0.00643132898540473
lab_subject_5,format_x_timing,theta_relative_power,exploratory,-0.018828944334123215
lab_subject_6,any_ad_vs_no_ads,theta_relative_power,exploratory,-0.011694761846767376
lab_subject_6,inline_vs_block,theta_relative_power,exploratory,-0.01834398415168334
lab_subject_6,early_vs_late,theta_relative_power,exploratory,0.014868596029585776
lab_subject_6,format_x_timing,theta_relative_power,exploratory,0.025845590854812223
lab_subject_7,any_ad_vs_no_ads,theta_relative_power,exploratory,-0.0013739775332999582
lab_subject_7,inline_vs_block,theta_relative_power,exploratory,0.007024760683549375
lab_subject_7,early_vs_late,theta_relative_power,exploratory,-0.0022425213670696775
lab_subject_7,format_x_timing,theta_relative_power,exploratory,0.01730755446451522
lab_subject_8,any_ad_vs_no_ads,theta_relative_power,exploratory,-0.006107164857049624
lab_subject_8,inline_vs_block,theta_relative_power,exploratory,0.01407846914051375
lab_subject_8,early_vs_late,theta_relative_power,exploratory,0.0017746068746921084
lab_subject_8,format_x_timing,theta_relative_power,exploratory,0.014669902589518044
lab_subject_9,any_ad_vs_no_ads,theta_relative_power,exploratory,-0.007750253501275638
lab_subject_9,inline_vs_block,theta_relative_power,exploratory,-0.00796709958044027
lab_subject_9,early_vs_late,theta_relative_power,exploratory,0.0004578817335708363
lab_subject_9,format_x_timing,theta_relative_power,exploratory,0.0009824871779901267
lab_subject_1,any_ad_vs_no_ads,alpha_relative_power,exploratory,0.009915195012646816
lab_subject_1,inline_vs_block,alpha_relative_power,exploratory,-0.002654080700481093
lab_subject_1,early_vs_late,alpha_relative_power,exploratory,0.005249700486453152
lab_subject_1,format_x_timing,alpha_relative_power,exploratory,-0.012370827732491638
lab_subject_10,any_ad_vs_no_ads,alpha_relative_power,exploratory,-0.01995226627756752
lab_subject_10,inline_vs_block,alpha_relative_power,exploratory,-0.014551145061671045
lab_subject_10,early_vs_late,alpha_relative_power,exploratory,0.008859336180584487
lab_subject_10,format_x_timing,alpha_relative_power,exploratory,0.03126360904921993
lab_subject_11,any_ad_vs_no_ads,alpha_relative_power,exploratory,-0.013428221803090806
lab_subject_11,inline_vs_block,alpha_relative_power,exploratory,0.01839519952655394
lab_subject_11,early_vs_late,alpha_relative_power,exploratory,-0.0005893335042223558
lab_subject_11,format_x_timing,alpha_relative_power,exploratory,-0.06701518486346067
lab_subject_12,any_ad_vs_no_ads,alpha_relative_power,exploratory,0.008387809262197343
lab_subject_12,inline_vs_block,alpha_relative_power,exploratory,-0.0034315122776644724
lab_subject_12,early_vs_late,alpha_relative_power,exploratory,0.0016439136179928204
lab_subject_12,format_x_timing,alpha_relative_power,exploratory,-0.00203503631915819
lab_subject_13,any_ad_vs_no_ads,alpha_relative_power,exploratory,-0.007572192092507861
lab_subject_13,inline_vs_block,alpha_relative_power,exploratory,0.028498285356260852
lab_subject_13,early_vs_late,alpha_relative_power,exploratory,-0.009734635725608044
lab_subject_13,format_x_timing,alpha_relative_power,exploratory,-0.04542873678715465
lab_subject_14,any_ad_vs_no_ads,alpha_relative_power,exploratory,-0.010377084294880233
lab_subject_14,inline_vs_block,alpha_relative_power,exploratory,-0.01215223085886065
lab_subject_14,early_vs_late,alpha_relative_power,exploratory,-0.015831047948777308
lab_subject_14,format_x_timing,alpha_relative_power,exploratory,-0.05808573218918676
lab_subject_15,any_ad_vs_no_ads,alpha_relative_power,exploratory,0.016360530284312072
lab_subject_15,inline_vs_block,alpha_relative_power,exploratory,0.001231526600744881
lab_subject_15,early_vs_late,alpha_relative_power,exploratory,0.008665106098830824
lab_subject_15,format_x_timing,alpha_relative_power,exploratory,0.05706027849936797
lab_subject_16,any_ad_vs_no_ads,alpha_relative_power,exploratory,0.007351500053643878
lab_subject_16,inline_vs_block,alpha_relative_power,exploratory,0.0030503893237773805
lab_subject_16,early_vs_late,alpha_relative_power,exploratory,3.26964773156857e-05
lab_subject_16,format_x_timing,alpha_relative_power,exploratory,-0.01682247325836206
lab_subject_17,any_ad_vs_no_ads,alpha_relative_power,exploratory,0.010405201964089061
lab_subject_17,inline_vs_block,alpha_relative_power,exploratory,-0.007785389029787065
lab_subject_17,early_vs_late,alpha_relative_power,exploratory,-0.0021097271479529056
lab_subject_17,format_x_timing,alpha_relative_power,exploratory,-0.005743617077187818
lab_subject_18,any_ad_vs_no_ads,alpha_relative_power,exploratory,0.012309900783253086
lab_subject_18,inline_vs_block,alpha_relative_power,exploratory,0.0013732134425993164
lab_subject_18,early_vs_late,alpha_relative_power,exploratory,0.0015366742076566298
lab_subject_18,format_x_timing,alpha_relative_power,exploratory,0.004321614188011871
lab_subject_19,any_ad_vs_no_ads,alpha_relative_power,exploratory,-0.005233091511647067
lab_subject_19,inline_vs_block,alpha_relative_power,exploratory,-0.004642412656654354
lab_subject_19,early_vs_late,alpha_relative_power,exploratory,0.0020441075963391064
lab_subject_19,format_x_timing,alpha_relative_power,exploratory,0.0069348266011016735
lab_subject_2,any_ad_vs_no_ads,alpha_relative_power,exploratory,0.004689426459294793
lab_subject_2,inline_vs_block,alpha_relative_power,exploratory,0.002443772591878876
lab_subject_2,early_vs_late,alpha_relative_power,exploratory,-0.005497968148974602
lab_subject_2,format_x_timing,alpha_relative_power,exploratory,-0.004735477766214163
lab_subject_3,any_ad_vs_no_ads,alpha_relative_power,exploratory,-0.010473124987271126
lab_subject_3,inline_vs_block,alpha_relative_power,exploratory,0.01048468523643259
lab_subject_3,early_vs_late,alpha_relative_power,exploratory,0.0033944925060469255
lab_subject_3,format_x_timing,alpha_relative_power,exploratory,0.00047469222525739485
lab_subject_5,any_ad_vs_no_ads,alpha_relative_power,exploratory,0.02988945092828904
lab_subject_5,inline_vs_block,alpha_relative_power,exploratory,-0.00493131384245335
lab_subject_5,early_vs_late,alpha_relative_power,exploratory,-0.01443785365254567
lab_subject_5,format_x_timing,alpha_relative_power,exploratory,-0.024132794801844215
lab_subject_6,any_ad_vs_no_ads,alpha_relative_power,exploratory,0.0010055058730418232
lab_subject_6,inline_vs_block,alpha_relative_power,exploratory,0.0035469730280792977
lab_subject_6,early_vs_late,alpha_relative_power,exploratory,-0.0008353521598704894
lab_subject_6,format_x_timing,alpha_relative_power,exploratory,-0.0018888428270750768
lab_subject_7,any_ad_vs_no_ads,alpha_relative_power,exploratory,0.012780641915212887
lab_subject_7,inline_vs_block,alpha_relative_power,exploratory,-0.003743230324611657
lab_subject_7,early_vs_late,alpha_relative_power,exploratory,-0.0003935988717294614
lab_subject_7,format_x_timing,alpha_relative_power,exploratory,-0.0016793203629856257
lab_subject_8,any_ad_vs_no_ads,alpha_relative_power,exploratory,-0.008792660719287582
lab_subject_8,inline_vs_block,alpha_relative_power,exploratory,0.010742838090331774
lab_subject_8,early_vs_late,alpha_relative_power,exploratory,0.0009554264300563747
lab_subject_8,format_x_timing,alpha_relative_power,exploratory,0.0252234081015104
lab_subject_9,any_ad_vs_no_ads,alpha_relative_power,exploratory,-0.01677184365446502
lab_subject_9,inline_vs_block,alpha_relative_power,exploratory,-0.013173920401299347
lab_subject_9,early_vs_late,alpha_relative_power,exploratory,0.002300700232816824
lab_subject_9,format_x_timing,alpha_relative_power,exploratory,0.026601377771089535
lab_subject_1,any_ad_vs_no_ads,beta_relative_power,exploratory,0.12030139290705896
lab_subject_1,inline_vs_block,beta_relative_power,exploratory,-0.02724226722016798
lab_subject_1,early_vs_late,beta_relative_power,exploratory,-9.86310444210936e-05
lab_subject_1,format_x_timing,beta_relative_power,exploratory,-0.07892790484750167
lab_subject_10,any_ad_vs_no_ads,beta_relative_power,exploratory,-0.016431855666448864
lab_subject_10,inline_vs_block,beta_relative_power,exploratory,0.0029552287529580265
lab_subject_10,early_vs_late,beta_relative_power,exploratory,0.00990225875314197
lab_subject_10,format_x_timing,beta_relative_power,exploratory,0.004262668449674101
lab_subject_11,any_ad_vs_no_ads,beta_relative_power,exploratory,0.010189955328104544
lab_subject_11,inline_vs_block,beta_relative_power,exploratory,-0.0023269698260901805
lab_subject_11,early_vs_late,beta_relative_power,exploratory,-0.01924509921951767
lab_subject_11,format_x_timing,beta_relative_power,exploratory,0.01267955549016797
lab_subject_12,any_ad_vs_no_ads,beta_relative_power,exploratory,-0.02788079734503371
lab_subject_12,inline_vs_block,beta_relative_power,exploratory,0.007219005430176589
lab_subject_12,early_vs_late,beta_relative_power,exploratory,-0.004609797011331407
lab_subject_12,format_x_timing,beta_relative_power,exploratory,0.008215816545601856
lab_subject_13,any_ad_vs_no_ads,beta_relative_power,exploratory,-0.012803169551913858
lab_subject_13,inline_vs_block,beta_relative_power,exploratory,0.03275710898704904
lab_subject_13,early_vs_late,beta_relative_power,exploratory,-0.020462404282598726
lab_subject_13,format_x_timing,beta_relative_power,exploratory,-0.06431102920168845
lab_subject_14,any_ad_vs_no_ads,beta_relative_power,exploratory,-0.0354170600446293
lab_subject_14,inline_vs_block,beta_relative_power,exploratory,-0.012670912184660418
lab_subject_14,early_vs_late,beta_relative_power,exploratory,0.005595625722851105
lab_subject_14,format_x_timing,beta_relative_power,exploratory,-0.00026628110846008135
lab_subject_15,any_ad_vs_no_ads,beta_relative_power,exploratory,0.017546409221621068
lab_subject_15,inline_vs_block,beta_relative_power,exploratory,0.009228836527969797
lab_subject_15,early_vs_late,beta_relative_power,exploratory,0.011155405465238105
lab_subject_15,format_x_timing,beta_relative_power,exploratory,0.07722644728186406
lab_subject_16,any_ad_vs_no_ads,beta_relative_power,exploratory,-0.028736599165856275
lab_subject_16,inline_vs_block,beta_relative_power,exploratory,0.015488069374867547
lab_subject_16,early_vs_late,beta_relative_power,exploratory,0.020228224262635347
lab_subject_16,format_x_timing,beta_relative_power,exploratory,-0.05094132511750961
lab_subject_17,any_ad_vs_no_ads,beta_relative_power,exploratory,0.023860511267139298
lab_subject_17,inline_vs_block,beta_relative_power,exploratory,0.004464309823873969
lab_subject_17,early_vs_late,beta_relative_power,exploratory,-0.00623325400555369
lab_subject_17,format_x_timing,beta_relative_power,exploratory,-0.01620480869494126
lab_subject_18,any_ad_vs_no_ads,beta_relative_power,exploratory,0.015746520107048245
lab_subject_18,inline_vs_block,beta_relative_power,exploratory,0.01984045422058517
lab_subject_18,early_vs_late,beta_relative_power,exploratory,-0.004756264314580594
lab_subject_18,format_x_timing,beta_relative_power,exploratory,0.026012678137545403
lab_subject_19,any_ad_vs_no_ads,beta_relative_power,exploratory,-0.002364653786409654
lab_subject_19,inline_vs_block,beta_relative_power,exploratory,0.016597124102456062
lab_subject_19,early_vs_late,beta_relative_power,exploratory,-0.0007854170380302838
lab_subject_19,format_x_timing,beta_relative_power,exploratory,0.004905004467071594
lab_subject_2,any_ad_vs_no_ads,beta_relative_power,exploratory,0.00040287830892402066
lab_subject_2,inline_vs_block,beta_relative_power,exploratory,-0.009964716790619554
lab_subject_2,early_vs_late,beta_relative_power,exploratory,-0.013850547458573115
lab_subject_2,format_x_timing,beta_relative_power,exploratory,-0.021488809523278446
lab_subject_3,any_ad_vs_no_ads,beta_relative_power,exploratory,0.012844687907884816
lab_subject_3,inline_vs_block,beta_relative_power,exploratory,0.026550483422994542
lab_subject_3,early_vs_late,beta_relative_power,exploratory,0.019924704192733456
lab_subject_3,format_x_timing,beta_relative_power,exploratory,-0.03659868081101103
lab_subject_5,any_ad_vs_no_ads,beta_relative_power,exploratory,0.018211584700976433
lab_subject_5,inline_vs_block,beta_relative_power,exploratory,0.0015136039685187397
lab_subject_5,early_vs_late,beta_relative_power,exploratory,-0.017388400233889253
lab_subject_5,format_x_timing,beta_relative_power,exploratory,-0.029929376841195454
lab_subject_6,any_ad_vs_no_ads,beta_relative_power,exploratory,-0.009814069148657789
lab_subject_6,inline_vs_block,beta_relative_power,exploratory,-0.008136245707225098
lab_subject_6,early_vs_late,beta_relative_power,exploratory,-0.004726284377333523
lab_subject_6,format_x_timing,beta_relative_power,exploratory,0.05727778516509677
lab_subject_7,any_ad_vs_no_ads,beta_relative_power,exploratory,-0.010254767513013241
lab_subject_7,inline_vs_block,beta_relative_power,exploratory,-0.04883588840332995
lab_subject_7,early_vs_late,beta_relative_power,exploratory,0.026252982210003606
lab_subject_7,format_x_timing,beta_relative_power,exploratory,-0.006880699895299519
lab_subject_8,any_ad_vs_no_ads,beta_relative_power,exploratory,0.002772787143470623
lab_subject_8,inline_vs_block,beta_relative_power,exploratory,0.0012966240488451741
lab_subject_8,early_vs_late,beta_relative_power,exploratory,0.012890174166971996
lab_subject_8,format_x_timing,beta_relative_power,exploratory,-0.007431332043212696
lab_subject_9,any_ad_vs_no_ads,beta_relative_power,exploratory,0.03155014208519599
lab_subject_9,inline_vs_block,beta_relative_power,exploratory,0.004363340447207015
lab_subject_9,early_vs_late,beta_relative_power,exploratory,0.04511010361286144
lab_subject_9,format_x_timing,beta_relative_power,exploratory,0.15250144764880671
lab_subject_1,any_ad_vs_no_ads,gamma_relative_power,exploratory,0.014719066331814981
lab_subject_1,inline_vs_block,gamma_relative_power,exploratory,-0.004784548827384036
lab_subject_1,early_vs_late,gamma_relative_power,exploratory,0.0003775820633710597
lab_subject_1,format_x_timing,gamma_relative_power,exploratory,0.0038566536129050893
lab_subject_10,any_ad_vs_no_ads,gamma_relative_power,exploratory,0.005099178014765851
lab_subject_10,inline_vs_block,gamma_relative_power,exploratory,0.006428086833136747
lab_subject_10,early_vs_late,gamma_relative_power,exploratory,-0.00035050875383315847
lab_subject_10,format_x_timing,gamma_relative_power,exploratory,-0.01238734129644126
lab_subject_11,any_ad_vs_no_ads,gamma_relative_power,exploratory,0.002322957183640475
lab_subject_11,inline_vs_block,gamma_relative_power,exploratory,-0.00691096479556794
lab_subject_11,early_vs_late,gamma_relative_power,exploratory,-0.009194047769184924
lab_subject_11,format_x_timing,gamma_relative_power,exploratory,0.026153175740529864
lab_subject_12,any_ad_vs_no_ads,gamma_relative_power,exploratory,-0.0024815098421709404
lab_subject_12,inline_vs_block,gamma_relative_power,exploratory,-0.001498275073178408
lab_subject_12,early_vs_late,gamma_relative_power,exploratory,0.0012465685422143671
lab_subject_12,format_x_timing,gamma_relative_power,exploratory,-0.0038994709128619236
lab_subject_13,any_ad_vs_no_ads,gamma_relative_power,exploratory,-0.0019914929972710757
lab_subject_13,inline_vs_block,gamma_relative_power,exploratory,0.01720858446163928
lab_subject_13,early_vs_late,gamma_relative_power,exploratory,-0.010791649180434862
lab_subject_13,format_x_timing,gamma_relative_power,exploratory,-0.0315924340648151
lab_subject_14,any_ad_vs_no_ads,gamma_relative_power,exploratory,-0.01647384725580814
lab_subject_14,inline_vs_block,gamma_relative_power,exploratory,-0.024071758526065815
lab_subject_14,early_vs_late,gamma_relative_power,exploratory,-0.02426199279769188
lab_subject_14,format_x_timing,gamma_relative_power,exploratory,-0.16747062691573572
lab_subject_15,any_ad_vs_no_ads,gamma_relative_power,exploratory,0.008276395443370669
lab_subject_15,inline_vs_block,gamma_relative_power,exploratory,-0.0036873525309808475
lab_subject_15,early_vs_late,gamma_relative_power,exploratory,0.0048867237767757365
lab_subject_15,format_x_timing,gamma_relative_power,exploratory,0.03549012483676614
lab_subject_16,any_ad_vs_no_ads,gamma_relative_power,exploratory,0.01790344114729467
lab_subject_16,inline_vs_block,gamma_relative_power,exploratory,0.017294026255131392
lab_subject_16,early_vs_late,gamma_relative_power,exploratory,0.011780536363579328
lab_subject_16,format_x_timing,gamma_relative_power,exploratory,-0.044529156646100174
lab_subject_17,any_ad_vs_no_ads,gamma_relative_power,exploratory,-0.003520294098780935
lab_subject_17,inline_vs_block,gamma_relative_power,exploratory,-0.014592125801643568
lab_subject_17,early_vs_late,gamma_relative_power,exploratory,0.0008115383887970229
lab_subject_17,format_x_timing,gamma_relative_power,exploratory,-0.05542605118482248
lab_subject_18,any_ad_vs_no_ads,gamma_relative_power,exploratory,-0.02632143867959972
lab_subject_18,inline_vs_block,gamma_relative_power,exploratory,0.011819142945242903
lab_subject_18,early_vs_late,gamma_relative_power,exploratory,-0.011519117173820023
lab_subject_18,format_x_timing,gamma_relative_power,exploratory,0.005886103037991995
lab_subject_19,any_ad_vs_no_ads,gamma_relative_power,exploratory,-0.006998860127994701
lab_subject_19,inline_vs_block,gamma_relative_power,exploratory,0.004161564180932189
lab_subject_19,early_vs_late,gamma_relative_power,exploratory,0.0011020769026741511
lab_subject_19,format_x_timing,gamma_relative_power,exploratory,0.0010046601568824039
lab_subject_2,any_ad_vs_no_ads,gamma_relative_power,exploratory,-0.03561104383168262
lab_subject_2,inline_vs_block,gamma_relative_power,exploratory,0.00436895082154648
lab_subject_2,early_vs_late,gamma_relative_power,exploratory,-0.004640051394823652
lab_subject_2,format_x_timing,gamma_relative_power,exploratory,0.2053165022129596
lab_subject_3,any_ad_vs_no_ads,gamma_relative_power,exploratory,0.00492785593429329
lab_subject_3,inline_vs_block,gamma_relative_power,exploratory,0.004866629952029633
lab_subject_3,early_vs_late,gamma_relative_power,exploratory,-0.0026141487009246345
lab_subject_3,format_x_timing,gamma_relative_power,exploratory,0.0016777357746490529
lab_subject_5,any_ad_vs_no_ads,gamma_relative_power,exploratory,0.005421449441554552
lab_subject_5,inline_vs_block,gamma_relative_power,exploratory,-0.0039011463819881714
lab_subject_5,early_vs_late,gamma_relative_power,exploratory,0.0016813519578054853
lab_subject_5,format_x_timing,gamma_relative_power,exploratory,0.0049601164391937305
lab_subject_6,any_ad_vs_no_ads,gamma_relative_power,exploratory,0.001979404067766751
lab_subject_6,inline_vs_block,gamma_relative_power,exploratory,-0.0007956959651919393
lab_subject_6,early_vs_late,gamma_relative_power,exploratory,0.0022641528214020004
lab_subject_6,format_x_timing,gamma_relative_power,exploratory,-0.00034790911520348605
lab_subject_7,any_ad_vs_no_ads,gamma_relative_power,exploratory,0.01710493445080445
lab_subject_7,inline_vs_block,gamma_relative_power,exploratory,-0.00992644243444174
lab_subject_7,early_vs_late,gamma_relative_power,exploratory,-0.003491645958957998
lab_subject_7,format_x_timing,gamma_relative_power,exploratory,0.003744534182974102
lab_subject_8,any_ad_vs_no_ads,gamma_relative_power,exploratory,0.0011669596970634785
lab_subject_8,inline_vs_block,gamma_relative_power,exploratory,-0.0014770996747439057
lab_subject_8,early_vs_late,gamma_relative_power,exploratory,-0.0001321294655807284
lab_subject_8,format_x_timing,gamma_relative_power,exploratory,-0.0009662419162294565
lab_subject_9,any_ad_vs_no_ads,gamma_relative_power,exploratory,0.0366846080441728
lab_subject_9,inline_vs_block,gamma_relative_power,exploratory,0.00746140203069709
lab_subject_9,early_vs_late,gamma_relative_power,exploratory,0.009696372361157696
lab_subject_9,format_x_timing,gamma_relative_power,exploratory,0.0005191686521395927
lab_subject_1,any_ad_vs_no_ads,engagement_beta_over_alpha_theta,exploratory,0.2386641441111178
lab_subject_1,inline_vs_block,engagement_beta_over_alpha_theta,exploratory,-0.018724949103819055
lab_subject_1,early_vs_late,engagement_beta_over_alpha_theta,exploratory,-0.010887694472203613
lab_subject_1,format_x_timing,engagement_beta_over_alpha_theta,exploratory,0.11562432458955274
lab_subject_10,any_ad_vs_no_ads,engagement_beta_over_alpha_theta,exploratory,-0.004093300293802615
lab_subject_10,inline_vs_block,engagement_beta_over_alpha_theta,exploratory,0.01794990311756206
lab_subject_10,early_vs_late,engagement_beta_over_alpha_theta,exploratory,0.013727502289015925
lab_subject_10,format_x_timing,engagement_beta_over_alpha_theta,exploratory,-0.04529949598338262
lab_subject_11,any_ad_vs_no_ads,engagement_beta_over_alpha_theta,exploratory,0.006778798155944843
lab_subject_11,inline_vs_block,engagement_beta_over_alpha_theta,exploratory,-0.058901657193143775
lab_subject_11,early_vs_late,engagement_beta_over_alpha_theta,exploratory,-0.11155770864355063
lab_subject_11,format_x_timing,engagement_beta_over_alpha_theta,exploratory,0.27651488282867
lab_subject_12,any_ad_vs_no_ads,engagement_beta_over_alpha_theta,exploratory,-0.03388603450018002
lab_subject_12,inline_vs_block,engagement_beta_over_alpha_theta,exploratory,0.01181199606297434
lab_subject_12,early_vs_late,engagement_beta_over_alpha_theta,exploratory,0.009260794349351453
lab_subject_12,format_x_timing,engagement_beta_over_alpha_theta,exploratory,-0.0018616094227257296
lab_subject_13,any_ad_vs_no_ads,engagement_beta_over_alpha_theta,exploratory,-0.029907422711640597
lab_subject_13,inline_vs_block,engagement_beta_over_alpha_theta,exploratory,0.05687327907877204
lab_subject_13,early_vs_late,engagement_beta_over_alpha_theta,exploratory,-0.06567607206197423
lab_subject_13,format_x_timing,engagement_beta_over_alpha_theta,exploratory,-0.11069261996884983
lab_subject_14,any_ad_vs_no_ads,engagement_beta_over_alpha_theta,exploratory,-0.06912698266647221
lab_subject_14,inline_vs_block,engagement_beta_over_alpha_theta,exploratory,-0.026287966556694187
lab_subject_14,early_vs_late,engagement_beta_over_alpha_theta,exploratory,0.11297535236251188
lab_subject_14,format_x_timing,engagement_beta_over_alpha_theta,exploratory,-0.08751604730921303
lab_subject_15,any_ad_vs_no_ads,engagement_beta_over_alpha_theta,exploratory,0.04473497556927247
lab_subject_15,inline_vs_block,engagement_beta_over_alpha_theta,exploratory,0.04298938144297293
lab_subject_15,early_vs_late,engagement_beta_over_alpha_theta,exploratory,-0.02248570782277115
lab_subject_15,format_x_timing,engagement_beta_over_alpha_theta,exploratory,-0.013620054752083222
lab_subject_16,any_ad_vs_no_ads,engagement_beta_over_alpha_theta,exploratory,-0.16294087733045193
lab_subject_16,inline_vs_block,engagement_beta_over_alpha_theta,exploratory,0.0719523009064944
lab_subject_16,early_vs_late,engagement_beta_over_alpha_theta,exploratory,0.22252023958474942
lab_subject_16,format_x_timing,engagement_beta_over_alpha_theta,exploratory,0.10275357891233772
lab_subject_17,any_ad_vs_no_ads,engagement_beta_over_alpha_theta,exploratory,0.05136217987344338
lab_subject_17,inline_vs_block,engagement_beta_over_alpha_theta,exploratory,-0.034285619674301326
lab_subject_17,early_vs_late,engagement_beta_over_alpha_theta,exploratory,0.08695815698541998
lab_subject_17,format_x_timing,engagement_beta_over_alpha_theta,exploratory,-0.17418591939665695
lab_subject_18,any_ad_vs_no_ads,engagement_beta_over_alpha_theta,exploratory,-0.1324671936199281
lab_subject_18,inline_vs_block,engagement_beta_over_alpha_theta,exploratory,0.12797642003795984
lab_subject_18,early_vs_late,engagement_beta_over_alpha_theta,exploratory,0.09033479350702134
lab_subject_18,format_x_timing,engagement_beta_over_alpha_theta,exploratory,0.11299701553825958
lab_subject_19,any_ad_vs_no_ads,engagement_beta_over_alpha_theta,exploratory,-0.0890150044607011
lab_subject_19,inline_vs_block,engagement_beta_over_alpha_theta,exploratory,0.012595010427458808
lab_subject_19,early_vs_late,engagement_beta_over_alpha_theta,exploratory,0.01309496663948917
lab_subject_19,format_x_timing,engagement_beta_over_alpha_theta,exploratory,0.003996192734908033
lab_subject_2,any_ad_vs_no_ads,engagement_beta_over_alpha_theta,exploratory,-0.01378539851753846
lab_subject_2,inline_vs_block,engagement_beta_over_alpha_theta,exploratory,-0.08858994124356279
lab_subject_2,early_vs_late,engagement_beta_over_alpha_theta,exploratory,0.018276754185385435
lab_subject_2,format_x_timing,engagement_beta_over_alpha_theta,exploratory,0.3287726972632953
lab_subject_3,any_ad_vs_no_ads,engagement_beta_over_alpha_theta,exploratory,7.927219906334049e-05
lab_subject_3,inline_vs_block,engagement_beta_over_alpha_theta,exploratory,0.06599438859937867
lab_subject_3,early_vs_late,engagement_beta_over_alpha_theta,exploratory,0.01216715812965985
lab_subject_3,format_x_timing,engagement_beta_over_alpha_theta,exploratory,-0.08318186640168135
lab_subject_5,any_ad_vs_no_ads,engagement_beta_over_alpha_theta,exploratory,-0.006762497111669874
lab_subject_5,inline_vs_block,engagement_beta_over_alpha_theta,exploratory,0.04701801630274216
lab_subject_5,early_vs_late,engagement_beta_over_alpha_theta,exploratory,-0.06441604532702316
lab_subject_5,format_x_timing,engagement_beta_over_alpha_theta,exploratory,0.04540580862528443
lab_subject_6,any_ad_vs_no_ads,engagement_beta_over_alpha_theta,exploratory,0.0030143131586779504
lab_subject_6,inline_vs_block,engagement_beta_over_alpha_theta,exploratory,-0.011405923068442014
lab_subject_6,early_vs_late,engagement_beta_over_alpha_theta,exploratory,-0.0029508450231758854
lab_subject_6,format_x_timing,engagement_beta_over_alpha_theta,exploratory,-0.04062001992279596
lab_subject_7,any_ad_vs_no_ads,engagement_beta_over_alpha_theta,exploratory,0.08467934883869188
lab_subject_7,inline_vs_block,engagement_beta_over_alpha_theta,exploratory,-0.2504785300043051
lab_subject_7,early_vs_late,engagement_beta_over_alpha_theta,exploratory,-0.018788408483304764
lab_subject_7,format_x_timing,engagement_beta_over_alpha_theta,exploratory,-0.3400164794363887
lab_subject_8,any_ad_vs_no_ads,engagement_beta_over_alpha_theta,exploratory,0.07184643929459422
lab_subject_8,inline_vs_block,engagement_beta_over_alpha_theta,exploratory,-0.04536472354395871
lab_subject_8,early_vs_late,engagement_beta_over_alpha_theta,exploratory,0.07947056555840093
lab_subject_8,format_x_timing,engagement_beta_over_alpha_theta,exploratory,-0.2062720605041255
lab_subject_9,any_ad_vs_no_ads,engagement_beta_over_alpha_theta,exploratory,0.2653167671767003
lab_subject_9,inline_vs_block,engagement_beta_over_alpha_theta,exploratory,0.09487597263831016
lab_subject_9,early_vs_late,engagement_beta_over_alpha_theta,exploratory,0.0921620218753495
lab_subject_9,format_x_timing,engagement_beta_over_alpha_theta,exploratory,0.17190517009491402
lab_subject_1,any_ad_vs_no_ads,engagement_pope_frontocentral_beta_over_alpha_theta,exploratory,0.425977343141951
lab_subject_1,inline_vs_block,engagement_pope_frontocentral_beta_over_alpha_theta,exploratory,-0.08711848678329948
lab_subject_1,early_vs_late,engagement_pope_frontocentral_beta_over_alpha_theta,exploratory,-0.007334641402798381
lab_subject_1,format_x_timing,engagement_pope_frontocentral_beta_over_alpha_theta,exploratory,-0.15785524254640992
lab_subject_10,any_ad_vs_no_ads,engagement_pope_frontocentral_beta_over_alpha_theta,exploratory,-0.005012586042620892
lab_subject_10,inline_vs_block,engagement_pope_frontocentral_beta_over_alpha_theta,exploratory,0.00687215607330835
lab_subject_10,early_vs_late,engagement_pope_frontocentral_beta_over_alpha_theta,exploratory,0.0062773630557292626
lab_subject_10,format_x_timing,engagement_pope_frontocentral_beta_over_alpha_theta,exploratory,-0.05077018604749037
lab_subject_11,any_ad_vs_no_ads,engagement_pope_frontocentral_beta_over_alpha_theta,exploratory,-0.003252477808657561
lab_subject_11,inline_vs_block,engagement_pope_frontocentral_beta_over_alpha_theta,exploratory,-0.013892680546177982
lab_subject_11,early_vs_late,engagement_pope_frontocentral_beta_over_alpha_theta,exploratory,-0.06310132700785076
lab_subject_11,format_x_timing,engagement_pope_frontocentral_beta_over_alpha_theta,exploratory,0.13147575176655335
lab_subject_12,any_ad_vs_no_ads,engagement_pope_frontocentral_beta_over_alpha_theta,exploratory,-0.03998945604593329
lab_subject_12,inline_vs_block,engagement_pope_frontocentral_beta_over_alpha_theta,exploratory,0.053678876893571315
lab_subject_12,early_vs_late,engagement_pope_frontocentral_beta_over_alpha_theta,exploratory,-0.057032534168686255
lab_subject_12,format_x_timing,engagement_pope_frontocentral_beta_over_alpha_theta,exploratory,0.04616886589409863
lab_subject_13,any_ad_vs_no_ads,engagement_pope_frontocentral_beta_over_alpha_theta,exploratory,-0.06405008784538635
lab_subject_13,inline_vs_block,engagement_pope_frontocentral_beta_over_alpha_theta,exploratory,0.049595729133625754
lab_subject_13,early_vs_late,engagement_pope_frontocentral_beta_over_alpha_theta,exploratory,-0.05414667960143982
lab_subject_13,format_x_timing,engagement_pope_frontocentral_beta_over_alpha_theta,exploratory,-0.11814624990331929
lab_subject_14,any_ad_vs_no_ads,engagement_pope_frontocentral_beta_over_alpha_theta,exploratory,-0.2569349204313398
lab_subject_14,inline_vs_block,engagement_pope_frontocentral_beta_over_alpha_theta,exploratory,-0.007342432246297381
lab_subject_14,early_vs_late,engagement_pope_frontocentral_beta_over_alpha_theta,exploratory,0.14357535250257492
lab_subject_14,format_x_timing,engagement_pope_frontocentral_beta_over_alpha_theta,exploratory,-0.03480951804609189
lab_subject_15,any_ad_vs_no_ads,engagement_pope_frontocentral_beta_over_alpha_theta,exploratory,0.03801073527782878
lab_subject_15,inline_vs_block,engagement_pope_frontocentral_beta_over_alpha_theta,exploratory,0.05719971827885323
lab_subject_15,early_vs_late,engagement_pope_frontocentral_beta_over_alpha_theta,exploratory,0.0005123050933081297
lab_subject_15,format_x_timing,engagement_pope_frontocentral_beta_over_alpha_theta,exploratory,0.004005969875947313
lab_subject_16,any_ad_vs_no_ads,engagement_pope_frontocentral_beta_over_alpha_theta,exploratory,-0.17239103568029335
lab_subject_16,inline_vs_block,engagement_pope_frontocentral_beta_over_alpha_theta,exploratory,0.049259873349997374
lab_subject_16,early_vs_late,engagement_pope_frontocentral_beta_over_alpha_theta,exploratory,0.20457727536027503
lab_subject_16,format_x_timing,engagement_pope_frontocentral_beta_over_alpha_theta,exploratory,0.07424300428575381
lab_subject_17,any_ad_vs_no_ads,engagement_pope_frontocentral_beta_over_alpha_theta,exploratory,0.15054870756202732
lab_subject_17,inline_vs_block,engagement_pope_frontocentral_beta_over_alpha_theta,exploratory,-0.06938119168362866
lab_subject_17,early_vs_late,engagement_pope_frontocentral_beta_over_alpha_theta,exploratory,0.13576556199387335
lab_subject_17,format_x_timing,engagement_pope_frontocentral_beta_over_alpha_theta,exploratory,-0.15106221665830422
lab_subject_18,any_ad_vs_no_ads,engagement_pope_frontocentral_beta_over_alpha_theta,exploratory,-0.027055962372062314
lab_subject_18,inline_vs_block,engagement_pope_frontocentral_beta_over_alpha_theta,exploratory,0.1771588085164938
lab_subject_18,early_vs_late,engagement_pope_frontocentral_beta_over_alpha_theta,exploratory,0.1648454978133871
lab_subject_18,format_x_timing,engagement_pope_frontocentral_beta_over_alpha_theta,exploratory,0.1311634465945627
lab_subject_19,any_ad_vs_no_ads,engagement_pope_frontocentral_beta_over_alpha_theta,exploratory,-0.04531033028730558
lab_subject_19,inline_vs_block,engagement_pope_frontocentral_beta_over_alpha_theta,exploratory,0.030365100230273445
lab_subject_19,early_vs_late,engagement_pope_frontocentral_beta_over_alpha_theta,exploratory,0.021058156629002955
lab_subject_19,format_x_timing,engagement_pope_frontocentral_beta_over_alpha_theta,exploratory,0.02056635522363942
lab_subject_2,any_ad_vs_no_ads,engagement_pope_frontocentral_beta_over_alpha_theta,exploratory,-0.00817615150408435
lab_subject_2,inline_vs_block,engagement_pope_frontocentral_beta_over_alpha_theta,exploratory,-0.04188303337301935
lab_subject_2,early_vs_late,engagement_pope_frontocentral_beta_over_alpha_theta,exploratory,-0.003964374635530787
lab_subject_2,format_x_timing,engagement_pope_frontocentral_beta_over_alpha_theta,exploratory,0.1732788680922287
lab_subject_3,any_ad_vs_no_ads,engagement_pope_frontocentral_beta_over_alpha_theta,exploratory,0.039355240866811414
lab_subject_3,inline_vs_block,engagement_pope_frontocentral_beta_over_alpha_theta,exploratory,0.08091247238189736
lab_subject_3,early_vs_late,engagement_pope_frontocentral_beta_over_alpha_theta,exploratory,-0.015635971167076823
lab_subject_3,format_x_timing,engagement_pope_frontocentral_beta_over_alpha_theta,exploratory,-0.05771169614895311
lab_subject_5,any_ad_vs_no_ads,engagement_pope_frontocentral_beta_over_alpha_theta,exploratory,0.0002053690950819531
lab_subject_5,inline_vs_block,engagement_pope_frontocentral_beta_over_alpha_theta,exploratory,0.03034643695023187
lab_subject_5,early_vs_late,engagement_pope_frontocentral_beta_over_alpha_theta,exploratory,-0.06770491288619274
lab_subject_5,format_x_timing,engagement_pope_frontocentral_beta_over_alpha_theta,exploratory,-0.013364321765924114
lab_subject_6,any_ad_vs_no_ads,engagement_pope_frontocentral_beta_over_alpha_theta,exploratory,0.013401424649366667
lab_subject_6,inline_vs_block,engagement_pope_frontocentral_beta_over_alpha_theta,exploratory,0.042972677253132696
lab_subject_6,early_vs_late,engagement_pope_frontocentral_beta_over_alpha_theta,exploratory,-0.0270836326589996
lab_subject_6,format_x_timing,engagement_pope_frontocentral_beta_over_alpha_theta,exploratory,0.039316384806824756
lab_subject_7,any_ad_vs_no_ads,engagement_pope_frontocentral_beta_over_alpha_theta,exploratory,0.1164198046730267
lab_subject_7,inline_vs_block,engagement_pope_frontocentral_beta_over_alpha_theta,exploratory,-0.22481505143534553
lab_subject_7,early_vs_late,engagement_pope_frontocentral_beta_over_alpha_theta,exploratory,0.07826224349683764
lab_subject_7,format_x_timing,engagement_pope_frontocentral_beta_over_alpha_theta,exploratory,-0.2662124237194614
lab_subject_8,any_ad_vs_no_ads,engagement_pope_frontocentral_beta_over_alpha_theta,exploratory,0.027319295686352385
lab_subject_8,inline_vs_block,engagement_pope_frontocentral_beta_over_alpha_theta,exploratory,-0.05721122288524849
lab_subject_8,early_vs_late,engagement_pope_frontocentral_beta_over_alpha_theta,exploratory,0.06748376985806692
lab_subject_8,format_x_timing,engagement_pope_frontocentral_beta_over_alpha_theta,exploratory,-0.1726597941085949
lab_subject_9,any_ad_vs_no_ads,engagement_pope_frontocentral_beta_over_alpha_theta,exploratory,0.3066095928982595
lab_subject_9,inline_vs_block,engagement_pope_frontocentral_beta_over_alpha_theta,exploratory,0.23657961002064964
lab_subject_9,early_vs_late,engagement_pope_frontocentral_beta_over_alpha_theta,exploratory,0.22993216442616526
lab_subject_9,format_x_timing,engagement_pope_frontocentral_beta_over_alpha_theta,exploratory,0.6585393312552019
lab_subject_1,any_ad_vs_no_ads,engagement_kislov_central_beta16_24_over_alpha8_12,exploratory,1.3451419358849737
lab_subject_1,inline_vs_block,engagement_kislov_central_beta16_24_over_alpha8_12,exploratory,-0.31282485312288655
lab_subject_1,early_vs_late,engagement_kislov_central_beta16_24_over_alpha8_12,exploratory,-0.3472660451315779
lab_subject_1,format_x_timing,engagement_kislov_central_beta16_24_over_alpha8_12,exploratory,-0.7848415069311181
lab_subject_10,any_ad_vs_no_ads,engagement_kislov_central_beta16_24_over_alpha8_12,exploratory,0.013219199482369298
lab_subject_10,inline_vs_block,engagement_kislov_central_beta16_24_over_alpha8_12,exploratory,0.034572339780283984
lab_subject_10,early_vs_late,engagement_kislov_central_beta16_24_over_alpha8_12,exploratory,-0.008963174282170527
lab_subject_10,format_x_timing,engagement_kislov_central_beta16_24_over_alpha8_12,exploratory,-0.09924605226039432
lab_subject_11,any_ad_vs_no_ads,engagement_kislov_central_beta16_24_over_alpha8_12,exploratory,0.057053777905005654
lab_subject_11,inline_vs_block,engagement_kislov_central_beta16_24_over_alpha8_12,exploratory,-0.06314676851325884
lab_subject_11,early_vs_late,engagement_kislov_central_beta16_24_over_alpha8_12,exploratory,-0.09009825013148987
lab_subject_11,format_x_timing,engagement_kislov_central_beta16_24_over_alpha8_12,exploratory,0.27093795279646016
lab_subject_12,any_ad_vs_no_ads,engagement_kislov_central_beta16_24_over_alpha8_12,exploratory,-0.10361980835282114
lab_subject_12,inline_vs_block,engagement_kislov_central_beta16_24_over_alpha8_12,exploratory,0.0008085895317855862
lab_subject_12,early_vs_late,engagement_kislov_central_beta16_24_over_alpha8_12,exploratory,0.0003559721044339992
lab_subject_12,format_x_timing,engagement_kislov_central_beta16_24_over_alpha8_12,exploratory,0.00362280452128394
lab_subject_13,any_ad_vs_no_ads,engagement_kislov_central_beta16_24_over_alpha8_12,exploratory,-0.0689657587293836
lab_subject_13,inline_vs_block,engagement_kislov_central_beta16_24_over_alpha8_12,exploratory,-0.01353578737665706
lab_subject_13,early_vs_late,engagement_kislov_central_beta16_24_over_alpha8_12,exploratory,-0.11082848484762853
lab_subject_13,format_x_timing,engagement_kislov_central_beta16_24_over_alpha8_12,exploratory,-0.09756351725574186
lab_subject_14,any_ad_vs_no_ads,engagement_kislov_central_beta16_24_over_alpha8_12,exploratory,-0.09645743100499171
lab_subject_14,inline_vs_block,engagement_kislov_central_beta16_24_over_alpha8_12,exploratory,-0.13569181653063755
lab_subject_14,early_vs_late,engagement_kislov_central_beta16_24_over_alpha8_12,exploratory,0.2984101432029125
lab_subject_14,format_x_timing,engagement_kislov_central_beta16_24_over_alpha8_12,exploratory,-0.3723537285960321
lab_subject_15,any_ad_vs_no_ads,engagement_kislov_central_beta16_24_over_alpha8_12,exploratory,0.02105160982633858
lab_subject_15,inline_vs_block,engagement_kislov_central_beta16_24_over_alpha8_12,exploratory,0.09861943147729879
lab_subject_15,early_vs_late,engagement_kislov_central_beta16_24_over_alpha8_12,exploratory,-0.11340994695652129
lab_subject_15,format_x_timing,engagement_kislov_central_beta16_24_over_alpha8_12,exploratory,-0.21385528630098738
lab_subject_16,any_ad_vs_no_ads,engagement_kislov_central_beta16_24_over_alpha8_12,exploratory,-0.22952676997688481
lab_subject_16,inline_vs_block,engagement_kislov_central_beta16_24_over_alpha8_12,exploratory,0.007143819735193624
lab_subject_16,early_vs_late,engagement_kislov_central_beta16_24_over_alpha8_12,exploratory,0.10241314044790695
lab_subject_16,format_x_timing,engagement_kislov_central_beta16_24_over_alpha8_12,exploratory,0.34867147985845515
lab_subject_17,any_ad_vs_no_ads,engagement_kislov_central_beta16_24_over_alpha8_12,exploratory,-0.00776871327997497
lab_subject_17,inline_vs_block,engagement_kislov_central_beta16_24_over_alpha8_12,exploratory,0.03542507718134291
lab_subject_17,early_vs_late,engagement_kislov_central_beta16_24_over_alpha8_12,exploratory,-0.030805677009389187
lab_subject_17,format_x_timing,engagement_kislov_central_beta16_24_over_alpha8_12,exploratory,0.012678831156361703
lab_subject_18,any_ad_vs_no_ads,engagement_kislov_central_beta16_24_over_alpha8_12,exploratory,0.013706422950497954
lab_subject_18,inline_vs_block,engagement_kislov_central_beta16_24_over_alpha8_12,exploratory,0.254300972147647
lab_subject_18,early_vs_late,engagement_kislov_central_beta16_24_over_alpha8_12,exploratory,0.1393574225931138
lab_subject_18,format_x_timing,engagement_kislov_central_beta16_24_over_alpha8_12,exploratory,0.4802793509448916
lab_subject_19,any_ad_vs_no_ads,engagement_kislov_central_beta16_24_over_alpha8_12,exploratory,-0.21121412286260544
lab_subject_19,inline_vs_block,engagement_kislov_central_beta16_24_over_alpha8_12,exploratory,0.010166789932807507
lab_subject_19,early_vs_late,engagement_kislov_central_beta16_24_over_alpha8_12,exploratory,0.05033354996169326
lab_subject_19,format_x_timing,engagement_kislov_central_beta16_24_over_alpha8_12,exploratory,0.3830094184518267
lab_subject_2,any_ad_vs_no_ads,engagement_kislov_central_beta16_24_over_alpha8_12,exploratory,-0.06706953559974538
lab_subject_2,inline_vs_block,engagement_kislov_central_beta16_24_over_alpha8_12,exploratory,0.0018873389958220521
lab_subject_2,early_vs_late,engagement_kislov_central_beta16_24_over_alpha8_12,exploratory,-0.07978595984078618
lab_subject_2,format_x_timing,engagement_kislov_central_beta16_24_over_alpha8_12,exploratory,0.13884735062349485
lab_subject_3,any_ad_vs_no_ads,engagement_kislov_central_beta16_24_over_alpha8_12,exploratory,0.040037214802710164
lab_subject_3,inline_vs_block,engagement_kislov_central_beta16_24_over_alpha8_12,exploratory,-0.015352040557487845
lab_subject_3,early_vs_late,engagement_kislov_central_beta16_24_over_alpha8_12,exploratory,-0.047128877826446924
lab_subject_3,format_x_timing,engagement_kislov_central_beta16_24_over_alpha8_12,exploratory,-0.06681201345552412
lab_subject_5,any_ad_vs_no_ads,engagement_kislov_central_beta16_24_over_alpha8_12,exploratory,-0.017144933484157132
lab_subject_5,inline_vs_block,engagement_kislov_central_beta16_24_over_alpha8_12,exploratory,0.0573297116151823
lab_subject_5,early_vs_late,engagement_kislov_central_beta16_24_over_alpha8_12,exploratory,-0.011531992928730417
lab_subject_5,format_x_timing,engagement_kislov_central_beta16_24_over_alpha8_12,exploratory,0.12794666962097567
lab_subject_6,any_ad_vs_no_ads,engagement_kislov_central_beta16_24_over_alpha8_12,exploratory,0.026849755490605975
lab_subject_6,inline_vs_block,engagement_kislov_central_beta16_24_over_alpha8_12,exploratory,-0.04431697982998517
lab_subject_6,early_vs_late,engagement_kislov_central_beta16_24_over_alpha8_12,exploratory,-0.0675433517812658
lab_subject_6,format_x_timing,engagement_kislov_central_beta16_24_over_alpha8_12,exploratory,-0.11681796462642224
lab_subject_7,any_ad_vs_no_ads,engagement_kislov_central_beta16_24_over_alpha8_12,exploratory,-0.592429004584222
lab_subject_7,inline_vs_block,engagement_kislov_central_beta16_24_over_alpha8_12,exploratory,-0.32975256020450194
lab_subject_7,early_vs_late,engagement_kislov_central_beta16_24_over_alpha8_12,exploratory,0.17717828898122745
lab_subject_7,format_x_timing,engagement_kislov_central_beta16_24_over_alpha8_12,exploratory,0.016139239295444474
lab_subject_8,any_ad_vs_no_ads,engagement_kislov_central_beta16_24_over_alpha8_12,exploratory,0.08379714366094859
lab_subject_8,inline_vs_block,engagement_kislov_central_beta16_24_over_alpha8_12,exploratory,-0.21928261528849502
lab_subject_8,early_vs_late,engagement_kislov_central_beta16_24_over_alpha8_12,exploratory,0.23593399403598303
lab_subject_8,format_x_timing,engagement_kislov_central_beta16_24_over_alpha8_12,exploratory,-0.49757306710363336
lab_subject_9,any_ad_vs_no_ads,engagement_kislov_central_beta16_24_over_alpha8_12,exploratory,1.274983228156613
lab_subject_9,inline_vs_block,engagement_kislov_central_beta16_24_over_alpha8_12,exploratory,1.3534448809376665
lab_subject_9,early_vs_late,engagement_kislov_central_beta16_24_over_alpha8_12,exploratory,0.5410637144548653
lab_subject_9,format_x_timing,engagement_kislov_central_beta16_24_over_alpha8_12,exploratory,1.643339410730851
