subject_id,experiment_id,reference_id,reference_kind,condition,ad_mode,matched_timing,matched_ad_conditions,primary_analysis_eligible,k_epochs,n_pre,n_post,fz_theta_power_db_uv2_pre,fz_theta_power_db_uv2_post,fz_theta_power_db_uv2_post_minus_pre,posterior_alpha_power_db_uv2_pre,posterior_alpha_power_db_uv2_post,posterior_alpha_power_db_uv2_post_minus_pre,theta_power_db_uv2_pre,theta_power_db_uv2_post,theta_power_db_uv2_post_minus_pre,alpha_power_db_uv2_pre,alpha_power_db_uv2_post,alpha_power_db_uv2_post_minus_pre,beta_power_db_uv2_pre,beta_power_db_uv2_post,beta_power_db_uv2_post_minus_pre,faa_log_f4_minus_f3_pre,faa_log_f4_minus_f3_post,faa_log_f4_minus_f3_post_minus_pre,delta_power_db_uv2_pre,delta_power_db_uv2_post,delta_power_db_uv2_post_minus_pre,gamma_power_db_uv2_pre,gamma_power_db_uv2_post,gamma_power_db_uv2_post_minus_pre,delta_relative_power_pre,delta_relative_power_post,delta_relative_power_post_minus_pre,theta_relative_power_pre,theta_relative_power_post,theta_relative_power_post_minus_pre,alpha_relative_power_pre,alpha_relative_power_post,alpha_relative_power_post_minus_pre,beta_relative_power_pre,beta_relative_power_post,beta_relative_power_post_minus_pre,gamma_relative_power_pre,gamma_relative_power_post,gamma_relative_power_post_minus_pre,engagement_beta_over_alpha_theta_pre,engagement_beta_over_alpha_theta_post,engagement_beta_over_alpha_theta_post_minus_pre,engagement_pope_frontocentral_beta_over_alpha_theta_pre,engagement_pope_frontocentral_beta_over_alpha_theta_post,engagement_pope_frontocentral_beta_over_alpha_theta_post_minus_pre,engagement_kislov_central_beta16_24_over_alpha8_12_pre,engagement_kislov_central_beta16_24_over_alpha8_12_post,engagement_kislov_central_beta16_24_over_alpha8_12_post_minus_pre
lab_subject_1,exp_20260721T091553Z_7b92ec42,lab_subject_1__ad_00,advertisement,block_late,explicit_ad_block,late,block_late,yes,5,5,5,5.908147791568306,6.670525894609175,0.7623781030408692,4.810749091861691,4.203267027490113,-0.6074820643715784,5.108456524223275,5.541643085771588,0.4331865615483128,3.2061461823090545,2.9179862231179294,-0.288159959191125,9.013745355329688,9.53482412765453,0.5210787723248416,0.44812153128865617,0.09994912189639393,-0.34817240939226224,14.963613282343895,12.358954622330769,-2.6046586600131256,4.981310543860405,5.253165282217732,0.27185473835732665,0.6655671091256412,0.5009523427828435,-0.1646147663427977,0.08265656277418401,0.09239435543748252,0.009737792663298508,0.04440635657609102,0.04754951207551638,0.003143155499425357,0.14974060398426206,0.26070778137086253,0.11096717738660047,0.07147202966327733,0.09763972825949961,0.026167698596222283,1.3225601818257633,1.576231795270515,0.25367161344475164,1.7700966865812777,2.1342633440762127,0.36416665749493493,4.654618023544832,6.501001528044215,1.846383504499383
lab_subject_1,exp_20260721T091553Z_7b92ec42,lab_subject_1__ad_01,advertisement,block_early,explicit_ad_block,early,block_early,yes,5,5,5,6.26435100635902,6.248429219537355,-0.01592178682166523,4.985256165457484,3.9202491627641987,-1.0650070026932852,5.669779081853492,5.0130902606575045,-0.6566888211959876,4.0252997283542955,2.8528124805900634,-1.172487247764232,9.418899797423624,9.317895080614166,-0.10100471680945766,-0.2532267116408491,0.3570553528159408,0.6102820644567899,13.149557391839348,11.789938858513622,-1.359618533325726,4.319779177909846,5.239447955353772,0.9196687774439267,0.5174513205906183,0.4946827666155737,-0.02276855397504457,0.092849345025539,0.08878849472759799,-0.00406085029794101,0.060362081049227544,0.04782866453280607,-0.012533416516421474,0.23784977030126467,0.25859469604477625,0.020744925743511583,0.07922618974551981,0.08036033563099208,0.001134145885472268,1.1508452814414234,1.554407752415063,0.4035624709736396,1.6754801431717283,2.09333922053301,0.4178590773612816,3.2176694803269066,6.526462224996385,3.308792744669478
lab_subject_1,exp_20260721T091553Z_7b92ec42,lab_subject_1__ad_02,advertisement,inline_late,inline_persuasive,late,inline_late,yes,5,5,5,6.7083219704012,6.403074763441008,-0.3052472069601917,5.96914847918045,4.268391558928889,-1.7007569202515604,8.254525159572154,5.2913567230507805,-2.9631684365213733,4.878923576252521,3.396836208690565,-1.482087367561956,9.078709256584276,9.267935342865387,0.1892260862811117,-0.0363293925112842,-0.056416612331009475,-0.020087219819725277,16.685021815909135,11.738626253155873,-4.946395562753262,4.025935297865992,5.151705440834902,1.1257701429689098,0.5542447606593202,0.42162947515425514,-0.13261528550506502,0.10269436789498405,0.10160437077169675,-0.0010899971232873062,0.04445152576521384,0.07016692228518612,0.025715396519972275,0.1779925317712361,0.2628632703002531,0.08487073852901697,0.08835150939659583,0.09838916218153584,0.01003765278494001,1.042621673669598,1.6582055190685356,0.6155838453989377,2.150838631070186,1.9480489540685402,-0.20278967700164596,3.784714307966802,3.8616884220144003,0.07697411404759835
lab_subject_1,exp_20260721T091553Z_7b92ec42,lab_subject_1__ad_03,advertisement,inline_early,inline_persuasive,early,inline_early,yes,5,5,5,6.520766644834196,5.803545291932233,-0.7172213529019631,5.0544139541157405,5.293593926868979,0.23917997275323888,6.574355148795213,4.989744980609965,-1.5846101681852485,4.041061139017433,4.798713512662576,0.7576523736451426,8.86600492967927,9.553223065906629,0.687218136227358,-0.15838511114874976,-0.15326728364480147,0.005117827503948291,19.092513064532014,13.843465928381637,-5.249047136150377,5.287887384795292,4.6509224998741985,-0.6369648849210936,0.7486456453225959,0.5652604866343337,-0.18338515868826222,0.07711517778742989,0.08364460056970395,0.006529422782274058,0.024820864184648062,0.08195396784771707,0.05713310366306901,0.12166199124796812,0.21680111974719496,0.09513912849922684,0.05537181177840513,0.0924803418338397,0.03710853005543457,1.0245707697451827,1.528260018108135,0.5036892483629523,1.261307594016079,1.5938240426690695,0.33251644865299057,2.967978532672678,3.2301322123359597,0.26215367966328174
lab_subject_2,exp_20260721T134702Z_ab38d57a,lab_subject_2__ad_00,advertisement,inline_early,inline_persuasive,early,inline_early,yes,5,5,5,6.298187591695136,6.3221980115879015,0.024010419892765533,6.612747342259141,7.145512607766343,0.5327652655072024,6.628802747272272,6.275326827045495,-0.353475920226777,5.6630739046627445,5.293813712674584,-0.3692601919881602,8.014720066525975,9.611767769851852,1.5970477033258774,0.15937379267440122,0.13924959202394405,-0.02012420065045717,14.744810071601993,17.412645469886826,2.667835398284833,4.028866808296659,6.1657761798453254,2.1369093715486667,0.6395100809687316,0.6147926871715443,-0.024717393797187293,0.08933738021674396,0.07235130537919746,-0.016986074837546508,0.09077623710592678,0.03779295130374022,-0.05298328580218656,0.1258555754912677,0.16342809605060285,0.03757252055933516,0.0523457731863004,0.06636822154405266,0.014022448357752258,0.8185319662297,1.0660758015990899,0.24754383536938984,0.593179195829004,0.653108649148194,0.059929453319189974,0.7343602896698214,0.9422397829365236,0.2078794932667022
lab_subject_2,exp_20260721T134702Z_ab38d57a,lab_subject_2__ad_02,advertisement,block_late,explicit_ad_block,late,block_late,yes,5,5,5,4.931121585315655,8.148652656499802,3.2175310711841476,7.518282530839042,5.810668001104318,-1.707614529734724,6.09844719270472,6.502117620662238,0.4036704279575183,6.1645327348063095,4.8759851184329275,-1.288547616373382,9.945640081411133,11.18866587581709,1.2430257944059573,0.5251589118633966,0.18527639001327856,-0.339882521850118,14.0926968577413,16.171648593502194,2.078951735760894,5.855784151211683,7.806548209124074,1.9507640579123908,0.5325057022935185,0.6280109751376137,0.09550527284409527,0.08450828654869932,0.07914826125795862,-0.0053600252907407,0.07184682249630661,0.04875914255064805,-0.023087679945658558,0.1909314495152868,0.15266370774638421,-0.038267741768902575,0.07673836477335012,0.12056483585563897,0.04382647108228885,1.2384105147166296,1.489955769025228,0.25154525430859853,0.9997491264348795,0.9155149641805771,-0.08423416225430236,1.099376698791527,1.436078591841786,0.336701893050259
lab_subject_2,exp_20260721T134702Z_ab38d57a,lab_subject_2__ad_03,advertisement,block_early,explicit_ad_block,early,block_early,yes,5,5,5,7.586297240114332,7.4058885313362275,-0.18040870877810455,5.027423436499202,7.42433182166486,2.3969083851656583,5.631791484770041,7.006286086376772,1.374494601606731,4.742698230008351,6.265777523925379,1.5230792939170277,7.431823078256751,8.480804276109627,1.0489811978528758,0.4960113763336267,-0.18087549381348467,-0.6768868701471114,15.921834631743659,21.835701571329796,5.913866939586137,2.937748092672694,3.7848602665466764,0.8471121738739824,0.6991658247686768,0.8476040342282536,0.14843820945957675,0.08312531832886788,0.02787734864700625,-0.05524796968186163,0.05281994935082124,0.03738744800541608,-0.015432501345405157,0.1394531333687675,0.06435182270049308,-0.07510131066827441,0.04646065586225865,0.022779346418831288,-0.023681309443427362,0.8028065030191813,0.9615178375430803,0.15871133452389896,0.5991344311005575,0.6830082542315118,0.08387382313095426,0.7217877836234877,0.724473786136676,0.0026860025131882903
lab_subject_2,exp_20260721T134702Z_ab38d57a,lab_subject_2__ad_04,advertisement,inline_late,inline_persuasive,late,inline_late,yes,5,5,5,7.088145153049946,7.57474082370374,0.48659567065379417,5.670048090905862,5.668595538280724,-0.0014525526251381038,5.800916742891539,6.5781982101344845,0.7772814672429451,4.298642979366949,4.978919661690416,0.6802766823234663,7.40795716778599,8.547114630904016,1.1391574631180257,0.44477430220510783,0.2345728293691387,-0.21020147283596913,14.650274897315821,14.960585894057171,0.3103109967413502,2.290004086822272,5.2678643071632685,2.9778602203409963,0.6361754078058721,0.6635445760273287,0.02736916822145663,0.0760964363510268,0.08680132335215941,0.010704887001132618,0.05823516609499027,0.06315586084455593,0.004920694749565663,0.16722168227639328,0.1398294606093518,-0.027392221667041472,0.044883612565005976,0.06844192595677603,0.023558313391770058,0.8115780761673279,0.9001475373379796,0.08856946117065168,0.5529534228400752,0.7015870756521819,0.14863365281210672,0.8119879514893685,0.9380568590001397,0.12606890751077116
lab_subject_3,exp_20260722T074803Z_c9a5b77e,lab_subject_3__ad_00,advertisement,block_late,explicit_ad_block,late,block_late,yes,5,5,5,6.186884723425894,6.667893529137121,0.48100880571122673,8.283457832975682,5.653249365875689,-2.630208467099993,6.952243145225003,5.11405429532417,-1.838188849900833,6.298861030468242,5.0818900136263245,-1.2169710168419172,8.705389025189433,7.91887065741884,-0.7865183677705927,0.5783025571000842,0.628980110596018,0.050677553495933836,18.180732221380048,11.532978896846316,-6.647753324533731,4.179474595335443,3.1849284019089796,-0.9945461934264634,0.7632414855801141,0.4959794738209789,-0.26726201175913517,0.06857410309920688,0.11687144269053146,0.04829733959132458,0.04948514521976058,0.09266021097825476,0.04317506575849418,0.09937774641553927,0.22301424588025595,0.12363649946471668,0.0303763931850418,0.06689723004381382,0.03652083685877201,0.9206375036409631,1.0641514491307358,0.1435139454897727,0.7015074079587226,1.0350660147541189,0.3335586067953963,1.2884759100808238,1.114182550044091,-0.1742933600367329
lab_subject_3,exp_20260722T074803Z_c9a5b77e,lab_subject_3__ad_01,advertisement,block_early,explicit_ad_block,early,block_early,yes,5,5,5,6.08103838260193,5.724783892565477,-0.35625449003645304,7.278125192417121,5.289595793330621,-1.9885293990864996,6.06665767170822,4.802197202464758,-1.2644604692434616,6.2974855957537015,4.694177805966602,-1.6033077897870998,8.187650949434014,7.902185063509128,-0.28546588592488575,0.4870683140144081,0.6274553494555022,0.1403870354410941,15.150610920096746,13.99124717691146,-1.1593637431852866,3.486465344524774,3.1445359823939296,-0.34192936213084435,0.6464411902091586,0.6392900310471299,-0.007151159162028686,0.07565925107370788,0.09956239383174989,0.023903142758042006,0.0747702867846757,0.06705264526065308,-0.007717641524022628,0.13982372382183045,0.16983303384394685,0.030009310022116403,0.04227819930904081,0.052604974296981334,0.010326774987940525,0.9243396850383142,0.8698161276298155,-0.05452355740849868,0.6541317010903239,0.8571876755950776,0.20305597450475366,0.828209187528342,1.1440273532034833,0.3158181656751412
lab_subject_3,exp_20260722T074803Z_c9a5b77e,lab_subject_3__ad_02,advertisement,inline_late,inline_persuasive,late,inline_late,yes,5,5,5,6.611505380018833,7.202917618669127,0.5914122386502942,6.904785731501476,8.65287766345303,1.7480919319515538,6.187060637101498,5.831542660313389,-0.3555179767881089,5.458984490324531,5.958971377979358,0.4999868876548268,8.271500039000983,9.304200878167975,1.032700839166992,0.880087815834603,-0.13150464682463792,-1.011592462659241,14.404022801593232,13.753493732744737,-0.6505290688484955,4.100870678880613,6.0891952107277545,1.9883245318471419,0.619260282548985,0.5221901238463187,-0.09707015870266633,0.07991492700622409,0.11256087337274388,0.032645946366519796,0.08403004056446126,0.10576266476834455,0.02173262420388329,0.12914329035290747,0.21021674432954224,0.08107345397663476,0.053911112104935585,0.09188778984615542,0.037976677741219836,0.9376435738813453,1.0175571859131944,0.0799136120318491,0.6775897133938268,0.8620199853954957,0.18443027200166895,1.371216319151958,1.5423291895119728,0.17111287036001488
lab_subject_3,exp_20260722T074803Z_c9a5b77e,lab_subject_3__ad_03,advertisement,inline_early,inline_persuasive,early,inline_early,yes,5,5,5,5.849229678699139,5.141852004196026,-0.7073776745031131,8.527894348294053,6.814997583547022,-1.7128967647470308,6.595569182008406,3.553187602977246,-3.04238157903116,6.136689964964334,4.786595988752052,-1.3500939762122819,8.642000307576264,8.811294464795507,0.1692941572192428,1.0099698174604548,-0.5006892172307005,-1.5106590346911553,17.762121881356876,11.508205115508076,-6.2539167658488,4.436437265511703,3.1705600824815017,-1.2658771830302014,0.7183993214388867,0.4754694524778923,-0.24292986896099444,0.0708499155504853,0.0818777316975287,0.011027816147043401,0.07846322800591045,0.11243123693065271,0.03396800892474226,0.10652490985748497,0.2575255529524805,0.1510006430949955,0.03832554557245357,0.06962329495263805,0.03129774938018448,0.8432401753478608,1.3477140900335929,0.5044739146857321,0.655534195898808,1.1472785376951213,0.4917443417963133,1.1142857691144519,1.031233454964801,-0.08305231414965086
lab_subject_5,exp_20260724T112220Z_6cc09f28,lab_subject_5__ad_01,advertisement,inline_early,inline_persuasive,early,inline_early,yes,5,5,5,3.9226177083843883,3.5348985203939263,-0.387719187990462,4.193947760782134,3.362476677301282,-0.8314710834808516,7.1523491556272205,6.313110369866354,-0.8392387857608661,4.180255011775984,2.9471170701697416,-1.233137941606242,7.500169586683818,6.286597937840945,-1.2135716488428727,1.2251491678386515,0.9280742849944232,-0.2970748828442282,16.219891764483595,16.59051769157674,0.370625927093144,3.6675967046685765,1.221474112744492,-2.4461225919240848,0.7126493262190539,0.7882329757599525,0.07558364954089869,0.08397247659604502,0.0880865324435434,0.004114055847498382,0.0555720534398601,0.03738825139558623,-0.018183802044273875,0.10253792654816726,0.08374714691246968,-0.018790779635697585,0.042425526732103966,0.024013339555937846,-0.01841218717616612,0.7584789284759319,0.7751021492570301,0.016623220781098236,0.6340523998003198,0.627599163940635,-0.006453235859684825,1.0542295554365015,1.0255806183840017,-0.028648937052499823
lab_subject_5,exp_20260724T112220Z_6cc09f28,lab_subject_5__ad_02,advertisement,inline_late,inline_persuasive,late,inline_late,yes,5,5,5,4.899979286966251,4.054047403297446,-0.845931883668805,4.6272167541066,3.911077416868033,-0.7161393372385669,5.081766420735601,7.32898692963629,2.247220508900689,5.010992322296813,5.508965319262948,0.4979729969661353,7.103483906943264,7.827400045705895,0.7239161387626307,1.1276593871709828,0.9664753916455915,-0.1611839955253913,11.779184462336653,15.5521587629518,3.7729743006151466,2.424423566210233,4.375392251504797,1.9509686852945642,0.5153073041085575,0.6682826504966098,0.15297534638805232,0.10429989784334343,0.10072406069887481,-0.003575837144468616,0.10261396598170906,0.067667538567696,-0.03494642741401306,0.1990226725122642,0.1129729677625153,-0.08604970474974889,0.07359249703287404,0.0657915791791051,-0.007800917853768949,0.8621350486385667,0.6766238121489689,-0.18551123648959778,0.6394821632783334,0.6391889968347017,-0.0002931664436317538,0.7196433084704892,0.8837077864034634,0.16406447793297418
lab_subject_5,exp_20260724T112220Z_6cc09f28,lab_subject_5__ad_03,advertisement,block_late,explicit_ad_block,late,block_late,yes,5,5,5,4.5109481173705674,4.632034789742524,0.12108667237195636,4.5786168534022185,4.998162383290264,0.4195455298880457,7.756650059030442,6.274031873972551,-1.4826181850578912,4.97516105660096,4.921655709327448,-0.05350534727351253,6.1147715356640076,6.839893814606155,0.7251222789421474,1.244170764178648,0.9865829691633401,-0.2575877950153078,17.544965365244977,14.759478707739843,-2.7854866575051336,1.5908617144720718,2.3406470167769493,0.7497853023048775,0.7925174633613843,0.6940239208185758,-0.09849354254280851,0.0832103426113937,0.08189222979551285,-0.0013181128158808592,0.04713851747107888,0.055457291534476594,0.008318774063397712,0.05701504321647408,0.10284879670238917,0.045833753485915084,0.02011863333966895,0.038345589444479494,0.018226956104810545,0.43740346620906606,0.6265945169253102,0.18919105071624415,0.37263926893718197,0.5390585595737614,0.1664192906365794,0.5414422844811677,0.6718756235911346,0.1304333391099669
lab_subject_5,exp_20260724T112220Z_6cc09f28,lab_subject_5__ad_04,advertisement,block_early,explicit_ad_block,early,block_early,yes,5,5,5,3.959385969094394,2.9947876754460268,-0.9645982936483675,5.269055630277563,3.487095945494248,-1.7819596847833155,6.260994686918049,4.768852342218624,-1.4921423446994249,4.523831052959655,3.5738723210799,-0.9499587318797547,6.903591375560425,5.81485035865059,-1.088741016909835,1.443082427305015,1.1499597983363579,-0.29312262896865704,13.999463274542233,10.291972754082536,-3.7074905204596966,1.8314515565477065,-0.25525029167290403,-2.0867018482206108,0.6463196524871563,0.5178675071972499,-0.12845214528990634,0.11107868301920155,0.12985700369748734,0.01877832067828579,0.08085623492614745,0.11823708059413436,0.03738084566798691,0.1240524195293409,0.1725094882932038,0.04845706876386291,0.04005681447162572,0.04589565127811091,0.005838836806485191,0.7014337114680705,0.77427894715514,0.07284523568706947,0.5325951420112385,0.705245452001781,0.17265030999054254,0.5921797884495641,0.7083674741005577,0.11618768565099358
lab_subject_6,exp_20260724T141230Z_1be52b79,lab_subject_6__ad_00,advertisement,inline_late,inline_persuasive,late,inline_late,yes,5,5,5,5.667361621971746,7.377093748231005,1.7097321262592589,5.9449882133545096,6.307924756379051,0.36293654302454126,6.00013532081744,7.369084688499129,1.3689493676816884,4.782548545819623,5.9032533724329985,1.120704826613376,7.07540918892748,8.123316669265344,1.047907480337864,0.31427453431451013,0.6853635001466785,0.3710889658321683,10.949701996634595,13.43592288618812,2.4862208895535254,-0.008589138650625933,1.3065252239424097,1.3151143625930355,0.49703696884807635,0.5827406790907272,0.08570371024265089,0.14359571738761034,0.13460335459332762,-0.008992362794282727,0.11564710567953995,0.07856957714638024,-0.03707752853315971,0.19586810292939988,0.16004986975015217,-0.035818233179247705,0.03808475346341618,0.034174840219596554,-0.003909913243819625,0.6726907435599927,0.7176010444116664,0.04491030085167369,0.7051461614808804,0.6902070514944394,-0.01493910998644099,1.1619091997470954,1.5240452827353705,0.36213608298827515
lab_subject_6,exp_20260724T141230Z_1be52b79,lab_subject_6__ad_01,advertisement,block_late,explicit_ad_block,late,block_late,yes,5,5,5,7.256068780198923,8.643708159343252,1.3876393791443284,6.379948395258054,6.130261081156672,-0.249687314101382,6.369617533881472,7.2773784463063595,0.9077609124248873,4.597881153017696,5.211727151724979,0.6138459987072826,7.130659402660921,7.426649253283182,0.29598985062226113,0.296577044927794,0.40604922226106055,0.10947217733326653,11.435358714595498,12.153830102169588,0.7184713875740893,0.6151651084367173,3.4679417857969237,2.8527766773602066,0.4763674579977698,0.5085237418657497,0.03215628386797986,0.14381833792995216,0.15912291291684003,0.015304574986887864,0.12553014712559216,0.08317212462446377,-0.042358022501128384,0.1872105708793954,0.17123524090756512,-0.015975329971830293,0.032669889745827387,0.056089744934572645,0.02341985518874526,0.6879536101296995,0.681847262434251,-0.0061063476954484885,0.6377815290873776,0.750422521808458,0.11264099272108041,1.0593916050488101,1.5653320011284644,0.5059403960796542
lab_subject_6,exp_20260724T141230Z_1be52b79,lab_subject_6__ad_02,advertisement,block_early,explicit_ad_block,early,block_early,yes,5,5,5,7.339566752493257,6.275503135747035,-1.0640636167462212,5.669509275149666,6.21922823431979,0.5497189591701241,6.962734464224724,6.010445841171719,-0.952288623053005,4.533196986909357,5.165466590468625,0.6322696035592683,6.943958787508892,7.262956770122386,0.3189979826134941,0.34262502466857114,0.3538294891199385,0.011204464451367357,10.685737733117826,10.790238932515862,0.1045011993980367,-0.22758863155133077,1.0026003150595693,1.2301889466109,0.47040009893626605,0.4681948401883589,-0.0022052587479071684,0.15569363738835684,0.14896870172476415,-0.006724935663592696,0.11408100272383384,0.10468213458983763,-0.009398868133996208,0.18056284397908903,0.21087805691376496,0.030315212934675928,0.03935767788870641,0.04108687356613562,0.0017291956774292128,0.7787365374562165,0.7417743576023942,-0.03696217985382233,0.6562798685026129,0.7019199491296989,0.04564008062708602,1.4650434971637292,1.399874018397594,-0.06516947876613521
lab_subject_6,exp_20260724T141230Z_1be52b79,lab_subject_6__ad_04,advertisement,inline_early,inline_persuasive,early,inline_early,yes,5,5,5,7.358357450730817,7.956560400333993,0.5982029496031762,5.92841182746959,7.099185212133845,1.1707733846642547,7.184272102129329,7.437349988878448,0.2530778867491188,4.499800204184908,5.502085895002987,1.0022856908180797,6.552913694504962,7.763985870256162,1.2110721757512,0.7563212668263795,0.6764714813657378,-0.0798497854606417,11.279689377077542,12.33021385353372,1.0505244764561787,-0.07040089479574191,1.077268290824195,1.147669185619937,0.4907451519010491,0.5496670331344841,0.05892188123343495,0.14744926236027703,0.16066330112193064,0.013214038761653613,0.11222345680445499,0.11094325819254225,-0.001280198611912739,0.16561413204107006,0.14896945504886444,-0.01664467699220562,0.03603843589897872,0.032697829443967444,-0.0033406064550112746,0.556618825960011,0.6460594048202586,0.08944057886024759,0.6284866412129311,0.7186839054585075,0.09019726424557639,1.3366909555363025,0.983098838455626,-0.3535921170806765
lab_subject_7,exp_20260727T073257Z_58270880,lab_subject_7__ad_01,advertisement,block_late,explicit_ad_block,late,block_late,yes,5,5,5,2.9447502257651563,1.1612150018492087,-1.7835352239159477,4.034454382429609,3.7841358606350535,-0.2503185217945556,4.926235695159087,3.467822687809983,-1.4584130073491037,2.7687892852262523,2.8927452522087123,0.12395596698245992,9.85720705156003,10.102124200331058,0.24491714877102844,0.19199583048601454,-0.12948429282413443,-0.32148012331014897,13.60332487842194,10.047047771147227,-3.5562771072747132,7.824434630635732,7.7998677206725215,-0.024566909963210648,0.514634962904198,0.33476447691975014,-0.17987048598444783,0.06978954539076905,0.07358967058414202,0.003800125193372972,0.04619720539625293,0.05717478959770327,0.010977584201450341,0.22212247954459974,0.3334129942465358,0.11129051470193607,0.12266195937892833,0.2010580686518689,0.07839610927294056,1.6773362673776373,2.2579795171405026,0.5806432497628653,1.5896782684493018,1.9565549376221052,0.36687666917280337,2.3152168553506693,2.2723542720779224,-0.042862583272746946
lab_subject_7,exp_20260727T073257Z_58270880,lab_subject_7__ad_02,advertisement,inline_late,inline_persuasive,late,inline_late,yes,5,5,5,2.8767763532158526,3.1152344665789027,0.23845811336305012,2.615373296427528,2.2202974820661807,-0.3950758143613471,4.131392351970794,4.504373526413177,0.37298117444238343,2.2457170914396993,1.4008569489033333,-0.844860142536366,7.702440170293141,7.795298294076762,0.09285812378362124,-0.01993259493928079,0.22605268578462656,0.24598528072390735,12.393491829877913,14.069233122940826,1.675741293062913,4.815817675058672,4.677941856360376,-0.13787581869829602,0.5682656316858712,0.6663607670980126,0.09809513541214143,0.08380812406884325,0.08650471002280267,0.0026965859539594267,0.05456328769799102,0.04519596069751775,-0.009367327000473269,0.1905350449843588,0.13920926602602537,-0.05132577895833343,0.08704269353400057,0.07156837112129917,-0.0154743224127014,1.3829454783127448,1.2654999537386604,-0.11744552457408441,1.1097090638487739,0.9568829961603605,-0.15282606768841334,1.7932879402160264,1.3522433568671148,-0.4410445833489116
lab_subject_7,exp_20260727T073257Z_58270880,lab_subject_7__ad_03,advertisement,inline_early,inline_persuasive,early,inline_early,yes,5,5,5,-0.08084850194325788,1.7482803640770126,1.8291288660202705,2.8590616689697397,2.558005430967994,-0.30105623800174586,2.1254768601781713,4.430225297992634,2.304748437814463,1.7269574537743684,1.4979070061791389,-0.22905044759522952,6.411685196213888,6.236982137082354,-0.1747030591315344,-0.14491872925577454,0.5203947147596075,0.6653134440153821,6.901223873225497,11.736755927858603,4.835532054633106,3.8121435185300605,2.6607189669531364,-1.1514245515769241,0.355496031918057,0.580191035473209,0.22469500355515204,0.08054642915925396,0.0884964221923631,0.007949993033109143,0.07854418016663754,0.06103143786677322,-0.017512742299864326,0.2907910371919526,0.18519772922488298,-0.10559330796706962,0.14210462601349386,0.0742389132187773,-0.06786571279471655,1.3741948235995292,0.9570844125438295,-0.4171104110556997,1.320854313892543,0.7767180875270295,-0.5441362263655135,1.9364965130725895,1.8389782496116756,-0.09751826346091397
lab_subject_7,exp_20260727T073257Z_58270880,lab_subject_7__ad_04,advertisement,block_early,explicit_ad_block,early,block_early,yes,5,5,5,1.3483271785609272,1.6847139547403247,0.3363867761793975,2.3968554647667837,2.098256562287815,-0.2985989024789686,5.02170880756399,3.2893363836494425,-1.7323724239145477,1.938470068723195,1.335322667082901,-0.603147401640294,7.626200387819393,7.480008442645492,-0.14619194517390177,0.6538527916804071,0.540431840905935,-0.11342095077447212,15.61325927396445,10.495082590050009,-5.118176683914442,5.118936789347482,4.385979336295046,-0.7329574530524363,0.7040563188077615,0.47445615382763123,-0.2296001649801303,0.06144016225481412,0.09617900822488937,0.03473884597007525,0.034061582621496445,0.06250376170208517,0.028442179080588728,0.13123520057107257,0.24204294537468335,0.11080774480361077,0.06920673574485546,0.12470270046422782,0.05549596471937236,1.3741654745789444,1.6554411691606665,0.2812756945817221,1.1477209928388057,1.319430213587263,0.1717092207484574,1.9387439734138048,1.736529875764093,-0.20221409764971177
lab_subject_8,exp_20260727T120838Z_83e10f68,lab_subject_8__ad_00,advertisement,block_early,explicit_ad_block,early,block_early,yes,5,5,5,7.608226079653015,10.871100310487572,3.262874230834557,8.752395822067335,9.16491862035574,0.4125227982884052,8.568092972306058,9.45234677393816,0.8842538016321022,6.88140850440671,7.696806306573234,0.8153978021665242,10.99724768573414,10.041262982104195,-0.9559847036299445,0.5106805617460388,0.36963287141731627,-0.14104769032872255,15.56686523175516,16.344445905337217,0.7775806735820563,3.5982942061395944,4.400854365819033,0.8025601596794383,0.600889208137044,0.5140558567858586,-0.08683335135118542,0.119927057559446,0.14219844933626505,0.022271391776819055,0.06720356620545422,0.08569768489577748,0.01849411869032326,0.16622723077039864,0.19833674907238824,0.032109518301989604,0.04416685231780768,0.03866920805412554,-0.0054976442636821415,0.9016135738882013,0.7235278866631075,-0.17808568722509377,0.9500015087341165,0.6859754526291096,-0.26402605610500685,1.703837913668094,1.1296099866835507,-0.5742279269845432
lab_subject_8,exp_20260727T120838Z_83e10f68,lab_subject_8__ad_01,advertisement,inline_early,inline_persuasive,early,inline_early,yes,5,5,5,10.42898959875718,8.718156872628489,-1.7108327261286913,7.5374169632433885,8.839912945587905,1.3024959823445164,9.1191445610667,7.7444003514583475,-1.3747442096083518,6.982660364778468,6.340040276027197,-0.6426200887512712,9.742210960285375,9.402262821496302,-0.3399481387890724,0.22098851514340367,-0.32166443894473673,-0.5426529540881404,16.07833654421978,12.841166224809246,-3.2371703194105343,1.7753187619703772,2.148747381067744,0.373428619097367,0.6483335191029486,0.4618594132879264,-0.18647410581502216,0.1007077925484984,0.13034811887274683,0.02964032632424843,0.07294270416451683,0.10956987985358436,0.03662717568906754,0.14369810044262066,0.2276669343481823,0.08396883390556165,0.024977718203841155,0.042196785914702335,0.01721906771086118,0.6882827323098609,0.8448194733556347,0.15653674104577375,0.6296732789721196,0.8901831100123924,0.2605098310402728,1.397329069077515,1.6640990580283888,0.26676998895087367
lab_subject_8,exp_20260727T120838Z_83e10f68,lab_subject_8__ad_03,advertisement,inline_late,inline_persuasive,late,inline_late,yes,5,5,5,8.853024319005856,8.013299340820314,-0.8397249781855418,11.68124221184927,8.759435033013578,-2.9218071788356923,9.841381448026118,7.346251773528048,-2.4951296744980693,9.661245144992822,6.620725605643178,-3.0405195393496447,10.658523133455187,9.879436429636621,-0.7790867038185656,-0.04541643795903738,-0.4471466258221142,-0.4017301878630768,14.624629248842833,14.584478327790066,-0.040150921052767075,2.6870567149456095,2.5234599306544037,-0.16359678429120583,0.4169348639193362,0.5521513587970371,0.13521649487770093,0.14562510677973944,0.08976072928200861,-0.055864377497730835,0.17378761421121955,0.1123572923723351,-0.061430321838884444,0.25222909682320094,0.1877770415099804,-0.06445205531322054,0.030928849039820853,0.03309450950050139,0.0021656604606805387,0.7791898250214612,0.8764312815390093,0.09724145651754812,0.6152902476113854,0.9886784679296111,0.3733882203182257,0.7938022244359251,1.0910877141958994,0.2972854897599744
lab_subject_8,exp_20260727T120838Z_83e10f68,lab_subject_8__ad_04,advertisement,block_late,explicit_ad_block,late,block_late,yes,5,5,5,8.486716015106872,8.361106581750807,-0.12560943335606467,8.338463722203485,7.264039859010638,-1.0744238631928473,7.891663614920725,7.823575073852464,-0.06808854106826168,7.023937691717209,6.18921433811699,-0.8347233536002188,8.660478908300702,8.965889332883577,0.3054104245828757,0.0226897826885768,-0.3602330317680149,-0.3829228144565917,15.746641845178281,13.927019634853885,-1.8196222103243969,2.188395940954741,2.2597366366023426,0.07134069564760148,0.6620221361643531,0.5447054647923308,-0.11731667137202229,0.13013628450324172,0.13672269104555373,0.006586406542312018,0.08335348832476411,0.08008336940386704,-0.0032701189208970693,0.14394911337601715,0.17177457680366917,0.02782546342765202,0.0252038986845715,0.03538192703636962,0.010178028351798124,0.6877859329519522,0.7713940157345414,0.08360808278258913,0.696857127002105,0.8408315668943243,0.14397443989221925,1.2568637733974055,1.61124574086163,0.35438196746422457
lab_subject_9,exp_20260727T141010Z_f065c5c8,lab_subject_9__ad_00,advertisement,inline_late,inline_persuasive,late,inline_late,yes,5,5,5,6.247509857822235,5.321567227448202,-0.9259426303740321,7.422144980535039,7.68632191167069,0.26417693113565033,9.299399326857774,8.230800885110405,-1.068598441747369,7.047609096611096,7.68948466603371,0.6418755694226146,10.904137438785202,11.54475070276877,0.6406132639835675,0.640013913834462,0.5142559551376173,-0.1257579586968447,20.327286578212206,19.306862017633378,-1.020424560578828,6.926700523560831,7.838405556140237,0.9117050325794054,0.7802748240495276,0.6266921833824797,-0.15358264066704796,0.057622244075286,0.06758802022740085,0.009965776152114844,0.037426585839611726,0.04998213772360319,0.012555551883991461,0.09621053014191291,0.17461487444598997,0.07840434430407706,0.03259764131487737,0.07210930618361534,0.03951166486873797,0.8320998444255602,1.1467943065821617,0.3146944621566016,0.7832720879663578,1.196483571059754,0.41321148309339606,3.5756820843794364,3.871273029796332,0.2955909454168957
lab_subject_9,exp_20260727T141010Z_f065c5c8,lab_subject_9__ad_01,advertisement,inline_early,inline_persuasive,early,inline_early,yes,5,5,5,6.226465199512019,6.072064407872516,-0.15440079163950227,7.1795231213395185,8.051109589789887,0.871586468450368,7.424075893869397,8.115459743749202,0.6913838498798048,6.543926941567558,7.29517970119089,0.7512527596233323,11.49473082206523,11.462699944662445,-0.03203087740278576,-0.0713539845937774,0.9448695610040261,1.0162235455978035,17.38557086271583,20.42935817425068,3.0437873115348495,9.107630658729658,8.58481896561699,-0.5228116931126685,0.6378386865504178,0.7784553121273446,0.1406166255769269,0.0668546424700272,0.05438664815631946,-0.012467994313707743,0.0499812411355453,0.037822871276537065,-0.012158369859008235,0.14847258752115697,0.0987430457595274,-0.04972954176162957,0.09935558688937329,0.03822850549218638,-0.061127081397186915,1.2985962667433122,1.1824267699895243,-0.11616949675378785,2.1289991568004263,1.4899877335268477,-0.6390114232735786,4.54484438714087,3.396749847665017,-1.1480945394758528
lab_subject_9,exp_20260727T141010Z_f065c5c8,lab_subject_9__ad_02,advertisement,block_early,explicit_ad_block,early,block_early,yes,5,5,5,6.708022173819604,6.825245223215669,0.1172230493960651,7.457925657066352,8.09856875701714,0.6406430999507888,7.455407057681459,8.870017167149031,1.4146101094675725,6.787659860311008,7.219057771403403,0.4313979110923949,10.277577640830737,10.326189519847492,0.048611879016755566,0.7243625340223012,1.0170640883879685,0.29270155436566725,19.190370803040107,22.225751106280633,3.035380303240526,6.898789101151012,6.7190372155818565,-0.17975188556915533,0.7607475773212906,0.8312415004833393,0.07049392316204872,0.04210317268998475,0.04679316813056531,0.0046899954405805605,0.04985539261045337,0.026245683308727494,-0.023609709301725873,0.09621330174834469,0.06635452067400541,-0.029858781074339286,0.051080555629926624,0.03214107391763396,-0.018939481712292663,1.0462679733421885,0.9387916170153431,-0.10747635632684538,0.8807037409929228,0.8096895224618358,-0.07101421853108703,1.7850966896604976,2.249372910556699,0.46427622089620146
lab_subject_9,exp_20260727T141010Z_f065c5c8,lab_subject_9__ad_04,advertisement,block_late,explicit_ad_block,late,block_late,yes,5,5,5,6.8366439724188375,5.158448268787863,-1.6781957036309745,7.936533924743116,6.991371426742185,-0.945162498000931,7.561202220624791,6.7194918451221985,-0.8417103755025925,6.599668142883152,6.552072798504373,-0.0475953443787791,9.683267890286665,10.139588002438128,0.45632011215146306,0.31842540982772505,0.7358164076834726,0.4173909978557475,16.3860787397978,15.843498820375272,-0.5425799194225274,5.516819181854345,6.792568550106854,1.2757493682525087,0.6690832053991802,0.6144285259636023,-0.05465467943557789,0.08039221661491153,0.06715665119019458,-0.013235565424716947,0.0652737652080433,0.062142173564273526,-0.0031315916437697766,0.12961287318925022,0.17171779312734595,0.04210491993809573,0.048331593265497214,0.08455485615458369,0.03622326288908648,0.8472962055299549,1.1888816632964159,0.341585457766461,0.828834354386368,1.2897759802360127,0.4609416258496447,1.8468104127079807,2.4484289893792877,0.6016185766713069
lab_subject_10,exp_20260728T091433Z_242026ac,lab_subject_10__ad_00,advertisement,inline_late,inline_persuasive,late,inline_late,yes,5,5,5,8.67007475180702,8.603836600146465,-0.06623815166055458,8.38603938851409,7.643597628767056,-0.7424417597470345,9.266848570556533,6.990546072996931,-2.276302497559602,7.3522427091992935,6.921642413807189,-0.43060029539210465,5.002991259912164,6.080954455097976,1.077963195185812,0.7294680213049354,0.5434471771912506,-0.1860208441136848,16.383036954498277,12.268625033569258,-4.114411920929019,-1.699651332004378,-0.3442727598122885,1.3553785721920895,0.7034046370313013,0.5337041733344182,-0.16970046369688307,0.1366426854271153,0.15505483058036346,0.018412145153248155,0.08683886369970155,0.1328661429058451,0.046027279206143565,0.0554904735021872,0.1359368391626147,0.08044636566042751,0.012295201729742213,0.030960961966973406,0.018665760237231193,0.2598876099830732,0.38774666479556397,0.12785905481249077,0.21567580236025213,0.3390412777821292,0.12336547542187709,0.27398366211589464,0.5597408143873956,0.285757152271501
lab_subject_10,exp_20260728T091433Z_242026ac,lab_subject_10__ad_01,advertisement,block_early,explicit_ad_block,early,block_early,yes,5,5,5,11.378846981086522,7.970495746206741,-3.40835123487978,8.992069395672909,7.372808329672761,-1.6192610660001474,8.58855452899402,8.073870424761662,-0.5146841042323587,8.135635445708026,8.366214504558211,0.2305790588501857,4.668562262569416,6.067333302238625,1.3987710396692092,0.5270656110995411,0.8069463157597596,0.2798807046602185,12.945982965960297,16.620306545162002,3.6743235792017046,-3.277938982282791,0.5842126786120007,3.8621516608947917,0.5772612428106324,0.695724940025674,0.11846369721504157,0.12482891283786414,0.12004636999090906,-0.004782542846955076,0.16347532020044467,0.1319686057197043,-0.031506714480740355,0.08170591184026865,0.06615965834956777,-0.015546253490700879,0.011880427157756664,0.015449871839451223,0.003569444681694558,0.20764169114741515,0.2924874790076961,0.08484578786028096,0.16631050197908587,0.22910705633382852,0.06279655435474266,0.19307318669070084,0.20815790275073065,0.015084716060029812
lab_subject_10,exp_20260728T091433Z_242026ac,lab_subject_10__ad_02,advertisement,inline_early,inline_persuasive,early,inline_early,yes,5,5,5,9.302984019916678,8.547113185997926,-0.7558708339187525,10.51113734281276,8.249439357317911,-2.2616979854948482,8.270611587860959,6.976802411190073,-1.2938091766708855,9.620288109029367,8.641219529735661,-0.9790685792937062,5.242721810157294,6.952768621696297,1.7100468115390033,0.7371992652531638,0.7836154345457906,0.04641616929262682,12.221739139186798,15.58745597225496,3.365716833068161,-3.620822011018456,0.8862431868689167,4.507065197887373,0.40937173244535885,0.5292967212316624,0.11992498878630353,0.16886700445076677,0.12069378772417041,-0.04817321672659636,0.28425212001236055,0.22118277916814488,-0.06306934084421567,0.09249179480003276,0.1127989276780609,0.020307132878028142,0.009982892739397608,0.02875257859181513,0.01876968585241752,0.19685798696557635,0.2642446954568214,0.06738670849124503,0.18136741795414774,0.2399696729823249,0.058602255028177175,0.14317445991333927,0.22938403466300028,0.08620957474966101
lab_subject_10,exp_20260728T091433Z_242026ac,lab_subject_10__ad_03,advertisement,block_late,explicit_ad_block,late,block_late,yes,5,5,5,10.271784733238508,8.069072018659858,-2.2027127145786505,8.18555737813263,8.950031440525917,0.7644740623932869,7.3194432261226625,7.949801983912124,0.6303587577894616,7.795817851204255,7.991481251058512,0.19566339985425696,4.616863559563804,5.178942869203933,0.5620793096401293,0.4622258473869394,0.5118181693666699,0.049592321979730514,12.913162675230069,15.604445336503439,2.6912826612733696,-3.570558129134325,-1.9646033906205966,1.6059547385137285,0.584888349245682,0.6580647146693593,0.07317636542367734,0.15549831395532637,0.11292868456838365,-0.042569629386942726,0.1867290835897718,0.15865446826207621,-0.02807461532769559,0.0865850792726603,0.08821991273826818,0.001634833465607874,0.013376973257686138,0.02210254914609378,0.00872557588840764,0.24414571898181237,0.2502502385515443,0.006104519569731959,0.20670940792846682,0.2397088718969058,0.032999463968438975,0.23240416741716458,0.16386500821357913,-0.06853915920358544
lab_subject_11,exp_20260728T164420Z_99421c58,lab_subject_11__ad_00,advertisement,block_late,explicit_ad_block,late,block_late,yes,5,5,5,6.384517836392579,6.454087942929041,0.069570106536462,6.167928160983828,6.523611653163616,0.35568349217978845,7.287557187066276,7.325265555181513,0.037708368115237256,6.158470476124387,7.226308570550795,1.0678380944264072,8.844941474231462,8.967595815295386,0.12265434106392448,0.3289564855686784,0.14289454072473262,-0.18606194484394578,13.755119186786072,14.898221634752758,1.1431024479666867,3.5292896915266967,3.5909824815547715,0.06169279002807482,0.5612599935301893,0.5964313274382389,0.03517133390804961,0.12502825917663435,0.1046365276887552,-0.02039173148787915,0.07998758638072342,0.10194575350547759,0.021958167124754166,0.1708405487915786,0.1522291648078508,-0.018611383983727803,0.058956414924047906,0.049072708963641895,-0.009883705960406011,0.8268789323215338,0.7319606437111061,-0.09491828861042761,0.6752157678468271,0.5672114833255478,-0.1080042845212793,0.8511118119365066,0.6541311178946765,-0.19698069404183016
lab_subject_11,exp_20260728T164420Z_99421c58,lab_subject_11__ad_01,advertisement,inline_early,inline_persuasive,early,inline_early,yes,5,5,5,5.90545592805555,6.783988043136682,0.878532115081132,4.358228831249785,6.197842523698124,1.8396136924483386,6.486969639351255,7.080156997038561,0.5931873576873059,5.3834059415282205,7.606314031414097,2.222908089885877,8.128487147131523,9.19060425334883,1.0621171062173076,-0.013380563635550402,0.5122234874355698,0.5256040510711202,13.876284701217877,15.390399602484008,1.5141149012661312,2.060865874089653,2.28729849731425,0.22643262322459723,0.5797778663192497,0.5673855420937151,-0.012392324225534601,0.11859808916636805,0.12135370978627405,0.002755620619906002,0.09814402841334673,0.12098120485101344,0.02283717643766671,0.16424430636035448,0.16517384945176644,0.0009295430914119662,0.03880438524683079,0.04144010914331391,0.0026357238964831234,0.8041227147630285,0.8074638680336803,0.0033411532706517644,0.6248303261688253,0.772502472029905,0.14767214586107968,1.2492802621828338,0.6960180638170934,-0.5532621983657404
lab_subject_11,exp_20260728T164420Z_99421c58,lab_subject_11__ad_03,advertisement,inline_late,inline_persuasive,late,inline_late,yes,5,5,5,5.641289494107083,7.572999444206197,1.9317099500991146,7.050640550546107,7.028273897299107,-0.02236665324700038,6.900063806080109,7.563232717729998,0.6631689116498896,6.870642836449673,7.458594307427518,0.5879514709778446,8.432296982383027,8.038412491611284,-0.39388449077174315,0.5663164419435738,0.2412645106964888,-0.325051931247085,12.792709516429372,13.675918597394855,0.8832090809654822,0.853091586440481,1.0954423642432678,0.2423507778027868,0.5380628389313675,0.5748264704852365,0.03676363155386897,0.09753399583520643,0.13094029036368746,0.033406294528481026,0.11145692729346195,0.10959648676299902,-0.0018604405304629285,0.15544713387273038,0.1403026479736646,-0.01514448589906578,0.03199290428408219,0.030154782370938406,-0.0018381219131437844,0.6682477481455126,0.6015361551918869,-0.06671159295362572,0.6456565585550847,0.5172138502849429,-0.12844270827014181,0.6802499011929326,0.6319890818878645,-0.04826081930506809
lab_subject_11,exp_20260728T164420Z_99421c58,lab_subject_11__ad_04,advertisement,block_early,explicit_ad_block,early,block_early,yes,5,5,5,5.376043630602785,6.037331328852938,0.6612876982501525,7.198511440616965,8.149922719023062,0.9514112784060966,6.177215415135148,7.744398440144104,1.5671830250089558,7.549934277991115,8.782528345050354,1.2325940670592388,7.684414113592699,8.921907061887165,1.2374929482944657,0.1703631902648972,0.3066932309014234,0.1363300406365262,11.03238434304579,12.99088783085222,1.9585034878064302,0.3096538847115041,0.29409459911693664,-0.015559285594567485,0.4457060887467245,0.453105081437203,0.007398992690478501,0.13612815744989826,0.13837290791501072,0.002244750465112466,0.16156894814724457,0.17269452924414416,0.011125581096899595,0.2033884157506708,0.171078655759447,-0.03230975999122379,0.03722632723021922,0.023237304439790395,-0.013989022790428827,0.6180188016890253,0.6446016872373334,0.02658288554830801,0.5655792374777038,0.6272584667405917,0.061679229262887936,0.6438962620326207,0.4993380850108753,-0.14455817702174545
lab_subject_12,exp_20260728T142237Z_262a5eab,lab_subject_12__ad_01,advertisement,block_early,explicit_ad_block,early,block_early,yes,5,5,5,9.571400331518522,9.446205920305186,-0.12519441121333585,8.427137463723401,8.216893459676319,-0.2102440040470821,6.904068081016563,8.210896343738126,1.306828262721563,7.504688130832148,9.789200266717668,2.28451213588552,7.7497911026539885,8.215478435077886,0.46568733242389726,-0.5671503206419182,-1.1075009689142163,-0.5403506482722982,12.204635209813642,12.865348166793805,0.6607129569801629,1.0373782958011564,1.8793959377236569,0.8420176419225005,0.43352543149984457,0.4189580828827358,-0.014567348617108788,0.1464430806514087,0.14395506895342128,-0.00248801169798743,0.17244540929143434,0.26804280792998075,0.09559739863854641,0.15130631411126824,0.12357148403650663,-0.027734830074761616,0.03539935846058989,0.030942748514085103,-0.004456609946504788,0.5387220723218729,0.4081690402474565,-0.13055303207441638,0.5057041482112626,0.3503896643545514,-0.15531448385671126,0.49434320455692626,0.27450046885139917,-0.2198427357055271
lab_subject_12,exp_20260728T142237Z_262a5eab,lab_subject_12__ad_02,advertisement,inline_early,inline_persuasive,early,inline_early,yes,5,5,5,8.834229341080292,9.35009910254144,0.5158697614611487,8.23473620334864,8.294517588102892,0.059781384754250766,7.14289779208154,7.448015310227754,0.305117518146214,6.696751777419077,7.489848453068994,0.7930966756499176,7.510140345816544,8.397846399341525,0.8877060535249806,0.11169177994793245,0.3035290783809259,0.19183729843299346,13.589636789658389,11.453361255775686,-2.136275533882703,0.8232769395253632,2.1407713366179366,1.3174943970925734,0.577483080566922,0.4198366730112712,-0.1576464075556508,0.12757021695129472,0.14889374928820037,0.02132353233690565,0.1283710743240298,0.17084440662095857,0.04247333229692876,0.14594970145419872,0.1930978582956365,0.04714815684143778,0.030542408362853733,0.04985320147572999,0.019310793112876257,0.539281838610328,0.6114723595033107,0.07219052089298272,0.657877398447362,0.6277643376920193,-0.030113060755342702,0.5955926863802963,0.5323567047118064,-0.06323598166848987
lab_subject_12,exp_20260728T142237Z_262a5eab,lab_subject_12__ad_03,advertisement,block_late,explicit_ad_block,late,block_late,yes,5,5,5,8.240927484261631,9.978090513828459,1.7371630295668279,6.844936767404474,7.932537149570782,1.0876003821663085,7.085438268269146,7.962394218285249,0.8769559500161028,5.959175573379949,8.113750404570352,2.154574831190403,6.649767586600199,8.02382768440989,1.3740600978096902,0.15727611116453133,-0.5011211541050997,-0.658397265269631,12.701578788991752,12.29572435901655,-0.4058544299752018,-0.5470946590641941,0.8570831679794368,1.404177827043631,0.5531780890872586,0.44906901763038437,-0.10410907145687426,0.15668673481567502,0.150895918939363,-0.005790815876312028,0.11711826988004792,0.1827968386977736,0.06567856881772569,0.1373042086704773,0.17208627773330645,0.03478206906282916,0.025420230114409973,0.03309157780102313,0.007671347686613154,0.5429523389294503,0.5164700541493349,-0.026482284780115384,0.594497996471783,0.4906163115461432,-0.10388168492563982,0.5756176434449193,0.5112393497864118,-0.06437829365850745
lab_subject_12,exp_20260728T142237Z_262a5eab,lab_subject_12__ad_04,advertisement,inline_late,inline_persuasive,late,inline_late,yes,5,5,5,8.326306774695603,7.211129522849349,-1.1151772518462533,10.416543502708961,9.453674379418738,-0.9628691232902238,8.154067748827744,7.221243325302589,-0.9328244235251555,8.461816207537757,8.18541390430606,-0.2764023032316967,7.415082993115474,7.901816611482532,0.4867336183670581,-0.052898311410825016,-0.09312590757460981,-0.040227596163784796,14.109022554193801,12.013802838747763,-2.0952197154460386,0.9913273439976923,1.7675602282380014,0.7762328842403091,0.6319586900342203,0.4448164451001422,-0.18714224493407816,0.12310920995099747,0.11779860407523574,-0.005310605875761737,0.13015667621015883,0.18987421244593752,0.05971753623577869,0.13592210509104177,0.19899301968610664,0.06307091459506486,0.023868228797181534,0.04574460130486109,0.021876372507679556,0.4153102039983949,0.626767388158504,0.21145718416010906,0.4165589920747703,0.6555425698574212,0.2389835777826509,0.5624827221252954,0.4407232002737497,-0.12175952185154565
lab_subject_13,exp_20260729T085134Z_65b7fd8e,lab_subject_13__ad_00,advertisement,block_late,explicit_ad_block,late,block_late,yes,5,5,5,8.73609854526676,6.181545717424843,-2.554552827841917,4.806265444962498,3.1859021418746716,-1.6203633030878262,7.735073279529168,6.703999712867477,-1.031073566661691,6.102511681883583,4.345822000445841,-1.7566896814377424,7.338288089544381,6.1334304908761,-1.2048575986682808,0.3185920648967624,1.0191761731058584,0.700584108209096,18.667120903281585,17.18470007817354,-1.4824208251080435,2.5908702562429067,2.944016846046886,0.35314658980397917,0.8143835660632797,0.7652424386297798,-0.049141127433499854,0.06107792858475739,0.07115369838207221,0.010075769797314817,0.029907719158323846,0.03712777377087485,0.0072200546125510065,0.05182929976812013,0.07572391600529459,0.023894616237174454,0.020539122555943874,0.033425955539223055,0.012886832983279181,0.45766189648779515,0.6028605104541898,0.1451986139663946,0.3159419846197111,0.40167041544033133,0.0857284308206202,0.7094316812413137,0.8857836048196485,0.17635192357833473
lab_subject_13,exp_20260729T085134Z_65b7fd8e,lab_subject_13__ad_01,advertisement,inline_late,inline_persuasive,late,inline_late,yes,5,5,5,6.231773533002601,6.6805936014213945,0.44882006841879374,3.705335062064923,4.522731999542482,0.8173969374775591,5.84085203555473,7.1067967660609686,1.2659447305062388,4.382862715877377,5.7147488795859385,1.3318861637085613,7.099559851679036,7.070991680255199,-0.02856817142383683,0.37121097411484527,0.12094797935825241,-0.25026299475659286,14.124709621494082,17.66716636201239,3.5424567405183094,3.329160644995277,1.4227775239442628,-1.9063831210510143,0.666777501243865,0.7408287612335073,0.07405125998964224,0.08895406711896367,0.07199711338285635,-0.016956953736107325,0.07017879385313994,0.043053223260360124,-0.027125570592779813,0.13558187636934083,0.10668663698270386,-0.02889523938663696,0.052224527733472005,0.03526936963968511,-0.016955158093786893,0.7109302251457364,0.6254506621779307,-0.08547956296780579,0.5134455720971103,0.5222177182374944,0.00877214614038413,0.9727754141446476,0.9861947578154415,0.013419343670793893
lab_subject_13,exp_20260729T085134Z_65b7fd8e,lab_subject_13__ad_03,advertisement,block_early,explicit_ad_block,early,block_early,yes,5,5,5,7.925640034010534,7.413694755960951,-0.5119452780495832,3.810226389044935,2.4549904143300014,-1.3552359747149336,8.650162254863838,6.948553477490966,-1.701608777372872,5.16136205726366,4.3602751406403355,-0.8010869166233245,6.959300399755711,6.222701634458452,-0.7365987652972592,0.7621460329328613,0.41796496494637836,-0.34418106798648296,18.694794288507953,18.56977152464148,-0.12502276386647182,2.871449883017014,2.072547288543642,-0.7989025944733719,0.803779277939995,0.825018875295331,0.021239597355335982,0.07318561284173912,0.0713976032774756,-0.001788009564263518,0.03481851108006108,0.036324458443340445,0.0015059473632793655,0.05389983263709647,0.04922736105084952,-0.004672471586246944,0.027946256873916622,0.019965850843656617,-0.007980406030260005,0.4712568813194538,0.5788662415847257,0.10760936026527185,0.21824828614284508,0.3211546132243933,0.10290632708154823,0.971928041102461,1.048386223264055,0.07645818216159406
lab_subject_13,exp_20260729T085134Z_65b7fd8e,lab_subject_13__ad_04,advertisement,inline_early,inline_persuasive,early,inline_early,yes,5,5,5,3.5815089806690024,5.994366887030682,2.4128579063616797,2.3580137883160894,2.953959155429752,0.5959453671136625,7.8708542118169245,6.414475157073757,-1.4563790547431674,3.4153669605186696,4.07165953996743,0.6562925794487606,4.5045040132319,6.033329262207702,1.528825248975802,0.5274854344541495,0.36531122362136514,-0.16217421083278438,18.770197034610003,17.288454846868714,-1.4817421877412897,-0.3223959377761938,0.30234146174692705,0.6247373995231209,0.8414978719397814,0.8094407973951525,-0.032057074544628916,0.05053306656581311,0.06409801456479366,0.013564947998980552,0.03191816545082179,0.03582111572609784,0.003902950275276054,0.041988500253832904,0.060627900812165444,0.01863940055833254,0.014241887919271518,0.020828857671971283,0.006586969752699765,0.4138411285051318,0.5812701508741955,0.16742902236906376,0.31438709418059935,0.324625725271819,0.010238631091219641,0.9078407917723822,0.8881619156834201,-0.019678876088962127
lab_subject_14,exp_20260729T141534Z_a0790737,lab_subject_14__ad_00,advertisement,inline_early,inline_persuasive,early,inline_early,yes,5,5,5,-1.296356827942289,-4.14311422332722,-2.8467573953849303,5.230872449880809,3.6570024958238543,-1.5738699540569545,6.125985846421934,3.3637751709280552,-2.762210675493879,3.5911117081628694,2.082398261294402,-1.5087134468684673,8.387680719141832,6.067057905839526,-2.3206228133023057,1.4075712667672917,1.323445526864461,-0.08412573990283079,22.843458646671895,17.503878415714134,-5.339580230957761,5.306602177790152,3.0017179176611557,-2.3048842601289965,0.8983801924182871,0.8352083770984855,-0.06317181531980165,0.03129682024439277,0.033678276430898435,0.002381456186505662,0.015159095463633464,0.023968829504820134,0.00880973404118667,0.03254590105928052,0.06953684651351026,0.03699094545422974,0.020004509879872664,0.037607670452285774,0.01760316057241311,0.9028354632370271,1.1416844058043976,0.23884894256737044,0.9532314434319735,1.6184117225624621,0.6651802791304886,1.6169856587441187,1.3980362964991593,-0.21894936224495942
lab_subject_14,exp_20260729T141534Z_a0790737,lab_subject_14__ad_01,advertisement,inline_late,inline_persuasive,late,inline_late,yes,5,5,5,-1.3771193363612166,-1.0796464143690774,0.29747292199213926,4.465108375458699,5.003549590023083,0.5384412145643847,4.7621177974392275,3.79601328332412,-0.9661045141151074,2.6661807656707284,3.327463991454933,0.6612832257842047,6.967753366410888,8.015112748659329,1.0473593822484402,1.6923737874544535,1.102152729933703,-0.5902210575207505,15.881992589408899,18.332383734838327,2.4503911454294283,4.401295789105697,5.867400374796151,1.466104585690454,0.7479173047459436,0.7515537214300028,0.0036364166840591183,0.07118082985006224,0.04091979657566627,-0.03026103327439597,0.03542667563259802,0.03505937183201318,-0.00036730380058484086,0.09609590894667595,0.10295679844035338,0.006860889493677427,0.05574854786205173,0.06951031172196422,0.013761763859912485,0.9903106690312847,1.407043103656445,0.4167324346251603,1.1280597994084554,1.6626929622465536,0.5346331628380983,1.53252438942139,1.463785900596965,-0.06873848882442513
lab_subject_14,exp_20260729T141534Z_a0790737,lab_subject_14__ad_03,advertisement,block_early,explicit_ad_block,early,block_early,yes,5,5,5,-1.5710402935143186,-1.8829297411191241,-0.3118894476048055,4.468893814524262,4.267727367721683,-0.20116644680257867,4.781522656638343,3.823368093489158,-0.9581545631491846,3.090446832015364,3.011984917518965,-0.07846191449639939,8.377000863991736,6.472813664084455,-1.9041871999072804,2.0493196941372567,1.5104056267959258,-0.5389140673413308,14.28033895981552,12.206236777198157,-2.074102182617363,6.495880544814141,3.3178256846004386,-3.1780548602137024,0.5832102862731455,0.5282113793176287,-0.05499890695551679,0.06545510816257571,0.07568666631657157,0.01023155815399586,0.04434411199071677,0.06958149151816531,0.02523737952744854,0.18310193582504222,0.2040369248379427,0.020934989012900473,0.12388855774851985,0.08533812545297195,-0.0385504322955479,1.4660992905960915,1.0508321150294062,-0.41526717556668524,2.137158735988443,1.2393416309461796,-0.8978171050422634,2.174902262031762,1.1624801306276757,-1.0124221314040862
lab_subject_14,exp_20260729T141534Z_a0790737,lab_subject_14__ad_04,advertisement,block_late,explicit_ad_block,late,block_late,yes,5,5,5,-1.6215535465644306,-2.832946678796243,-1.2113931322318123,3.577689294540992,3.4947538114098893,-0.08293548313110266,3.644100227775752,4.5627743738836575,0.9186741461079055,1.5485883142105492,3.0750218344816096,1.5264335202710604,6.889361286409134,8.00164232838551,1.1122810419763756,1.181300715127069,1.805698146495633,0.6243974313685641,14.706112598564925,14.285136949095422,-0.4209756494695025,3.876977606656937,6.688705779118767,2.8117281724618306,0.6992183070106224,0.6759355153295303,-0.02328279168109204,0.0714648169878579,0.05489953647328332,-0.016565280514574572,0.05051377601787959,0.04257788528999562,-0.00793589072788397,0.12441504226960963,0.12067458767408204,-0.0037404545955275897,0.06483161731479356,0.08017841902042822,0.015346801705634655,1.2484173585596887,1.1858494972024054,-0.06256786135728332,1.2278173923387374,1.3176644231466903,0.08984703080795287,1.4175283988079592,1.3148083726812425,-0.10272002612671671
lab_subject_15,exp_20260730T074927Z_347e077f,lab_subject_15__ad_00,advertisement,inline_late,inline_persuasive,late,inline_late,yes,5,5,5,2.850723941375768,1.453723489398302,-1.397000451977466,1.0473030702087123,1.680579356204566,0.6332762859958538,3.487662395153162,3.8872447795742673,0.3995823844211053,0.9916337824781075,1.2236686804160688,0.23203489793796128,2.600418726466412,3.1567238066405032,0.5563050801740914,1.2811192587442193,1.1724437358590656,-0.1086755228851537,12.60786606482251,13.910131029633046,1.3022649648105364,-0.8162342363485222,-0.39246003294332776,0.42377420340519445,0.7500182345088638,0.7727046591766901,0.02268642466782622,0.09184414068660852,0.08682104868631593,-0.005023092000292592,0.05169500645496865,0.04083346928051069,-0.01086153717445796,0.07487331955846392,0.0778359580122724,0.0029626384538084805,0.0315692987910953,0.031761572915918766,0.0001922741248234633,0.5303649259858794,0.5578905712605379,0.027525645274658506,0.5123483228801229,0.5467155911179366,0.034367268237813664,0.8569748057110234,1.08136170612891,0.22438690041788667
lab_subject_15,exp_20260730T074927Z_347e077f,lab_subject_15__ad_02,advertisement,block_early,explicit_ad_block,early,block_early,yes,5,5,5,3.155727546287985,2.694463756682748,-0.46126378960523695,1.5464720304825539,0.8787974170816043,-0.6676746134009496,7.025830008888374,2.9135467433696025,-4.112283265518771,1.768471464577186,1.0354395500460907,-0.7330319145310953,4.406058332495903,1.9779079843859992,-2.428150348109903,1.3829475271047045,1.3044460956474886,-0.07850143145721589,21.979744384110145,12.514039946110218,-9.465704437999927,1.1297087566505672,-3.108358336981534,-4.238067093632101,0.9413190302259657,0.8044675907882785,-0.1368514394376873,0.029912038948042605,0.08296984493716529,0.053057805989122686,0.008241791558415668,0.047116113259188484,0.03887432170077282,0.013484035229963158,0.07069602728776257,0.057211992057799414,0.005863191419692528,0.020378890242243788,0.01451569882255126,0.3534123586275492,0.488919408689745,0.13550705006219577,0.41577197798979826,0.4629800179140387,0.04720803992424044,0.9630615530546581,0.857921650130615,-0.10513990292404307
lab_subject_15,exp_20260730T074927Z_347e077f,lab_subject_15__ad_03,advertisement,block_late,explicit_ad_block,late,block_late,yes,5,5,5,1.4126963486472626,0.19197603709437022,-1.2207203115528924,0.7208330411565353,1.5901847368691657,0.8693516957126304,5.990794246485287,6.3208244548805395,0.3300302083952529,1.5198198118230781,1.810786395459685,0.2909665836366069,2.7726751441163455,4.751676996392112,1.9790018522757662,1.3954069093829524,1.4785404630381116,0.08313355365515918,14.89368946866499,18.29499932924055,3.4013098605755605,-1.5853771185305578,1.6502940226310947,3.2356711411616526,0.7957709319231131,0.7531614131443927,-0.042609518778720434,0.09737800634815351,0.05510590550453775,-0.04227210084361576,0.03536890982478058,0.03300784928419869,-0.00236106054058189,0.048512152714130674,0.08940084107836613,0.040888688364235454,0.01790116981402785,0.054534435311788816,0.03663326549776097,0.3520073306643904,0.8079313001814685,0.45592396951707814,0.29538507186852697,0.7259287871889246,0.43054371532039765,0.8159372905671479,1.3157187558411956,0.49978146527404765
lab_subject_15,exp_20260730T074927Z_347e077f,lab_subject_15__ad_04,advertisement,inline_early,inline_persuasive,early,inline_early,yes,5,5,5,2.3054464850091563,1.9033550278563662,-0.40209145715279004,0.8761993772381536,1.4747029215942151,0.5985035443560616,3.1861964343536187,3.6146719118339403,0.42847547748032166,0.188748566109687,0.8910064585204363,0.7022578924107492,2.537149610576939,3.2390517037069833,0.7019020931300441,0.8856790241234904,0.5409361333721989,-0.3447428907512915,10.0540580259105,14.239712641516215,4.185654615605715,-0.5895020949592172,-2.1289373545918195,-1.5394352596326022,0.6378421499592778,0.6850374046034682,0.04719525464419039,0.13119795201278128,0.07274965919486352,-0.05844829281791776,0.06474699635872488,0.05222873936596376,-0.012518256992761122,0.11238582163451738,0.12495501225845955,0.01256919062394217,0.05382708003469864,0.0468009477704709,-0.007026132264227741,0.6009873680033054,0.6814578891228172,0.0804705211195118,0.593991311167424,0.615661962839928,0.021670651672504038,0.845826884080282,1.1167379411059368,0.2709110570256549
lab_subject_16,exp_20260730T110035Z_a5786cb8,lab_subject_16__ad_01,advertisement,inline_early,inline_persuasive,early,inline_early,yes,5,5,5,4.3642382681000855,2.3759454335548815,-1.988292834545204,7.592941733404227,5.602357623747299,-1.9905841096569281,5.159742335424255,4.47691794405387,-0.6828243913703851,5.044701395589488,3.3184583291353595,-1.7262430664541286,10.016649449794743,9.081936793056054,-0.9347126567386894,0.3882461839733189,1.2636185882409308,0.8753724042676119,18.160634355887414,13.970381279269848,-4.190253076617566,6.815810504612626,6.117178261653478,-0.6986322429591478,0.6966564422209479,0.5838512810122757,-0.11280516120867223,0.05360218752812369,0.062308807503717215,0.008706619975593521,0.034148269851092386,0.043223693912447285,0.009075424061354899,0.11866747712752394,0.21160173448601644,0.09293425735849249,0.08721913003280675,0.09571542579359299,0.00849629576078624,1.5602471281123786,1.9443049148412002,0.3840577867288215,0.9808644812150403,1.706466341936105,0.7256018607210647,2.077234168108203,2.3018664475025714,0.22463227939436825
lab_subject_16,exp_20260730T110035Z_a5786cb8,lab_subject_16__ad_02,advertisement,block_late,explicit_ad_block,late,block_late,yes,5,5,5,4.427621999166206,4.429265323697761,0.0016433245315550238,6.989281678133736,5.306668582133808,-1.682613095999928,4.671144268373059,5.349036304150929,0.6778920357778704,4.826486831941985,3.8836969044274294,-0.9427899275145553,9.297005137214372,9.124776617270788,-0.1722285199435838,0.3537656485900662,1.0614735114866605,0.7077078628965943,19.386560645545988,14.747620434302089,-4.638940211243899,6.499674108382569,5.6073667602478,-0.8923073481347696,0.7445309686823384,0.6344795059396309,-0.1100514627427075,0.02858095987424711,0.07455518954381873,0.045974229669571626,0.03387242924691384,0.05298366430886407,0.019111235061950234,0.11471244181911869,0.16328711354697648,0.04857467172785779,0.06023895392635677,0.07637796846413854,0.01613901453778177,1.7211600757926455,1.297418290467106,-0.4237417853255394,1.3956076128869526,1.1189162887820376,-0.2766913241049149,3.0096573491475733,1.9400018322442427,-1.0696555169033306
lab_subject_16,exp_20260730T110035Z_a5786cb8,lab_subject_16__ad_03,advertisement,inline_late,inline_persuasive,late,inline_late,yes,5,5,5,4.184701101233225,3.5125528328520064,-0.6721482683812185,6.910731702012329,5.862022221674666,-1.0487094803376635,6.454879388713213,4.333718346066262,-2.1211610426469507,4.456054329517804,3.5439929945427293,-0.9120613349750748,9.123836520034219,8.698104698640224,-0.42573182139399535,0.9371912471453889,0.11545812795942112,-0.8217331191859678,18.198338161668612,11.746036678411446,-6.452301483257166,6.490053239224469,5.290323788166611,-1.1997294510578582,0.7870107842555494,0.4875675437282436,-0.29944324052730575,0.05267674714680529,0.08193975472223015,0.02926300757542486,0.030237765520840402,0.06960820242919757,0.039370436908357176,0.09406152555358882,0.2370911537003639,0.14302962814677508,0.03601317752321611,0.10744051075515959,0.07142733323194347,1.0744374748994892,1.4542164122106263,0.3797789373111371,0.7088313216646895,1.47230082882011,0.7634695071554205,1.8254964079031777,2.600686347744762,0.7751899398415842
lab_subject_16,exp_20260730T110035Z_a5786cb8,lab_subject_16__ad_04,advertisement,block_early,explicit_ad_block,early,block_early,yes,5,5,5,4.640934184326061,4.4851417254137,-0.1557924589123605,5.00845815268015,5.986729629257425,0.9782714765772749,4.769556679115437,4.951979714812348,0.18242303569691032,3.323499721817641,3.5111786529969082,0.18767893117926704,8.981328068330265,8.862576775649654,-0.1187512926806118,0.9872988078421585,0.8191086002828492,-0.16819020755930936,16.686015889594334,16.29388022561383,-0.39213566398050403,4.790554775836634,5.603187054809776,0.8126322789731422,0.7377016785171451,0.7367937989715101,-0.000907879545634982,0.05438990142507028,0.05637417028041982,0.0019842688553495386,0.036259837097749416,0.03792817897032533,0.001668341872575911,0.12767896651730876,0.12269208471729239,-0.004986881800016371,0.04621768970466219,0.046211767060452554,-5.922644209635508e-06,1.4443049929038423,1.4561331361287082,0.011828143224865917,1.1493986643029062,1.4966867960841421,0.34728813178123596,2.37982446047397,2.481102765472799,0.10127830499882906
lab_subject_17,exp_20260730T143127Z_9fcb5eb7,lab_subject_17__ad_00,advertisement,block_early,explicit_ad_block,early,block_early,yes,5,5,5,6.332764399707286,5.672020117459182,-0.6607442822481042,6.639940801185691,6.449376781365956,-0.19056401981973536,5.790994927723611,6.280955213024684,0.4899602853010725,5.922521034810114,6.709598938480406,0.7870779036702924,8.97664476818197,8.7736099295594,-0.20303483862256932,0.1341428990673066,0.40632139295697556,0.27217849388966897,12.693822605117134,12.898986652439879,0.20516404732274474,4.940326371871183,5.710663950307371,0.7703375784361874,0.4897421229268537,0.4755435397976555,-0.014198583129198195,0.11549084576549279,0.10657636533278526,-0.008914480432707525,0.10665388885558665,0.11216966693287107,0.005515778077284428,0.19542539351533816,0.19464402765120345,-0.0007813658641347143,0.0796561732151748,0.10127887317085549,0.021622699955680683,1.0602473664910923,0.8517087301270752,-0.20853863636401715,1.3337795106843777,1.00722273180679,-0.3265567788775878,0.47585178359949937,0.3933977581125091,-0.08245402548699027
lab_subject_17,exp_20260730T143127Z_9fcb5eb7,lab_subject_17__ad_01,advertisement,inline_early,inline_persuasive,early,inline_early,yes,5,5,5,6.882040914642989,6.330760386846811,-0.5512805277961776,3.693257906481419,5.662258690726083,1.9690007842446642,5.5767439359286115,5.955442574160682,0.37869863823207073,4.3038939732090755,5.253083011369595,0.9491890381605197,7.943244147523265,7.772585614530247,-0.17065853299301725,0.22453813236163,0.18996183793094445,-0.03457629443068555,11.215031635974073,13.904858379337144,2.6898267433630707,4.444740503787095,4.031407704054607,-0.4133327997324878,0.4817073205989829,0.586650890401921,0.10494356980293806,0.12787682408057904,0.10023472211893128,-0.027642101961647764,0.07646930429231784,0.07547895588519377,-0.0009903484071240726,0.18217693728051396,0.1659485579651697,-0.016228379315344266,0.08502213563360127,0.07549038317092982,-0.009531752462671447,0.7924982278418343,0.7781772114086408,-0.0143210164331935,1.0055534025198787,0.9761008287943976,-0.029452573725481046,0.6542642529632463,0.5739926337380573,-0.080271619225189
lab_subject_17,exp_20260730T143127Z_9fcb5eb7,lab_subject_17__ad_03,advertisement,inline_late,inline_persuasive,late,inline_late,yes,5,5,5,7.787376017091958,6.285716078095654,-1.501659938996304,5.1400981805770645,4.274288471236417,-0.8658097093406472,6.238468533643074,6.9815203566528385,0.7430518230097647,5.025898218345919,4.673204822651599,-0.35269339569431946,8.027604482132084,8.110131274517805,0.08252679238572114,0.3945817576126238,0.6458246116416788,0.251242854029055,11.893115381801067,17.304428456187992,5.411313074386925,5.572742377628557,5.529764783352205,-0.04297759427635217,0.4821086631302971,0.7342376419171434,0.25212897878684626,0.11223148181458405,0.09266106514491253,-0.01957041666967152,0.09225969266227241,0.05215217382515898,-0.04010751883711343,0.21338069677760754,0.10753638441185183,-0.10584431236575571,0.1040954305016153,0.05636201580476176,-0.047733414696853535,0.908603514469522,0.734683328987017,-0.17392018548250499,1.1948584859824454,1.1632866623720828,-0.03157182361036259,0.7328927325106386,0.845226697049052,0.11233396453841338
lab_subject_17,exp_20260730T143127Z_9fcb5eb7,lab_subject_17__ad_04,advertisement,block_late,explicit_ad_block,late,block_late,yes,5,5,5,5.5621069295323045,6.125903495947133,0.5637965664148288,4.344528243023239,3.653513367350806,-0.6910148756724332,5.2671473406200775,6.013385350118799,0.7462380094987218,4.300331871522308,4.333003998769978,0.03267212724767088,6.840777415406127,7.742320890210717,0.9015434748045896,0.8698144100563425,0.5715080451825933,-0.2983063648737492,10.91434578925643,15.02602424036823,4.1116784511118,2.766756909910659,4.877148942440112,2.110392032529453,0.51329532859269,0.5988830366279697,0.08558770803527971,0.12519321613146073,0.08024929555750356,-0.04494392057395717,0.10172854397416933,0.05188245531725131,-0.049846088656918024,0.16610066082871824,0.13973623740442473,-0.026364423424293515,0.07110456867772727,0.06325424004582254,-0.007850328631904727,0.7040021516467808,0.8141402395445138,0.11013808789773294,1.102753638296658,1.015934412505321,-0.08681922579133716,0.62594104495686,0.8374589708431062,0.21151792588624618
lab_subject_18,exp_20260731T134108Z_a4a5b76b,lab_subject_18__ad_00,advertisement,inline_early,inline_persuasive,early,inline_early,yes,5,5,5,8.990842239350286,7.360209486941926,-1.63063275240836,4.280507303618953,4.046259426210886,-0.23424787740806696,6.255871034317316,5.347361710588309,-0.9085093237290067,3.6213134600458767,3.0323386860405055,-0.5889747740053712,6.671275027536577,4.966437388965962,-1.7048376385706154,0.39963457475571573,-0.12284580543387946,-0.5224803801895952,11.639822684004084,11.079572314261323,-0.5602503697427608,2.984721639137951,-1.5039204630118785,-4.4886421021498295,0.5007769466903524,0.6004324349440993,0.09965548825374682,0.12984903251339625,0.16797871574451456,0.038129683231118316,0.07638184482433238,0.08339634741889643,0.007014502594564043,0.16679808315765868,0.1283504006386474,-0.03844768251901129,0.06872569835094176,0.03261278414819514,-0.03611291420274662,0.8644238505552181,0.5379213931190835,-0.3265024574361346,1.09021826674973,0.6538119648645857,-0.4364063018851443,1.5192014666822469,1.0031418843051823,-0.5160595823770646
lab_subject_18,exp_20260731T134108Z_a4a5b76b,lab_subject_18__ad_02,advertisement,inline_late,inline_persuasive,late,inline_late,yes,5,5,5,7.622421352792617,7.9107660577967875,0.288344705004171,4.151503359457997,5.336801965504049,1.185298606046052,5.3943788178914716,5.889159129951132,0.49478031205966033,2.788462258458564,3.479094338829836,0.6906320803712722,4.688636662049923,5.01690353300323,0.328266870953307,0.1854063440742344,0.16243784927234373,-0.02296849480189067,13.147048631272604,12.173066452421619,-0.973982178850985,-0.1880131747911593,-0.061486179021486106,0.1265269957696732,0.6468447122019496,0.6033472588860408,-0.04349745331590882,0.11973610563822473,0.15282632056882953,0.033090214930604794,0.07713071439860406,0.08373253725652474,0.006601822857920686,0.10359948140266485,0.11901770325997844,0.015418221857313591,0.03352611799979637,0.036400443425719846,0.002874325425923474,0.6167177550782483,0.522886528113883,-0.0938312269643653,0.5613178065285301,0.514691834923254,-0.04662597160527615,0.8301808753916375,0.8471917862795304,0.01701091088789286
lab_subject_18,exp_20260731T134108Z_a4a5b76b,lab_subject_18__ad_03,advertisement,block_late,explicit_ad_block,late,block_late,yes,5,5,5,7.177378927223904,9.116472776768168,1.939093849544264,5.0511413070450555,5.127527814200835,0.07638650715577988,5.986085300243751,6.305388878548631,0.3193035783048801,3.811023411616893,3.4017683893742836,-0.40925502224260946,6.1716757197629555,5.776117969561854,-0.3955577502011014,0.05021054116238233,0.5045151437762954,0.45430460261391303,13.416316163014187,12.057844472725012,-1.358471690289175,2.151744876381294,-0.10401020352660753,-2.255755079907902,0.6567064897308574,0.5853836815921353,-0.07132280813872216,0.09355089552173981,0.15688589301960087,0.06333499749786106,0.06543840361095064,0.07383946467453736,0.00840106106358672,0.12615573595119645,0.14615186122043455,0.019996125269238108,0.05258702521243078,0.03773909949329167,-0.014847925719139107,0.5846249813341096,0.5902886750229945,0.005663693688884974,0.6098551796801733,0.6886952467231798,0.0788400670430065,0.7870531352118669,1.0542483360746817,0.2671952008628148
lab_subject_18,exp_20260731T134108Z_a4a5b76b,lab_subject_18__ad_04,advertisement,block_early,explicit_ad_block,early,block_early,yes,5,5,5,8.550640217007162,8.79833830297658,0.247698085969418,3.7120935969998783,3.5830184578049074,-0.12907513919497093,6.616510534420071,6.047888960672935,-0.5686215737471354,2.8035767995478533,2.8055567775821544,0.0019799780343010553,4.463109968630756,5.080704739170629,0.6175947705398723,0.177882773784674,0.47016472951418464,0.29228195572951066,12.174819963587147,11.54971956290142,-0.6251004006857279,-1.2496357239947662,-0.5058323964815329,0.7438033275132333,0.6138558002249564,0.5899504775494535,-0.023905322675502938,0.1754906293010782,0.14794930620608213,-0.027541323094996073,0.0720669888888187,0.06583717031898949,-0.00622981856982921,0.10388962061097955,0.11278322540608894,0.008893604795109394,0.0262153045824413,0.03675025535503454,0.01053495077259324,0.5069651824133655,0.5673410361137899,0.06037585370042442,0.4734047725889164,0.5006463057937494,0.02724153320483297,0.9418209992464877,0.973939552134595,0.03211855288810739
lab_subject_19,exp_20260731T171043Z_61871403,lab_subject_19__ad_01,advertisement,inline_early,inline_persuasive,early,inline_early,yes,5,5,5,6.73168486832311,5.4604680949170605,-1.2712167734060493,5.971850097646339,4.8686986803191346,-1.1031514173272043,10.937179038928441,9.352185235079055,-1.584993803849386,5.747784279379264,5.1083261627664704,-0.6394581166127935,7.43307760747463,6.740743832538804,-0.6923337749358254,0.7007656511471829,0.37080351410242685,-0.3299621370447561,20.216755746622365,17.66640378068443,-2.550351965937935,0.6586565618590502,0.1600507692280387,-0.49860579263101146,0.8492734901210852,0.7809101332033876,-0.06836335691769757,0.08119954873222736,0.09667864867270756,0.015479099940480204,0.024407460511827878,0.04795564780126337,0.023548187289435495,0.03600025827794496,0.06581648736237854,0.029816229084433578,0.009119242356914659,0.015325805175296478,0.0062065628183818194,0.34088891007934174,0.41337911799711113,0.07249020791776939,0.4489385300936499,0.606615337179527,0.15767680708587706,1.0555496501821875,0.7589809453710665,-0.29656870481112096
lab_subject_19,exp_20260731T171043Z_61871403,lab_subject_19__ad_02,advertisement,inline_late,inline_persuasive,late,inline_late,yes,5,5,5,9.224016717795955,7.750180035661506,-1.4738366821344488,5.05092694835514,5.784480363752263,0.7335534153971235,11.488937328700324,10.65081281378526,-0.838124514915064,5.559533946804102,5.814312880844832,0.25477893404073004,6.614444261210352,6.773323973945194,0.15887971273484247,0.3241636631310669,0.5231640597008642,0.1990003965697973,21.24615353208421,17.132539187277132,-4.113614344807079,-0.24106100627429464,-0.32853097037034806,-0.08746996409605343,0.8404850257048876,0.7053716845929763,-0.1351133411119113,0.09490774062186572,0.1453771516190428,0.05046941099717708,0.027447965769903198,0.04393302505594737,0.016485059286044174,0.03313463065392967,0.07460253453194461,0.04146790387801494,0.007222293400981714,0.009944823280624166,0.002722529879642452,0.31878414428557045,0.25920161140863635,-0.0595825328769341,0.448368770113908,0.4113598668483632,-0.037008903265544846,0.7423988104645979,0.5192395991634076,-0.22315921130119032
lab_subject_19,exp_20260731T171043Z_61871403,lab_subject_19__ad_03,advertisement,block_early,explicit_ad_block,early,block_early,yes,5,5,5,9.722435166150431,8.834526780697514,-0.8879083854529171,6.909604051665919,8.008180737459192,1.0985766857932724,11.29679593652968,10.55839287071159,-0.7384030658180905,7.855718825192586,7.8837516713513995,0.02803284615881374,7.97061794646458,7.326577751546084,-0.644040194918496,0.72308707042178,0.852739729362785,0.12965265894100497,19.984939022074354,18.02732591984464,-1.9576131022297147,0.10817923794610258,0.5310107251473508,0.42283148720124825,0.7051323278848749,0.7399213618183156,0.03478903393344068,0.13008262894442874,0.1281445694851259,-0.0019380594593028377,0.07476273621986851,0.07711172435547764,0.0023489881356091313,0.058574719632869754,0.0691540904663747,0.01057937083350495,0.010657734881931676,0.012895137920367438,0.002237403038435762,0.3308479476688625,0.3419925977772259,0.011144650108363408,0.4118027411095072,0.5285883042094758,0.11678556309996857,0.7128097747915166,0.4524798045327537,-0.2603299702587629
lab_subject_19,exp_20260731T171043Z_61871403,lab_subject_19__ad_04,advertisement,block_late,explicit_ad_block,late,block_late,yes,5,5,5,8.125676797422596,8.036014913681733,-0.08966188374086315,6.024148321995099,6.416642061596795,0.3924937396016954,10.419251219768974,9.412040887178337,-1.0072103325906365,6.309039856174956,6.164318539574161,-0.144721316600795,7.878177832728516,6.8406872230403435,-1.0374906096881729,0.7407482808193571,0.3206237091947699,-0.42012457162458716,21.298877754662566,17.12226686887465,-4.176610885787916,0.1642795771122443,-0.9245349666699274,-1.0888145437821717,0.8206192738783279,0.7381701527041319,-0.082449121174196,0.08223020379559189,0.12897147762944886,0.04674127383385697,0.04368538450844888,0.05886518528544022,0.01517980077699134,0.047493209234094086,0.06504177966926761,0.01754857043517352,0.006795017546203836,0.011259216822680409,0.004464199276476573,0.39826971018003604,0.35093212848603395,-0.047337581694002095,0.4144035595587408,0.4545327272489088,0.040129167690168,1.007665104884065,0.7062895114639212,-0.30137559342014386
lab_subject_1,exp_20260721T091553Z_7b92ec42,lab_subject_1__no_ad_early,matched_no_ad_reply,no_ads,none,early,inline_early;block_early,yes,5,5,5,8.818294235132312,5.159638361993143,-3.6586558731391685,5.745423567794212,4.398848164886325,-1.3465754029078871,10.433146382405969,5.949907933137222,-4.483238449268747,4.55674925472559,2.896209101054409,-1.6605401536711808,9.281536531076608,9.362752978926554,0.08121644784994686,-0.2812359023238358,0.0357708575813831,0.31700675990521887,19.978291507223787,16.179112651931284,-3.799178855292503,5.281380729037059,4.442606831863597,-0.8387738971734615,0.7783146327791283,0.6786250030499503,-0.09968962972917794,0.09616893079431635,0.09116526246966772,-0.00500366832464863,0.029257511278255995,0.031480477388173174,0.0022229661099171794,0.07457596152575177,0.14125176698339742,0.06667580545764565,0.030041438478507973,0.08111504450943441,0.051073606030926436,0.5327208152743023,1.7931128648129944,1.2603920495386922,0.7782729057244151,2.4985039350967146,1.7202310293722995,2.1158275526297676,3.2053615784643097,1.089534025834542
lab_subject_1,exp_20260721T091553Z_7b92ec42,lab_subject_1__no_ad_late,matched_no_ad_reply,no_ads,none,late,inline_late;block_late,yes,5,5,5,7.7349740592796055,7.898805501237156,0.16383144195755062,5.4820392987489885,5.015142204594449,-0.4668970941545396,9.592954015353882,7.005093729034297,-2.587860286319585,4.005075655645706,4.197746409571717,0.19267075392601107,7.6030134275759265,8.116270114919487,0.5132566873435609,-0.22291186017818276,0.1907616888029473,0.41367354898113007,18.99352098017062,13.320221893493496,-5.6732990866771225,3.7194447822055188,4.589439734863403,0.8699949526578838,0.7864757163363777,0.5168629793934512,-0.26961273694292653,0.08763040192265713,0.12074318016971289,0.03311277824705576,0.023962762191455458,0.06883431055440359,0.04487154836294813,0.05863030340366305,0.19931578721224233,0.1406854838085793,0.022627101919198814,0.08659666381070978,0.06396956189151097,0.47312701842858434,1.0418254480985474,0.5686984296699631,0.8156181666515939,1.1800238438369226,0.3644056771853287,1.390790400000746,1.9198986578075037,0.5291082578067576
lab_subject_2,exp_20260721T134702Z_ab38d57a,lab_subject_2__no_ad_early,matched_no_ad_reply,no_ads,none,early,inline_early;block_early,yes,5,5,5,5.876582517551694,6.708380195824009,0.8317976782723147,7.252995306322518,5.64981895244874,-1.6031763538737778,5.746647045058695,6.681051228568547,0.9344041835098524,5.271310533513949,4.989484866744265,-0.28182566676968435,8.773461432637824,8.383685251118935,-0.38977618151888827,-0.412461260112682,0.2693161762601335,0.6817774363728155,12.35043002678724,14.652725183810045,2.3022951570228045,5.0986920729642,4.5308492649856404,-0.5678428079785593,0.4868125532829673,0.6403710308642515,0.15355847758128421,0.10329880518063264,0.10215609458143783,-0.00114271059919481,0.10299559486687389,0.07074212449913041,-0.03225347036774348,0.21363131279694375,0.1362799430000042,-0.07735136979693955,0.0811528535641735,0.05658379323004204,-0.024569060334131455,1.0355652540628715,0.8892183078007679,-0.14634694626210354,0.7311142363158786,0.6660321676031,-0.06508206871277855,1.1169695740647387,0.7356205182082285,-0.38134905585651024
lab_subject_2,exp_20260721T134702Z_ab38d57a,lab_subject_2__no_ad_late,matched_no_ad_reply,no_ads,none,late,inline_late;block_late,yes,5,5,5,5.964991530470405,7.204214350375583,1.2392228199051782,5.557146620081528,5.757059489616331,0.19991286953480358,5.516567126917598,6.691302762621303,1.1747356357037049,4.4121204527379305,5.135651000338294,0.7235305476003635,8.094903264205612,9.41257538840029,1.3176721241946776,-0.26346247320648786,0.36941852928438834,0.6328810024908762,12.010229401252996,18.687891850669157,6.677662449416161,3.4932185418964763,5.789979765378166,2.2967612234816897,0.5333373390943086,0.7857046895510107,0.2523673504567021,0.11686783699110179,0.05823982623935792,-0.05862801075174387,0.09230079683465607,0.034676500306228264,-0.05762429652842781,0.2016838699296582,0.08407767286284319,-0.11760619706681501,0.06990410726965252,0.040315136701183966,-0.02958897056846855,0.9601559860295181,1.1182146821962606,0.1580586961667425,0.7228869364524827,0.8429967602381367,0.12010982378565405,1.0457908715983966,1.0303649752330737,-0.015425896365322878
lab_subject_3,exp_20260722T074803Z_c9a5b77e,lab_subject_3__no_ad_early,matched_no_ad_reply,no_ads,none,early,inline_early;block_early,yes,5,5,5,7.456941910689282,5.924073893389462,-1.53286801729982,8.6360367119946,6.84485777009701,-1.7911789418975905,8.513499052926049,4.8682917587218375,-3.6452072942042113,7.190602865651043,4.642059525390333,-2.54854334026071,9.145719700132164,8.89870933712516,-0.24701036300700352,0.4750135533386768,0.32088180449657955,-0.15413174884209724,19.6113805729711,11.128469548984626,-8.482911023986475,5.145297263708571,4.382651057667929,-0.7626462060406416,0.798115423285217,0.4380103871163172,-0.36010503616889983,0.057860288666396906,0.07453638030083232,0.01667609163443541,0.048132028738659974,0.07429887155032155,0.02616684281166158,0.06692720072777829,0.2848777624628703,0.21795056173509197,0.02828782723911579,0.09473229242548525,0.06644446518636946,0.6314344507820451,1.3515321206598825,0.7200976698778374,0.46542352212588883,1.2209520147405766,0.7555284926146877,1.318254084164367,2.06125903029393,0.7430049461295631
lab_subject_3,exp_20260722T074803Z_c9a5b77e,lab_subject_3__no_ad_late,matched_no_ad_reply,no_ads,none,late,inline_late;block_late,yes,5,5,5,5.102245175738094,6.278611659841631,1.1763664841035366,7.299922334720369,8.39347201618517,1.0935496814648005,6.217922927266049,4.500701214358703,-1.717221712907346,6.030392929717565,5.271062610686441,-0.7593303190311245,9.261936687549957,9.602072146410105,0.3401354588601482,0.48338966847837384,0.6688101156454493,0.1854204471670755,14.599493748324026,13.120022795593776,-1.4794709527302494,4.549919377399272,5.16307268225821,0.6131533048589377,0.6214789877859255,0.4850961729075964,-0.1363828148783291,0.08525880789830549,0.06687197705395011,-0.018386830844355384,0.08370756403023598,0.07960343890230376,-0.0041041251279322205,0.15246361417685406,0.25013671860846953,0.09767310443161548,0.0570150593852097,0.12087348863181546,0.06385842924660576,0.9358244088799882,1.543283968638515,0.6074595597585267,0.7699920123949046,1.5966269089777367,0.8266348965828322,0.9345838569919294,2.1532865277478326,1.2187026707559032
lab_subject_5,exp_20260724T112220Z_6cc09f28,lab_subject_5__no_ad_early,matched_no_ad_reply,no_ads,none,early,inline_early;block_early,yes,5,5,5,3.3932979522421225,2.7702958372578177,-0.6230021149843048,5.728496766337106,4.753331138884463,-0.9751656274526423,6.181478333096097,6.098687880167533,-0.08279045292856413,4.6917654688934665,4.615105871552037,-0.07665959734142902,6.385302779500957,6.34171575716959,-0.043587022331367464,0.8533270959705099,0.9177868927909572,0.06445979682044722,17.52316730036682,16.858072353162385,-0.6650949472044339,1.8241234811328275,1.6719456172349492,-0.15217786389787835,0.7891927127115217,0.7914704578697905,0.00227774515826884,0.07919837506361883,0.06961513232269437,-0.009583242740924466,0.04239546995343932,0.04479095740214124,0.0023954874487019245,0.0692045972249112,0.07839211455416636,0.009187517329255171,0.02561440802188262,0.02486357787048916,-0.0007508301513934577,0.621957676715362,0.5843505811583093,-0.03760709555705266,0.5008497942073064,0.49702407899383677,-0.0038257152134695827,0.5525575898626623,0.6947986427104519,0.14224105284778954
lab_subject_5,exp_20260724T112220Z_6cc09f28,lab_subject_5__no_ad_late,matched_no_ad_reply,no_ads,none,late,inline_late;block_late,yes,5,5,5,4.991621628585826,6.7411776435987,1.7495560150128737,4.310977210409451,5.722329929024259,1.4113527186148076,6.349423020387913,8.524489945549636,2.1750669251617225,5.194850224778989,5.349162453478911,0.15431222869992212,7.406918042307833,7.506763764416259,0.09984572210842568,1.074901947732105,1.3858676663528797,0.3109657186207748,16.88867018931326,19.126960895159,2.238290705845742,3.4142565742692135,3.3465643952299162,-0.06769217903929725,0.7394597839630077,0.7915904545166442,0.052130670553636516,0.09460804340688,0.08119984615002969,-0.013408197256850315,0.054056250223202124,0.047027179393100624,-0.0070290708301015,0.09196367349141944,0.06506916047374814,-0.026894513017671304,0.037237922353807545,0.026377980489601667,-0.010859941864205878,0.7002028295800931,0.515337750604681,-0.18486507897541204,0.5119809767566383,0.4141411498942025,-0.09783982686243586,0.7833678204979092,0.5432759633927007,-0.24009185710520853
lab_subject_6,exp_20260724T141230Z_1be52b79,lab_subject_6__no_ad_early,matched_no_ad_reply,no_ads,none,early,inline_early;block_early,yes,5,5,5,6.764804040312677,7.146520926591345,0.3817168862786682,6.118526182804435,5.342825881166431,-0.775700301638004,6.609388888959876,6.2323525009910385,-0.37703638796883787,5.054864986856229,4.24826329658363,-0.8066016902725988,6.7416793018184045,6.932173843742074,0.19049454192366966,0.6027714469406646,0.31863490857794474,-0.2841365383627199,12.368909114512213,10.68210637068786,-1.6868027438243534,-0.6097519454847513,0.5715014388821373,1.1812533843668886,0.56719759510427,0.4804688756184773,-0.08672871948579275,0.12542124700874782,0.15111491985565995,0.025693672846912124,0.11121806874585327,0.10653863192950595,-0.004679436816347318,0.155242775810569,0.2026151927093719,0.047372416898802894,0.028567239432734565,0.05230727857440925,0.023740039141674683,0.6198515777260429,0.7262213486223895,0.10636977089634658,0.5479026703854938,0.8639437799027523,0.3160411095172585,0.8713421750766545,1.1732387395541024,0.30189656447744795
lab_subject_6,exp_20260724T141230Z_1be52b79,lab_subject_6__no_ad_late,matched_no_ad_reply,no_ads,none,late,inline_late;block_late,yes,5,5,5,7.664982911881087,6.940336918988991,-0.7246459928920963,5.066894597374132,5.931919487426417,0.8650248900522852,6.741660796041524,5.903505132546534,-0.83815566349499,4.613961821393007,5.001648693045267,0.3876868716522601,6.18817361474809,6.9379284936974175,0.7497548789493278,0.12580350025027087,0.32056879636613544,0.19476529611586457,11.326330674464756,10.584120037298925,-0.7422106371658312,-0.6161333404654095,-0.15820433161015754,0.4579290088552519,0.5084148455063028,0.4483729930714179,-0.06004185243488486,0.1747329968643804,0.11038073952772222,-0.06435225733665818,0.12167718075828608,0.1274972214341911,0.005820040675905011,0.15694386513993389,0.21307915426383767,0.05613528912390378,0.036407920240152936,0.03805351570964707,0.0016455954694941377,0.6012577034651589,0.742137626007729,0.1408799225425701,0.586772797148565,0.7169855130627177,0.13021271591415273,1.0934009893257817,1.087131092314164,-0.006269897011617731
lab_subject_7,exp_20260727T073257Z_58270880,lab_subject_7__no_ad_early,matched_no_ad_reply,no_ads,none,early,inline_early;block_early,yes,5,5,5,2.3121586222307027,2.9836184587573915,0.6714598365266888,3.7084915046882823,3.088544064707221,-0.6199474399810612,5.018049578198801,4.511080916842388,-0.5069686613564128,3.373277348985339,2.435587525375137,-0.937689823610202,8.50814281037514,8.713599525056189,0.20545671468104842,0.8866739218182111,0.5181918247798585,-0.36848209703835266,14.056698048822254,11.697919399395802,-2.3587786494264513,5.511600872351621,5.9583134984317985,0.4467126260801777,0.6305767387276365,0.48545482516923727,-0.14512191355839926,0.07102283261635578,0.0841248959484902,0.013102063332134414,0.03782090179240915,0.05753281642267218,0.019711914630263033,0.17262180971858745,0.23695749221356716,0.0643356824949797,0.08815119994038695,0.13230068676499804,0.04414948682461109,1.482843924929775,1.670071837953528,0.18722791302375308,1.1991703999843322,1.353029824989423,0.15385942500509087,2.4714049182646596,2.7246641740076143,0.2532592557429547
lab_subject_7,exp_20260727T073257Z_58270880,lab_subject_7__no_ad_late,matched_no_ad_reply,no_ads,none,late,inline_late;block_late,yes,5,5,5,0.6767262324982758,1.7464873477859761,1.0697611152877005,2.6483315366013422,2.459931644329371,-0.1883998922719714,4.5151548644682515,3.303795893555934,-1.2113589709123174,1.876819287666551,2.5066460448901666,0.6298267572236156,8.283463893431703,8.327974880118383,0.04451098668667974,0.07569846870841346,0.2657536724536449,0.19005520374523144,11.070048994561892,10.58732035198995,-0.48272864257194215,6.330419739555081,5.967110161937983,-0.36330957761709826,0.44658883383423453,0.43955526848574444,-0.0070335653484900895,0.09452861329940734,0.08216011604697565,-0.012368497252431693,0.04797181557701403,0.06552317971183542,0.017551364134821397,0.23676469925246207,0.261263621588013,0.0244989223355509,0.1383149920790144,0.15149781416743152,0.013182822088417118,1.5840514828513481,1.7056101527908314,0.12155866993948328,1.2898280318900637,1.4512208085474332,0.1613927766573695,3.0156066834183406,2.64813218334712,-0.3674745000712205
lab_subject_8,exp_20260727T120838Z_83e10f68,lab_subject_8__no_ad_early,matched_no_ad_reply,no_ads,none,early,inline_early;block_early,yes,5,5,5,8.928811325800842,9.603567650879876,0.6747563250790343,8.125879442990476,9.906258078386497,1.780378635396021,8.831932485834841,8.355960924456276,-0.47597156137856445,6.689931710926009,8.94003489192542,2.2501031809994103,9.425927887403926,10.740506836023345,1.3145789486194186,0.25373326200906376,0.3813874201779619,0.12765415816889814,17.043677941288866,12.49251679042408,-4.551161150864786,2.4893497851611093,2.1885608704111705,-0.30078891474993874,0.6915500363100602,0.42621858583544076,-0.2653314504746194,0.11108238971507985,0.14758992657285275,0.0365075368577729,0.06558605912928325,0.14491404460756094,0.07932798547827768,0.1249411806917113,0.24559444469248284,0.12065326400077155,0.023785628279679664,0.03582673542669703,0.012041107147017366,0.7696282527803856,0.7978448249446922,0.02821657216430662,0.853660220285428,0.7913556458638903,-0.062304574421537695,1.5729128193087225,1.2372242864992837,-0.3356885328094388
lab_subject_8,exp_20260727T120838Z_83e10f68,lab_subject_8__no_ad_late,matched_no_ad_reply,no_ads,none,late,inline_late;block_late,yes,5,5,5,9.444736580395254,9.530733799532559,0.08599721913730463,8.651418149595315,9.872509247051989,1.2210910974566733,8.786024227305978,8.556684623939182,-0.22933960336679604,6.799297700914809,7.650774007560818,0.8514763066460089,8.865016697821261,10.261547618856298,1.396530921035037,0.3312252768850179,-0.009397744934958041,-0.34062302181997595,15.735114180586127,13.186322275866317,-2.5487919047198098,1.695255323737215,2.1238233219348577,0.4285679981976427,0.6563621858491369,0.4410689473438762,-0.21529323850526066,0.13250569896145334,0.14494623590628888,0.012440536944835545,0.08387721901085954,0.13334262961209345,0.04946541060123391,0.12103871984141214,0.2112589903333733,0.09022027049196117,0.0225275603188893,0.032797543524144275,0.010269983205254976,0.7242485590741257,0.8007303461358793,0.07648178706175368,0.7027920069972721,0.8277137969795713,0.12492178998229919,1.0187050458119902,1.2160320173741774,0.19732697156218726
lab_subject_9,exp_20260727T141010Z_f065c5c8,lab_subject_9__no_ad_early,matched_no_ad_reply,no_ads,none,early,inline_early;block_early,yes,5,5,5,6.66787505443868,7.197367994616122,0.529492940177442,6.534432126774492,6.741848531554502,0.20741640478000978,7.34701271463798,7.490847653525031,0.1438349388870508,6.580798429565069,6.539577096263577,-0.04122133330149236,8.832571345153449,8.852792612943418,0.020221267789969133,0.6013829233753931,0.6848574239286336,0.08347450055324046,16.43884072550842,17.08261169559338,0.6437709700849581,4.688451959674314,5.274843844650649,0.5863918849763348,0.6781976052796777,0.6807598952393303,0.002562289959652686,0.08283599816274201,0.07454319224780723,-0.008292805914934781,0.05626911973674193,0.06134689087054797,0.0050777711338060375,0.12031533533810203,0.10233213957537951,-0.017983195762722518,0.0489633648731957,0.047548077361695286,-0.0014152875115004127,0.7505066626163945,0.8176441186635223,0.06713745604712773,0.7299549286288148,0.659803659601823,-0.07015126902699187,1.2294931466578332,1.3034008360367795,0.07390768937894632
lab_subject_9,exp_20260727T141010Z_f065c5c8,lab_subject_9__no_ad_late,matched_no_ad_reply,no_ads,none,late,inline_late;block_late,yes,5,5,5,6.1941072180886305,6.395378421231445,0.20127120314281477,7.437092646908672,8.16083079891207,0.7237381520033974,8.458986957094687,7.6515252011184725,-0.807461755976215,7.029260143678019,6.925578253486203,-0.10368189019181528,9.531658084629196,9.742178078744852,0.21051999411565525,0.8972932337025874,0.6217621217530507,-0.2755311119495367,17.147094357478693,17.443267026380877,0.29617266890218374,5.807893445413496,5.845828021246961,0.03793457583346438,0.6786116448142144,0.7079959824255283,0.02938433761131387,0.06778568152996423,0.07427738587455467,0.0064917043445904404,0.07409872846968718,0.055170118460779106,-0.018928610008908074,0.13210819343241487,0.11280774094347171,-0.01930045248894316,0.05453559349396993,0.0497487722956663,-0.004786821198303627,0.8557494849326429,0.8621855227377146,0.006436037805071737,0.8456779361665316,0.6701298512034743,-0.1755480849630573,1.1354337854357064,0.9439561240018834,-0.19147766143382294
lab_subject_10,exp_20260728T091433Z_242026ac,lab_subject_10__no_ad_early,matched_no_ad_reply,no_ads,none,early,inline_early;block_early,yes,5,5,5,7.681337774877339,9.850632582375026,2.1692948074976863,7.573463869636992,9.116672971151466,1.5432091015144742,6.877197101461096,9.026974847302323,2.1497777458412273,7.195316694250926,9.165499032202714,1.9701823379517878,4.9279534003797805,7.563335829712936,2.6353824293331556,0.8030327167047595,0.5316223614640485,-0.271410355240711,11.978991344266593,13.369577346648654,1.3905860023820615,-1.9644361833192359,2.5613752518977426,4.525811435216978,0.44634614722562216,0.44340449684357,-0.0029416503820521855,0.1521386716742372,0.14427393344756098,-0.007864738226676216,0.1333015614498305,0.20126908674886737,0.06796752529903688,0.11857291408508361,0.10988685507992528,-0.008686059005158328,0.024383978287821302,0.04320849424282177,0.018824515955000468,0.3350998079806535,0.37535459785727315,0.04025478987661968,0.3737889454614676,0.3463407075758094,-0.0274482378856582,0.2767192463373744,0.19417674774137117,-0.08254249859600321
lab_subject_10,exp_20260728T091433Z_242026ac,lab_subject_10__no_ad_late,matched_no_ad_reply,no_ads,none,late,inline_late;block_late,yes,5,5,5,8.583453125437973,8.200133011017037,-0.38332011442093616,8.315172135720221,9.732349480338835,1.4171773446186133,7.624399806383365,8.985867981178979,1.3614681747956139,8.605083374201097,10.123903138698756,1.5188197644976587,4.730836557347703,5.50727609815655,0.7764395408088465,0.9177593270774373,0.7533605979082658,-0.16439872916917153,11.877241192198637,16.111909483430157,4.23466829123152,-2.7321524928610974,-1.5110534577628223,1.221099035098275,0.48811905615310824,0.6206445713193286,0.13252551516622035,0.19768337514215484,0.12029257202462455,-0.07739080311753029,0.21927170363883208,0.1881697890197973,-0.031101914619034776,0.10012218517421216,0.05746754283715382,-0.04265464233705834,0.020125853549971817,0.013425524799095874,-0.006700328750875943,0.23782961006131295,0.18630325801363457,-0.051526352047678387,0.2166567601094095,0.1571531195034141,-0.05950364060599542,0.1721562957574295,0.1304814506072876,-0.04167484515014189
lab_subject_11,exp_20260728T164420Z_99421c58,lab_subject_11__no_ad_early,matched_no_ad_reply,no_ads,none,early,inline_early;block_early,yes,5,5,5,5.674295456501532,5.950776901405646,0.27648144490411397,7.636498174887335,9.257032494243084,1.620534319355749,7.721896506403319,7.167532774920003,-0.5543637314833161,7.323218832819176,8.338482290985821,1.015263458166645,8.890368502695361,8.869007354894133,-0.021361147801227887,0.3867509257110946,0.6104878089152486,0.22373688320415397,16.47156935028455,13.626316587451253,-2.8452527628332973,1.9819836206918349,1.85053832324025,-0.13144529745158495,0.6697312680456077,0.5403258486335852,-0.12940541941202244,0.09906524310322502,0.11980025525081003,0.02073501214758501,0.09008812764738659,0.15161177563804284,0.06152364799065625,0.12342121924221411,0.1739180140090358,0.0504967947668217,0.029244839311450405,0.03532917195100438,0.006084332639553974,0.6840772678149424,0.6079860443961298,-0.07609122341881258,0.6481622152093979,0.6346386958731167,-0.013523519336281153,0.744455993459843,0.5277544446655096,-0.21670154879433345
lab_subject_11,exp_20260728T164420Z_99421c58,lab_subject_11__no_ad_late,matched_no_ad_reply,no_ads,none,late,inline_late;block_late,yes,5,5,5,5.9026922733163705,6.605119581703817,0.7024273083874464,4.837655230982829,7.019650624655896,2.181995393673067,6.273068739789972,7.464493589358168,1.1914248495681958,5.5478774858123305,7.809316474229787,2.2614389884174564,7.709041595806575,9.437987614311194,1.7289460185046188,0.10983424123775976,0.6672910280529933,0.5574567868152336,11.836966709368879,13.694476071686692,1.8575093623178134,1.9232782349352524,1.6716241262645508,-0.2516541086707016,0.48205837287871145,0.47455854393564295,-0.007499828943068498,0.13061075440001346,0.10662808707482928,-0.023982667325184184,0.10386636094448892,0.1545402686751197,0.05067390773063077,0.22328205773043605,0.19581042782953312,-0.027471629900902933,0.043710461313497935,0.033696158192670654,-0.010014303120827281,0.8197464624721115,0.7354591616762476,-0.08428730079586388,0.7304884148896673,0.715472649125819,-0.015015765763848332,0.8698390428869158,0.5378528070451393,-0.33198623584177656
lab_subject_12,exp_20260728T142237Z_262a5eab,lab_subject_12__no_ad_early,matched_no_ad_reply,no_ads,none,early,inline_early;block_early,yes,5,5,5,8.981067085086531,7.896295847452057,-1.0847712376344738,6.923412470058333,9.791448172704754,2.868035702646422,7.3886010361602565,6.9699666437001895,-0.41863439246006706,6.644871462943169,9.83021076152078,3.1853392985776106,8.362581900442043,8.08977734933334,-0.2728045511087025,-0.2831025195754542,-0.6311284128240935,-0.3480258932486393,14.085152486245494,10.27635908634326,-3.8087933999022336,1.5470818631695071,1.4240921626681922,-0.12298970050131497,0.5415109045572679,0.31625526676349275,-0.22525563779377517,0.1289888672213325,0.1561595459734069,0.027170678752074406,0.10665551409635574,0.2605278485511938,0.15387233445483808,0.15839970089022012,0.17508759008570726,0.016687889195487138,0.032976484361597905,0.03905288142211253,0.006076397060514625,0.642997290100138,0.393646376185613,-0.24935091391452496,0.6801912551873074,0.4365433877440636,-0.2436478674432438,0.8155229080990025,0.340517509926147,-0.47500539817285553
lab_subject_12,exp_20260728T142237Z_262a5eab,lab_subject_12__no_ad_late,matched_no_ad_reply,no_ads,none,late,inline_late;block_late,yes,5,5,5,9.082324123209759,8.389224826249595,-0.6930992969601633,7.798219565848102,7.654477836909274,-0.14374172893882786,7.876895187136287,6.839388267553332,-1.0375069195829552,6.623986418242502,8.566609269382708,1.9426228511402055,7.694565171776305,7.7857826667217385,0.09121749494543341,0.1559819563359035,-0.6605349589319438,-0.8165169152678473,13.633042484542601,11.181357009993878,-2.4516854745487233,0.507596090522855,0.7063919139729953,0.19879582345014024,0.5619187478068474,0.447344400378479,-0.11457434742836836,0.13799246127230347,0.1665634971727217,0.028571035900418235,0.11478021780557138,0.20254872717799205,0.08776850937242067,0.1430111798047465,0.1860670735633319,0.0430558937585854,0.026338902712627493,0.03647780790770471,0.010138905195077218,0.5420349788736353,0.5451061738357409,0.0030711949621056167,0.5208995017433721,0.5234324106951836,0.0025329089518115744,0.5850461316206101,0.5770264230743044,-0.008019708546305737
lab_subject_13,exp_20260729T085134Z_65b7fd8e,lab_subject_13__no_ad_early,matched_no_ad_reply,no_ads,none,early,inline_early;block_early,yes,5,5,5,8.117006117783276,6.92158644332406,-1.1954196744592167,2.6707538095282586,1.9955181415766794,-0.6752356679515792,6.332825000220394,6.554429569569593,0.22160456934919903,3.7703026036587057,3.0571159113501443,-0.7131866923085615,6.0883492201347655,5.772512167926719,-0.3158370522080469,0.29944822769768464,0.19671236309527274,-0.10273586460241191,16.261229359550104,16.10769525609398,-0.15353410345612417,1.5456149601763813,1.0621182902870319,-0.4834966698893495,0.7562842580823936,0.7863226386475882,0.03003838056519459,0.08851514869232936,0.08701268700018852,-0.0015024616921408412,0.05698930379238584,0.03895317347198843,-0.018036130320397414,0.07859158618777344,0.07698055620425806,-0.0016110299835153802,0.03244437778439004,0.024606116893797547,-0.007838260890592495,0.7250255259659063,0.6463969177820454,-0.07862860818386086,0.4562746179819831,0.5474077353864513,0.09113311740446817,0.9301504670908752,1.3243577999196714,0.39420733282879616
lab_subject_13,exp_20260729T085134Z_65b7fd8e,lab_subject_13__no_ad_late,matched_no_ad_reply,no_ads,none,late,inline_late;block_late,yes,5,5,5,7.622869560910404,8.443921111412799,0.8210515505023945,2.189775468029501,3.7784733690754106,1.5886979010459097,6.189125856872842,5.870968588762262,-0.3181572681105802,3.020439474324967,4.303744608626282,1.2833051343013149,5.497928904930198,6.5696492315357835,1.0717203266055852,0.25584563677332284,0.49912328796165184,0.243277651188329,15.560568369737462,13.89003930878403,-1.6705290609534327,0.7054169451955877,1.4119146132224312,0.7064976680268434,0.7686113146461877,0.6404079610932678,-0.1282033535529199,0.08315360884681466,0.10668843236179207,0.023534823514977404,0.04734462706649616,0.08483043653723266,0.03748580947073649,0.07576049906852575,0.13187853074385988,0.056118031675334135,0.021739797337339235,0.03707662632864236,0.015336828991303123,0.5629725496700128,0.6885928864449942,0.1256203367749814,0.2598327361726647,0.44449167863993105,0.18465894246726633,1.0350086659035536,0.8751518263368864,-0.15985683956666719
lab_subject_14,exp_20260729T141534Z_a0790737,lab_subject_14__no_ad_early,matched_no_ad_reply,no_ads,none,early,inline_early;block_early,yes,5,5,5,-2.0092314006286998,-2.113662048581781,-0.10443064795308121,2.6099233747889605,3.7382651878710615,1.128341813082101,5.677749681610877,4.553404408099116,-1.1243452735117607,3.9599088729283194,3.4497071427984367,-0.5102017301298827,6.743149908351008,7.221518926190202,0.47836901783919483,1.960938084882006,1.2949791768887131,-0.6659589079932928,14.651187309464584,17.033502219502253,2.3823149100376693,4.473870628700267,5.347115991718704,0.8732453630184374,0.6121091865832377,0.44400894815563996,-0.1681002384275977,0.07598881986502382,0.04783633431155996,-0.028152485553463856,0.05116413296864455,0.0343065636569608,-0.016857569311683744,0.14811145452079746,0.22934705592602125,0.08123560140522379,0.07875686573883453,0.12004186819271587,0.041285002453881336,1.1031921806248424,1.2304947968002262,0.12730261617538385,1.402489298960739,1.6534960462900732,0.25100674732933426,1.5795670258121028,1.2123722240721844,-0.3671948017399185
lab_subject_14,exp_20260729T141534Z_a0790737,lab_subject_14__no_ad_late,matched_no_ad_reply,no_ads,none,late,inline_late;block_late,yes,5,5,5,-2.517881590548427,-2.03865213419145,0.4792294563569772,3.7388827648825087,3.264697741004076,-0.47418502387843287,5.93912430946401,4.327723483026706,-1.6114008264373032,4.697223463603862,2.8543454446091725,-1.8428780189946896,7.142569782931317,7.4264196781564396,0.2838498952251225,1.5125633641161578,1.5356872133126593,0.023123849196501567,20.356931015404484,11.468873633483913,-8.888057381920571,5.0422849381884385,5.1342750216478406,0.09199008345940207,0.7481228300155071,0.4865897126342757,-0.26153311738123136,0.057016133724640795,0.08380538193010674,0.026789248205465944,0.0262053157354449,0.06700920306906218,0.04080388733361728,0.12153892205525939,0.21136618902884777,0.08982726697358838,0.07572240599181886,0.11985227911523286,0.044129873123414,1.4774178885309786,1.2392267222063509,-0.23819116632462767,1.3261442143881315,1.7394039451812415,0.41325973079311007,1.9850023720282435,1.5419955788391795,-0.443006793189064
lab_subject_15,exp_20260730T074927Z_347e077f,lab_subject_15__no_ad_early,matched_no_ad_reply,no_ads,none,early,inline_early;block_early,yes,5,5,5,2.078672428955575,1.776762489967847,-0.3019099389877282,1.4500902483930607,2.540243255267157,1.0901530068740963,3.4725984341672533,3.01499896036251,-0.45759947380474353,0.7611183792276095,1.0364062057488692,0.2752878265212597,2.704223143135067,2.9940392506389903,0.28981610750392317,0.726430080472042,0.896273963568806,0.1698438830967639,16.75502011359758,16.200901977321426,-0.5541181362761556,-0.5531576083709334,-0.574292503753645,-0.021134895382711627,0.8905880092584072,0.8360416998856709,-0.0545463093727363,0.03873300242281563,0.05451132250196472,0.01577832007914909,0.02022731301988121,0.03396734426445663,0.013740031244575415,0.031006333800381217,0.04852598924796396,0.017519655447582744,0.01410128881041097,0.02695364409994357,0.0128523552895326,0.5348288665801262,0.5766658354090769,0.041836968828950716,0.5509830426522276,0.5589887772374148,0.008005734585187163,0.9377821684293545,0.9122762550994677,-0.02550591332988672
lab_subject_15,exp_20260730T074927Z_347e077f,lab_subject_15__no_ad_late,matched_no_ad_reply,no_ads,none,late,inline_late;block_late,yes,5,5,5,2.920150149723548,3.359995202239188,0.4398450525156403,1.8527509352504854,2.5758873432678433,0.7231364080173579,4.769655840638257,4.421721252558952,-0.3479345880793048,1.3453066485546512,1.969094906373602,0.6237882578189509,2.4626531489039403,2.2895836630551205,-0.17306948584881976,0.9981031253473454,0.7664715722805617,-0.23163155306678362,15.829254603365431,14.932404466821689,-0.8968501365437422,-2.548394893204459,-2.967796360954511,-0.41940146775005216,0.8027621529517384,0.8166573018055858,0.013895148853847461,0.06984489772231889,0.07413825730390795,0.004293359581589065,0.02966082907694259,0.04140620519418139,0.011745376117238797,0.0629567935056273,0.048428153775482666,-0.014528639730144635,0.018679249913392898,0.01443310962841143,-0.004246140284981468,0.5564862455068745,0.42035140779034125,-0.13613483771653329,0.5918458985653162,0.4244749616299243,-0.1673709369353919,0.785811733922486,0.7457229237023306,-0.040088810220155424
lab_subject_16,exp_20260730T110035Z_a5786cb8,lab_subject_16__no_ad_early,matched_no_ad_reply,no_ads,none,early,inline_early;block_early,yes,5,5,5,5.119993915598428,4.704994961840214,-0.4149989537582144,6.276526402060243,5.601822415898649,-0.6747039861615942,7.178411196943499,4.741667951317733,-2.4367432456257667,4.514343438985299,3.4993418155209843,-1.0150016234643147,9.318328106284643,9.837121516979883,0.5187934106952401,1.3412995094136733,1.3519742628946538,0.01067475348098057,18.086380631609615,15.28415573555473,-2.8022248960548843,6.697667668057887,7.241152289647923,0.5434846215900357,0.766472656210873,0.5915654687675143,-0.17490718744335876,0.0585682482413757,0.0526743712028035,-0.0058938770385722,0.02842340460694799,0.05309000685437824,0.024666602247430246,0.09900972414477206,0.16877160997045212,0.06976188582568006,0.05243096870300102,0.10268084870636246,0.05024988000336144,1.1246365456675225,1.7114570498827126,0.5868205042151902,0.7536714231941887,1.479033743868824,0.7253623206746352,2.623016297447029,2.5571475072877794,-0.06586879015924962
lab_subject_16,exp_20260730T110035Z_a5786cb8,lab_subject_16__no_ad_late,matched_no_ad_reply,no_ads,none,late,inline_late;block_late,yes,5,5,5,3.0476527476043183,4.164438561788874,1.1167858141845555,5.525927115813225,5.80777595317433,0.281848837361105,4.364062356615882,4.918916648277078,0.5548542916611954,4.220717610767639,4.0185831065485225,-0.20213450421911627,10.278440288289222,9.596939005177193,-0.6815012831120288,0.9652137913784564,0.8634955272807474,-0.10171826409770901,14.086364511854907,12.674872427892044,-1.4114920839628624,7.1493051920573265,6.503981028892251,-0.6453241631650757,0.5325796753584766,0.4932419042779184,-0.03933777108055819,0.05885514296523612,0.0697376156459299,0.010882472680693776,0.06048039727207608,0.06229297450628852,0.0018125772342124369,0.2213764954864831,0.24281003049992342,0.021433535013440308,0.12878262287868864,0.11896292090115863,-0.009819701977530002,1.8594253112119314,1.674723514861204,-0.18470179635072737,1.831328061468278,2.038796739584128,0.20746867811585012,2.376576874154374,2.244295366386415,-0.13228150776795866
lab_subject_17,exp_20260730T143127Z_9fcb5eb7,lab_subject_17__no_ad_early,matched_no_ad_reply,no_ads,none,early,inline_early;block_early,yes,5,5,5,7.032447670998872,7.26599984707693,0.23355217607805834,6.108051533715361,6.1370715104704345,0.029019976755073174,6.919725194193241,5.854587147201552,-1.065138046991689,5.315461994500281,4.730915187442324,-0.5845468070579569,8.342898042400682,8.029075330077672,-0.3138227123230095,-0.04434295766558094,0.27583443453197987,0.3201773921975608,13.61719984605034,12.9594534101283,-0.6577464359220411,5.008664164362058,4.4886039009393635,-0.5200602634226943,0.5506781485592265,0.542186120876115,-0.008492027683111525,0.1078132778286805,0.11269762823988948,0.004884350411208979,0.07826214858979035,0.08206469956704797,0.003802550977257624,0.17998170203206176,0.18611225414970092,0.00613055211763916,0.08369050191066436,0.08236217869409661,-0.001328323216567756,0.8679774522001534,0.9176738929657503,0.04969644076559687,0.9903907375343495,1.2310166608314626,0.24062592329711308,0.5721618067738056,0.6789253636487291,0.10676355687492356
lab_subject_17,exp_20260730T143127Z_9fcb5eb7,lab_subject_17__no_ad_late,matched_no_ad_reply,no_ads,none,late,inline_late;block_late,yes,5,5,5,6.8969583357573905,7.367448243447043,0.47048990768965293,5.365873622451028,5.443562581140973,0.07768895868994452,5.999891626166443,7.3604672520319605,1.3605756258655175,4.639277698572807,5.024285139568635,0.3850074409958282,7.730189658516337,8.175903265123907,0.44571360660757,0.8368561308723486,0.37151929129256445,-0.4653368395797841,10.933732160550074,13.060683336142475,2.126951175592401,3.9744668448418814,4.804291002791854,0.8298241579499726,0.45731651052619865,0.5155964377532432,0.0582799272270445,0.1286899457110078,0.10027065075066598,-0.02841929496034183,0.08463450501297892,0.08563413906490012,0.0009996340519212027,0.21363127014042127,0.17427882403349598,-0.03935244610692529,0.08170928192465651,0.09090895444031785,0.009199672515661339,0.8540799786233345,0.7774298997202364,-0.07665007890309816,0.9588425177557363,1.005784990105784,0.04694247235004778,0.5541042675686255,0.6613493804102006,0.10724511284157512
lab_subject_18,exp_20260731T134108Z_a4a5b76b,lab_subject_18__no_ad_early,matched_no_ad_reply,no_ads,none,early,inline_early;block_early,yes,5,5,5,6.430879646454065,8.278525149251596,1.8476455027975307,4.7764629769919305,3.8015682501061754,-0.9748947268857551,6.460019400427814,5.544107062189374,-0.9159123382384404,3.907431962334182,2.5138303936731354,-1.3936015686610466,9.81577953710788,7.419811869676294,-2.395967667431587,0.21498472669344437,0.39752056792780976,0.1825358412343654,12.41054523050357,12.105026425332985,-0.3055188051705855,5.453791322584016,4.27860481033719,-1.1751865122468264,0.48801513840599176,0.5457445569221063,0.05772941851611457,0.11291394648585185,0.12444727983116721,0.011533333345315366,0.066125814699189,0.06381613146366125,-0.002309683235527757,0.21146938861033665,0.18555299015613497,-0.025916398454201683,0.07745486266405653,0.0900217085709842,0.012566845906927665,0.9480355509981361,0.9517950842800399,0.003759533281903815,0.9148938689591727,1.0618657884604654,0.14697191950129274,0.9357871776866286,1.6501559743594136,0.7143687966727851
lab_subject_18,exp_20260731T134108Z_a4a5b76b,lab_subject_18__no_ad_late,matched_no_ad_reply,no_ads,none,late,inline_late;block_late,yes,5,5,5,7.665105297694847,8.23415651978037,0.5690512220855233,6.120680878246959,5.126658643332211,-0.9940222349147474,6.707710137563117,6.0468709184686045,-0.6608392190945125,5.172468547053986,3.540078552176502,-1.6323899948774843,6.875933454770241,6.555078970824722,-0.32085448394551896,0.21031219327925754,-0.0829741710508003,-0.29328636433005784,14.201837103530895,10.84745055213192,-3.3543865513989743,3.6265739704641997,2.5361261485597684,-1.0904478219044313,0.668763808298585,0.4580871898214779,-0.21067661847710706,0.11852093604249082,0.15906526804395346,0.04054433200146264,0.06586777390108063,0.08390715204998948,0.018039378148908852,0.11071519049869273,0.19704830263969464,0.08633311214100191,0.06044952319843131,0.072988429479097,0.012538906280665695,0.6076677333474975,0.7801474257807534,0.1724796924332559,0.424952808971797,0.6934472592782723,0.26849445030647534,0.7014970478066933,1.2867904236760637,0.5852933758693704
lab_subject_19,exp_20260731T171043Z_61871403,lab_subject_19__no_ad_early,matched_no_ad_reply,no_ads,none,early,inline_early;block_early,yes,5,5,5,7.86695544375733,7.307783108118984,-0.5591723356383467,5.864791692079107,5.69619838163775,-0.1685933104413575,10.175965373817451,8.728237128945,-1.4477282448724509,5.282673339190072,6.342529798878422,1.0598564596883495,8.044895691547802,8.176372055945505,0.13147636439770238,0.3404819789330631,0.6124323541454579,0.27195037521239485,20.75147127693649,21.427387501451477,0.6759162245149888,1.736368478428652,1.1912665107167872,-0.5451019677118647,0.8461147951396042,0.8679870148904686,0.021872219750864397,0.07411032176799938,0.05792547179196067,-0.01618484997603871,0.024769342710814934,0.029278156730390466,0.004508814019575532,0.04776554830108893,0.04000381703199857,-0.007761731269090362,0.010740669701603084,0.008137814124756042,-0.0026028555768470418,0.5001382961826684,0.4666478140851926,-0.03349048209747574,0.5550081268719391,0.4679687331576788,-0.08703939371426034,1.5963748575276464,1.0911575995627485,-0.5052172579648979
lab_subject_19,exp_20260731T171043Z_61871403,lab_subject_19__no_ad_late,matched_no_ad_reply,no_ads,none,late,inline_late;block_late,yes,5,5,5,7.478816613292494,7.176312964800705,-0.3025036484917889,5.474331869086741,5.523232777379556,0.04890090829281579,10.960312906141883,7.98666345046474,-2.973649455677143,5.834068915122628,5.223676800315262,-0.6103921148073654,7.192415899546757,7.1003571929751494,-0.0920587065716072,0.5499865047370172,0.05775485141674963,-0.4922316533202675,19.597579714383983,17.815990947439957,-1.7815887669440258,1.1164301473966178,0.5961128252698888,-0.520317322126729,0.7760289844990087,0.7999971791910798,0.02396819469207112,0.1161709966407455,0.08130523870852553,-0.034865757932219965,0.04255964337110756,0.04404098675585162,0.001481343384744059,0.05483908582496003,0.05782097510637037,0.002981889281410341,0.010401289664177974,0.01493465557685637,0.004533365912678396,0.34548519316034365,0.5782503110737475,0.23276511791340382,0.5698318102221607,0.6495459603416939,0.0797141501195332,1.0323955827943478,1.0427985561485418,0.010402973354193934
