subject_id,contrast_id,feature,feature_tier,difference
lab_subject_1,any_ad_vs_no_ads,fz_theta_power_db_uv2,primary,-0.2908237754834193
lab_subject_1,inline_vs_block,fz_theta_power_db_uv2,primary,-0.19179202207917445
lab_subject_1,early_vs_late,fz_theta_power_db_uv2,primary,-0.011473825465179388
lab_subject_1,format_x_timing,fz_theta_power_db_uv2,primary,0.31064028326813986
lab_subject_10,any_ad_vs_no_ads,fz_theta_power_db_uv2,primary,-0.4844764190889155
lab_subject_10,inline_vs_block,fz_theta_power_db_uv2,primary,0.3695947104740682
lab_subject_10,early_vs_late,fz_theta_power_db_uv2,primary,-0.15697260491405984
lab_subject_10,format_x_timing,fz_theta_power_db_uv2,primary,0.242220854832345
lab_subject_11,any_ad_vs_no_ads,fz_theta_power_db_uv2,primary,0.4215324707941228
lab_subject_11,inline_vs_block,fz_theta_power_db_uv2,primary,-0.027660105181307237
lab_subject_11,early_vs_late,fz_theta_power_db_uv2,primary,0.07966808469258613
lab_subject_11,format_x_timing,fz_theta_power_db_uv2,primary,1.0767485299920851
lab_subject_12,any_ad_vs_no_ads,fz_theta_power_db_uv2,primary,-0.04514876465174389
lab_subject_12,inline_vs_block,fz_theta_power_db_uv2,primary,-0.09745008604898509
lab_subject_12,early_vs_late,fz_theta_power_db_uv2,primary,0.19680509604627971
lab_subject_12,format_x_timing,fz_theta_power_db_uv2,primary,0.2601223074136829
lab_subject_13,any_ad_vs_no_ads,fz_theta_power_db_uv2,primary,-0.12621814036646217
lab_subject_13,inline_vs_block,fz_theta_power_db_uv2,primary,-0.6506201104779992
lab_subject_13,early_vs_late,fz_theta_power_db_uv2,primary,-0.12777879443124007
lab_subject_13,format_x_timing,fz_theta_power_db_uv2,primary,0.2549228484710637
lab_subject_14,any_ad_vs_no_ads,fz_theta_power_db_uv2,primary,-0.027873351328990825
lab_subject_14,inline_vs_block,fz_theta_power_db_uv2,primary,0.372950964042722
lab_subject_14,early_vs_late,fz_theta_power_db_uv2,primary,0.045229811923410246
lab_subject_14,format_x_timing,fz_theta_power_db_uv2,primary,-0.2857130657283036
lab_subject_15,any_ad_vs_no_ads,fz_theta_power_db_uv2,primary,-0.2691434573427971
lab_subject_15,inline_vs_block,fz_theta_power_db_uv2,primary,0.2946871231157382
lab_subject_15,early_vs_late,fz_theta_power_db_uv2,primary,0.03921450140576965
lab_subject_15,format_x_timing,fz_theta_power_db_uv2,primary,-0.23261911748953823
lab_subject_16,any_ad_vs_no_ads,fz_theta_power_db_uv2,primary,0.32089637819184924
lab_subject_16,inline_vs_block,fz_theta_power_db_uv2,primary,-0.06024514151209459
lab_subject_16,early_vs_late,fz_theta_power_db_uv2,primary,-0.20320306254882947
lab_subject_16,format_x_timing,fz_theta_power_db_uv2,primary,-0.504613749358858
lab_subject_17,any_ad_vs_no_ads,fz_theta_power_db_uv2,primary,-0.4168741492687955
lab_subject_17,inline_vs_block,fz_theta_power_db_uv2,primary,0.09616366753060213
lab_subject_17,early_vs_late,fz_theta_power_db_uv2,primary,-0.19706249485523397
lab_subject_17,format_x_timing,fz_theta_power_db_uv2,primary,0.24132975204339857
lab_subject_18,any_ad_vs_no_ads,fz_theta_power_db_uv2,primary,0.5475925960365524
lab_subject_18,inline_vs_block,fz_theta_power_db_uv2,primary,-0.06259912006395663
lab_subject_18,early_vs_late,fz_theta_power_db_uv2,primary,-0.1865307189679406
lab_subject_18,format_x_timing,fz_theta_power_db_uv2,primary,-0.07040462525670677
lab_subject_19,any_ad_vs_no_ads,fz_theta_power_db_uv2,primary,0.19949532038985218
lab_subject_19,inline_vs_block,fz_theta_power_db_uv2,primary,-0.16404104050461576
lab_subject_19,early_vs_late,fz_theta_power_db_uv2,primary,-0.09147336375443338
lab_subject_19,format_x_timing,fz_theta_power_db_uv2,primary,-0.21861845604524976
lab_subject_2,any_ad_vs_no_ads,fz_theta_power_db_uv2,primary,-0.028363678577917106
lab_subject_2,inline_vs_block,fz_theta_power_db_uv2,primary,0.021865845738223477
lab_subject_2,early_vs_late,fz_theta_power_db_uv2,primary,-0.39882759737738027
lab_subject_2,format_x_timing,fz_theta_power_db_uv2,primary,-0.7445724722309075
lab_subject_3,any_ad_vs_no_ads,fz_theta_power_db_uv2,primary,-0.22305446481405422
lab_subject_3,inline_vs_block,fz_theta_power_db_uv2,primary,0.19767390955270248
lab_subject_3,early_vs_late,fz_theta_power_db_uv2,primary,0.13104427551750408
lab_subject_3,format_x_timing,fz_theta_power_db_uv2,primary,0.5371844414851008
lab_subject_5,any_ad_vs_no_ads,fz_theta_power_db_uv2,primary,-0.21742147698054204
lab_subject_5,inline_vs_block,fz_theta_power_db_uv2,primary,-0.07322302280917015
lab_subject_5,early_vs_late,fz_theta_power_db_uv2,primary,0.16677905985950314
lab_subject_5,format_x_timing,fz_theta_power_db_uv2,primary,0.40153873679422913
lab_subject_6,any_ad_vs_no_ads,fz_theta_power_db_uv2,primary,0.03389922759799102
lab_subject_6,inline_vs_block,fz_theta_power_db_uv2,primary,-0.042306182570637674
lab_subject_6,early_vs_late,fz_theta_power_db_uv2,primary,0.10157972403654458
lab_subject_6,format_x_timing,fz_theta_power_db_uv2,primary,0.7240415016961643
lab_subject_7,any_ad_vs_no_ads,fz_theta_power_db_uv2,primary,-0.38569107305818817
lab_subject_7,inline_vs_block,fz_theta_power_db_uv2,primary,0.005831297629802723
lab_subject_7,early_vs_late,fz_theta_power_db_uv2,primary,-1.2773629649422666
lab_subject_7,format_x_timing,fz_theta_power_db_uv2,primary,0.7648271218135255
lab_subject_8,any_ad_vs_no_ads,fz_theta_power_db_uv2,primary,-0.04383923635792364
lab_subject_8,inline_vs_block,fz_theta_power_db_uv2,primary,0.32855421094399695
lab_subject_8,early_vs_late,fz_theta_power_db_uv2,primary,-0.09080681203230512
lab_subject_8,format_x_timing,fz_theta_power_db_uv2,primary,0.8887038146586832
lab_subject_9,any_ad_vs_no_ads,fz_theta_power_db_uv2,primary,-0.1013726546268856
lab_subject_9,inline_vs_block,fz_theta_power_db_uv2,primary,-0.01529479712299775
lab_subject_9,early_vs_late,fz_theta_power_db_uv2,primary,0.06525498922953243
lab_subject_9,format_x_timing,fz_theta_power_db_uv2,primary,-0.19682599096892162
lab_subject_1,any_ad_vs_no_ads,posterior_alpha_power_db_uv2,primary,0.22515534892321387
lab_subject_1,inline_vs_block,posterior_alpha_power_db_uv2,primary,-0.7533791904547167
lab_subject_1,early_vs_late,posterior_alpha_power_db_uv2,primary,-0.07665636706116974
lab_subject_1,format_x_timing,posterior_alpha_power_db_uv2,primary,0.7997842050189607
lab_subject_10,any_ad_vs_no_ads,posterior_alpha_power_db_uv2,primary,-0.20046218631242496
lab_subject_10,inline_vs_block,posterior_alpha_power_db_uv2,primary,-0.2759117067165242
lab_subject_10,early_vs_late,posterior_alpha_power_db_uv2,primary,0.0188546354774779
lab_subject_10,format_x_timing,posterior_alpha_power_db_uv2,primary,1.067474958753909
lab_subject_11,any_ad_vs_no_ads,posterior_alpha_power_db_uv2,primary,-0.15792580540276457
lab_subject_11,inline_vs_block,posterior_alpha_power_db_uv2,primary,0.08255557010176595
lab_subject_11,early_vs_late,posterior_alpha_power_db_uv2,primary,0.06458618839864805
lab_subject_11,format_x_timing,posterior_alpha_power_db_uv2,primary,-1.0516764962173824
lab_subject_12,any_ad_vs_no_ads,posterior_alpha_power_db_uv2,primary,0.3421514896979687
lab_subject_12,inline_vs_block,posterior_alpha_power_db_uv2,primary,0.1524019132781369
lab_subject_12,early_vs_late,posterior_alpha_power_db_uv2,primary,-0.0026954314926399547
lab_subject_12,format_x_timing,posterior_alpha_power_db_uv2,primary,0.29767343762677356
lab_subject_13,any_ad_vs_no_ads,posterior_alpha_power_db_uv2,primary,0.1812100878536338
lab_subject_13,inline_vs_block,posterior_alpha_power_db_uv2,primary,-0.3330612414021603
lab_subject_13,early_vs_late,posterior_alpha_power_db_uv2,primary,-0.6714415122505288
lab_subject_13,format_x_timing,posterior_alpha_power_db_uv2,primary,0.2995680193734289
lab_subject_14,any_ad_vs_no_ads,posterior_alpha_power_db_uv2,primary,0.9133367702239226
lab_subject_14,inline_vs_block,posterior_alpha_power_db_uv2,primary,0.16456062448453945
lab_subject_14,early_vs_late,posterior_alpha_power_db_uv2,primary,0.2441981315356747
lab_subject_14,format_x_timing,posterior_alpha_power_db_uv2,primary,-1.1866760830135825
lab_subject_15,any_ad_vs_no_ads,posterior_alpha_power_db_uv2,primary,0.06591426764902897
lab_subject_15,inline_vs_block,posterior_alpha_power_db_uv2,primary,0.291497991129126
lab_subject_15,early_vs_late,posterior_alpha_power_db_uv2,primary,-0.15811584029094217
lab_subject_15,format_x_timing,posterior_alpha_power_db_uv2,primary,-0.34215410412681746
lab_subject_16,any_ad_vs_no_ads,posterior_alpha_power_db_uv2,primary,0.7417524564454503
lab_subject_16,inline_vs_block,posterior_alpha_power_db_uv2,primary,0.30826372701967397
lab_subject_16,early_vs_late,posterior_alpha_power_db_uv2,primary,0.03682911160644853
lab_subject_16,format_x_timing,posterior_alpha_power_db_uv2,primary,-0.6398169571604635
lab_subject_17,any_ad_vs_no_ads,posterior_alpha_power_db_uv2,primary,-0.26918541547328534
lab_subject_17,inline_vs_block,posterior_alpha_power_db_uv2,primary,-0.17034394806462583
lab_subject_17,early_vs_late,posterior_alpha_power_db_uv2,primary,-0.01991655826250671
lab_subject_17,format_x_timing,posterior_alpha_power_db_uv2,primary,-0.9108518736293787
lab_subject_18,any_ad_vs_no_ads,posterior_alpha_power_db_uv2,primary,-0.09555272035610685
lab_subject_18,inline_vs_block,posterior_alpha_power_db_uv2,primary,0.42382382609511815
lab_subject_18,early_vs_late,posterior_alpha_power_db_uv2,primary,-0.21133184192576415
lab_subject_18,format_x_timing,posterior_alpha_power_db_uv2,primary,-0.15743494500736688
lab_subject_19,any_ad_vs_no_ads,posterior_alpha_power_db_uv2,primary,-0.035937818278181766
lab_subject_19,inline_vs_block,posterior_alpha_power_db_uv2,primary,-0.3469095088005787
lab_subject_19,early_vs_late,posterior_alpha_power_db_uv2,primary,0.13486488822922382
lab_subject_19,format_x_timing,posterior_alpha_power_db_uv2,primary,0.2390760154431728
lab_subject_2,any_ad_vs_no_ads,posterior_alpha_power_db_uv2,primary,-0.08739176870109233
lab_subject_2,inline_vs_block,posterior_alpha_power_db_uv2,primary,-0.3717787182041814
lab_subject_2,early_vs_late,posterior_alpha_power_db_uv2,primary,-0.07210075212717193
lab_subject_2,format_x_timing,posterior_alpha_power_db_uv2,primary,3.4375645769587253
lab_subject_3,any_ad_vs_no_ads,posterior_alpha_power_db_uv2,primary,-0.5677553421713419
lab_subject_3,inline_vs_block,posterior_alpha_power_db_uv2,primary,0.2896787501823619
lab_subject_3,early_vs_late,posterior_alpha_power_db_uv2,primary,-0.2718437607409889
lab_subject_3,format_x_timing,posterior_alpha_power_db_uv2,primary,1.1112286206139075
lab_subject_5,any_ad_vs_no_ads,posterior_alpha_power_db_uv2,primary,-0.08875641797030909
lab_subject_5,inline_vs_block,posterior_alpha_power_db_uv2,primary,-0.31693669645835953
lab_subject_5,early_vs_late,posterior_alpha_power_db_uv2,primary,-0.008379885230572981
lab_subject_5,format_x_timing,posterior_alpha_power_db_uv2,primary,-0.24400893223945452
lab_subject_6,any_ad_vs_no_ads,posterior_alpha_power_db_uv2,primary,0.3353403428467896
lab_subject_6,inline_vs_block,posterior_alpha_power_db_uv2,primary,0.15210353723363124
lab_subject_6,early_vs_late,posterior_alpha_power_db_uv2,primary,0.061739668228410594
lab_subject_6,format_x_timing,posterior_alpha_power_db_uv2,primary,-0.06348422472557136
lab_subject_7,any_ad_vs_no_ads,posterior_alpha_power_db_uv2,primary,-0.43212452318288364
lab_subject_7,inline_vs_block,posterior_alpha_power_db_uv2,primary,-0.19634532022699513
lab_subject_7,early_vs_late,posterior_alpha_power_db_uv2,primary,-0.7959841207413829
lab_subject_7,format_x_timing,posterior_alpha_power_db_uv2,primary,0.9223278599983094
lab_subject_8,any_ad_vs_no_ads,posterior_alpha_power_db_uv2,primary,-0.10374045765217765
lab_subject_8,inline_vs_block,posterior_alpha_power_db_uv2,primary,0.25690953776058123
lab_subject_8,early_vs_late,posterior_alpha_power_db_uv2,primary,0.23259174845819075
lab_subject_8,format_x_timing,posterior_alpha_power_db_uv2,primary,0.3691620433723237
lab_subject_9,any_ad_vs_no_ads,posterior_alpha_power_db_uv2,primary,0.4320153809896201
lab_subject_9,inline_vs_block,posterior_alpha_power_db_uv2,primary,0.3031578909564825
lab_subject_9,early_vs_late,posterior_alpha_power_db_uv2,primary,0.07534718037323707
lab_subject_9,format_x_timing,posterior_alpha_power_db_uv2,primary,-0.3331146103751035
lab_subject_1,any_ad_vs_no_ads,theta_power_db_uv2,secondary_global,-0.5475193454380545
lab_subject_1,inline_vs_block,theta_power_db_uv2,secondary_global,-0.33053959567527613
lab_subject_1,early_vs_late,theta_power_db_uv2,secondary_global,-0.0334107115353417
lab_subject_1,format_x_timing,theta_power_db_uv2,secondary_global,0.05932958028637891
lab_subject_10,any_ad_vs_no_ads,theta_power_db_uv2,secondary_global,-0.3782583333066576
lab_subject_10,inline_vs_block,theta_power_db_uv2,secondary_global,0.1708795723722467
lab_subject_10,early_vs_late,theta_power_db_uv2,secondary_global,-0.08063533768925524
lab_subject_10,format_x_timing,theta_power_db_uv2,secondary_global,0.15148522979598233
lab_subject_11,any_ad_vs_no_ads,theta_power_db_uv2,secondary_global,0.17361009620422418
lab_subject_11,inline_vs_block,theta_power_db_uv2,secondary_global,-0.12766716797840338
lab_subject_11,early_vs_late,theta_power_db_uv2,secondary_global,0.1600493894896342
lab_subject_11,format_x_timing,theta_power_db_uv2,secondary_global,0.5000235307383569
lab_subject_12,any_ad_vs_no_ads,theta_power_db_uv2,secondary_global,-0.09237869373995711
lab_subject_12,inline_vs_block,theta_power_db_uv2,secondary_global,0.034209706905219406
lab_subject_12,early_vs_late,theta_power_db_uv2,secondary_global,0.1488996988280089
lab_subject_12,format_x_timing,theta_power_db_uv2,secondary_global,0.20507176665592475
lab_subject_13,any_ad_vs_no_ads,theta_power_db_uv2,secondary_global,0.306695413284757
lab_subject_13,inline_vs_block,theta_power_db_uv2,secondary_global,-0.7822837195553713
lab_subject_13,early_vs_late,theta_power_db_uv2,secondary_global,-0.36450387214386737
lab_subject_13,format_x_timing,theta_power_db_uv2,secondary_global,1.2916643923704196
lab_subject_14,any_ad_vs_no_ads,theta_power_db_uv2,secondary_global,-0.0518176116080582
lab_subject_14,inline_vs_block,theta_power_db_uv2,secondary_global,0.15585385569841215
lab_subject_14,early_vs_late,theta_power_db_uv2,secondary_global,0.2829408129443687
lab_subject_14,format_x_timing,theta_power_db_uv2,secondary_global,-1.7775828275686658
lab_subject_15,any_ad_vs_no_ads,theta_power_db_uv2,secondary_global,-0.03665859974853092
lab_subject_15,inline_vs_block,theta_power_db_uv2,secondary_global,0.32252781620153215
lab_subject_15,early_vs_late,theta_power_db_uv2,secondary_global,-0.33425329543264937
lab_subject_15,format_x_timing,theta_power_db_uv2,secondary_global,-0.47963536833980225
lab_subject_16,any_ad_vs_no_ads,theta_power_db_uv2,secondary_global,0.08283601016482312
lab_subject_16,inline_vs_block,theta_power_db_uv2,secondary_global,-0.3427173517585125
lab_subject_16,early_vs_late,theta_power_db_uv2,secondary_global,-0.468035995762631
lab_subject_16,format_x_timing,theta_power_db_uv2,secondary_global,-0.14353830876942908
lab_subject_17,any_ad_vs_no_ads,theta_power_db_uv2,secondary_global,-0.398723365069662
lab_subject_17,inline_vs_block,theta_power_db_uv2,secondary_global,-0.14351972991215067
lab_subject_17,early_vs_late,theta_power_db_uv2,secondary_global,0.10439900188125772
lab_subject_17,format_x_timing,theta_power_db_uv2,secondary_global,-0.27959182469988964
lab_subject_18,any_ad_vs_no_ads,theta_power_db_uv2,secondary_global,0.2875531288559028
lab_subject_18,inline_vs_block,theta_power_db_uv2,secondary_global,-0.06436222188113128
lab_subject_18,early_vs_late,theta_power_db_uv2,secondary_global,-0.04301951919933611
lab_subject_18,format_x_timing,theta_power_db_uv2,secondary_global,-0.39516813280526364
lab_subject_19,any_ad_vs_no_ads,theta_power_db_uv2,secondary_global,0.427578449329415
lab_subject_19,inline_vs_block,theta_power_db_uv2,secondary_global,-0.023673007162315685
lab_subject_19,early_vs_late,theta_power_db_uv2,secondary_global,-0.004126908163449627
lab_subject_19,format_x_timing,theta_power_db_uv2,secondary_global,-0.17532807433630815
lab_subject_2,any_ad_vs_no_ads,theta_power_db_uv2,secondary_global,0.1345115597308224
lab_subject_2,inline_vs_block,theta_power_db_uv2,secondary_global,-0.03435802504661467
lab_subject_2,early_vs_late,theta_power_db_uv2,secondary_global,0.0856993183021535
lab_subject_2,format_x_timing,theta_power_db_uv2,secondary_global,0.30920560788301277
lab_subject_3,any_ad_vs_no_ads,theta_power_db_uv2,secondary_global,-0.10276121751831369
lab_subject_3,inline_vs_block,theta_power_db_uv2,secondary_global,-0.25722487720254605
lab_subject_3,early_vs_late,theta_power_db_uv2,secondary_global,-0.4534606566968842
lab_subject_3,format_x_timing,theta_power_db_uv2,secondary_global,0.013270376089598024
lab_subject_5,any_ad_vs_no_ads,theta_power_db_uv2,secondary_global,-0.41192505639073485
lab_subject_5,inline_vs_block,theta_power_db_uv2,secondary_global,-0.06735148087832954
lab_subject_5,early_vs_late,theta_power_db_uv2,secondary_global,0.3164261558887844
lab_subject_5,format_x_timing,theta_power_db_uv2,secondary_global,0.5973872691265267
lab_subject_6,any_ad_vs_no_ads,theta_power_db_uv2,secondary_global,0.1937723951352721
lab_subject_6,inline_vs_block,theta_power_db_uv2,secondary_global,-0.04342389523312473
lab_subject_6,early_vs_late,theta_power_db_uv2,secondary_global,-0.01360820168296506
lab_subject_6,format_x_timing,theta_power_db_uv2,secondary_global,0.24128079768755395
lab_subject_7,any_ad_vs_no_ads,theta_power_db_uv2,secondary_global,-0.845617219594947
lab_subject_7,inline_vs_block,theta_power_db_uv2,secondary_global,-0.1479215466976571
lab_subject_7,early_vs_late,theta_power_db_uv2,secondary_global,-0.8625542535575677
lab_subject_7,format_x_timing,theta_power_db_uv2,secondary_global,0.3728350579043269
lab_subject_8,any_ad_vs_no_ads,theta_power_db_uv2,secondary_global,-0.09543374526027648
lab_subject_8,inline_vs_block,theta_power_db_uv2,secondary_global,-0.07703689296128147
lab_subject_8,early_vs_late,theta_power_db_uv2,secondary_global,0.1023300432716141
lab_subject_8,format_x_timing,theta_power_db_uv2,secondary_global,0.012418012127936251
lab_subject_9,any_ad_vs_no_ads,theta_power_db_uv2,secondary_global,0.08316753136803712
lab_subject_9,inline_vs_block,theta_power_db_uv2,secondary_global,0.4690429451907585
lab_subject_9,early_vs_late,theta_power_db_uv2,secondary_global,-0.24959481426546049
lab_subject_9,format_x_timing,theta_power_db_uv2,secondary_global,-0.4934650788736299
lab_subject_1,any_ad_vs_no_ads,alpha_power_db_uv2,secondary_global,0.064359410952334
lab_subject_1,inline_vs_block,alpha_power_db_uv2,secondary_global,-0.40273052204550197
lab_subject_1,early_vs_late,alpha_power_db_uv2,secondary_global,-0.11227022063034031
lab_subject_1,format_x_timing,alpha_power_db_uv2,secondary_global,0.35831338925538203
lab_subject_10,any_ad_vs_no_ads,alpha_power_db_uv2,secondary_global,-0.5057435863353525
lab_subject_10,inline_vs_block,alpha_power_db_uv2,secondary_global,-0.09702810291060437
lab_subject_10,early_vs_late,alpha_power_db_uv2,secondary_global,0.26934138610769764
lab_subject_10,format_x_timing,alpha_power_db_uv2,secondary_global,1.1275049879117054
lab_subject_11,any_ad_vs_no_ads,alpha_power_db_uv2,secondary_global,0.09067859276151413
lab_subject_11,inline_vs_block,alpha_power_db_uv2,secondary_global,0.004447302122287056
lab_subject_11,early_vs_late,alpha_power_db_uv2,secondary_global,0.17503200884691061
lab_subject_11,format_x_timing,alpha_power_db_uv2,secondary_global,-0.7328394318856866
lab_subject_12,any_ad_vs_no_ads,alpha_power_db_uv2,secondary_global,0.32969874037753755
lab_subject_12,inline_vs_block,alpha_power_db_uv2,secondary_global,-0.11321952592384754
lab_subject_12,early_vs_late,alpha_power_db_uv2,secondary_global,0.20905465040207183
lab_subject_12,format_x_timing,alpha_power_db_uv2,secondary_global,0.41480973154400047
lab_subject_13,any_ad_vs_no_ads,alpha_power_db_uv2,secondary_global,0.38796475741965697
lab_subject_13,inline_vs_block,alpha_power_db_uv2,secondary_global,-0.4641534753933918
lab_subject_13,early_vs_late,alpha_power_db_uv2,secondary_global,-0.6019634543430348
lab_subject_13,format_x_timing,alpha_power_db_uv2,secondary_global,0.4782490656971201
lab_subject_14,any_ad_vs_no_ads,alpha_power_db_uv2,secondary_global,-0.03377304386047486
lab_subject_14,inline_vs_block,alpha_power_db_uv2,secondary_global,0.13055196202895525
lab_subject_14,early_vs_late,alpha_power_db_uv2,secondary_global,0.16846230110027127
lab_subject_14,format_x_timing,alpha_power_db_uv2,secondary_global,-1.1266063180930677
lab_subject_15,any_ad_vs_no_ads,alpha_power_db_uv2,secondary_global,0.024817378675424218
lab_subject_15,inline_vs_block,alpha_power_db_uv2,secondary_global,0.3723298510559533
lab_subject_15,early_vs_late,alpha_power_db_uv2,secondary_global,-0.19649589441567272
lab_subject_15,format_x_timing,alpha_power_db_uv2,secondary_global,-0.28404829246553986
lab_subject_16,any_ad_vs_no_ads,alpha_power_db_uv2,secondary_global,0.2399982910619176
lab_subject_16,inline_vs_block,alpha_power_db_uv2,secondary_global,0.00916334677460462
lab_subject_16,early_vs_late,alpha_power_db_uv2,secondary_global,-0.05347757218949312
lab_subject_16,format_x_timing,alpha_power_db_uv2,secondary_global,-0.18652044368603704
lab_subject_17,any_ad_vs_no_ads,alpha_power_db_uv2,secondary_global,-0.017377410565397433
lab_subject_17,inline_vs_block,alpha_power_db_uv2,secondary_global,-0.39820039332775536
lab_subject_17,early_vs_late,alpha_power_db_uv2,secondary_global,0.3005782193435227
lab_subject_17,format_x_timing,alpha_power_db_uv2,secondary_global,-1.1016764476527374
lab_subject_18,any_ad_vs_no_ads,alpha_power_db_uv2,secondary_global,-0.015742406037753565
lab_subject_18,inline_vs_block,alpha_power_db_uv2,secondary_global,0.22010324668410508
lab_subject_18,early_vs_late,alpha_power_db_uv2,secondary_global,0.2218224455083586
lab_subject_18,format_x_timing,alpha_power_db_uv2,secondary_global,-0.00023831470976798386
lab_subject_19,any_ad_vs_no_ads,alpha_power_db_uv2,secondary_global,0.12501351007329742
lab_subject_19,inline_vs_block,alpha_power_db_uv2,secondary_global,-0.38361983133296196
lab_subject_19,early_vs_late,alpha_power_db_uv2,secondary_global,-0.009134665284042498
lab_subject_19,format_x_timing,alpha_power_db_uv2,secondary_global,-0.24156820278348423
lab_subject_2,any_ad_vs_no_ads,alpha_power_db_uv2,secondary_global,0.23183852761449497
lab_subject_2,inline_vs_block,alpha_power_db_uv2,secondary_global,-0.37554193586798945
lab_subject_2,early_vs_late,alpha_power_db_uv2,secondary_global,-0.09413516811361688
lab_subject_2,format_x_timing,alpha_power_db_uv2,secondary_global,1.0598679055176579
lab_subject_3,any_ad_vs_no_ads,alpha_power_db_uv2,secondary_global,-0.5385736514371011
lab_subject_3,inline_vs_block,alpha_power_db_uv2,secondary_global,0.1671355423457852
lab_subject_3,early_vs_late,alpha_power_db_uv2,secondary_global,-0.08810537756160475
lab_subject_3,format_x_timing,alpha_power_db_uv2,secondary_global,0.8095659434441993
lab_subject_5,any_ad_vs_no_ads,alpha_power_db_uv2,secondary_global,-0.0843682831569863
lab_subject_5,inline_vs_block,alpha_power_db_uv2,secondary_global,-0.10071619621853589
lab_subject_5,early_vs_late,alpha_power_db_uv2,secondary_global,-0.0731056538936441
lab_subject_5,format_x_timing,alpha_power_db_uv2,secondary_global,-0.14535860914682353
lab_subject_6,any_ad_vs_no_ads,alpha_power_db_uv2,secondary_global,0.2112314733930809
lab_subject_6,inline_vs_block,alpha_power_db_uv2,secondary_global,0.13998893668339818
lab_subject_6,early_vs_late,alpha_power_db_uv2,secondary_global,0.030869366972863688
lab_subject_6,format_x_timing,alpha_power_db_uv2,secondary_global,-0.11563552445059777
lab_subject_7,any_ad_vs_no_ads,alpha_power_db_uv2,secondary_global,-0.6308196610394914
lab_subject_7,inline_vs_block,alpha_power_db_uv2,secondary_global,-0.24781835307798095
lab_subject_7,early_vs_late,alpha_power_db_uv2,secondary_global,-0.94450576954848
lab_subject_7,format_x_timing,alpha_power_db_uv2,secondary_global,0.4968371991867164
lab_subject_8,any_ad_vs_no_ads,alpha_power_db_uv2,secondary_global,-0.12361977868471197
lab_subject_8,inline_vs_block,alpha_power_db_uv2,secondary_global,0.20637436749318638
lab_subject_8,early_vs_late,alpha_power_db_uv2,secondary_global,0.1710757504629692
lab_subject_8,format_x_timing,alpha_power_db_uv2,secondary_global,0.4150289355793175
lab_subject_9,any_ad_vs_no_ads,alpha_power_db_uv2,secondary_global,0.22391790421079438
lab_subject_9,inline_vs_block,alpha_power_db_uv2,secondary_global,0.269768280226633
lab_subject_9,early_vs_late,alpha_power_db_uv2,secondary_global,-0.09488566492074924
lab_subject_9,format_x_timing,alpha_power_db_uv2,secondary_global,-0.6601342854495735
lab_subject_1,any_ad_vs_no_ads,beta_power_db_uv2,secondary,0.8745910138043111
lab_subject_1,inline_vs_block,beta_power_db_uv2,secondary,-0.35374578033151494
lab_subject_1,early_vs_late,beta_power_db_uv2,secondary,-0.041934269212440256
lab_subject_1,format_x_timing,beta_power_db_uv2,secondary,0.004074946692192327
lab_subject_10,any_ad_vs_no_ads,beta_power_db_uv2,secondary,-0.5714173197798829
lab_subject_10,inline_vs_block,beta_power_db_uv2,secondary,0.3970842161948216
lab_subject_10,early_vs_late,beta_power_db_uv2,secondary,0.39829841129830434
lab_subject_10,format_x_timing,beta_power_db_uv2,secondary,-0.24568107006334738
lab_subject_11,any_ad_vs_no_ads,beta_power_db_uv2,secondary,0.13318497408054242
lab_subject_11,inline_vs_block,beta_power_db_uv2,secondary,-0.323801435087379
lab_subject_11,early_vs_late,beta_power_db_uv2,secondary,-0.45876075037734054
lab_subject_11,format_x_timing,beta_power_db_uv2,secondary,1.5398075532925652
lab_subject_12,any_ad_vs_no_ads,beta_power_db_uv2,secondary,-0.2573263255515972
lab_subject_12,inline_vs_block,beta_power_db_uv2,secondary,0.02834563966001724
lab_subject_12,early_vs_late,beta_power_db_uv2,secondary,0.2780817479534008
lab_subject_12,format_x_timing,beta_power_db_uv2,secondary,0.22029578778923842
lab_subject_13,any_ad_vs_no_ads,beta_power_db_uv2,secondary,0.23895321022955684
lab_subject_13,inline_vs_block,beta_power_db_uv2,secondary,-0.4417923441880536
lab_subject_13,early_vs_late,beta_power_db_uv2,secondary,-0.9883919520296045
lab_subject_13,format_x_timing,beta_power_db_uv2,secondary,0.31254401152304734
lab_subject_14,any_ad_vs_no_ads,beta_power_db_uv2,secondary,-0.49027086547675847
lab_subject_14,inline_vs_block,beta_power_db_uv2,secondary,0.07448240497326175
lab_subject_14,early_vs_late,beta_power_db_uv2,secondary,0.5330565099006268
lab_subject_14,format_x_timing,beta_power_db_uv2,secondary,-1.8782242048130096
lab_subject_15,any_ad_vs_no_ads,beta_power_db_uv2,secondary,0.48017912820632613
lab_subject_15,inline_vs_block,beta_power_db_uv2,secondary,0.6786586137374466
lab_subject_15,early_vs_late,beta_power_db_uv2,secondary,-0.45301738245068757
lab_subject_15,format_x_timing,beta_power_db_uv2,secondary,-0.27338493461596913
lab_subject_16,any_ad_vs_no_ads,beta_power_db_uv2,secondary,-0.2111346265213605
lab_subject_16,inline_vs_block,beta_power_db_uv2,secondary,0.0006591942953253493
lab_subject_16,early_vs_late,beta_power_db_uv2,secondary,0.31736714924337406
lab_subject_16,format_x_timing,beta_power_db_uv2,secondary,0.30618042361119713
lab_subject_17,any_ad_vs_no_ads,beta_power_db_uv2,secondary,0.17583371393392433
lab_subject_17,inline_vs_block,beta_power_db_uv2,secondary,-0.2725281402058215
lab_subject_17,early_vs_late,beta_power_db_uv2,secondary,0.689921556091349
lab_subject_17,format_x_timing,beta_power_db_uv2,secondary,-1.5933687046301133
lab_subject_18,any_ad_vs_no_ads,beta_power_db_uv2,secondary,-0.5814297060382732
lab_subject_18,inline_vs_block,beta_power_db_uv2,secondary,0.8246572566128272
lab_subject_18,early_vs_late,beta_power_db_uv2,secondary,0.49519392717432886
lab_subject_18,format_x_timing,beta_power_db_uv2,secondary,0.6360048491975956
lab_subject_19,any_ad_vs_no_ads,beta_power_db_uv2,secondary,-0.4766064050919754
lab_subject_19,inline_vs_block,beta_power_db_uv2,secondary,-0.00035390170909099794
lab_subject_19,early_vs_late,beta_power_db_uv2,secondary,0.11269732698186186
lab_subject_19,format_x_timing,beta_power_db_uv2,secondary,0.24074853921357509
lab_subject_2,any_ad_vs_no_ads,beta_power_db_uv2,secondary,0.13516978959286874
lab_subject_2,inline_vs_block,beta_power_db_uv2,secondary,-0.6808591794844787
lab_subject_2,early_vs_late,beta_power_db_uv2,secondary,0.16018755880677027
lab_subject_2,format_x_timing,beta_power_db_uv2,secondary,2.3755156047346997
lab_subject_3,any_ad_vs_no_ads,beta_power_db_uv2,secondary,-0.24465628963218755
lab_subject_3,inline_vs_block,beta_power_db_uv2,secondary,0.24981382814652164
lab_subject_3,early_vs_late,beta_power_db_uv2,secondary,-0.32765368672705897
lab_subject_3,format_x_timing,beta_power_db_uv2,secondary,0.3301560313209908
lab_subject_5,any_ad_vs_no_ads,beta_power_db_uv2,secondary,-0.38260335396896306
lab_subject_5,inline_vs_block,beta_power_db_uv2,secondary,0.33789910953806057
lab_subject_5,early_vs_late,beta_power_db_uv2,secondary,-0.10944074182529917
lab_subject_5,format_x_timing,beta_power_db_uv2,secondary,0.5630624750311766
lab_subject_6,any_ad_vs_no_ads,beta_power_db_uv2,secondary,0.29294736265687327
lab_subject_6,inline_vs_block,beta_power_db_uv2,secondary,0.01879439995094323
lab_subject_6,early_vs_late,beta_power_db_uv2,secondary,-0.056563676706711696
lab_subject_6,format_x_timing,beta_power_db_uv2,secondary,-0.03465244020314717
lab_subject_7,any_ad_vs_no_ads,beta_power_db_uv2,secondary,-0.37433380537701577
lab_subject_7,inline_vs_block,beta_power_db_uv2,secondary,-0.773358903626777
lab_subject_7,early_vs_late,beta_power_db_uv2,secondary,-1.1650115930016156
lab_subject_7,format_x_timing,beta_power_db_uv2,secondary,-0.4411921350077881
lab_subject_8,any_ad_vs_no_ads,beta_power_db_uv2,secondary,0.260292290289172
lab_subject_8,inline_vs_block,beta_power_db_uv2,secondary,-0.19584331262741195
lab_subject_8,early_vs_late,beta_power_db_uv2,secondary,0.5146415812604364
lab_subject_8,format_x_timing,beta_power_db_uv2,secondary,-0.7831111857326754
lab_subject_9,any_ad_vs_no_ads,beta_power_db_uv2,secondary,1.4642665306048865
lab_subject_9,inline_vs_block,beta_power_db_uv2,secondary,0.7512707430470957
lab_subject_9,early_vs_late,beta_power_db_uv2,secondary,0.18317461293442072
lab_subject_9,format_x_timing,beta_power_db_uv2,secondary,0.018073256997718445
lab_subject_1,any_ad_vs_no_ads,faa_log_f4_minus_f3,secondary,0.0375826537839066
lab_subject_1,inline_vs_block,faa_log_f4_minus_f3,secondary,-0.0027842787507480794
lab_subject_1,early_vs_late,faa_log_f4_minus_f3,secondary,0.04678481350477943
lab_subject_1,format_x_timing,faa_log_f4_minus_f3,secondary,0.04215608442894942
lab_subject_10,any_ad_vs_no_ads,faa_log_f4_minus_f3,secondary,-0.052361538106370786
lab_subject_10,inline_vs_block,faa_log_f4_minus_f3,secondary,0.09482108947522794
lab_subject_10,early_vs_late,faa_log_f4_minus_f3,secondary,0.08735884168466457
lab_subject_10,format_x_timing,faa_log_f4_minus_f3,secondary,-0.2453425380416428
lab_subject_11,any_ad_vs_no_ads,faa_log_f4_minus_f3,secondary,-0.10057132023672719
lab_subject_11,inline_vs_block,faa_log_f4_minus_f3,secondary,0.0010869070424146532
lab_subject_11,early_vs_late,faa_log_f4_minus_f3,secondary,0.19891679470069604
lab_subject_11,format_x_timing,faa_log_f4_minus_f3,secondary,-0.011905657943722892
lab_subject_12,any_ad_vs_no_ads,faa_log_f4_minus_f3,secondary,0.10704889462370651
lab_subject_12,inline_vs_block,faa_log_f4_minus_f3,secondary,0.14732819250347004
lab_subject_12,early_vs_late,faa_log_f4_minus_f3,secondary,-0.04793999137106613
lab_subject_12,format_x_timing,faa_log_f4_minus_f3,secondary,0.15934986812666221
lab_subject_13,any_ad_vs_no_ads,faa_log_f4_minus_f3,secondary,0.0935948575096826
lab_subject_13,inline_vs_block,faa_log_f4_minus_f3,secondary,-0.14762889506498855
lab_subject_13,early_vs_late,faa_log_f4_minus_f3,secondary,-0.08949629805655074
lab_subject_13,format_x_timing,faa_log_f4_minus_f3,secondary,0.12523318198133054
lab_subject_14,any_ad_vs_no_ads,faa_log_f4_minus_f3,secondary,-0.16297360286143125
lab_subject_14,inline_vs_block,faa_log_f4_minus_f3,secondary,-0.15097860003958408
lab_subject_14,early_vs_late,faa_log_f4_minus_f3,secondary,0.027080494101569208
lab_subject_14,format_x_timing,faa_log_f4_minus_f3,secondary,-0.30658619215625693
lab_subject_15,any_ad_vs_no_ads,faa_log_f4_minus_f3,secondary,-0.04460516591555086
lab_subject_15,inline_vs_block,faa_log_f4_minus_f3,secondary,0.017662725536526702
lab_subject_15,early_vs_late,faa_log_f4_minus_f3,secondary,-0.05974032002471796
lab_subject_15,format_x_timing,faa_log_f4_minus_f3,secondary,-0.13081203844835065
lab_subject_16,any_ad_vs_no_ads,faa_log_f4_minus_f3,secondary,-0.1520598060389473
lab_subject_16,inline_vs_block,faa_log_f4_minus_f3,secondary,-0.06894838223649957
lab_subject_16,early_vs_late,faa_log_f4_minus_f3,secondary,0.04392190395509177
lab_subject_16,format_x_timing,faa_log_f4_minus_f3,secondary,-0.09899117031369653
lab_subject_17,any_ad_vs_no_ads,faa_log_f4_minus_f3,secondary,-0.07829761840749794
lab_subject_17,inline_vs_block,faa_log_f4_minus_f3,secondary,-0.018231671729064536
lab_subject_17,early_vs_late,faa_log_f4_minus_f3,secondary,-0.09696261969055342
lab_subject_17,format_x_timing,faa_log_f4_minus_f3,secondary,0.15242743621684673
lab_subject_18,any_ad_vs_no_ads,faa_log_f4_minus_f3,secondary,0.009311099298085046
lab_subject_18,inline_vs_block,faa_log_f4_minus_f3,secondary,0.012638895949131895
lab_subject_18,early_vs_late,faa_log_f4_minus_f3,secondary,0.00605133236085037
lab_subject_18,format_x_timing,faa_log_f4_minus_f3,secondary,-0.11551867013552589
lab_subject_19,any_ad_vs_no_ads,faa_log_f4_minus_f3,secondary,0.02447003337157605
lab_subject_19,inline_vs_block,faa_log_f4_minus_f3,secondary,-0.015828905070515487
lab_subject_19,early_vs_late,faa_log_f4_minus_f3,secondary,-0.020806694902452127
lab_subject_19,format_x_timing,faa_log_f4_minus_f3,secondary,-0.019277355139061148
lab_subject_2,any_ad_vs_no_ads,faa_log_f4_minus_f3,secondary,0.1602933839442305
lab_subject_2,inline_vs_block,faa_log_f4_minus_f3,secondary,-0.06867773404925115
lab_subject_2,early_vs_late,faa_log_f4_minus_f3,secondary,0.05771234894955968
lab_subject_2,format_x_timing,faa_log_f4_minus_f3,secondary,0.17630690572116148
lab_subject_3,any_ad_vs_no_ads,faa_log_f4_minus_f3,secondary,0.16549468001074996
lab_subject_3,inline_vs_block,faa_log_f4_minus_f3,secondary,-0.09259794873932303
lab_subject_3,early_vs_late,faa_log_f4_minus_f3,secondary,-0.07757669198802597
lab_subject_3,format_x_timing,faa_log_f4_minus_f3,secondary,-0.17471159140714226
lab_subject_5,any_ad_vs_no_ads,faa_log_f4_minus_f3,secondary,-0.016303602326702027
lab_subject_5,inline_vs_block,faa_log_f4_minus_f3,secondary,-0.05360136470734811
lab_subject_5,early_vs_late,faa_log_f4_minus_f3,secondary,0.14000600547333764
lab_subject_5,format_x_timing,faa_log_f4_minus_f3,secondary,0.028647095440244796
lab_subject_6,any_ad_vs_no_ads,faa_log_f4_minus_f3,secondary,-0.028387604322559934
lab_subject_6,inline_vs_block,faa_log_f4_minus_f3,secondary,0.07620246208107995
lab_subject_6,early_vs_late,faa_log_f4_minus_f3,secondary,0.022528578221172046
lab_subject_6,format_x_timing,faa_log_f4_minus_f3,secondary,0.03588640387263031
lab_subject_7,any_ad_vs_no_ads,faa_log_f4_minus_f3,secondary,-0.2523793685543888
lab_subject_7,inline_vs_block,faa_log_f4_minus_f3,secondary,0.024491287394316753
lab_subject_7,early_vs_late,faa_log_f4_minus_f3,secondary,0.30679405957090167
lab_subject_7,format_x_timing,faa_log_f4_minus_f3,secondary,-0.14159512757225307
lab_subject_8,any_ad_vs_no_ads,faa_log_f4_minus_f3,secondary,-0.06608541474699983
lab_subject_8,inline_vs_block,faa_log_f4_minus_f3,secondary,-0.04008645714804299
lab_subject_8,early_vs_late,faa_log_f4_minus_f3,secondary,0.035758628470624054
lab_subject_8,format_x_timing,faa_log_f4_minus_f3,secondary,-0.04705125601862187
lab_subject_9,any_ad_vs_no_ads,faa_log_f4_minus_f3,secondary,-0.05671810544621381
lab_subject_9,inline_vs_block,faa_log_f4_minus_f3,secondary,-0.0865517933075306
lab_subject_9,early_vs_late,faa_log_f4_minus_f3,secondary,-0.05246087546594069
lab_subject_9,format_x_timing,faa_log_f4_minus_f3,secondary,-0.08661145030694811
lab_subject_1,any_ad_vs_no_ads,delta_power_db_uv2,exploratory,-0.9987333311479425
lab_subject_1,inline_vs_block,delta_power_db_uv2,exploratory,-0.15623595961648817
lab_subject_1,early_vs_late,delta_power_db_uv2,exploratory,-0.045573144309855707
lab_subject_1,format_x_timing,delta_power_db_uv2,exploratory,1.0449650798733785
lab_subject_10,any_ad_vs_no_ads,delta_power_db_uv2,exploratory,0.26963689727848816
lab_subject_10,inline_vs_block,delta_power_db_uv2,exploratory,0.09910703794873044
lab_subject_10,early_vs_late,delta_power_db_uv2,exploratory,-0.11103969686729087
lab_subject_10,format_x_timing,delta_power_db_uv2,exploratory,-1.1943387226515156
lab_subject_11,any_ad_vs_no_ads,delta_power_db_uv2,exploratory,-0.07189462447305317
lab_subject_11,inline_vs_block,delta_power_db_uv2,exploratory,-0.4814392032788568
lab_subject_11,early_vs_late,delta_power_db_uv2,exploratory,0.01885216757085928
lab_subject_11,format_x_timing,delta_power_db_uv2,exploratory,1.1819900999127473
lab_subject_12,any_ad_vs_no_ads,delta_power_db_uv2,exploratory,0.3276244023565411
lab_subject_12,inline_vs_block,delta_power_db_uv2,exploratory,0.19185883902148504
lab_subject_12,early_vs_late,delta_power_db_uv2,exploratory,-0.08782208580138828
lab_subject_12,format_x_timing,delta_power_db_uv2,exploratory,-0.5975445892457678
lab_subject_13,any_ad_vs_no_ads,delta_power_db_uv2,exploratory,1.2850215069219502
lab_subject_13,inline_vs_block,delta_power_db_uv2,exploratory,-3.0056108500139906
lab_subject_13,early_vs_late,delta_power_db_uv2,exploratory,-0.18661353801404346
lab_subject_13,format_x_timing,delta_power_db_uv2,exploratory,4.121345580396417
lab_subject_14,any_ad_vs_no_ads,delta_power_db_uv2,exploratory,0.42509181721392864
lab_subject_14,inline_vs_block,delta_power_db_uv2,exploratory,0.8874992562003392
lab_subject_14,early_vs_late,delta_power_db_uv2,exploratory,1.8463990927829492
lab_subject_14,format_x_timing,delta_power_db_uv2,exploratory,-0.10145069994336176
lab_subject_15,any_ad_vs_no_ads,delta_power_db_uv2,exploratory,-0.9145813101433191
lab_subject_15,inline_vs_block,delta_power_db_uv2,exploratory,-0.11529999627051168
lab_subject_15,early_vs_late,delta_power_db_uv2,exploratory,-0.8415877377991059
lab_subject_15,format_x_timing,delta_power_db_uv2,exploratory,-5.750312753013809
lab_subject_16,any_ad_vs_no_ads,delta_power_db_uv2,exploratory,-0.06334062556361175
lab_subject_16,inline_vs_block,delta_power_db_uv2,exploratory,-0.5510146293926343
lab_subject_16,early_vs_late,delta_power_db_uv2,exploratory,-0.4742881717713452
lab_subject_16,format_x_timing,delta_power_db_uv2,exploratory,1.5173964807398175
lab_subject_17,any_ad_vs_no_ads,delta_power_db_uv2,exploratory,-1.1430533587220193
lab_subject_17,inline_vs_block,delta_power_db_uv2,exploratory,-0.06444537340797396
lab_subject_17,early_vs_late,delta_power_db_uv2,exploratory,-0.048710554068659206
lab_subject_17,format_x_timing,delta_power_db_uv2,exploratory,0.3915133661109991
lab_subject_18,any_ad_vs_no_ads,delta_power_db_uv2,exploratory,-0.03614111811794274
lab_subject_18,inline_vs_block,delta_power_db_uv2,exploratory,0.3829963099508902
lab_subject_18,early_vs_late,delta_power_db_uv2,exploratory,0.1195745884513304
lab_subject_18,format_x_timing,delta_power_db_uv2,exploratory,-0.33313458974240895
lab_subject_19,any_ad_vs_no_ads,delta_power_db_uv2,exploratory,0.2036284184787931
lab_subject_19,inline_vs_block,delta_power_db_uv2,exploratory,-0.009447794057066972
lab_subject_19,early_vs_late,delta_power_db_uv2,exploratory,0.2733009667362154
lab_subject_19,format_x_timing,delta_power_db_uv2,exploratory,-0.1406299790416483
lab_subject_2,any_ad_vs_no_ads,delta_power_db_uv2,exploratory,0.7147695541253061
lab_subject_2,inline_vs_block,delta_power_db_uv2,exploratory,-0.925168074156149
lab_subject_2,early_vs_late,delta_power_db_uv2,exploratory,0.9539773647762502
lab_subject_2,format_x_timing,delta_power_db_uv2,exploratory,1.0714826315332662
lab_subject_3,any_ad_vs_no_ads,delta_power_db_uv2,exploratory,-0.517670314636888
lab_subject_3,inline_vs_block,delta_power_db_uv2,exploratory,-0.645322224710613
lab_subject_3,early_vs_late,delta_power_db_uv2,exploratory,-1.0264983481845427
lab_subject_3,format_x_timing,delta_power_db_uv2,exploratory,0.2678361160961469
lab_subject_5,any_ad_vs_no_ads,delta_power_db_uv2,exploratory,-1.6491232987539242
lab_subject_5,inline_vs_block,delta_power_db_uv2,exploratory,-0.3190770576784576
lab_subject_5,early_vs_late,delta_power_db_uv2,exploratory,0.8178627805974745
lab_subject_5,format_x_timing,delta_power_db_uv2,exploratory,1.3460444513747891
lab_subject_6,any_ad_vs_no_ads,delta_power_db_uv2,exploratory,0.7339223523783573
lab_subject_6,inline_vs_block,delta_power_db_uv2,exploratory,1.1342512448344433
lab_subject_6,early_vs_late,delta_power_db_uv2,exploratory,-0.524650708903188
lab_subject_6,format_x_timing,delta_power_db_uv2,exploratory,-1.7653593731255963
lab_subject_7,any_ad_vs_no_ads,delta_power_db_uv2,exploratory,-1.1411418575608767
lab_subject_7,inline_vs_block,delta_power_db_uv2,exploratory,-0.1964783089844353
lab_subject_7,early_vs_late,delta_power_db_uv2,exploratory,-0.47242609394595547
lab_subject_7,format_x_timing,delta_power_db_uv2,exploratory,-0.1925091709602249
lab_subject_8,any_ad_vs_no_ads,delta_power_db_uv2,exploratory,0.041153751210423195
lab_subject_8,inline_vs_block,delta_power_db_uv2,exploratory,-0.3722673574547031
lab_subject_8,early_vs_late,delta_power_db_uv2,exploratory,0.25104982857568814
lab_subject_8,format_x_timing,delta_power_db_uv2,exploratory,-1.0051684747447123
lab_subject_9,any_ad_vs_no_ads,delta_power_db_uv2,exploratory,0.7564199788691219
lab_subject_9,inline_vs_block,delta_power_db_uv2,exploratory,0.8990661257570665
lab_subject_9,early_vs_late,delta_power_db_uv2,exploratory,-0.0006960371438609059
lab_subject_9,format_x_timing,delta_power_db_uv2,exploratory,-2.410550831809779
lab_subject_1,any_ad_vs_no_ads,gamma_power_db_uv2,exploratory,1.167605933178776
lab_subject_1,inline_vs_block,gamma_power_db_uv2,exploratory,-0.39585701686375874
lab_subject_1,early_vs_late,gamma_power_db_uv2,exploratory,0.05558038240630747
lab_subject_1,format_x_timing,gamma_power_db_uv2,exploratory,0.2631100021154449
lab_subject_10,any_ad_vs_no_ads,gamma_power_db_uv2,exploratory,-1.443954313723554
lab_subject_10,inline_vs_block,gamma_power_db_uv2,exploratory,0.9058804265679836
lab_subject_10,early_vs_late,gamma_power_db_uv2,exploratory,1.2880407172896347
lab_subject_10,format_x_timing,gamma_power_db_uv2,exploratory,-0.3610438184868612
lab_subject_11,any_ad_vs_no_ads,gamma_power_db_uv2,exploratory,0.14031844235624957
lab_subject_11,inline_vs_block,gamma_power_db_uv2,exploratory,-0.885020124050862
lab_subject_11,early_vs_late,gamma_power_db_uv2,exploratory,-1.6421177371112161
lab_subject_11,format_x_timing,gamma_power_db_uv2,exploratory,4.953702067539735
lab_subject_12,any_ad_vs_no_ads,gamma_power_db_uv2,exploratory,-1.189176039678965
lab_subject_12,inline_vs_block,gamma_power_db_uv2,exploratory,0.17014781931379774
lab_subject_12,early_vs_late,gamma_power_db_uv2,exploratory,0.6884631129477543
lab_subject_12,format_x_timing,gamma_power_db_uv2,exploratory,0.6687363352435691
lab_subject_13,any_ad_vs_no_ads,gamma_power_db_uv2,exploratory,0.6117684287079719
lab_subject_13,inline_vs_block,gamma_power_db_uv2,exploratory,-0.7086420175853478
lab_subject_13,early_vs_late,gamma_power_db_uv2,exploratory,-1.7064463240064636
lab_subject_13,format_x_timing,gamma_power_db_uv2,exploratory,0.21231852923450467
lab_subject_14,any_ad_vs_no_ads,gamma_power_db_uv2,exploratory,-0.669981143926881
lab_subject_14,inline_vs_block,gamma_power_db_uv2,exploratory,0.20650276355927133
lab_subject_14,early_vs_late,gamma_power_db_uv2,exploratory,0.5668662271171341
lab_subject_14,format_x_timing,gamma_power_db_uv2,exploratory,-2.456844014633995
lab_subject_15,any_ad_vs_no_ads,gamma_power_db_uv2,exploratory,1.1635849894802437
lab_subject_15,inline_vs_block,gamma_power_db_uv2,exploratory,0.9355768465757137
lab_subject_15,early_vs_late,gamma_power_db_uv2,exploratory,-0.7366613474978194
lab_subject_15,format_x_timing,gamma_power_db_uv2,exploratory,0.12059911462264405
lab_subject_16,any_ad_vs_no_ads,gamma_power_db_uv2,exploratory,-0.4798737205439956
lab_subject_16,inline_vs_block,gamma_power_db_uv2,exploratory,0.11981038708582581
lab_subject_16,early_vs_late,gamma_power_db_uv2,exploratory,0.6176831948129191
lab_subject_16,format_x_timing,gamma_power_db_uv2,exploratory,0.6482439467224381
lab_subject_17,any_ad_vs_no_ads,gamma_power_db_uv2,exploratory,0.38659385207866315
lab_subject_17,inline_vs_block,gamma_power_db_uv2,exploratory,-0.30506405807541626
lab_subject_17,early_vs_late,gamma_power_db_uv2,exploratory,0.5387005792705359
lab_subject_17,format_x_timing,gamma_power_db_uv2,exploratory,-1.8846175160410192
lab_subject_18,any_ad_vs_no_ads,gamma_power_db_uv2,exploratory,-1.0059150442419114
lab_subject_18,inline_vs_block,gamma_power_db_uv2,exploratory,1.462411358114064
lab_subject_18,early_vs_late,gamma_power_db_uv2,exploratory,0.6792129390892372
lab_subject_18,format_x_timing,gamma_power_db_uv2,exploratory,0.8484162918838309
lab_subject_19,any_ad_vs_no_ads,gamma_power_db_uv2,exploratory,-1.2822476884904266
lab_subject_19,inline_vs_block,gamma_power_db_uv2,exploratory,0.7292410895871696
lab_subject_19,early_vs_late,gamma_power_db_uv2,exploratory,0.12064161043976984
lab_subject_19,format_x_timing,gamma_power_db_uv2,exploratory,0.7164101333126981
lab_subject_2,any_ad_vs_no_ads,gamma_power_db_uv2,exploratory,-0.020206843475378378
lab_subject_2,inline_vs_block,gamma_power_db_uv2,exploratory,-1.1747792156655663
lab_subject_2,early_vs_late,gamma_power_db_uv2,exploratory,0.2947318252462985
lab_subject_2,format_x_timing,gamma_power_db_uv2,exploratory,4.9902647590679825
lab_subject_3,any_ad_vs_no_ads,gamma_power_db_uv2,exploratory,-0.14623573644893728
lab_subject_3,inline_vs_block,gamma_power_db_uv2,exploratory,0.12524829759675127
lab_subject_3,early_vs_late,gamma_power_db_uv2,exploratory,-0.6879972567669395
lab_subject_3,format_x_timing,gamma_power_db_uv2,exploratory,0.4588424804517728
lab_subject_5,any_ad_vs_no_ads,gamma_power_db_uv2,exploratory,-0.6170483422190696
lab_subject_5,inline_vs_block,gamma_power_db_uv2,exploratory,0.626595668657278
lab_subject_5,early_vs_late,gamma_power_db_uv2,exploratory,-0.23745353235014077
lab_subject_5,format_x_timing,gamma_power_db_uv2,exploratory,1.033443805951196
lab_subject_6,any_ad_vs_no_ads,gamma_power_db_uv2,exploratory,0.713771643651591
lab_subject_6,inline_vs_block,gamma_power_db_uv2,exploratory,0.13174457743902157
lab_subject_6,early_vs_late,gamma_power_db_uv2,exploratory,0.13463569173373768
lab_subject_6,format_x_timing,gamma_power_db_uv2,exploratory,-0.09320350204882721
lab_subject_7,any_ad_vs_no_ads,gamma_power_db_uv2,exploratory,-0.567714695223895
lab_subject_7,inline_vs_block,gamma_power_db_uv2,exploratory,-1.2179117188829043
lab_subject_7,early_vs_late,gamma_power_db_uv2,exploratory,-1.3514294428162774
lab_subject_7,format_x_timing,gamma_power_db_uv2,exploratory,-0.9736600774915374
lab_subject_8,any_ad_vs_no_ads,gamma_power_db_uv2,exploratory,0.5614551250259301
lab_subject_8,inline_vs_block,gamma_power_db_uv2,exploratory,-0.5724388086717109
lab_subject_8,early_vs_late,gamma_power_db_uv2,exploratory,0.9428974389238407
lab_subject_8,format_x_timing,gamma_power_db_uv2,exploratory,-1.8842488778603785
lab_subject_9,any_ad_vs_no_ads,gamma_power_db_uv2,exploratory,2.083564858730382
lab_subject_9,inline_vs_block,gamma_power_db_uv2,exploratory,0.7829236364085679
lab_subject_9,early_vs_late,gamma_power_db_uv2,exploratory,0.42592705903535677
lab_subject_9,format_x_timing,gamma_power_db_uv2,exploratory,1.138597209838215
lab_subject_1,any_ad_vs_no_ads,delta_relative_power,exploratory,-0.0571840905949661
lab_subject_1,inline_vs_block,delta_relative_power,exploratory,0.0018455619609152318
lab_subject_1,early_vs_late,delta_relative_power,exploratory,-0.0021707487321990238
lab_subject_1,format_x_timing,delta_relative_power,exploratory,0.04807682724279427
lab_subject_10,any_ad_vs_no_ads,delta_relative_power,exploratory,0.04080407572829192
lab_subject_10,inline_vs_block,delta_relative_power,exploratory,-0.0035097447318072073
lab_subject_10,early_vs_late,delta_relative_power,exploratory,-0.01963209628107232
lab_subject_10,format_x_timing,delta_relative_power,exploratory,-0.0748394967621584
lab_subject_11,any_ad_vs_no_ads,delta_relative_power,exploratory,-0.012210661763312869
lab_subject_11,inline_vs_block,delta_relative_power,exploratory,-0.009912611077875555
lab_subject_11,early_vs_late,delta_relative_power,exploratory,0.014717387059034248
lab_subject_11,format_x_timing,delta_relative_power,exploratory,0.013929185498293029
lab_subject_12,any_ad_vs_no_ads,delta_relative_power,exploratory,0.02309222715318182
lab_subject_12,inline_vs_block,delta_relative_power,exploratory,0.0100344354783386
lab_subject_12,early_vs_late,delta_relative_power,exploratory,-0.02024636407902458
lab_subject_12,format_x_timing,delta_relative_power,exploratory,-0.0509068728943034
lab_subject_13,any_ad_vs_no_ads,delta_relative_power,exploratory,0.034734570097758266
lab_subject_13,inline_vs_block,delta_relative_power,exploratory,-0.07723461550581756
lab_subject_13,early_vs_late,delta_relative_power,exploratory,0.0323961851437814
lab_subject_13,format_x_timing,delta_relative_power,exploratory,0.11740179474020829
lab_subject_14,any_ad_vs_no_ads,delta_relative_power,exploratory,0.026538068766509104
lab_subject_14,inline_vs_block,delta_relative_power,exploratory,0.025730056585257177
lab_subject_14,early_vs_late,delta_relative_power,exploratory,0.05071090080550156
lab_subject_14,format_x_timing,delta_relative_power,exploratory,0.06304384760817983
lab_subject_15,any_ad_vs_no_ads,delta_relative_power,exploratory,-0.042012428674749636
lab_subject_15,inline_vs_block,delta_relative_power,exploratory,-0.019976994432093553
lab_subject_15,early_vs_late,delta_relative_power,exploratory,-0.019613608417520578
lab_subject_15,format_x_timing,delta_relative_power,exploratory,-0.18634639912201323
lab_subject_16,any_ad_vs_no_ads,delta_relative_power,exploratory,0.0051930177468242356
lab_subject_16,inline_vs_block,delta_relative_power,exploratory,-0.0264786092180187
lab_subject_16,early_vs_late,delta_relative_power,exploratory,-0.03132180097178627
lab_subject_16,format_x_timing,delta_relative_power,exploratory,0.06230550020649772
lab_subject_17,any_ad_vs_no_ads,delta_relative_power,exploratory,-0.05799180080037181
lab_subject_17,inline_vs_block,delta_relative_power,exploratory,0.009245428732509109
lab_subject_17,early_vs_late,delta_relative_power,exploratory,-0.027108006444230504
lab_subject_17,format_x_timing,delta_relative_power,exploratory,0.08457140632444277
lab_subject_18,any_ad_vs_no_ads,delta_relative_power,exploratory,0.004842340314977989
lab_subject_18,inline_vs_block,delta_relative_power,exploratory,-0.009872518820079779
lab_subject_18,early_vs_late,delta_relative_power,exploratory,-0.008325510199301944
lab_subject_18,format_x_timing,delta_relative_power,exploratory,-0.031418748048080425
lab_subject_19,any_ad_vs_no_ads,delta_relative_power,exploratory,0.006769666551337372
lab_subject_19,inline_vs_block,delta_relative_power,exploratory,-0.0006954602322618575
lab_subject_19,early_vs_late,delta_relative_power,exploratory,0.007665518001053084
lab_subject_19,format_x_timing,delta_relative_power,exploratory,-0.006043263474386995
lab_subject_2,any_ad_vs_no_ads,delta_relative_power,exploratory,0.016419071411222674
lab_subject_2,inline_vs_block,delta_relative_power,exploratory,-0.009717305019619205
lab_subject_2,early_vs_late,delta_relative_power,exploratory,0.03633358915449936
lab_subject_2,format_x_timing,delta_relative_power,exploratory,-0.059827359162664795
lab_subject_3,any_ad_vs_no_ads,delta_relative_power,exploratory,-0.010846402861863558
lab_subject_3,inline_vs_block,delta_relative_power,exploratory,-0.03942711589767123
lab_subject_3,early_vs_late,delta_relative_power,exploratory,-0.03204849978403457
lab_subject_3,format_x_timing,delta_relative_power,exploratory,8.139880731905524e-05
lab_subject_5,any_ad_vs_no_ads,delta_relative_power,exploratory,-0.0645931100962136
lab_subject_5,inline_vs_block,delta_relative_power,exploratory,-0.020703417284675396
lab_subject_5,early_vs_late,delta_relative_power,exploratory,0.038249052129395555
lab_subject_5,format_x_timing,delta_relative_power,exploratory,0.052166015381942876
lab_subject_6,any_ad_vs_no_ads,delta_relative_power,exploratory,0.01906282689010852
lab_subject_6,inline_vs_block,delta_relative_power,exploratory,0.050835095120189466
lab_subject_6,early_vs_late,delta_relative_power,exploratory,-0.020926685361216224
lab_subject_6,format_x_timing,delta_relative_power,exploratory,-0.08327956599965658
lab_subject_7,any_ad_vs_no_ads,delta_relative_power,exploratory,-0.03882460482438921
lab_subject_7,inline_vs_block,delta_relative_power,exploratory,0.022508192045219144
lab_subject_7,early_vs_late,delta_relative_power,exploratory,0.02998125494209236
lab_subject_7,format_x_timing,delta_relative_power,exploratory,0.010779365009433162
lab_subject_8,any_ad_vs_no_ads,delta_relative_power,exploratory,-0.0034963538098582436
lab_subject_8,inline_vs_block,delta_relative_power,exploratory,-0.015329331861596796
lab_subject_8,early_vs_late,delta_relative_power,exploratory,-0.00645634445613108
lab_subject_8,format_x_timing,delta_relative_power,exploratory,-0.028670242074364638
lab_subject_9,any_ad_vs_no_ads,delta_relative_power,exploratory,-0.01368349765962773
lab_subject_9,inline_vs_block,delta_relative_power,exploratory,0.014733689872355127
lab_subject_9,early_vs_late,delta_relative_power,exploratory,-0.005288967608769846
lab_subject_9,format_x_timing,delta_relative_power,exploratory,-0.10313068258053704
lab_subject_1,any_ad_vs_no_ads,theta_relative_power,exploratory,-0.0001279819456738024
lab_subject_1,inline_vs_block,theta_relative_power,exploratory,-0.0033358053218910666
lab_subject_1,early_vs_late,theta_relative_power,exploratory,-0.0008273757245732122
lab_subject_1,format_x_timing,theta_relative_power,exploratory,-0.012113254320522585
lab_subject_10,any_ad_vs_no_ads,theta_relative_power,exploratory,-0.010241673620438124
lab_subject_10,inline_vs_block,theta_relative_power,exploratory,0.002097713681085911
lab_subject_10,early_vs_late,theta_relative_power,exploratory,-0.0025314091571896347
lab_subject_10,format_x_timing,theta_relative_power,exploratory,0.023465266714637306
lab_subject_11,any_ad_vs_no_ads,theta_relative_power,exploratory,0.004068779833760458
lab_subject_11,inline_vs_block,theta_relative_power,exploratory,0.007405893914930392
lab_subject_11,early_vs_late,theta_relative_power,exploratory,0.006471950652405675
lab_subject_11,format_x_timing,theta_relative_power,exploratory,-0.01527251387776514
lab_subject_12,any_ad_vs_no_ads,theta_relative_power,exploratory,-0.006510241142754919
lab_subject_12,inline_vs_block,theta_relative_power,exploratory,-0.0020124870496184555
lab_subject_12,early_vs_late,theta_relative_power,exploratory,0.00033946219871791583
lab_subject_12,format_x_timing,theta_relative_power,exploratory,0.010048511604792698
lab_subject_13,any_ad_vs_no_ads,theta_relative_power,exploratory,-0.011817327944006153
lab_subject_13,inline_vs_block,theta_relative_power,exploratory,0.02422776657462003
lab_subject_13,early_vs_late,theta_relative_power,exploratory,-0.00290198457713807
lab_subject_13,format_x_timing,theta_relative_power,exploratory,-0.03203413807618597
lab_subject_14,any_ad_vs_no_ads,theta_relative_power,exploratory,-0.0006308624643307503
lab_subject_14,inline_vs_block,theta_relative_power,exploratory,-0.005527632874297812
lab_subject_14,early_vs_late,theta_relative_power,exploratory,-0.013756701003357588
lab_subject_14,format_x_timing,theta_relative_power,exploratory,-0.009566605406056063
lab_subject_15,any_ad_vs_no_ads,theta_relative_power,exploratory,0.009601149193078848
lab_subject_15,inline_vs_block,theta_relative_power,exploratory,0.003359935167336847
lab_subject_15,early_vs_late,theta_relative_power,exploratory,0.007790383612580887
lab_subject_15,format_x_timing,theta_relative_power,exploratory,0.06230224949101129
lab_subject_16,any_ad_vs_no_ads,theta_relative_power,exploratory,0.0030721960883864363
lab_subject_16,inline_vs_block,theta_relative_power,exploratory,-0.00032436463949429145
lab_subject_16,early_vs_late,theta_relative_power,exploratory,-0.002681694854175118
lab_subject_16,format_x_timing,theta_relative_power,exploratory,-0.015786154491897547
lab_subject_17,any_ad_vs_no_ads,theta_relative_power,exploratory,0.0046802119167033696
lab_subject_17,inline_vs_block,theta_relative_power,exploratory,0.0012178045437978013
lab_subject_17,early_vs_late,theta_relative_power,exploratory,-0.0018383402024761408
lab_subject_17,format_x_timing,theta_relative_power,exploratory,0.003453534344154824
lab_subject_18,any_ad_vs_no_ads,theta_relative_power,exploratory,0.01224703331934239
lab_subject_18,inline_vs_block,theta_relative_power,exploratory,-0.012291838597077054
lab_subject_18,early_vs_late,theta_relative_power,exploratory,-0.011186780502204285
lab_subject_18,format_x_timing,theta_relative_power,exploratory,-0.008226719807253105
lab_subject_19,any_ad_vs_no_ads,theta_relative_power,exploratory,0.005635529628291447
lab_subject_19,inline_vs_block,theta_relative_power,exploratory,-0.0004928017861208223
lab_subject_19,early_vs_late,theta_relative_power,exploratory,-0.004267281385217911
lab_subject_19,format_x_timing,theta_relative_power,exploratory,-0.0011876623967315009
lab_subject_2,any_ad_vs_no_ads,theta_relative_power,exploratory,-0.003820198011778672
lab_subject_2,inline_vs_block,theta_relative_power,exploratory,0.012765020390308413
lab_subject_2,early_vs_late,theta_relative_power,exploratory,-0.00996571297739901
lab_subject_2,format_x_timing,theta_relative_power,exploratory,-0.023472465036749324
lab_subject_3,any_ad_vs_no_ads,theta_relative_power,exploratory,0.00665583414793508
lab_subject_3,inline_vs_block,theta_relative_power,exploratory,0.0023470446048826227
lab_subject_3,early_vs_late,theta_relative_power,exploratory,0.006153916703053236
lab_subject_3,format_x_timing,theta_relative_power,exploratory,-0.005868773249567624
lab_subject_5,any_ad_vs_no_ads,theta_relative_power,exploratory,0.01665579058006275
lab_subject_5,inline_vs_block,theta_relative_power,exploratory,0.0004157620228890657
lab_subject_5,early_vs_late,theta_relative_power,exploratory,-0.004098778643097711
lab_subject_5,format_x_timing,theta_relative_power,exploratory,-0.009403922506513257
lab_subject_6,any_ad_vs_no_ads,theta_relative_power,exploratory,-0.008510388771332977
lab_subject_6,inline_vs_block,theta_relative_power,exploratory,-0.018333260047729977
lab_subject_6,early_vs_late,theta_relative_power,exploratory,0.0052646855140240645
lab_subject_6,format_x_timing,theta_relative_power,exploratory,0.03449224577096181
lab_subject_7,any_ad_vs_no_ads,theta_relative_power,exploratory,-0.001615322259383864
lab_subject_7,inline_vs_block,theta_relative_power,exploratory,0.006379991863908682
lab_subject_7,early_vs_late,theta_relative_power,exploratory,-0.001815941211585792
lab_subject_7,format_x_timing,theta_relative_power,exploratory,0.014831903852364672
lab_subject_8,any_ad_vs_no_ads,theta_relative_power,exploratory,-0.0034098088682148475
lab_subject_8,inline_vs_block,theta_relative_power,exploratory,0.0037355090874121866
lab_subject_8,early_vs_late,theta_relative_power,exploratory,-0.00597147081791774
lab_subject_8,format_x_timing,theta_relative_power,exploratory,0.01917279892689143
lab_subject_9,any_ad_vs_no_ads,theta_relative_power,exploratory,-0.011508274862740628
lab_subject_9,inline_vs_block,theta_relative_power,exploratory,-0.006210909813131937
lab_subject_9,early_vs_late,theta_relative_power,exploratory,-0.004675116661342016
lab_subject_9,format_x_timing,theta_relative_power,exploratory,0.012923125658249782
lab_subject_1,any_ad_vs_no_ads,alpha_relative_power,exploratory,0.003960583735703127
lab_subject_1,inline_vs_block,alpha_relative_power,exploratory,-0.001399834989466199
lab_subject_1,early_vs_late,alpha_relative_power,exploratory,-0.001329173022148751
lab_subject_1,format_x_timing,alpha_relative_power,exploratory,-0.0015436417401255217
lab_subject_10,any_ad_vs_no_ads,alpha_relative_power,exploratory,-0.013593745594469187
lab_subject_10,inline_vs_block,alpha_relative_power,exploratory,-0.007433755390272134
lab_subject_10,early_vs_late,alpha_relative_power,exploratory,0.008334600273377735
lab_subject_10,format_x_timing,alpha_relative_power,exploratory,0.051434713717525865
lab_subject_11,any_ad_vs_no_ads,alpha_relative_power,exploratory,0.002105242856418943
lab_subject_11,inline_vs_block,alpha_relative_power,exploratory,0.009732863091437643
lab_subject_11,early_vs_late,alpha_relative_power,exploratory,0.008586212072149949
lab_subject_11,format_x_timing,alpha_relative_power,exploratory,-0.05560380111103491
lab_subject_12,any_ad_vs_no_ads,alpha_relative_power,exploratory,0.007204885522979931
lab_subject_12,inline_vs_block,alpha_relative_power,exploratory,-0.005806322907400574
lab_subject_12,early_vs_late,alpha_relative_power,exploratory,0.00876625308207779
lab_subject_12,format_x_timing,alpha_relative_power,exploratory,0.02699921226592439
lab_subject_13,any_ad_vs_no_ads,alpha_relative_power,exploratory,-0.00685267903431807
lab_subject_13,inline_vs_block,alpha_relative_power,exploratory,0.015913390856281087
lab_subject_13,early_vs_late,alpha_relative_power,exploratory,-0.004633420754314194
lab_subject_13,format_x_timing,alpha_relative_power,exploratory,-0.024531604669394417
lab_subject_14,any_ad_vs_no_ads,alpha_relative_power,exploratory,0.0005736014790937299
lab_subject_14,inline_vs_block,alpha_relative_power,exploratory,-0.004427223214498059
lab_subject_14,early_vs_late,alpha_relative_power,exploratory,-0.010717754375412177
lab_subject_14,format_x_timing,alpha_relative_power,exploratory,0.0003391822660080909
lab_subject_15,any_ad_vs_no_ads,alpha_relative_power,exploratory,0.005567684167210679
lab_subject_15,inline_vs_block,alpha_relative_power,exploratory,0.002782369680537085
lab_subject_15,early_vs_late,alpha_relative_power,exploratory,0.0047240606510247085
lab_subject_15,format_x_timing,alpha_relative_power,exploratory,0.034175531980203094
lab_subject_16,any_ad_vs_no_ads,alpha_relative_power,exploratory,0.0034529258724975767
lab_subject_16,inline_vs_block,alpha_relative_power,exploratory,0.004629854045660131
lab_subject_16,early_vs_late,alpha_relative_power,exploratory,0.0013680664200773282
lab_subject_16,format_x_timing,alpha_relative_power,exploratory,-0.014206379930463801
lab_subject_17,any_ad_vs_no_ads,alpha_relative_power,exploratory,0.013377479049740848
lab_subject_17,inline_vs_block,alpha_relative_power,exploratory,-0.005241995600904992
lab_subject_17,early_vs_late,alpha_relative_power,exploratory,0.0013752662313247926
lab_subject_17,format_x_timing,alpha_relative_power,exploratory,-0.013841715588733941
lab_subject_18,any_ad_vs_no_ads,alpha_relative_power,exploratory,0.0031702482856426767
lab_subject_18,inline_vs_block,alpha_relative_power,exploratory,-0.00374179730345528
lab_subject_18,early_vs_late,alpha_relative_power,exploratory,-0.0006346971397317436
lab_subject_18,format_x_timing,alpha_relative_power,exploratory,-0.002400922575979958
lab_subject_19,any_ad_vs_no_ads,alpha_relative_power,exploratory,0.0008766445347203888
lab_subject_19,inline_vs_block,alpha_relative_power,exploratory,-0.0029515567345824167
lab_subject_19,early_vs_late,alpha_relative_power,exploratory,-0.002474112470847868
lab_subject_19,format_x_timing,alpha_relative_power,exploratory,-0.0008405121720713934
lab_subject_2,any_ad_vs_no_ads,alpha_relative_power,exploratory,-0.0010204227191796533
lab_subject_2,inline_vs_block,alpha_relative_power,exploratory,0.005503348803649055
lab_subject_2,early_vs_late,alpha_relative_power,exploratory,-0.00997551507233671
lab_subject_2,format_x_timing,alpha_relative_power,exploratory,-0.003820593012869855
lab_subject_3,any_ad_vs_no_ads,alpha_relative_power,exploratory,-0.0022109482861096125
lab_subject_3,inline_vs_block,alpha_relative_power,exploratory,0.010854265885800907
lab_subject_3,early_vs_late,alpha_relative_power,exploratory,0.011222262117112886
lab_subject_3,format_x_timing,alpha_relative_power,exploratory,0.009165553012663558
lab_subject_5,any_ad_vs_no_ads,alpha_relative_power,exploratory,0.018125162907163518
lab_subject_5,inline_vs_block,alpha_relative_power,exploratory,0.0020144939234030684
lab_subject_5,early_vs_late,alpha_relative_power,exploratory,-0.009859588722431367
lab_subject_5,format_x_timing,alpha_relative_power,exploratory,-0.023372521300711893
lab_subject_6,any_ad_vs_no_ads,alpha_relative_power,exploratory,-0.0068575779341294996
lab_subject_6,inline_vs_block,alpha_relative_power,exploratory,-0.010509191604441026
lab_subject_6,early_vs_late,alpha_relative_power,exploratory,0.007742796500727789
lab_subject_6,format_x_timing,alpha_relative_power,exploratory,0.016696485093982708
lab_subject_7,any_ad_vs_no_ads,alpha_relative_power,exploratory,0.002500030062710608
lab_subject_7,inline_vs_block,alpha_relative_power,exploratory,0.0039721369798842165
lab_subject_7,early_vs_late,alpha_relative_power,exploratory,-0.000413794061036421
lab_subject_7,format_x_timing,alpha_relative_power,exploratory,0.011047007509018499
lab_subject_8,any_ad_vs_no_ads,alpha_relative_power,exploratory,-0.0033631002709758884
lab_subject_8,inline_vs_block,alpha_relative_power,exploratory,0.010191018384736392
lab_subject_8,early_vs_late,alpha_relative_power,exploratory,-0.0015524964026822907
lab_subject_8,format_x_timing,alpha_relative_power,exploratory,0.022777989388683792
lab_subject_9,any_ad_vs_no_ads,alpha_relative_power,exploratory,-0.008795482131729801
lab_subject_9,inline_vs_block,alpha_relative_power,exploratory,-0.007878017612981236
lab_subject_9,early_vs_late,alpha_relative_power,exploratory,-0.001556060531581041
lab_subject_9,format_x_timing,alpha_relative_power,exploratory,0.010601708573409668
lab_subject_1,any_ad_vs_no_ads,beta_relative_power,exploratory,0.03701469469454474
lab_subject_1,inline_vs_block,beta_relative_power,exploratory,0.0016271977882266475
lab_subject_1,early_vs_late,beta_relative_power,exploratory,0.002171305305561949
lab_subject_1,format_x_timing,beta_relative_power,exploratory,-0.029546920639967084
lab_subject_10,any_ad_vs_no_ads,beta_relative_power,exploratory,-0.010220158827428216
lab_subject_10,inline_vs_block,beta_relative_power,exploratory,0.005398587581850259
lab_subject_10,early_vs_late,beta_relative_power,exploratory,0.007379495388227367
lab_subject_10,format_x_timing,beta_relative_power,exploratory,0.00047963582922867787
lab_subject_11,any_ad_vs_no_ads,beta_relative_power,exploratory,0.003340238417894076
lab_subject_11,inline_vs_block,beta_relative_power,exploratory,0.00103417369005665
lab_subject_11,early_vs_late,beta_relative_power,exploratory,-0.014682554481412424
lab_subject_11,format_x_timing,beta_relative_power,exploratory,0.01990571718376169
lab_subject_12,any_ad_vs_no_ads,beta_relative_power,exploratory,-0.011439298995543884
lab_subject_12,inline_vs_block,beta_relative_power,exploratory,-0.003289977074723338
lab_subject_12,early_vs_late,beta_relative_power,exploratory,0.006912329913033033
lab_subject_12,format_x_timing,beta_relative_power,exploratory,0.009360556784161145
lab_subject_13,any_ad_vs_no_ads,beta_relative_power,exploratory,-0.01348725307144548
lab_subject_13,inline_vs_block,beta_relative_power,exploratory,0.028445177585152255
lab_subject_13,early_vs_late,beta_relative_power,exploratory,-0.015130447976183403
lab_subject_13,format_x_timing,beta_relative_power,exploratory,-0.04439825266989175
lab_subject_14,any_ad_vs_no_ads,beta_relative_power,exploratory,-0.016802651661218512
lab_subject_14,inline_vs_block,beta_relative_power,exploratory,-0.011722731302157605
lab_subject_14,early_vs_late,beta_relative_power,exploratory,-0.01698845545247213
lab_subject_14,format_x_timing,beta_relative_power,exploratory,-0.02872571667369278
lab_subject_15,any_ad_vs_no_ads,beta_relative_power,exploratory,0.015561038878548587
lab_subject_15,inline_vs_block,beta_relative_power,exploratory,0.008335510967781512
lab_subject_15,early_vs_late,beta_relative_power,exploratory,0.0054988306254689645
lab_subject_15,format_x_timing,beta_relative_power,exploratory,0.05911350541028263
lab_subject_16,any_ad_vs_no_ads,beta_relative_power,exploratory,-0.004173765008624958
lab_subject_16,inline_vs_block,beta_relative_power,exploratory,0.013937231337027123
lab_subject_16,early_vs_late,beta_relative_power,exploratory,0.01790642261252945
lab_subject_16,format_x_timing,beta_relative_power,exploratory,-0.028734231961506707
lab_subject_17,any_ad_vs_no_ads,beta_relative_power,exploratory,0.02570932977152085
lab_subject_17,inline_vs_block,beta_relative_power,exploratory,-0.0039154508271815325
lab_subject_17,early_vs_late,beta_relative_power,exploratory,0.020479536975760382
lab_subject_17,format_x_timing,beta_relative_power,exploratory,-0.0466193899219238
lab_subject_18,any_ad_vs_no_ads,beta_relative_power,exploratory,-0.013750913503518175
lab_subject_18,inline_vs_block,beta_relative_power,exploratory,0.012184045945609429
lab_subject_18,early_vs_late,beta_relative_power,exploratory,0.009780569566032543
lab_subject_18,format_x_timing,beta_relative_power,exploratory,0.023650531287903814
lab_subject_19,any_ad_vs_no_ads,beta_relative_power,exploratory,-0.008983439695911338
lab_subject_19,inline_vs_block,beta_relative_power,exploratory,0.0017560401119245672
lab_subject_19,early_vs_late,beta_relative_power,exploratory,-0.0007203686663441178
lab_subject_19,format_x_timing,beta_relative_power,exploratory,0.006143438331633347
lab_subject_2,any_ad_vs_no_ads,beta_relative_power,exploratory,-0.006948937800605209
lab_subject_2,inline_vs_block,beta_relative_power,exploratory,-0.0007680524499868446
lab_subject_2,early_vs_late,beta_relative_power,exploratory,-0.01199470080806564
lab_subject_2,format_x_timing,beta_relative_power,exploratory,0.03598101144581495
lab_subject_3,any_ad_vs_no_ads,beta_relative_power,exploratory,0.004971492259056909
lab_subject_3,inline_vs_block,beta_relative_power,exploratory,0.01988880716545416
lab_subject_3,early_vs_late,beta_relative_power,exploratory,0.014623613857194073
lab_subject_3,format_x_timing,beta_relative_power,exploratory,-0.002318196762606306
lab_subject_5,any_ad_vs_no_ads,beta_relative_power,exploratory,0.023235053177270037
lab_subject_5,inline_vs_block,beta_relative_power,exploratory,0.011561958491174099
lab_subject_5,early_vs_late,beta_relative_power,exploratory,-0.017066881470977388
lab_subject_5,format_x_timing,beta_relative_power,exploratory,-0.017257686370293915
lab_subject_6,any_ad_vs_no_ads,beta_relative_power,exploratory,-0.006392438782006071
lab_subject_6,inline_vs_block,beta_relative_power,exploratory,-0.01872382401761874
lab_subject_6,early_vs_late,beta_relative_power,exploratory,0.005659763637364645
lab_subject_6,format_x_timing,beta_relative_power,exploratory,0.026308001457765268
lab_subject_7,any_ad_vs_no_ads,beta_relative_power,exploratory,0.025147168969921863
lab_subject_7,inline_vs_block,beta_relative_power,exploratory,-0.01338512817438342
lab_subject_7,early_vs_late,beta_relative_power,exploratory,-0.012903141806274693
lab_subject_7,format_x_timing,beta_relative_power,exploratory,-0.012239108100655205
lab_subject_8,any_ad_vs_no_ads,beta_relative_power,exploratory,0.0071065386330181335
lab_subject_8,inline_vs_block,beta_relative_power,exploratory,0.003397558897909325
lab_subject_8,early_vs_late,beta_relative_power,exploratory,0.00912894592134142
lab_subject_8,format_x_timing,beta_relative_power,exploratory,-0.004301373172597378
lab_subject_9,any_ad_vs_no_ads,beta_relative_power,exploratory,0.018095668542519164
lab_subject_9,inline_vs_block,beta_relative_power,exploratory,-0.0020269631274180966
lab_subject_9,early_vs_late,beta_relative_power,exploratory,0.005189840746552876
lab_subject_9,format_x_timing,beta_relative_power,exploratory,0.043039053594863846
lab_subject_1,any_ad_vs_no_ads,gamma_relative_power,exploratory,0.016336794110392037
lab_subject_1,inline_vs_block,gamma_relative_power,exploratory,0.0012628805622153447
lab_subject_1,early_vs_late,gamma_relative_power,exploratory,0.0021559921733589754
lab_subject_1,format_x_timing,gamma_relative_power,exploratory,-0.004873010542178924
lab_subject_10,any_ad_vs_no_ads,gamma_relative_power,exploratory,-0.006748497685956544
lab_subject_10,inline_vs_block,gamma_relative_power,exploratory,0.0034471988591432655
lab_subject_10,early_vs_late,gamma_relative_power,exploratory,0.006449409776656912
lab_subject_10,format_x_timing,gamma_relative_power,exploratory,-0.0005401194992334466
lab_subject_11,any_ad_vs_no_ads,gamma_relative_power,exploratory,0.0026964006552394545
lab_subject_11,inline_vs_block,gamma_relative_power,exploratory,-0.008260319618549318
lab_subject_11,early_vs_late,gamma_relative_power,exploratory,-0.015092995302177406
lab_subject_11,format_x_timing,gamma_relative_power,exploratory,0.037041412306745354
lab_subject_12,any_ad_vs_no_ads,gamma_relative_power,exploratory,-0.01234757253786311
lab_subject_12,inline_vs_block,gamma_relative_power,exploratory,0.0010743515534038378
lab_subject_12,early_vs_late,gamma_relative_power,exploratory,0.004228318885195773
lab_subject_12,format_x_timing,gamma_relative_power,exploratory,0.0044985922394252115
lab_subject_13,any_ad_vs_no_ads,gamma_relative_power,exploratory,-0.0025773100479886436
lab_subject_13,inline_vs_block,gamma_relative_power,exploratory,0.008648280489764074
lab_subject_13,early_vs_late,gamma_relative_power,exploratory,-0.009730331836145887
lab_subject_13,format_x_timing,gamma_relative_power,exploratory,-0.016437799324735883
lab_subject_14,any_ad_vs_no_ads,gamma_relative_power,exploratory,-0.009678156120053433
lab_subject_14,inline_vs_block,gamma_relative_power,exploratory,-0.004052469194303687
lab_subject_14,early_vs_late,gamma_relative_power,exploratory,-0.00924798997425974
lab_subject_14,format_x_timing,gamma_relative_power,exploratory,-0.025090707794439164
lab_subject_15,any_ad_vs_no_ads,gamma_relative_power,exploratory,0.01128255643591147
lab_subject_15,inline_vs_block,gamma_relative_power,exploratory,0.005499178616438179
lab_subject_15,early_vs_late,gamma_relative_power,exploratory,0.0016003335284459838
lab_subject_15,format_x_timing,gamma_relative_power,exploratory,0.030755112240516094
lab_subject_16,any_ad_vs_no_ads,gamma_relative_power,exploratory,-0.007544374699083242
lab_subject_16,inline_vs_block,gamma_relative_power,exploratory,0.0082358884748258
lab_subject_16,early_vs_late,gamma_relative_power,exploratory,0.01472900679335451
lab_subject_16,format_x_timing,gamma_relative_power,exploratory,-0.00357873382262959
lab_subject_17,any_ad_vs_no_ads,gamma_relative_power,exploratory,0.014224780062406822
lab_subject_17,inline_vs_block,gamma_relative_power,exploratory,-0.001305786848220275
lab_subject_17,early_vs_late,gamma_relative_power,exploratory,0.007091543439621567
lab_subject_17,format_x_timing,gamma_relative_power,exploratory,-0.027563835157939864
lab_subject_18,any_ad_vs_no_ads,gamma_relative_power,exploratory,-0.006508708416444867
lab_subject_18,inline_vs_block,gamma_relative_power,exploratory,0.01372210877500274
lab_subject_18,early_vs_late,gamma_relative_power,exploratory,0.010366418275205451
lab_subject_18,format_x_timing,gamma_relative_power,exploratory,0.018395859143409472
lab_subject_19,any_ad_vs_no_ads,gamma_relative_power,exploratory,-0.004298401018437814
lab_subject_19,inline_vs_block,gamma_relative_power,exploratory,0.0023837786410406195
lab_subject_19,early_vs_late,gamma_relative_power,exploratory,-0.0002037554786431979
lab_subject_19,format_x_timing,gamma_relative_power,exploratory,0.0019279997115568964
lab_subject_2,any_ad_vs_no_ads,gamma_relative_power,exploratory,-0.004629512879658987
lab_subject_2,inline_vs_block,gamma_relative_power,exploratory,-0.007783011724351509
lab_subject_2,early_vs_late,gamma_relative_power,exploratory,-0.0043976602966978445
lab_subject_2,format_x_timing,gamma_relative_power,exploratory,0.05113940576646913
lab_subject_3,any_ad_vs_no_ads,gamma_relative_power,exploratory,0.001430024740981084
lab_subject_3,inline_vs_block,gamma_relative_power,exploratory,0.0063369982415335535
lab_subject_3,early_vs_late,gamma_relative_power,exploratory,4.87071066742617e-05
lab_subject_3,format_x_timing,gamma_relative_power,exploratory,-0.0010599818078087936
lab_subject_5,any_ad_vs_no_ads,gamma_relative_power,exploratory,0.006577103431717517
lab_subject_5,inline_vs_block,gamma_relative_power,exploratory,0.006711202847209198
lab_subject_5,early_vs_late,gamma_relative_power,exploratory,-0.007223803292889137
lab_subject_5,format_x_timing,gamma_relative_power,exploratory,-0.002131885204423825
lab_subject_6,any_ad_vs_no_ads,gamma_relative_power,exploratory,0.002697578597360112
lab_subject_6,inline_vs_block,gamma_relative_power,exploratory,-0.003268819450399821
lab_subject_6,early_vs_late,gamma_relative_power,exploratory,0.0022594397090997115
lab_subject_6,format_x_timing,gamma_relative_power,exploratory,0.005782833676946715
lab_subject_7,any_ad_vs_no_ads,gamma_relative_power,exploratory,0.012792728051140692
lab_subject_7,inline_vs_block,gamma_relative_power,exploratory,-0.019475192714628692
lab_subject_7,early_vs_late,gamma_relative_power,exploratory,-0.014848377863195455
lab_subject_7,format_x_timing,gamma_relative_power,exploratory,-0.024419168270161287
lab_subject_8,any_ad_vs_no_ads,gamma_relative_power,exploratory,0.0031627243160309397
lab_subject_8,inline_vs_block,gamma_relative_power,exploratory,-0.001994754508461153
lab_subject_8,early_vs_late,gamma_relative_power,exploratory,0.004851365755389511
lab_subject_8,format_x_timing,gamma_relative_power,exploratory,-0.008979173068613382
lab_subject_9,any_ad_vs_no_ads,gamma_relative_power,exploratory,0.015891586111578926
lab_subject_9,inline_vs_block,gamma_relative_power,exploratory,0.0013822006811761017
lab_subject_9,early_vs_late,gamma_relative_power,exploratory,0.006330304055140068
lab_subject_9,format_x_timing,gamma_relative_power,exploratory,0.036566794754014045
lab_subject_1,any_ad_vs_no_ads,engagement_beta_over_alpha_theta,exploratory,0.23522578633124525
lab_subject_1,inline_vs_block,engagement_beta_over_alpha_theta,exploratory,0.04530994950455336
lab_subject_1,early_vs_late,engagement_beta_over_alpha_theta,exploratory,0.016552199653297905
lab_subject_1,format_x_timing,engagement_beta_over_alpha_theta,exploratory,-0.0854940523557064
lab_subject_10,any_ad_vs_no_ads,engagement_beta_over_alpha_theta,exploratory,-0.015282152867364174
lab_subject_10,inline_vs_block,engagement_beta_over_alpha_theta,exploratory,0.023406534032016757
lab_subject_10,early_vs_late,engagement_beta_over_alpha_theta,exploratory,0.020556139382229888
lab_subject_10,format_x_timing,engagement_beta_over_alpha_theta,exploratory,-0.06581205694887332
lab_subject_11,any_ad_vs_no_ads,engagement_beta_over_alpha_theta,exploratory,0.010231810684241616
lab_subject_11,inline_vs_block,engagement_beta_over_alpha_theta,exploratory,-0.05693901853723249
lab_subject_11,early_vs_late,engagement_beta_over_alpha_theta,exploratory,-0.10446010772686698
lab_subject_11,format_x_timing,engagement_beta_over_alpha_theta,exploratory,0.287018118741161
lab_subject_12,any_ad_vs_no_ads,engagement_beta_over_alpha_theta,exploratory,-0.049738683090235325
lab_subject_12,inline_vs_block,engagement_beta_over_alpha_theta,exploratory,0.012042714441658053
lab_subject_12,early_vs_late,engagement_beta_over_alpha_theta,exploratory,0.005980213264210943
lab_subject_12,format_x_timing,engagement_beta_over_alpha_theta,exploratory,-0.022538619495854006
lab_subject_13,any_ad_vs_no_ads,engagement_beta_over_alpha_theta,exploratory,0.0027979496210697175
lab_subject_13,inline_vs_block,engagement_beta_over_alpha_theta,exploratory,0.015094261608179504
lab_subject_13,early_vs_late,engagement_beta_over_alpha_theta,exploratory,-0.08875156378371396
lab_subject_13,format_x_timing,engagement_beta_over_alpha_theta,exploratory,-0.041182529352933095
lab_subject_14,any_ad_vs_no_ads,engagement_beta_over_alpha_theta,exploratory,-0.419904433154362
lab_subject_14,inline_vs_block,engagement_beta_over_alpha_theta,exploratory,-0.017805584260287555
lab_subject_14,early_vs_late,engagement_beta_over_alpha_theta,exploratory,0.06632613856362313
lab_subject_14,format_x_timing,engagement_beta_over_alpha_theta,exploratory,-0.12906941630383395
lab_subject_15,any_ad_vs_no_ads,engagement_beta_over_alpha_theta,exploratory,0.06825680265309059
lab_subject_15,inline_vs_block,engagement_beta_over_alpha_theta,exploratory,0.03606564482787933
lab_subject_15,early_vs_late,engagement_beta_over_alpha_theta,exploratory,-0.019396142945070083
lab_subject_15,format_x_timing,engagement_beta_over_alpha_theta,exploratory,-0.00947045909198263
lab_subject_16,any_ad_vs_no_ads,engagement_beta_over_alpha_theta,exploratory,-0.13430719110055267
lab_subject_16,inline_vs_block,engagement_beta_over_alpha_theta,exploratory,0.061755417378555055
lab_subject_16,early_vs_late,engagement_beta_over_alpha_theta,exploratory,0.20407686382346868
lab_subject_16,format_x_timing,engagement_beta_over_alpha_theta,exploratory,0.18126584017898595
lab_subject_17,any_ad_vs_no_ads,engagement_beta_over_alpha_theta,exploratory,0.06016295310882391
lab_subject_17,inline_vs_block,engagement_beta_over_alpha_theta,exploratory,0.012614991223912186
lab_subject_17,early_vs_late,engagement_beta_over_alpha_theta,exploratory,0.13205038512575185
lab_subject_17,format_x_timing,engagement_beta_over_alpha_theta,exploratory,-0.17499914252400195
lab_subject_18,any_ad_vs_no_ads,engagement_beta_over_alpha_theta,exploratory,-0.09730690919774221
lab_subject_18,inline_vs_block,engagement_beta_over_alpha_theta,exploratory,0.14442096705954666
lab_subject_18,early_vs_late,engagement_beta_over_alpha_theta,exploratory,0.07284825735958678
lab_subject_18,format_x_timing,engagement_beta_over_alpha_theta,exploratory,0.18834045421235235
lab_subject_19,any_ad_vs_no_ads,engagement_beta_over_alpha_theta,exploratory,-0.08276587603637525
lab_subject_19,inline_vs_block,engagement_beta_over_alpha_theta,exploratory,0.01794316036886401
lab_subject_19,early_vs_late,engagement_beta_over_alpha_theta,exploratory,0.009168584817708214
lab_subject_19,format_x_timing,engagement_beta_over_alpha_theta,exploratory,0.03249511631927704
lab_subject_2,any_ad_vs_no_ads,engagement_beta_over_alpha_theta,exploratory,0.04287193417518931
lab_subject_2,inline_vs_block,engagement_beta_over_alpha_theta,exploratory,-0.09627568712990087
lab_subject_2,early_vs_late,engagement_beta_over_alpha_theta,exploratory,0.05595121812819048
lab_subject_2,format_x_timing,engagement_beta_over_alpha_theta,exploratory,0.46917369714137447
lab_subject_3,any_ad_vs_no_ads,engagement_beta_over_alpha_theta,exploratory,-0.0004909050845971485
lab_subject_3,inline_vs_block,engagement_beta_over_alpha_theta,exploratory,0.06129591246302479
lab_subject_3,early_vs_late,engagement_beta_over_alpha_theta,exploratory,-0.00881187798884775
lab_subject_3,format_x_timing,engagement_beta_over_alpha_theta,exploratory,-0.022960490063581473
lab_subject_5,any_ad_vs_no_ads,engagement_beta_over_alpha_theta,exploratory,-0.018754477259511626
lab_subject_5,inline_vs_block,engagement_beta_over_alpha_theta,exploratory,0.05904431401682586
lab_subject_5,early_vs_late,engagement_beta_over_alpha_theta,exploratory,-0.041277679722820704
lab_subject_5,format_x_timing,engagement_beta_over_alpha_theta,exploratory,0.0401121121431669
lab_subject_6,any_ad_vs_no_ads,engagement_beta_over_alpha_theta,exploratory,0.02401267714004085
lab_subject_6,inline_vs_block,engagement_beta_over_alpha_theta,exploratory,0.008837619924648488
lab_subject_6,early_vs_late,engagement_beta_over_alpha_theta,exploratory,-0.006935293742295512
lab_subject_6,format_x_timing,engagement_beta_over_alpha_theta,exploratory,-0.012376687816599619
lab_subject_7,any_ad_vs_no_ads,engagement_beta_over_alpha_theta,exploratory,0.2005862339570248
lab_subject_7,inline_vs_block,engagement_beta_over_alpha_theta,exploratory,-0.2144139817496662
lab_subject_7,early_vs_late,engagement_beta_over_alpha_theta,exploratory,-0.09256787834291869
lab_subject_7,format_x_timing,engagement_beta_over_alpha_theta,exploratory,-0.4252826721824343
lab_subject_8,any_ad_vs_no_ads,engagement_beta_over_alpha_theta,exploratory,0.0681311056727123
lab_subject_8,inline_vs_block,engagement_beta_over_alpha_theta,exploratory,-0.04800394413810194
lab_subject_8,early_vs_late,engagement_beta_over_alpha_theta,exploratory,0.08079813968883653
lab_subject_8,format_x_timing,engagement_beta_over_alpha_theta,exploratory,-0.2017491931664237
lab_subject_9,any_ad_vs_no_ads,engagement_beta_over_alpha_theta,exploratory,0.2758071306392945
lab_subject_9,inline_vs_block,engagement_beta_over_alpha_theta,exploratory,0.09826331704721991
lab_subject_9,early_vs_late,engagement_beta_over_alpha_theta,exploratory,0.08901601527478264
lab_subject_9,format_x_timing,engagement_beta_over_alpha_theta,exploratory,0.14637118191508902
lab_subject_1,any_ad_vs_no_ads,engagement_pope_frontocentral_beta_over_alpha_theta,exploratory,0.4427060869217271
lab_subject_1,inline_vs_block,engagement_pope_frontocentral_beta_over_alpha_theta,exploratory,-0.08746196123510197
lab_subject_1,early_vs_late,engagement_pope_frontocentral_beta_over_alpha_theta,exploratory,-0.0343640952396167
lab_subject_1,format_x_timing,engagement_pope_frontocentral_beta_over_alpha_theta,exploratory,-0.32434951261805955
lab_subject_10,any_ad_vs_no_ads,engagement_pope_frontocentral_beta_over_alpha_theta,exploratory,-0.0019325768815776634
lab_subject_10,inline_vs_block,engagement_pope_frontocentral_beta_over_alpha_theta,exploratory,0.02363278502567162
lab_subject_10,early_vs_late,engagement_pope_frontocentral_beta_over_alpha_theta,exploratory,0.017492405676671263
lab_subject_10,format_x_timing,engagement_pope_frontocentral_beta_over_alpha_theta,exploratory,-0.047532173464010036
lab_subject_11,any_ad_vs_no_ads,engagement_pope_frontocentral_beta_over_alpha_theta,exploratory,0.009101925479421458
lab_subject_11,inline_vs_block,engagement_pope_frontocentral_beta_over_alpha_theta,exploratory,-0.03637807378419866
lab_subject_11,early_vs_late,engagement_pope_frontocentral_beta_over_alpha_theta,exploratory,-0.08328629953825806
lab_subject_11,format_x_timing,engagement_pope_frontocentral_beta_over_alpha_theta,exploratory,0.1548476189851965
lab_subject_12,any_ad_vs_no_ads,engagement_pope_frontocentral_beta_over_alpha_theta,exploratory,-0.028268817268663815
lab_subject_12,inline_vs_block,engagement_pope_frontocentral_beta_over_alpha_theta,exploratory,0.03935069610997477
lab_subject_12,early_vs_late,engagement_pope_frontocentral_beta_over_alpha_theta,exploratory,-0.04757835875830485
lab_subject_12,format_x_timing,engagement_pope_frontocentral_beta_over_alpha_theta,exploratory,0.023634379097668745
lab_subject_13,any_ad_vs_no_ads,engagement_pope_frontocentral_beta_over_alpha_theta,exploratory,0.0005044045725257629
lab_subject_13,inline_vs_block,engagement_pope_frontocentral_beta_over_alpha_theta,exploratory,0.017045854571033525
lab_subject_13,early_vs_late,engagement_pope_frontocentral_beta_over_alpha_theta,exploratory,-0.06606563524018938
lab_subject_13,format_x_timing,engagement_pope_frontocentral_beta_over_alpha_theta,exploratory,-0.029440941768239248
lab_subject_14,any_ad_vs_no_ads,engagement_pope_frontocentral_beta_over_alpha_theta,exploratory,-0.6500759475790046
lab_subject_14,inline_vs_block,engagement_pope_frontocentral_beta_over_alpha_theta,exploratory,0.02397899068021303
lab_subject_14,early_vs_late,engagement_pope_frontocentral_beta_over_alpha_theta,exploratory,0.16399542363047726
lab_subject_14,format_x_timing,engagement_pope_frontocentral_beta_over_alpha_theta,exploratory,-0.012784250611468151
lab_subject_15,any_ad_vs_no_ads,engagement_pope_frontocentral_beta_over_alpha_theta,exploratory,0.0499853813508318
lab_subject_15,inline_vs_block,engagement_pope_frontocentral_beta_over_alpha_theta,exploratory,0.048319384948631916
lab_subject_15,early_vs_late,engagement_pope_frontocentral_beta_over_alpha_theta,exploratory,0.005696138430253572
lab_subject_15,format_x_timing,engagement_pope_frontocentral_beta_over_alpha_theta,exploratory,0.037843402554794126
lab_subject_16,any_ad_vs_no_ads,engagement_pope_frontocentral_beta_over_alpha_theta,exploratory,-0.14677427761373796
lab_subject_16,inline_vs_block,engagement_pope_frontocentral_beta_over_alpha_theta,exploratory,-0.02021365204523118
lab_subject_16,early_vs_late,engagement_pope_frontocentral_beta_over_alpha_theta,exploratory,0.20769056874405778
lab_subject_16,format_x_timing,engagement_pope_frontocentral_beta_over_alpha_theta,exploratory,0.11448624203298796
lab_subject_17,any_ad_vs_no_ads,engagement_pope_frontocentral_beta_over_alpha_theta,exploratory,0.12203696700643807
lab_subject_17,inline_vs_block,engagement_pope_frontocentral_beta_over_alpha_theta,exploratory,-0.0569981176909391
lab_subject_17,early_vs_late,engagement_pope_frontocentral_beta_over_alpha_theta,exploratory,0.16112078945824448
lab_subject_17,format_x_timing,engagement_pope_frontocentral_beta_over_alpha_theta,exploratory,-0.10876519687559427
lab_subject_18,any_ad_vs_no_ads,engagement_pope_frontocentral_beta_over_alpha_theta,exploratory,-0.009083689168415177
lab_subject_18,inline_vs_block,engagement_pope_frontocentral_beta_over_alpha_theta,exploratory,0.22188317616966036
lab_subject_18,early_vs_late,engagement_pope_frontocentral_beta_over_alpha_theta,exploratory,0.12912206733078369
lab_subject_18,format_x_timing,engagement_pope_frontocentral_beta_over_alpha_theta,exploratory,0.2597707315172103
lab_subject_19,any_ad_vs_no_ads,engagement_pope_frontocentral_beta_over_alpha_theta,exploratory,-0.05918968730150276
lab_subject_19,inline_vs_block,engagement_pope_frontocentral_beta_over_alpha_theta,exploratory,0.02966458729876581
lab_subject_19,early_vs_late,engagement_pope_frontocentral_beta_over_alpha_theta,exploratory,0.002492331302461903
lab_subject_19,format_x_timing,engagement_pope_frontocentral_beta_over_alpha_theta,exploratory,-0.00011602881212174898
lab_subject_2,any_ad_vs_no_ads,engagement_pope_frontocentral_beta_over_alpha_theta,exploratory,0.010305626840299786
lab_subject_2,inline_vs_block,engagement_pope_frontocentral_beta_over_alpha_theta,exploratory,-0.04578357943128197
lab_subject_2,early_vs_late,engagement_pope_frontocentral_beta_over_alpha_theta,exploratory,-0.0069399515847829996
lab_subject_2,format_x_timing,engagement_pope_frontocentral_beta_over_alpha_theta,exploratory,0.21106571452220613
lab_subject_3,any_ad_vs_no_ads,engagement_pope_frontocentral_beta_over_alpha_theta,exploratory,-0.007550641119909107
lab_subject_3,inline_vs_block,engagement_pope_frontocentral_beta_over_alpha_theta,exploratory,0.05349112066477202
lab_subject_3,early_vs_late,engagement_pope_frontocentral_beta_over_alpha_theta,exploratory,-0.01853850072296448
lab_subject_3,format_x_timing,engagement_pope_frontocentral_beta_over_alpha_theta,exploratory,-0.05799207691098229
lab_subject_5,any_ad_vs_no_ads,engagement_pope_frontocentral_beta_over_alpha_theta,exploratory,-0.000865912487594267
lab_subject_5,inline_vs_block,engagement_pope_frontocentral_beta_over_alpha_theta,exploratory,0.045546077149328346
lab_subject_5,early_vs_late,engagement_pope_frontocentral_beta_over_alpha_theta,exploratory,-0.05264772273560525
lab_subject_5,format_x_timing,engagement_pope_frontocentral_beta_over_alpha_theta,exploratory,0.013738223781023295
lab_subject_6,any_ad_vs_no_ads,engagement_pope_frontocentral_beta_over_alpha_theta,exploratory,0.014008225548613584
lab_subject_6,inline_vs_block,engagement_pope_frontocentral_beta_over_alpha_theta,exploratory,0.05422270146288022
lab_subject_6,early_vs_late,engagement_pope_frontocentral_beta_over_alpha_theta,exploratory,-0.04020401846300348
lab_subject_6,format_x_timing,engagement_pope_frontocentral_beta_over_alpha_theta,exploratory,0.0338555098746427
lab_subject_7,any_ad_vs_no_ads,engagement_pope_frontocentral_beta_over_alpha_theta,exploratory,0.14849969084719317
lab_subject_7,inline_vs_block,engagement_pope_frontocentral_beta_over_alpha_theta,exploratory,-0.1845498672258068
lab_subject_7,early_vs_late,engagement_pope_frontocentral_beta_over_alpha_theta,exploratory,0.008002657552301562
lab_subject_7,format_x_timing,engagement_pope_frontocentral_beta_over_alpha_theta,exploratory,-0.34679960789629694
lab_subject_8,any_ad_vs_no_ads,engagement_pope_frontocentral_beta_over_alpha_theta,exploratory,0.015755856400735957
lab_subject_8,inline_vs_block,engagement_pope_frontocentral_beta_over_alpha_theta,exploratory,-0.055207678348186406
lab_subject_8,early_vs_late,engagement_pope_frontocentral_beta_over_alpha_theta,exploratory,0.07569552225240539
lab_subject_8,format_x_timing,engagement_pope_frontocentral_beta_over_alpha_theta,exploratory,-0.15680167675489953
lab_subject_9,any_ad_vs_no_ads,engagement_pope_frontocentral_beta_over_alpha_theta,exploratory,0.3138221418939293
lab_subject_9,inline_vs_block,engagement_pope_frontocentral_beta_over_alpha_theta,exploratory,0.2608040611280583
lab_subject_9,early_vs_late,engagement_pope_frontocentral_beta_over_alpha_theta,exploratory,0.20697248804022306
lab_subject_9,format_x_timing,engagement_pope_frontocentral_beta_over_alpha_theta,exploratory,0.6544561951303901
lab_subject_1,any_ad_vs_no_ads,engagement_kislov_central_beta16_24_over_alpha8_12,exploratory,1.6858318314801939
lab_subject_1,inline_vs_block,engagement_kislov_central_beta16_24_over_alpha8_12,exploratory,-0.4557247382262375
lab_subject_1,early_vs_late,engagement_kislov_central_beta16_24_over_alpha8_12,exploratory,-0.22437411253218675
lab_subject_1,format_x_timing,engagement_kislov_central_beta16_24_over_alpha8_12,exploratory,-1.1875001331722341
lab_subject_10,any_ad_vs_no_ads,engagement_kislov_central_beta16_24_over_alpha8_12,exploratory,0.03136008274744018
lab_subject_10,inline_vs_block,engagement_kislov_central_beta16_24_over_alpha8_12,exploratory,0.05355900058645097
lab_subject_10,early_vs_late,engagement_kislov_central_beta16_24_over_alpha8_12,exploratory,-0.0019097113279661904
lab_subject_10,format_x_timing,engagement_kislov_central_beta16_24_over_alpha8_12,exploratory,-0.09050097664266829
lab_subject_11,any_ad_vs_no_ads,engagement_kislov_central_beta16_24_over_alpha8_12,exploratory,0.058675953540972325
lab_subject_11,inline_vs_block,engagement_kislov_central_beta16_24_over_alpha8_12,exploratory,-0.025999687899977086
lab_subject_11,early_vs_late,engagement_kislov_central_beta16_24_over_alpha8_12,exploratory,-0.10411467318712675
lab_subject_11,format_x_timing,engagement_kislov_central_beta16_24_over_alpha8_12,exploratory,0.26879225950457175
lab_subject_12,any_ad_vs_no_ads,engagement_kislov_central_beta16_24_over_alpha8_12,exploratory,-0.103015886010276
lab_subject_12,inline_vs_block,engagement_kislov_central_beta16_24_over_alpha8_12,exploratory,0.02838370628458675
lab_subject_12,early_vs_late,engagement_kislov_central_beta16_24_over_alpha8_12,exploratory,-0.024469921098936087
lab_subject_12,format_x_timing,engagement_kislov_central_beta16_24_over_alpha8_12,exploratory,-0.014877495745044322
lab_subject_13,any_ad_vs_no_ads,engagement_kislov_central_beta16_24_over_alpha8_12,exploratory,-0.03649725329763265
lab_subject_13,inline_vs_block,engagement_kislov_central_beta16_24_over_alpha8_12,exploratory,-0.016994413666226782
lab_subject_13,early_vs_late,engagement_kislov_central_beta16_24_over_alpha8_12,exploratory,-0.13132703506733856
lab_subject_13,format_x_timing,engagement_kislov_central_beta16_24_over_alpha8_12,exploratory,-0.05083360476786125
lab_subject_14,any_ad_vs_no_ads,engagement_kislov_central_beta16_24_over_alpha8_12,exploratory,-0.7922632270035401
lab_subject_14,inline_vs_block,engagement_kislov_central_beta16_24_over_alpha8_12,exploratory,-0.03715096290868902
lab_subject_14,early_vs_late,engagement_kislov_central_beta16_24_over_alpha8_12,exploratory,0.27499785338624627
lab_subject_14,format_x_timing,engagement_kislov_central_beta16_24_over_alpha8_12,exploratory,-0.3643444509477576
lab_subject_15,any_ad_vs_no_ads,engagement_kislov_central_beta16_24_over_alpha8_12,exploratory,0.04367967931276284
lab_subject_15,inline_vs_block,engagement_kislov_central_beta16_24_over_alpha8_12,exploratory,0.10910648169874637
lab_subject_15,early_vs_late,engagement_kislov_central_beta16_24_over_alpha8_12,exploratory,-0.09402530883066795
lab_subject_15,format_x_timing,engagement_kislov_central_beta16_24_over_alpha8_12,exploratory,-0.1964673893953477
lab_subject_16,any_ad_vs_no_ads,engagement_kislov_central_beta16_24_over_alpha8_12,exploratory,-0.1390654680882406
lab_subject_16,inline_vs_block,engagement_kislov_central_beta16_24_over_alpha8_12,exploratory,0.03677716827385247
lab_subject_16,early_vs_late,engagement_kislov_central_beta16_24_over_alpha8_12,exploratory,0.11621749734249143
lab_subject_16,format_x_timing,engagement_kislov_central_beta16_24_over_alpha8_12,exploratory,0.3892853404097174
lab_subject_17,any_ad_vs_no_ads,engagement_kislov_central_beta16_24_over_alpha8_12,exploratory,4.521416324898553e-05
lab_subject_17,inline_vs_block,engagement_kislov_central_beta16_24_over_alpha8_12,exploratory,0.02366767868791475
lab_subject_17,early_vs_late,engagement_kislov_central_beta16_24_over_alpha8_12,exploratory,0.011039675822730355
lab_subject_17,format_x_timing,engagement_kislov_central_beta16_24_over_alpha8_12,exploratory,0.07119671805504335
lab_subject_18,any_ad_vs_no_ads,engagement_kislov_central_beta16_24_over_alpha8_12,exploratory,-0.026661231735355173
lab_subject_18,inline_vs_block,engagement_kislov_central_beta16_24_over_alpha8_12,exploratory,0.24953298531595425
lab_subject_18,early_vs_late,engagement_kislov_central_beta16_24_over_alpha8_12,exploratory,0.10384139070112641
lab_subject_18,format_x_timing,engagement_kislov_central_beta16_24_over_alpha8_12,exploratory,0.4625271392897461
lab_subject_19,any_ad_vs_no_ads,engagement_kislov_central_beta16_24_over_alpha8_12,exploratory,-0.2496720840733304
lab_subject_19,inline_vs_block,engagement_kislov_central_beta16_24_over_alpha8_12,exploratory,-0.01632085251983939
lab_subject_19,early_vs_late,engagement_kislov_central_beta16_24_over_alpha8_12,exploratory,0.016065496794836154
lab_subject_19,format_x_timing,engagement_kislov_central_beta16_24_over_alpha8_12,exploratory,0.3501686480329166
lab_subject_2,any_ad_vs_no_ads,engagement_kislov_central_beta16_24_over_alpha8_12,exploratory,0.010597568688368808
lab_subject_2,inline_vs_block,engagement_kislov_central_beta16_24_over_alpha8_12,exploratory,-0.08486903640395083
lab_subject_2,early_vs_late,engagement_kislov_central_beta16_24_over_alpha8_12,exploratory,-0.01917823097051441
lab_subject_2,format_x_timing,engagement_kislov_central_beta16_24_over_alpha8_12,exploratory,0.4350180768249374
lab_subject_3,any_ad_vs_no_ads,engagement_kislov_central_beta16_24_over_alpha8_12,exploratory,-0.004831545735068499
lab_subject_3,inline_vs_block,engagement_kislov_central_beta16_24_over_alpha8_12,exploratory,0.09027780530811991
lab_subject_3,early_vs_late,engagement_kislov_central_beta16_24_over_alpha8_12,exploratory,-0.1427594171140789
lab_subject_3,format_x_timing,engagement_kislov_central_beta16_24_over_alpha8_12,exploratory,-0.17276544922909154
lab_subject_5,any_ad_vs_no_ads,engagement_kislov_central_beta16_24_over_alpha8_12,exploratory,-0.023695093670110023
lab_subject_5,inline_vs_block,engagement_kislov_central_beta16_24_over_alpha8_12,exploratory,0.0032197832174801766
lab_subject_5,early_vs_late,engagement_kislov_central_beta16_24_over_alpha8_12,exploratory,0.017699826383242856
lab_subject_5,format_x_timing,engagement_kislov_central_beta16_24_over_alpha8_12,exploratory,0.11708536583469664
lab_subject_6,any_ad_vs_no_ads,engagement_kislov_central_beta16_24_over_alpha8_12,exploratory,0.020466621710576893
lab_subject_6,inline_vs_block,engagement_kislov_central_beta16_24_over_alpha8_12,exploratory,-0.01460995078279237
lab_subject_6,early_vs_late,engagement_kislov_central_beta16_24_over_alpha8_12,exploratory,-0.04572687181083723
lab_subject_6,format_x_timing,engagement_kislov_central_beta16_24_over_alpha8_12,exploratory,-0.01201426751139878
lab_subject_7,any_ad_vs_no_ads,engagement_kislov_central_beta16_24_over_alpha8_12,exploratory,-0.6742729438485973
lab_subject_7,inline_vs_block,engagement_kislov_central_beta16_24_over_alpha8_12,exploratory,-0.17699828675956786
lab_subject_7,early_vs_late,engagement_kislov_central_beta16_24_over_alpha8_12,exploratory,0.12045538025276947
lab_subject_7,format_x_timing,engagement_kislov_central_beta16_24_over_alpha8_12,exploratory,0.1010277382453455
lab_subject_8,any_ad_vs_no_ads,engagement_kislov_central_beta16_24_over_alpha8_12,exploratory,0.07768453541330911
lab_subject_8,inline_vs_block,engagement_kislov_central_beta16_24_over_alpha8_12,exploratory,-0.19704793060510406
lab_subject_8,early_vs_late,engagement_kislov_central_beta16_24_over_alpha8_12,exploratory,0.250066302869119
lab_subject_8,format_x_timing,engagement_kislov_central_beta16_24_over_alpha8_12,exploratory,-0.5098921706659316
lab_subject_9,any_ad_vs_no_ads,engagement_kislov_central_beta16_24_over_alpha8_12,exploratory,1.3779697385769258
lab_subject_9,inline_vs_block,engagement_kislov_central_beta16_24_over_alpha8_12,exploratory,1.3649907086429502
lab_subject_9,early_vs_late,engagement_kislov_central_beta16_24_over_alpha8_12,exploratory,0.36201457951312843
lab_subject_9,format_x_timing,engagement_kislov_central_beta16_24_over_alpha8_12,exploratory,1.4080311153279694
