dataset,grain,contrast,beh,eeg,primary_eeg,beh_family,n,pearson_r,pearson_p,spearman_r,spearman_p,kendall_r,kendall_p
A,D_k37,any_ad_vs_no_ads,trust,eeg_fz_theta,True,survey,18,0.13076829345865246,0.6050144454599709,0.06628733352580304,0.7938378792814761,0.060012003601200424,0.7319434822752744
A,D_k37,any_ad_vs_no_ads,trust,eeg_posterior_alpha,True,survey,18,0.2753329464708895,0.2688028747870938,0.23718436527201398,0.34330043643080765,0.15336400920306775,0.3813652114459988
A,D_k37,any_ad_vs_no_ads,trust,eeg_theta,False,survey,18,0.1345621837536882,0.5944871035694808,0.07250177104384707,0.7749607447854805,0.1000200060020007,0.5680658323002197
A,D_k37,any_ad_vs_no_ads,trust,eeg_alpha,False,survey,18,0.3775660186174461,0.122417668470829,0.3386868447333999,0.16919109125734494,0.26005201560520186,0.13771711782511123
A,D_k37,any_ad_vs_no_ads,trust,eeg_beta,False,survey,18,-0.030062298111778143,0.9057404221706391,-0.13775336498330942,0.5856912184144387,-0.08668400520173396,0.620753980668016
A,D_k37,any_ad_vs_no_ads,trust,eeg_faa,False,survey,18,0.3625742565166354,0.13922024573281613,0.10875265656577061,0.6675214996641134,0.08668400520173396,0.620753980668016
A,D_k37,any_ad_vs_no_ads,trust,eeg_delta,False,survey,18,0.2266486463258405,0.3657806935317461,0.16986129215987028,0.5004088912945355,0.11335600680226747,0.5176172697629309
A,D_k37,any_ad_vs_no_ads,trust,eeg_gamma,False,survey,18,0.004586468205976281,0.9855896121483291,-0.18954034430034303,0.45127613758604684,-0.1000200060020007,0.5680658323002197
A,D_k37,any_ad_vs_no_ads,trust,eeg_rel_delta,False,survey,18,0.053324150327731974,0.83355670617848,-0.023822010485835467,0.9252481146205846,-0.02000400120040014,0.9090947320233526
A,D_k37,any_ad_vs_no_ads,trust,eeg_rel_theta,False,survey,18,-0.17339960134043908,0.4913907769082094,0.009321656277066052,0.9707164560271601,-0.02000400120040014,0.9090947320233526
A,D_k37,any_ad_vs_no_ads,trust,eeg_rel_alpha,False,survey,18,-0.1338551015154391,0.5964433871768401,0.04971550014435227,0.8446863237398762,0.02000400120040014,0.9090947320233526
A,D_k37,any_ad_vs_no_ads,trust,eeg_rel_beta,False,survey,18,-0.08975779359935847,0.7231984586004705,-0.09425230235700117,0.7098922980963362,-0.060012003601200424,0.7319434822752744
A,D_k37,any_ad_vs_no_ads,trust,eeg_rel_gamma,False,survey,18,-0.06701929709014451,0.7916085620637598,-0.13361040663794674,0.5971209999401904,-0.1000200060020007,0.5680658323002197
A,D_k37,any_ad_vs_no_ads,trust,eeg_engagement,False,survey,18,-0.10449748332867971,0.6798631064616999,-0.16157537546914488,0.521832450507883,-0.1000200060020007,0.5680658323002197
A,D_k37,any_ad_vs_no_ads,trust,eeg_pope,False,survey,18,-0.10773292612697515,0.6704718565971092,-0.14500354208769414,0.5659134576681791,-0.1000200060020007,0.5680658323002197
A,D_k37,any_ad_vs_no_ads,trust,eeg_kislov,False,survey,18,-0.15166402013140493,0.548004160327215,-0.357330157287532,0.1454582856087478,-0.2067080124041348,0.23805396246332744
A,D_k37,any_ad_vs_no_ads,credibility,eeg_fz_theta,True,survey,18,0.09018345161121748,0.721934971520056,0.15607253899721507,0.5362911856476732,0.09241377067782293,0.5951189438967
A,D_k37,any_ad_vs_no_ads,credibility,eeg_posterior_alpha,True,survey,18,0.15788469097598531,0.5315097305102691,0.10335929734914903,0.6831775977641287,0.07921180343813396,0.6487396628088691
A,D_k37,any_ad_vs_no_ads,credibility,eeg_theta,False,survey,18,0.19284416165280438,0.443277367674045,0.2180881174067045,0.38464079333348283,0.13201967239688991,0.4477391356571262
A,D_k37,any_ad_vs_no_ads,credibility,eeg_alpha,False,survey,18,0.2486455730163773,0.3197747244831082,0.1064600762696235,0.6741609991791476,0.06600983619844496,0.7042462147229387
A,D_k37,any_ad_vs_no_ads,credibility,eeg_beta,False,survey,18,0.04551838602170746,0.8576660115249396,-0.029974196231253223,0.9060155047930557,0.013201967239688993,0.9394835710603062
A,D_k37,any_ad_vs_no_ads,credibility,eeg_faa,False,survey,18,0.3287024046779613,0.18292090509416736,0.07751947301186178,0.7598054639036144,0.03960590171906698,0.8198352462436832
A,D_k37,any_ad_vs_no_ads,credibility,eeg_delta,False,survey,18,0.16541988309038433,0.5118396895678925,0.010335929734914906,0.9675316741042296,0.026403934479377986,0.8793147701936899
A,D_k37,any_ad_vs_no_ads,credibility,eeg_gamma,False,survey,18,0.005626882324492537,0.982321136289326,-0.0062015578409489415,0.9805158966008967,0.013201967239688993,0.9394835710603062
A,D_k37,any_ad_vs_no_ads,credibility,eeg_rel_delta,False,survey,18,0.05142704759172392,0.8394040361085687,-0.18501314225497678,0.46235532683856745,-0.13201967239688991,0.4477391356571262
A,D_k37,any_ad_vs_no_ads,credibility,eeg_rel_theta,False,survey,18,-0.16207999375377502,0.5205156900760468,0.0010335929734914904,0.9967523661109121,0.013201967239688993,0.9394835710603062
A,D_k37,any_ad_vs_no_ads,credibility,eeg_rel_alpha,False,survey,18,-0.20354158033742853,0.4178875995451062,-0.20775218767178957,0.4081107876930465,-0.15842360687626791,0.3622808622895247
A,D_k37,any_ad_vs_no_ads,credibility,eeg_rel_beta,False,survey,18,-0.0284155404379923,0.9108837891277339,0.1633076898116555,0.5173185858160017,0.13201967239688991,0.4477391356571262
A,D_k37,any_ad_vs_no_ads,credibility,eeg_rel_gamma,False,survey,18,0.052991930750934814,0.8345800960060272,0.2253232682211449,0.3686660440175128,0.21123147583502389,0.22447923958749927
A,D_k37,any_ad_vs_no_ads,credibility,eeg_engagement,False,survey,18,0.02516708389987936,0.9210394957289275,0.12403115681897885,0.6238916408302997,0.10561573791751194,0.5436175386791315
A,D_k37,any_ad_vs_no_ads,credibility,eeg_pope,False,survey,18,0.0042445976568829275,0.986663653460294,0.10232570437565754,0.6861922915876961,0.06600983619844496,0.7042462147229387
A,D_k37,any_ad_vs_no_ads,credibility,eeg_kislov,False,survey,18,-0.03089520334225065,0.9031403307162583,-0.06718354327694687,0.7911085335194515,-0.05280786895875597,0.7613748606722314
A,D_k37,any_ad_vs_no_ads,manipulation,eeg_fz_theta,True,survey,18,-0.09058894238584032,0.7207319836473715,-0.0072314088173892795,0.9772810359905135,-0.006579089749847241,0.9697417698543251
A,D_k37,any_ad_vs_no_ads,manipulation,eeg_posterior_alpha,True,survey,18,-0.31598596948829416,0.20145953448642565,-0.05371903692917751,0.8323406041272812,-0.03289544874923621,0.8495749320701188
A,D_k37,any_ad_vs_no_ads,manipulation,eeg_theta,False,survey,18,0.17445578375719192,0.48871424005657316,0.1611571107875325,0.5229250488307512,0.09868634624770863,0.5693680626983872
A,D_k37,any_ad_vs_no_ads,manipulation,eeg_alpha,False,survey,18,-0.13998202170362717,0.5795809133914285,-0.020661168049683657,0.9351453676665344,-0.019737269249541726,0.9093991240492342
A,D_k37,any_ad_vs_no_ads,manipulation,eeg_beta,False,survey,18,0.02401913795889802,0.9246311990359293,-0.09297525622357646,0.7136651146596399,-0.059211807748625174,0.7328104096282637
A,D_k37,any_ad_vs_no_ads,manipulation,eeg_faa,False,survey,18,0.06862914804028827,0.7867109236705166,0.08161161379625045,0.7475067867091654,0.04605362824893069,0.7906049498979726
A,D_k37,any_ad_vs_no_ads,manipulation,eeg_delta,False,survey,18,-0.05067113497161881,0.8417361904253604,-0.07128102977140861,0.7786597841668331,-0.059211807748625174,0.7328104096282637
A,D_k37,any_ad_vs_no_ads,manipulation,eeg_gamma,False,survey,18,-0.05425980395353883,0.8306758333559405,-0.08264467219873463,0.7444110184333176,-0.03289544874923621,0.8495749320701188
A,D_k37,any_ad_vs_no_ads,manipulation,eeg_rel_delta,False,survey,18,-0.07999489633564583,0.752358978580114,-0.10950419066332338,0.6653500701823251,-0.059211807748625174,0.7328104096282637
A,D_k37,any_ad_vs_no_ads,manipulation,eeg_rel_theta,False,survey,18,-0.10396453677098384,0.6814143998394591,-0.044421511306819865,0.8610639944840695,-0.03289544874923621,0.8495749320701188
A,D_k37,any_ad_vs_no_ads,manipulation,eeg_rel_alpha,False,survey,18,-0.0975463415010163,0.7001903921182285,-0.030991752074525484,0.9028389933954278,-0.03289544874923621,0.8495749320701188
A,D_k37,any_ad_vs_no_ads,manipulation,eeg_rel_beta,False,survey,18,0.017195640911305994,0.9460070093201998,0.001033058402484183,0.9967540457684905,-0.04605362824893069,0.7906049498979726
A,D_k37,any_ad_vs_no_ads,manipulation,eeg_rel_gamma,False,survey,18,0.09284954062268,0.7140368637004305,-0.029958693672041306,0.9060639098608959,-0.07236998724831965,0.6764927897184035
A,D_k37,any_ad_vs_no_ads,manipulation,eeg_engagement,False,survey,18,0.0024953506998050125,0.9921594978256951,0.08574384740618718,0.7351462249764189,0.07236998724831965,0.6764927897184035
A,D_k37,any_ad_vs_no_ads,manipulation,eeg_pope,False,survey,18,0.2847946732710104,0.2520199015913099,0.13429759232294375,0.5952188384255119,0.09868634624770863,0.5693680626983872
A,D_k37,any_ad_vs_no_ads,manipulation,eeg_kislov,False,survey,18,0.058739072424561896,0.8169132227026802,-0.08884302261363973,0.7259160893342924,-0.03289544874923621,0.8495749320701188
A,D_k37,any_ad_vs_no_ads,notice,eeg_fz_theta,True,survey,18,0.08181499983869622,0.7468970069869988,0.07644632178382953,0.7630399786640666,0.059211807748625174,0.7328104096282637
A,D_k37,any_ad_vs_no_ads,notice,eeg_posterior_alpha,True,survey,18,-0.21734906493775544,0.3862937574775902,0.05681821213663006,0.8228090892451488,0.04605362824893069,0.7906049498979726
A,D_k37,any_ad_vs_no_ads,notice,eeg_theta,False,survey,18,0.3710443234960564,0.12954146135601116,0.2892563526955712,0.244340181253525,0.21710996174495897,0.21065683788470735
A,D_k37,any_ad_vs_no_ads,notice,eeg_alpha,False,survey,18,0.04582343088959666,0.8567214404999042,0.0361570440869464,0.8867370613195104,0.059211807748625174,0.7328104096282637
A,D_k37,any_ad_vs_no_ads,notice,eeg_beta,False,survey,18,0.03148835399535626,0.9012892543926775,-0.08471078900370299,0.7382306950060297,-0.006579089749847241,0.9697417698543251
A,D_k37,any_ad_vs_no_ads,notice,eeg_faa,False,survey,18,0.11120512926885678,0.6604448670179953,-0.08884302261363973,0.7259160893342924,-0.03289544874923621,0.8495749320701188
A,D_k37,any_ad_vs_no_ads,notice,eeg_delta,False,survey,18,0.13272810793106063,0.5995668943712258,0.12086783309064938,0.6328335991258047,0.09868634624770863,0.5693680626983872
A,D_k37,any_ad_vs_no_ads,notice,eeg_gamma,False,survey,18,0.08135988647392513,0.748261697857502,0.12293394989561776,0.626987599604221,0.09868634624770863,0.5693680626983872
A,D_k37,any_ad_vs_no_ads,notice,eeg_rel_delta,False,survey,18,0.0731272610310614,0.7730671906665392,-0.10743807385835502,0.6713258022083733,-0.03289544874923621,0.8495749320701188
A,D_k37,any_ad_vs_no_ads,notice,eeg_rel_theta,False,survey,18,-0.19664365784896937,0.4341697558077811,-0.09917360663848154,0.6954137633709666,-0.07236998724831965,0.6764927897184035
A,D_k37,any_ad_vs_no_ads,notice,eeg_rel_alpha,False,survey,18,-0.3380763303258153,0.17000998457719918,-0.3450415064297171,0.16082569582027198,-0.25658450024404245,0.13904564161770552
A,D_k37,any_ad_vs_no_ads,notice,eeg_rel_beta,False,survey,18,-0.11088156846673204,0.6613769521750058,0.05475209533166169,0.829160892728575,-0.006579089749847241,0.9697417698543251
A,D_k37,any_ad_vs_no_ads,notice,eeg_rel_gamma,False,survey,18,0.05713390464803568,0.821839477343631,0.06714879616147187,0.7912143106339772,0.019737269249541726,0.9093991240492342
A,D_k37,any_ad_vs_no_ads,notice,eeg_engagement,False,survey,18,-0.0701643121767443,0.7820475863391534,0.1270661835055545,0.6153590946017801,0.08552816674801414,0.6219291373513764
A,D_k37,any_ad_vs_no_ads,notice,eeg_pope,False,survey,18,0.23836639178203473,0.3408291709634214,0.14876040995772233,0.555780487877945,0.12500270524709758,0.47108729407518657
A,D_k37,any_ad_vs_no_ads,notice,eeg_kislov,False,survey,18,-0.015615108130100657,0.9509638296206535,-0.1446281763477856,0.5669302684243857,-0.09868634624770863,0.5693680626983872
A,D_k37,any_ad_vs_no_ads,helpfulness,eeg_fz_theta,True,survey,18,0.26842190571611796,0.2814884389501735,0.23462560498256835,0.3486853016618204,0.11881770515720093,0.49443583269873137
A,D_k37,any_ad_vs_no_ads,helpfulness,eeg_posterior_alpha,True,survey,18,0.09961274520738891,0.6941265870857514,0.06718354327694687,0.7911085335194515,0.06600983619844496,0.7042462147229387
A,D_k37,any_ad_vs_no_ads,helpfulness,eeg_theta,False,survey,18,0.2924015362132408,0.2390166137435244,0.4568480942832388,0.056659265723639406,0.31684721375253583,0.06844662813429545
A,D_k37,any_ad_vs_no_ads,helpfulness,eeg_alpha,False,survey,18,0.47768133500970233,0.04497919142644404,0.5054269640373389,0.03238052931476363,0.34325114823191377,0.0483939101167764
A,D_k37,any_ad_vs_no_ads,helpfulness,eeg_beta,False,survey,18,0.01943893065010156,0.9389749501396633,0.14987098115626613,0.5528004685818073,0.07921180343813396,0.6487396628088691
A,D_k37,any_ad_vs_no_ads,helpfulness,eeg_faa,False,survey,18,0.587555348584615,0.010345351875097906,0.539535532162558,0.020838107519872525,0.39605901719066977,0.022752277945771813
A,D_k37,any_ad_vs_no_ads,helpfulness,eeg_delta,False,survey,18,0.22966516474262355,0.35926134960443223,0.17777799144053635,0.48034171976989587,0.14522163963657891,0.40365657633638374
A,D_k37,any_ad_vs_no_ads,helpfulness,eeg_gamma,False,survey,18,0.10175473462188257,0.6878595846257938,0.19844985091036613,0.42987470960881574,0.10561573791751194,0.5436175386791315
A,D_k37,any_ad_vs_no_ads,helpfulness,eeg_rel_delta,False,survey,18,0.15004681287389912,0.5523293052130854,0.046511683807117066,0.8545909484947934,0.03960590171906698,0.8198352462436832
A,D_k37,any_ad_vs_no_ads,helpfulness,eeg_rel_theta,False,survey,18,-0.2714839909611401,0.2758233712444828,-0.1715764335995874,0.4960276328942803,-0.13201967239688991,0.4477391356571262
A,D_k37,any_ad_vs_no_ads,helpfulness,eeg_rel_alpha,False,survey,18,-0.10083169333224277,0.6905578609679529,-0.04961246272759153,0.8450045279714605,-0.03960590171906698,0.8198352462436832
A,D_k37,any_ad_vs_no_ads,helpfulness,eeg_rel_beta,False,survey,18,-0.12529714134948203,0.6203268862481872,-0.10439289032264053,0.6801674580805291,-0.07921180343813396,0.6487396628088691
A,D_k37,any_ad_vs_no_ads,helpfulness,eeg_rel_gamma,False,survey,18,-0.023215817862562434,0.9271454631316842,0.012403115681897883,0.9610422813474336,-0.026403934479377986,0.8793147701936899
A,D_k37,any_ad_vs_no_ads,helpfulness,eeg_engagement,False,survey,18,-0.11559769249905887,0.6478386707284667,-0.13436708655389373,0.5950266142960013,-0.09241377067782293,0.5951189438967
A,D_k37,any_ad_vs_no_ads,helpfulness,eeg_pope,False,survey,18,-0.013937452826570823,0.9562271134062786,0.13436708655389373,0.5950266142960013,0.10561573791751194,0.5436175386791315
A,D_k37,any_ad_vs_no_ads,helpfulness,eeg_kislov,False,survey,18,-0.11138909780464651,0.6599151187044894,0.04134371893965962,0.870610842176077,0.03960590171906698,0.8198352462436832
A,D_k37,any_ad_vs_no_ads,convincingness,eeg_fz_theta,True,survey,18,0.29749828572333437,0.23054778178362229,0.38100159956034085,0.11877810483184764,0.23606684260939015,0.17238620178886022
A,D_k37,any_ad_vs_no_ads,convincingness,eeg_posterior_alpha,True,survey,18,0.41564019512917466,0.08626661055954352,0.4522458011041444,0.059520827260534884,0.32787061473526413,0.05805993653705121
A,D_k37,any_ad_vs_no_ads,convincingness,eeg_theta,False,survey,18,0.2735097834742382,0.2721143902300148,0.398554518781278,0.10137179851860031,0.26229649178821124,0.12946977717929317
A,D_k37,any_ad_vs_no_ads,convincingness,eeg_alpha,False,survey,18,0.5407150610612357,0.020506748977319307,0.5348477739085544,0.022196791560161452,0.3672150885034958,0.03378113542110883
A,D_k37,any_ad_vs_no_ads,convincingness,eeg_beta,False,survey,18,0.03801129308627325,0.8809667118450603,0.12493548386667004,0.621344423246854,0.05245929835764225,0.7617075639478075
A,D_k37,any_ad_vs_no_ads,convincingness,eeg_faa,False,survey,18,0.5951299921501376,0.009174333631559327,0.5544657424496017,0.016941082104041997,0.3934447376823169,0.022948307822874665
A,D_k37,any_ad_vs_no_ads,convincingness,eeg_delta,False,survey,18,0.3778809524570349,0.12208080318313888,0.3944244201410575,0.10529140976744812,0.3409854393246746,0.04871759506415515
A,D_k37,any_ad_vs_no_ads,convincingness,eeg_gamma,False,survey,18,0.07781776362670088,0.7589070763630946,0.009292721940496119,0.9708073151991455,0.0,1.0
A,D_k37,any_ad_vs_no_ads,convincingness,eeg_rel_delta,False,survey,18,0.2617804435162559,0.2940184332303442,0.3231802185972539,0.19082564184528278,0.23606684260939015,0.17238620178886022
A,D_k37,any_ad_vs_no_ads,convincingness,eeg_rel_theta,False,survey,18,-0.41607672307809535,0.0859035356276726,-0.31078992267659244,0.20937771008787853,-0.26229649178821124,0.12946977717929317
A,D_k37,any_ad_vs_no_ads,convincingness,eeg_rel_alpha,False,survey,18,-0.28355115779417195,0.25418706293239035,-0.14145587842755203,0.5755549420949038,-0.1704927196623373,0.3243650515471622
A,D_k37,any_ad_vs_no_ads,convincingness,eeg_rel_beta,False,survey,18,-0.2325372890165519,0.35311578713328257,-0.34692828577852175,0.15839720697773257,-0.209837193430569,0.22514631086465808
A,D_k37,any_ad_vs_no_ads,convincingness,eeg_rel_gamma,False,survey,18,-0.11180063350972519,0.6587306346285845,-0.24161077045289908,0.3340991873786975,-0.15737789507292677,0.3629714323398304
A,D_k37,any_ad_vs_no_ads,convincingness,eeg_engagement,False,survey,18,-0.11921659259035614,0.6375206747649622,-0.29426952811571044,0.23589006673744503,-0.1704927196623373,0.3243650515471622
A,D_k37,any_ad_vs_no_ads,convincingness,eeg_pope,False,survey,18,-0.06125510791081157,0.8092047042086479,-0.11564276192617391,0.6477097903205696,-0.05245929835764225,0.7617075639478075
A,D_k37,any_ad_vs_no_ads,convincingness,eeg_kislov,False,survey,18,-0.06968969571857099,0.7834885718932071,-0.04956118368264596,0.8451628984602153,-0.013114824589410563,0.9395704158247962
A,D_k37,any_ad_vs_no_ads,relevance,eeg_fz_theta,True,survey,18,0.20164317470127296,0.4223359496170876,0.07656518112762141,0.76268154749367,0.04636168270832022,0.7902114791356392
A,D_k37,any_ad_vs_no_ads,relevance,eeg_posterior_alpha,True,survey,18,0.176215250183905,0.48427127255035307,0.15209569764541012,0.5468522201616688,0.12583885306544063,0.47023439343046414
A,D_k37,any_ad_vs_no_ads,relevance,eeg_theta,False,survey,18,0.30367962800780846,0.2205383075620627,0.3052260599006529,0.21807887856172278,0.19206982836304093,0.27039682691943245
A,D_k37,any_ad_vs_no_ads,relevance,eeg_alpha,False,survey,18,0.5502221874770367,0.01798460807179928,0.5597535539195024,0.01570840971977863,0.3907627542558419,0.024941765069916126
A,D_k37,any_ad_vs_no_ads,relevance,eeg_beta,False,survey,18,0.13064116479489032,0.6053685061870737,0.30212206607115477,0.22303350846071038,0.19206982836304093,0.27039682691943245
A,D_k37,any_ad_vs_no_ads,relevance,eeg_faa,False,survey,18,0.6081213597290166,0.007415482887115622,0.5525109016506734,0.017415675507345494,0.41725514437488204,0.01665103018731561
A,D_k37,any_ad_vs_no_ads,relevance,eeg_delta,False,survey,18,0.2116431434121961,0.39918669970522735,0.10553579020293763,0.6768443328706856,0.08610026788688042,0.6212589556729293
A,D_k37,any_ad_vs_no_ads,relevance,eeg_gamma,False,survey,18,0.17802414628051846,0.47972419090176216,0.32902334592680554,0.18246833675154098,0.21856221848208104,0.20978031514290363
A,D_k37,any_ad_vs_no_ads,relevance,eeg_rel_delta,False,survey,18,0.12513332668875538,0.6207877038538158,-0.06518387041946148,0.797201531126079,-0.006623097529760032,0.9696835809045192
A,D_k37,any_ad_vs_no_ads,relevance,eeg_rel_theta,False,survey,18,-0.36638904379936743,0.13480084839153636,-0.2772901154351694,0.2652758758324259,-0.23180841354160114,0.183458962259183
A,D_k37,any_ad_vs_no_ads,relevance,eeg_rel_alpha,False,survey,18,-0.14537109718973582,0.5649185714066169,-0.027935944465483486,0.912382368288691,-0.03311548764880016,0.8492889772133476
A,D_k37,any_ad_vs_no_ads,relevance,eeg_rel_beta,False,survey,18,-0.06953702309756948,0.783952244826735,0.04449057822280703,0.8608499645477584,0.006623097529760032,0.9696835809045192
A,D_k37,any_ad_vs_no_ads,relevance,eeg_rel_gamma,False,survey,18,0.07445716771081919,0.76904520895164,0.12209042396026117,0.6293717958370333,0.05960787776784029,0.7323160539332955
A,D_k37,any_ad_vs_no_ads,relevance,eeg_engagement,False,survey,18,-0.028916250873919653,0.90931953960297,-0.003103993829498165,0.9902471917687224,-0.03311548764880016,0.8492889772133476
A,D_k37,any_ad_vs_no_ads,relevance,eeg_pope,False,survey,18,0.04441853833420221,0.8610732075699602,0.21521023884520613,0.39109944490277526,0.11259265800592054,0.5182227270168942
A,D_k37,any_ad_vs_no_ads,relevance,eeg_kislov,False,survey,18,-0.07303816508204523,0.7733368378063545,0.1438183807667483,0.5691265732176782,0.11259265800592054,0.5182227270168942
A,D_k37,any_ad_vs_no_ads,neutrality,eeg_fz_theta,True,survey,18,0.14097229758688531,0.5768745712103527,0.1572690206945737,0.5331320171650943,0.15233124318448074,0.3820538296188034
A,D_k37,any_ad_vs_no_ads,neutrality,eeg_posterior_alpha,True,survey,18,0.3200844038611394,0.19535488060499215,0.0020693292196654438,0.9934980466407182,0.03311548764880016,0.8492889772133476
A,D_k37,any_ad_vs_no_ads,neutrality,eeg_theta,False,survey,18,0.042442748472891645,0.8671997964925128,-0.011381310708159939,0.9642497053646956,-0.006623097529760032,0.9696835809045192
A,D_k37,any_ad_vs_no_ads,neutrality,eeg_alpha,False,survey,18,0.16823692559171607,0.504575272350696,0.07449585190795596,0.76892830134091,0.07285407282736035,0.6759057493398262
A,D_k37,any_ad_vs_no_ads,neutrality,eeg_beta,False,survey,18,-0.20071260044777384,0.4245255828043601,-0.28349810309416573,0.25427978450046257,-0.17882363330352086,0.30482612591332026
A,D_k37,any_ad_vs_no_ads,neutrality,eeg_faa,False,survey,18,-0.03764877572390935,0.8820944118821135,-0.2038289281370462,0.4172164638299292,-0.13908504812496067,0.4248078089621833
A,D_k37,any_ad_vs_no_ads,neutrality,eeg_delta,False,survey,18,0.16875971202225495,0.5032325648226431,0.07449585190795596,0.76892830134091,0.05960787776784029,0.7323160539332955
A,D_k37,any_ad_vs_no_ads,neutrality,eeg_gamma,False,survey,18,-0.18573717781825627,0.4605742907693967,-0.23900752487135873,0.3394930659219795,-0.16557743824400079,0.3420469162916332
A,D_k37,any_ad_vs_no_ads,neutrality,eeg_rel_delta,False,survey,18,0.1507629457089639,0.5504121769845345,-0.019658627586821714,0.9382864871597861,-0.04636168270832022,0.7902114791356392
A,D_k37,any_ad_vs_no_ads,neutrality,eeg_rel_theta,False,survey,18,-0.019675537189258803,0.9382334993595338,0.1955516112583844,0.4367774050242268,0.13908504812496067,0.4248078089621833
A,D_k37,any_ad_vs_no_ads,neutrality,eeg_rel_alpha,False,survey,18,-0.1498595010575028,0.5528312371479625,-0.041386584393308876,0.870477760031128,-0.04636168270832022,0.7902114791356392
A,D_k37,any_ad_vs_no_ads,neutrality,eeg_rel_beta,False,survey,18,-0.15081284231175854,0.5502787112426826,-0.015519969147490827,0.9512622580936084,-0.019869292589280097,0.909225560938593
A,D_k37,any_ad_vs_no_ads,neutrality,eeg_rel_gamma,False,survey,18,-0.2665467579979046,0.28499249172087965,-0.21314090962554066,0.39577999413830994,-0.15233124318448074,0.3820538296188034
A,D_k37,any_ad_vs_no_ads,neutrality,eeg_engagement,False,survey,18,-0.17597902044935163,0.48486664342747804,-0.2503888355795187,0.3162820179005825,-0.15233124318448074,0.3820538296188034
A,D_k37,any_ad_vs_no_ads,neutrality,eeg_pope,False,survey,18,-0.3736857189222498,0.12662207624249044,-0.30419139529082023,0.21972242008246878,-0.24505460860112116,0.15966761861823808
A,D_k37,any_ad_vs_no_ads,neutrality,eeg_kislov,False,survey,18,-0.2249628355757579,0.3694529104833916,-0.2845327677039985,0.25247537319727964,-0.17882363330352086,0.30482612591332026
A,D_k37,any_ad_vs_no_ads,behaviour_pushing,eeg_fz_theta,True,item,18,0.22458796368342887,0.37027229823470037,0.29472658693857406,0.2351290608400706,0.21856221848208104,0.20999967175560952
A,D_k37,any_ad_vs_no_ads,behaviour_pushing,eeg_posterior_alpha,True,item,18,-0.23854467712799587,0.3404573241735723,0.0031023851256692,0.9902522461199659,0.019869292589280097,0.9092690452142217
A,D_k37,any_ad_vs_no_ads,behaviour_pushing,eeg_theta,False,item,18,0.39681887939780053,0.1030059986269446,0.386764012333427,0.11284650210868533,0.2847931937796814,0.10237755581065076
A,D_k37,any_ad_vs_no_ads,behaviour_pushing,eeg_alpha,False,item,18,-0.01250814799404142,0.9607126186240821,0.05274054713637641,0.8353546419282825,0.019869292589280097,0.9092690452142217
A,D_k37,any_ad_vs_no_ads,behaviour_pushing,eeg_beta,False,item,18,-0.13655800219000466,0.5889796183596621,-0.16856292516135987,0.5037377857080709,-0.08610026788688042,0.6214268342178599
A,D_k37,any_ad_vs_no_ads,behaviour_pushing,eeg_faa,False,item,18,0.07456985876855941,0.7687046582371355,0.031023851256692,0.9027388117430979,0.019869292589280097,0.9092690452142217
A,D_k37,any_ad_vs_no_ads,behaviour_pushing,eeg_delta,False,item,18,0.16086554050452362,0.5236873204037078,0.19234787779149043,0.4444742140464332,0.13908504812496067,0.4250306527849277
A,D_k37,any_ad_vs_no_ads,behaviour_pushing,eeg_gamma,False,item,18,-0.14415596952159082,0.5682105287873108,-0.14167558740556013,0.5749558105602236,-0.07285407282736035,0.6760528085643454
A,D_k37,any_ad_vs_no_ads,behaviour_pushing,eeg_rel_delta,False,item,18,0.16924320529825454,0.5019922949343573,0.14167558740556013,0.5749558105602236,0.11259265800592054,0.5184240444618575
A,D_k37,any_ad_vs_no_ads,behaviour_pushing,eeg_rel_theta,False,item,18,-0.14599621597942525,0.5632282662954686,-0.07859375651695306,0.7565713301022039,-0.04636168270832022,0.7903100546926698
A,D_k37,any_ad_vs_no_ads,behaviour_pushing,eeg_rel_alpha,False,item,18,-0.22616969145521906,0.3668219077462389,-0.22543998579862853,0.3684114378209947,-0.16557743824400079,0.3422792104577467
A,D_k37,any_ad_vs_no_ads,behaviour_pushing,eeg_rel_beta,False,item,18,-0.24213764970711002,0.3330136073849216,-0.22130347229773628,0.3774949292163057,-0.15233124318448074,0.3822828750399321
A,D_k37,any_ad_vs_no_ads,behaviour_pushing,eeg_rel_gamma,False,item,18,-0.140881159137713,0.577123420245812,-0.25025906680398213,0.3165412340830536,-0.17882363330352086,0.3050588592616783
A,D_k37,any_ad_vs_no_ads,behaviour_pushing,eeg_engagement,False,item,18,-0.22092611732751538,0.3783297212434946,-0.14684622928167548,0.5609333916707399,-0.05960787776784029,0.7324398999038724
A,D_k37,any_ad_vs_no_ads,behaviour_pushing,eeg_pope,False,item,18,0.13216487713405795,0.6011304115415729,-0.08273027001784534,0.7441546737280086,-0.04636168270832022,0.7903100546926698
A,D_k37,any_ad_vs_no_ads,behaviour_pushing,eeg_kislov,False,item,18,-0.054954353396771134,0.8285386447709912,-0.1654605400356907,0.511734496887485,-0.13908504812496067,0.4250306527849277
A,D_k37,any_ad_vs_no_ads,behaviour_manipulate,eeg_fz_theta,True,item,18,-0.3797096814262085,0.12013763411752294,-0.26873417310778747,0.2809074852456499,-0.17162557411595689,0.32366886505270775
A,D_k37,any_ad_vs_no_ads,behaviour_manipulate,eeg_posterior_alpha,True,item,18,-0.32404370316604253,0.18957489481550394,-0.11472882005755543,0.6503251546790058,-0.11881770515720093,0.49443583269873137
A,D_k37,any_ad_vs_no_ads,behaviour_manipulate,eeg_theta,False,item,18,-0.08063530165025447,0.7504358870834742,-0.09302336761423413,0.7135228624424121,-0.06600983619844496,0.7042462147229387
A,D_k37,any_ad_vs_no_ads,behaviour_manipulate,eeg_alpha,False,item,18,-0.2347584873999559,0.348404467290795,-0.12196397087199587,0.6297295124945468,-0.07921180343813396,0.6487396628088691
A,D_k37,any_ad_vs_no_ads,behaviour_manipulate,eeg_beta,False,item,18,0.1760671845262299,0.48464440125064173,-0.011369522708406394,0.9642867107821055,0.026403934479377986,0.8793147701936899
A,D_k37,any_ad_vs_no_ads,behaviour_manipulate,eeg_faa,False,item,18,0.04809791179166161,0.8496844340348686,0.08888899572026818,0.7257794363006488,0.026403934479377986,0.8793147701936899
A,D_k37,any_ad_vs_no_ads,behaviour_manipulate,eeg_delta,False,item,18,-0.24689167149060207,0.3233116194542426,-0.29767477636554923,0.23025801780176675,-0.19802950859533489,0.2547930787039082
A,D_k37,any_ad_vs_no_ads,behaviour_manipulate,eeg_gamma,False,item,18,0.045379195912843236,0.8580970747223334,-0.032041382178236204,0.8995638265772739,-0.013201967239688993,0.9394835710603062
A,D_k37,any_ad_vs_no_ads,behaviour_manipulate,eeg_rel_delta,False,item,18,-0.3068359101732938,0.2155375595682885,-0.3555559828810727,0.14761173855827772,-0.2772413120334688,0.11086926115734927
A,D_k37,any_ad_vs_no_ads,behaviour_manipulate,eeg_rel_theta,False,item,18,-0.040525113594265666,0.8731529544570169,0.016537487575863846,0.948070871123334,0.05280786895875597,0.7613748606722314
A,D_k37,any_ad_vs_no_ads,behaviour_manipulate,eeg_rel_alpha,False,item,18,0.04928648289189303,0.8460113819595257,0.14263583034182567,0.5723404233083041,0.09241377067782293,0.5951189438967
A,D_k37,any_ad_vs_no_ads,behaviour_manipulate,eeg_rel_beta,False,item,18,0.2673848987374776,0.28342299869863563,0.24186075579700875,0.33358386205971374,0.15842360687626791,0.3622808622895247
A,D_k37,any_ad_vs_no_ads,behaviour_manipulate,eeg_rel_gamma,False,item,18,0.30175315571542644,0.22362715828146426,0.1963826649633832,0.43479222948414553,0.11881770515720093,0.49443583269873137
A,D_k37,any_ad_vs_no_ads,behaviour_manipulate,eeg_engagement,False,item,18,0.2206804983410487,0.378873635084776,0.29664118339205775,0.2319583051591495,0.22443344307471286,0.1968346619035568
A,D_k37,any_ad_vs_no_ads,behaviour_manipulate,eeg_pope,False,item,18,0.37314685306763123,0.12721386732148124,0.32248100772934496,0.19184244690172428,0.22443344307471286,0.1968346619035568
A,D_k37,any_ad_vs_no_ads,behaviour_manipulate,eeg_kislov,False,item,18,0.15744525495691253,0.5326674104058818,0.04134371893965962,0.870610842176077,0.026403934479377986,0.8793147701936899
A,D_k37,any_ad_vs_no_ads,notice_brands,eeg_fz_theta,True,item,18,0.11806431516710034,0.6407992171634557,0.2747935350607926,0.269780025737638,0.19079360274557003,0.27131787434398436
A,D_k37,any_ad_vs_no_ads,notice_brands,eeg_posterior_alpha,True,item,18,-0.027970984039939133,0.9122728715961895,0.12603312510307033,0.618258194429229,0.12500270524709758,0.47108729407518657
A,D_k37,any_ad_vs_no_ads,notice_brands,eeg_theta,False,item,18,0.5034159833567123,0.03318963411261625,0.5526862453290378,0.01737268183020387,0.4013244747406818,0.020675299302922154
A,D_k37,any_ad_vs_no_ads,notice_brands,eeg_alpha,False,item,18,0.19437860423346048,0.4395874192670537,0.25206625020614065,0.31294266762643286,0.23026814124465347,0.1843017988996677
A,D_k37,any_ad_vs_no_ads,notice_brands,eeg_beta,False,item,18,0.043823886026918474,0.8629163454339513,-0.04855374491675659,0.8482754164588583,-0.019737269249541726,0.9093991240492342
A,D_k37,any_ad_vs_no_ads,notice_brands,eeg_faa,False,item,18,0.16801898099555604,0.5051355371410675,0.1311984171154912,0.6038171480353277,0.11184452574740311,0.5190264990586719
A,D_k37,any_ad_vs_no_ads,notice_brands,eeg_delta,False,item,18,0.3714718784934893,0.1290657408234651,0.31095057914773905,0.20912988699850157,0.23026814124465347,0.1843017988996677
A,D_k37,any_ad_vs_no_ads,notice_brands,eeg_gamma,False,item,18,0.12946628519744577,0.6086445699586951,0.11983477468816522,0.635764409080337,0.059211807748625174,0.7328104096282637
A,D_k37,any_ad_vs_no_ads,notice_brands,eeg_rel_delta,False,item,18,0.2635604936151999,0.29062755423658315,0.15289264356765905,0.5447284018825179,0.09868634624770863,0.5693680626983872
A,D_k37,any_ad_vs_no_ads,notice_brands,eeg_rel_theta,False,item,18,-0.4307887998945128,0.07430750572953623,-0.3233472799775492,0.19058322898249694,-0.24342632074434795,0.16047077268136256
A,D_k37,any_ad_vs_no_ads,notice_brands,eeg_rel_alpha,False,item,18,-0.5499936374361042,0.018042217292394018,-0.5061986172172497,0.03207413637015267,-0.32237539774251484,0.06307308547373909
A,D_k37,any_ad_vs_no_ads,notice_brands,eeg_rel_beta,False,item,18,-0.2631372524989409,0.29143164028902163,-0.20247944688689984,0.42037331634573466,-0.12500270524709758,0.47108729407518657
A,D_k37,any_ad_vs_no_ads,notice_brands,eeg_rel_gamma,False,item,18,-0.05655765362690688,0.823609547725404,-0.08161161379625045,0.7475067867091654,-0.09868634624770863,0.5693680626983872
A,D_k37,any_ad_vs_no_ads,notice_brands,eeg_engagement,False,item,18,-0.13793724701990287,0.5851860492510184,-0.029958693672041306,0.9060639098608959,-0.059211807748625174,0.7328104096282637
A,D_k37,any_ad_vs_no_ads,notice_brands,eeg_pope,False,item,18,0.02789637379276692,0.9125060262130045,0.030991752074525484,0.9028389933954278,0.006579089749847241,0.9697417698543251
A,D_k37,any_ad_vs_no_ads,notice_brands,eeg_kislov,False,item,18,-0.18893838339508295,0.4527414166611623,-0.16012405238504834,0.5256281563502073,-0.11184452574740311,0.5190264990586719
A,D_k37,any_ad_vs_no_ads,notice_sponsored,eeg_fz_theta,True,item,18,0.0043435815900638285,0.9863526771929775,0.020768835105184697,0.9348080829771138,-0.020141487362769023,0.9088313681697758
A,D_k37,any_ad_vs_no_ads,notice_sponsored,eeg_posterior_alpha,True,item,18,-0.3541969533604792,0.1492760935586449,0.01973039334992546,0.9380616042168249,0.006713829120923008,0.9695514186245345
A,D_k37,any_ad_vs_no_ads,notice_sponsored,eeg_theta,False,item,18,0.058111277525028565,0.8188391561755943,0.17238133137303296,0.49397794558095137,0.12756275329753713,0.4683003971000952
A,D_k37,any_ad_vs_no_ads,notice_sponsored,eeg_alpha,False,item,18,-0.15140037121531047,0.5487082447598775,-0.0508836460077025,0.8410804202936571,-0.006713829120923008,0.9695514186245345
A,D_k37,any_ad_vs_no_ads,notice_sponsored,eeg_beta,False,item,18,0.003609851180269025,0.9886578681371808,-0.12876677765214511,0.610598471117941,-0.1007074368138451,0.5669402309904099
A,D_k37,any_ad_vs_no_ads,notice_sponsored,eeg_faa,False,item,18,-0.0031433631352714413,0.9901234983217949,-0.03323013616829552,0.8958564170657105,-0.04699680384646105,0.7893179991653149
A,D_k37,any_ad_vs_no_ads,notice_sponsored,eeg_delta,False,item,18,-0.20877952923412726,0.4057441789208856,-0.05711429653925791,0.82189969417098,-0.03356914560461504,0.8486395699292668
A,D_k37,any_ad_vs_no_ads,notice_sponsored,eeg_gamma,False,item,18,-0.010144493103128017,0.9681327437974275,-0.011422859307851582,0.9641192746922631,0.006713829120923008,0.9695514186245345
A,D_k37,any_ad_vs_no_ads,notice_sponsored,eeg_rel_delta,False,item,18,-0.18567144433819818,0.4607358437461681,-0.2066499092965877,0.4106582539220803,-0.14099041153938316,0.4227907427822094
A,D_k37,any_ad_vs_no_ads,notice_sponsored,eeg_rel_theta,False,item,18,0.16590334285351496,0.5105894825427146,0.20353458403081,0.4179039474234363,0.12756275329753713,0.4683003971000952
A,D_k37,any_ad_vs_no_ads,notice_sponsored,eeg_rel_alpha,False,item,18,0.056570886331332816,0.8235688917027034,-0.013499742818370053,0.957600626595664,-0.04699680384646105,0.7893179991653149
A,D_k37,any_ad_vs_no_ads,notice_sponsored,eeg_rel_beta,False,item,18,0.11781076368482814,0.6415214926788017,0.11734391834429352,0.6428521654062778,0.07385212033015308,0.6745731537833404
A,D_k37,any_ad_vs_no_ads,notice_sponsored,eeg_rel_gamma,False,item,18,0.16976429516690017,0.5006572181503355,0.044652995476147095,0.8603466896992177,0.07385212033015308,0.6745731537833404
A,D_k37,any_ad_vs_no_ads,notice_sponsored,eeg_engagement,False,item,18,0.04027774637975465,0.8739213670088025,0.022845718615703163,0.9283040372965303,0.07385212033015308,0.6745731537833404
A,D_k37,any_ad_vs_no_ads,notice_sponsored,eeg_pope,False,item,18,0.3917809871400577,0.10785635307175336,0.11734391834429352,0.6428521654062778,0.11413509505569112,0.5163995365276257
A,D_k37,any_ad_vs_no_ads,notice_sponsored,eeg_kislov,False,item,18,0.19876618354824213,0.4291247846809007,-0.07372936462340567,0.7712455855716832,-0.03356914560461504,0.8486395699292668
A,D_k37,any_ad_vs_no_ads,duration_sec,eeg_fz_theta,True,process,18,0.4049088685775551,0.09554765707262654,0.2714138286893705,0.27595238461589006,0.18954248366013074,0.293450858549159
A,D_k37,any_ad_vs_no_ads,duration_sec,eeg_posterior_alpha,True,process,18,0.2099371513565335,0.403086343142662,0.15170278637770898,0.5479006675946313,0.12418300653594773,0.500867331358937
A,D_k37,any_ad_vs_no_ads,duration_sec,eeg_theta,False,process,18,0.024211166986377687,0.9240302785098117,-0.08978328173374613,0.7231227825767573,0.006535947712418302,1.0
A,D_k37,any_ad_vs_no_ads,duration_sec,eeg_alpha,False,process,18,-0.10522348292927661,0.6777518448157037,-0.15583075335397317,0.5369306230900768,-0.08496732026143793,0.6540288801767573
A,D_k37,any_ad_vs_no_ads,duration_sec,eeg_beta,False,process,18,-0.2601640286601916,0.29711824481060733,-0.3869969040247678,0.11261128878276387,-0.281045751633987,0.11241795436508836
A,D_k37,any_ad_vs_no_ads,duration_sec,eeg_faa,False,process,18,-0.13548525930286426,0.5919372242651353,-0.17440660474716205,0.4888387099593369,-0.09803921568627452,0.6009311332228355
A,D_k37,any_ad_vs_no_ads,duration_sec,eeg_delta,False,process,18,0.0593039574059358,0.8151811349619923,-0.03199174406604747,0.8997186782888819,0.019607843137254905,0.9405163052956534
A,D_k37,any_ad_vs_no_ads,duration_sec,eeg_gamma,False,process,18,-0.4769381831216984,0.04536140697733011,-0.564499484004128,0.014663613053810908,-0.3856209150326798,0.02643135752713797
A,D_k37,any_ad_vs_no_ads,duration_sec,eeg_rel_delta,False,process,18,0.10672795239515238,0.6733840138582216,0.10216718266253869,0.6866550541678015,0.07189542483660132,0.7088807630470404
A,D_k37,any_ad_vs_no_ads,duration_sec,eeg_rel_theta,False,process,18,0.014670057927679865,0.9539284978091995,0.21362229102167182,0.3946884572555505,0.12418300653594773,0.500867331358937
A,D_k37,any_ad_vs_no_ads,duration_sec,eeg_rel_alpha,False,process,18,-0.03651155742455984,0.8856334019299414,0.07533539731682146,0.766392281347839,0.006535947712418302,1.0
A,D_k37,any_ad_vs_no_ads,duration_sec,eeg_rel_beta,False,process,18,-0.15038435271300382,0.5514253234133019,-0.16202270381836945,0.5206651056985048,-0.12418300653594773,0.500867331358937
A,D_k37,any_ad_vs_no_ads,duration_sec,eeg_rel_gamma,False,process,18,-0.28844380949464116,0.24572760796912183,-0.3353973168214654,0.17363506116754218,-0.25490196078431376,0.15192280938479866
A,D_k37,any_ad_vs_no_ads,duration_sec,eeg_engagement,False,process,18,-0.11067742711623067,0.6619652684074535,-0.1847265221878225,0.46306133291799106,-0.13725490196078433,0.45426317422034246
A,D_k37,any_ad_vs_no_ads,duration_sec,eeg_pope,False,process,18,-0.11998722404382983,0.635331581516078,-0.34365325077399383,0.1626286535167655,-0.25490196078431376,0.15192280938479866
A,D_k37,any_ad_vs_no_ads,duration_sec,eeg_kislov,False,process,18,0.008287428506155981,0.9739643276054869,-0.2053663570691434,0.41363537140209433,-0.13725490196078433,0.45426317422034246
A,D_k37,any_ad_vs_no_ads,reply_latency_ms_median,eeg_fz_theta,True,process,18,0.3349804117374184,0.1742038390821301,0.2507739938080495,0.3155133959594858,0.15032679738562094,0.4101336133426111
A,D_k37,any_ad_vs_no_ads,reply_latency_ms_median,eeg_posterior_alpha,True,process,18,0.20881491423940549,0.40566279723904164,0.19711042311661509,0.4330576703920279,0.13725490196078433,0.45426317422034246
A,D_k37,any_ad_vs_no_ads,reply_latency_ms_median,eeg_theta,False,process,18,-0.013699985089630141,0.9569722615462665,-0.04643962848297213,0.8548139516870751,-0.032679738562091505,0.8813527202442675
A,D_k37,any_ad_vs_no_ads,reply_latency_ms_median,eeg_alpha,False,process,18,0.05656517155439234,0.8235864496711807,0.13725490196078433,0.5870615369663565,0.11111111111111112,0.5498119171087916
A,D_k37,any_ad_vs_no_ads,reply_latency_ms_median,eeg_beta,False,process,18,-0.06007845803077332,0.8128076361363379,0.01547987616099071,0.9513880221541827,-0.006535947712418302,1.0
A,D_k37,any_ad_vs_no_ads,reply_latency_ms_median,eeg_faa,False,process,18,-9.587429549485722e-05,0.99969875435631,0.0196078431372549,0.9384456264028495,0.019607843137254905,0.9405163052956534
A,D_k37,any_ad_vs_no_ads,reply_latency_ms_median,eeg_delta,False,process,18,0.02102058163272625,0.9340194870583726,-0.07327141382868937,0.7726309674360764,-0.045751633986928116,0.8228244054912468
A,D_k37,any_ad_vs_no_ads,reply_latency_ms_median,eeg_gamma,False,process,18,-0.31158742590488436,0.20814939614955177,-0.2280701754385965,0.36270020849471035,-0.16339869281045755,0.3685805408753014
A,D_k37,any_ad_vs_no_ads,reply_latency_ms_median,eeg_rel_delta,False,process,18,0.013669995758469488,0.9570663672584682,-0.09184726522187822,0.7170028416617739,-0.045751633986928116,0.8228244054912468
A,D_k37,any_ad_vs_no_ads,reply_latency_ms_median,eeg_rel_theta,False,process,18,-0.13977010367135706,0.5801607654162456,0.12693498452012383,0.6157269826949076,0.08496732026143793,0.6540288801767573
A,D_k37,any_ad_vs_no_ads,reply_latency_ms_median,eeg_rel_alpha,False,process,18,0.04417592236814724,0.8618251191223271,0.24045407636738902,0.3364896473643954,0.12418300653594773,0.500867331358937
A,D_k37,any_ad_vs_no_ads,reply_latency_ms_median,eeg_rel_beta,False,process,18,-0.01797048807893719,0.9435776347905939,0.054695562435500514,0.8293348337875046,0.045751633986928116,0.8228244054912468
A,D_k37,any_ad_vs_no_ads,reply_latency_ms_median,eeg_rel_gamma,False,process,18,-0.1865380738755056,0.4586082295659754,-0.09803921568627451,0.6987424830235278,-0.032679738562091505,0.8813527202442675
A,D_k37,any_ad_vs_no_ads,reply_latency_ms_median,eeg_engagement,False,process,18,0.035349119448761256,0.8892530040090965,-0.06914344685242517,0.785147870866694,-0.045751633986928116,0.8228244054912468
A,D_k37,any_ad_vs_no_ads,reply_latency_ms_median,eeg_pope,False,process,18,0.021087962161215223,0.9338084274604744,-0.05675954592363261,0.8229893024799763,-0.006535947712418302,1.0
A,D_k37,any_ad_vs_no_ads,reply_latency_ms_median,eeg_kislov,False,process,18,0.15029486276377418,0.5516649268199787,0.08359133126934985,0.7415774315720881,0.08496732026143793,0.6540288801767573
A,D_k37,any_ad_vs_no_ads,user_msg_len_median,eeg_fz_theta,True,process,18,-0.19646421263024083,0.434597686599512,-0.44605065314381365,0.06354177073413388,-0.209837193430569,0.22514631086465808
A,D_k37,any_ad_vs_no_ads,user_msg_len_median,eeg_posterior_alpha,True,process,18,-0.057116771218001225,0.8218920943392697,-0.08053692348429968,0.7507312190154029,-0.1049185967152845,0.5441970982678067
A,D_k37,any_ad_vs_no_ads,user_msg_len_median,eeg_theta,False,process,18,-0.3049048877857357,0.21858819742748492,-0.5369128232286645,0.021589962382364325,-0.32787061473526413,0.05805993653705121
A,D_k37,any_ad_vs_no_ads,user_msg_len_median,eeg_alpha,False,process,18,-0.21142636467525266,0.3996810835824872,-0.17346414288926087,0.49122701468428176,-0.13114824589410562,0.44839229084345344
A,D_k37,any_ad_vs_no_ads,user_msg_len_median,eeg_beta,False,process,18,-0.18501992122032435,0.4623386353729855,-0.21476512929146585,0.3921036534537219,-0.11803342130469507,0.4950567081996511
A,D_k37,any_ad_vs_no_ads,user_msg_len_median,eeg_faa,False,process,18,-0.24914226320326088,0.31877727256542077,-0.3087248733564822,0.21258027321958742,-0.22295201801997958,0.19747921511614253
A,D_k37,any_ad_vs_no_ads,user_msg_len_median,eeg_delta,False,process,18,-0.27348012625800583,0.2721684656655401,-0.3717088776198447,0.12880257096255474,-0.23606684260939015,0.17238620178886022
A,D_k37,any_ad_vs_no_ads,user_msg_len_median,eeg_gamma,False,process,18,-0.35926119443147,0.14313920926548587,-0.32421274325730903,0.18933068180456677,-0.19672236884115846,0.25547681145450307
A,D_k37,any_ad_vs_no_ads,user_msg_len_median,eeg_rel_delta,False,process,18,-0.07409080628340174,0.7701526254778495,-0.16726899492893013,0.5070657654304618,-0.1442630704835162,0.4043329144956145
A,D_k37,any_ad_vs_no_ads,user_msg_len_median,eeg_rel_theta,False,process,18,0.3608117656386069,0.14129567464821394,0.4532783257641996,0.05886962701929015,0.27541131637762184,0.11138338077998988
A,D_k37,any_ad_vs_no_ads,user_msg_len_median,eeg_rel_alpha,False,process,18,0.47424543181711143,0.04676703600988622,0.5720186616705388,0.013121997629336992,0.419674386861138,0.015269899244800874
A,D_k37,any_ad_vs_no_ads,user_msg_len_median,eeg_rel_beta,False,process,18,0.020035699141502585,0.9371049576079269,0.07330925086391382,0.7725164788805138,0.03934447376823169,0.8200898511292445
A,D_k37,any_ad_vs_no_ads,user_msg_len_median,eeg_rel_gamma,False,process,18,-0.05848807276327817,0.8176831140723483,-0.08673207144463044,0.7321992231638011,-0.06557412294705281,0.7046514611141652
A,D_k37,any_ad_vs_no_ads,user_msg_len_median,eeg_engagement,False,process,18,-0.05937557723657748,0.8149615875571317,-0.0846670221245202,0.7383614570349895,-0.07868894753646338,0.6492108060096153
A,D_k37,any_ad_vs_no_ads,user_msg_len_median,eeg_pope,False,process,18,-0.08637205537537931,0.7332724235852016,-0.27155398559449767,0.2756947031274327,-0.19672236884115846,0.25547681145450307
A,D_k37,any_ad_vs_no_ads,user_msg_len_median,eeg_kislov,False,process,18,-0.05881831121220684,0.8166702066174508,-0.2922044787956002,0.23934796858660398,-0.23606684260939015,0.17238620178886022
A,D_k37,inline_vs_block,trust,eeg_fz_theta,True,survey,18,0.16652740283246714,0.508977822707895,0.14002800840280097,0.5794551165895468,0.07653852446596272,0.6698542506020864
A,D_k37,inline_vs_block,trust,eeg_posterior_alpha,True,survey,18,0.25265075856742564,0.31178398691281844,0.29269012282690726,0.2385318784779196,0.24353166875533594,0.17492043094819032
A,D_k37,inline_vs_block,trust,eeg_theta,False,survey,18,-0.2104114497436886,0.40200010630448957,-0.16845474695073803,0.5040156200110208,-0.11828681053830603,0.5099590030228609
A,D_k37,inline_vs_block,trust,eeg_alpha,False,survey,18,0.25486834327729846,0.30741128505638093,0.2379423300679174,0.34171457213607925,0.1739511919680971,0.33255874107804095
A,D_k37,inline_vs_block,trust,eeg_beta,False,survey,18,0.17570510663110103,0.4855574374804668,0.17477179996139067,0.48791478498854635,0.10437071518085825,0.5609818783963056
A,D_k37,inline_vs_block,trust,eeg_faa,False,survey,18,-0.30011059173430527,0.22628273852294198,-0.17582464212983281,0.48525591708412835,-0.1322029058957538,0.4614755277235689
A,D_k37,inline_vs_block,trust,eeg_delta,False,survey,18,-0.044202082228512365,0.8617440394496719,-0.029479580716379152,0.9075600428704722,-0.006958047678723884,0.9690826024344512
A,D_k37,inline_vs_block,trust,eeg_gamma,False,survey,18,0.21992570716227433,0.38054780682363143,0.36638907461785514,0.13480081308873024,0.18786728732554486,0.2953345521510119
A,D_k37,inline_vs_block,trust,eeg_rel_delta,False,survey,18,-0.2980669524971602,0.22961497614014667,-0.19161727465646447,0.44623917249472156,-0.1322029058957538,0.4614755277235689
A,D_k37,inline_vs_block,trust,eeg_rel_theta,False,survey,18,-0.16055720397474973,0.5244939842794779,-0.22320253970972787,0.37330935732897846,-0.18786728732554486,0.2953345521510119
A,D_k37,inline_vs_block,trust,eeg_rel_alpha,False,survey,18,0.10723436922475116,0.6719159916425185,0.03579663372703183,0.8878592824256137,0.03479023839361942,0.8463367406624062
A,D_k37,inline_vs_block,trust,eeg_rel_beta,False,survey,18,0.25446506534314467,0.3082037413531842,0.17266611562450646,0.4932537182921825,0.1322029058957538,0.4614755277235689
A,D_k37,inline_vs_block,trust,eeg_rel_gamma,False,survey,18,0.23098788711767204,0.35642359070873647,0.28637306981625466,0.2492859147105322,0.2156994780404404,0.229547102990462
A,D_k37,inline_vs_block,trust,eeg_engagement,False,survey,18,0.06422199748658743,0.8001363563235184,0.055800634927431966,0.8259361125998148,0.020874143036171654,0.9074332188159613
A,D_k37,inline_vs_block,trust,eeg_pope,False,survey,18,0.16397960015857907,0.5155727259077569,0.10844274334953759,0.6684176744893239,0.06262242910851495,0.7272167729876465
A,D_k37,inline_vs_block,trust,eeg_kislov,False,survey,18,0.14397226603207014,0.5687089278108634,0.38849876015513957,0.11110282839489395,0.27136385947023145,0.1306362553131165
A,D_k37,inline_vs_block,credibility,eeg_fz_theta,True,survey,18,-0.011336389755240128,0.9643907236060658,0.003099175207452548,0.9902623312925963,0.006579089749847241,0.9697417698543251
A,D_k37,inline_vs_block,credibility,eeg_posterior_alpha,True,survey,18,0.008057762868279575,0.9746856203287615,0.08057855539376625,0.7506062357096682,0.07236998724831965,0.6764927897184035
A,D_k37,inline_vs_block,credibility,eeg_theta,False,survey,18,-0.1384317897350406,0.5838283264297969,-0.14049594273784888,0.578175738497849,-0.11184452574740311,0.5190264990586719
A,D_k37,inline_vs_block,credibility,eeg_alpha,False,survey,18,0.08156078133217665,0.7476592118235138,0.06198350414905097,0.8069761599287648,0.006579089749847241,0.9697417698543251
A,D_k37,inline_vs_block,credibility,eeg_beta,False,survey,18,-0.16503731504505403,0.5128300154865737,-0.22210755653409928,0.3757195403406099,-0.12500270524709758,0.47108729407518657
A,D_k37,inline_vs_block,credibility,eeg_faa,False,survey,18,-0.2983870865551952,0.22909091556264408,-0.3367770392098436,0.17176165664527446,-0.24342632074434795,0.16047077268136256
A,D_k37,inline_vs_block,credibility,eeg_delta,False,survey,18,0.2678902147434969,0.2824793077563269,0.25929765902352986,0.29878777285275626,0.21710996174495897,0.21065683788470735
A,D_k37,inline_vs_block,credibility,eeg_gamma,False,survey,18,-0.07405906688411867,0.7702485854821306,-0.043388452904335684,0.8642664078281774,-0.04605362824893069,0.7906049498979726
A,D_k37,inline_vs_block,credibility,eeg_rel_delta,False,survey,18,0.22458161489306339,0.3702861840640213,0.17561992842231108,0.4857723497149361,0.16447724374618106,0.34297468853756996
A,D_k37,inline_vs_block,credibility,eeg_rel_theta,False,survey,18,-0.3252057204391258,0.1879003473127351,-0.26756212624340336,0.28309180253231725,-0.17763542324587553,0.30575575267473
A,D_k37,inline_vs_block,credibility,eeg_rel_alpha,False,survey,18,-0.21046689982205768,0.40187321826000433,-0.10640501545587083,0.6743207441576334,-0.09868634624770863,0.5693680626983872
A,D_k37,inline_vs_block,credibility,eeg_rel_beta,False,survey,18,-0.27766058849790487,0.264611503389023,-0.2510331918036564,0.31499676418605355,-0.19079360274557003,0.27131787434398436
A,D_k37,inline_vs_block,credibility,eeg_rel_gamma,False,survey,18,-0.35104509548169543,0.1531856755093951,-0.31611587116015993,0.20126414167575965,-0.24342632074434795,0.16047077268136256
A,D_k37,inline_vs_block,credibility,eeg_engagement,False,survey,18,-0.15942127674659937,0.5274707218421097,-0.25206625020614065,0.31294266762643286,-0.19079360274557003,0.27131787434398436
A,D_k37,inline_vs_block,credibility,eeg_pope,False,survey,18,-0.08136271243978191,0.748253221789536,-0.2510331918036564,0.31499676418605355,-0.2039517822452645,0.2396360279254658
A,D_k37,inline_vs_block,credibility,eeg_kislov,False,survey,18,0.09352577821972866,0.7120379096912466,-0.019628109647199472,0.9383821185651026,-0.019737269249541726,0.9093991240492342
A,D_k37,inline_vs_block,manipulation,eeg_fz_theta,True,survey,18,-0.07550304594529407,0.7658861337473835,-0.2088939317950595,0.4054810971888867,-0.12583885306544063,0.47044799993646313
A,D_k37,inline_vs_block,manipulation,eeg_posterior_alpha,True,survey,18,-0.24329588220240111,0.3306344249198996,-0.28748768831201255,0.24736656645531577,-0.16557743824400079,0.3422792104577467
A,D_k37,inline_vs_block,manipulation,eeg_theta,False,survey,18,0.3042142823844965,0.21968597794835915,0.2616344789314359,0.29429754371432176,0.17882363330352086,0.3050588592616783
A,D_k37,inline_vs_block,manipulation,eeg_alpha,False,survey,18,-0.0350140981491303,0.8902965842238373,-0.05997944576293787,0.8131109784772809,-0.006623097529760032,0.9696981596093224
A,D_k37,inline_vs_block,manipulation,eeg_beta,False,survey,18,0.05636366111896391,0.8242056172833403,-0.09100329701962988,0.7195033431850172,-0.05960787776784029,0.7324398999038724
A,D_k37,inline_vs_block,manipulation,eeg_faa,False,survey,18,-0.06311609263556645,0.8035137942767652,-0.1561533846586831,0.5360774546942918,-0.11259265800592054,0.5184240444618575
A,D_k37,inline_vs_block,manipulation,eeg_delta,False,survey,18,-0.13178140094218527,0.6021958833845215,0.17580182378792134,0.4853134677758978,0.16557743824400079,0.3422792104577467
A,D_k37,inline_vs_block,manipulation,eeg_gamma,False,survey,18,0.05632371467066534,0.8243283698002757,-0.042399263384145736,0.8673347186612913,-0.04636168270832022,0.7903100546926698
A,D_k37,inline_vs_block,manipulation,eeg_rel_delta,False,survey,18,-0.08913126332818071,0.7250594367784602,-0.0713548578903916,0.7784359437866889,-0.08610026788688042,0.6214268342178599
A,D_k37,inline_vs_block,manipulation,eeg_rel_theta,False,survey,18,0.3380139630569924,0.17009378945360681,0.17890420891359052,0.47751957825945723,0.12583885306544063,0.47044799993646313
A,D_k37,inline_vs_block,manipulation,eeg_rel_alpha,False,survey,18,0.03099251366523753,0.9028366164521485,-0.10961760777364507,0.6650225902153901,-0.11259265800592054,0.5184240444618575
A,D_k37,inline_vs_block,manipulation,eeg_rel_beta,False,survey,18,0.05510942195187112,0.8280616413306561,0.04550164850981494,0.8577178445444674,0.019869292589280097,0.9092690452142217
A,D_k37,inline_vs_block,manipulation,eeg_rel_gamma,False,survey,18,0.15505706036387443,0.538979088879713,0.04550164850981494,0.8577178445444674,0.019869292589280097,0.9092690452142217
A,D_k37,inline_vs_block,manipulation,eeg_engagement,False,survey,18,0.09383867082024544,0.7111136044202915,0.19131374941626736,0.446973472572441,0.13908504812496067,0.4250306527849277
A,D_k37,inline_vs_block,manipulation,eeg_pope,False,survey,18,-0.012291478585309094,0.9613926809610795,0.05377467551159947,0.8321692872909103,0.019869292589280097,0.9092690452142217
A,D_k37,inline_vs_block,manipulation,eeg_kislov,False,survey,18,0.18572958091208464,0.4605929602014463,0.1747676954126983,0.48792516455643364,0.12583885306544063,0.47044799993646313
A,D_k37,inline_vs_block,notice,eeg_fz_theta,True,survey,18,-0.2088377921589671,0.4056101851855098,-0.31437502606781226,0.2038930240161535,-0.20531602342256097,0.2389590520605286
A,D_k37,inline_vs_block,notice,eeg_posterior_alpha,True,survey,18,-0.2200105750033048,0.3803593605451543,-0.20268916154372107,0.4198819000492828,-0.15233124318448074,0.3822828750399321
A,D_k37,inline_vs_block,notice,eeg_theta,False,survey,18,0.3056155927700003,0.21746218590266356,0.16649466841091373,0.5090623008219879,0.12583885306544063,0.47044799993646313
A,D_k37,inline_vs_block,notice,eeg_alpha,False,survey,18,0.02929833279289877,0.9081261058617119,-0.01654605400356907,0.9480440061516822,-0.019869292589280097,0.9092690452142217
A,D_k37,inline_vs_block,notice,eeg_beta,False,survey,18,0.09635796832688381,0.7036854972385703,0.036194493132807336,0.8866204667660114,-0.006623097529760032,0.9696981596093224
A,D_k37,inline_vs_block,notice,eeg_faa,False,survey,18,0.04179875210832885,0.8691982938275646,0.03205797963191507,0.8995120497108823,0.03311548764880016,0.8493606187801608
A,D_k37,inline_vs_block,notice,eeg_delta,False,survey,18,0.08299002974996392,0.7433769130877966,0.17269943866225215,0.4931690089186801,0.11259265800592054,0.5184240444618575
A,D_k37,inline_vs_block,notice,eeg_gamma,False,survey,18,0.16344126699315364,0.5169712853562574,0.23371301280041304,0.35061748280623484,0.13908504812496067,0.4250306527849277
A,D_k37,inline_vs_block,notice,eeg_rel_delta,False,survey,18,0.05588462124445443,0.8256779268922557,-0.04550164850981494,0.8577178445444674,-0.08610026788688042,0.6214268342178599
A,D_k37,inline_vs_block,notice,eeg_rel_theta,False,survey,18,0.06664067800681923,0.7927615187366907,-0.06515008763905321,0.7973045640826241,-0.05960787776784029,0.7324398999038724
A,D_k37,inline_vs_block,notice,eeg_rel_alpha,False,survey,18,-0.07071528693308264,0.780375615839296,-0.16959705353658294,0.5010855202581851,-0.09934646294640048,0.5688114004133373
A,D_k37,inline_vs_block,notice,eeg_rel_beta,False,survey,18,-0.06803831200879491,0.7885075455256704,0.05894531738771481,0.8162807267443484,0.04636168270832022,0.7903100546926698
A,D_k37,inline_vs_block,notice,eeg_rel_gamma,False,survey,18,0.15687034685447687,0.5341837238367542,0.20268916154372107,0.4198819000492828,0.12583885306544063,0.47044799993646313
A,D_k37,inline_vs_block,notice,eeg_engagement,False,survey,18,0.07979549922858406,0.7529580378510826,0.2275082425490747,0.36391617264161935,0.16557743824400079,0.3422792104577467
A,D_k37,inline_vs_block,notice,eeg_pope,False,survey,18,-0.09854481823814104,0.6972582093345004,0.05894531738771481,0.8162807267443484,0.04636168270832022,0.7903100546926698
A,D_k37,inline_vs_block,notice,eeg_kislov,False,survey,18,0.06083297091144449,0.8104968823999116,0.17373356703747522,0.49054368668361953,0.11259265800592054,0.5184240444618575
A,D_k37,inline_vs_block,helpfulness,eeg_fz_theta,True,survey,18,-0.012594958477052826,0.96044015295025,0.035105838441874225,0.8900107991303587,0.026229649178821125,0.8794869666961451
A,D_k37,inline_vs_block,helpfulness,eeg_posterior_alpha,True,survey,18,0.08184179030551751,0.7468166960822162,0.0030975739801653726,0.9902673621545086,0.026229649178821125,0.8794869666961451
A,D_k37,inline_vs_block,helpfulness,eeg_theta,False,survey,18,-0.03795904024815553,0.8811292438500085,-0.01239029592066149,0.9610825188769397,0.0,1.0
A,D_k37,inline_vs_block,helpfulness,eeg_alpha,False,survey,18,0.1541922898615535,0.5412728708856357,0.0,1.0,0.05245929835764225,0.7617075639478075
A,D_k37,inline_vs_block,helpfulness,eeg_beta,False,survey,18,0.030808175972910083,0.9034119617980153,-0.008260197280440995,0.9740498495705485,0.0,1.0
A,D_k37,inline_vs_block,helpfulness,eeg_faa,False,survey,18,-0.018165832965203608,0.942965244889164,0.12596800852672518,0.6184411132855355,0.05245929835764225,0.7617075639478075
A,D_k37,inline_vs_block,helpfulness,eeg_delta,False,survey,18,0.4498635740821357,0.061043811826871366,0.4914817381862392,0.03831683811642524,0.3541002639140852,0.040671369157608335
A,D_k37,inline_vs_block,helpfulness,eeg_gamma,False,survey,18,0.08537090193116285,0.7362593107085555,0.09705731804518168,0.7016279617635951,0.06557412294705281,0.7046514611141652
A,D_k37,inline_vs_block,helpfulness,eeg_rel_delta,False,survey,18,0.25226887211095905,0.3125407174447282,0.406814716061719,0.0938489479599102,0.301640965556443,0.08122441376507922
A,D_k37,inline_vs_block,helpfulness,eeg_rel_theta,False,survey,18,-0.4890217308501521,0.03944525192991282,-0.2870418554953245,0.24813315689880794,-0.19672236884115846,0.25547681145450307
A,D_k37,inline_vs_block,helpfulness,eeg_rel_alpha,False,survey,18,-0.3408818888970295,0.16626890690623647,-0.42436763528265603,0.0792173349540822,-0.32787061473526413,0.05805993653705121
A,D_k37,inline_vs_block,helpfulness,eeg_rel_beta,False,survey,18,-0.23503760397844237,0.3478150035067231,-0.24367581977300934,0.3298561444149373,-0.209837193430569,0.22514631086465808
A,D_k37,inline_vs_block,helpfulness,eeg_rel_gamma,False,survey,18,-0.07224545426202157,0.7757370457337472,-0.12493548386667004,0.621344423246854,-0.1049185967152845,0.5441970982678067
A,D_k37,inline_vs_block,helpfulness,eeg_engagement,False,survey,18,-0.0677928327210789,0.7892543013883756,0.02374806718126786,0.9254795326112247,0.0,1.0
A,D_k37,inline_vs_block,helpfulness,eeg_pope,False,survey,18,-0.042211381669921694,0.8679177035651683,-0.06608157824352796,0.7944648159908725,-0.03934447376823169,0.8200898511292445
A,D_k37,inline_vs_block,helpfulness,eeg_kislov,False,survey,18,-0.009315562184561142,0.9707355925770309,0.0340733137818191,0.8932280086145878,0.026229649178821125,0.8794869666961451
A,D_k37,inline_vs_block,convincingness,eeg_fz_theta,True,survey,18,-0.002872249374982006,0.99097530813237,-0.11880171628568102,0.6387003771002008,-0.12500270524709758,0.47108729407518657
A,D_k37,inline_vs_block,convincingness,eeg_posterior_alpha,True,survey,18,0.1080993063638158,0.669411288345428,0.1859505124471529,0.4600501759393733,0.17763542324587553,0.30575575267473
A,D_k37,inline_vs_block,convincingness,eeg_theta,False,survey,18,-0.432630910280672,0.07294131267910405,-0.31611587116015993,0.20126414167575965,-0.2039517822452645,0.2396360279254658
A,D_k37,inline_vs_block,convincingness,eeg_alpha,False,survey,18,0.13486541443740366,0.5936489675119747,0.05165292012420914,0.8387074164354535,0.019737269249541726,0.9093991240492342
A,D_k37,inline_vs_block,convincingness,eeg_beta,False,survey,18,0.08336856262357571,0.7422439506698277,0.005165292012420914,0.9837711987482664,-0.006579089749847241,0.9697417698543251
A,D_k37,inline_vs_block,convincingness,eeg_faa,False,survey,18,-0.304409214142185,0.21937575513757776,-0.19628109647199474,0.4350345981754471,-0.15131906424648656,0.3829685352947504
A,D_k37,inline_vs_block,convincingness,eeg_delta,False,survey,18,0.057778417297665544,0.819860697586379,0.18801662925212126,0.4549898202633316,0.11184452574740311,0.5190264990586719
A,D_k37,inline_vs_block,convincingness,eeg_gamma,False,survey,18,0.07947205603044148,0.7539300608540392,0.12293394989561776,0.626987599604221,0.11184452574740311,0.5190264990586719
A,D_k37,inline_vs_block,convincingness,eeg_rel_delta,False,survey,18,-0.11517602623015104,0.6490449275770698,0.001033058402484183,0.9967540457684905,-0.006579089749847241,0.9697417698543251
A,D_k37,inline_vs_block,convincingness,eeg_rel_theta,False,survey,18,-0.21263036593987755,0.3969394529108941,-0.04855374491675659,0.8482754164588583,0.019737269249541726,0.9093991240492342
A,D_k37,inline_vs_block,convincingness,eeg_rel_alpha,False,survey,18,-0.03854268641774772,0.8793140755605738,-0.07024797136892444,0.7817936580721192,-0.059211807748625174,0.7328104096282637
A,D_k37,inline_vs_block,convincingness,eeg_rel_beta,False,survey,18,0.13464266457479523,0.594264605285217,0.060950445746566786,0.8101372402783894,0.019737269249541726,0.9093991240492342
A,D_k37,inline_vs_block,convincingness,eeg_rel_gamma,False,survey,18,0.11562179637835815,0.6477697421571147,0.020661168049683657,0.9351453676665344,0.019737269249541726,0.9093991240492342
A,D_k37,inline_vs_block,convincingness,eeg_engagement,False,survey,18,0.13657074658839516,0.5889445184533405,0.10950419066332338,0.6653500701823251,0.059211807748625174,0.7328104096282637
A,D_k37,inline_vs_block,convincingness,eeg_pope,False,survey,18,0.24691214846490975,0.3232701936223269,0.11776865788319686,0.6416414663981,0.07236998724831965,0.6764927897184035
A,D_k37,inline_vs_block,convincingness,eeg_kislov,False,survey,18,0.32483788654661266,0.1884293522688232,0.34917374003965385,0.15553985753245822,0.23026814124465347,0.1843017988996677
A,D_k37,inline_vs_block,relevance,eeg_fz_theta,True,survey,18,0.15275561215878525,0.5450933197843327,0.015511925628346,0.951287488993022,-0.006623097529760032,0.9696981596093224
A,D_k37,inline_vs_block,relevance,eeg_posterior_alpha,True,survey,18,0.2882042433185872,0.2461376194081515,0.262668607306659,0.2923235591514012,0.17882363330352086,0.3050588592616783
A,D_k37,inline_vs_block,relevance,eeg_theta,False,survey,18,-0.12076709404572487,0.6331191700718215,-0.07755962814173001,0.7596845081713657,-0.04636168270832022,0.7903100546926698
A,D_k37,inline_vs_block,relevance,eeg_alpha,False,survey,18,0.42546891205916426,0.07835881110664243,0.16959705353658294,0.5010855202581851,0.09934646294640048,0.5688114004133373
A,D_k37,inline_vs_block,relevance,eeg_beta,False,survey,18,0.1256310990825069,0.6193878657247983,0.1313343036533295,0.6034390924906099,0.05960787776784029,0.7324398999038724
A,D_k37,inline_vs_block,relevance,eeg_faa,False,survey,18,-0.3037797948395342,0.22037846202296502,-0.056877060637268675,0.8226283245281097,-0.04636168270832022,0.7903100546926698
A,D_k37,inline_vs_block,relevance,eeg_delta,False,survey,18,0.39384066250776534,0.10585404009103354,0.41985612034056513,0.08280650282825672,0.29803938883920145,0.08737528034076754
A,D_k37,inline_vs_block,relevance,eeg_gamma,False,survey,18,0.06781632070518348,0.7891828426155825,0.10858347939842201,0.6680106556509822,0.07285407282736035,0.6760528085643454
A,D_k37,inline_vs_block,relevance,eeg_rel_delta,False,survey,18,0.12899992207319425,0.6099469608096049,0.19648439129238268,0.4345495547013091,0.16557743824400079,0.3422792104577467
A,D_k37,inline_vs_block,relevance,eeg_rel_theta,False,survey,18,-0.4388564121835,0.06846120539647844,-0.201655033168498,0.4223080853551119,-0.12583885306544063,0.47044799993646313
A,D_k37,inline_vs_block,relevance,eeg_rel_alpha,False,survey,18,-0.019644919566285907,0.9383294426886596,-0.1985526480428288,0.4296309347109152,-0.15233124318448074,0.3822828750399321
A,D_k37,inline_vs_block,relevance,eeg_rel_beta,False,survey,18,-0.14837346611896904,0.5568204421747963,-0.09203742539485293,0.7164398135520716,-0.07285407282736035,0.6760528085643454
A,D_k37,inline_vs_block,relevance,eeg_rel_gamma,False,survey,18,-0.08620358612629485,0.7337747887325825,-0.13030017527810642,0.6063185953103634,-0.07285407282736035,0.6760528085643454
A,D_k37,inline_vs_block,relevance,eeg_engagement,False,survey,18,-0.05104826977062454,0.8405724899060268,0.09617393889574521,0.7042272509151347,0.03311548764880016,0.8493606187801608
A,D_k37,inline_vs_block,relevance,eeg_pope,False,survey,18,0.028095123227038887,0.911884955755603,0.06515008763905321,0.7973045640826241,0.019869292589280097,0.9092690452142217
A,D_k37,inline_vs_block,relevance,eeg_kislov,False,survey,18,0.07819437514946397,0.7577732225990043,0.186143107540152,0.45957727233226986,0.09934646294640048,0.5688114004133373
A,D_k37,inline_vs_block,neutrality,eeg_fz_theta,True,survey,18,-0.10339298679932928,0.6830794117386368,-0.12390295920661491,0.624253064569336,-0.09180377212587396,0.5956484277285694
A,D_k37,inline_vs_block,neutrality,eeg_posterior_alpha,True,survey,18,0.1368891553949315,0.5880678578596829,0.1280330578468354,0.6126506295622187,0.09180377212587396,0.5956484277285694
A,D_k37,inline_vs_block,neutrality,eeg_theta,False,survey,18,-0.04920903661788908,0.8462506237158803,0.06504905358347284,0.7976127234434519,0.026229649178821125,0.8794869666961451
A,D_k37,inline_vs_block,neutrality,eeg_alpha,False,survey,18,0.10059382247213666,0.6912537930482668,0.055756331642976706,0.8260723139523426,0.06557412294705281,0.7046514611141652
A,D_k37,inline_vs_block,neutrality,eeg_beta,False,survey,18,0.05086758241142368,0.841129986137258,0.1311306318270008,0.6040057721865338,0.03934447376823169,0.8200898511292445
A,D_k37,inline_vs_block,neutrality,eeg_faa,False,survey,18,0.18180361034556206,0.47029194784766676,0.2653588376341669,0.28722604541441504,0.22295201801997958,0.19747921511614253
A,D_k37,inline_vs_block,neutrality,eeg_delta,False,survey,18,0.3492877628765181,0.1553957113256165,-0.07743934950413432,0.7600468286769253,-0.09180377212587396,0.5956484277285694
A,D_k37,inline_vs_block,neutrality,eeg_gamma,False,survey,18,0.05739228696489071,0.8210460695886836,0.07124420154380358,0.7787714503200563,0.05245929835764225,0.7617075639478075
A,D_k37,inline_vs_block,neutrality,eeg_rel_delta,False,survey,18,0.20116879430984397,0.42345141525130026,0.018585443880992238,0.9416499030366527,-0.026229649178821125,0.8794869666961451
A,D_k37,inline_vs_block,neutrality,eeg_rel_theta,False,survey,18,-0.492232421491535,0.037977472702096955,-0.29633457743582065,0.23246422242885664,-0.209837193430569,0.22514631086465808
A,D_k37,inline_vs_block,neutrality,eeg_rel_alpha,False,survey,18,-0.23797359374851015,0.34164925118576167,-0.08053692348429968,0.7507312190154029,-0.013114824589410563,0.9395704158247962
A,D_k37,inline_vs_block,neutrality,eeg_rel_beta,False,survey,18,-0.1797604525586599,0.47537944632038637,-0.08982964542479581,0.7229851318569064,-0.11803342130469507,0.4950567081996511
A,D_k37,inline_vs_block,neutrality,eeg_rel_gamma,False,survey,18,-0.12190135067075682,0.6299066846046787,-0.07021167688374845,0.7819038190704463,-0.03934447376823169,0.8200898511292445
A,D_k37,inline_vs_block,neutrality,eeg_engagement,False,survey,18,-0.06865506986614327,0.7866321236447426,-0.060918954943252335,0.8102336439261998,-0.03934447376823169,0.8200898511292445
A,D_k37,inline_vs_block,neutrality,eeg_pope,False,survey,18,0.07414387433586452,0.7699921881218094,0.015487869900826864,0.9513629472278686,0.0,1.0
A,D_k37,inline_vs_block,neutrality,eeg_kislov,False,survey,18,0.09942449671713696,0.6946782723321735,-0.12596800852672518,0.6184411132855355,-0.06557412294705281,0.7046514611141652
A,D_k37,inline_vs_block,behaviour_pushing,eeg_fz_theta,True,item,18,-0.17764895162862038,0.4806655982141535,-0.3759734698416641,0.12413115610399283,-0.2067080124041348,0.23805396246332744
A,D_k37,inline_vs_block,behaviour_pushing,eeg_posterior_alpha,True,item,18,-0.33592427028944966,0.17291793868612645,-0.357330157287532,0.1454582856087478,-0.24671601480493507,0.15906421388404401
A,D_k37,inline_vs_block,behaviour_pushing,eeg_theta,False,item,18,0.35872173712410077,0.14378447638044323,0.1501822400193975,0.5519665323559491,0.11335600680226747,0.5176172697629309
A,D_k37,inline_vs_block,behaviour_pushing,eeg_alpha,False,item,18,-0.1510024744776801,0.5497716056224258,-0.1719327713325516,0.495119707244639,-0.11335600680226747,0.5176172697629309
A,D_k37,inline_vs_block,behaviour_pushing,eeg_beta,False,item,18,-0.11340890292665358,0.6541091352983336,-0.21232661519983784,0.3976301556918557,-0.19337201160386805,0.26970396043049116
A,D_k37,inline_vs_block,behaviour_pushing,eeg_faa,False,item,18,0.05219633157789867,0.837031934567025,0.002071479172681345,0.9934912914978808,0.02000400120040014,0.9090947320233526
A,D_k37,inline_vs_block,behaviour_pushing,eeg_delta,False,item,18,0.006437089990672644,0.9797760402995499,0.15536093795110087,0.5381741069198679,0.07334800440146719,0.6754633688131806
A,D_k37,inline_vs_block,behaviour_pushing,eeg_gamma,False,item,18,-0.05473877917786833,0.8292018633418907,-0.06835881269848437,0.7875328362481276,-0.04667600280093366,0.7899149164292145
A,D_k37,inline_vs_block,behaviour_pushing,eeg_rel_delta,False,item,18,0.09040037814192105,0.7212913283255545,0.0528227189033743,0.8351014440310311,0.006668000400133381,0.9696397182123772
A,D_k37,inline_vs_block,behaviour_pushing,eeg_rel_theta,False,item,18,0.22297092858013984,0.3738184379537149,0.061108635594099674,0.8096530087827539,0.060012003601200424,0.7319434822752744
A,D_k37,inline_vs_block,behaviour_pushing,eeg_rel_alpha,False,item,18,-0.15258671782666672,0.5455432400691338,-0.23096992775396993,0.3564620349758987,-0.140028008402801,0.4241377535666422
A,D_k37,inline_vs_block,behaviour_pushing,eeg_rel_beta,False,item,18,-0.09291671076083576,0.7138382296936087,-0.05489419807605563,0.8287237027877391,-0.033340002000666905,0.8490734377018059
A,D_k37,inline_vs_block,behaviour_pushing,eeg_rel_gamma,False,item,18,0.07097229024961967,0.7795960347319002,0.013464614622428742,0.9577108621792514,-0.006668000400133381,0.9696397182123772
A,D_k37,inline_vs_block,behaviour_pushing,eeg_engagement,False,item,18,-0.039527671713742725,0.876252025455545,0.08700212525261648,0.7313945084889093,0.04667600280093366,0.7899149164292145
A,D_k37,inline_vs_block,behaviour_pushing,eeg_pope,False,item,18,-0.16578140879612516,0.5109046630464521,-0.013464614622428742,0.9577108621792514,-0.006668000400133381,0.9696397182123772
A,D_k37,inline_vs_block,behaviour_pushing,eeg_kislov,False,item,18,0.03472545474767766,0.8911958365050053,0.12843170870624337,0.6115352920106982,0.08668400520173396,0.620753980668016
A,D_k37,inline_vs_block,behaviour_manipulate,eeg_fz_theta,True,item,18,0.06335252626850804,0.80279144448739,-0.08402602651081621,0.740277336757308,-0.07385212033015308,0.6748707044164284
A,D_k37,inline_vs_block,behaviour_manipulate,eeg_posterior_alpha,True,item,18,-0.0792510359180144,0.7545944809357221,-0.09647432673464085,0.703343026432962,-0.03356914560461504,0.8487846079753365
A,D_k37,inline_vs_block,behaviour_manipulate,eeg_theta,False,item,18,0.17255995233676782,0.4935236393099056,0.2033222369891355,0.4184002886144149,0.14099041153938316,0.423240773008823
A,D_k37,inline_vs_block,behaviour_manipulate,eeg_alpha,False,item,18,0.11159728386066434,0.6593158201976699,0.10373583519853853,0.6820804746607927,0.0872797785719991,0.6200775369918177
A,D_k37,inline_vs_block,behaviour_manipulate,eeg_beta,False,item,18,0.2474902992724842,0.32210185766012567,0.153529036093837,0.5430351107417752,0.1007074368138451,0.5673164035095721
A,D_k37,inline_vs_block,behaviour_manipulate,eeg_faa,False,item,18,-0.1875168926900619,0.4562111787858156,-0.24689128777252173,0.3233123957628303,-0.18127338626492118,0.30319086392058014
A,D_k37,inline_vs_block,behaviour_manipulate,eeg_delta,False,item,18,-0.2686530358541342,0.2810583652739588,0.07157772628699159,0.7777603270719999,0.07385212033015308,0.6748707044164284
A,D_k37,inline_vs_block,behaviour_manipulate,eeg_gamma,False,item,18,0.1771136304440352,0.48201035261536546,0.06535357617507928,0.7966839995889891,0.04699680384646105,0.7895175364418836
A,D_k37,inline_vs_block,behaviour_manipulate,eeg_rel_delta,False,item,18,-0.2848049624254882,0.25200201861233773,-0.24689128777252173,0.3233123957628303,-0.18127338626492118,0.30319086392058014
A,D_k37,inline_vs_block,behaviour_manipulate,eeg_rel_theta,False,item,18,0.4021410377312627,0.09805404427636016,0.25519015458840477,0.3067797879229559,0.16784572802307518,0.3404142655975749
A,D_k37,inline_vs_block,behaviour_manipulate,eeg_rel_alpha,False,item,18,0.2441951245491051,0.32879411167648853,0.12448300223824624,0.6226184183340905,0.1007074368138451,0.5673164035095721
A,D_k37,inline_vs_block,behaviour_manipulate,eeg_rel_beta,False,item,18,0.22045337616787122,0.3793769746956555,0.24792864612450707,0.3212176995418782,0.18127338626492118,0.30319086392058014
A,D_k37,inline_vs_block,behaviour_manipulate,eeg_rel_gamma,False,item,18,0.22199050819413388,0.37597768898805733,0.14419281092596856,0.5681105984662314,0.0872797785719991,0.6200775369918177
A,D_k37,inline_vs_block,behaviour_manipulate,eeg_engagement,False,item,18,0.23317126075811886,0.3517673963711211,0.3827852318826072,0.11691905793935604,0.26183933571599727,0.13695635086014454
A,D_k37,inline_vs_block,behaviour_manipulate,eeg_pope,False,item,18,0.17429819471851812,0.48911314539903467,0.23859242095663863,0.3403577854984853,0.14099041153938316,0.423240773008823
A,D_k37,inline_vs_block,behaviour_manipulate,eeg_kislov,False,item,18,0.3261554938657755,0.18653899481420055,0.19917280358119396,0.4281618259563598,0.15441806978122916,0.38044358026171066
A,D_k37,inline_vs_block,notice_brands,eeg_fz_theta,True,item,18,-0.211203355123649,0.4001900240448671,-0.25064897989444274,0.3157627523152855,-0.1667000100033345,0.3413486242601492
A,D_k37,inline_vs_block,notice_brands,eeg_posterior_alpha,True,item,18,-0.24425899666579687,0.3286636248195814,-0.2247554902359259,0.3699059961097194,-0.15336400920306775,0.3813652114459988
A,D_k37,inline_vs_block,notice_brands,eeg_theta,False,item,18,0.3128452632813662,0.2062216746849269,0.24857750072176135,0.31991157046523844,0.19337201160386805,0.26970396043049116
A,D_k37,inline_vs_block,notice_brands,eeg_alpha,False,item,18,-0.04431429080932186,0.8613962759539954,-0.036250885521923536,0.886444897837053,-0.04667600280093366,0.7899149164292145
A,D_k37,inline_vs_block,notice_brands,eeg_beta,False,item,18,0.14511908669209306,0.5656006234524596,0.06214437518044034,0.8064841614998196,0.02000400120040014,0.9090947320233526
A,D_k37,inline_vs_block,notice_brands,eeg_faa,False,item,18,0.2580097834743311,0.3012799795952646,0.11082413573845196,0.6615424488469613,0.1000200060020007,0.5680658323002197
A,D_k37,inline_vs_block,notice_brands,eeg_delta,False,item,18,0.13197305280479923,0.6016632910224655,0.22268401106324454,0.37444961914660296,0.15336400920306775,0.3813652114459988
A,D_k37,inline_vs_block,notice_brands,eeg_gamma,False,item,18,0.17633637787832607,0.4839661326896185,0.2330414069266513,0.35204334174768687,0.1667000100033345,0.3413486242601492
A,D_k37,inline_vs_block,notice_brands,eeg_rel_delta,False,item,18,0.13058694364281523,0.6055195407364147,0.009321656277066052,0.9707164560271601,-0.04667600280093366,0.7899149164292145
A,D_k37,inline_vs_block,notice_brands,eeg_rel_theta,False,item,18,0.010528615639067183,0.9669266987816061,-0.06835881269848437,0.7875328362481276,-0.07334800440146719,0.6754633688131806
A,D_k37,inline_vs_block,notice_brands,eeg_rel_alpha,False,item,18,-0.15852107508596242,0.5298352411862551,-0.21543383395885987,0.3905955259360714,-0.140028008402801,0.4241377535666422
A,D_k37,inline_vs_block,notice_brands,eeg_rel_beta,False,item,18,-0.11037713242065154,0.6628310319433831,0.005178697931703362,0.9837290840321338,-0.02000400120040014,0.9090947320233526
A,D_k37,inline_vs_block,notice_brands,eeg_rel_gamma,False,item,18,0.1300250323662407,0.607085656424103,0.16675407340084825,0.5083930332268264,0.1000200060020007,0.5680658323002197
A,D_k37,inline_vs_block,notice_brands,eeg_engagement,False,item,18,0.09060332967120878,0.7206893116761629,0.2102551360271565,0.40235792031406276,0.12669200760253424,0.46959204156618084
A,D_k37,inline_vs_block,notice_brands,eeg_pope,False,item,18,-0.07368706680723022,0.7713735163854001,0.046608281385330255,0.8542920062171763,0.02000400120040014,0.9090947320233526
A,D_k37,inline_vs_block,notice_brands,eeg_kislov,False,item,18,0.09220508615965069,0.7159435173042619,0.1926475630593651,0.4437512891489326,0.140028008402801,0.4241377535666422
A,D_k37,inline_vs_block,notice_sponsored,eeg_fz_theta,True,item,18,-0.18422716606453834,0.46429264755867555,-0.30426016980770954,0.21961292517085565,-0.21257323328245772,0.23302537525827705
A,D_k37,inline_vs_block,notice_sponsored,eeg_posterior_alpha,True,item,18,-0.17144401044537447,0.49636524280087635,-0.1578807066699799,0.5315202218600759,-0.15771562469343636,0.3762464030940562
A,D_k37,inline_vs_block,notice_sponsored,eeg_theta,False,item,18,0.2656793264225009,0.2866224082866572,0.035549298190591494,0.8886295364516121,0.006857201073627668,0.9693121333965756
A,D_k37,inline_vs_block,notice_sponsored,eeg_alpha,False,item,18,0.1027911608316659,0.6848341276855071,0.009410108344568338,0.9704387022967459,-0.006857201073627668,0.9693121333965756
A,D_k37,inline_vs_block,notice_sponsored,eeg_beta,False,item,18,0.03539829693867179,0.8890998323036704,-0.044959406535159833,0.8593973674425811,-0.006857201073627668,0.9693121333965756
A,D_k37,inline_vs_block,notice_sponsored,eeg_faa,False,item,18,-0.1876202597086184,0.45595841289977485,-0.11083016494713818,0.6615250745327819,-0.061714809662649014,0.7291629410714094
A,D_k37,inline_vs_block,notice_sponsored,eeg_delta,False,item,18,0.023217233456663933,0.9271410319629582,0.07423529916270577,0.7697158099508629,0.020571603220883007,0.908117716820644
A,D_k37,inline_vs_block,notice_sponsored,eeg_gamma,False,item,18,0.13268844925711973,0.5996769316182029,0.127559246448593,0.6139773038262857,0.061714809662649014,0.7291629410714094
A,D_k37,inline_vs_block,notice_sponsored,eeg_rel_delta,False,item,18,-0.027776521087230267,0.9128805762796564,-0.12860481404243393,0.6110512342087322,-0.14400122254618103,0.41915303538016757
A,D_k37,inline_vs_block,notice_sponsored,eeg_rel_theta,False,item,18,0.11796221043749122,0.6410900393441912,0.0679618935996602,0.7887399940013322,0.03428600536813834,0.8474640425814033
A,D_k37,inline_vs_block,notice_sponsored,eeg_rel_alpha,False,item,18,0.02815404203092016,0.9117008501960201,-0.0020911351876818527,0.9934295324055389,0.006857201073627668,0.9693121333965756
A,D_k37,inline_vs_block,notice_sponsored,eeg_rel_beta,False,item,18,-0.016765130577216052,0.9473569834781649,0.15160730110693432,0.5481555966013619,0.10285801610441503,0.5638952975756143
A,D_k37,inline_vs_block,notice_sponsored,eeg_rel_gamma,False,item,18,0.1681677108906305,0.5047531688211064,0.19761227523593508,0.43186365078895156,0.1302868203989257,0.46481001927376997
A,D_k37,inline_vs_block,notice_sponsored,eeg_engagement,False,item,18,0.060086032063106476,0.8127844327349424,0.17983762614063933,0.47518678903390904,0.11657241825167036,0.5131070263847164
A,D_k37,inline_vs_block,notice_sponsored,eeg_pope,False,item,18,-0.11395988226575625,0.6525285877702729,0.021956919470659454,0.9310869275793202,0.006857201073627668,0.9693121333965756
A,D_k37,inline_vs_block,notice_sponsored,eeg_kislov,False,item,18,0.021735763979218097,0.9317794997877895,0.11919470569786561,0.6375828895496237,0.08914361395715968,0.6169882468989354
A,D_k37,inline_vs_block,duration_sec,eeg_fz_theta,True,process,18,0.46148124745408675,0.05388405494631068,0.6016511867905057,0.008253780479294344,0.4509803921568628,0.008539551386647026
A,D_k37,inline_vs_block,duration_sec,eeg_posterior_alpha,True,process,18,0.11841066686236791,0.6398130838325404,0.05056759545923632,0.8420557303322882,0.032679738562091505,0.8813527202442675
A,D_k37,inline_vs_block,duration_sec,eeg_theta,False,process,18,0.2392084606675631,0.33907494570094954,0.05882352941176471,0.816654203568489,0.006535947712418302,1.0
A,D_k37,inline_vs_block,duration_sec,eeg_alpha,False,process,18,0.23834766380999448,0.3408682452032054,0.20949432404540763,0.40410193596361965,0.13725490196078433,0.45426317422034246
A,D_k37,inline_vs_block,duration_sec,eeg_beta,False,process,18,-0.23460116178863683,0.34873697416057614,-0.20330237358101136,0.4184467334719627,-0.15032679738562094,0.4101336133426111
A,D_k37,inline_vs_block,duration_sec,eeg_faa,False,process,18,-0.21364181751663358,0.3946442154566091,-0.2260061919504644,0.3671777255550172,-0.16339869281045755,0.3685805408753014
A,D_k37,inline_vs_block,duration_sec,eeg_delta,False,process,18,0.18311531438252546,0.46704015336055144,-0.003095975232198142,0.990272385227047,0.019607843137254905,0.9405163052956534
A,D_k37,inline_vs_block,duration_sec,eeg_gamma,False,process,18,-0.2412899337588676,0.33476124561707293,-0.20949432404540763,0.40410193596361965,-0.16339869281045755,0.3685805408753014
A,D_k37,inline_vs_block,duration_sec,eeg_rel_delta,False,process,18,0.16393763800436875,0.5156816774985599,0.15995872033023736,0.5260613631447345,0.13725490196078433,0.45426317422034246
A,D_k37,inline_vs_block,duration_sec,eeg_rel_theta,False,process,18,-0.04372519122383944,0.8632223175825241,0.003095975232198142,0.990272385227047,-0.045751633986928116,0.8228244054912468
A,D_k37,inline_vs_block,duration_sec,eeg_rel_alpha,False,process,18,0.2745154951204655,0.27028455642879834,0.25902992776057787,0.29930484205263064,0.16339869281045755,0.3685805408753014
A,D_k37,inline_vs_block,duration_sec,eeg_rel_beta,False,process,18,-0.2768911965879651,0.2659924185944937,-0.15789473684210525,0.5314832784708439,-0.12418300653594773,0.500867331358937
A,D_k37,inline_vs_block,duration_sec,eeg_rel_gamma,False,process,18,-0.37749847544930487,0.12249000046699181,-0.2425180598555212,0.3322310909053101,-0.15032679738562094,0.4101336133426111
A,D_k37,inline_vs_block,duration_sec,eeg_engagement,False,process,18,-0.44657075282042813,0.06319662742956866,-0.564499484004128,0.014663613053810908,-0.3856209150326798,0.02643135752713797
A,D_k37,inline_vs_block,duration_sec,eeg_pope,False,process,18,-0.4982579751626574,0.035336274317013645,-0.5149638802889577,0.028748754882630345,-0.39869281045751637,0.021404417849918617
A,D_k37,inline_vs_block,duration_sec,eeg_kislov,False,process,18,-0.5736561305553401,0.012804064392419079,-0.3003095975232198,0.2259599242270975,-0.15032679738562094,0.4101336133426111
A,D_k37,inline_vs_block,reply_latency_ms_median,eeg_fz_theta,True,process,18,0.3286079676482827,0.18305421622012638,0.4840041279669762,0.04182551548646379,0.34640522875817,0.047735620701410846
A,D_k37,inline_vs_block,reply_latency_ms_median,eeg_posterior_alpha,True,process,18,0.2835300339345676,0.25422397770926786,0.1001031991744066,0.6926899392518375,0.05882352941176472,0.7652367457549346
A,D_k37,inline_vs_block,reply_latency_ms_median,eeg_theta,False,process,18,0.18319533386163167,0.46684214522550155,0.10629514963880288,0.6746395315456968,0.08496732026143793,0.6540288801767573
A,D_k37,inline_vs_block,reply_latency_ms_median,eeg_alpha,False,process,18,0.4309497477148101,0.0741873933841069,0.2280701754385965,0.36270020849471035,0.16339869281045755,0.3685805408753014
A,D_k37,inline_vs_block,reply_latency_ms_median,eeg_beta,False,process,18,-0.21861715818570063,0.3834599430447389,-0.3622291021671827,0.13962500641700296,-0.281045751633987,0.11241795436508836
A,D_k37,inline_vs_block,reply_latency_ms_median,eeg_faa,False,process,18,-0.4094837051148236,0.09150690546549621,-0.2982456140350877,0.22932241176613294,-0.21568627450980396,0.22906043853787195
A,D_k37,inline_vs_block,reply_latency_ms_median,eeg_delta,False,process,18,0.17795850147992465,0.47988883584035036,-0.01547987616099071,0.9513880221541827,0.019607843137254905,0.9405163052956534
A,D_k37,inline_vs_block,reply_latency_ms_median,eeg_gamma,False,process,18,-0.3495764434184839,0.15503117417685316,-0.4179566563467492,0.08435264811978462,-0.2679738562091504,0.1310556703971877
A,D_k37,inline_vs_block,reply_latency_ms_median,eeg_rel_delta,False,process,18,0.1439091419678037,0.5688802308544461,0.15583075335397317,0.5369306230900768,0.11111111111111112,0.5498119171087916
A,D_k37,inline_vs_block,reply_latency_ms_median,eeg_rel_theta,False,process,18,0.04270636649763892,0.8663819377708024,0.12280701754385966,0.627346145423968,0.05882352941176472,0.7652367457549346
A,D_k37,inline_vs_block,reply_latency_ms_median,eeg_rel_alpha,False,process,18,0.42876643350260113,0.07582899854619748,0.3457172342621259,0.15995306278645874,0.21568627450980396,0.22906043853787195
A,D_k37,inline_vs_block,reply_latency_ms_median,eeg_rel_beta,False,process,18,-0.26008339257171176,0.2972733956408134,-0.1455108359133127,0.5645405304670835,-0.12418300653594773,0.500867331358937
A,D_k37,inline_vs_block,reply_latency_ms_median,eeg_rel_gamma,False,process,18,-0.39569920864425784,0.10407020501049369,-0.32714138286893707,0.18513284759128776,-0.20261437908496735,0.2599200623942404
A,D_k37,inline_vs_block,reply_latency_ms_median,eeg_engagement,False,process,18,-0.43504738125761505,0.07117736651383688,-0.6780185758513931,0.0019851971899574553,-0.4901960784313726,0.003934978451529695
A,D_k37,inline_vs_block,reply_latency_ms_median,eeg_pope,False,process,18,-0.49133262916380577,0.03838452238011386,-0.6924664602683178,0.0014476080524246143,-0.5032679738562092,0.002985699542918576
A,D_k37,inline_vs_block,reply_latency_ms_median,eeg_kislov,False,process,18,-0.5580920526348113,0.016087810584976693,-0.5335397316821465,0.022588029798321363,-0.3856209150326798,0.02643135752713797
A,D_k37,inline_vs_block,user_msg_len_median,eeg_fz_theta,True,process,18,0.1793459852696027,0.47641478996346803,0.32301341589267285,0.19106788357348967,0.17647058823529413,0.32967360092730164
A,D_k37,inline_vs_block,user_msg_len_median,eeg_posterior_alpha,True,process,18,0.08015528803550585,0.7518772029983205,-0.13519091847265222,0.5927498112228585,-0.05882352941176472,0.7652367457549346
A,D_k37,inline_vs_block,user_msg_len_median,eeg_theta,False,process,18,0.04963085340547749,0.8449477314765016,0.04643962848297213,0.8548139516870751,0.09803921568627452,0.6009311332228355
A,D_k37,inline_vs_block,user_msg_len_median,eeg_alpha,False,process,18,0.06015287870386498,0.812579651367851,-0.12074303405572755,0.6331873816566363,-0.11111111111111112,0.5498119171087916
A,D_k37,inline_vs_block,user_msg_len_median,eeg_beta,False,process,18,-0.3510778202657832,0.15314472624497033,-0.45304437564499483,0.05901670687313082,-0.39869281045751637,0.021404417849918617
A,D_k37,inline_vs_block,user_msg_len_median,eeg_faa,False,process,18,0.05153412815988404,0.8390737718001343,0.13725490196078433,0.5870615369663565,0.11111111111111112,0.5498119171087916
A,D_k37,inline_vs_block,user_msg_len_median,eeg_delta,False,process,18,-0.08886212628590758,0.7258593035536118,-0.15583075335397317,0.5369306230900768,-0.09803921568627452,0.6009311332228355
A,D_k37,inline_vs_block,user_msg_len_median,eeg_gamma,False,process,18,-0.3151155009153786,0.20277207828850144,-0.4943240454076367,0.03704404980744616,-0.411764705882353,0.017207715883354357
A,D_k37,inline_vs_block,user_msg_len_median,eeg_rel_delta,False,process,18,0.030961006186658622,0.9029349527213848,0.2239422084623323,0.3716861637562172,0.12418300653594773,0.500867331358937
A,D_k37,inline_vs_block,user_msg_len_median,eeg_rel_theta,False,process,18,0.09527104528500598,0.7068871865694369,0.027863777089783277,0.9126078919940869,0.019607843137254905,0.9405163052956534
A,D_k37,inline_vs_block,user_msg_len_median,eeg_rel_alpha,False,process,18,0.26925301464382795,0.2799438390333492,0.1475748194014448,0.5589695952802587,0.09803921568627452,0.6009311332228355
A,D_k37,inline_vs_block,user_msg_len_median,eeg_rel_beta,False,process,18,-0.13409170198758716,0.5957884903515073,-0.29411764705882354,0.23614329729664102,-0.18954248366013074,0.293450858549159
A,D_k37,inline_vs_block,user_msg_len_median,eeg_rel_gamma,False,process,18,-0.3070115750763357,0.21526142391352918,-0.43653250773993807,0.07010903657780523,-0.2679738562091504,0.1310556703971877
A,D_k37,inline_vs_block,user_msg_len_median,eeg_engagement,False,process,18,-0.3311206086640765,0.17952936751411303,-0.6800825593395253,0.0018996026438905017,-0.5032679738562092,0.002985699542918576
A,D_k37,inline_vs_block,user_msg_len_median,eeg_pope,False,process,18,-0.33043912755666766,0.18048084610006151,-0.6388028895768835,0.004322124802950012,-0.4379084967320262,0.010871540899275188
A,D_k37,inline_vs_block,user_msg_len_median,eeg_kislov,False,process,18,-0.3569094410108912,0.1459669667216674,-0.6078431372549019,0.007450054518883102,-0.4509803921568628,0.008539551386647026
A,D_k37,inline_vs_block,recall_memory,eeg_fz_theta,True,recall,18,-0.21988909292396686,0.38062912352820555,-0.11476953656071806,0.6502085560168772,-0.09634801621845564,0.5908071308002939
A,D_k37,inline_vs_block,recall_memory,eeg_posterior_alpha,True,recall,18,-0.4639067891272774,0.05247263006803855,-0.408996893925468,0.0919308906318794,-0.30280805097228913,0.0910643445451463
A,D_k37,inline_vs_block,recall_memory,eeg_theta,False,recall,18,0.03355045119928642,0.8948577870830606,-0.20971524407913028,0.40359509899455703,-0.19269603243691127,0.2822254332434595
A,D_k37,inline_vs_block,recall_memory,eeg_alpha,False,recall,18,-0.31601661363590894,0.20141342956089087,-0.36830587641757706,0.1326175517963061,-0.2752800463384447,0.12449160514811743
A,D_k37,inline_vs_block,recall_memory,eeg_beta,False,recall,18,-0.2746619967633658,0.2700186421408425,-0.32761485890968606,0.18446006282612604,-0.233988039387678,0.19163346095090006
A,D_k37,inline_vs_block,recall_memory,eeg_faa,False,recall,18,0.029817124628981544,0.9065059584706586,0.0605148465501968,0.8114709820855468,0.0,1.0
A,D_k37,inline_vs_block,recall_memory,eeg_delta,False,recall,18,0.16434261420787533,0.514630637540018,0.3370050937191994,0.1714533211157933,0.26151604402152245,0.14446021526990177
A,D_k37,inline_vs_block,recall_memory,eeg_gamma,False,recall,18,-0.23232786680328044,0.353561853280472,-0.1898914150368244,0.4504226890953775,-0.15140402548614457,0.3981639328938559
A,D_k37,inline_vs_block,recall_memory,eeg_rel_delta,False,recall,18,0.3427987243489208,0.16374525844911786,0.41108361277202654,0.09012345987980651,0.30280805097228913,0.0910643445451463
A,D_k37,inline_vs_block,recall_memory,eeg_rel_theta,False,recall,18,0.22439794548131606,0.3706880250788389,0.22432227600503982,0.37085364954068584,0.15140402548614457,0.3981639328938559
A,D_k37,inline_vs_block,recall_memory,eeg_rel_alpha,False,recall,18,-0.19033983754459013,0.44933378103461097,-0.22849571369815685,0.36178091786073396,-0.16516802780306683,0.3566775427416614
A,D_k37,inline_vs_block,recall_memory,eeg_rel_beta,False,recall,18,-0.3160896073035692,0.20130363663757506,-0.20136836869289626,0.4229819433605649,-0.13764002316922236,0.44243052584059694
A,D_k37,inline_vs_block,recall_memory,eeg_rel_gamma,False,recall,18,-0.3076606513478022,0.21424310693061743,-0.19197813388338295,0.44536697514120893,-0.13764002316922236,0.44243052584059694
A,D_k37,inline_vs_block,recall_memory,eeg_engagement,False,recall,18,-0.17391817253710518,0.49007574675100923,0.031300782698377654,0.9018745660204891,0.027528004633844468,0.8779100961685087
A,D_k37,inline_vs_block,recall_memory,eeg_pope,False,recall,18,-0.30527823874343557,0.21799620541947953,-0.11476953656071806,0.6502085560168772,-0.09634801621845564,0.5908071308002939
A,D_k37,inline_vs_block,recall_memory,eeg_kislov,False,recall,18,-0.3284838686741442,0.1832294980934973,-0.15754727291516754,0.532398544794807,-0.12387602085230012,0.4893859314800547
A,D_k37,inline_vs_block,recall_trust_shift,eeg_fz_theta,True,recall,18,0.2872937597893637,0.24769983414937452,0.47830127101782655,0.04466222511632807,0.3072943405363745,0.0891557007365073
A,D_k37,inline_vs_block,recall_trust_shift,eeg_posterior_alpha,True,recall,18,0.18427507887836048,0.4641744326353732,0.22027032217926223,0.37978292206099823,0.16761509483802248,0.35382224024301456
A,D_k37,inline_vs_block,recall_trust_shift,eeg_theta,False,recall,18,0.18063278539051583,0.4732039958654969,0.28425360624085744,0.25296142357516155,0.1955509439776929,0.2793705750122716
A,D_k37,inline_vs_block,recall_trust_shift,eeg_alpha,False,recall,18,0.20270448361696503,0.4198460083729937,0.34194345252590225,0.16486804526155963,0.2374547176871985,0.1890028712555758
A,D_k37,inline_vs_block,recall_trust_shift,eeg_beta,False,recall,18,0.49858805569585307,0.035195785140486165,0.4751545521295514,0.04628882647547382,0.3911018879553858,0.030505145064380214
A,D_k37,inline_vs_block,recall_trust_shift,eeg_faa,False,recall,18,0.15168863941552924,0.5479384341761138,0.13635781849192422,0.589531067370281,0.08380754741901124,0.6429340350681254
A,D_k37,inline_vs_block,recall_trust_shift,eeg_delta,False,recall,18,0.26545946431984907,0.28703643282880426,0.24229735439718844,0.3326849587992653,0.15364717026818725,0.3953616977600002
A,D_k37,inline_vs_block,recall_trust_shift,eeg_gamma,False,recall,18,0.42409125307558165,0.0794338731933811,0.4478829884311665,0.06233202530950279,0.3072943405363745,0.0891557007365073
A,D_k37,inline_vs_block,recall_trust_shift,eeg_rel_delta,False,recall,18,0.06920256203940299,0.7849682584529611,-0.013635781849192423,0.9571737302424869,-0.027935849139670413,0.8771891135778813
A,D_k37,inline_vs_block,recall_trust_shift,eeg_rel_theta,False,recall,18,-0.32331064475568644,0.19063637066101224,-0.36187267215164504,0.1400438467509407,-0.2653905668268689,0.14208573169557723
A,D_k37,inline_vs_block,recall_trust_shift,eeg_rel_alpha,False,recall,18,-0.2391175254953538,0.33926413254638316,-0.1269176618270987,0.6157755628540584,-0.09777547198884645,0.5885991294786073
A,D_k37,inline_vs_block,recall_trust_shift,eeg_rel_beta,False,recall,18,-0.13222537185038144,0.6009623998108278,-0.09649937924043868,0.7032692979825496,-0.08380754741901124,0.6429340350681254
A,D_k37,inline_vs_block,recall_trust_shift,eeg_rel_gamma,False,recall,18,-0.10111724315829446,0.6897227476802238,-0.006293437776550348,0.980227280457432,-0.013967924569835206,0.9384113486778185
A,D_k37,inline_vs_block,recall_trust_shift,eeg_engagement,False,recall,18,0.10459081241408937,0.6795915710885738,0.17306953885513457,0.49222866278008803,0.08380754741901124,0.6429340350681254
A,D_k37,inline_vs_block,recall_trust_shift,eeg_pope,False,recall,18,0.1323318176591697,0.6006668147913679,0.16677610107858423,0.5083362207790134,0.09777547198884645,0.5885991294786073
A,D_k37,inline_vs_block,recall_trust_shift,eeg_kislov,False,recall,18,0.3235862401143282,0.19023684379875888,0.24754188587764706,0.32199773166631,0.15364717026818725,0.3953616977600002
A,D_k37,early_vs_late,trust,eeg_fz_theta,True,survey,18,-0.13912803461158244,0.5819190968371633,-0.12999510540781475,0.6071691123070104,-0.07653852446596272,0.6710916265369551
A,D_k37,early_vs_late,trust,eeg_posterior_alpha,True,survey,18,0.08658094490056398,0.73264967079979,0.0178219096123617,0.9440434360483044,0.048706333751067185,0.7869817735907183
A,D_k37,early_vs_late,trust,eeg_theta,False,survey,18,-0.0305120861576316,0.9043361978636208,0.005241738121282854,0.9835310437297835,0.006958047678723884,0.9692056572231025
A,D_k37,early_vs_late,trust,eeg_alpha,False,survey,18,0.1253186433225037,0.6202664102673943,0.054514076461341675,0.8298932829034424,0.03479023839361942,0.8469410657365093
A,D_k37,early_vs_late,trust,eeg_beta,False,survey,18,0.3278105151540194,0.18418252290404483,0.24111995357901123,0.3351123148798791,0.14611900125320157,0.41754026623536944
A,D_k37,early_vs_late,trust,eeg_faa,False,survey,18,0.005141578666023955,0.9838456943625182,0.05346572883708511,0.8331206561932112,0.048706333751067185,0.7869817735907183
A,D_k37,early_vs_late,trust,eeg_delta,False,survey,18,0.1368475736256674,0.5881823121499268,0.1960410057359787,0.43560779649889364,0.14611900125320157,0.41754026623536944
A,D_k37,early_vs_late,trust,eeg_gamma,False,survey,18,0.3857945104567869,0.11382942226125803,0.34805141125318145,0.15696357877713193,0.2574477641127837,0.15318563172260205
A,D_k37,early_vs_late,trust,eeg_rel_delta,False,survey,18,-0.0646245900064005,0.7989076710480097,0.012580171491078845,0.9604865634808548,0.020874143036171654,0.907800180288968
A,D_k37,early_vs_late,trust,eeg_rel_theta,False,survey,18,-0.30717610621653624,0.21500299860803676,-0.28724724904630033,0.2477798053707169,-0.27136385947023145,0.13217546224007576
A,D_k37,early_vs_late,trust,eeg_rel_alpha,False,survey,18,0.14972243440398303,0.5531986570311823,0.0429822525945194,0.8655261564077463,0.006958047678723884,0.9692056572231025
A,D_k37,early_vs_late,trust,eeg_rel_beta,False,survey,18,0.10739226856398533,0.6714584970576617,0.08281946231626909,0.743887591651993,0.03479023839361942,0.8469410657365093
A,D_k37,early_vs_late,trust,eeg_rel_gamma,False,survey,18,0.2806512107806059,0.259286327159831,0.2589418631913729,0.2994750387732132,0.20178338268299265,0.262912998550241
A,D_k37,early_vs_late,trust,eeg_engagement,False,survey,18,0.22062931104300687,0.37898704205652056,0.061852509831137666,0.8073768361283181,0.06262242910851495,0.7282599259614428
A,D_k37,early_vs_late,trust,eeg_pope,False,survey,18,0.37197720988885696,0.1285050622324176,0.17717074849936046,0.48186678117439663,0.14611900125320157,0.41754026623536944
A,D_k37,early_vs_late,trust,eeg_kislov,False,survey,18,0.03365296145250233,0.8945382277492521,-0.13314014828058446,0.598424132935754,-0.07653852446596272,0.6710916265369551
A,D_k37,early_vs_late,credibility,eeg_fz_theta,True,survey,18,0.17426957063124507,0.48918561857261955,0.21373260463141072,0.39443855176965087,0.15737789507292677,0.3629714323398304
A,D_k37,early_vs_late,credibility,eeg_posterior_alpha,True,survey,18,0.059105499237440046,0.8157895680531789,0.01239029592066149,0.9610825188769397,0.06557412294705281,0.7046514611141652
A,D_k37,early_vs_late,credibility,eeg_theta,False,survey,18,0.1942711021431033,0.4398454150238532,0.26432631297411185,0.2891760551009227,0.22295201801997958,0.19747921511614253
A,D_k37,early_vs_late,credibility,eeg_alpha,False,survey,18,-0.09256529087264183,0.7148776341388542,-0.14971607570799303,0.553215704727681,-0.07868894753646338,0.6492108060096153
A,D_k37,early_vs_late,credibility,eeg_beta,False,survey,18,-0.23864759848590475,0.3402427696458438,-0.21579765395152095,0.38977634198629135,-0.1704927196623373,0.3243650515471622
A,D_k37,early_vs_late,credibility,eeg_faa,False,survey,18,0.5164434782518244,0.028214875469477655,0.357253532379073,0.14555084019013576,0.26229649178821124,0.12946977717929317
A,D_k37,early_vs_late,credibility,eeg_delta,False,survey,18,0.4230194944638428,0.08027767388424102,0.574083710990649,0.012722064374893458,0.4065595622717275,0.018768169593676172
A,D_k37,early_vs_late,credibility,eeg_gamma,False,survey,18,-0.13870973311204593,0.5830658395744499,-0.054723806982921584,0.829247929697699,-0.05245929835764225,0.7617075639478075
A,D_k37,early_vs_late,credibility,eeg_rel_delta,False,survey,18,0.36841076779291293,0.1324987965796701,0.42746520926282144,0.07681999527107951,0.27541131637762184,0.11138338077998988
A,D_k37,early_vs_late,credibility,eeg_rel_theta,False,survey,18,-0.26369569132090054,0.29037098575136666,-0.3035622500562065,0.22072571393165044,-0.19672236884115846,0.25547681145450307
A,D_k37,early_vs_late,credibility,eeg_rel_alpha,False,survey,18,0.2138647382933832,0.3941393286914009,0.03304078912176398,0.896446804939985,0.026229649178821125,0.8794869666961451
A,D_k37,early_vs_late,credibility,eeg_rel_beta,False,survey,18,-0.5545166026548373,0.01692887229902815,-0.6029944014721925,0.008073755330004309,-0.3934447376823169,0.022948307822874665
A,D_k37,early_vs_late,credibility,eeg_rel_gamma,False,survey,18,-0.2937156676279776,0.23681435261919417,-0.3386680884980808,0.16921620949639402,-0.19672236884115846,0.25547681145450307
A,D_k37,early_vs_late,credibility,eeg_engagement,False,survey,18,-0.5136008218057702,0.029247490545965232,-0.5844089575912004,0.010865674782946302,-0.4327892114505486,0.012359039081026835
A,D_k37,early_vs_late,credibility,eeg_pope,False,survey,18,-0.31591800265964526,0.2015618171470566,-0.3128549719967027,0.20620684107911777,-0.22295201801997958,0.19747921511614253
A,D_k37,early_vs_late,credibility,eeg_kislov,False,survey,18,0.009264279704663961,0.9708966294171171,-0.07847187416418944,0.7569380648699685,-0.03934447376823169,0.8200898511292445
A,D_k37,early_vs_late,manipulation,eeg_fz_theta,True,survey,18,0.03525428987507493,0.8895483774731187,-0.137074311694219,0.5875583259203017,-0.1007074368138451,0.5669402309904099
A,D_k37,early_vs_late,manipulation,eeg_posterior_alpha,True,survey,18,-0.0008426492710122146,0.997352324670383,0.03842234494459168,0.8796882968949251,0.04699680384646105,0.7893179991653149
A,D_k37,early_vs_late,manipulation,eeg_theta,False,survey,18,-0.2048023149883926,0.414947267800046,-0.0986519667496273,0.6969437925292213,-0.07385212033015308,0.6745731537833404
A,D_k37,early_vs_late,manipulation,eeg_alpha,False,survey,18,-0.05533527609548493,0.8273669981223405,-0.03530701967881398,0.889384133910436,-0.020141487362769023,0.9088313681697758
A,D_k37,early_vs_late,manipulation,eeg_beta,False,survey,18,-0.07637784993051665,0.7632464825966505,-0.05919118004977639,0.8155268754826095,-0.03356914560461504,0.8486395699292668
A,D_k37,early_vs_late,manipulation,eeg_faa,False,survey,18,-0.09104100365796831,0.7193915682332108,-0.020768835105184697,0.9348080829771138,-0.04699680384646105,0.7893179991653149
A,D_k37,early_vs_late,manipulation,eeg_delta,False,survey,18,-0.30236933260262566,0.22263617776648806,-0.34476266274606593,0.16118673772654735,-0.26183933571599727,0.13657553067160685
A,D_k37,early_vs_late,manipulation,eeg_gamma,False,survey,18,0.056394677516550265,0.8241103088366245,-0.011422859307851582,0.9641192746922631,0.020141487362769023,0.9088313681697758
A,D_k37,early_vs_late,manipulation,eeg_rel_delta,False,survey,18,-0.23841371427767394,0.34073044834258265,-0.256495113549031,0.3042269959116864,-0.18127338626492118,0.30272166723364125
A,D_k37,early_vs_late,manipulation,eeg_rel_theta,False,survey,18,0.24076223899277646,0.33585182098361666,0.33230136168295515,0.1778887853432463,0.24841167747415127,0.15785473707910225
A,D_k37,early_vs_late,manipulation,eeg_rel_alpha,False,survey,18,0.25682886401667315,0.303576155938098,0.2429953707306609,0.33125076437113765,0.16784572802307518,0.3399456642160994
A,D_k37,early_vs_late,manipulation,eeg_rel_beta,False,survey,18,0.3201063172202493,0.19532257330080613,0.23676472019910555,0.3441802673932152,0.16784572802307518,0.3399456642160994
A,D_k37,early_vs_late,manipulation,eeg_rel_gamma,False,survey,18,0.17135090554102375,0.49660267790336987,0.08411378217599802,0.7400149565447384,0.07385212033015308,0.6745731537833404
A,D_k37,early_vs_late,manipulation,eeg_engagement,False,survey,18,-0.109166738662446,0.6663247679725435,0.00830753404207388,0.9739011846446258,0.006713829120923008,0.9695514186245345
A,D_k37,early_vs_late,manipulation,eeg_pope,False,survey,18,-0.1002481015004063,0.692265679004983,-0.16095847206518138,0.5234443074099305,-0.12756275329753713,0.4683003971000952
A,D_k37,early_vs_late,manipulation,eeg_kislov,False,survey,18,0.05834034074745496,0.8181363268255234,-0.09449819972859036,0.7091665694099781,-0.07385212033015308,0.6745731537833404
A,D_k37,early_vs_late,notice,eeg_fz_theta,True,survey,18,0.1809648768658279,0.4723771174519278,0.10046673987504522,0.6916256915972088,0.060012003601200424,0.7319434822752744
A,D_k37,early_vs_late,notice,eeg_posterior_alpha,True,survey,18,0.15447799610090526,0.5405145557673166,0.24132732361737666,0.3346840510289521,0.2067080124041348,0.23805396246332744
A,D_k37,early_vs_late,notice,eeg_theta,False,survey,18,-0.3152286901731336,0.20260108776232408,-0.14500354208769414,0.5659134576681791,-0.1000200060020007,0.5680658323002197
A,D_k37,early_vs_late,notice,eeg_alpha,False,survey,18,-0.11980895265713952,0.6358377329927927,-0.05385845848971497,0.831911324586924,-0.02000400120040014,0.9090947320233526
A,D_k37,early_vs_late,notice,eeg_beta,False,survey,18,0.06569878307700511,0.7956315122363974,0.15950389629646353,0.5272539524584309,0.11335600680226747,0.5176172697629309
A,D_k37,early_vs_late,notice,eeg_faa,False,survey,18,0.028097225261226336,0.9118783873854782,-0.12843170870624337,0.6115352920106982,-0.11335600680226747,0.5176172697629309
A,D_k37,early_vs_late,notice,eeg_delta,False,survey,18,-0.20342972222835243,0.4181490128658813,-0.07250177104384707,0.7749607447854805,-0.02000400120040014,0.9090947320233526
A,D_k37,early_vs_late,notice,eeg_gamma,False,survey,18,0.35579581639248303,0.14731935682381253,0.4091171366045656,0.09182603390804928,0.23338001400466835,0.18282552243137595
A,D_k37,early_vs_late,notice,eeg_rel_delta,False,survey,18,0.018124624869236976,0.9430944263060886,-0.034179406349242186,0.8928973643367906,-0.02000400120040014,0.9090947320233526
A,D_k37,early_vs_late,notice,eeg_rel_theta,False,survey,18,-0.1818507237578348,0.47017495580447877,-0.2061121776817938,0.4119040871049362,-0.15336400920306775,0.3813652114459988
A,D_k37,early_vs_late,notice,eeg_rel_alpha,False,survey,18,0.18016608114800697,0.47436726179974625,0.0528227189033743,0.8351014440310311,-0.006668000400133381,0.9696397182123772
A,D_k37,early_vs_late,notice,eeg_rel_beta,False,survey,18,0.17290491714944786,0.49264682442134855,0.20093347975009043,0.424005314483509,0.140028008402801,0.4241377535666422
A,D_k37,early_vs_late,notice,eeg_rel_gamma,False,survey,18,0.4484580279168336,0.061955937965446184,0.38633086570507086,0.11328489511488977,0.3000600180060021,0.0867664429350236
A,D_k37,early_vs_late,notice,eeg_engagement,False,survey,18,0.11081890354938333,0.6615575265305361,0.1470750212603755,0.5603163954679231,0.12669200760253424,0.46959204156618084
A,D_k37,early_vs_late,notice,eeg_pope,False,survey,18,-0.00018359131184158918,0.9994231396490302,-0.10771691697942994,0.6705182121359973,-0.08668400520173396,0.620753980668016
A,D_k37,early_vs_late,notice,eeg_kislov,False,survey,18,0.031738723687164815,0.9005080574531065,-0.10357395863406724,0.682552062269605,-0.1000200060020007,0.5680658323002197
A,D_k37,early_vs_late,helpfulness,eeg_fz_theta,True,survey,18,-0.10612890679865906,0.6751220031055195,-0.12280701754385966,0.627346145423968,-0.09803921568627452,0.6009311332228355
A,D_k37,early_vs_late,helpfulness,eeg_posterior_alpha,True,survey,18,0.06495138445000295,0.7979106466782863,0.1001031991744066,0.6926899392518375,0.045751633986928116,0.8228244054912468
A,D_k37,early_vs_late,helpfulness,eeg_theta,False,survey,18,-0.15573020781882116,0.5371966322562631,-0.15583075335397317,0.5369306230900768,-0.13725490196078433,0.45426317422034246
A,D_k37,early_vs_late,helpfulness,eeg_alpha,False,survey,18,0.11159696370283909,0.6593167416742719,0.08565531475748193,0.7354104124232368,0.08496732026143793,0.6540288801767573
A,D_k37,early_vs_late,helpfulness,eeg_beta,False,survey,18,0.42175852225057964,0.08127882989535874,0.3065015479876161,0.2160637946112576,0.2679738562091504,0.1310556703971877
A,D_k37,early_vs_late,helpfulness,eeg_faa,False,survey,18,0.23280906520479064,0.35253738714499766,0.2260061919504644,0.3671777255550172,0.15032679738562094,0.4101336133426111
A,D_k37,early_vs_late,helpfulness,eeg_delta,False,survey,18,0.010519438915325361,0.9669555105248308,0.15376676986584106,0.5424031647570589,0.15032679738562094,0.4101336133426111
A,D_k37,early_vs_late,helpfulness,eeg_gamma,False,survey,18,0.49801785592854614,0.035438744822093256,0.4489164086687306,0.06165736262614077,0.33333333333333337,0.057364051643502896
A,D_k37,early_vs_late,helpfulness,eeg_rel_delta,False,survey,18,-0.05540725342105899,0.8271456482746894,-0.03611971104231166,0.8868532969155285,-0.006535947712418302,1.0
A,D_k37,early_vs_late,helpfulness,eeg_rel_theta,False,survey,18,-0.38691846297847377,0.11269047281804102,-0.40763673890608876,0.09312305169960107,-0.30718954248366015,0.08128386643802595
A,D_k37,early_vs_late,helpfulness,eeg_rel_alpha,False,survey,18,0.19852624071808458,0.4296935505776995,0.12693498452012383,0.6157269826949076,0.07189542483660132,0.7088807630470404
A,D_k37,early_vs_late,helpfulness,eeg_rel_beta,False,survey,18,0.1167884464008038,0.6444368033468497,0.10629514963880288,0.6746395315456968,0.07189542483660132,0.7088807630470404
A,D_k37,early_vs_late,helpfulness,eeg_rel_gamma,False,survey,18,0.4571642454158714,0.05646655432188701,0.35810113519091846,0.14452928966155032,0.2941176470588236,0.09587494421484961
A,D_k37,early_vs_late,helpfulness,eeg_engagement,False,survey,18,0.5312841317424959,0.02327535145941092,0.21775025799793604,0.3853959643781131,0.16339869281045755,0.3685805408753014
A,D_k37,early_vs_late,helpfulness,eeg_pope,False,survey,18,0.38830812654966634,0.11129349870327926,0.1826625386996904,0.46816133789331493,0.13725490196078433,0.45426317422034246
A,D_k37,early_vs_late,helpfulness,eeg_kislov,False,survey,18,0.037155323194098366,0.8836297645865996,-0.023735810113519093,0.9255178937138382,-0.045751633986928116,0.8228244054912468
A,D_k37,early_vs_late,convincingness,eeg_fz_theta,True,survey,18,-0.023607828289956383,0.9259184493967061,-0.07327141382868937,0.7726309674360764,-0.045751633986928116,0.8228244054912468
A,D_k37,early_vs_late,convincingness,eeg_posterior_alpha,True,survey,18,0.08784805584602706,0.7288755078436343,0.15376676986584106,0.5424031647570589,0.09803921568627452,0.6009311332228355
A,D_k37,early_vs_late,convincingness,eeg_theta,False,survey,18,0.024730188497855042,0.9224062901485293,0.021671826625386997,0.9319797351987382,0.019607843137254905,0.9405163052956534
A,D_k37,early_vs_late,convincingness,eeg_alpha,False,survey,18,0.09512077786604935,0.707330190926937,0.11455108359133126,0.6508342238705321,0.08496732026143793,0.6540288801767573
A,D_k37,early_vs_late,convincingness,eeg_beta,False,survey,18,0.27056783687072844,0.2775109054292447,0.31475748194014447,0.20331354771785817,0.24183006535947715,0.17514287582080246
A,D_k37,early_vs_late,convincingness,eeg_faa,False,survey,18,0.3114636249132014,0.20833976454903572,0.2239422084623323,0.3716861637562172,0.15032679738562094,0.4101336133426111
A,D_k37,early_vs_late,convincingness,eeg_delta,False,survey,18,0.040785819523975045,0.8723432239217617,0.25696594427244585,0.30330908061762435,0.17647058823529413,0.32967360092730164
A,D_k37,early_vs_late,convincingness,eeg_gamma,False,survey,18,0.27463875180750663,0.27006082311530866,0.3333333333333333,0.17646319681352746,0.281045751633987,0.11241795436508836
A,D_k37,early_vs_late,convincingness,eeg_rel_delta,False,survey,18,-0.19477223306796432,0.4386434134757171,-0.07120743034055728,0.7788829476841139,-0.05882352941176472,0.7652367457549346
A,D_k37,early_vs_late,convincingness,eeg_rel_theta,False,survey,18,-0.10727687328033354,0.6717928303903221,-0.1393188854489164,0.5813962095847576,-0.12418300653594773,0.500867331358937
A,D_k37,early_vs_late,convincingness,eeg_rel_alpha,False,survey,18,0.36170449957432876,0.14024176852874815,0.17234262125902994,0.49407642787678363,0.12418300653594773,0.500867331358937
A,D_k37,early_vs_late,convincingness,eeg_rel_beta,False,survey,18,0.12229906246804984,0.6287817606541698,0.11042311661506708,0.6626984309773882,0.07189542483660132,0.7088807630470404
A,D_k37,early_vs_late,convincingness,eeg_rel_gamma,False,survey,18,0.23315598053935052,0.35179986112062933,0.19504643962848298,0.43798642970216684,0.13725490196078433,0.45426317422034246
A,D_k37,early_vs_late,convincingness,eeg_engagement,False,survey,18,0.17635382856842718,0.48392217939430243,0.034055727554179564,0.8932828188388959,0.032679738562091505,0.8813527202442675
A,D_k37,early_vs_late,convincingness,eeg_pope,False,survey,18,0.20436529583768012,0.4159652476632094,0.1867905056759546,0.45798943476882836,0.13725490196078433,0.45426317422034246
A,D_k37,early_vs_late,convincingness,eeg_kislov,False,survey,18,0.06853515322661788,0.7869966760077949,0.09184726522187822,0.7170028416617739,0.05882352941176472,0.7652367457549346
A,D_k37,early_vs_late,relevance,eeg_fz_theta,True,survey,18,0.011080352062018158,0.9651945098115016,0.02684564116143323,0.915790245587658,0.03934447376823169,0.8200898511292445
A,D_k37,early_vs_late,relevance,eeg_posterior_alpha,True,survey,18,0.06176322639988289,0.8076499561565331,0.04336603572231522,0.8643359221185836,0.026229649178821125,0.8794869666961451
A,D_k37,early_vs_late,relevance,eeg_theta,False,survey,18,-0.09568814975088089,0.7056579880590361,-0.11667528658622903,0.6447598023061782,-0.09180377212587396,0.5956484277285694
A,D_k37,early_vs_late,relevance,eeg_alpha,False,survey,18,0.024026406000856156,0.9246084542885059,-0.09292721940496118,0.7138071553532817,-0.05245929835764225,0.7617075639478075
A,D_k37,early_vs_late,relevance,eeg_beta,False,survey,18,0.3073648294145347,0.2147068239064757,0.19824473473058385,0.43036134226662615,0.1442630704835162,0.4043329144956145
A,D_k37,early_vs_late,relevance,eeg_faa,False,survey,18,0.15036814960944667,0.5514687027255138,0.08156944814435482,0.7476332230802094,0.06557412294705281,0.7046514611141652
A,D_k37,early_vs_late,relevance,eeg_delta,False,survey,18,0.022371649664505337,0.9297882827327144,0.1362932551272764,0.5897089668473677,0.11803342130469507,0.4950567081996511
A,D_k37,early_vs_late,relevance,eeg_gamma,False,survey,18,0.4462512527843744,0.06340848487953211,0.44501812848375855,0.06423112266194621,0.3409854393246746,0.04871759506415515
A,D_k37,early_vs_late,relevance,eeg_rel_delta,False,survey,18,-0.025104965897470438,0.9212338144759027,0.0340733137818191,0.8932280086145878,0.013114824589410563,0.9395704158247962
A,D_k37,early_vs_late,relevance,eeg_rel_theta,False,survey,18,-0.33118630556948675,0.17943782016149548,-0.34899333509863206,0.1557681101260372,-0.26229649178821124,0.12946977717929317
A,D_k37,early_vs_late,relevance,eeg_rel_alpha,False,survey,18,0.14218725441682756,0.5735615622694412,-0.09808984270523681,0.6985938127083664,-0.09180377212587396,0.5956484277285694
A,D_k37,early_vs_late,relevance,eeg_rel_beta,False,survey,18,0.07986979138725614,0.752734822275511,0.10428499066556755,0.6804814809043915,0.07868894753646338,0.6492108060096153
A,D_k37,early_vs_late,relevance,eeg_rel_gamma,False,survey,18,0.37702894000814735,0.1229936587763625,0.3211151692771437,0.19383902839194045,0.24918166719880072,0.14975814235817383
A,D_k37,early_vs_late,relevance,eeg_engagement,False,survey,18,0.3947632431864566,0.10496583281538706,0.15074860036804813,0.5504505512284524,0.11803342130469507,0.4950567081996511
A,D_k37,early_vs_late,relevance,eeg_pope,False,survey,18,0.31349058604876134,0.20523722966573943,0.11564276192617391,0.6477097903205696,0.06557412294705281,0.7046514611141652
A,D_k37,early_vs_late,relevance,eeg_kislov,False,survey,18,0.0017539140885919936,0.9944890839119315,-0.05988643028319721,0.8133959716121381,-0.013114824589410563,0.9395704158247962
A,D_k37,early_vs_late,neutrality,eeg_fz_theta,True,survey,18,0.006222167619541908,0.9804511563146551,-0.12202714827632187,0.6295507833691709,-0.05960787776784029,0.7324398999038724
A,D_k37,early_vs_late,neutrality,eeg_posterior_alpha,True,survey,18,0.14262908588626286,0.5723587751924649,0.13030017527810642,0.6063185953103634,0.04636168270832022,0.7903100546926698
A,D_k37,early_vs_late,neutrality,eeg_theta,False,survey,18,0.1533632604326897,0.5434759728313195,-0.007238898626561467,0.9772575109593157,0.019869292589280097,0.9092690452142217
A,D_k37,early_vs_late,neutrality,eeg_alpha,False,survey,18,0.16967912811777744,0.5008753071822702,0.08479852676829147,0.7379685820313839,0.04636168270832022,0.7903100546926698
A,D_k37,early_vs_late,neutrality,eeg_beta,False,survey,18,0.3236006639759443,0.1902159490555603,0.23784952630130535,0.341908514692752,0.17882363330352086,0.3050588592616783
A,D_k37,early_vs_late,neutrality,eeg_faa,False,survey,18,-0.10116970738013671,0.6895693489271731,-0.07032072951516855,0.7815728344956768,-0.05960787776784029,0.7324398999038724
A,D_k37,early_vs_late,neutrality,eeg_delta,False,survey,18,0.2692490141715769,0.27995126135966036,0.39193465420954227,0.10770603907679872,0.23180841354160114,0.18366985885429898
A,D_k37,early_vs_late,neutrality,eeg_gamma,False,survey,18,0.39337528160966334,0.10630411620624111,0.3702179583298579,0.13046439759785255,0.2715469987201613,0.1193610229091287
A,D_k37,early_vs_late,neutrality,eeg_rel_delta,False,survey,18,0.23872775241657193,0.3400757313072029,0.29059007343768173,0.2420736183853275,0.17882363330352086,0.3050588592616783
A,D_k37,early_vs_late,neutrality,eeg_rel_theta,False,survey,18,-0.3798913055550688,0.11994584403805719,-0.5542928091195637,0.016982649612355502,-0.40400894931536196,0.020492927306024797
A,D_k37,early_vs_late,neutrality,eeg_rel_alpha,False,survey,18,-0.26014527833025225,0.2971543177117335,-0.201655033168498,0.4223080853551119,-0.15233124318448074,0.3822828750399321
A,D_k37,early_vs_late,neutrality,eeg_rel_beta,False,survey,18,-0.054059620324746885,0.8312920262820449,-0.0186143107540152,0.9415594201530085,-0.006623097529760032,0.9696981596093224
A,D_k37,early_vs_late,neutrality,eeg_rel_gamma,False,survey,18,0.1552534560148331,0.5384587679307311,0.1023787091470836,0.6860375817366058,0.08610026788688042,0.6214268342178599
A,D_k37,early_vs_late,neutrality,eeg_engagement,False,survey,18,0.3973807753136418,0.10247488857238224,0.325750438195266,0.18711877261557935,0.24505460860112116,0.1598685556691365
A,D_k37,early_vs_late,neutrality,eeg_pope,False,survey,18,0.2977596717151214,0.23011871908929846,0.37745685695641934,0.12253458471747819,0.2847931937796814,0.10237755581065076
A,D_k37,early_vs_late,neutrality,eeg_kislov,False,survey,18,0.07454978026950061,0.768765332217287,0.2647368640571051,0.28839973336448055,0.19206982836304093,0.27062738558725763
A,D_k37,early_vs_late,behaviour_pushing,eeg_fz_theta,True,item,18,0.015545336765174169,0.9511826852755483,-0.14992778655630817,0.552648231858949,-0.11574271077913616,0.514967229779125
A,D_k37,early_vs_late,behaviour_pushing,eeg_posterior_alpha,True,item,18,0.07922457067375718,0.7546740504877519,0.15721594284723983,0.5332719826406818,0.10212592127570837,0.5656159003459282
A,D_k37,early_vs_late,behaviour_pushing,eeg_theta,False,item,18,-0.25099765899137294,0.31506755826692445,-0.1218163265770004,0.6301472750896063,-0.08850913177228059,0.6185422462492305
A,D_k37,early_vs_late,behaviour_pushing,eeg_alpha,False,item,18,-0.026105024822712264,0.9181059338383468,-0.08121088438466692,0.748708646537377,-0.061275552765425026,0.7303108489809012
A,D_k37,early_vs_late,behaviour_pushing,eeg_beta,False,item,18,0.003362787976311593,0.9894340968479602,0.03227612071698301,0.8988315799697654,0.047658763261997236,0.7886151245261928
A,D_k37,early_vs_late,behaviour_pushing,eeg_faa,False,item,18,0.03812436502218678,0.8806150180596743,0.08121088438466692,0.748708646537377,0.047658763261997236,0.7886151245261928
A,D_k37,early_vs_late,behaviour_pushing,eeg_delta,False,item,18,-0.23045683007618756,0.35756138080838784,-0.20823303688376135,0.40700216936042805,-0.1565930792894195,0.37835526175980994
A,D_k37,early_vs_late,behaviour_pushing,eeg_gamma,False,item,18,0.22822957736626065,0.3623556978907287,0.1676275946914279,0.5061424062673653,0.12935950028256393,0.46678165891348733
A,D_k37,early_vs_late,behaviour_pushing,eeg_rel_delta,False,item,18,-0.17223349904265306,0.4943540964361833,-0.07808738883141052,0.7580952755829298,-0.061275552765425026,0.7303108489809012
A,D_k37,early_vs_late,behaviour_pushing,eeg_rel_theta,False,item,18,0.033625494360517566,0.8946238505060006,0.14992778655630817,0.552648231858949,0.12935950028256393,0.46678165891348733
A,D_k37,early_vs_late,behaviour_pushing,eeg_rel_alpha,False,item,18,0.32227258124304625,0.1921462386258128,0.1665864295070091,0.5088255086201092,0.12935950028256393,0.46678165891348733
A,D_k37,early_vs_late,behaviour_pushing,eeg_rel_beta,False,item,18,0.2621016807108034,0.2934047344903171,0.14576312581863296,0.563858278617559,0.14297628978599172,0.42120748711563083
A,D_k37,early_vs_late,behaviour_pushing,eeg_rel_gamma,False,item,18,0.2691321265012657,0.28016818363739754,0.14576312581863296,0.563858278617559,0.10212592127570837,0.5656159003459282
A,D_k37,early_vs_late,behaviour_pushing,eeg_engagement,False,item,18,0.037504887129569356,0.8825420729311286,0.031234955532564203,0.9020799895064784,0.020425184255141674,0.9085211981059551
A,D_k37,early_vs_late,behaviour_pushing,eeg_pope,False,item,18,0.022653674998044354,0.928905272887048,-0.1343103087900261,0.5951836622003663,-0.08850913177228059,0.6185422462492305
A,D_k37,early_vs_late,behaviour_pushing,eeg_kislov,False,item,18,0.14552605242545905,0.5644993712439321,0.03331728590140182,0.8955846999344003,0.020425184255141674,0.9085211981059551
A,D_k37,early_vs_late,behaviour_manipulate,eeg_fz_theta,True,item,18,0.05044615090112778,0.8424305580677033,-0.08487097737665984,0.7377521595368,-0.06932419423397525,0.6996756256347049
A,D_k37,early_vs_late,behaviour_manipulate,eeg_posterior_alpha,True,item,18,-0.09287514381776356,0.7139611484495075,0.02409916641559477,0.9243807595451665,0.041594516540385144,0.8169613217153913
A,D_k37,early_vs_late,behaviour_manipulate,eeg_theta,False,item,18,-0.10799217210098203,0.6697213505921382,0.02305137657143848,0.9276602199469801,0.013864838846795048,0.9385028847784713
A,D_k37,early_vs_late,behaviour_manipulate,eeg_alpha,False,item,18,-0.07721686459907587,0.7607171547454946,-0.05658065158443989,0.8235388893152829,-0.05545935538718019,0.7576207236833965
A,D_k37,early_vs_late,behaviour_manipulate,eeg_beta,False,item,18,-0.1519507835871127,0.5472388055590057,-0.08801434690912874,0.7283806383055289,-0.06932419423397525,0.6996756256347049
A,D_k37,early_vs_late,behaviour_manipulate,eeg_faa,False,item,18,-0.22041330026250835,0.37946582791891986,-0.3363405399741705,0.1723528583703697,-0.2634319380891059,0.14268048429722283
A,D_k37,early_vs_late,behaviour_manipulate,eeg_delta,False,item,18,-0.32080718424582344,0.19429113497639444,-0.34996180794820236,0.15454546097969019,-0.2634319380891059,0.14268048429722283
A,D_k37,early_vs_late,behaviour_manipulate,eeg_gamma,False,item,18,-0.15351227545123877,0.5430796765152798,-0.16450300553253822,0.5142146498969874,-0.12478354962115544,0.48745329036403495
A,D_k37,early_vs_late,behaviour_manipulate,eeg_rel_delta,False,item,18,-0.26386764112602507,0.2900448705528655,-0.3111935837144194,0.20875540105748522,-0.20797258270192573,0.2471599732119072
A,D_k37,early_vs_late,behaviour_manipulate,eeg_rel_theta,False,item,18,0.4280530963888082,0.07637109549881602,0.5511374580262108,0.01775535467687303,0.41594516540385146,0.020637558243972183
A,D_k37,early_vs_late,behaviour_manipulate,eeg_rel_alpha,False,item,18,0.12677290174247463,0.616181590769025,0.07124970940262802,0.7787547497861125,0.027729677693590096,0.8773705560641434
A,D_k37,early_vs_late,behaviour_manipulate,eeg_rel_beta,False,item,18,0.3187500669340349,0.19732878440613638,0.3363405399741705,0.1723528583703697,0.23570226039551584,0.18966239976414567
A,D_k37,early_vs_late,behaviour_manipulate,eeg_rel_gamma,False,item,18,0.022252964821586292,0.930159903535003,0.04610275314287696,0.8558566819363471,0.013864838846795048,0.9385028847784713
A,D_k37,early_vs_late,behaviour_manipulate,eeg_engagement,False,item,18,-0.2548412150490287,0.3074645548182972,0.08067981800003467,0.7503022595412605,0.06932419423397525,0.6996756256347049
A,D_k37,early_vs_late,behaviour_manipulate,eeg_pope,False,item,18,-0.22044630165868973,0.37939265891523033,-0.14145162896109975,0.575566532726566,-0.09705387192756534,0.5891544654500582
A,D_k37,early_vs_late,behaviour_manipulate,eeg_kislov,False,item,18,-0.0544920115778555,0.829961183884065,-0.1267825711429116,0.6161544664061677,-0.12478354962115544,0.48745329036403495
A,D_k37,early_vs_late,notice_brands,eeg_fz_theta,True,item,18,0.3198014669042888,0.1957723377249624,0.20109285417244352,0.42363012646849085,0.16003509661064932,0.37268511641854984
A,D_k37,early_vs_late,notice_brands,eeg_posterior_alpha,True,item,18,0.1855305497124366,0.461082216360796,0.25478780476299123,0.3075694488929075,0.20178338268299265,0.2610094229191857
A,D_k37,early_vs_late,notice_brands,eeg_theta,False,item,18,-0.037153266237052236,0.8836361655345424,0.16950758911918012,0.5013147085621796,0.1322029058957538,0.4614755277235689
A,D_k37,early_vs_late,notice_brands,eeg_alpha,False,item,18,0.05593065300970526,0.8255364260135607,-0.06527621444341097,0.7969199105001544,-0.06262242910851495,0.7272167729876465
A,D_k37,early_vs_late,notice_brands,eeg_beta,False,item,18,0.17061387343423767,0.49848417587752286,0.18319453730892757,0.46684411608735027,0.14611900125320157,0.41568093715092025
A,D_k37,early_vs_late,notice_brands,eeg_faa,False,item,18,-0.2534668841164088,0.3101704438283317,-0.17056043128762224,0.4986207360553559,-0.14611900125320157,0.41568093715092025
A,D_k37,early_vs_late,notice_brands,eeg_delta,False,item,18,-0.06869966132779555,0.7864965742162505,0.14950358791878,0.5537855191890364,0.10437071518085825,0.5609818783963056
A,D_k37,early_vs_late,notice_brands,eeg_gamma,False,item,18,0.45192732910342276,0.05972276668774095,0.4800960288096034,0.04375415915146118,0.34094433625747034,0.057539924364633434
A,D_k37,early_vs_late,notice_brands,eeg_rel_delta,False,item,18,-0.018088715427596002,0.9432069983104399,0.1073899011810955,0.671465355457563,0.09045461982341049,0.6143556313778687
A,D_k37,early_vs_late,notice_brands,eeg_rel_theta,False,item,18,-0.06701576480106285,0.791619316560824,-0.21899117103595941,0.3826263347060898,-0.1739511919680971,0.33255874107804095
A,D_k37,early_vs_late,notice_brands,eeg_rel_alpha,False,item,18,0.06939473524833013,0.7843844411403668,-0.0831745313069269,0.7428246305134841,-0.11828681053830603,0.5099590030228609
A,D_k37,early_vs_late,notice_brands,eeg_rel_beta,False,item,18,0.2542914859933425,0.30854520635208743,0.07896316263315845,0.7554601176451399,0.048706333751067185,0.7861507741314624
A,D_k37,early_vs_late,notice_brands,eeg_rel_gamma,False,item,18,0.43416716377400005,0.07181620599187222,0.38218170714448685,0.11754577791030336,0.27136385947023145,0.1306362553131165
A,D_k37,early_vs_late,notice_brands,eeg_engagement,False,item,18,0.05659950420587417,0.8234809679061812,0.033690949390147606,0.8944198103452099,0.03479023839361942,0.8463367406624062
A,D_k37,early_vs_late,notice_brands,eeg_pope,False,item,18,-0.015512458974407606,0.9512858159924897,-0.2274139083834963,0.36412052718958987,-0.1739511919680971,0.33255874107804095
A,D_k37,early_vs_late,notice_brands,eeg_kislov,False,item,18,0.030946334907715027,0.9029807429069799,-0.07369895179094788,0.77133756938474,-0.048706333751067185,0.7861507741314624
A,D_k37,early_vs_late,notice_sponsored,eeg_fz_theta,True,item,18,-0.025851243555018128,0.9188995780009255,-0.11160126985486393,0.6593043477687908,-0.07653852446596272,0.6698542506020864
A,D_k37,early_vs_late,notice_sponsored,eeg_posterior_alpha,True,item,18,0.06036564854094543,0.8119279186083711,0.08212168913848478,0.7459777801802474,0.06262242910851495,0.7272167729876465
A,D_k37,early_vs_late,notice_sponsored,eeg_theta,False,item,18,-0.4449874047065785,0.06425171993299002,-0.4822017131464875,0.04270677491483325,-0.31311214554257477,0.08113274381910794
A,D_k37,early_vs_late,notice_sponsored,eeg_alpha,False,item,18,-0.23514912484683198,0.34757964372160416,-0.2379423300679174,0.34171457213607925,-0.1739511919680971,0.33255874107804095
A,D_k37,early_vs_late,notice_sponsored,eeg_beta,False,item,18,-0.06076112535609105,0.8107168510369327,0.07791032046471633,0.7586283746133813,0.020874143036171654,0.9074332188159613
A,D_k37,early_vs_late,notice_sponsored,eeg_faa,False,item,18,0.28167394245527855,0.25748071373346176,0.19056443248802238,0.4487889023034806,0.14611900125320157,0.41568093715092025
A,D_k37,early_vs_late,notice_sponsored,eeg_delta,False,item,18,-0.2450171192336646,0.32711714156958577,-0.09791432166511647,0.6991092889657609,-0.03479023839361942,0.8463367406624062
A,D_k37,early_vs_late,notice_sponsored,eeg_gamma,False,item,18,0.11583951748398406,0.6471472603477756,0.12949958671837983,0.6085516131069567,0.07653852446596272,0.6698542506020864
A,D_k37,early_vs_late,notice_sponsored,eeg_rel_delta,False,item,18,0.04464708835266895,0.8603649929340771,0.03684947589547394,0.8845815915176589,0.048706333751067185,0.7861507741314624
A,D_k37,early_vs_late,notice_sponsored,eeg_rel_theta,False,item,18,-0.21374547440670463,0.39440940208916275,-0.29163728065846517,0.24030335122144922,-0.20178338268299265,0.2610094229191857
A,D_k37,early_vs_late,notice_sponsored,eeg_rel_alpha,False,item,18,0.20893808689271828,0.4053795821184736,-0.03684947589547394,0.8845815915176589,-0.048706333751067185,0.7861507741314624
A,D_k37,early_vs_late,notice_sponsored,eeg_rel_beta,False,item,18,0.023618179225303505,0.9258860525558049,-0.043166528906126614,0.8649546220765794,-0.06262242910851495,0.7272167729876465
A,D_k37,early_vs_late,notice_sponsored,eeg_rel_gamma,False,item,18,0.27367657186845257,0.27181040051185046,0.1484507457503379,0.5566126762477143,0.11828681053830603,0.5099590030228609
A,D_k37,early_vs_late,notice_sponsored,eeg_engagement,False,item,18,0.11540135655591782,0.6484002235647469,0.17582464212983281,0.48525591708412835,0.1322029058957538,0.4614755277235689
A,D_k37,early_vs_late,notice_sponsored,eeg_pope,False,item,18,0.01434076935307252,0.9549616291018039,0.0831745313069269,0.7428246305134841,0.03479023839361942,0.8463367406624062
A,D_k37,early_vs_late,notice_sponsored,eeg_kislov,False,item,18,0.019162491511958694,0.9398412842674854,0.06632905661185311,0.7937107636147049,0.048706333751067185,0.7861507741314624
A,D_k37,early_vs_late,duration_sec,eeg_fz_theta,True,process,18,0.13670268522036272,0.5885811917100738,0.12899896800825592,0.6099496263278285,0.11111111111111112,0.5498119171087916
A,D_k37,early_vs_late,duration_sec,eeg_posterior_alpha,True,process,18,0.2830951809015381,0.2549846484023737,0.40763673890608876,0.09312305169960107,0.33333333333333337,0.057364051643502896
A,D_k37,early_vs_late,duration_sec,eeg_theta,False,process,18,-0.21177950357902356,0.39887588804558405,0.09184726522187822,0.7170028416617739,0.07189542483660132,0.7088807630470404
A,D_k37,early_vs_late,duration_sec,eeg_alpha,False,process,18,-0.23161256297337943,0.35508786195448816,-0.1867905056759546,0.45798943476882836,-0.12418300653594773,0.500867331358937
A,D_k37,early_vs_late,duration_sec,eeg_beta,False,process,18,0.20716284438881188,0.40947175524540325,0.3663570691434469,0.13483747906980886,0.16339869281045755,0.3685805408753014
A,D_k37,early_vs_late,duration_sec,eeg_faa,False,process,18,-0.06853883590601326,0.7869854798573293,-0.16408668730650156,0.5152947310342115,-0.11111111111111112,0.5498119171087916
A,D_k37,early_vs_late,duration_sec,eeg_delta,False,process,18,-0.07392957210845957,0.7706401292255423,0.15376676986584106,0.5424031647570589,0.12418300653594773,0.500867331358937
A,D_k37,early_vs_late,duration_sec,eeg_gamma,False,process,18,0.23961088611673137,0.3382384498752692,0.32714138286893707,0.18513284759128776,0.22875816993464054,0.20082494101911527
A,D_k37,early_vs_late,duration_sec,eeg_rel_delta,False,process,18,0.11381323310186206,0.65294913056838,0.07739938080495357,0.7601672386317739,0.07189542483660132,0.7088807630470404
A,D_k37,early_vs_late,duration_sec,eeg_rel_theta,False,process,18,0.1748372319731437,0.48774933527462505,0.11042311661506708,0.6626984309773882,0.08496732026143793,0.6540288801767573
A,D_k37,early_vs_late,duration_sec,eeg_rel_alpha,False,process,18,-0.30065107183892953,0.22540669811419387,-0.3023735810113519,0.22262935502892156,-0.2679738562091504,0.1310556703971877
A,D_k37,early_vs_late,duration_sec,eeg_rel_beta,False,process,18,0.19343831730161545,0.44184668140624267,0.09184726522187822,0.7170028416617739,0.045751633986928116,0.8228244054912468
A,D_k37,early_vs_late,duration_sec,eeg_rel_gamma,False,process,18,0.45320931725068736,0.058912982755664076,0.3519091847265222,0.15210693918997695,0.2941176470588236,0.09587494421484961
A,D_k37,early_vs_late,duration_sec,eeg_engagement,False,process,18,0.20108918222623226,0.4236387687313478,0.21775025799793604,0.3853959643781131,0.16339869281045755,0.3685805408753014
A,D_k37,early_vs_late,duration_sec,eeg_pope,False,process,18,0.05968833461329056,0.8140029976354919,-0.08771929824561403,0.7292587507339037,-0.09803921568627452,0.6009311332228355
A,D_k37,early_vs_late,duration_sec,eeg_kislov,False,process,18,0.24499815835471267,0.327155767511242,0.3023735810113519,0.22262935502892156,0.21568627450980396,0.22906043853787195
A,D_k37,early_vs_late,reply_latency_ms_median,eeg_fz_theta,True,process,18,0.18977403983021096,0.45070793486221655,0.2198142414860681,0.3807953913501374,0.15032679738562094,0.4101336133426111
A,D_k37,early_vs_late,reply_latency_ms_median,eeg_posterior_alpha,True,process,18,0.1796643239497671,0.47561947730368326,0.3684210526315789,0.13248715636055625,0.32026143790849676,0.06849691078121536
A,D_k37,early_vs_late,reply_latency_ms_median,eeg_theta,False,process,18,-0.15276263067826712,0.545074626638529,-0.07120743034055728,0.7788829476841139,-0.045751633986928116,0.8228244054912468
A,D_k37,early_vs_late,reply_latency_ms_median,eeg_alpha,False,process,18,-0.2574861306121624,0.3022968772014847,-0.05056759545923632,0.8420557303322882,-0.006535947712418302,1.0
A,D_k37,early_vs_late,reply_latency_ms_median,eeg_beta,False,process,18,0.3117068192424232,0.20796591320800564,0.500515995872033,0.034383779176359076,0.33333333333333337,0.057364051643502896
A,D_k37,early_vs_late,reply_latency_ms_median,eeg_faa,False,process,18,0.016525224656696945,0.9481093286673248,-0.24045407636738902,0.3364896473643954,-0.12418300653594773,0.500867331358937
A,D_k37,early_vs_late,reply_latency_ms_median,eeg_delta,False,process,18,-0.04341946949427297,0.86417022887137,-0.10216718266253869,0.6866550541678015,-0.09803921568627452,0.6009311332228355
A,D_k37,early_vs_late,reply_latency_ms_median,eeg_gamma,False,process,18,0.43914207268213684,0.06826064881065974,0.5521155830753354,0.017512914698683393,0.3725490196078432,0.032408555395746705
A,D_k37,early_vs_late,reply_latency_ms_median,eeg_rel_delta,False,process,18,0.20754514258232465,0.40858863850182514,-0.07739938080495357,0.7601672386317739,-0.019607843137254905,0.9405163052956534
A,D_k37,early_vs_late,reply_latency_ms_median,eeg_rel_theta,False,process,18,-0.23556421711878253,0.346704413884964,-0.15376676986584106,0.5424031647570589,-0.11111111111111112,0.5498119171087916
A,D_k37,early_vs_late,reply_latency_ms_median,eeg_rel_alpha,False,process,18,-0.448314105435491,0.06204990688021271,-0.21568627450980388,0.3900270258208053,-0.17647058823529413,0.32967360092730164
A,D_k37,early_vs_late,reply_latency_ms_median,eeg_rel_beta,False,process,18,0.09077484026644264,0.7201806803028546,0.3828689370485036,0.11683232301276776,0.32026143790849676,0.06849691078121536
A,D_k37,early_vs_late,reply_latency_ms_median,eeg_rel_gamma,False,process,18,0.5444441961693293,0.01948630685149572,0.6759545923632612,0.0020739524486674096,0.4901960784313726,0.003934978451529695
A,D_k37,early_vs_late,reply_latency_ms_median,eeg_engagement,False,process,18,0.3630055024393179,0.1387156720473934,0.4406604747162023,0.06720191241367014,0.33333333333333337,0.057364051643502896
A,D_k37,early_vs_late,reply_latency_ms_median,eeg_pope,False,process,18,0.030640462068952004,0.9039354616174792,0.04850361197110423,0.848430360162973,0.045751633986928116,0.8228244054912468
A,D_k37,early_vs_late,reply_latency_ms_median,eeg_kislov,False,process,18,0.32396533209782585,0.18968818888839767,0.12280701754385966,0.627346145423968,0.12418300653594773,0.500867331358937
A,D_k37,early_vs_late,user_msg_len_median,eeg_fz_theta,True,process,18,0.07838162575759064,0.7572096473341122,0.07946336429308565,0.7539561864360347,0.032679738562091505,0.8813527202442675
A,D_k37,early_vs_late,user_msg_len_median,eeg_posterior_alpha,True,process,18,0.022423321443485644,0.9296264946267656,0.1991744066047472,0.42815803191920493,0.12418300653594773,0.500867331358937
A,D_k37,early_vs_late,user_msg_len_median,eeg_theta,False,process,18,-0.16833010729080128,0.5043358227440051,0.11661506707946334,0.6449317151979074,0.09803921568627452,0.6009311332228355
A,D_k37,early_vs_late,user_msg_len_median,eeg_alpha,False,process,18,-0.32884317839729965,0.18272230376935075,-0.04643962848297213,0.8548139516870751,-0.019607843137254905,0.9405163052956534
A,D_k37,early_vs_late,user_msg_len_median,eeg_beta,False,process,18,0.21744892375439165,0.3860701849714024,0.413828689370485,0.08778525139466073,0.2941176470588236,0.09587494421484961
A,D_k37,early_vs_late,user_msg_len_median,eeg_faa,False,process,18,-0.055183547390895114,0.8278336456847442,-0.2631578947368421,0.2913923922783684,-0.13725490196078433,0.45426317422034246
A,D_k37,early_vs_late,user_msg_len_median,eeg_delta,False,process,18,-0.1540565829793205,0.5416332289752995,-0.15583075335397317,0.5369306230900768,-0.13725490196078433,0.45426317422034246
A,D_k37,early_vs_late,user_msg_len_median,eeg_gamma,False,process,18,0.1365679484814039,0.5889522247678074,0.08359133126934985,0.7415774315720881,0.07189542483660132,0.7088807630470404
A,D_k37,early_vs_late,user_msg_len_median,eeg_rel_delta,False,process,18,-0.034289960843371846,0.8925528320594263,-0.35810113519091846,0.14452928966155032,-0.32026143790849676,0.06849691078121536
A,D_k37,early_vs_late,user_msg_len_median,eeg_rel_theta,False,process,18,0.0986924727256897,0.6968249439478652,0.25902992776057787,0.29930484205263064,0.21568627450980396,0.22906043853787195
A,D_k37,early_vs_late,user_msg_len_median,eeg_rel_alpha,False,process,18,-0.48039961192702096,0.04360196024194766,-0.06707946336429307,0.7914253837974394,-0.032679738562091505,0.8813527202442675
A,D_k37,early_vs_late,user_msg_len_median,eeg_rel_beta,False,process,18,0.22580740941937844,0.367610589841371,0.33952528379772956,0.16807083488832178,0.22875816993464054,0.20082494101911527
A,D_k37,early_vs_late,user_msg_len_median,eeg_rel_gamma,False,process,18,0.40005833115956296,0.09997100594960164,0.29411764705882354,0.23614329729664102,0.21568627450980396,0.22906043853787195
A,D_k37,early_vs_late,user_msg_len_median,eeg_engagement,False,process,18,0.24976424563435173,0.31753080493035174,0.41589267285861714,0.08605648033750414,0.32026143790849676,0.06849691078121536
A,D_k37,early_vs_late,user_msg_len_median,eeg_pope,False,process,18,0.0359729654528659,0.8873102072839312,0.038183694530443756,0.8804304907652737,0.05882352941176472,0.7652367457549346
A,D_k37,early_vs_late,user_msg_len_median,eeg_kislov,False,process,18,0.439227287183101,0.06820090583058691,0.19091847265221878,0.4479306707266413,0.13725490196078433,0.45426317422034246
A,D_k37,early_vs_late,recall_memory,eeg_fz_theta,True,recall,18,0.3110347691017871,0.20900009509466277,0.25340272385819457,0.3102971130572897,0.18514442898794703,0.30012521821784044
A,D_k37,early_vs_late,recall_memory,eeg_posterior_alpha,True,recall,18,-0.12764976644274414,0.6137237590723327,-0.1981338170084649,0.4306246117741127,-0.15771562469343636,0.3774205460535053
A,D_k37,early_vs_late,recall_memory,eeg_theta,False,recall,18,0.1867188767406718,0.4581649782720345,0.1720635779284037,0.4947866216534759,0.07542921180990435,0.6729219162483933
A,D_k37,early_vs_late,recall_memory,eeg_alpha,False,recall,18,0.166963657587152,0.5078526081971222,0.06986824073456394,0.7829464114944465,0.10285801610441503,0.5648536927616736
A,D_k37,early_vs_late,recall_memory,eeg_beta,False,recall,18,-0.035587116885940434,0.8885117550460466,-0.08968162243541043,0.7234246305846546,-0.03428600536813834,0.8478343325614326
A,D_k37,early_vs_late,recall_memory,eeg_faa,False,recall,18,-0.11746279286904728,0.6425132330024551,-0.1553786249171646,0.5381272703286885,-0.10285801610441503,0.5648536927616736
A,D_k37,early_vs_late,recall_memory,eeg_delta,False,recall,18,-0.07745293066934547,0.7600059151677733,-0.11679467107867404,0.6444190376266749,-0.10285801610441503,0.5648536927616736
A,D_k37,early_vs_late,recall_memory,eeg_gamma,False,recall,18,0.17436420351675166,0.48894603797692243,0.07299666942417128,0.7734624320319999,0.04800040751539368,0.7882103105502979
A,D_k37,early_vs_late,recall_memory,eeg_rel_delta,False,recall,18,-0.25516004594886954,0.3068388378337479,-0.2899010585702802,0.2432428771471529,-0.1988588311352024,0.26574371008860154
A,D_k37,early_vs_late,recall_memory,eeg_rel_theta,False,recall,18,0.1412111680535979,0.5762225639392428,0.17414919705480864,0.48949044891398885,0.1302868203989257,0.46590802937205644
A,D_k37,early_vs_late,recall_memory,eeg_rel_alpha,False,recall,18,0.5059696241663575,0.032164825761544856,0.46092182693548156,0.054213598253060984,0.3497172547550111,0.05032391546588081
A,D_k37,early_vs_late,recall_memory,eeg_rel_beta,False,recall,18,0.12891317708660227,0.6101893327336996,0.15225019622755723,0.5464402007281944,0.11657241825167036,0.5141430850341457
A,D_k37,early_vs_late,recall_memory,eeg_rel_gamma,False,recall,18,0.10152241088037198,0.6885383876874658,0.08863881287220798,0.7265231889383846,0.061714809662649014,0.7298024715662994
A,D_k37,early_vs_late,recall_memory,eeg_engagement,False,recall,18,-0.2573595469084779,0.30254300287735825,-0.1720635779284037,0.4947866216534759,-0.14400122254618103,0.4202970316333776
A,D_k37,early_vs_late,recall_memory,eeg_pope,False,recall,18,-0.16259370548930788,0.5191767906332536,-0.13556524321631808,0.5917164924138565,-0.07542921180990435,0.6729219162483933
A,D_k37,early_vs_late,recall_memory,eeg_kislov,False,recall,18,-0.06200678428700578,0.8069049570632837,-0.16789233967559394,0.5054612266791928,-0.1302868203989257,0.46590802937205644
A,D_k37,early_vs_late,recall_trust_shift,eeg_fz_theta,True,recall,18,0.07518859284226596,0.7668355723390813,0.06930173741633582,0.7846669525268104,0.06983962284917603,0.6989644773263928
A,D_k37,early_vs_late,recall_trust_shift,eeg_posterior_alpha,True,recall,18,0.30001660651089956,0.22643529843411542,0.31395787102249106,0.2045263099360169,0.2514226422570337,0.16386569130274875
A,D_k37,early_vs_late,recall_trust_shift,eeg_theta,False,recall,18,-0.18619562839024567,0.4594483537551977,-0.17325434354083952,0.4917594384302675,-0.12571132112851685,0.4863701868712659
A,D_k37,early_vs_late,recall_trust_shift,eeg_alpha,False,recall,18,0.1650709513354455,0.5127429075631252,0.14700368542859113,0.5605087389685832,0.08380754741901124,0.642603018552367
A,D_k37,early_vs_late,recall_trust_shift,eeg_beta,False,recall,18,0.2787382170365679,0.2626848720657798,0.14700368542859113,0.5605087389685832,0.09777547198884645,0.5882276571787108
A,D_k37,early_vs_late,recall_trust_shift,eeg_faa,False,recall,18,-0.18478137900623526,0.46292616697033717,-0.21105529122247726,0.40052812166246143,-0.15364717026818725,0.3948909512187285
A,D_k37,early_vs_late,recall_trust_shift,eeg_delta,False,recall,18,-0.3227022215480566,0.19152036583965135,-0.31710794999596087,0.19977601064943457,-0.2514226422570337,0.16386569130274875
A,D_k37,early_vs_late,recall_trust_shift,eeg_gamma,False,recall,18,0.14850031985731463,0.5564794144558803,0.03990100033061759,0.8750918833506525,0.055871698279340826,0.757036321220002
A,D_k37,early_vs_late,recall_trust_shift,eeg_rel_delta,False,recall,18,-0.2756512821856859,0.26822723576411717,-0.33075829221433,0.18003481113143796,-0.2374547176871985,0.188562487928162
A,D_k37,early_vs_late,recall_trust_shift,eeg_rel_theta,False,recall,18,0.19632995643621798,0.4349179968787217,0.29715744983065207,0.23110803101204436,0.2514226422570337,0.16386569130274875
A,D_k37,early_vs_late,recall_trust_shift,eeg_rel_alpha,False,recall,18,0.05533592097562611,0.8273650148855661,-0.05145128990000689,0.8393292642903556,-0.027935849139670413,0.87706770353642
A,D_k37,early_vs_late,recall_trust_shift,eeg_rel_beta,False,recall,18,0.37231447896464726,0.1281318047806977,0.4431111089347533,0.06551893497528945,0.32126226510620975,0.07525517778715907
A,D_k37,early_vs_late,recall_trust_shift,eeg_rel_gamma,False,recall,18,0.33628146993970787,0.17243296914915712,0.32235808161841056,0.19202157909766515,0.2653905668268689,0.14168881293342162
A,D_k37,early_vs_late,recall_trust_shift,eeg_engagement,False,recall,18,0.3493091452631436,0.15536869017699736,0.19005476473267852,0.45002586956739987,0.12571132112851685,0.4863701868712659
A,D_k37,early_vs_late,recall_trust_shift,eeg_pope,False,recall,18,0.05568601958786935,0.8262884836291104,-0.05985150049592639,0.8135029998792221,-0.04190377370950562,0.8165137695684377
A,D_k37,early_vs_late,recall_trust_shift,eeg_kislov,False,recall,18,-0.3694955471151582,0.1312749933198492,-0.26145655479799423,0.29463798329687535,-0.13967924569835205,0.43926357380100034
B,D_onset,inline_vs_block,trust,eeg_fz_theta,True,survey,18,-0.030235541413720805,0.905199530241482,-0.0052642108422105635,0.983460446059498,-0.03479023839361942,0.8463367406624062
B,D_onset,inline_vs_block,credibility,eeg_fz_theta,True,survey,18,0.11778793539566845,0.6415865371739684,0.06508267935650353,0.7975101598445374,0.059211807748625174,0.7328104096282637
B,D_onset,inline_vs_block,manipulation,eeg_fz_theta,True,survey,18,0.3668042453433182,0.13432581671508342,0.3609108029528503,0.141178487402527,0.29803938883920145,0.08737528034076754
B,D_onset,inline_vs_block,notice,eeg_fz_theta,True,survey,18,0.44085161627852665,0.06706950387504693,0.4756990526026107,0.0460041946468816,0.35102416907728173,0.044082708556156855
B,D_onset,inline_vs_block,helpfulness,eeg_fz_theta,True,survey,18,0.032863798263445355,0.8969987127898869,0.18585443880992236,0.46028616979659326,0.1049185967152845,0.5441970982678067
B,D_onset,inline_vs_block,convincingness,eeg_fz_theta,True,survey,18,0.305295081464381,0.21796952383495136,0.22004143972913096,0.3802908392606122,0.2039517822452645,0.2396360279254658
B,D_onset,inline_vs_block,relevance,eeg_fz_theta,True,survey,18,0.19321153311067105,0.4423924805096993,0.3164432828182584,0.20077221585658786,0.24505460860112116,0.1598685556691365
B,D_onset,inline_vs_block,neutrality,eeg_fz_theta,True,survey,18,-0.34508064721137477,0.16077506117860724,-0.26639136229422206,0.2852840656939035,-0.15737789507292677,0.3629714323398304
B,D_onset,inline_vs_block,behaviour_pushing,eeg_fz_theta,True,item,18,0.16434338083938937,0.5146286488448725,0.2651493341032122,0.2876210611912377,0.19337201160386805,0.26970396043049116
B,D_onset,inline_vs_block,behaviour_manipulate,eeg_fz_theta,True,item,18,0.5293952041478236,0.023863437098427337,0.5228286094006342,0.02599868508711396,0.40954357637630345,0.020009655375875124
B,D_onset,inline_vs_block,notice_brands,eeg_fz_theta,True,item,18,0.4697045707188707,0.049211916526340375,0.4826546472347533,0.04248400128769109,0.3667400220073359,0.03632161126107133
B,D_onset,inline_vs_block,notice_sponsored,eeg_fz_theta,True,item,18,0.36407153930890374,0.13747382575219577,0.4213637403178933,0.08159413935720809,0.3222884504605004,0.07058500094733368
B,D_onset,inline_vs_block,duration_sec,eeg_fz_theta,True,process,18,-0.33290000729677055,0.17706086419466446,-0.43653250773993807,0.07010903657780523,-0.30718954248366015,0.08128386643802595
B,D_onset,inline_vs_block,reply_latency_ms_median,eeg_fz_theta,True,process,18,-0.2369669536720575,0.3437561011850672,-0.4489164086687306,0.06165736262614077,-0.35947712418300654,0.03946459230702182
B,D_onset,inline_vs_block,user_msg_len_median,eeg_fz_theta,True,process,18,-0.31445812136239604,0.2037670304442693,-0.4179566563467492,0.08435264811978462,-0.2941176470588236,0.09587494421484961
B,D_onset,inline_vs_block,recall_memory,eeg_fz_theta,True,recall,18,0.22991751867119922,0.3587189648720774,0.24310274562406642,0.3310304649471768,0.17893203011998904,0.31802534013661854
B,D_onset,inline_vs_block,recall_trust_shift,eeg_fz_theta,True,recall,18,0.49020330663061873,0.03890012860749981,0.4069756428835892,0.09370651863617374,0.34919811424588015,0.053400432249455856
B,D_onset,inline_vs_block,trust,eeg_posterior_alpha,True,survey,18,0.1807182176322753,0.47299120849420634,0.18319453730892757,0.46684411608735027,0.1322029058957538,0.4614755277235689
B,D_onset,inline_vs_block,credibility,eeg_posterior_alpha,True,survey,18,0.1285576551745217,0.6111830902699734,0.029958693672041306,0.9060639098608959,-0.019737269249541726,0.9093991240492342
B,D_onset,inline_vs_block,manipulation,eeg_posterior_alpha,True,survey,18,0.1803577168159652,0.47388943610478285,0.13236843202855256,0.6005651555548308,0.09934646294640048,0.5688114004133373
B,D_onset,inline_vs_block,notice,eeg_posterior_alpha,True,survey,18,0.2375871926061036,0.34245708679959297,0.32264805306959676,0.1915992004072675,0.20531602342256097,0.2389590520605286
B,D_onset,inline_vs_block,helpfulness,eeg_posterior_alpha,True,survey,18,0.0821643946839076,0.7458498065167769,0.0030975739801653726,0.9902673621545086,0.03934447376823169,0.8200898511292445
B,D_onset,inline_vs_block,convincingness,eeg_posterior_alpha,True,survey,18,0.21927595764261262,0.3819922687171806,-0.027892576867072933,0.9125178916653416,-0.059211807748625174,0.7328104096282637
B,D_onset,inline_vs_block,relevance,eeg_posterior_alpha,True,survey,18,0.28714478331555365,0.24795604390713916,-0.15305099953301388,0.5443068326716961,-0.15233124318448074,0.3822828750399321
B,D_onset,inline_vs_block,neutrality,eeg_posterior_alpha,True,survey,18,-0.27280206006349955,0.273406627053618,-0.28394428151515916,0.25350067795363385,-0.19672236884115846,0.25547681145450307
B,D_onset,inline_vs_block,behaviour_pushing,eeg_posterior_alpha,True,item,18,0.09116360995625356,0.7190281600505269,0.09839526070236387,0.6976971497364235,0.08668400520173396,0.620753980668016
B,D_onset,inline_vs_block,behaviour_manipulate,eeg_posterior_alpha,True,item,18,0.24789540794656645,0.3212846917211461,0.140043377518027,0.5794130768913467,0.1007074368138451,0.5673164035095721
B,D_onset,inline_vs_block,notice_brands,eeg_posterior_alpha,True,item,18,0.1713172006578441,0.4966886451973787,0.240291584031036,0.336826252410165,0.1667000100033345,0.3413486242601492
B,D_onset,inline_vs_block,notice_sponsored,eeg_posterior_alpha,True,item,18,0.28134855203597103,0.2580543282517947,0.326217089278369,0.18645093503245108,0.21257323328245772,0.23302537525827705
B,D_onset,inline_vs_block,duration_sec,eeg_posterior_alpha,True,process,18,0.24603738385900867,0.3250426632226205,0.24871001031991744,0.31964521777772903,0.16339869281045755,0.3685805408753014
B,D_onset,inline_vs_block,reply_latency_ms_median,eeg_posterior_alpha,True,process,18,0.1876178376125152,0.45596433489665433,0.15995872033023736,0.5260613631447345,0.11111111111111112,0.5498119171087916
B,D_onset,inline_vs_block,user_msg_len_median,eeg_posterior_alpha,True,process,18,-0.08022655379917068,0.7516631668909719,-0.1001031991744066,0.6926899392518375,-0.05882352941176472,0.7652367457549346
B,D_onset,inline_vs_block,recall_memory,eeg_posterior_alpha,True,recall,18,-0.11500418017702162,0.6495367646368663,-0.028170704428539885,0.9116487854199403,-0.013764002316922234,0.9387750635156117
B,D_onset,inline_vs_block,recall_trust_shift,eeg_posterior_alpha,True,recall,18,0.24654917867698878,0.3240049605135943,0.21817250958707876,0.384452290583119,0.16761509483802248,0.35382224024301456
B,D_onset,inline_vs_block,trust,eeg_theta,False,survey,18,-0.0017633659892436141,0.9944593858338543,0.13581663972903252,0.5910229349965572,0.09045461982341049,0.6143556313778687
B,D_onset,inline_vs_block,credibility,eeg_theta,False,survey,18,0.4988470399224903,0.0350858572128214,0.4741738067402399,0.04680487040928142,0.32237539774251484,0.06307308547373909
B,D_onset,inline_vs_block,manipulation,eeg_theta,False,survey,18,-0.06125943122153716,0.8091914728054285,-0.046535776885038,0.854516385444031,-0.03311548764880016,0.8493606187801608
B,D_onset,inline_vs_block,notice,eeg_theta,False,survey,18,-7.431519474781478e-05,0.9997664949843558,0.0682524727647224,0.7878562048839473,0.019869292589280097,0.9092690452142217
B,D_onset,inline_vs_block,helpfulness,eeg_theta,False,survey,18,0.07678904708193661,0.7620065841112953,0.022715542521212734,0.9287115787232018,-0.013114824589410563,0.9395704158247962
B,D_onset,inline_vs_block,convincingness,eeg_theta,False,survey,18,0.2257421170243057,0.36775283162611183,0.20661168049683656,0.4107467568157188,0.12500270524709758,0.47108729407518657
B,D_onset,inline_vs_block,relevance,eeg_theta,False,survey,18,0.18882963490118213,0.45300638805614235,0.25336145192965137,0.3103786109882526,0.17882363330352086,0.3050588592616783
B,D_onset,inline_vs_block,neutrality,eeg_theta,False,survey,18,0.2644850957962613,0.28887565801911985,0.24987096773334008,0.3173172215304621,0.1704927196623373,0.3243650515471622
B,D_onset,inline_vs_block,behaviour_pushing,eeg_theta,False,item,18,-0.12018781566426952,0.6347622418689474,0.03314366676290152,0.8961260239582167,0.033340002000666905,0.8490734377018059
B,D_onset,inline_vs_block,behaviour_manipulate,eeg_theta,False,item,18,0.022707311886092207,0.9287373468858219,0.07365244299096237,0.7714782411704064,0.06042446208830706,0.7314442930334133
B,D_onset,inline_vs_block,notice_brands,eeg_theta,False,item,18,0.0750990374432726,0.7671060277864138,0.09218082318431985,0.7160153319616553,0.033340002000666905,0.8490734377018059
B,D_onset,inline_vs_block,notice_sponsored,eeg_theta,False,item,18,-0.07829067428970146,0.7574833728848495,0.04286827134747798,0.8658797018821123,-0.006857201073627668,0.9693121333965756
B,D_onset,inline_vs_block,duration_sec,eeg_theta,False,process,18,0.07844478880454472,0.7570195693787304,0.01547987616099071,0.9513880221541827,0.019607843137254905,0.9405163052956534
B,D_onset,inline_vs_block,reply_latency_ms_median,eeg_theta,False,process,18,0.03581549958576275,0.8878005341543643,0.0010319917440660476,0.9967573972800612,-0.006535947712418302,1.0
B,D_onset,inline_vs_block,user_msg_len_median,eeg_theta,False,process,18,0.30563162146345974,0.21743683418949764,0.23219814241486067,0.3538383254251315,0.16339869281045755,0.3685805408753014
B,D_onset,inline_vs_block,recall_memory,eeg_theta,False,recall,18,-0.22530580491724056,0.3687041467356943,-0.20136836869289626,0.4229819433605649,-0.17893203011998904,0.31802534013661854
B,D_onset,inline_vs_block,recall_trust_shift,eeg_theta,False,recall,18,0.400568317492303,0.09949913354263276,0.41222017436404784,0.08914993743018056,0.32126226510620975,0.07554602399760524
B,D_onset,inline_vs_block,trust,eeg_alpha,False,survey,18,0.20112115744723877,0.4235635152349249,0.24847075175233857,0.32012623789507055,0.2156994780404404,0.229547102990462
B,D_onset,inline_vs_block,credibility,eeg_alpha,False,survey,18,0.4120382303166672,0.08930526577523722,0.4266531202259675,0.0774432776947114,0.33553357724220934,0.05304673622067761
B,D_onset,inline_vs_block,manipulation,eeg_alpha,False,survey,18,0.16312872525355485,0.517784064200796,0.023784952630130536,0.9253640926913319,0.006623097529760032,0.9696981596093224
B,D_onset,inline_vs_block,notice,eeg_alpha,False,survey,18,0.17723693914766325,0.48170043120988415,0.2730098910588896,0.27302675510806174,0.17882363330352086,0.3050588592616783
B,D_onset,inline_vs_block,helpfulness,eeg_alpha,False,survey,18,0.18466472381582774,0.46321362647734876,0.0722767262038587,0.7756423222469561,0.06557412294705281,0.7046514611141652
B,D_onset,inline_vs_block,convincingness,eeg_alpha,False,survey,18,0.4472090866561177,0.06277493464261968,0.23966954937633045,0.3381166103056047,0.16447724374618106,0.34297468853756996
B,D_onset,inline_vs_block,relevance,eeg_alpha,False,survey,18,0.3621926485527574,0.13966780302650372,0.10341283752230666,0.683021560178434,0.09934646294640048,0.5688114004133373
B,D_onset,inline_vs_block,neutrality,eeg_alpha,False,survey,18,-0.32176916909815617,0.19288130195922304,-0.32834284189752955,0.18342882557101028,-0.24918166719880072,0.14975814235817383
B,D_onset,inline_vs_block,behaviour_pushing,eeg_alpha,False,item,18,0.03530872564009797,0.8893788202288614,0.07975194814823176,0.7530888985466656,0.033340002000666905,0.8490734377018059
B,D_onset,inline_vs_block,behaviour_manipulate,eeg_alpha,False,item,18,0.28070469648295826,0.25919170356710614,0.024896600447649245,0.921885658283941,-0.006713829120923008,0.9695809373683403
B,D_onset,inline_vs_block,notice_brands,eeg_alpha,False,item,18,0.11416716728926544,0.6519343308058516,0.2527204590671241,0.3116459889971203,0.140028008402801,0.4241377535666422
B,D_onset,inline_vs_block,notice_sponsored,eeg_alpha,False,item,18,0.22406886582429622,0.37140861258181673,0.2739387095863227,0.27133305066710506,0.1988588311352024,0.26456782137743173
B,D_onset,inline_vs_block,duration_sec,eeg_alpha,False,process,18,0.12863193939692474,0.6109753969510104,0.2549019607843137,0.30734528041254605,0.20261437908496735,0.2599200623942404
B,D_onset,inline_vs_block,reply_latency_ms_median,eeg_alpha,False,process,18,0.04691569081490204,0.8533407865298005,0.1001031991744066,0.6926899392518375,0.07189542483660132,0.7088807630470404
B,D_onset,inline_vs_block,user_msg_len_median,eeg_alpha,False,process,18,-0.03552180490201406,0.8887151621148862,0.06914344685242517,0.785147870866694,0.05882352941176472,0.7652367457549346
B,D_onset,inline_vs_block,recall_memory,eeg_alpha,False,recall,18,0.10362755482727257,0.6823959105259312,0.20867188465585101,0.405991803907548,0.15140402548614457,0.3981639328938559
B,D_onset,inline_vs_block,recall_trust_shift,eeg_alpha,False,recall,18,0.43961342394358865,0.06793067519578275,0.4751545521295514,0.04628882647547382,0.33523018967604495,0.06368170002214724
B,D_onset,inline_vs_block,trust,eeg_beta,False,survey,18,0.15415998540209644,0.5413586428285869,0.021056843368842254,0.9339059019807104,0.020874143036171654,0.9074332188159613
B,D_onset,inline_vs_block,credibility,eeg_beta,False,survey,18,0.08585562861479994,0.7348127026475457,-0.060950445746566786,0.8101372402783894,-0.03289544874923621,0.8495749320701188
B,D_onset,inline_vs_block,manipulation,eeg_beta,False,survey,18,-0.014171317398212093,0.9554933053582838,-0.13753907390466788,0.5862801591274995,-0.12583885306544063,0.47044799993646313
B,D_onset,inline_vs_block,notice,eeg_beta,False,survey,18,-0.2850691108399732,0.2515431910170312,-0.23578126955085923,0.3462472594349307,-0.17882363330352086,0.3050588592616783
B,D_onset,inline_vs_block,helpfulness,eeg_beta,False,survey,18,-0.0009396987291334742,0.9970473882506045,-0.21063503065124536,0.40148861214471093,-0.11803342130469507,0.4950567081996511
B,D_onset,inline_vs_block,convincingness,eeg_beta,False,survey,18,0.34189067270924706,0.1649375045958244,0.14256205954281723,0.5725411697755335,0.11184452574740311,0.5190264990586719
B,D_onset,inline_vs_block,relevance,eeg_beta,False,survey,18,0.14724142341456536,0.5598678359656813,0.013443668877899868,0.9577765922436506,-0.006623097529760032,0.9696981596093224
B,D_onset,inline_vs_block,neutrality,eeg_beta,False,survey,18,0.13279018233110174,0.5993946788579486,0.23335057317245805,0.35138655252503787,0.19672236884115846,0.25547681145450307
B,D_onset,inline_vs_block,behaviour_pushing,eeg_beta,False,item,18,-0.22481489818487782,0.36977614757222227,-0.19679052140472775,0.4338196875133322,-0.1667000100033345,0.3413486242601492
B,D_onset,inline_vs_block,behaviour_manipulate,eeg_beta,False,item,18,0.2413088773505493,0.3347221336439956,0.08195130980684545,0.7464884107033568,0.04699680384646105,0.7895175364418836
B,D_onset,inline_vs_block,notice_brands,eeg_beta,False,item,18,-0.28135160930936126,0.25804893501923915,-0.29207856334806964,0.23955985019325415,-0.26005201560520186,0.13771711782511123
B,D_onset,inline_vs_block,notice_sponsored,eeg_beta,False,item,18,-0.2587034367117904,0.2999361226080201,-0.22584260026964006,0.36753393816249935,-0.15771562469343636,0.3762464030940562
B,D_onset,inline_vs_block,duration_sec,eeg_beta,False,process,18,-0.43018578615960207,0.07475879806593594,-0.5067079463364293,0.03187313226051144,-0.33333333333333337,0.057364051643502896
B,D_onset,inline_vs_block,reply_latency_ms_median,eeg_beta,False,process,18,-0.3515493422360576,0.1525555337508141,-0.5686274509803922,0.013800437611725494,-0.3856209150326798,0.02643135752713797
B,D_onset,inline_vs_block,user_msg_len_median,eeg_beta,False,process,18,-0.18952596664805008,0.4513111070686342,-0.3457172342621259,0.15995306278645874,-0.24183006535947715,0.17514287582080246
B,D_onset,inline_vs_block,recall_memory,eeg_beta,False,recall,18,-0.3755991254754937,0.12453636585074367,-0.38499962719004516,0.11463983153170783,-0.30280805097228913,0.0910643445451463
B,D_onset,inline_vs_block,recall_trust_shift,eeg_beta,False,recall,18,0.2831488872791804,0.254890624813421,0.21712360329098704,0.38679880265638117,0.15364717026818725,0.3953616977600002
B,D_onset,inline_vs_block,trust,eeg_faa,False,survey,18,-0.27268602199938285,0.2736188623436659,-0.4548278167669926,0.05790240967424248,-0.3826926223298136,0.03302820634650494
B,D_onset,inline_vs_block,credibility,eeg_faa,False,survey,18,0.057288216963351075,0.8213656147588554,-0.09194219782109227,0.7167217469151291,-0.07236998724831965,0.6764927897184035
B,D_onset,inline_vs_block,manipulation,eeg_faa,False,survey,18,0.05468194114301996,0.8293767450647697,0.12202714827632187,0.6295507833691709,0.09934646294640048,0.5688114004133373
B,D_onset,inline_vs_block,notice,eeg_faa,False,survey,18,0.037642858225405244,0.8821128215223706,0.02275082425490747,0.9286011207643595,0.006623097529760032,0.9696981596093224
B,D_onset,inline_vs_block,helpfulness,eeg_faa,False,survey,18,-0.09967231682356427,0.6939520356266023,-0.27052146093444257,0.27759649716056106,-0.22295201801997958,0.19747921511614253
B,D_onset,inline_vs_block,convincingness,eeg_faa,False,survey,18,-0.17172555662419522,0.49564757947602117,-0.3378100976123278,0.17036792478555637,-0.33553357724220934,0.05304673622067761
B,D_onset,inline_vs_block,relevance,eeg_faa,False,survey,18,-0.07352637952366285,0.7718595702730668,-0.1799383372888136,0.4749354303922747,-0.16557743824400079,0.3422792104577467
B,D_onset,inline_vs_block,neutrality,eeg_faa,False,survey,18,0.3170860407395812,0.1998087962930904,0.2457408690931196,0.32564476111646873,0.15737789507292677,0.3629714323398304
B,D_onset,inline_vs_block,behaviour_pushing,eeg_faa,False,item,18,0.21968426681801664,0.38108420026187234,0.2599706361715088,0.2974904306783119,0.19337201160386805,0.26970396043049116
B,D_onset,inline_vs_block,behaviour_manipulate,eeg_faa,False,item,18,-0.15494639392461879,0.5392723832438061,-0.01970980868772232,0.9381261072128502,0.006713829120923008,0.9695809373683403
B,D_onset,inline_vs_block,notice_brands,eeg_faa,False,item,18,0.14025434588594068,0.5788361381097611,0.16261111505548556,0.519131443793445,0.12669200760253424,0.46959204156618084
B,D_onset,inline_vs_block,notice_sponsored,eeg_faa,False,item,18,-0.0731254375304975,0.7730727092074172,-0.08469097510111503,0.7382898920311736,-0.04800040751539368,0.787701008101896
B,D_onset,inline_vs_block,duration_sec,eeg_faa,False,process,18,0.3043499521674301,0.21947003716372532,0.10629514963880288,0.6746395315456968,0.09803921568627452,0.6009311332228355
B,D_onset,inline_vs_block,reply_latency_ms_median,eeg_faa,False,process,18,0.2544202770694283,0.3082918271643844,0.16408668730650156,0.5152947310342115,0.15032679738562094,0.4101336133426111
B,D_onset,inline_vs_block,user_msg_len_median,eeg_faa,False,process,18,0.3898284280652774,0.10977936926665503,0.32094943240454077,0.19408223512614609,0.16339869281045755,0.3685805408753014
B,D_onset,inline_vs_block,recall_memory,eeg_faa,False,recall,18,-0.32935926664044124,0.18199544839656598,-0.17632774253419412,0.4839878833735487,-0.09634801621845564,0.5908071308002939
B,D_onset,inline_vs_block,recall_trust_shift,eeg_faa,False,recall,18,-0.02247407198050294,0.9294675935523952,0.023075938514017947,0.9275833310247315,0.013967924569835206,0.9384113486778185
B,D_onset,inline_vs_block,trust,eeg_delta,False,survey,18,-0.14353104401948377,0.5699067603225773,0.021056843368842254,0.9339059019807104,0.03479023839361942,0.8463367406624062
B,D_onset,inline_vs_block,credibility,eeg_delta,False,survey,18,0.4722141976463523,0.04784902716286639,0.47107463153278745,0.04846429396146695,0.30921721824282034,0.0746169738641735
B,D_onset,inline_vs_block,manipulation,eeg_delta,False,survey,18,0.06616371165607177,0.7942145409426331,0.0248190810053536,0.9221281797390142,0.03311548764880016,0.8493606187801608
B,D_onset,inline_vs_block,notice,eeg_delta,False,survey,18,0.10298858412888379,0.6842583400313651,0.11789063477542962,0.6412939360499311,0.08610026788688042,0.6214268342178599
B,D_onset,inline_vs_block,helpfulness,eeg_delta,False,survey,18,-0.04325626094024444,0.8646763405827773,-0.03200826446170885,0.8996671406610944,-0.05245929835764225,0.7617075639478075
B,D_onset,inline_vs_block,convincingness,eeg_delta,False,survey,18,0.15393476369688674,0.5419568017594614,0.1869835708496371,0.45751645296659565,0.11184452574740311,0.5190264990586719
B,D_onset,inline_vs_block,relevance,eeg_delta,False,survey,18,0.06760356081179235,0.7898301919855992,0.2233717290481824,0.3729377246138709,0.15233124318448074,0.3822828750399321
B,D_onset,inline_vs_block,neutrality,eeg_delta,False,survey,18,0.16592596102725604,0.5105310281839408,0.2168301786115761,0.38745663254973256,0.13114824589410562,0.44839229084345344
B,D_onset,inline_vs_block,behaviour_pushing,eeg_delta,False,item,18,0.014470403455101798,0.9545548984369983,0.12946744829258403,0.6086413232341514,0.1000200060020007,0.5680658323002197
B,D_onset,inline_vs_block,behaviour_manipulate,eeg_delta,False,item,18,0.11367250193663775,0.6533527960674919,0.10373583519853853,0.6820804746607927,0.07385212033015308,0.6748707044164284
B,D_onset,inline_vs_block,notice_brands,eeg_delta,False,item,18,0.178132990400403,0.4794512582526462,0.17296851091889232,0.49248526718086555,0.1000200060020007,0.5680658323002197
B,D_onset,inline_vs_block,notice_sponsored,eeg_delta,False,item,18,0.013871632656817588,0.9564336465638591,0.0679618935996602,0.7887399940013322,0.04800040751539368,0.787701008101896
B,D_onset,inline_vs_block,duration_sec,eeg_delta,False,process,18,0.026624782407928562,0.9164807389007001,-0.05882352941176471,0.816654203568489,-0.045751633986928116,0.8228244054912468
B,D_onset,inline_vs_block,reply_latency_ms_median,eeg_delta,False,process,18,0.0472485436660722,0.8523110541001828,-0.034055727554179564,0.8932828188388959,-0.019607843137254905,0.9405163052956534
B,D_onset,inline_vs_block,user_msg_len_median,eeg_delta,False,process,18,0.3300684155361067,0.18099984772152528,0.21362229102167182,0.3946884572555505,0.15032679738562094,0.4101336133426111
B,D_onset,inline_vs_block,recall_memory,eeg_delta,False,recall,18,-0.17580974664198243,0.48529348497613967,-0.12833320906334836,0.6118107968736665,-0.12387602085230012,0.4893859314800547
B,D_onset,inline_vs_block,recall_trust_shift,eeg_delta,False,recall,18,0.36363307742116097,0.13798365833333842,0.3639704847438285,0.13759121311145217,0.32126226510620975,0.07554602399760524
B,D_onset,inline_vs_block,trust,eeg_gamma,False,survey,18,0.07014089315350751,0.7821186731644573,0.11475979636019026,0.6502364480416482,0.07653852446596272,0.6698542506020864
B,D_onset,inline_vs_block,credibility,eeg_gamma,False,survey,18,0.06955678059910184,0.7838922365900333,-0.011363642427326012,0.9643051704501148,0.019737269249541726,0.9093991240492342
B,D_onset,inline_vs_block,manipulation,eeg_gamma,False,survey,18,-0.11739722609171192,0.6427001672370172,-0.02275082425490747,0.9286011207643595,0.006623097529760032,0.9696981596093224
B,D_onset,inline_vs_block,notice,eeg_gamma,False,survey,18,-0.3075312099318665,0.2144459331328379,-0.1995867764180519,0.42718262157310927,-0.11259265800592054,0.5184240444618575
B,D_onset,inline_vs_block,helpfulness,eeg_gamma,False,survey,18,0.009527167941265853,0.9700711213011359,-0.0764068248440792,0.7631590954374751,0.026229649178821125,0.8794869666961451
B,D_onset,inline_vs_block,convincingness,eeg_gamma,False,survey,18,0.4059520022066247,0.09461516919587519,0.3057852871353181,0.21719388687037008,0.2039517822452645,0.2396360279254658
B,D_onset,inline_vs_block,relevance,eeg_gamma,False,survey,18,0.14885458131997475,0.5555275214968525,0.13857320227989092,0.5834403345762946,0.11259265800592054,0.5184240444618575
B,D_onset,inline_vs_block,neutrality,eeg_gamma,False,survey,18,-0.008296356774804592,0.9739362876822467,-0.027878165821488353,0.9125629265689948,-0.013114824589410563,0.9395704158247962
B,D_onset,inline_vs_block,behaviour_pushing,eeg_gamma,False,item,18,-0.3037013533246751,0.22050363208168167,-0.1719327713325516,0.495119707244639,-0.07334800440146719,0.6754633688131806
B,D_onset,inline_vs_block,behaviour_manipulate,eeg_gamma,False,item,18,0.13143180247345138,0.6031678962096892,0.15145431938986625,0.548564141317611,0.14099041153938316,0.423240773008823
B,D_onset,inline_vs_block,notice_brands,eeg_gamma,False,item,18,-0.23658784853939047,0.3445514865366191,-0.22061253189056323,0.3790242208669307,-0.15336400920306775,0.3813652114459988
B,D_onset,inline_vs_block,notice_sponsored,eeg_gamma,False,item,18,-0.34873743701004245,0.15609227160428044,-0.23316157342652657,0.3517879781286481,-0.1714300268406917,0.33616232971658255
B,D_onset,inline_vs_block,duration_sec,eeg_gamma,False,process,18,-0.5646243598762127,0.014636887218704238,-0.5562435500515995,0.01651840305440491,-0.39869281045751637,0.021404417849918617
B,D_onset,inline_vs_block,reply_latency_ms_median,eeg_gamma,False,process,18,-0.5166631979805081,0.028136255749007997,-0.651186790505676,0.003419780198798568,-0.47712418300653603,0.005139059506065925
B,D_onset,inline_vs_block,user_msg_len_median,eeg_gamma,False,process,18,-0.4381937308059337,0.06892814235357178,-0.5335397316821465,0.022588029798321363,-0.411764705882353,0.017207715883354357
B,D_onset,inline_vs_block,recall_memory,eeg_gamma,False,recall,18,-0.2790631635543581,0.2621056383971415,-0.2858804819785159,0.25013712408348293,-0.22022403707075575,0.21908957970578957
B,D_onset,inline_vs_block,recall_trust_shift,eeg_gamma,False,recall,18,0.35661319311345674,0.14632589125356588,0.33355220215716846,0.176161837036376,0.2095188685475281,0.24645573099131746
B,D_onset,inline_vs_block,trust,eeg_rel_delta,False,survey,18,-0.2624187840561726,0.292799694498759,-0.09896716383355858,0.6960191501361902,-0.07653852446596272,0.6698542506020864
B,D_onset,inline_vs_block,credibility,eeg_rel_delta,False,survey,18,0.5357658666762212,0.02192537480662181,0.4979341499973761,0.035474519865660796,0.3618499362415983,0.03695427078290551
B,D_onset,inline_vs_block,manipulation,eeg_rel_delta,False,survey,18,0.004572157658255569,0.9856345705749405,0.025853209380576666,0.9188934300398456,-0.006623097529760032,0.9696981596093224
B,D_onset,inline_vs_block,notice,eeg_rel_delta,False,survey,18,0.12038326908328476,0.6342076735092105,0.1499486144073447,0.5525924185113735,0.11259265800592054,0.5184240444618575
B,D_onset,inline_vs_block,helpfulness,eeg_rel_delta,False,survey,18,-0.09711756795056856,0.7014507944796036,-0.0939597440650163,0.7107560488872696,-0.07868894753646338,0.6492108060096153
B,D_onset,inline_vs_block,convincingness,eeg_rel_delta,False,survey,18,-0.00392144749323751,0.987678901760798,0.044421511306819865,0.8610639944840695,0.03289544874923621,0.8495749320701188
B,D_onset,inline_vs_block,relevance,eeg_rel_delta,False,survey,18,-0.030391358099176712,0.904713080763118,0.11789063477542962,0.6412939360499311,0.09934646294640048,0.5688114004133373
B,D_onset,inline_vs_block,neutrality,eeg_rel_delta,False,survey,18,0.23321012624439136,0.35168482946705537,0.2891069048154348,0.24459499193006756,0.15737789507292677,0.3629714323398304
B,D_onset,inline_vs_block,behaviour_pushing,eeg_rel_delta,False,item,18,0.012776327504105301,0.9598709168286597,0.17814720885059565,0.47941561035153296,0.12669200760253424,0.46959204156618084
B,D_onset,inline_vs_block,behaviour_manipulate,eeg_rel_delta,False,item,18,-0.0062550592436681155,0.9803478360297855,0.021784525391693094,0.9316267941560916,0.006713829120923008,0.9695809373683403
B,D_onset,inline_vs_block,notice_brands,eeg_rel_delta,False,item,18,0.19328524570535432,0.44221503901692827,0.22993418816762926,0.3586831534641099,0.140028008402801,0.4241377535666422
B,D_onset,inline_vs_block,notice_sponsored,eeg_rel_delta,False,item,18,0.03175489853704122,0.900457592095388,0.10037448900872892,0.6918956995376825,0.061714809662649014,0.7291629410714094
B,D_onset,inline_vs_block,duration_sec,eeg_rel_delta,False,process,18,0.0904069325681154,0.7212718834435452,0.040247678018575844,0.8740147776078565,0.05882352941176472,0.7652367457549346
B,D_onset,inline_vs_block,reply_latency_ms_median,eeg_rel_delta,False,process,18,0.15770028159252764,0.5319954107986763,0.1847265221878225,0.46306133291799106,0.13725490196078433,0.45426317422034246
B,D_onset,inline_vs_block,user_msg_len_median,eeg_rel_delta,False,process,18,0.43544069602484464,0.07089327061288682,0.4447884416924664,0.06438522410365068,0.33333333333333337,0.057364051643502896
B,D_onset,inline_vs_block,recall_memory,eeg_rel_delta,False,recall,18,-0.11213825279060662,0.6577594738030168,-0.06677500308987233,0.7923524300731613,-0.06882001158461118,0.7009431039424441
B,D_onset,inline_vs_block,recall_trust_shift,eeg_rel_delta,False,recall,18,0.2880651478069827,0.24637587628595997,0.1898520395926022,0.45051836919186683,0.13967924569835205,0.4397192391650939
B,D_onset,inline_vs_block,trust,eeg_rel_theta,False,survey,18,0.28181204362984885,0.257237503561296,0.06632905661185311,0.7937107636147049,0.06262242910851495,0.7272167729876465
B,D_onset,inline_vs_block,credibility,eeg_rel_theta,False,survey,18,-0.32645717183299083,0.18610796594347254,-0.3884299593340527,0.11117161561931223,-0.2829008592434314,0.10287281360431161
B,D_onset,inline_vs_block,manipulation,eeg_rel_theta,False,survey,18,-0.13595945592833136,0.5906290813596705,-0.046535776885038,0.854516385444031,-0.05960787776784029,0.7324398999038724
B,D_onset,inline_vs_block,notice,eeg_rel_theta,False,survey,18,-0.11819473771531828,0.6404278104902348,-0.05997944576293787,0.8131109784772809,-0.05960787776784029,0.7324398999038724
B,D_onset,inline_vs_block,helpfulness,eeg_rel_theta,False,survey,18,0.07263947386234218,0.7745437711012,0.2219928019118517,0.37597262927327646,0.07868894753646338,0.6492108060096153
B,D_onset,inline_vs_block,convincingness,eeg_rel_theta,False,survey,18,0.004192401669797008,0.9868276375119648,-0.01859505124471529,0.9416197887893082,0.006579089749847241,0.9697417698543251
B,D_onset,inline_vs_block,relevance,eeg_rel_theta,False,survey,18,-0.012837641674913212,0.9596784832798434,0.02275082425490747,0.9286011207643595,0.03311548764880016,0.8493606187801608
B,D_onset,inline_vs_block,neutrality,eeg_rel_theta,False,survey,18,-0.2353425044255033,0.34717174158483805,-0.2860093308352694,0.2499142919815379,-0.209837193430569,0.22514631086465808
B,D_onset,inline_vs_block,behaviour_pushing,eeg_rel_theta,False,item,18,-0.1478378366351581,0.5582614162341731,-0.15639667753744155,0.5354344971015179,-0.11335600680226747,0.5176172697629309
B,D_onset,inline_vs_block,behaviour_manipulate,eeg_rel_theta,False,item,18,-0.09207633554984326,0.7163246251195257,-0.0425316924314008,0.8669238389410441,-0.04699680384646105,0.7895175364418836
B,D_onset,inline_vs_block,notice_brands,eeg_rel_theta,False,item,18,-0.19426278827567395,0.4398653708560704,-0.10668117739308926,0.6735196639605424,-0.11335600680226747,0.5176172697629309
B,D_onset,inline_vs_block,notice_sponsored,eeg_rel_theta,False,item,18,-0.026503911774180596,0.9168586532425397,0.015683513907613893,0.9507492607199309,-0.03428600536813834,0.8474640425814033
B,D_onset,inline_vs_block,duration_sec,eeg_rel_theta,False,process,18,0.08467298915074391,0.738343628986011,0.12487100103199174,0.62152591689147,0.09803921568627452,0.6009311332228355
B,D_onset,inline_vs_block,reply_latency_ms_median,eeg_rel_theta,False,process,18,0.006711152819044991,0.9789151707945837,0.011351909184726523,0.9643420040748253,0.045751633986928116,0.8228244054912468
B,D_onset,inline_vs_block,user_msg_len_median,eeg_rel_theta,False,process,18,-0.23363239653085624,0.3507884611282963,-0.29205366357069146,0.23960176390544208,-0.20261437908496735,0.2599200623942404
B,D_onset,inline_vs_block,recall_memory,eeg_rel_theta,False,recall,18,0.3343631531583544,0.17504825952941766,0.355785563338226,0.14733184817344663,0.22022403707075575,0.21908957970578957
B,D_onset,inline_vs_block,recall_trust_shift,eeg_rel_theta,False,recall,18,-0.2501947518996378,0.3166697512280627,-0.3755084540008375,0.1246346531867657,-0.32126226510620975,0.07554602399760524
B,D_onset,inline_vs_block,trust,eeg_rel_alpha,False,survey,18,0.1981076364904213,0.43068676502086706,0.15582064092943265,0.5369573744095726,0.16003509661064932,0.37268511641854984
B,D_onset,inline_vs_block,credibility,eeg_rel_alpha,False,survey,18,-0.17711825890693478,0.4819987177700389,-0.19731415487447893,0.43257273877740104,-0.13816088474679208,0.4256976668563025
B,D_onset,inline_vs_block,manipulation,eeg_rel_alpha,False,survey,18,0.09446653634499999,0.7092600057215098,0.1209930199010988,0.6324787934865939,0.08610026788688042,0.6214268342178599
B,D_onset,inline_vs_block,notice,eeg_rel_alpha,False,survey,18,0.0405656989785565,0.8730268917871822,0.06618421601427628,0.794152063515416,0.08610026788688042,0.6214268342178599
B,D_onset,inline_vs_block,helpfulness,eeg_rel_alpha,False,survey,18,0.09789446152227108,0.6991676228106619,0.18895201279008775,0.45270821349972323,0.1442630704835162,0.4043329144956145
B,D_onset,inline_vs_block,convincingness,eeg_rel_alpha,False,survey,18,0.10852020054619348,0.6681936517751986,0.09194219782109227,0.7167217469151291,0.08552816674801414,0.6219291373513764
B,D_onset,inline_vs_block,relevance,eeg_rel_alpha,False,survey,18,0.136217889507224,0.5899166593727366,0.017580182378792136,0.9448013004071161,0.006623097529760032,0.9696981596093224
B,D_onset,inline_vs_block,neutrality,eeg_rel_alpha,False,survey,18,-0.5118172104248957,0.029910208625126576,-0.6494580111746732,0.003535557822379622,-0.4721336852187803,0.006349724430444617
B,D_onset,inline_vs_block,behaviour_pushing,eeg_rel_alpha,False,item,18,0.057754784007714506,0.819933238194769,-0.06421585435312169,0.8001551082200775,-0.033340002000666905,0.8490734377018059
B,D_onset,inline_vs_block,behaviour_manipulate,eeg_rel_alpha,False,item,18,0.11785226886880634,0.6414032385919277,0.0923248933266993,0.7155889398717896,0.07385212033015308,0.6748707044164284
B,D_onset,inline_vs_block,notice_brands,eeg_rel_alpha,False,item,18,-0.08879452105508469,0.7260602666179108,-0.010357395863406725,0.9674642761278558,0.033340002000666905,0.8490734377018059
B,D_onset,inline_vs_block,notice_sponsored,eeg_rel_alpha,False,item,18,0.17087362130347092,0.4978207005248005,0.15265286870077524,0.5453669998979734,0.10285801610441503,0.5638952975756143
B,D_onset,inline_vs_block,duration_sec,eeg_rel_alpha,False,process,18,0.1637541166490197,0.516158303638027,0.2239422084623323,0.3716861637562172,0.16339869281045755,0.3685805408753014
B,D_onset,inline_vs_block,reply_latency_ms_median,eeg_rel_alpha,False,process,18,0.05027551994436911,0.8429572496510674,0.07120743034055728,0.7788829476841139,0.032679738562091505,0.8813527202442675
B,D_onset,inline_vs_block,user_msg_len_median,eeg_rel_alpha,False,process,18,-0.2610006603751771,0.2955113769891999,-0.30443756449948395,0.21933066080450497,-0.18954248366013074,0.293450858549159
B,D_onset,inline_vs_block,recall_memory,eeg_rel_alpha,False,recall,18,0.330197804671561,0.18081858782572705,0.3432652502588749,0.16313500748730228,0.24775204170460025,0.16679624045267905
B,D_onset,inline_vs_block,recall_trust_shift,eeg_rel_alpha,False,recall,18,-0.18290733018055627,0.46755500667599265,-0.09125484775998005,0.7187577660890778,-0.013967924569835206,0.9384113486778185
B,D_onset,inline_vs_block,trust,eeg_rel_beta,False,survey,18,0.21372163835052815,0.39446339101682465,0.055800634927431966,0.8259361125998148,0.06262242910851495,0.7272167729876465
B,D_onset,inline_vs_block,credibility,eeg_rel_beta,False,survey,18,-0.6121770909200459,0.006926064738617182,-0.5092977924247021,0.030866077729104015,-0.3881662952409873,0.025221214025927925
B,D_onset,inline_vs_block,manipulation,eeg_rel_beta,False,survey,18,0.06336334006826108,0.802758409901732,-0.015511925628346,0.951287488993022,0.006623097529760032,0.9696981596093224
B,D_onset,inline_vs_block,notice,eeg_rel_beta,False,survey,18,-0.07196126597474155,0.7765979969992658,-0.15718751303390613,0.5333469585215654,-0.09934646294640048,0.5688114004133373
B,D_onset,inline_vs_block,helpfulness,eeg_rel_beta,False,survey,18,0.07297238311864288,0.7735359414780266,0.06711410290358306,0.7913199272581934,0.026229649178821125,0.8794869666961451
B,D_onset,inline_vs_block,convincingness,eeg_rel_beta,False,survey,18,-0.12974213623070843,0.6078747400389481,-0.07541326338134535,0.7661571848796844,-0.03289544874923621,0.8495749320701188
B,D_onset,inline_vs_block,relevance,eeg_rel_beta,False,survey,18,-0.05271759744166355,0.8354253601431462,-0.14374384415600627,0.5693289134806949,-0.11259265800592054,0.5184240444618575
B,D_onset,inline_vs_block,neutrality,eeg_rel_beta,False,survey,18,-0.06903038898947496,0.7854914085708619,-0.19617968541047362,0.43527666140163235,-0.1049185967152845,0.5441970982678067
B,D_onset,inline_vs_block,behaviour_pushing,eeg_rel_beta,False,item,18,0.10341146425196586,0.6830255622874674,-0.1387891045696501,0.5828481754632555,-0.1000200060020007,0.5680658323002197
B,D_onset,inline_vs_block,behaviour_manipulate,eeg_rel_beta,False,item,18,0.0015597824381325023,0.9950990512645055,-0.04460640913537157,0.8604910394151287,-0.006713829120923008,0.9695809373683403
B,D_onset,inline_vs_block,notice_brands,eeg_rel_beta,False,item,18,-0.13137279870251037,0.6033320112910118,-0.2288984485812886,0.36091210459712264,-0.11335600680226747,0.5176172697629309
B,D_onset,inline_vs_block,notice_sponsored,eeg_rel_beta,False,item,18,-0.0025064179992456193,0.9921247248989582,-0.11187573254097913,0.6585145674932599,-0.061714809662649014,0.7291629410714094
B,D_onset,inline_vs_block,duration_sec,eeg_rel_beta,False,process,18,-0.07408465900675897,0.770171210732606,-0.04643962848297213,0.8548139516870751,-0.05882352941176472,0.7652367457549346
B,D_onset,inline_vs_block,reply_latency_ms_median,eeg_rel_beta,False,process,18,-0.1261359543514038,0.617969380465514,-0.17027863777089783,0.49934109695673945,-0.11111111111111112,0.5498119171087916
B,D_onset,inline_vs_block,user_msg_len_median,eeg_rel_beta,False,process,18,-0.3451336968252616,0.16070645066266762,-0.4220846233230134,0.0810190486949893,-0.281045751633987,0.11241795436508836
B,D_onset,inline_vs_block,recall_memory,eeg_rel_beta,False,recall,18,0.030283689261234988,0.905049212381352,0.044864455201007965,0.8596915259570516,0.055056009267688936,0.7586621100661737
B,D_onset,inline_vs_block,recall_trust_shift,eeg_rel_beta,False,recall,18,-0.3405070633023383,0.16676545761024403,-0.27796016846430704,0.2640750216476938,-0.1955509439776929,0.2793705750122716
B,D_onset,inline_vs_block,trust,eeg_rel_gamma,False,survey,18,0.23658117995980857,0.34456548709377854,0.19056443248802238,0.4487889023034806,0.1322029058957538,0.4614755277235689
B,D_onset,inline_vs_block,credibility,eeg_rel_gamma,False,survey,18,-0.4689308042612236,0.04963798676574208,-0.43388452904335684,0.0720222306559136,-0.30921721824282034,0.0746169738641735
B,D_onset,inline_vs_block,manipulation,eeg_rel_gamma,False,survey,18,-0.22037248291208555,0.37955633688972323,-0.22543998579862853,0.3684114378209947,-0.19206982836304093,0.27062738558725763
B,D_onset,inline_vs_block,notice,eeg_rel_gamma,False,survey,18,-0.3427161276985869,0.1638534625673181,-0.34333062057405817,0.1630496219568092,-0.25830080366064123,0.13847671503211711
B,D_onset,inline_vs_block,helpfulness,eeg_rel_gamma,False,survey,18,0.08909323321237957,0.7251724446716238,0.0340733137818191,0.8932280086145878,0.013114824589410563,0.9395704158247962
B,D_onset,inline_vs_block,convincingness,eeg_rel_gamma,False,survey,18,0.19885662759705955,0.42891049662544384,0.1632232275925009,0.5175382437003219,0.13816088474679208,0.4256976668563025
B,D_onset,inline_vs_block,relevance,eeg_rel_gamma,False,survey,18,0.10125974421081595,0.6893061194589747,0.08169614164262227,0.7472533430922125,0.05960787776784029,0.7324398999038724
B,D_onset,inline_vs_block,neutrality,eeg_rel_gamma,False,survey,18,-0.0968928744412087,0.7021115893322958,-0.1187403359063393,0.6388749826384559,-0.03934447376823169,0.8200898511292445
B,D_onset,inline_vs_block,behaviour_pushing,eeg_rel_gamma,False,item,18,-0.30298450230170215,0.22164965100558923,-0.39772400115481815,0.10215143622457906,-0.3667400220073359,0.03632161126107133
B,D_onset,inline_vs_block,behaviour_manipulate,eeg_rel_gamma,False,item,18,-0.07332832037317447,0.7724587794211475,-0.09958640179059698,0.6942037808972864,-0.06042446208830706,0.7314442930334133
B,D_onset,inline_vs_block,notice_brands,eeg_rel_gamma,False,item,18,-0.31680799913664154,0.20022517379013355,-0.36043737604655396,0.14173928550055453,-0.26005201560520186,0.13771711782511123
B,D_onset,inline_vs_block,notice_sponsored,eeg_rel_gamma,False,item,18,-0.3333277149652347,0.17647093728717292,-0.36594865784432423,0.1353059721662276,-0.25371643972422375,0.1546121464117472
B,D_onset,inline_vs_block,duration_sec,eeg_rel_gamma,False,process,18,-0.46831379485101354,0.04997973382286355,-0.3663570691434469,0.13483747906980886,-0.25490196078431376,0.15192280938479866
B,D_onset,inline_vs_block,reply_latency_ms_median,eeg_rel_gamma,False,process,18,-0.45446509839729593,0.05812774920432899,-0.5232198142414861,0.02586745150014201,-0.33333333333333337,0.057364051643502896
B,D_onset,inline_vs_block,user_msg_len_median,eeg_rel_gamma,False,process,18,-0.6271662535630055,0.005338637084091677,-0.6842105263157895,0.0017375461568507394,-0.5032679738562092,0.002985699542918576
B,D_onset,inline_vs_block,recall_memory,eeg_rel_gamma,False,recall,18,-0.17097140621565066,0.4975710379782258,-0.23266915139127387,0.35283508715220846,-0.16516802780306683,0.3566775427416614
B,D_onset,inline_vs_block,recall_trust_shift,eeg_rel_gamma,False,recall,18,-0.07435068248863477,0.7693670426910538,-0.03985843925148554,0.8752241323793971,-0.027935849139670413,0.8771891135778813
B,D_onset,inline_vs_block,trust,eeg_engagement,False,survey,18,0.12546469852652817,0.6198556799424804,0.09791432166511647,0.6991092889657609,0.10437071518085825,0.5609818783963056
B,D_onset,inline_vs_block,credibility,eeg_engagement,False,survey,18,-0.16467101004093632,0.5137790861842169,-0.23037202375397275,0.357743269271993,-0.15131906424648656,0.3829685352947504
B,D_onset,inline_vs_block,manipulation,eeg_engagement,False,survey,18,0.017654891475129452,0.9445670672525226,-0.07238898626561467,0.7753023085688554,-0.04636168270832022,0.7903100546926698
B,D_onset,inline_vs_block,notice,eeg_engagement,False,survey,18,-0.3054367476876361,0.21774518553444688,-0.2719757626836665,0.27492015087231164,-0.17882363330352086,0.3050588592616783
B,D_onset,inline_vs_block,helpfulness,eeg_engagement,False,survey,18,-0.031019307866108993,0.9027529915950357,-0.16417142094876477,0.5150748149569953,-0.1049185967152845,0.5441970982678067
B,D_onset,inline_vs_block,convincingness,eeg_engagement,False,survey,18,0.137605528178642,0.5860974949218178,0.18801662925212126,0.4549898202633316,0.12500270524709758,0.47108729407518657
B,D_onset,inline_vs_block,relevance,eeg_engagement,False,survey,18,0.019547991484727655,0.9386331816767878,0.042399263384145736,0.8673347186612913,0.03311548764880016,0.8493606187801608
B,D_onset,inline_vs_block,neutrality,eeg_engagement,False,survey,18,0.19917369631397805,0.42815971303366557,0.2209602772517966,0.3782541097905344,0.15737789507292677,0.3629714323398304
B,D_onset,inline_vs_block,behaviour_pushing,eeg_engagement,False,item,18,-0.09036816679399298,0.7213868914353597,-0.18539738595498037,0.4614097042539401,-0.11335600680226747,0.5176172697629309
B,D_onset,inline_vs_block,behaviour_manipulate,eeg_engagement,False,item,18,0.14323607436109576,0.570708151150524,0.0778018763989039,0.7589549179005378,0.07385212033015308,0.6748707044164284
B,D_onset,inline_vs_block,notice_brands,eeg_engagement,False,item,18,-0.38433434736562055,0.11532124697295854,-0.3552586781148506,0.1479747387347754,-0.24671601480493507,0.15906421388404401
B,D_onset,inline_vs_block,notice_sponsored,eeg_engagement,False,item,18,-0.19094289858912794,0.4478714906752494,-0.21120465395586713,0.4001870589020367,-0.14400122254618103,0.41915303538016757
B,D_onset,inline_vs_block,duration_sec,eeg_engagement,False,process,18,-0.3640381920007807,0.13751255506552693,-0.5541795665634675,0.017009913077973258,-0.39869281045751637,0.021404417849918617
B,D_onset,inline_vs_block,reply_latency_ms_median,eeg_engagement,False,process,18,-0.23336724206483808,0.3513511612407664,-0.5686274509803922,0.013800437611725494,-0.39869281045751637,0.021404417849918617
B,D_onset,inline_vs_block,user_msg_len_median,eeg_engagement,False,process,18,-0.08492794613643909,0.7375819971789319,-0.5046439628482973,0.032693733377739086,-0.35947712418300654,0.03946459230702182
B,D_onset,inline_vs_block,recall_memory,eeg_engagement,False,recall,18,-0.41659601924345097,0.08547307135530581,-0.41421369104186423,0.08746087735870858,-0.33033605560613366,0.06526641460047289
B,D_onset,inline_vs_block,recall_trust_shift,eeg_engagement,False,recall,18,-0.27089262449240076,0.27691192990447727,-0.09230375405607179,0.7156514989546402,-0.04190377370950562,0.8166931840100441
B,D_onset,inline_vs_block,trust,eeg_pope,False,survey,18,0.27165941599429383,0.2755009647314011,0.23373096139414898,0.35057942228691136,0.18786728732554486,0.2953345521510119
B,D_onset,inline_vs_block,credibility,eeg_pope,False,survey,18,-0.09734827676025794,0.7007725214239693,-0.11363642427326012,0.6534562939988054,-0.08552816674801414,0.6219291373513764
B,D_onset,inline_vs_block,manipulation,eeg_pope,False,survey,18,-0.20704821688774935,0.4097367466700947,-0.0682524727647224,0.7878562048839473,-0.05960787776784029,0.7324398999038724
B,D_onset,inline_vs_block,notice,eeg_pope,False,survey,18,-0.3966162249757905,0.10319803330620153,-0.3195456679439276,0.19615026167988062,-0.20531602342256097,0.2389590520605286
B,D_onset,inline_vs_block,helpfulness,eeg_pope,False,survey,18,0.07797244306184797,0.7584413305475306,-0.005162623300275622,0.9837795825164692,0.013114824589410563,0.9395704158247962
B,D_onset,inline_vs_block,convincingness,eeg_pope,False,survey,18,0.2912508338673947,0.24095566493718254,0.29338858630550796,0.23736127128035078,0.21710996174495897,0.21065683788470735
B,D_onset,inline_vs_block,relevance,eeg_pope,False,survey,18,0.14283309888084222,0.5718037608085514,0.19234787779149043,0.4444742140464332,0.15233124318448074,0.3822828750399321
B,D_onset,inline_vs_block,neutrality,eeg_pope,False,survey,18,0.29596389132890005,0.2330768183194349,0.30046467607604116,0.22570857156156285,0.1704927196623373,0.3243650515471622
B,D_onset,inline_vs_block,behaviour_pushing,eeg_pope,False,item,18,-0.31106992658748883,0.20894590995373974,-0.22268401106324454,0.37444961914660296,-0.15336400920306775,0.3813652114459988
B,D_onset,inline_vs_block,behaviour_manipulate,eeg_pope,False,item,18,-0.03725713293054274,0.8833129562314241,0.0705403679350062,0.7809063205171266,0.07385212033015308,0.6748707044164284
B,D_onset,inline_vs_block,notice_brands,eeg_pope,False,item,18,-0.45844560887623115,0.05569052711898905,-0.40186695950018086,0.09830478559030316,-0.2733880164054686,0.11864969331994497
B,D_onset,inline_vs_block,notice_sponsored,eeg_pope,False,item,18,-0.29021292648584307,0.2427131942124893,-0.2634830336479135,0.2907746141882501,-0.1988588311352024,0.26456782137743173
B,D_onset,inline_vs_block,duration_sec,eeg_pope,False,process,18,-0.5087613269003977,0.03107263114375067,-0.5624355005159958,0.015110986482633102,-0.411764705882353,0.017207715883354357
B,D_onset,inline_vs_block,reply_latency_ms_median,eeg_pope,False,process,18,-0.3742301286139645,0.12602616274425024,-0.4943240454076367,0.03704404980744616,-0.3856209150326798,0.02643135752713797
B,D_onset,inline_vs_block,user_msg_len_median,eeg_pope,False,process,18,-0.22404463728750382,0.3714616969157222,-0.5108359133126935,0.030279746991202998,-0.32026143790849676,0.06849691078121536
B,D_onset,inline_vs_block,recall_memory,eeg_pope,False,recall,18,-0.4628918452475549,0.053059794675051716,-0.47681525643861955,0.045424867379600845,-0.38539206487382255,0.03150248941463599
B,D_onset,inline_vs_block,recall_trust_shift,eeg_pope,False,recall,18,-0.28078732748822494,0.2590455603474432,-0.1856564144082353,0.4607727867763846,-0.12571132112851685,0.48680424181476356
B,D_onset,inline_vs_block,trust,eeg_kislov,False,survey,18,0.1144722977806328,0.6510599276476106,0.10317853250732703,0.6837045094179333,0.07653852446596272,0.6698542506020864
B,D_onset,inline_vs_block,credibility,eeg_kislov,False,survey,18,0.26124014022091274,0.295052391288505,0.23037202375397275,0.357743269271993,0.13816088474679208,0.4256976668563025
B,D_onset,inline_vs_block,manipulation,eeg_kislov,False,survey,18,-0.06645728972226497,0.7933201131044786,-0.30506787069080465,0.21832964077409445,-0.29803938883920145,0.08737528034076754
B,D_onset,inline_vs_block,notice,eeg_kislov,False,survey,18,-0.341766328832629,0.16510122228068896,-0.5656682212470175,0.014414990892873082,-0.40400894931536196,0.020492927306024797
B,D_onset,inline_vs_block,helpfulness,eeg_kislov,False,survey,18,-0.07598252832949472,0.7644390280958767,-0.3262777925774193,0.1863641777778631,-0.22295201801997958,0.19747921511614253
B,D_onset,inline_vs_block,convincingness,eeg_kislov,False,survey,18,0.22834929025606726,0.3620970876909271,0.09504137302854482,0.7075643209836698,0.059211807748625174,0.7328104096282637
B,D_onset,inline_vs_block,relevance,eeg_kislov,False,survey,18,0.0651708137600787,0.797241351810733,0.031023851256692,0.9027388117430979,-0.019869292589280097,0.9092690452142217
B,D_onset,inline_vs_block,neutrality,eeg_kislov,False,survey,18,0.3790643062445451,0.12082088465447105,0.4749613436253572,0.04639014479880611,0.301640965556443,0.08122441376507922
B,D_onset,inline_vs_block,behaviour_pushing,eeg_kislov,False,item,18,-0.20674770080501578,0.4104319048696033,-0.3335081468016965,0.1762224688667906,-0.26005201560520186,0.13771711782511123
B,D_onset,inline_vs_block,behaviour_manipulate,eeg_kislov,False,item,18,0.11612965867781654,0.6463180700548578,-0.14523016927795393,0.5652999407623513,-0.16784572802307518,0.3404142655975749
B,D_onset,inline_vs_block,notice_brands,eeg_kislov,False,item,18,-0.3537117370028683,0.14987343781573323,-0.5510134599332377,0.01778627738671559,-0.420084025208403,0.01649432285531303
B,D_onset,inline_vs_block,notice_sponsored,eeg_kislov,False,item,18,-0.29308883920254186,0.23786319040544593,-0.5290572024835087,0.023969882198924673,-0.3908604611967771,0.028318303309902013
B,D_onset,inline_vs_block,duration_sec,eeg_kislov,False,process,18,-0.34148206814704607,0.1654759092697746,-0.08565531475748193,0.7354104124232368,-0.05882352941176472,0.7652367457549346
B,D_onset,inline_vs_block,reply_latency_ms_median,eeg_kislov,False,process,18,-0.245251597469388,0.32663969776337126,-0.11248710010319916,0.6567565630509025,-0.08496732026143793,0.6540288801767573
B,D_onset,inline_vs_block,user_msg_len_median,eeg_kislov,False,process,18,0.04968594092421499,0.8447776073563389,0.07327141382868937,0.7726309674360764,0.05882352941176472,0.7652367457549346
B,D_onset,inline_vs_block,recall_memory,eeg_kislov,False,recall,18,-0.47457507752585504,0.04659320682419361,-0.5915847929993376,0.009708367661095072,-0.4404480741415115,0.01397500617748317
B,D_onset,inline_vs_block,recall_trust_shift,eeg_kislov,False,recall,18,0.05251998519246145,0.8360343410066365,0.006293437776550348,0.980227280457432,0.0,1.0
B,D_onset,early_vs_late,trust,eeg_fz_theta,True,survey,18,0.0684307643285176,0.7873140576038522,0.1603971865112553,0.5249128450951906,0.11828681053830603,0.5116454495629974
B,D_onset,early_vs_late,credibility,eeg_fz_theta,True,survey,18,0.20029547317540256,0.425509019618421,0.3551884830589627,0.14806053448875517,0.24918166719880072,0.14975814235817383
B,D_onset,early_vs_late,manipulation,eeg_fz_theta,True,survey,18,0.13201098344739906,0.6015579061237076,0.11942080185481199,0.6369403090177943,0.0872797785719991,0.6197379588912667
B,D_onset,early_vs_late,notice,eeg_fz_theta,True,survey,18,0.3926710287231592,0.10698780840783027,0.35215145935582864,0.15180542041952713,0.26005201560520186,0.13771711782511123
B,D_onset,early_vs_late,helpfulness,eeg_fz_theta,True,survey,18,-0.01006482265300853,0.9683828966441878,0.023735810113519093,0.9255178937138382,0.019607843137254905,0.9405163052956534
B,D_onset,early_vs_late,convincingness,eeg_fz_theta,True,survey,18,-0.16260346524598365,0.5191513690876366,-0.09597523219814243,0.7048123642968974,-0.05882352941176472,0.7652367457549346
B,D_onset,early_vs_late,relevance,eeg_fz_theta,True,survey,18,-0.02668971172230557,0.9162777378188147,0.07330925086391382,0.7725164788805138,0.026229649178821125,0.8794869666961451
B,D_onset,early_vs_late,neutrality,eeg_fz_theta,True,survey,18,-0.23799336500624957,0.34160794571752395,-0.15098274278256774,0.5498243615224307,-0.11259265800592054,0.5184240444618575
B,D_onset,early_vs_late,behaviour_pushing,eeg_fz_theta,True,item,18,0.19621872732348505,0.4351834619681739,0.1946978894863169,0.43882162462575025,0.1702098687928473,0.3382980428729462
B,D_onset,early_vs_late,behaviour_manipulate,eeg_fz_theta,True,item,18,0.029955497305328725,0.9060738902101273,-0.12363920161044274,0.624996925246568,-0.09705387192756534,0.5891544654500582
B,D_onset,early_vs_late,notice_brands,eeg_fz_theta,True,item,18,0.11176350579226123,0.6588374641445083,0.34849075775433924,0.1564051917997196,0.2852799548276792,0.11203432898977633
B,D_onset,early_vs_late,notice_sponsored,eeg_fz_theta,True,item,18,0.49259078578690474,0.037816279927157394,0.3853402336498132,0.11429207235459096,0.2852799548276792,0.11203432898977633
B,D_onset,early_vs_late,duration_sec,eeg_fz_theta,True,process,18,0.1346986929742649,0.5941097287659521,-0.052631578947368425,0.8356904320597222,-0.05882352941176472,0.7652367457549346
B,D_onset,early_vs_late,reply_latency_ms_median,eeg_fz_theta,True,process,18,0.44382406485399983,0.06503524834307045,0.22187822497420018,0.37622542106556206,0.16339869281045755,0.3685805408753014
B,D_onset,early_vs_late,user_msg_len_median,eeg_fz_theta,True,process,18,0.1783142994086999,0.4789967857596302,0.11042311661506708,0.6626984309773882,0.09803921568627452,0.6009311332228355
B,D_onset,early_vs_late,recall_memory,eeg_fz_theta,True,recall,18,-0.07438258469843369,0.7692706198421614,-0.0667398120449566,0.7924595998415074,-0.061714809662649014,0.7298024715662994
B,D_onset,early_vs_late,recall_trust_shift,eeg_fz_theta,True,recall,18,-0.047835022032401316,0.8504972452239943,-0.1344033695347119,0.5949262641266797,-0.13967924569835205,0.43926357380100034
B,D_onset,early_vs_late,trust,eeg_posterior_alpha,True,survey,18,0.11122267583270379,0.6603943340144184,0.15201040551720274,0.5470797381138796,0.11828681053830603,0.5116454495629974
B,D_onset,early_vs_late,credibility,eeg_posterior_alpha,True,survey,18,0.22911942268052934,0.36043590320243507,0.2901394294754899,0.24283795709399494,0.19672236884115846,0.25547681145450307
B,D_onset,early_vs_late,manipulation,eeg_posterior_alpha,True,survey,18,0.4019542614007063,0.09822486710496557,0.3769543571591022,0.12307379590782765,0.2886946521996893,0.1007250098498078
B,D_onset,early_vs_late,notice,eeg_posterior_alpha,True,survey,18,0.38601940178555066,0.11360087864568535,0.32211501135194914,0.192376116101054,0.22004401320440156,0.2091213403512613
B,D_onset,early_vs_late,helpfulness,eeg_posterior_alpha,True,survey,18,0.09796908841301329,0.6989484346357553,0.15789473684210525,0.5314832784708439,0.11111111111111112,0.5498119171087916
B,D_onset,early_vs_late,convincingness,eeg_posterior_alpha,True,survey,18,0.2615473447907323,0.29446423620913725,0.11248710010319916,0.6567565630509025,0.05882352941176472,0.7652367457549346
B,D_onset,early_vs_late,relevance,eeg_posterior_alpha,True,survey,18,0.0962009399533607,0.7041477555639323,0.09086217008485094,0.7199217381548456,0.06557412294705281,0.7046514611141652
B,D_onset,early_vs_late,neutrality,eeg_posterior_alpha,True,survey,18,-0.17563869864773793,0.48572498676815307,-0.2957607153137971,0.23341302489325605,-0.24505460860112116,0.1598685556691365
B,D_onset,early_vs_late,behaviour_pushing,eeg_posterior_alpha,True,item,18,0.5032738354912671,0.033247410930699085,0.4945534625989333,0.03694275017127415,0.3880785008476918,0.029022822433737914
B,D_onset,early_vs_late,behaviour_manipulate,eeg_posterior_alpha,True,item,18,0.1996797106940063,0.4269629583989338,-0.003143369532468883,0.9901234782226163,0.013864838846795048,0.9385028847784713
B,D_onset,early_vs_late,notice_brands,eeg_posterior_alpha,True,item,18,0.4756205367980216,0.04604515573844538,0.43377097339815035,0.07210512907649541,0.31311214554257477,0.08113274381910794
B,D_onset,early_vs_late,notice_sponsored,eeg_posterior_alpha,True,item,18,0.1395308776813213,0.580815632450111,0.05369495059054775,0.8324147706362821,0.048706333751067185,0.7861507741314624
B,D_onset,early_vs_late,duration_sec,eeg_posterior_alpha,True,process,18,0.2228733586741755,0.3740330123409759,0.003095975232198142,0.990272385227047,-0.019607843137254905,0.9405163052956534
B,D_onset,early_vs_late,reply_latency_ms_median,eeg_posterior_alpha,True,process,18,0.16213774550683116,0.5203650901934077,0.15995872033023736,0.5260613631447345,0.09803921568627452,0.6009311332228355
B,D_onset,early_vs_late,user_msg_len_median,eeg_posterior_alpha,True,process,18,-0.1673477577768972,0.5068628904016996,-0.20123839009287925,0.42328766928815764,-0.12418300653594773,0.500867331358937
B,D_onset,early_vs_late,recall_memory,eeg_posterior_alpha,True,recall,18,0.40373535499386026,0.09660460787839402,0.2513171047317897,0.3144314468879973,0.1714300268406917,0.33735125961294865
B,D_onset,early_vs_late,recall_trust_shift,eeg_posterior_alpha,True,recall,18,-0.102203040546609,0.6865503671905334,-0.06300157946939619,0.8038637083169812,-0.04190377370950562,0.8165137695684377
B,D_onset,early_vs_late,trust,eeg_theta,False,survey,18,0.3380179235440719,0.17008846679112233,0.2180563058453667,0.3847118625234388,0.16003509661064932,0.3745917732062404
B,D_onset,early_vs_late,credibility,eeg_theta,False,survey,18,-0.011061996949101618,0.9652521337599803,0.09086217008485094,0.7199217381548456,0.05245929835764225,0.7617075639478075
B,D_onset,early_vs_late,manipulation,eeg_theta,False,survey,18,0.33887627088402283,0.16893755428882892,0.31464785184354815,0.2034795425227505,0.22155636099045922,0.20779931056450673
B,D_onset,early_vs_late,notice,eeg_theta,False,survey,18,0.2991883735146526,0.22778257594324508,0.27550672996661885,0.26848853136405554,0.19337201160386805,0.26970396043049116
B,D_onset,early_vs_late,helpfulness,eeg_theta,False,survey,18,0.23969415414627884,0.33806551545778607,0.24664602683178533,0.3238088129377634,0.17647058823529413,0.32967360092730164
B,D_onset,early_vs_late,convincingness,eeg_theta,False,survey,18,0.1455588172310817,0.5644107499757429,0.034055727554179564,0.8932828188388959,0.019607843137254905,0.9405163052956534
B,D_onset,early_vs_late,relevance,eeg_theta,False,survey,18,0.20678778131805053,0.4103391535088496,0.17759424152948136,0.4808029481019604,0.1049185967152845,0.5441970982678067
B,D_onset,early_vs_late,neutrality,eeg_theta,False,survey,18,0.10310471552195688,0.6839197186434987,0.036194493132807336,0.8866204667660114,0.04636168270832022,0.7903100546926698
B,D_onset,early_vs_late,behaviour_pushing,eeg_theta,False,item,18,0.4469105295692506,0.0629719039331831,0.49559462778335206,0.03648569137418738,0.37446171134426404,0.035154547257129895
B,D_onset,early_vs_late,behaviour_manipulate,eeg_theta,False,item,18,0.1422995166392976,0.5732558510866856,0.033529275013001424,0.8949238023812661,0.0,1.0
B,D_onset,early_vs_late,notice_brands,eeg_theta,False,item,18,0.3482565205886118,0.1567027258690698,0.486413081820256,0.04066944740334627,0.3966087176872614,0.027156695672146482
B,D_onset,early_vs_late,notice_sponsored,eeg_theta,False,item,18,0.12735105387727552,0.6145606052799087,0.11686548069707449,0.6442169543130505,0.09045461982341049,0.6143556313778687
B,D_onset,early_vs_late,duration_sec,eeg_theta,False,process,18,0.34439480538782896,0.1616638772989039,0.32094943240454077,0.19408223512614609,0.22875816993464054,0.20082494101911527
B,D_onset,early_vs_late,reply_latency_ms_median,eeg_theta,False,process,18,0.2661759712526703,0.2856885117261102,0.23839009287925697,0.340779724454077,0.16339869281045755,0.3685805408753014
B,D_onset,early_vs_late,user_msg_len_median,eeg_theta,False,process,18,0.013613927185896227,0.9572423103749318,-0.06914344685242517,0.785147870866694,-0.032679738562091505,0.8813527202442675
B,D_onset,early_vs_late,recall_memory,eeg_theta,False,recall,18,0.07896514849087975,0.7554541452081824,-0.04275519209130032,0.8662304735170155,-0.020571603220883007,0.9083425304820703
B,D_onset,early_vs_late,recall_trust_shift,eeg_theta,False,recall,18,-0.07806141574132117,0.7581734661703096,-0.15120379072655088,0.5492334825808546,-0.11174339655868165,0.5360811278119356
B,D_onset,early_vs_late,trust,eeg_alpha,False,survey,18,0.05315841709841649,0.8340672093986031,0.15515544838997244,0.5387183960662942,0.1322029058957538,0.4632615363806498
B,D_onset,early_vs_late,credibility,eeg_alpha,False,survey,18,0.16285808907533197,0.518488347450053,0.25296854171350547,0.31115511258803286,0.1836075442517479,0.28853665794721306
B,D_onset,early_vs_late,manipulation,eeg_alpha,False,survey,18,0.36178672198786427,0.14014497699297537,0.2834945991857711,0.2542859088878848,0.20812870274861323,0.23669104637981775
B,D_onset,early_vs_late,notice,eeg_alpha,False,survey,18,0.2412297869347152,0.33488544564715184,0.17607572967791432,0.48462286345849126,0.08668400520173396,0.620753980668016
B,D_onset,early_vs_late,helpfulness,eeg_alpha,False,survey,18,-0.004248810380686052,0.986650418374555,0.11248710010319916,0.6567565630509025,0.09803921568627452,0.6009311332228355
B,D_onset,early_vs_late,convincingness,eeg_alpha,False,survey,18,0.27134247514173077,0.27608362657510793,0.1393188854489164,0.5813962095847576,0.12418300653594773,0.500867331358937
B,D_onset,early_vs_late,relevance,eeg_alpha,False,survey,18,-0.023675451407182548,0.9257068014124729,-0.002065049320110249,0.9935114940673843,-0.013114824589410563,0.9395704158247962
B,D_onset,early_vs_late,neutrality,eeg_alpha,False,survey,18,0.010126901118107916,0.9681879796569829,-0.1933820061667135,0.441982172336073,-0.19206982836304093,0.27062738558725763
B,D_onset,early_vs_late,behaviour_pushing,eeg_alpha,False,item,18,0.3737738901868092,0.12652542952158047,0.3227612071698301,0.1914345450902596,0.2382938163099862,0.1800676044974031
B,D_onset,early_vs_late,behaviour_manipulate,eeg_alpha,False,item,18,0.27094736094739924,0.2768110629120167,0.0733452890909406,0.7724074373745952,0.05545935538718019,0.7576207236833965
B,D_onset,early_vs_late,notice_brands,eeg_alpha,False,item,18,0.5039035080917255,0.032992065018603384,0.3611248637756446,0.14092542730349356,0.27136385947023145,0.1306362553131165
B,D_onset,early_vs_late,notice_sponsored,eeg_alpha,False,item,18,-0.10759907161502023,0.6708594759689187,-0.17056043128762224,0.4986207360553559,-0.07653852446596272,0.6698542506020864
B,D_onset,early_vs_late,duration_sec,eeg_alpha,False,process,18,0.15059928502604433,0.5508500450956182,0.009287925696594427,0.9708223763257616,0.045751633986928116,0.8228244054912468
B,D_onset,early_vs_late,reply_latency_ms_median,eeg_alpha,False,process,18,0.0577439100426635,0.8199666154809677,0.05056759545923632,0.8420557303322882,0.032679738562091505,0.8813527202442675
B,D_onset,early_vs_late,user_msg_len_median,eeg_alpha,False,process,18,-0.07851688842109296,0.7568026146218569,-0.06501547987616099,0.7977151313810279,-0.006535947712418302,1.0
B,D_onset,early_vs_late,recall_memory,eeg_alpha,False,recall,18,0.5551048729233561,0.016788153690485752,0.39209639576412,0.10754798845776946,0.2811452440187344,0.1156179913666048
B,D_onset,early_vs_late,recall_trust_shift,eeg_alpha,False,recall,18,-0.21260755274353116,0.3969913054334159,-0.14175355380614144,0.5747432654752755,-0.09777547198884645,0.5882276571787108
B,D_onset,early_vs_late,trust,eeg_beta,False,survey,18,0.11094824377251765,0.6611848410672037,0.19079926761469584,0.44821954257464985,0.1322029058957538,0.4632615363806498
B,D_onset,early_vs_late,credibility,eeg_beta,False,survey,18,0.12241444965818023,0.62845553450631,-0.05988643028319721,0.8133959716121381,-0.13114824589410562,0.44839229084345344
B,D_onset,early_vs_late,manipulation,eeg_beta,False,survey,18,0.205153967452231,0.4141291046483018,0.042576111965628625,0.8667860283611826,0.006713829120923008,0.9695514186245345
B,D_onset,early_vs_late,notice,eeg_beta,False,survey,18,0.44143455958471733,0.06666688027226052,0.3842593865323895,0.11539820558075745,0.28672401720573537,0.10171684386357392
B,D_onset,early_vs_late,helpfulness,eeg_beta,False,survey,18,0.246844545578542,0.32340696913737943,0.32507739938080493,0.188084781422369,0.20261437908496735,0.2599200623942404
B,D_onset,early_vs_late,convincingness,eeg_beta,False,survey,18,0.31096725985175,0.20910416691578093,0.24045407636738902,0.3364896473643954,0.12418300653594773,0.500867331358937
B,D_onset,early_vs_late,relevance,eeg_beta,False,survey,18,0.1756987528330613,0.4855734670774847,0.10531751532562268,0.677478558145543,0.026229649178821125,0.8794869666961451
B,D_onset,early_vs_late,neutrality,eeg_beta,False,survey,18,0.24293230746126343,0.3313801901873506,0.1675287967861368,0.5063967214561229,0.11259265800592054,0.5184240444618575
B,D_onset,early_vs_late,behaviour_pushing,eeg_beta,False,item,18,0.2448140723978187,0.3275309150742322,0.05830525032745318,0.8182439853990977,0.006808394751713892,0.9694474222060183
B,D_onset,early_vs_late,behaviour_manipulate,eeg_beta,False,item,18,0.11579546081406876,0.6472732038764814,-0.09430108597406649,0.7097483017589195,-0.08318903308077029,0.6434288435636205
B,D_onset,early_vs_late,notice_brands,eeg_beta,False,item,18,0.5124385764862506,0.029678026835907714,0.26952759512118085,0.27943468110684294,0.20178338268299265,0.2610094229191857
B,D_onset,early_vs_late,notice_sponsored,eeg_beta,False,item,18,0.1892118495535287,0.4520754513574181,0.08106884697004266,0.7491347748518103,0.048706333751067185,0.7861507741314624
B,D_onset,early_vs_late,duration_sec,eeg_beta,False,process,18,0.13681013147659252,0.5882853800396487,-0.029927760577915376,0.9061604960497216,-0.032679738562091505,0.8813527202442675
B,D_onset,early_vs_late,reply_latency_ms_median,eeg_beta,False,process,18,0.11394376847456451,0.6525747920860542,0.38493292053663575,0.11470802686534462,0.2679738562091504,0.1310556703971877
B,D_onset,early_vs_late,user_msg_len_median,eeg_beta,False,process,18,-0.09875904823496544,0.6966296193445006,0.005159958720330237,0.9837879533049655,0.019607843137254905,0.9405163052956534
B,D_onset,early_vs_late,recall_memory,eeg_beta,False,recall,18,0.4996343198300007,0.03475331163074479,0.2680020577430288,0.28227069815302686,0.1714300268406917,0.33735125961294865
B,D_onset,early_vs_late,recall_trust_shift,eeg_beta,False,recall,18,-0.018095571960674222,0.9431855037820142,0.1344033695347119,0.5949262641266797,0.08380754741901124,0.642603018552367
B,D_onset,early_vs_late,trust,eeg_faa,False,survey,18,0.12753877306639594,0.6140346551527983,0.07233598607370337,0.7754628308983816,0.048706333751067185,0.7869817735907183
B,D_onset,early_vs_late,credibility,eeg_faa,False,survey,18,0.24324583965765506,0.3307370140796045,0.21992775259174147,0.3805432644054365,0.1442630704835162,0.4043329144956145
B,D_onset,early_vs_late,manipulation,eeg_faa,False,survey,18,0.3860062104726497,0.11361427518160803,0.32503226939614044,0.1881496747700151,0.22155636099045922,0.20779931056450673
B,D_onset,early_vs_late,notice,eeg_faa,False,survey,18,0.17903150373887516,0.47720111141912225,0.2672208132758935,0.28372984655065403,0.1667000100033345,0.3413486242601492
B,D_onset,early_vs_late,helpfulness,eeg_faa,False,survey,18,0.02577029273161638,0.9191527489775889,0.13725490196078433,0.5870615369663565,0.08496732026143793,0.6540288801767573
B,D_onset,early_vs_late,convincingness,eeg_faa,False,survey,18,0.3655052717343448,0.13581586823261488,0.38493292053663575,0.11470802686534462,0.2679738562091504,0.1310556703971877
B,D_onset,early_vs_late,relevance,eeg_faa,False,survey,18,-0.0033522071723737995,0.9894673400612255,0.008260197280440995,0.9740498495705485,-0.03934447376823169,0.8200898511292445
B,D_onset,early_vs_late,neutrality,eeg_faa,False,survey,18,0.1151986460868023,0.6489801980313494,0.10548109427275282,0.67700323941272,0.04636168270832022,0.7903100546926698
B,D_onset,early_vs_late,behaviour_pushing,eeg_faa,False,item,18,0.37506771526521465,0.1251131886902115,0.34566684122704383,0.16001802851773672,0.2791441848202696,0.11633255685164033
B,D_onset,early_vs_late,behaviour_manipulate,eeg_faa,False,item,18,0.316412936567934,0.20081777683413654,0.23889608446763513,0.3397250869177114,0.1386483884679505,0.4404006981390032
B,D_onset,early_vs_late,notice_brands,eeg_faa,False,item,18,0.37815960042505853,0.121783296074937,0.3800760228076026,0.11975100964965865,0.31311214554257477,0.08113274381910794
B,D_onset,early_vs_late,notice_sponsored,eeg_faa,False,item,18,-0.08379714043249185,0.7409618103689607,-0.12002400720240085,0.6352271652101429,-0.09045461982341049,0.6143556313778687
B,D_onset,early_vs_late,duration_sec,eeg_faa,False,process,18,0.06810425854195161,0.7883069639229067,0.31888544891640863,0.19712791388889878,0.21568627450980396,0.22906043853787195
B,D_onset,early_vs_late,reply_latency_ms_median,eeg_faa,False,process,18,0.018662644196414137,0.9414079210551185,-0.023735810113519093,0.9255178937138382,-0.032679738562091505,0.8813527202442675
B,D_onset,early_vs_late,user_msg_len_median,eeg_faa,False,process,18,0.1809463972036297,0.4724231112941697,0.1826625386996904,0.46816133789331493,0.11111111111111112,0.5498119171087916
B,D_onset,early_vs_late,recall_memory,eeg_faa,False,recall,18,0.45544462975605465,0.057520717296539126,0.4484081121770521,0.061988516584559415,0.3497172547550111,0.05032391546588081
B,D_onset,early_vs_late,recall_trust_shift,eeg_faa,False,recall,18,-0.328621473535908,0.18303514678387395,-0.20580515960002757,0.41261630235529856,-0.12571132112851685,0.4863701868712659
B,D_onset,early_vs_late,trust,eeg_delta,False,survey,18,0.4648531410758217,0.05192957222780279,0.4749014737882265,0.04642157460687705,0.35486043161491804,0.0489722527054012
B,D_onset,early_vs_late,credibility,eeg_delta,False,survey,18,0.03841896325625143,0.8796988131542531,-0.06504905358347284,0.7976127234434519,-0.1049185967152845,0.5441970982678067
B,D_onset,early_vs_late,manipulation,eeg_delta,False,survey,18,0.15725231625416153,0.5331760647119228,0.20872679280710618,0.40586548332724925,0.14099041153938316,0.4227907427822094
B,D_onset,early_vs_late,notice,eeg_delta,False,survey,18,0.07290349125078228,0.7737444723852671,0.0859663856662758,0.7344822806257376,0.02000400120040014,0.9090947320233526
B,D_onset,early_vs_late,helpfulness,eeg_delta,False,survey,18,0.39203220572470315,0.10761069384351991,0.4757481940144479,0.0459785720312123,0.281045751633987,0.11241795436508836
B,D_onset,early_vs_late,convincingness,eeg_delta,False,survey,18,0.46529134301818736,0.051679553660282054,0.4489164086687306,0.06165736262614077,0.33333333333333337,0.057364051643502896
B,D_onset,early_vs_late,relevance,eeg_delta,False,survey,18,0.4249453671911812,0.07876609583480178,0.44501812848375855,0.06423112266194621,0.2885261409670324,0.09535231907456679
B,D_onset,early_vs_late,neutrality,eeg_delta,False,survey,18,0.2913479872943936,0.24079156630879445,0.1675287967861368,0.5063967214561229,0.11259265800592054,0.5184240444618575
B,D_onset,early_vs_late,behaviour_pushing,eeg_delta,False,item,18,0.21370610206372573,0.394498583048268,0.2571678005514453,0.3029160579492331,0.1702098687928473,0.3382980428729462
B,D_onset,early_vs_late,behaviour_manipulate,eeg_delta,False,item,18,0.058752370814685005,0.8168724369867999,0.08591876722081614,0.7346243355191021,0.05545935538718019,0.7576207236833965
B,D_onset,early_vs_late,notice_brands,eeg_delta,False,item,18,0.2820355439171235,0.2568442017921763,0.23057243488882265,0.35731352189068627,0.16003509661064932,0.37268511641854984
B,D_onset,early_vs_late,notice_sponsored,eeg_delta,False,item,18,-0.1548041308944756,0.5396495226389747,-0.17477179996139067,0.48791478498854635,-0.11828681053830603,0.5099590030228609
B,D_onset,early_vs_late,duration_sec,eeg_delta,False,process,18,0.09037560516207853,0.7213648232865668,0.09391124871001032,0.7108992592881784,0.07189542483660132,0.7088807630470404
B,D_onset,early_vs_late,reply_latency_ms_median,eeg_delta,False,process,18,-0.1421125190919175,0.5737651193073711,-0.011351909184726523,0.9643420040748253,-0.019607843137254905,0.9405163052956534
B,D_onset,early_vs_late,user_msg_len_median,eeg_delta,False,process,18,-0.29836294965087196,0.22913040096163684,-0.281733746130031,0.2573753757323143,-0.16339869281045755,0.3685805408753014
B,D_onset,early_vs_late,recall_memory,eeg_delta,False,recall,18,0.24022215000587238,0.3369701454895095,0.09698128937782756,0.7018515480315655,0.08914361395715968,0.6178539120220703
B,D_onset,early_vs_late,recall_trust_shift,eeg_delta,False,recall,18,0.006344408576578454,0.9800671703827377,0.10920273774695341,0.6662207637924797,0.055871698279340826,0.757036321220002
B,D_onset,early_vs_late,trust,eeg_gamma,False,survey,18,-0.045320789185362254,0.8582779681453441,-0.11531823866822277,0.6486380087017029,-0.020874143036171654,0.907800180288968
B,D_onset,early_vs_late,credibility,eeg_gamma,False,survey,18,-0.08114822934053574,0.7488966102271202,-0.23851319647273372,0.34052296579455416,-0.15737789507292677,0.3629714323398304
B,D_onset,early_vs_late,manipulation,eeg_gamma,False,survey,18,0.4339113261335746,0.0720026783893023,0.4226457943905086,0.08057342807936366,0.32897762692522736,0.06143185368436749
B,D_onset,early_vs_late,notice,eeg_gamma,False,survey,18,0.5483081129489751,0.01847158819265357,0.5385845848971496,0.021108301498650225,0.420084025208403,0.01649432285531303
B,D_onset,early_vs_late,helpfulness,eeg_gamma,False,survey,18,0.1066536716018895,0.6735994367579043,-0.027863777089783277,0.9126078919940869,0.019607843137254905,0.9405163052956534
B,D_onset,early_vs_late,convincingness,eeg_gamma,False,survey,18,0.001167135945169454,0.9963327656566521,-0.16821465428276572,0.504632511085031,-0.11111111111111112,0.5498119171087916
B,D_onset,early_vs_late,relevance,eeg_gamma,False,survey,18,0.07084019432199087,0.7799967030192264,-0.07021167688374845,0.7819038190704463,-0.026229649178821125,0.8794869666961451
B,D_onset,early_vs_late,neutrality,eeg_gamma,False,survey,18,-0.13428600558261258,0.5952508903521257,-0.21716695879684403,0.38670165596577594,-0.15233124318448074,0.3822828750399321
B,D_onset,early_vs_late,behaviour_pushing,eeg_gamma,False,item,18,0.4252072720969835,0.07856215672884852,0.37169597083751404,0.12881689329058305,0.29276097432369735,0.09956675486633886
B,D_onset,early_vs_late,behaviour_manipulate,eeg_gamma,False,item,18,0.3515444217658792,0.15256167410026122,0.2849988376105121,0.2516652047225784,0.22183742154872077,0.21704390775694227
B,D_onset,early_vs_late,notice_brands,eeg_gamma,False,item,18,0.4480568768133406,0.06221811969725736,0.44324655291412945,0.0654268413586357,0.36877652697236585,0.03995416955420512
B,D_onset,early_vs_late,notice_sponsored,eeg_gamma,False,item,18,0.4126290483016487,0.08880159192326678,0.1410808505712431,0.5765782322344126,0.07653852446596272,0.6698542506020864
B,D_onset,early_vs_late,duration_sec,eeg_gamma,False,process,18,0.15821543904751312,0.5306391456284865,0.09803921568627451,0.6987424830235278,0.09803921568627452,0.6009311332228355
B,D_onset,early_vs_late,reply_latency_ms_median,eeg_gamma,False,process,18,0.199255914862306,0.42796514140281194,0.38906088751289986,0.11054194705770325,0.2679738562091504,0.1310556703971877
B,D_onset,early_vs_late,user_msg_len_median,eeg_gamma,False,process,18,0.018460644248272762,0.9420410938691426,0.021671826625386997,0.9319797351987382,0.045751633986928116,0.8228244054912468
B,D_onset,early_vs_late,recall_memory,eeg_gamma,False,recall,18,0.38073738871680607,0.1190552537117055,0.333699060224783,0.1759598228185165,0.1988588311352024,0.26574371008860154
B,D_onset,early_vs_late,recall_trust_shift,eeg_gamma,False,recall,18,0.10159531970833653,0.6883253384037483,0.17010426456736974,0.49978710441418983,0.12571132112851685,0.4863701868712659
B,D_onset,early_vs_late,trust,eeg_rel_delta,False,survey,18,0.4070667924630644,0.09362591551200028,0.356438192247234,0.146538202718768,0.27136385947023145,0.13217546224007576
B,D_onset,early_vs_late,credibility,eeg_rel_delta,False,survey,18,-0.012954803557174521,0.9593107784848534,-0.06608157824352796,0.7944648159908725,-0.03934447376823169,0.8200898511292445
B,D_onset,early_vs_late,manipulation,eeg_rel_delta,False,survey,18,-0.041181312942988914,0.8711150856058972,0.044652995476147095,0.8603466896992177,0.03356914560461504,0.8486395699292668
B,D_onset,early_vs_late,notice,eeg_rel_delta,False,survey,18,-0.16325183441395608,0.5174638420798381,-0.10875265656577061,0.6675214996641134,-0.1000200060020007,0.5680658323002197
B,D_onset,early_vs_late,helpfulness,eeg_rel_delta,False,survey,18,0.29855610330047677,0.22881454465019674,0.2693498452012384,0.27976422005657137,0.17647058823529413,0.32967360092730164
B,D_onset,early_vs_late,convincingness,eeg_rel_delta,False,survey,18,0.3338466150610812,0.1757570071620962,0.2280701754385965,0.36270020849471035,0.17647058823529413,0.32967360092730164
B,D_onset,early_vs_late,relevance,eeg_rel_delta,False,survey,18,0.3606253705847879,0.14151641198654213,0.357253532379073,0.14555084019013576,0.23606684260939015,0.17238620178886022
B,D_onset,early_vs_late,neutrality,eeg_rel_delta,False,survey,18,0.2744417408194952,0.27041848873250524,0.1747676954126983,0.48792516455643364,0.11259265800592054,0.5184240444618575
B,D_onset,early_vs_late,behaviour_pushing,eeg_rel_delta,False,item,18,-0.013369519222681895,0.9580092841478589,0.06455224143396603,0.7991284409802535,0.061275552765425026,0.7303108489809012
B,D_onset,early_vs_late,behaviour_manipulate,eeg_rel_delta,False,item,18,-0.06444304365633632,0.799461682823101,0.005238949220781473,0.98353980502137,0.0,1.0
B,D_onset,early_vs_late,notice_brands,eeg_rel_delta,False,item,18,0.008823072207503257,0.9722821493630177,0.06106484576964253,0.8097870462835381,0.048706333751067185,0.7861507741314624
B,D_onset,early_vs_late,notice_sponsored,eeg_rel_delta,False,item,18,-0.2569019305789433,0.30343378181912894,-0.24110085657324376,0.3351517703282009,-0.1322029058957538,0.4614755277235689
B,D_onset,early_vs_late,duration_sec,eeg_rel_delta,False,process,18,-0.07264699704467091,0.7745209920734432,-0.04850361197110423,0.848430360162973,-0.006535947712418302,1.0
B,D_onset,early_vs_late,reply_latency_ms_median,eeg_rel_delta,False,process,18,-0.2834375185587974,0.2543856916269769,-0.15789473684210525,0.5314832784708439,-0.09803921568627452,0.6009311332228355
B,D_onset,early_vs_late,user_msg_len_median,eeg_rel_delta,False,process,18,-0.3581240246977594,0.14450177162208508,-0.4055727554179567,0.09495342479222924,-0.2941176470588236,0.09587494421484961
B,D_onset,early_vs_late,recall_memory,eeg_rel_delta,False,recall,18,0.006912141419124379,0.9782838516544878,-0.050054859033717446,0.8436384641698478,-0.04800040751539368,0.7882103105502979
B,D_onset,early_vs_late,recall_trust_shift,eeg_rel_delta,False,recall,18,0.046068448472451895,0.8559628779586602,0.03990100033061759,0.8750918833506525,0.04190377370950562,0.8165137695684377
B,D_onset,early_vs_late,trust,eeg_rel_theta,False,survey,18,-0.3132031904451658,0.20567527254005238,-0.34071297788338545,0.1664925476813238,-0.2574477641127837,0.15318563172260205
B,D_onset,early_vs_late,credibility,eeg_rel_theta,False,survey,18,-0.036424922899980346,0.8859030912982887,0.03304078912176398,0.896446804939985,0.03934447376823169,0.8200898511292445
B,D_onset,early_vs_late,manipulation,eeg_rel_theta,False,survey,18,-0.16472209791734732,0.5136466715777324,-0.2294956279122909,0.35962599643588916,-0.18127338626492118,0.30272166723364125
B,D_onset,early_vs_late,notice,eeg_rel_theta,False,survey,18,-0.0030279679531734585,0.9904860561835103,-0.08700212525261648,0.7313945084889093,-0.07334800440146719,0.6754633688131806
B,D_onset,early_vs_late,helpfulness,eeg_rel_theta,False,survey,18,-0.29810529464899876,0.22955216937422868,-0.32094943240454077,0.19408223512614609,-0.18954248366013074,0.293450858549159
B,D_onset,early_vs_late,convincingness,eeg_rel_theta,False,survey,18,-0.5718312946913215,0.013158774403715837,-0.5294117647058824,0.02385823127966281,-0.32026143790849676,0.06849691078121536
B,D_onset,early_vs_late,relevance,eeg_rel_theta,False,survey,18,-0.3584020227525909,0.14416784813683328,-0.35105838441874226,0.15316904585524582,-0.22295201801997958,0.19747921511614253
B,D_onset,early_vs_late,neutrality,eeg_rel_theta,False,survey,18,-0.14654246114344577,0.5617530386872779,-0.05894531738771481,0.8162807267443484,-0.05960787776784029,0.7324398999038724
B,D_onset,early_vs_late,behaviour_pushing,eeg_rel_theta,False,item,18,-0.2030789768373542,0.4189692710019109,-0.24987964426051362,0.3172998608964151,-0.1702098687928473,0.3382980428729462
B,D_onset,early_vs_late,behaviour_manipulate,eeg_rel_theta,False,item,18,-0.08547350690671864,0.7359530279837857,-0.14459499849356863,0.5670201803709741,-0.09705387192756534,0.5891544654500582
B,D_onset,early_vs_late,notice_brands,eeg_rel_theta,False,item,18,-0.25444362703056744,0.3082459025490639,-0.2737389637949492,0.2716967384914149,-0.20178338268299265,0.2610094229191857
B,D_onset,early_vs_late,notice_sponsored,eeg_rel_theta,False,item,18,0.2351996636386169,0.3474730139819115,0.4095556035239818,0.09144440633712252,0.2574477641127837,0.15154949118968233
B,D_onset,early_vs_late,duration_sec,eeg_rel_theta,False,process,18,0.04064181684572298,0.8727904691655054,-0.1331269349845201,0.5984607651208831,-0.08496732026143793,0.6540288801767573
B,D_onset,early_vs_late,reply_latency_ms_median,eeg_rel_theta,False,process,18,0.3392533915644104,0.1684335639289645,0.005159958720330237,0.9837879533049655,0.032679738562091505,0.8813527202442675
B,D_onset,early_vs_late,user_msg_len_median,eeg_rel_theta,False,process,18,0.3928330258032791,0.10683026330597731,0.34365325077399383,0.1626286535167655,0.25490196078431376,0.15192280938479866
B,D_onset,early_vs_late,recall_memory,eeg_rel_theta,False,recall,18,-0.3101523265788956,0.21036313531916373,-0.24401743778937254,0.3291572743457595,-0.1714300268406917,0.33735125961294865
B,D_onset,early_vs_late,recall_trust_shift,eeg_rel_theta,False,recall,18,-0.17197534045058416,0.49501129748151435,-0.20685518592451752,0.41018319610258397,-0.12571132112851685,0.4863701868712659
B,D_onset,early_vs_late,trust,eeg_rel_alpha,False,survey,18,-0.34952890758397714,0.15509116067738835,-0.2526517774458335,0.3117819694044341,-0.1739511919680971,0.3344875674242497
B,D_onset,early_vs_late,credibility,eeg_rel_alpha,False,survey,18,0.05830226755078796,0.8182531367996495,0.24161077045289908,0.3340991873786975,0.15737789507292677,0.3629714323398304
B,D_onset,early_vs_late,manipulation,eeg_rel_alpha,False,survey,18,0.13938083917874347,0.581226513320021,-0.022845718615703163,0.9283040372965303,-0.03356914560461504,0.8486395699292668
B,D_onset,early_vs_late,notice,eeg_rel_alpha,False,survey,18,0.12231805598804456,0.6287280571005253,-0.01657183338145076,0.9479631603752283,0.033340002000666905,0.8490734377018059
B,D_onset,early_vs_late,helpfulness,eeg_rel_alpha,False,survey,18,-0.26062707978596406,0.2962282403862006,-0.2714138286893705,0.27595238461589006,-0.18954248366013074,0.293450858549159
B,D_onset,early_vs_late,convincingness,eeg_rel_alpha,False,survey,18,-0.14810353317340738,0.5575464231702125,-0.2115583075335397,0.39938013616939916,-0.16339869281045755,0.3685805408753014
B,D_onset,early_vs_late,relevance,eeg_rel_alpha,False,survey,18,-0.2863219218258359,0.24937421515106084,-0.31801759529697826,0.19841791944341453,-0.19672236884115846,0.25547681145450307
B,D_onset,early_vs_late,neutrality,eeg_rel_alpha,False,survey,18,-0.22933716018261216,0.35996702502609007,-0.27714640455978184,0.2655338726040415,-0.17882363330352086,0.3050588592616783
B,D_onset,early_vs_late,behaviour_pushing,eeg_rel_alpha,False,item,18,0.15118613831584185,0.5492806585056479,-0.01978213850395733,0.9378994599922151,-0.020425184255141674,0.9085211981059551
B,D_onset,early_vs_late,behaviour_manipulate,eeg_rel_alpha,False,item,18,0.09610702944581397,0.7044242554058119,-0.06601076018184655,0.7946806264979432,-0.06932419423397525,0.6996756256347049
B,D_onset,early_vs_late,notice_brands,eeg_rel_alpha,False,item,18,0.16212908741622833,0.5203876666998675,-0.04948358191677929,0.8454025749280123,-0.048706333751067185,0.7861507741314624
B,D_onset,early_vs_late,notice_sponsored,eeg_rel_alpha,False,item,18,0.03345080193437095,0.8951684425089387,0.10423137467576914,0.6806375393423957,0.06262242910851495,0.7272167729876465
B,D_onset,early_vs_late,duration_sec,eeg_rel_alpha,False,process,18,0.056093800921475596,0.8250349532818964,-0.08152734778121776,0.7477594697936525,-0.11111111111111112,0.5498119171087916
B,D_onset,early_vs_late,reply_latency_ms_median,eeg_rel_alpha,False,process,18,0.1578101098443118,0.5317061309231066,-0.009287925696594427,0.9708223763257616,0.006535947712418302,1.0
B,D_onset,early_vs_late,user_msg_len_median,eeg_rel_alpha,False,process,18,0.17934489928928946,0.476417504217446,0.2528379772961816,0.31141340050989863,0.17647058823529413,0.32967360092730164
B,D_onset,early_vs_late,recall_memory,eeg_rel_alpha,False,recall,18,0.20664519128429543,0.41066917596516433,0.10323814675704222,0.6835307243890306,0.061714809662649014,0.7298024715662994
B,D_onset,early_vs_late,recall_trust_shift,eeg_rel_alpha,False,recall,18,-0.06009778029660051,0.812748441767122,-0.1690542382428798,0.5024768644055098,-0.16761509483802248,0.3533428063349041
B,D_onset,early_vs_late,trust,eeg_rel_beta,False,survey,18,-0.3815864090810391,0.11816628112870921,-0.25474847269434664,0.30764670799640786,-0.20178338268299265,0.262912998550241
B,D_onset,early_vs_late,credibility,eeg_rel_beta,False,survey,18,0.03594763441297077,0.8873890820054786,0.14248840308760716,0.5727416351909128,0.11803342130469507,0.4950567081996511
B,D_onset,early_vs_late,manipulation,eeg_rel_beta,False,survey,18,-0.0004115964186498253,0.9987067275844593,-0.09345975797333111,0.7122329866861454,-0.1007074368138451,0.5669402309904099
B,D_onset,early_vs_late,notice,eeg_rel_beta,False,survey,18,0.14549292120169247,0.5645889897347539,0.12428875036088068,0.6231656620644204,0.12669200760253424,0.46959204156618084
B,D_onset,early_vs_late,helpfulness,eeg_rel_beta,False,survey,18,-0.2372131593102028,0.34324011422187145,-0.19504643962848298,0.43798642970216684,-0.12418300653594773,0.500867331358937
B,D_onset,early_vs_late,convincingness,eeg_rel_beta,False,survey,18,-0.2163486900217648,0.3885374163536536,-0.14344685242518057,0.5701354475609234,-0.12418300653594773,0.500867331358937
B,D_onset,early_vs_late,relevance,eeg_rel_beta,False,survey,18,-0.31048887648082785,0.20984261002993956,-0.2870418554953245,0.24813315689880794,-0.1836075442517479,0.28853665794721306
B,D_onset,early_vs_late,neutrality,eeg_rel_beta,False,survey,18,-0.2139266078415425,0.39399926473369395,-0.1582216414091292,0.5306228262068208,-0.12583885306544063,0.47044799993646313
B,D_onset,early_vs_late,behaviour_pushing,eeg_rel_beta,False,item,18,-0.007210125540408115,0.9773478855553409,-0.11765166583932515,0.6419748607673892,-0.08850913177228059,0.6185422462492305
B,D_onset,early_vs_late,behaviour_manipulate,eeg_rel_beta,False,item,18,0.007505781942613743,0.9764192586279711,-0.06496297033769025,0.7978753044902169,-0.08318903308077029,0.6434288435636205
B,D_onset,early_vs_late,notice_brands,eeg_rel_beta,False,item,18,0.010523439699844244,0.966942949438385,-0.06317053010652675,0.8033474639848416,-0.048706333751067185,0.7861507741314624
B,D_onset,early_vs_late,notice_sponsored,eeg_rel_beta,False,item,18,0.21162625769200455,0.3992251972123735,0.2516292782576649,0.31381055350204834,0.1739511919680971,0.33255874107804095
B,D_onset,early_vs_late,duration_sec,eeg_rel_beta,False,process,18,0.0605484408194447,0.8113681036592302,-0.005159958720330237,0.9837879533049655,-0.019607843137254905,0.9405163052956534
B,D_onset,early_vs_late,reply_latency_ms_median,eeg_rel_beta,False,process,18,0.21800462182274893,0.38482734359344584,0.11867905056759545,0.6390493358496443,0.045751633986928116,0.8228244054912468
B,D_onset,early_vs_late,user_msg_len_median,eeg_rel_beta,False,process,18,0.27815605202365745,0.26372460358556443,0.2982456140350877,0.22932241176613294,0.21568627450980396,0.22906043853787195
B,D_onset,early_vs_late,recall_memory,eeg_rel_beta,False,recall,18,0.028690993691106982,0.9100232176539884,0.07612509811377861,0.7640088871710508,0.04800040751539368,0.7882103105502979
B,D_onset,early_vs_late,recall_trust_shift,eeg_rel_beta,False,recall,18,0.01226083089387124,0.9614888772197164,-0.023100579138778606,0.927506196408465,-0.027935849139670413,0.87706770353642
B,D_onset,early_vs_late,trust,eeg_rel_gamma,False,survey,18,-0.33084096503155846,0.17991939586798103,-0.2704736870581952,0.27768468590172984,-0.18786728732554486,0.2972617488103676
B,D_onset,early_vs_late,credibility,eeg_rel_gamma,False,survey,18,-0.04352893446011278,0.8638308048533029,-0.010325246600551244,0.9675652164038242,-0.03934447376823169,0.8200898511292445
B,D_onset,early_vs_late,manipulation,eeg_rel_gamma,False,survey,18,0.2006288657750695,0.42472290293766574,0.2128805598281431,0.39637102478993635,0.12756275329753713,0.4683003971000952
B,D_onset,early_vs_late,notice,eeg_rel_gamma,False,survey,18,0.32628229024808003,0.18635775077072259,0.3739019906689827,0.12638510771934308,0.3000600180060021,0.0867664429350236
B,D_onset,early_vs_late,helpfulness,eeg_rel_gamma,False,survey,18,-0.2351749922055032,0.3475250648880547,-0.1991744066047472,0.42815803191920493,-0.12418300653594773,0.500867331358937
B,D_onset,early_vs_late,convincingness,eeg_rel_gamma,False,survey,18,-0.2655352529045166,0.2868936734563528,-0.31888544891640863,0.19712791388889878,-0.20261437908496735,0.2599200623942404
B,D_onset,early_vs_late,relevance,eeg_rel_gamma,False,survey,18,-0.279922777020098,0.26057717621252774,-0.21063503065124536,0.40148861214471093,-0.13114824589410562,0.44839229084345344
B,D_onset,early_vs_late,neutrality,eeg_rel_gamma,False,survey,18,-0.3914640354209964,0.10816686180148831,-0.372286215080304,0.12816305534604241,-0.29803938883920145,0.08737528034076754
B,D_onset,early_vs_late,behaviour_pushing,eeg_rel_gamma,False,item,18,0.11291849751058973,0.6555170984330981,0.1384749695277013,0.5837098430625889,0.11574271077913616,0.514967229779125
B,D_onset,early_vs_late,behaviour_manipulate,eeg_rel_gamma,False,item,18,0.25892406025472514,0.29950945244042626,0.1288781508312242,0.6102872096260028,0.08318903308077029,0.6434288435636205
B,D_onset,early_vs_late,notice_brands,eeg_rel_gamma,False,item,18,0.022003581660632283,0.930940805914457,0.0926501108229059,0.7146267160129773,0.09045461982341049,0.6143556313778687
B,D_onset,early_vs_late,notice_sponsored,eeg_rel_gamma,False,item,18,0.4760973209967436,0.04579684705194435,0.5274739263894983,0.024473444623814383,0.3826926223298136,0.03302820634650494
B,D_onset,early_vs_late,duration_sec,eeg_rel_gamma,False,process,18,0.10032229968844332,0.6920484674884892,-0.04850361197110423,0.848430360162973,-0.045751633986928116,0.8228244054912468
B,D_onset,early_vs_late,reply_latency_ms_median,eeg_rel_gamma,False,process,18,0.29239080669529444,0.23903464805919786,0.2260061919504644,0.3671777255550172,0.12418300653594773,0.500867331358937
B,D_onset,early_vs_late,user_msg_len_median,eeg_rel_gamma,False,process,18,0.4349703511120412,0.07123310470106123,0.2672858617131063,0.2836081785098672,0.16339869281045755,0.3685805408753014
B,D_onset,early_vs_late,recall_memory,eeg_rel_gamma,False,recall,18,0.0024444501647807966,0.9923194250500784,0.10428095632024469,0.6804932231215575,0.061714809662649014,0.7298024715662994
B,D_onset,early_vs_late,recall_trust_shift,eeg_rel_gamma,False,recall,18,0.050190224628538574,0.8432205569943493,0.08190205331021505,0.7466360522196268,0.08380754741901124,0.642603018552367
B,D_onset,early_vs_late,trust,eeg_engagement,False,survey,18,0.05437737630091844,0.8303139731743238,0.09749632905586107,0.7003373680060699,0.06262242910851495,0.7282599259614428
B,D_onset,early_vs_late,credibility,eeg_engagement,False,survey,18,0.024568060836969483,0.9229135471724719,-0.18069181550964677,0.47305696358347027,-0.19672236884115846,0.25547681145450307
B,D_onset,early_vs_late,manipulation,eeg_engagement,False,survey,18,-0.02673879510474615,0.9161242822111854,-0.21080367631762467,0.4011030287244401,-0.18127338626492118,0.30272166723364125
B,D_onset,early_vs_late,notice,eeg_engagement,False,survey,18,0.2577596645257654,0.3017654365099624,0.15846815671012288,0.5299743906497509,0.1000200060020007,0.5680658323002197
B,D_onset,early_vs_late,helpfulness,eeg_engagement,False,survey,18,0.20868787899855756,0.4059550054597021,0.24458204334365324,0.3280041243603068,0.13725490196078433,0.45426317422034246
B,D_onset,early_vs_late,convincingness,eeg_engagement,False,survey,18,0.13527563837828874,0.5925158776058642,0.17234262125902994,0.49407642787678363,0.11111111111111112,0.5498119171087916
B,D_onset,early_vs_late,relevance,eeg_engagement,False,survey,18,0.1466143270652091,0.5615590781806811,0.12493548386667004,0.621344423246854,0.07868894753646338,0.6492108060096153
B,D_onset,early_vs_late,neutrality,eeg_engagement,False,survey,18,0.4009818771084736,0.0991176597995537,0.3071361274412508,0.2150657737944827,0.23180841354160114,0.18366985885429898
B,D_onset,early_vs_late,behaviour_pushing,eeg_engagement,False,item,18,-0.07415480694810384,0.7699591373360992,-0.2977732427437788,0.23009645637199036,-0.25191060581341396,0.15643919671687223
B,D_onset,early_vs_late,behaviour_manipulate,eeg_engagement,False,item,18,0.03356273407189248,0.8948194963772309,-0.08172760784419095,0.7471590028735672,-0.06932419423397525,0.6996756256347049
B,D_onset,early_vs_late,notice_brands,eeg_engagement,False,item,18,0.31839995693672224,0.19784888026853298,0.02421536987416859,0.9240171267600423,-0.006958047678723884,0.9690826024344512
B,D_onset,early_vs_late,notice_sponsored,eeg_engagement,False,item,18,0.09240636306340345,0.7153478562908054,-0.0926501108229059,0.7146267160129773,-0.07653852446596272,0.6698542506020864
B,D_onset,early_vs_late,duration_sec,eeg_engagement,False,process,18,0.04963010198675414,0.8449500520917526,-0.11661506707946334,0.6449317151979074,-0.12418300653594773,0.500867331358937
B,D_onset,early_vs_late,reply_latency_ms_median,eeg_engagement,False,process,18,0.04110984545396602,0.8713369951910284,0.15995872033023736,0.5260613631447345,0.09803921568627452,0.6009311332228355
B,D_onset,early_vs_late,user_msg_len_median,eeg_engagement,False,process,18,-0.0708964319532334,0.7798261187442848,-0.09391124871001032,0.7108992592881784,-0.045751633986928116,0.8228244054912468
B,D_onset,early_vs_late,recall_memory,eeg_engagement,False,recall,18,0.33730949891082634,0.17104234033014212,0.2513171047317897,0.3144314468879973,0.18514442898794703,0.30012521821784044
B,D_onset,early_vs_late,recall_trust_shift,eeg_engagement,False,recall,18,-0.031887260720345235,0.9000446371718328,0.14805371175308107,0.5576804626486038,0.11174339655868165,0.5360811278119356
B,D_onset,early_vs_late,trust,eeg_pope,False,survey,18,0.02422518927029049,0.9239863998075413,0.23482986783347182,0.3482536650996316,0.20178338268299265,0.262912998550241
B,D_onset,early_vs_late,credibility,eeg_pope,False,survey,18,0.07120783286213159,0.7788817271390017,0.1652039456088199,0.5123985603835293,0.11803342130469507,0.4950567081996511
B,D_onset,early_vs_late,manipulation,eeg_pope,False,survey,18,0.08739580637051585,0.7302218832789915,-0.007269092286814643,0.9771626747057772,0.006713829120923008,0.9695514186245345
B,D_onset,early_vs_late,notice,eeg_pope,False,survey,18,0.335599589503387,0.17335955486593352,0.32211501135194914,0.192376116101054,0.24671601480493507,0.15906421388404401
B,D_onset,early_vs_late,helpfulness,eeg_pope,False,survey,18,0.21741007780164803,0.38615714815514646,0.3126934984520124,0.2064536417438368,0.18954248366013074,0.293450858549159
B,D_onset,early_vs_late,convincingness,eeg_pope,False,survey,18,0.26623339564198945,0.2855806501053158,0.3560371517027864,0.1470255476478887,0.2941176470588236,0.09587494421484961
B,D_onset,early_vs_late,relevance,eeg_pope,False,survey,18,0.13860696692533406,0.5833477109799103,0.21889522793168634,0.3828400792176455,0.1836075442517479,0.28853665794721306
B,D_onset,early_vs_late,neutrality,eeg_pope,False,survey,18,0.10919048706357468,0.6662561563279239,0.05274054713637641,0.8353546419282825,0.019869292589280097,0.9092690452142217
B,D_onset,early_vs_late,behaviour_pushing,eeg_pope,False,item,18,0.03944570662400801,0.8765067693343662,-0.08329321475350455,0.7424694294323767,-0.08850913177228059,0.6185422462492305
B,D_onset,early_vs_late,behaviour_manipulate,eeg_pope,False,item,18,0.12401015853365302,0.6239508350819101,-0.05867623127275248,0.8171059604578148,-0.05545935538718019,0.7576207236833965
B,D_onset,early_vs_late,notice_brands,eeg_pope,False,item,18,0.24573035802542156,0.3256661167181526,0.11791832286551661,0.6412150584314312,0.048706333751067185,0.7861507741314624
B,D_onset,early_vs_late,notice_sponsored,eeg_pope,False,item,18,0.279424830235144,0.2614618862490173,0.14529221924501154,0.5651320116766948,0.09045461982341049,0.6143556313778687
B,D_onset,early_vs_late,duration_sec,eeg_pope,False,process,18,0.15280440156436198,0.544963379878711,-0.15376676986584106,0.5424031647570589,-0.12418300653594773,0.500867331358937
B,D_onset,early_vs_late,reply_latency_ms_median,eeg_pope,False,process,18,0.115582780261581,0.647881315819099,0.07120743034055728,0.7788829476841139,0.07189542483660132,0.7088807630470404
B,D_onset,early_vs_late,user_msg_len_median,eeg_pope,False,process,18,0.16036520525263243,0.5249965775882879,-0.11455108359133126,0.6508342238705321,-0.12418300653594773,0.500867331358937
B,D_onset,early_vs_late,recall_memory,eeg_pope,False,recall,18,0.26538391654931326,0.28717878165005284,0.42650911134980074,0.07755419188311759,0.3085740483132451,0.08417816990337716
B,D_onset,early_vs_late,recall_trust_shift,eeg_pope,False,recall,18,0.09862583865527678,0.6970204585314647,0.09345234287960436,0.7122548979088853,0.06983962284917603,0.6989644773263928
B,D_onset,early_vs_late,trust,eeg_kislov,False,survey,18,0.21645317491994678,0.388302741418796,0.056610771709854804,0.8234463508691235,0.020874143036171654,0.907800180288968
B,D_onset,early_vs_late,credibility,eeg_kislov,False,survey,18,0.00939229016537946,0.9704946539882863,-0.16417142094876477,0.5150748149569953,-0.1442630704835162,0.4043329144956145
B,D_onset,early_vs_late,manipulation,eeg_kislov,False,survey,18,0.1362144377762693,0.5899261723791515,-0.012461301063110814,0.9608596553611006,-0.020141487362769023,0.9088313681697758
B,D_onset,early_vs_late,notice,eeg_kislov,False,survey,18,0.3993666745507601,0.10061354021625556,0.27550672996661885,0.26848853136405554,0.18003601080360127,0.3041266150234101
B,D_onset,early_vs_late,helpfulness,eeg_kislov,False,survey,18,0.3093799348034027,0.21156094119194352,0.2260061919504644,0.3671777255550172,0.11111111111111112,0.5498119171087916
B,D_onset,early_vs_late,convincingness,eeg_kislov,False,survey,18,0.14337745564545618,0.5703239777493723,-0.027863777089783277,0.9126078919940869,0.006535947712418302,1.0
B,D_onset,early_vs_late,relevance,eeg_kislov,False,survey,18,0.2972083588884821,0.2310242938202462,0.22922047453223757,0.3602182541030729,0.15737789507292677,0.3629714323398304
B,D_onset,early_vs_late,neutrality,eeg_kislov,False,survey,18,0.35515318912440164,0.14810368537322918,0.3216139246943738,0.19310835950911054,0.23180841354160114,0.18366985885429898
B,D_onset,early_vs_late,behaviour_pushing,eeg_kislov,False,item,18,0.10930341124686856,0.6659299409092259,-0.05205825922094034,0.837457585380331,-0.061275552765425026,0.7303108489809012
B,D_onset,early_vs_late,behaviour_manipulate,eeg_kislov,False,item,18,0.13820370545107216,0.5844543469023592,0.1341171000520057,0.5957182075287504,0.12478354962115544,0.48745329036403495
B,D_onset,early_vs_late,notice_brands,eeg_kislov,False,item,18,0.41110804431651216,0.09010245222888764,0.12949958671837983,0.6085516131069567,0.06262242910851495,0.7272167729876465
B,D_onset,early_vs_late,notice_sponsored,eeg_kislov,False,item,18,0.22065732666494117,0.3789249702828689,0.17161327345606434,0.495933730161089,0.1322029058957538,0.4614755277235689
B,D_onset,early_vs_late,duration_sec,eeg_kislov,False,process,18,0.2422321428052984,0.3328191317513766,0.11867905056759545,0.6390493358496443,0.08496732026143793,0.6540288801767573
B,D_onset,early_vs_late,reply_latency_ms_median,eeg_kislov,False,process,18,0.1492282948346651,0.5545241399737932,0.038183694530443756,0.8804304907652737,-0.006535947712418302,1.0
B,D_onset,early_vs_late,user_msg_len_median,eeg_kislov,False,process,18,0.08175192913408469,0.7470860864752368,-0.17440660474716205,0.4888387099593369,-0.12418300653594773,0.500867331358937
B,D_onset,early_vs_late,recall_memory,eeg_kislov,False,recall,18,0.2885712917359674,0.24550960162423385,0.2554883429845995,0.30619533930604553,0.18514442898794703,0.30012521821784044
B,D_onset,early_vs_late,recall_trust_shift,eeg_kislov,False,recall,18,-0.045588206970577805,0.857449794767516,-0.011550289569389303,0.9637192470220071,-0.027935849139670413,0.87706770353642
B,D_onset,any_ad_vs_matched,trust,eeg_fz_theta,True,survey,18,-0.043962793383760496,0.8624857383866482,-0.06835881269848437,0.7875328362481276,-0.060012003601200424,0.7319434822752744
B,D_onset,any_ad_vs_matched,credibility,eeg_fz_theta,True,survey,18,-0.17013466099812372,0.49970934344467566,0.0217054524433213,0.9318744272669706,0.05280786895875597,0.7613748606722314
B,D_onset,any_ad_vs_matched,manipulation,eeg_fz_theta,True,survey,18,-0.2731285864833571,0.27280995071540676,-0.27789271026824525,0.2641957653290575,-0.19079360274557003,0.27131787434398436
B,D_onset,any_ad_vs_matched,notice,eeg_fz_theta,True,survey,18,-0.07853347789467426,0.7567526977305441,-0.1518595851651749,0.5474821569931465,-0.15131906424648656,0.3829685352947504
B,D_onset,any_ad_vs_matched,helpfulness,eeg_fz_theta,True,survey,18,0.13503153019446584,0.593190027124951,0.22945764011511086,0.3597077309260151,0.18482754135564586,0.28784296626435435
B,D_onset,any_ad_vs_matched,convincingness,eeg_fz_theta,True,survey,18,0.23493934331828925,0.34802245399260673,0.2044398826909146,0.4157914130826392,0.15737789507292677,0.3629714323398304
B,D_onset,any_ad_vs_matched,relevance,eeg_fz_theta,True,survey,18,0.15194586284683081,0.5472519346978513,0.0662185350292942,0.7940474950603073,0.03311548764880016,0.8492889772133476
B,D_onset,any_ad_vs_matched,neutrality,eeg_fz_theta,True,survey,18,-0.22155935675378338,0.3769294401255226,-0.1386450577175847,0.5832432272710468,-0.09934646294640048,0.5686253685209852
B,D_onset,any_ad_vs_matched,behaviour_pushing,eeg_fz_theta,True,item,18,-0.06964016008392292,0.783639006023291,-0.1489144860321216,0.5553666297961469,-0.08610026788688042,0.6214268342178599
B,D_onset,any_ad_vs_matched,behaviour_manipulate,eeg_fz_theta,True,item,18,-0.4137706763876293,0.08783420461867718,-0.3669255055894791,0.1341873035713921,-0.2772413120334688,0.11086926115734927
B,D_onset,any_ad_vs_matched,notice_brands,eeg_fz_theta,True,item,18,0.03822004448574896,0.8803174376261244,-0.08677690580867137,0.7320656059120273,-0.07236998724831965,0.6764927897184035
B,D_onset,any_ad_vs_matched,notice_sponsored,eeg_fz_theta,True,item,18,-0.1859456042897638,0.4600622307827999,-0.19003484121243994,0.4500742594795226,-0.16784572802307518,0.3399456642160994
B,D_onset,any_ad_vs_matched,duration_sec,eeg_fz_theta,True,process,18,-0.18100938489594715,0.47226635100904457,-0.1867905056759546,0.45798943476882836,-0.13725490196078433,0.45426317422034246
B,D_onset,any_ad_vs_matched,reply_latency_ms_median,eeg_fz_theta,True,process,18,-0.267401944735985,0.28339113348141176,-0.16821465428276572,0.504632511085031,-0.17647058823529413,0.32967360092730164
B,D_onset,any_ad_vs_matched,user_msg_len_median,eeg_fz_theta,True,process,18,-0.3150195844596035,0.20291704969881233,-0.05369128232286646,0.8324260660622459,-0.026229649178821125,0.8794869666961451
B,D_onset,any_ad_vs_matched,recall_memory,eeg_fz_theta,True,recall,18,-0.07527285957300996,0.7665811119726325,0.05791118901249174,0.8194531906616813,0.03311548764880016,0.8493606187801608
B,D_onset,any_ad_vs_matched,recall_trust_shift,eeg_fz_theta,True,recall,18,0.4046318694940553,0.0957963859025005,0.4528536313400225,0.05913682747449711,0.33453985245987516,0.056859711821994285
B,D_onset,any_ad_vs_matched,trust,eeg_posterior_alpha,True,survey,18,0.7843813626985693,0.0001163842325418751,0.8026981794140211,6.0878676872804045e-05,0.6467960388129379,0.00022264167419884168
B,D_onset,any_ad_vs_matched,credibility,eeg_posterior_alpha,True,survey,18,0.5164243668476575,0.02822172193496898,0.41240359642310465,0.08899354604382428,0.29044327927315783,0.09487640616430282
B,D_onset,any_ad_vs_matched,manipulation,eeg_posterior_alpha,True,survey,18,-0.3440550749932743,0.16210538769563201,-0.3997936017613788,0.10021658432530277,-0.2039517822452645,0.2396360279254658
B,D_onset,any_ad_vs_matched,notice,eeg_posterior_alpha,True,survey,18,-0.0722519609023807,0.775717336710678,-0.08161161379625045,0.7475067867091654,-0.019737269249541726,0.9093991240492342
B,D_onset,any_ad_vs_matched,helpfulness,eeg_posterior_alpha,True,survey,18,0.4957292753518743,0.03642690138411534,0.35452238990758117,0.1488763719867552,0.25083737755409086,0.14917257070800435
B,D_onset,any_ad_vs_matched,convincingness,eeg_posterior_alpha,True,survey,18,0.5868523974199843,0.010459830147982095,0.4202375366424356,0.08249854795711091,0.2885261409670324,0.09535231907456679
B,D_onset,any_ad_vs_matched,relevance,eeg_posterior_alpha,True,survey,18,0.38156661662817315,0.11818695132668436,0.2359035310418606,0.34598990569688787,0.13908504812496067,0.4248078089621833
B,D_onset,any_ad_vs_matched,neutrality,eeg_posterior_alpha,True,survey,18,0.6363634522229111,0.004520921272143171,0.5380255971130152,0.021268406276238865,0.3907627542558419,0.024941765069916126
B,D_onset,any_ad_vs_matched,behaviour_pushing,eeg_posterior_alpha,True,item,18,-0.38598037611879416,0.11364051470296534,-0.39296878258476536,0.10669836513198049,-0.24505460860112116,0.1598685556691365
B,D_onset,any_ad_vs_matched,behaviour_manipulate,eeg_posterior_alpha,True,item,18,-0.22923933745345937,0.36017763471626235,-0.3400520882787003,0.1673695362685792,-0.25083737755409086,0.14917257070800435
B,D_onset,any_ad_vs_matched,notice_brands,eeg_posterior_alpha,True,item,18,-0.10989929523416976,0.6642094969951905,-0.21177697250925748,0.39888165602503994,-0.13816088474679208,0.4256976668563025
B,D_onset,any_ad_vs_matched,notice_sponsored,eeg_posterior_alpha,True,item,18,0.0029231304813069157,0.990815444521688,0.04672987898666556,0.8539157227653857,0.04699680384646105,0.7893179991653149
B,D_onset,any_ad_vs_matched,duration_sec,eeg_posterior_alpha,True,process,18,-0.011555074330677123,0.9637042269122101,0.08152734778121776,0.7477594697936525,0.05882352941176472,0.7652367457549346
B,D_onset,any_ad_vs_matched,reply_latency_ms_median,eeg_posterior_alpha,True,process,18,-0.022058585300954173,0.9307685658723458,0.07120743034055728,0.7788829476841139,0.045751633986928116,0.8228244054912468
B,D_onset,any_ad_vs_matched,user_msg_len_median,eeg_posterior_alpha,True,process,18,-0.0891686818579897,0.7249482515115946,0.12700053318678028,0.6155431702638512,0.09180377212587396,0.5956484277285694
B,D_onset,any_ad_vs_matched,recall_memory,eeg_posterior_alpha,True,recall,18,0.1183299683105815,0.6400427976858265,0.23164475604996695,0.35501910166615147,0.16557743824400079,0.3422792104577467
B,D_onset,any_ad_vs_matched,recall_trust_shift,eeg_posterior_alpha,True,recall,18,-0.08519428284617901,0.7367866191092259,-0.050777638296707325,0.8414075282569436,-0.04014478229518502,0.8192369397883132
B,D_onset,any_ad_vs_matched,trust,eeg_theta,False,survey,18,0.18787204877172442,0.45534300464741845,0.23407714651299194,0.3498457892649217,0.19337201160386805,0.26970396043049116
B,D_onset,any_ad_vs_matched,credibility,eeg_theta,False,survey,18,0.01115316241961788,0.9649659309629434,0.008268743787931923,0.9740230085126563,-0.026403934479377986,0.8793147701936899
B,D_onset,any_ad_vs_matched,manipulation,eeg_theta,False,survey,18,-0.36306139054522135,0.13865037403222505,-0.3564051488570431,0.14657831488530593,-0.2697426797437369,0.11989400506245437
B,D_onset,any_ad_vs_matched,notice,eeg_theta,False,survey,18,-0.2778275711806454,0.2643123906240631,-0.1632232275925009,0.5175382437003219,-0.11184452574740311,0.5190264990586719
B,D_onset,any_ad_vs_matched,helpfulness,eeg_theta,False,survey,18,0.05843119523936909,0.8178575966179575,-0.046511683807117066,0.8545909484947934,-0.05280786895875597,0.7613748606722314
B,D_onset,any_ad_vs_matched,convincingness,eeg_theta,False,survey,18,0.28547045451683223,0.2508470613987997,0.36861130363967937,0.13227196207863295,0.209837193430569,0.22514631086465808
B,D_onset,any_ad_vs_matched,relevance,eeg_theta,False,survey,18,0.05296510936093586,0.8346627293391794,0.041386584393308876,0.870477760031128,0.03311548764880016,0.8492889772133476
B,D_onset,any_ad_vs_matched,neutrality,eeg_theta,False,survey,18,0.20286703109234042,0.4194653441118432,0.22969554338286421,0.35919603212902307,0.13908504812496067,0.4248078089621833
B,D_onset,any_ad_vs_matched,behaviour_pushing,eeg_theta,False,item,18,-0.317423578888397,0.19930408784942294,-0.262668607306659,0.2923235591514012,-0.17882363330352086,0.3050588592616783
B,D_onset,any_ad_vs_matched,behaviour_manipulate,eeg_theta,False,item,18,-0.3298908976661504,0.18124872863452382,-0.3896645510062919,0.10994187095362463,-0.26403934479377983,0.12891882306991465
B,D_onset,any_ad_vs_matched,notice_brands,eeg_theta,False,item,18,-0.08764935180664103,0.7294669696843542,-0.043388452904335684,0.8642664078281774,-0.03289544874923621,0.8495749320701188
B,D_onset,any_ad_vs_matched,notice_sponsored,eeg_theta,False,item,18,-0.39050797518828295,0.10910735228040992,-0.3260707111513997,0.1866602496214864,-0.22155636099045922,0.20779931056450673
B,D_onset,any_ad_vs_matched,duration_sec,eeg_theta,False,process,18,0.14800173803375516,0.5578203077523033,0.32920536635706915,0.18221199775917413,0.24183006535947715,0.17514287582080246
B,D_onset,any_ad_vs_matched,reply_latency_ms_median,eeg_theta,False,process,18,0.04076498191075201,0.8724079393542092,0.07946336429308565,0.7539561864360347,0.045751633986928116,0.8228244054912468
B,D_onset,any_ad_vs_matched,user_msg_len_median,eeg_theta,False,process,18,-0.08856117434895551,0.7267540429079837,-0.05059370834270109,0.8419751394773467,-0.03934447376823169,0.8200898511292445
B,D_onset,any_ad_vs_matched,recall_memory,eeg_theta,False,recall,18,-0.22137015078873543,0.3773475283631216,-0.18407485078970587,0.46466855432704635,-0.13908504812496067,0.4250306527849277
B,D_onset,any_ad_vs_matched,recall_trust_shift,eeg_theta,False,recall,18,-0.12871368671463596,0.6107468700066611,0.05699530829222251,0.82226512935465,0.09367115868876504,0.5938753792625295
B,D_onset,any_ad_vs_matched,trust,eeg_alpha,False,survey,18,0.7117665665211544,0.0009227890980313703,0.6866953457438658,0.0016456372248664299,0.5267720316105371,0.0026405472464587952
B,D_onset,any_ad_vs_matched,credibility,eeg_alpha,False,survey,18,0.5463224652462667,0.0189877064165643,0.49302384835544094,0.03762218840425633,0.3696550827112917,0.03352566997053491
B,D_onset,any_ad_vs_matched,manipulation,eeg_alpha,False,survey,18,-0.3146857563501182,0.20342213990411753,-0.3367770392098436,0.17176165664527446,-0.07236998724831965,0.6764927897184035
B,D_onset,any_ad_vs_matched,notice,eeg_alpha,False,survey,18,-0.08949114853311975,0.7239902925155396,-0.07954549699128208,0.7537093225228538,0.006579089749847241,0.9697417698543251
B,D_onset,any_ad_vs_matched,helpfulness,eeg_alpha,False,survey,18,0.4572012536183851,0.056444028003026885,0.30490992717998966,0.21858019994250727,0.22443344307471286,0.1968346619035568
B,D_onset,any_ad_vs_matched,convincingness,eeg_alpha,False,survey,18,0.5552228242782289,0.016760050531368323,0.34486323645841155,0.1610564530334255,0.26229649178821124,0.12946977717929317
B,D_onset,any_ad_vs_matched,relevance,eeg_alpha,False,survey,18,0.3187893179078624,0.19727053259022814,0.1045011255931049,0.6798525088088166,0.04636168270832022,0.7902114791356392
B,D_onset,any_ad_vs_matched,neutrality,eeg_alpha,False,survey,18,0.5211337190984298,0.026573256085878617,0.35592462578245626,0.14716248989253422,0.2715469987201613,0.11918326381057182
B,D_onset,any_ad_vs_matched,behaviour_pushing,eeg_alpha,False,item,18,-0.3495997429751718,0.15500177776625854,-0.3453988773245043,0.1603637847273559,-0.13908504812496067,0.4250306527849277
B,D_onset,any_ad_vs_matched,behaviour_manipulate,eeg_alpha,False,item,18,-0.2130311990433908,0.39602899398591956,-0.26873417310778747,0.2809074852456499,-0.11881770515720093,0.49443583269873137
B,D_onset,any_ad_vs_matched,notice_brands,eeg_alpha,False,item,18,-0.11974686861893168,0.6360140392272696,-0.20247944688689984,0.42037331634573466,-0.09868634624770863,0.5693680626983872
B,D_onset,any_ad_vs_matched,notice_sponsored,eeg_alpha,False,item,18,-0.016019547389563,0.9496952691260165,0.08203689866547956,0.7462318864777923,0.11413509505569112,0.5163995365276257
B,D_onset,any_ad_vs_matched,duration_sec,eeg_alpha,False,process,18,-0.06086117964754126,0.8104105197583465,0.017543859649122806,0.9449151835129638,0.032679738562091505,0.8813527202442675
B,D_onset,any_ad_vs_matched,reply_latency_ms_median,eeg_alpha,False,process,18,-0.12134645930671906,0.6314774844609538,-0.023735810113519093,0.9255178937138382,-0.032679738562091505,0.8813527202442675
B,D_onset,any_ad_vs_matched,user_msg_len_median,eeg_alpha,False,process,18,-0.026804818139303483,0.9159178704705927,0.0382034124220396,0.8803691652573675,0.013114824589410563,0.9395704158247962
B,D_onset,any_ad_vs_matched,recall_memory,eeg_alpha,False,recall,18,0.012377321908472844,0.961123240646767,0.13857320227989092,0.5834403345762946,0.11259265800592054,0.5184240444618575
B,D_onset,any_ad_vs_matched,recall_trust_shift,eeg_alpha,False,recall,18,-0.14724393581636525,0.5598610646516575,-0.03419718497533351,0.8928419577531049,-0.04014478229518502,0.8192369397883132
B,D_onset,any_ad_vs_matched,trust,eeg_beta,False,survey,18,0.428319142495198,0.07616858289728098,0.23718436527201398,0.34330043643080765,0.19337201160386805,0.26970396043049116
B,D_onset,any_ad_vs_matched,credibility,eeg_beta,False,survey,18,0.5928564040719088,0.009514021478821638,0.2987083693390407,0.228565747437494,0.21123147583502389,0.22447923958749927
B,D_onset,any_ad_vs_matched,manipulation,eeg_beta,False,survey,18,0.039127846449720685,0.8774947737395394,-0.04958680331924077,0.8450837739250348,-0.03289544874923621,0.8495749320701188
B,D_onset,any_ad_vs_matched,notice,eeg_beta,False,survey,18,0.17142131087058013,0.49642312596869204,-0.029958693672041306,0.9060639098608959,-0.019737269249541726,0.9093991240492342
B,D_onset,any_ad_vs_matched,helpfulness,eeg_beta,False,survey,18,0.44326633973036106,0.06541339559595548,0.2873388466306343,0.24762232676812235,0.22443344307471286,0.1968346619035568
B,D_onset,any_ad_vs_matched,convincingness,eeg_beta,False,survey,18,0.36437859961628677,0.13711756475592896,0.09086217008485094,0.7199217381548456,0.03934447376823169,0.8200898511292445
B,D_onset,any_ad_vs_matched,relevance,eeg_beta,False,survey,18,0.41739814798883823,0.08481125001649303,0.21831423267470432,0.3841358453133258,0.15233124318448074,0.3820538296188034
B,D_onset,any_ad_vs_matched,neutrality,eeg_beta,False,survey,18,0.25431317852073826,0.30850252050978316,0.022762621416319878,0.9285641871882113,-0.019869292589280097,0.909225560938593
B,D_onset,any_ad_vs_matched,behaviour_pushing,eeg_beta,False,item,18,-0.12642290124564495,0.6171637217646417,-0.278180532935005,0.26368082979608654,-0.15233124318448074,0.3822828750399321
B,D_onset,any_ad_vs_matched,behaviour_manipulate,eeg_beta,False,item,18,0.19280522081088128,0.44337121790758227,0.11059444816358947,0.6622044598488978,0.05280786895875597,0.7613748606722314
B,D_onset,any_ad_vs_matched,notice_brands,eeg_beta,False,item,18,-0.01290643554300446,0.9594625773454828,-0.08884302261363973,0.7259160893342924,-0.08552816674801414,0.6219291373513764
B,D_onset,any_ad_vs_matched,notice_sponsored,eeg_beta,False,item,18,0.32129330935652217,0.19357784605531458,0.21703432684918003,0.3869988867190553,0.15441806978122916,0.379981268299322
B,D_onset,any_ad_vs_matched,duration_sec,eeg_beta,False,process,18,-0.1170011451216976,0.6438298484109842,-0.1331269349845201,0.5984607651208831,-0.08496732026143793,0.6540288801767573
B,D_onset,any_ad_vs_matched,reply_latency_ms_median,eeg_beta,False,process,18,-0.07441786404451428,0.7691639935167958,-0.1393188854489164,0.5813962095847576,-0.15032679738562094,0.4101336133426111
B,D_onset,any_ad_vs_matched,user_msg_len_median,eeg_beta,False,process,18,0.16666514173450855,0.5086224309319167,0.08879712076474068,0.7260525384155879,0.07868894753646338,0.6492108060096153
B,D_onset,any_ad_vs_matched,recall_memory,eeg_beta,False,recall,18,-0.12278563965699162,0.6274065393614685,-0.10961760777364507,0.6650225902153901,-0.03311548764880016,0.8493606187801608
B,D_onset,any_ad_vs_matched,recall_trust_shift,eeg_beta,False,recall,18,-0.2368150555378809,0.34407466545574134,-0.22798123316889005,0.362892517174683,-0.14719753508234504,0.4020696920382725
B,D_onset,any_ad_vs_matched,trust,eeg_faa,False,survey,18,-0.16185842276176582,0.5210936712100155,-0.1387891045696501,0.5828481754632555,-0.11335600680226747,0.5176172697629309
B,D_onset,any_ad_vs_matched,credibility,eeg_faa,False,survey,18,-0.25072494866471773,0.315611208898692,-0.13229990060691077,0.6007554377248981,-0.05280786895875597,0.7613748606722314
B,D_onset,any_ad_vs_matched,manipulation,eeg_faa,False,survey,18,-0.12830475283040407,0.6118903985822134,-0.11983477468816522,0.635764409080337,-0.08552816674801414,0.6219291373513764
B,D_onset,any_ad_vs_matched,notice,eeg_faa,False,survey,18,-0.2964330213228918,0.23230170747390802,-0.19834721327696309,0.4301181785867231,-0.09868634624770863,0.5693680626983872
B,D_onset,any_ad_vs_matched,helpfulness,eeg_faa,False,survey,18,-0.29761684586939885,0.23035310285843158,-0.3152458569149046,0.20257516292632116,-0.22443344307471286,0.1968346619035568
B,D_onset,any_ad_vs_matched,convincingness,eeg_faa,False,survey,18,-0.07001813631128999,0.7824913199324197,-0.07124420154380358,0.7787714503200563,0.0,1.0
B,D_onset,any_ad_vs_matched,relevance,eeg_faa,False,survey,18,-0.2624450918147901,0.2927495327142128,-0.2855674323138312,0.25067903585521795,-0.19206982836304093,0.27039682691943245
B,D_onset,any_ad_vs_matched,neutrality,eeg_faa,False,survey,18,-0.296633436989682,0.2319710784717364,-0.3341966689759691,0.1752764838114851,-0.24505460860112116,0.15966761861823808
B,D_onset,any_ad_vs_matched,behaviour_pushing,eeg_faa,False,item,18,-0.09398621278901534,0.710677888658661,-0.09824219564619134,0.6981464790146658,-0.05960787776784029,0.7324398999038724
B,D_onset,any_ad_vs_matched,behaviour_manipulate,eeg_faa,False,item,18,-0.13438992370920172,0.5949634512958768,-0.08475462382630221,0.7380997368350118,-0.05280786895875597,0.7613748606722314
B,D_onset,any_ad_vs_matched,notice_brands,eeg_faa,False,item,18,-0.12750512048606621,0.6141289295090232,-0.1518595851651749,0.5474821569931465,-0.07236998724831965,0.6764927897184035
B,D_onset,any_ad_vs_matched,notice_sponsored,eeg_faa,False,item,18,-0.3758945339268264,0.12421652312275269,-0.3769543571591022,0.12307379590782765,-0.26183933571599727,0.13657553067160685
B,D_onset,any_ad_vs_matched,duration_sec,eeg_faa,False,process,18,0.1621486926617373,0.5203365454625899,0.04850361197110423,0.848430360162973,-0.006535947712418302,1.0
B,D_onset,any_ad_vs_matched,reply_latency_ms_median,eeg_faa,False,process,18,0.05809355496206607,0.8188935393869516,-0.029927760577915376,0.9061604960497216,-0.045751633986928116,0.8228244054912468
B,D_onset,any_ad_vs_matched,user_msg_len_median,eeg_faa,False,process,18,-0.030723395178413777,0.9036765906522438,0.1063500399856778,0.6744802547559166,0.05245929835764225,0.7617075639478075
B,D_onset,any_ad_vs_matched,recall_memory,eeg_faa,False,recall,18,0.136609876323667,0.588836754980176,0.05067229038593027,0.8417326247600709,0.04636168270832022,0.7903100546926698
B,D_onset,any_ad_vs_matched,recall_trust_shift,eeg_faa,False,recall,18,0.44044428667422747,0.06735190496311941,0.3813504263915979,0.11841289565011867,0.2943950701646901,0.09376539041366977
B,D_onset,any_ad_vs_matched,trust,eeg_delta,False,survey,18,0.3186284792757675,0.19750930302238331,0.13671762539696874,0.5885400560060221,0.12669200760253424,0.46959204156618084
B,D_onset,any_ad_vs_matched,credibility,eeg_delta,False,survey,18,0.1407058396687164,0.577602249728398,-0.14677020223579165,0.5611384837727378,-0.17162557411595689,0.32366886505270775
B,D_onset,any_ad_vs_matched,manipulation,eeg_delta,False,survey,18,-0.11073644826152965,0.6617951556233054,-0.008264467219873464,0.9740364394471758,-0.059211807748625174,0.7328104096282637
B,D_onset,any_ad_vs_matched,notice,eeg_delta,False,survey,18,0.12757696695190582,0.6139276657582001,0.322314221575065,0.19208552032668985,0.23026814124465347,0.1843017988996677
B,D_onset,any_ad_vs_matched,helpfulness,eeg_delta,False,survey,18,0.26993188543151175,0.27868603551228066,0.10335929734914903,0.6831775977641287,0.07921180343813396,0.6487396628088691
B,D_onset,any_ad_vs_matched,convincingness,eeg_delta,False,survey,18,0.3513502362185198,0.15280413747512267,0.1063500399856778,0.6744802547559166,0.06557412294705281,0.7046514611141652
B,D_onset,any_ad_vs_matched,relevance,eeg_delta,False,survey,18,0.21371645466956612,0.39447513264500184,0.09725847332427584,0.7010365137402431,0.05960787776784029,0.7323160539332955
B,D_onset,any_ad_vs_matched,neutrality,eeg_delta,False,survey,18,0.2155451645037774,0.3903447518025231,0.11484777169143211,0.6499845380529138,0.03311548764880016,0.8492889772133476
B,D_onset,any_ad_vs_matched,behaviour_pushing,eeg_delta,False,item,18,-0.040104204380985144,0.8744605157070331,0.093071553770076,0.7133803981765444,0.05960787776784029,0.7324398999038724
B,D_onset,any_ad_vs_matched,behaviour_manipulate,eeg_delta,False,item,18,-0.15613821859289514,0.5361175461372685,-0.12196397087199587,0.6297295124945468,-0.07921180343813396,0.6487396628088691
B,D_onset,any_ad_vs_matched,notice_brands,eeg_delta,False,item,18,0.27089634970804427,0.27690506445205404,0.43285147064087265,0.07277898631543632,0.3618499362415983,0.03695427078290551
B,D_onset,any_ad_vs_matched,notice_sponsored,eeg_delta,False,item,18,-0.09733316099145216,0.7008169544884358,0.005192208776296174,0.9836866397343932,-0.006713829120923008,0.9695514186245345
B,D_onset,any_ad_vs_matched,duration_sec,eeg_delta,False,process,18,-0.12250584535197492,0.6281971843166287,-0.06914344685242517,0.785147870866694,-0.045751633986928116,0.8228244054912468
B,D_onset,any_ad_vs_matched,reply_latency_ms_median,eeg_delta,False,process,18,-0.19143234942204432,0.4466864770045195,-0.4262125902992776,0.07778293683965697,-0.2679738562091504,0.1310556703971877
B,D_onset,any_ad_vs_matched,user_msg_len_median,eeg_delta,False,process,18,-0.2893260796071748,0.2442213534753295,-0.29943215141598606,0.22738549109662512,-0.19672236884115846,0.25547681145450307
B,D_onset,any_ad_vs_matched,recall_memory,eeg_delta,False,recall,18,-0.3901978456807245,0.10941368021865963,-0.3898663974590961,0.10974174298310843,-0.2715469987201613,0.1193610229091287
B,D_onset,any_ad_vs_matched,recall_trust_shift,eeg_delta,False,recall,18,-0.40572331419154206,0.0948190348627014,-0.12538967824288952,0.6200666354766682,-0.08028956459037004,0.6476329192407342
B,D_onset,any_ad_vs_matched,trust,eeg_gamma,False,survey,18,0.2789032886124536,0.26239052401073093,0.1470750212603755,0.5603163954679231,0.08668400520173396,0.620753980668016
B,D_onset,any_ad_vs_matched,credibility,eeg_gamma,False,survey,18,0.5159125569645983,0.02840555304035894,0.3627911336955132,0.13896633232900535,0.23763541031440186,0.17176912327917881
B,D_onset,any_ad_vs_matched,manipulation,eeg_gamma,False,survey,18,0.13868762592032988,0.5831264712662992,-0.05888432894159843,0.8164677501197443,-0.03289544874923621,0.8495749320701188
B,D_onset,any_ad_vs_matched,notice,eeg_gamma,False,survey,18,0.2543358665426975,0.30845787953694176,-0.05061986172172496,0.8418944251409392,-0.006579089749847241,0.9697417698543251
B,D_onset,any_ad_vs_matched,helpfulness,eeg_gamma,False,survey,18,0.48727031298307216,0.04026400435455671,0.49509103430242385,0.03670621721447065,0.40926098443035874,0.018598217370431172
B,D_onset,any_ad_vs_matched,convincingness,eeg_gamma,False,survey,18,0.2734598812541249,0.27220538317114135,0.17759424152948136,0.4808029481019604,0.13114824589410562,0.44839229084345344
B,D_onset,any_ad_vs_matched,relevance,eeg_gamma,False,survey,18,0.5099310619321742,0.03062362131761539,0.45007910527723394,0.060904835147364486,0.3775165591963219,0.0302887896665803
B,D_onset,any_ad_vs_matched,neutrality,eeg_gamma,False,survey,18,0.1098043940464846,0.6644833902742217,0.07035719346862508,0.7814621710710259,-0.03311548764880016,0.8492889772133476
B,D_onset,any_ad_vs_matched,behaviour_pushing,eeg_gamma,False,item,18,-0.021292417511817284,0.933168026902842,-0.19441613454193654,0.43949736822763397,-0.09934646294640048,0.5688114004133373
B,D_onset,any_ad_vs_matched,behaviour_manipulate,eeg_gamma,False,item,18,0.2655638077560858,0.28683989725452663,0.05271324164806602,0.8354387824158291,0.013201967239688993,0.9394835710603062
B,D_onset,any_ad_vs_matched,notice_brands,eeg_gamma,False,item,18,0.14967429253174286,0.5533277314182107,0.009297525622357646,0.9707922307253284,0.006579089749847241,0.9697417698543251
B,D_onset,any_ad_vs_matched,notice_sponsored,eeg_gamma,False,item,18,0.274203004293284,0.2708522979364127,0.06022962180503562,0.8123445669516902,0.04699680384646105,0.7893179991653149
B,D_onset,any_ad_vs_matched,duration_sec,eeg_gamma,False,process,18,-0.3179829265959212,0.19846956751400455,-0.3003095975232198,0.2259599242270975,-0.20261437908496735,0.2599200623942404
B,D_onset,any_ad_vs_matched,reply_latency_ms_median,eeg_gamma,False,process,18,-0.14810465191847777,0.5575434134625629,-0.06707946336429307,0.7914253837974394,-0.006535947712418302,1.0
B,D_onset,any_ad_vs_matched,user_msg_len_median,eeg_gamma,False,process,18,-0.024240686784099966,0.9239379050407467,-0.23644814715262344,0.3448448554112166,-0.1704927196623373,0.3243650515471622
B,D_onset,any_ad_vs_matched,recall_memory,eeg_gamma,False,recall,18,-0.14501206831218735,0.565890370559736,-0.1365049455294448,0.5891257533998235,-0.07285407282736035,0.6760528085643454
B,D_onset,any_ad_vs_matched,recall_trust_shift,eeg_gamma,False,recall,18,-0.2761355428588819,0.26735302519072796,-0.2849765414611125,0.2517039247689095,-0.2141055055743201,0.2229170293435725
B,D_onset,any_ad_vs_matched,trust,eeg_rel_delta,False,survey,18,0.007391877279031458,0.9767770183287812,-0.0859663856662758,0.7344822806257376,-0.060012003601200424,0.7319434822752744
B,D_onset,any_ad_vs_matched,credibility,eeg_rel_delta,False,survey,18,-0.27481008888582364,0.2697500056029611,-0.41550437534357915,0.08637980409551525,-0.3300491809922248,0.05769950118990371
B,D_onset,any_ad_vs_matched,manipulation,eeg_rel_delta,False,survey,18,-0.15071958732478705,0.5505281656768926,-0.09297525622357646,0.7136651146596399,-0.07236998724831965,0.6764927897184035
B,D_onset,any_ad_vs_matched,notice,eeg_rel_delta,False,survey,18,-0.05633787540535967,0.8242848544532713,0.10640501545587083,0.6743207441576334,0.07236998724831965,0.6764927897184035
B,D_onset,any_ad_vs_matched,helpfulness,eeg_rel_delta,False,survey,18,-0.04319994317314182,0.8648509943040191,-0.1705428406260959,0.49866568922189897,-0.11881770515720093,0.49443583269873137
B,D_onset,any_ad_vs_matched,convincingness,eeg_rel_delta,False,survey,18,0.09632058746374987,0.7037955296372441,-0.002065049320110249,0.9935114940673843,-0.03934447376823169,0.8200898511292445
B,D_onset,any_ad_vs_matched,relevance,eeg_rel_delta,False,survey,18,-0.05590607190446397,0.8256119872848161,-0.1334717346684211,0.5975051527129345,-0.04636168270832022,0.7902114791356392
B,D_onset,any_ad_vs_matched,neutrality,eeg_rel_delta,False,survey,18,0.04995748766558596,0.8439390983238401,0.021727956806487158,0.9318039496438469,0.006623097529760032,0.9696835809045192
B,D_onset,any_ad_vs_matched,behaviour_pushing,eeg_rel_delta,False,item,18,-0.0050897483049152144,0.9840085201823017,0.13547081715422174,0.5919770839437615,0.12583885306544063,0.47044799993646313
B,D_onset,any_ad_vs_matched,behaviour_manipulate,eeg_rel_delta,False,item,18,-0.2609676184600448,0.29557473878731033,-0.25529746445239815,0.30656938405803175,-0.19802950859533489,0.2547930787039082
B,D_onset,any_ad_vs_matched,notice_brands,eeg_rel_delta,False,item,18,0.2103765859888274,0.40207989716482057,0.22623979014403606,0.3666694140534124,0.19079360274557003,0.27131787434398436
B,D_onset,any_ad_vs_matched,notice_sponsored,eeg_rel_delta,False,item,18,-0.3528432218496259,0.1509467598069355,-0.2627257640805864,0.29221469070236866,-0.16784572802307518,0.3399456642160994
B,D_onset,any_ad_vs_matched,duration_sec,eeg_rel_delta,False,process,18,0.09316544398636709,0.7131028339795443,0.034055727554179564,0.8932828188388959,-0.019607843137254905,0.9405163052956534
B,D_onset,any_ad_vs_matched,reply_latency_ms_median,eeg_rel_delta,False,process,18,0.03358786095620163,0.894741166356263,-0.1475748194014448,0.5589695952802587,-0.11111111111111112,0.5498119171087916
B,D_onset,any_ad_vs_matched,user_msg_len_median,eeg_rel_delta,False,process,18,-0.34489126675308474,0.16102015496154354,-0.23954572113278885,0.33837382290602264,-0.1836075442517479,0.28853665794721306
B,D_onset,any_ad_vs_matched,recall_memory,eeg_rel_delta,False,recall,18,-0.360838804007675,0.14126367444121585,-0.4126172217140036,0.08881165382599061,-0.29803938883920145,0.08737528034076754
B,D_onset,any_ad_vs_matched,recall_trust_shift,eeg_rel_delta,False,recall,18,-0.26906118380691935,0.28029989062579475,-0.14715152322719266,0.5601101545541775,-0.09367115868876504,0.5938753792625295
B,D_onset,any_ad_vs_matched,trust,eeg_rel_theta,False,survey,18,-0.32206695714645994,0.19244625828345932,-0.240291584031036,0.336826252410165,-0.18003601080360127,0.3041266150234101
B,D_onset,any_ad_vs_matched,credibility,eeg_rel_theta,False,survey,18,-0.1855606313885204,0.4610082531256852,0.04961246272759153,0.8450045279714605,0.013201967239688993,0.9394835710603062
B,D_onset,any_ad_vs_matched,manipulation,eeg_rel_theta,False,survey,18,0.13734795816414203,0.58680561558553,0.23140508215645694,0.35553119636242436,0.17763542324587553,0.30575575267473
B,D_onset,any_ad_vs_matched,notice,eeg_rel_theta,False,survey,18,-0.12338433105085672,0.6257160500453818,-0.12086783309064938,0.6328335991258047,-0.08552816674801414,0.6219291373513764
B,D_onset,any_ad_vs_matched,helpfulness,eeg_rel_theta,False,survey,18,-0.35550159672480613,0.14767809648926342,-0.34935442504012376,0.1553114802652405,-0.19802950859533489,0.2547930787039082
B,D_onset,any_ad_vs_matched,convincingness,eeg_rel_theta,False,survey,18,-0.30287488229741255,0.22182523760634112,-0.21579765395152095,0.38977634198629135,-0.1704927196623373,0.3243650515471622
B,D_onset,any_ad_vs_matched,relevance,eeg_rel_theta,False,survey,18,-0.33108316390666565,0.17958156006355208,-0.3631672780512854,0.13852671676756334,-0.23180841354160114,0.183458962259183
B,D_onset,any_ad_vs_matched,neutrality,eeg_rel_theta,False,survey,18,-0.23012304389504212,0.3582775726928911,-0.2617701462876786,0.29403811812595515,-0.23180841354160114,0.183458962259183
B,D_onset,any_ad_vs_matched,behaviour_pushing,eeg_rel_theta,False,item,18,0.13546593283530214,0.5919905646952872,0.13753907390466788,0.5862801591274995,0.15233124318448074,0.3822828750399321
B,D_onset,any_ad_vs_matched,behaviour_manipulate,eeg_rel_theta,False,item,18,0.10974009470726613,0.6646689868819785,0.28527166068365134,0.25119171699356396,0.18482754135564586,0.28784296626435435
B,D_onset,any_ad_vs_matched,notice_brands,eeg_rel_theta,False,item,18,-0.22265687928363295,0.3745093362924514,-0.19421497966702636,0.4399801352838282,-0.17763542324587553,0.30575575267473
B,D_onset,any_ad_vs_matched,notice_sponsored,eeg_rel_theta,False,item,18,0.04695163149657667,0.8532295875070187,0.051922087762961734,0.8378774181527298,0.06042446208830706,0.731193650986343
B,D_onset,any_ad_vs_matched,duration_sec,eeg_rel_theta,False,process,18,0.3238946951556837,0.18979034098336178,0.2528379772961816,0.31141340050989863,0.15032679738562094,0.4101336133426111
B,D_onset,any_ad_vs_matched,reply_latency_ms_median,eeg_rel_theta,False,process,18,0.23566935019074903,0.3464829399904498,0.2693498452012384,0.27976422005657137,0.21568627450980396,0.22906043853787195
B,D_onset,any_ad_vs_matched,user_msg_len_median,eeg_rel_theta,False,process,18,0.30212033357891077,0.22303629400331998,0.2632937883140567,0.29113409178580435,0.1704927196623373,0.3243650515471622
B,D_onset,any_ad_vs_matched,recall_memory,eeg_rel_theta,False,recall,18,0.4564367371047296,0.05691074870134742,0.47880143772827993,0.04440773595333607,0.35102416907728173,0.044082708556156855
B,D_onset,any_ad_vs_matched,recall_trust_shift,eeg_rel_theta,False,recall,18,0.5709810554143538,0.013326694095069569,0.3678788080679817,0.13310183481991805,0.2408686937711101,0.1703253544574509
B,D_onset,any_ad_vs_matched,trust,eeg_rel_alpha,False,survey,18,0.38383056786836,0.11583915296376862,0.5012979597888855,0.034058577437147027,0.3534040212070692,0.043675863199653296
B,D_onset,any_ad_vs_matched,credibility,eeg_rel_alpha,False,survey,18,0.2953854226853676,0.2340348577693402,0.5705433213673027,0.013413808132920346,0.3564531154716028,0.04038278321100001
B,D_onset,any_ad_vs_matched,manipulation,eeg_rel_alpha,False,survey,18,0.036398588415956286,0.8859850717253243,-0.02582646006210457,0.9189770867539384,-0.08552816674801414,0.6219291373513764
B,D_onset,any_ad_vs_matched,notice,eeg_rel_alpha,False,survey,18,-0.007699973030296512,0.9758093396433158,0.06921491296644025,0.784930733363719,0.03289544874923621,0.8495749320701188
B,D_onset,any_ad_vs_matched,helpfulness,eeg_rel_alpha,False,survey,18,-0.06643361728656808,0.7933922255065676,0.0062015578409489415,0.9805158966008967,0.03960590171906698,0.8198352462436832
B,D_onset,any_ad_vs_matched,convincingness,eeg_rel_alpha,False,survey,18,0.07626648576975134,0.7635823777103623,0.05162623300275621,0.8387897169850819,0.013114824589410563,0.9395704158247962
B,D_onset,any_ad_vs_matched,relevance,eeg_rel_alpha,False,survey,18,-0.11456594446271659,0.6507916540269014,-0.08173850417678503,0.7471263348910976,-0.04636168270832022,0.7902114791356392
B,D_onset,any_ad_vs_matched,neutrality,eeg_rel_alpha,False,survey,18,0.21445399642701854,0.39280643542402505,0.3135033767793147,0.20521774851257032,0.16557743824400079,0.3420469162916332
B,D_onset,any_ad_vs_matched,behaviour_pushing,eeg_rel_alpha,False,item,18,-0.0747150264390302,0.7682660230606747,-0.1313343036533295,0.6034390924906099,-0.11259265800592054,0.5184240444618575
B,D_onset,any_ad_vs_matched,behaviour_manipulate,eeg_rel_alpha,False,item,18,0.1373695137030079,0.5867463406135479,0.08888899572026818,0.7257794363006488,0.05280786895875597,0.7613748606722314
B,D_onset,any_ad_vs_matched,notice_brands,eeg_rel_alpha,False,item,18,-0.16370027408281262,0.5162981781071284,-0.19008274605708964,0.44995791348898917,-0.13816088474679208,0.4256976668563025
B,D_onset,any_ad_vs_matched,notice_sponsored,eeg_rel_alpha,False,item,18,0.18261464599684943,0.46828001068880415,0.31049408482251123,0.20983456115950763,0.18127338626492118,0.30272166723364125
B,D_onset,any_ad_vs_matched,duration_sec,eeg_rel_alpha,False,process,18,0.14576639109140285,0.5638494508949884,0.1929824561403509,0.44294415082481003,0.17647058823529413,0.32967360092730164
B,D_onset,any_ad_vs_matched,reply_latency_ms_median,eeg_rel_alpha,False,process,18,0.02733826825044657,0.9142503024593915,0.17853457172342618,0.4784449329228026,0.11111111111111112,0.5498119171087916
B,D_onset,any_ad_vs_matched,user_msg_len_median,eeg_rel_alpha,False,process,18,0.2784976346926057,0.2631142357373623,0.30149720073609626,0.22403963912718217,0.26229649178821124,0.12946977717929317
B,D_onset,any_ad_vs_matched,recall_memory,eeg_rel_alpha,False,recall,18,0.6307306180933401,0.005008550075198584,0.7094120654030237,0.0009767117927894768,0.5629632900296027,0.0012427472668632162
B,D_onset,any_ad_vs_matched,recall_trust_shift,eeg_rel_alpha,False,recall,18,0.4370111172070794,0.06976728913012886,0.3699513647331534,0.13076312526466788,0.2810134760662951,0.10966833558509718
B,D_onset,any_ad_vs_matched,trust,eeg_rel_beta,False,survey,18,0.03394899457851561,0.8936154786841392,0.0828591669072538,0.7437687070950969,0.060012003601200424,0.7319434822752744
B,D_onset,any_ad_vs_matched,credibility,eeg_rel_beta,False,survey,18,0.360163732122835,0.1420641336310581,0.4289410839989685,0.0756967063666067,0.3036452465128468,0.08078730146468166
B,D_onset,any_ad_vs_matched,manipulation,eeg_rel_beta,False,survey,18,0.13968815892621472,0.5803850491438768,0.096074431431029,0.704520241687099,0.07236998724831965,0.6764927897184035
B,D_onset,any_ad_vs_matched,notice,eeg_rel_beta,False,survey,18,0.09053725873097866,0.7208852812661548,-0.060950445746566786,0.8101372402783894,-0.04605362824893069,0.7906049498979726
B,D_onset,any_ad_vs_matched,helpfulness,eeg_rel_beta,False,survey,18,0.10797571332676782,0.6697689891995401,0.2253232682211449,0.3686660440175128,0.17162557411595689,0.32366886505270775
B,D_onset,any_ad_vs_matched,convincingness,eeg_rel_beta,False,survey,18,-0.04473257018881855,0.8601001338847044,0.009292721940496119,0.9708073151991455,0.03934447376823169,0.8200898511292445
B,D_onset,any_ad_vs_matched,relevance,eeg_rel_beta,False,survey,18,0.13070679094302706,0.6051857230817174,0.1758929836715627,0.48508357118592216,0.09934646294640048,0.5686253685209852
B,D_onset,any_ad_vs_matched,neutrality,eeg_rel_beta,False,survey,18,0.02181303954581734,0.9315374977149412,0.02897060907531621,0.9091497403080523,0.03311548764880016,0.8492889772133476
B,D_onset,any_ad_vs_matched,behaviour_pushing,eeg_rel_beta,False,item,18,-0.03253465390134226,0.8980251980084534,-0.1271977901524372,0.614990151075433,-0.07285407282736035,0.6760528085643454
B,D_onset,any_ad_vs_matched,behaviour_manipulate,eeg_rel_beta,False,item,18,0.2783349608551507,0.263404804825204,0.25529746445239815,0.30656938405803175,0.19802950859533489,0.2547930787039082
B,D_onset,any_ad_vs_matched,notice_brands,eeg_rel_beta,False,item,18,-0.2056914700651582,0.41288020439504136,-0.18078522043473202,0.47282435686823254,-0.16447724374618106,0.34297468853756996
B,D_onset,any_ad_vs_matched,notice_sponsored,eeg_rel_beta,False,item,18,0.4082347312186029,0.09259754758558068,0.32503226939614044,0.1881496747700151,0.23498401923230527,0.1815552657832804
B,D_onset,any_ad_vs_matched,duration_sec,eeg_rel_beta,False,process,18,-0.10610199986498318,0.6752001040041689,-0.04231166150670795,0.8676065335789527,0.019607843137254905,0.9405163052956534
B,D_onset,any_ad_vs_matched,reply_latency_ms_median,eeg_rel_beta,False,process,18,-0.03645976729805964,0.8857946208224754,0.11042311661506708,0.6626984309773882,0.05882352941176472,0.7652367457549346
B,D_onset,any_ad_vs_matched,user_msg_len_median,eeg_rel_beta,False,process,18,0.39119797992261607,0.10842800117384055,0.17139909356915062,0.4964797825013548,0.13114824589410562,0.44839229084345344
B,D_onset,any_ad_vs_matched,recall_memory,eeg_rel_beta,False,recall,18,0.23232554745964426,0.3535667952463871,0.25853209380576664,0.30026773973642,0.19206982836304093,0.27062738558725763
B,D_onset,any_ad_vs_matched,recall_trust_shift,eeg_rel_beta,False,recall,18,0.10282361164746587,0.684739473089065,0.06424925662032356,0.8000531491539615,0.02676318819679001,0.8789100904697535
B,D_onset,any_ad_vs_matched,trust,eeg_rel_gamma,False,survey,18,-0.1575883917122948,0.5322901948386775,-0.24961324030810203,0.31783315780638993,-0.19337201160386805,0.26970396043049116
B,D_onset,any_ad_vs_matched,credibility,eeg_rel_gamma,False,survey,18,0.16028593763372298,0.525204140591624,0.20981937361877256,0.4033563231432581,0.14522163963657891,0.40365657633638374
B,D_onset,any_ad_vs_matched,manipulation,eeg_rel_gamma,False,survey,18,0.11674427849676366,0.6445628672831081,0.05268597852669333,0.8355227940480966,0.04605362824893069,0.7906049498979726
B,D_onset,any_ad_vs_matched,notice,eeg_rel_gamma,False,survey,18,0.1177908150000361,0.6415783321991927,-0.07438020497886116,0.7692778123155338,-0.08552816674801414,0.6219291373513764
B,D_onset,any_ad_vs_matched,helpfulness,eeg_rel_gamma,False,survey,18,0.2544578578703643,0.3082179153901939,0.20775218767178957,0.4081107876930465,0.14522163963657891,0.40365657633638374
B,D_onset,any_ad_vs_matched,convincingness,eeg_rel_gamma,False,survey,18,-0.07758802253866168,0.7595989814528709,-0.2219928019118517,0.37597262927327646,-0.15737789507292677,0.3629714323398304
B,D_onset,any_ad_vs_matched,relevance,eeg_rel_gamma,False,survey,18,0.27745357594472425,0.2649826130355501,0.1717543252322318,0.4955742762448756,0.16557743824400079,0.3420469162916332
B,D_onset,any_ad_vs_matched,neutrality,eeg_rel_gamma,False,survey,18,-0.20138401528559574,0.4229451484886862,-0.027935944465483486,0.912382368288691,0.006623097529760032,0.9696835809045192
B,D_onset,any_ad_vs_matched,behaviour_pushing,eeg_rel_gamma,False,item,18,0.03465595287697879,0.8914123845873775,-0.04136513500892267,0.870544352405808,-0.03311548764880016,0.8493606187801608
B,D_onset,any_ad_vs_matched,behaviour_manipulate,eeg_rel_gamma,False,item,18,0.17207286515894063,0.49476297678355813,0.1312663076334193,0.6036282550156493,0.10561573791751194,0.5436175386791315
B,D_onset,any_ad_vs_matched,notice_brands,eeg_rel_gamma,False,item,18,-0.035277918648141116,0.8894747776961308,-0.11570254107822847,0.6475388607298314,-0.11184452574740311,0.5190264990586719
B,D_onset,any_ad_vs_matched,notice_sponsored,eeg_rel_gamma,False,item,18,0.2524510541719001,0.3121795768693355,0.10903638430221965,0.6667014203898295,0.11413509505569112,0.5163995365276257
B,D_onset,any_ad_vs_matched,duration_sec,eeg_rel_gamma,False,process,18,-0.45419812513976665,0.05829402616639608,-0.3663570691434469,0.13483747906980886,-0.281045751633987,0.11241795436508836
B,D_onset,any_ad_vs_matched,reply_latency_ms_median,eeg_rel_gamma,False,process,18,-0.2291718923309711,0.36032288289335446,-0.025799793601651185,0.9190604851409846,-0.006535947712418302,1.0
B,D_onset,any_ad_vs_matched,user_msg_len_median,eeg_rel_gamma,False,process,18,0.004075386103352595,0.9871952669517686,-0.06504905358347284,0.7976127234434519,-0.026229649178821125,0.8794869666961451
B,D_onset,any_ad_vs_matched,recall_memory,eeg_rel_gamma,False,recall,18,-0.0661957579925639,0.7941168952673541,0.11789063477542962,0.6412939360499311,0.04636168270832022,0.7903100546926698
B,D_onset,any_ad_vs_matched,recall_trust_shift,eeg_rel_gamma,False,recall,18,-0.06626699843053731,0.7938998350045575,-0.13886129656650573,0.5826502296488786,-0.08028956459037004,0.6476329192407342
B,D_onset,any_ad_vs_matched,trust,eeg_engagement,False,survey,18,0.17204691721070506,0.4948290404551388,0.09114508359797917,0.7190830689713177,0.07334800440146719,0.6754633688131806
B,D_onset,any_ad_vs_matched,credibility,eeg_engagement,False,survey,18,0.47194625173555144,0.04799315957453958,0.29767477636554923,0.23025801780176675,0.21123147583502389,0.22447923958749927
B,D_onset,any_ad_vs_matched,manipulation,eeg_engagement,False,survey,18,0.33144267137239014,0.17908087894140048,0.15805793558007997,0.5310536399038048,0.11184452574740311,0.5190264990586719
B,D_onset,any_ad_vs_matched,notice,eeg_engagement,False,survey,18,0.44406978811555947,0.06486916073101083,0.14876040995772233,0.555780487877945,0.09868634624770863,0.5693680626983872
B,D_onset,any_ad_vs_matched,helpfulness,eeg_engagement,False,survey,18,0.3698909834873079,0.13083085102888997,0.4082692245291387,0.0925673011799684,0.3300491809922248,0.05769950118990371
B,D_onset,any_ad_vs_matched,convincingness,eeg_engagement,False,survey,18,0.15173047313249918,0.5478267586860106,0.09808984270523681,0.6985938127083664,0.026229649178821125,0.8794869666961451
B,D_onset,any_ad_vs_matched,relevance,eeg_engagement,False,survey,18,0.314556374038177,0.20361812041366525,0.3259193520973073,0.18687685137580465,0.25830080366064123,0.1382869257310502
B,D_onset,any_ad_vs_matched,neutrality,eeg_engagement,False,survey,18,-0.039567439867718095,0.8761284319574741,0.038282590563810705,0.8801229162573099,0.03311548764880016,0.8492889772133476
B,D_onset,any_ad_vs_matched,behaviour_pushing,eeg_engagement,False,item,18,0.26287461603360796,0.2919312827008324,0.0341262363823612,0.8930630698448239,0.07285407282736035,0.6760528085643454
B,D_onset,any_ad_vs_matched,behaviour_manipulate,eeg_engagement,False,item,18,0.3274996383621021,0.18462363467369608,0.20671859469829806,0.4104992671162811,0.13201967239688991,0.4477391356571262
B,D_onset,any_ad_vs_matched,notice_brands,eeg_engagement,False,item,18,0.20530715435851002,0.4137729658384003,0.13223147551797543,0.600945449182883,0.08552816674801414,0.6219291373513764
B,D_onset,any_ad_vs_matched,notice_sponsored,eeg_engagement,False,item,18,0.5459558237036433,0.01908423581297707,0.37280059013806527,0.1275951616999654,0.2886946521996893,0.1007250098498078
B,D_onset,any_ad_vs_matched,duration_sec,eeg_engagement,False,process,18,-0.2595321584803143,0.29833532659164336,-0.21362229102167182,0.3946884572555505,-0.15032679738562094,0.4101336133426111
B,D_onset,any_ad_vs_matched,reply_latency_ms_median,eeg_engagement,False,process,18,-0.22840151108257625,0.36198431016416477,-0.06914344685242517,0.785147870866694,-0.032679738562091505,0.8813527202442675
B,D_onset,any_ad_vs_matched,user_msg_len_median,eeg_engagement,False,process,18,0.07046607339300251,0.7811317582353798,-0.1652039456088199,0.5123985603835293,-0.13114824589410562,0.44839229084345344
B,D_onset,any_ad_vs_matched,recall_memory,eeg_engagement,False,recall,18,-0.14159932770963024,0.575163735429567,-0.16235815491002148,0.5197905125479249,-0.08610026788688042,0.6214268342178599
B,D_onset,any_ad_vs_matched,recall_trust_shift,eeg_engagement,False,recall,18,-0.1318158765531554,0.602100062984861,-0.29741188145214287,0.23068972636023669,-0.20072391147592508,0.25319115969959627
B,D_onset,any_ad_vs_matched,trust,eeg_pope,False,survey,18,0.172839694125868,0.49281254734413654,0.07353751063018775,0.7718258978097645,0.033340002000666905,0.8490734377018059
B,D_onset,any_ad_vs_matched,credibility,eeg_pope,False,survey,18,0.41257550476136323,0.08884715266747313,0.3431528671991748,0.16328187130611635,0.22443344307471286,0.1968346619035568
B,D_onset,any_ad_vs_matched,manipulation,eeg_pope,False,survey,18,0.2613339612506981,0.29487269200837485,0.15392570197014324,0.5419808747286806,0.11184452574740311,0.5190264990586719
B,D_onset,any_ad_vs_matched,notice,eeg_pope,False,survey,18,0.39731097783988395,0.10254075477951992,0.17665298682479527,0.4831689893889254,0.12500270524709758,0.47108729407518657
B,D_onset,any_ad_vs_matched,helpfulness,eeg_pope,False,survey,18,0.3970317748857153,0.10280453574481224,0.41860515426405365,0.08382242774486372,0.3564531154716028,0.04038278321100001
B,D_onset,any_ad_vs_matched,convincingness,eeg_pope,False,survey,18,0.144961748125354,0.5660266322721571,0.060918954943252335,0.8102336439261998,0.026229649178821125,0.8794869666961451
B,D_onset,any_ad_vs_matched,relevance,eeg_pope,False,survey,18,0.3867340576092218,0.11287678077298627,0.3424739858546309,0.16417095583351507,0.2847931937796814,0.1022124169268417
B,D_onset,any_ad_vs_matched,neutrality,eeg_pope,False,survey,18,-0.058242811673210465,0.8184355569135007,0.15106103303557739,0.5496150530415057,0.11259265800592054,0.5182227270168942
B,D_onset,any_ad_vs_matched,behaviour_pushing,eeg_pope,False,item,18,0.16571292282360903,0.5110817288270764,0.06515008763905321,0.7973045640826241,0.07285407282736035,0.6760528085643454
B,D_onset,any_ad_vs_matched,behaviour_manipulate,eeg_pope,False,item,18,0.298907438740577,0.22824073748831322,0.17571080549355336,0.485543060399122,0.09241377067782293,0.5951189438967
B,D_onset,any_ad_vs_matched,notice_brands,eeg_pope,False,item,18,0.2091070296879617,0.40499129964763664,0.10537195705338666,0.6773203514789108,0.059211807748625174,0.7328104096282637
B,D_onset,any_ad_vs_matched,notice_sponsored,eeg_pope,False,item,18,0.45798114418759855,0.055970887695668985,0.3977231922642868,0.10215219765174538,0.31554996868338137,0.07280797783791257
B,D_onset,any_ad_vs_matched,duration_sec,eeg_pope,False,process,18,-0.3691116025032907,0.13170723634538914,-0.21568627450980388,0.3900270258208053,-0.15032679738562094,0.4101336133426111
B,D_onset,any_ad_vs_matched,reply_latency_ms_median,eeg_pope,False,process,18,-0.26361747472482877,0.2905194028096567,-0.04231166150670795,0.8676065335789527,-0.032679738562091505,0.8813527202442675
B,D_onset,any_ad_vs_matched,user_msg_len_median,eeg_pope,False,process,18,-0.03016448224602553,0.9054213829775332,-0.1476510263878828,0.558764365966002,-0.13114824589410562,0.44839229084345344
B,D_onset,any_ad_vs_matched,recall_memory,eeg_pope,False,recall,18,-0.16095967884964837,0.523441152051527,-0.09203742539485293,0.7164398135520716,-0.04636168270832022,0.7903100546926698
B,D_onset,any_ad_vs_matched,recall_trust_shift,eeg_pope,False,recall,18,-0.12958476743410383,0.6083138682252659,-0.25699702648129424,0.30324854233608395,-0.17396072327913506,0.3220364993055064
B,D_onset,any_ad_vs_matched,trust,eeg_kislov,False,survey,18,0.31850625986454467,0.19769086944549294,0.05903715642141833,0.8159991166996471,0.060012003601200424,0.7319434822752744
B,D_onset,any_ad_vs_matched,credibility,eeg_kislov,False,survey,18,0.49598910413449915,0.036313660329362465,0.326615379623311,0.18588218887176353,0.21123147583502389,0.22447923958749927
B,D_onset,any_ad_vs_matched,manipulation,eeg_kislov,False,survey,18,0.07077176780907547,0.78020427243551,0.15392570197014324,0.5419808747286806,0.09868634624770863,0.5693680626983872
B,D_onset,any_ad_vs_matched,notice,eeg_kislov,False,survey,18,0.21385121563769138,0.3941699457037921,0.22727284854652025,0.36442622355671694,0.16447724374618106,0.34297468853756996
B,D_onset,any_ad_vs_matched,helpfulness,eeg_kislov,False,survey,18,0.3811693040539408,0.11860242496246948,0.34522005314615783,0.16059480636721687,0.25083737755409086,0.14917257070800435
B,D_onset,any_ad_vs_matched,convincingness,eeg_kislov,False,survey,18,0.36847904950366167,0.13242152978352553,0.22509037589201708,0.36917436746040067,0.1442630704835162,0.4043329144956145
B,D_onset,any_ad_vs_matched,relevance,eeg_kislov,False,survey,18,0.37893977776196347,0.12095303638948725,0.3321273397563037,0.17812994291469475,0.25830080366064123,0.1382869257310502
B,D_onset,any_ad_vs_matched,neutrality,eeg_kislov,False,survey,18,0.2123054261290363,0.3976783621816314,0.041386584393308876,0.870477760031128,-0.006623097529760032,0.9696835809045192
B,D_onset,any_ad_vs_matched,behaviour_pushing,eeg_kislov,False,item,18,-0.042507407857830866,0.866999182814281,0.054808803886822535,0.8289864187953977,0.07285407282736035,0.6760528085643454
B,D_onset,any_ad_vs_matched,behaviour_manipulate,eeg_kislov,False,item,18,0.16649235428132708,0.5090682731748741,0.20465140875131507,0.4152986341268806,0.14522163963657891,0.40365657633638374
B,D_onset,any_ad_vs_matched,notice_brands,eeg_kislov,False,item,18,-0.02972743397705487,0.9067860306087893,0.07438020497886116,0.7692778123155338,0.04605362824893069,0.7906049498979726
B,D_onset,any_ad_vs_matched,notice_sponsored,eeg_kislov,False,item,18,0.4171635606301539,0.08500441557082618,0.4621065810903594,0.05351747057275971,0.3424052851670734,0.05156877522676889
B,D_onset,any_ad_vs_matched,duration_sec,eeg_kislov,False,process,18,-0.02357627166660226,0.9260172174745517,-0.038183694530443756,0.8804304907652737,-0.006535947712418302,1.0
B,D_onset,any_ad_vs_matched,reply_latency_ms_median,eeg_kislov,False,process,18,0.1231194493038492,0.6264637624587193,0.16821465428276572,0.504632511085031,0.11111111111111112,0.5498119171087916
B,D_onset,any_ad_vs_matched,user_msg_len_median,eeg_kislov,False,process,18,-0.07270519011531565,0.7743447984136453,-0.16726899492893013,0.5070657654304618,-0.07868894753646338,0.6492108060096153
B,D_onset,any_ad_vs_matched,recall_memory,eeg_kislov,False,recall,18,-0.21366125002850686,0.39460018928598334,-0.16649466841091373,0.5090623008219879,-0.08610026788688042,0.6214268342178599
B,D_onset,any_ad_vs_matched,recall_trust_shift,eeg_kislov,False,recall,18,0.013453191768632142,0.9577467083264792,0.0715032049484246,0.7779862187034103,0.06690797049197503,0.7032941212429455
