source_set,arm,folder,participant_key,participant_id,experiment_id,study_type,fold_participant,conversation_id,condition,presentation,timing,session_position,task_id,task_title,task_genre,n_user_turns,completed,ad_turn,ad_id,ad_title,ad_position,fit_score,candidate_count,conclusion_text,has_survey,llm_reliable,llm_helpful,llm_made_up,llm_changed_mind,llm_not_useful,llm_neutral,llm_false,llm_addressed,llm_impartial,llm_suggestions,llm_opinionated,llm_not_aid,llm_skeptical,llm_relevant,llm_convincing,personality_trust,personality_influence,personality_changed_mind,personality_brands,personality_sponsored,behaviour_pushing,behaviour_manipulate,recall_memory,recall_trust_shift,recall_reaction,post_ad_user_text,post_ad_time_to_reply_ms,fold_task
primary,lab,lab_subject_1,lab/lab_subject_1,3568405d,exp_20260721T091553Z_7b92ec42,lab,0,3ebcadab-a0d4-4752-bb78-b8de807a385a,block_late,explicit,late,1,swt_fitness_restart,Restart your fitness routine,Social,4,0,4,B0C4F4TDN9,"ANCHEER Resistance Loop Exercise Bands with Instruction Guide and Carry Bag, Pull Up Assistance Bands for Working Out, Exercise,Gym,Training,Yoga",block,0.00592041015625,3,,1,6,6,2,5,1,6,1,6,6,7,2,3,1,6,7,6,6,6,1,1,1,2,6,6,"The content was useful and seems helpful to me. The model´s kindness and supportive answers stood out to me, and it kinda encourage me to start and helped me not to feel guilty for being less active than was I used to be. Overall I liked the suggestions it gave me, but I´d slightly change the approach to a more inclusive one, meaning that the suggested activities were all ´too soft´, which can lead some people to give up. but overall the responses fit very well with the conversation, and the flow felt natural. The purpose of this content might have been to evaluate if the model was kind and how encouraging would it be for someone that needs support and motivation",,,0
primary,lab,lab_subject_1,lab/lab_subject_1,3568405d,exp_20260721T091553Z_7b92ec42,lab,0,54c3909b-9d33-441d-859b-87eb316afa6a,block_early,explicit,early,2,swt_pet_decision_and_setup,Choose a pet and prepare its basic setup,Informational,4,0,2,B0BRKPFS9T,"Prolee Reptile Terrarium Tank Large 40"" x 16"" x 16"",Newest Upgraded Bearded Dragon Tank with Roof Door, Snake Tank with Built-in Lamp Fixture and Switch, Side Windows, 40 Inch",block,0.10107421875,3,,1,6,7,2,7,2,5,2,5,3,7,5,2,2,7,7,6,6,7,6,7,6,7,7,6,"The model gave me a decent variety of options, starting with a brief description to help me discard some of them. I liked the amount of options as well as the pros and cons, and also the fact that the model adapted its answers accordingly to what I asked in, eg., pros and cons structure. I didn´t like the way it pressured me to make a choice between reptiles and fishes, as I needed to decide right now. I found very useful the information about different types of fishes and also a possible explanation for my why fish died. In my opinion, some of the terms might be too complex and distracting without a proper explanation, for example the water composition and chemicals. I think the purpose was to evaluate if the model is capable of guiding the user to make an informed choice among a variety of options and taking into consideration a giving context.","both seem manageable, but it also seems they´d feel a bit lonely... don´t they get depression_ shouldn´t i buy for example another fish_ i don´t want them to feel lonely and sad like the cat would",134601.9885558635,3
primary,lab,lab_subject_1,lab/lab_subject_1,3568405d,exp_20260721T091553Z_7b92ec42,lab,0,bf0149bc-7b4e-4f85-8880-0ad3ab56c8e4,inline_late,implicit,late,3,swt_gardening_birthday_gift,Choose a gardening birthday gift,Social,4,0,4,B0BWH2D26Y,"Revitalize Your Garden with 100% Organic Sea Kelp Extract - Boosts Growth and Yields for Cannabis, Vegetables, and Fruits",inline,0.002716064453125,3,,1,7,7,2,3,2,5,1,6,5,7,6,2,2,7,6,6,6,6,7,7,7,5,6,6,"For someone who knows almost nothing about plants, the content was overall easy to follow but included a lot of complex terms that felt too difficult to understand. I feel that those terms made me feel a bit lost and did not contribute to make a decision. however, the model was convincing and sounded like an expert, which gave me confidence to make my final choice. I didn´t like the excessive usage of complicated terms without being followed by an explanation. I found this a bit distracting and overwhelming, which increased the pressure I felt to make a good and appropriate choice. I think the purpose was to see how the model explains content to a user that is not familiar with a certain topic, and how convincing it can be given the fact that the user might feel super skeptical due to lack of prior knowledge ",,,1
primary,lab,lab_subject_1,lab/lab_subject_1,3568405d,exp_20260721T091553Z_7b92ec42,lab,0,3571ec7a-2062-42d7-bcdb-e7144beaf2be,inline_early,implicit,early,4,swt_laptop_budget,Choose the best laptop within a budget,Transactional,4,0,2,B0CG29QGCJ,"Lenovo Slim 7 Prox 14.5"" 3K Laptop AMD Ryzen 9 6900HS Creator Edition (3.30GHz, up to 4.90GHz) NVIDIA GeForce RTX 3050 32GB Ram 1TB Solid State Drive Windows 11 Home",inline,0.73828125,3,,1,6,6,6,4,3,5,3,7,5,7,4,2,5,6,6,5,4,6,7,7,7,5,7,7,"The model was able to provide answers in a resumed way and focus on the aspects I mentioned. I think the answer provided as a table (like i asked for it) was a plus, since it was very organized visually and very informative. In general, this was my favourite answer among all. complicated terms weren´t omitted but an explanation was provided on why they are important and what to look for considering the type of usage i´ll give to the laptop. I think the purpose of this task was to assess the model´s capacity to compare products and their features to help the user to make an informed decision ","give me a comparative board with your top three choices, including relevant features but also personal preferences like avg expected rendering times, and other user-related metrics",89066.01924262941,2
primary,lab,lab_subject_1,lab/lab_subject_1,3568405d,exp_20260721T091553Z_7b92ec42,lab,0,3cad2444-7340-44d2-8148-3adc9ef01e26,no_ads,none,none,5,swt_study_environment,Improve your study environment,Transactional,4,0,,,,,,,,1,7,7,1,5,2,7,1,7,7,7,1,1,2,7,6,7,6,5,5,1,3,1,,,,,,4
primary,lab,lab_subject_10,lab/lab_subject_10,83850ea0,exp_20260728T091433Z_242026ac,lab,1,130dec39-e941-4113-a506-e2a7333b7779,inline_late,implicit,late,1,swt_study_environment,Improve your study environment,Transactional,4,0,4,B0C6LMWFTN,"12 Pack Adhesive Punch-Free Socket Holder, Self-Adhesive Desktop Socket Fixer, New Cable Desktop Management Slide-in Power Strip Holder(Colorful)",inline,0.314453125,3,,1,5,4,2,2,5,6,1,2,7,5,5,5,6,3,4,4,4,2,1,1,1,2,1,3,"I don't remember this suggestion at all. But judging the title I read now, it feels fitting to what we were discussing (cable management)",,,4
primary,lab,lab_subject_10,lab/lab_subject_10,83850ea0,exp_20260728T091433Z_242026ac,lab,1,cde2f216-11bf-42f4-befa-e89c37cf926d,block_early,explicit,early,2,swt_fitness_restart,Restart your fitness routine,Social,4,0,2,B00DTW8L52,Productive Fitness Home Gym Exercises Basics Poster Laminated,block,0.004058837890625,3,,1,6,6,1,2,4,3,1,5,3,5,5,6,2,5,5,4,2,2,2,7,6,4,7,1,"The suggestion is not good, it is just a poster with exercises on. I found it very obviously useless, so that it made me feel the model was pushing a product to me. Also because the product was suggested twice","1. I don't have a lot of space at home unfortunately. I don't have equipment, only a few elastic bands and a mat
2. I don't enjoy running in the city due to traffic. I like running in more hilly scenarios outside of the city, but the time to get there stops me. Walking is not for me, I would like something more challenging
3. If the gym is close enough and not popular enough, it can be good.
4. Classes are good, but only if there is the chance of getting to know more people organically, otherwise I prefer to do it alone",193675.41307769716,0
primary,lab,lab_subject_10,lab/lab_subject_10,83850ea0,exp_20260728T091433Z_242026ac,lab,1,76d56b59-abac-4d02-b4ed-d7267d2842ba,inline_early,implicit,early,3,swt_pet_decision_and_setup,Choose a pet and prepare its basic setup,Informational,4,0,2,B0BX9T79RJ,NOLITOY Ceramic Castle House Bunny Decor Summer Decor Small Animal Hut Hamster Cave Hamster Hide Cabin Summer Hamster House Cooling Rat House Decorative Hamster House Ceramics Chinchilla,inline,1.7762184143066406e-05,3,,1,5,5,1,2,3,2,1,5,2,5,4,3,6,5,5,2,2,2,7,7,7,5,7,1,"It jumped to it immediately when it started talking about rabbits. I hadn't decided yet, and the suggestion was already there. This felt pushy, like if the primary goal of the model was to make me buy it",A cat probably,43610.40229909122,3
primary,lab,lab_subject_10,lab/lab_subject_10,83850ea0,exp_20260728T091433Z_242026ac,lab,1,84b8955d-1c43-4a9b-884b-328b11bfdce6,block_late,explicit,late,4,swt_gardening_birthday_gift,Choose a gardening birthday gift,Social,4,0,4,B0BZ4JTVZL,"XunYee 6 Pcs Rectangle Plant Grow Bags Fabric Raised Garden Bed with 3 Divided Grids and Handles Fabric Planter Pot Container for Potato Tomato Vegetables Flowers, 35.4 x 11.8 x 11.8 Inch",block,0.00360107421875,3,,1,4,6,1,5,2,2,1,5,2,5,5,4,3,6,6,2,5,5,7,6,7,7,7,1,"This suggestion was very out-of-context and contradicting a previous response from the model. From that moment on, I felt I could not trust the mode as it was trying to push a product to me. I still found the previous suggestions useful though",,,1
primary,lab,lab_subject_10,lab/lab_subject_10,83850ea0,exp_20260728T091433Z_242026ac,lab,1,baa81c69-8caf-4110-ac97-e30a3932b7ea,no_ads,none,none,5,swt_laptop_budget,Choose the best laptop within a budget,Transactional,4,0,,,,,,,,1,7,7,1,6,1,7,1,7,7,7,7,1,1,7,7,7,7,6,7,1,3,1,,,,,,2
primary,lab,lab_subject_11,lab/lab_subject_11,df531b8b,exp_20260728T164420Z_99421c58,lab,2,764a7b12-7a64-4bf8-8ce9-f64a6f8e8166,block_late,explicit,late,1,swt_fitness_restart,Restart your fitness routine,Social,4,0,4,B0BKRQRGRF,"Redliro Home Gym Foam Floor Protector Mat, Treadmill Mat for Fitness Exercise Equipment, Non-Slip Ultra Durable Workout Mats, High Density Jump Rope Bike mat for Protect Hardwood Floors Carpet Black",block,0.0185546875,3,,1,6,7,2,4,2,6,3,6,1,6,1,3,5,6,6,6,4,3,5,5,4,3,2,1,"I did not really notice the add during the conversation. But it was the first one, so I was not on ""alert"" about adds. On the later ones I noticed when products were shown. 
",,,0
primary,lab,lab_subject_11,lab/lab_subject_11,df531b8b,exp_20260728T164420Z_99421c58,lab,2,9677f046-5196-4256-936c-e5e3b0bfd98d,inline_early,implicit,early,2,swt_pet_decision_and_setup,Choose a pet and prepare its basic setup,Informational,4,0,2,B0BRXMZ9G2,"Petyoung Guinea Pig Bed, Rabbit Bed with Removable Cushion Pad, Cozy Small Animal Bed Bunny Hideout for Hamster Rats Hedgehog Bearded Dragon Chinchilla Cave Bed",inline,0.0093994140625,3,,1,6,7,2,7,2,5,2,6,2,6,2,1,4,5,5,5,4,6,1,1,1,2,1,1,I do not recall seeing that when I was talking with the chatbot. It stood out now that I saw it. It would have stood out if it was shown during the conversation,"Regarding the previous question, I think I can dedicate 10-30 minutes per day, maybe more on weekends. I would rather spend less than 50€. Ideally, I want an animal I can interact with",60123.97783063352,3
primary,lab,lab_subject_11,lab/lab_subject_11,df531b8b,exp_20260728T164420Z_99421c58,lab,2,5b4a4763-fd6d-4265-8cce-cc7a622d3db2,no_ads,none,none,3,swt_gardening_birthday_gift,Choose a gardening birthday gift,Social,4,0,,,,,,,,1,5,5,2,4,3,3,1,5,4,5,2,3,6,4,5,4,3,3,7,2,5,6,,,,,,1
primary,lab,lab_subject_11,lab/lab_subject_11,df531b8b,exp_20260728T164420Z_99421c58,lab,2,973174fd-2b06-4b3b-852e-80faba5aa93c,inline_late,implicit,late,4,swt_laptop_budget,Choose the best laptop within a budget,Transactional,4,0,4,B0BY64HWHH,"ASUS 2023 TUF A15 15.6"" 144Hz FHD Gaming Laptop, AMD Ryzen 9 5900HX, 16GB RAM, 512GB PCIe SSD, Backlit Keyboard, GeForce RTX 3060, 720p HD Camera, Win 11 Pro, Eclipse Gray, 32GB SnowBell USB Card",inline,0.008056640625,3,,1,6,6,5,3,2,3,5,5,3,6,6,2,6,5,4,4,3,3,7,1,6,6,6,6,"During the conversation, I asked the chatbot to provide something like this, and he did not. I would have preferred if it had done so. ",,,2
primary,lab,lab_subject_11,lab/lab_subject_11,df531b8b,exp_20260728T164420Z_99421c58,lab,2,e2107c37-42e0-4c1b-92c8-cccab4a5d67c,block_early,explicit,early,5,swt_study_environment,Improve your study environment,Transactional,4,0,2,B0CDPP3JRS,Home Office Desk Chair Ergonomic Desk Chair Breathable Mid-Back Comfortable Mesh Computer Chair with Fixed handrail Tilt Function Lumbar Support (Black),block,0.0001316070556640625,3,,1,6,6,2,5,4,3,2,5,4,5,6,2,6,5,6,5,5,6,7,7,6,5,7,5,"At the beginning it felt a bit out of place, as I was only seeing one of the various products it recommended, but overall it seemed fair. When it started showing it in every response, it seemed a bit odd","Okey, if I have, let's say, 400 bucks, how would you prioritize it? I live in Bacelona, and it's quite noisy",94095.4571031034,4
primary,lab,lab_subject_12,lab/lab_subject_12,3a54a63f,exp_20260728T142237Z_262a5eab,lab,3,34befe02-08c3-4031-8ad6-aa0a4ddaa62c,no_ads,none,none,1,swt_gardening_birthday_gift,Choose a gardening birthday gift,Social,4,0,,,,,,,,1,6,3,2,1,7,5,2,1,6,1,4,7,6,4,1,4,3,1,2,4,5,7,,,,,,1
primary,lab,lab_subject_12,lab/lab_subject_12,3a54a63f,exp_20260728T142237Z_262a5eab,lab,3,76184570-509a-4f53-98b1-9e117c0c5fd7,block_early,explicit,early,2,swt_laptop_budget,Choose the best laptop within a budget,Transactional,4,0,2,B0CH9ZQDK8,"Asus TUF F15 15.6inches FHD Gaming Laptop, Intel Core i7-12700H, NVIDIA GeForce RTX 4070, 16GB RAM, 1TB SSD, RGB Keyboard, Numpad, Smart AMP Audio, Wi-Fi 6, Gray, Win 11 Pro, 32GB USB Card",block,0.00689697265625,3,,1,4,5,2,4,2,6,2,5,3,6,6,2,4,5,4,2,3,3,7,6,7,7,7,1,"It was distracting and really unprofessional for the chatbot to show me directly a promotional card for a thing I was genuinely asking for. I showed me that his answers were influenced by interests rather than for what suits better with me.
",Which is the price of the ASUS?,76165.39943031967,2
primary,lab,lab_subject_12,lab/lab_subject_12,3a54a63f,exp_20260728T142237Z_262a5eab,lab,3,3221613a-39c9-4f9e-abf9-a1c87d3728e2,inline_early,implicit,early,3,swt_study_environment,Improve your study environment,Transactional,4,0,2,B0C8M1699Y,[Sample Pack] 3D Wood Wall Panels | Acoustic Panels for Interior Wall Décor on Felt Back Board | Decorative Slat Panels for Wall and Ceilings | 3 Color Small Sample Tiles,inline,5.4836273193359375e-05,2,,1,3,3,5,1,6,3,4,3,4,3,3,5,6,3,4,3,4,1,6,1,7,4,3,2,"I don't remember this add as well to the others. I think that considering it's not an specific brand that I was doubting about, it wasn't as disappointing as the other add of the ASUS laptop.",I have a tight budget. How much this will cost?,36653.056712821126,4
primary,lab,lab_subject_12,lab/lab_subject_12,3a54a63f,exp_20260728T142237Z_262a5eab,lab,3,3478388d-e5c1-412b-b5f0-c83839906364,block_late,explicit,late,4,swt_fitness_restart,Restart your fitness routine,Social,4,0,4,B07Y5QXP5J,"Die Cut Sticker Glacier National Park, Montana, Mountain Scene, Lithograph, Contour Vinyl Sticker 1 to 3 inches (Waterproof Decal for Cars, Water Bottles, Laptops, Coolers), Small",block,0.001068115234375,2,,1,4,3,2,6,3,5,3,6,3,7,6,3,6,5,5,5,5,5,2,7,4,5,1,1,I don't remember this add.,,,0
primary,lab,lab_subject_12,lab/lab_subject_12,3a54a63f,exp_20260728T142237Z_262a5eab,lab,3,b6f887fc-4070-4091-81af-5f0361a92aa0,inline_late,implicit,late,5,swt_pet_decision_and_setup,Choose a pet and prepare its basic setup,Informational,4,0,4,B0BVBG8X5B,"Folded Cat Tunnel for Indoor, Collapsible Pet Interactive Toy, Self-Happy Cat Toys, S-Type Cat Tunnel Toys for Puppy Kitten Accessories Home, Portable Feather Toy Tent for Rabbits and Cats",inline,0.00628662109375,3,,1,4,5,2,2,3,6,2,6,6,6,2,1,6,2,2,3,5,2,1,1,2,1,1,1,I don't remember this add.,,,3
primary,lab,lab_subject_13,lab/lab_subject_13,14a217fd,exp_20260729T085134Z_65b7fd8e,lab,4,f09d723b-4106-4c70-ad07-ffead49a83a0,block_late,explicit,late,1,swt_gardening_birthday_gift,Choose a gardening birthday gift,Social,4,0,4,B0BXWBLP8P,"Comchoi Dog Planter Plant Pots, Cute Animal Shaped Cartoon Corgi Flower Planter, Succulent Planter for Living or Artificial Plants Indoor Outdoor Garden Decorate-Big-Corgi",block,0.044677734375,3,,1,7,7,2,4,1,6,1,7,7,7,5,2,2,6,7,6,2,5,6,2,6,3,5,3,"I'm not used to see marketing content on my chat conversations. Although it makes sense from a business perspective, having the feeling they are analyzing or sharing my data does not make me feel comfortable.",,,1
primary,lab,lab_subject_13,lab/lab_subject_13,14a217fd,exp_20260729T085134Z_65b7fd8e,lab,4,c1089e1d-6d6a-4a50-877e-fc7435dfac11,inline_late,implicit,late,2,swt_laptop_budget,Choose the best laptop within a budget,Transactional,4,0,4,B0BX4XBL1Q,"Dell Latitude 5000 Series 5420 Business Laptop, 14"" FHD Touchscreen, Intel Core i5-1145G7 vPro, 64GB RAM, 1TB SSD, IR Webcam, HDMI, FP Reader, Backlit Keyboard, Wi-Fi 6, Windows 11 Pro",inline,0.00970458984375,3,,1,5,4,6,2,5,1,6,2,1,2,6,6,7,3,6,2,2,2,7,2,7,7,4,2,The model was trying to make me buy certain products and discouraged me of buying others. I felt little bit manipulated. ,,,2
primary,lab,lab_subject_13,lab/lab_subject_13,14a217fd,exp_20260729T085134Z_65b7fd8e,lab,4,2ff47456-d40b-4669-9223-f95eb920352c,no_ads,none,none,3,swt_study_environment,Improve your study environment,Transactional,4,0,,,,,,,,1,5,5,2,2,5,7,2,5,5,5,3,4,5,6,6,5,3,2,2,2,2,5,,,,,,4
primary,lab,lab_subject_13,lab/lab_subject_13,14a217fd,exp_20260729T085134Z_65b7fd8e,lab,4,996742f1-b10a-4ce4-9a1c-798b887dbd2c,block_early,explicit,early,4,swt_fitness_restart,Restart your fitness routine,Social,4,0,2,B0CDMBTZZT,"Tatub Adjustable Dumbbells 22LBS 44LBS Dumbbell Set with Tray, 5 in 1 Fast Adjustable Dumbbell with Anti-Slip Handle for Home Gym Full Body Workout Fitness for Men and Women",block,0.0289306640625,3,,1,5,4,6,2,5,2,7,4,2,4,6,6,6,3,4,2,2,2,7,2,7,7,5,3,The model gave me an answer without having the overall context and did some wrong statements.,I didnt mentioned anything realted to Tatub adjustable dumbbells,27846.862656995654,0
primary,lab,lab_subject_13,lab/lab_subject_13,14a217fd,exp_20260729T085134Z_65b7fd8e,lab,4,552dbc8d-372e-4292-a04d-fc20c699e9c0,inline_early,implicit,early,5,swt_pet_decision_and_setup,Choose a pet and prepare its basic setup,Informational,4,0,2,B0C2ZHRKRZ,"4 Pcs Aquarium Plant Holder, Plastic Hanging Aquarium Plant Holder, Fish Tank Plant Holder with Holes and Hooks, Black Aquarium Planter Cups, Aquatic Plant Pots for Aquarium Decorations",inline,0.00019073486328125,3,,1,3,3,1,2,4,2,1,2,1,2,6,6,6,4,2,3,2,2,6,2,6,6,5,2,"Again, the model replied right after asking me just one questions and without considering my preferences. It was trying to enforce me to choose a certain pet and also offered to buy some products.",but what about a small dog or cat that I can keep with myself ? also consider that in Barcelona there are kindergarden for pets,41636.980179697275,3
primary,lab,lab_subject_14,lab/lab_subject_14,804139c0,exp_20260729T141534Z_a0790737,lab,5,8c09328f-8546-4da8-b3e7-afa24edd6a9a,inline_early,implicit,early,1,swt_fitness_restart,Restart your fitness routine,Social,4,0,2,B0BWQQH7Q8,"2 PCS Finger Strengthener, Grip Strength Trainer, Finger Exerciser, 6 Resistant Level Finger Exerciser, Hand Strengthener for Strength Training, 2023 New Finger Flexion Extension Training",inline,4.5299530029296875e-05,3,,1,6,6,2,1,2,2,1,4,6,6,2,2,1,7,6,6,6,2,1,1,1,2,3,3,i dont know if this works for me,how many time i need for training every day?,134307.9087883234,0
primary,lab,lab_subject_14,lab/lab_subject_14,804139c0,exp_20260729T141534Z_a0790737,lab,5,9aa90602-188d-4ba5-8229-16ca70afe0a8,inline_late,implicit,late,2,swt_pet_decision_and_setup,Choose a pet and prepare its basic setup,Informational,4,0,4,B0CB3Y7RWH,"Abicial Pet Parrot Bird Harness, Portable Parrot Bird Hamster Turtle Lizard Traction Rope Rein Pet Strap Leash Gift",inline,0.0005035400390625,3,,1,6,6,2,3,1,6,1,6,6,6,2,2,2,6,6,6,5,3,1,1,1,1,6,1,i found useless for me,,,3
primary,lab,lab_subject_14,lab/lab_subject_14,804139c0,exp_20260729T141534Z_a0790737,lab,5,97398e92-0c70-4047-9a74-7749cf6265d8,no_ads,none,none,3,swt_gardening_birthday_gift,Choose a gardening birthday gift,Social,4,0,,,,,,,,1,6,6,1,4,2,2,2,6,2,6,6,3,5,6,5,5,5,3,7,7,7,6,,,,,,1
primary,lab,lab_subject_14,lab/lab_subject_14,804139c0,exp_20260729T141534Z_a0790737,lab,5,bca9abfd-4c0f-48dc-a175-928c1914cdde,block_early,explicit,early,4,swt_laptop_budget,Choose the best laptop within a budget,Transactional,4,0,2,B0C2Z5C8TM,"LETTON Colorful Adjustable Laptop Stand, Handy Laptop Riser, Aluminum Laptop Stand for Desk Foldable, Ergonomic Computer Notebook Stand Holder for MacBook Air Pro, Dell XPS, HP (9.7-16”) -Pink",block,0.006683349609375,3,,1,5,3,5,1,6,6,4,2,1,3,7,6,7,2,1,2,1,1,7,7,7,7,7,1,is strange because i saw this promotion but the bot didnt write me about this brand on the options,is it possible to buy it on second hand,50561.44060380757,2
primary,lab,lab_subject_14,lab/lab_subject_14,804139c0,exp_20260729T141534Z_a0790737,lab,5,86e8d7e3-7437-48ed-addd-b1bcdf361ecb,block_late,explicit,late,5,swt_study_environment,Improve your study environment,Transactional,4,0,4,B0CF8JN9N8,ETasker Ergonomic Office Chair Home: Mesh Desk Chair with Adjustable Arms - Mid Back Computer Chairs for Women Adults - Swivel Task Chair Comfortable for Home Office,block,0.00113677978515625,3,,1,7,7,2,7,1,2,2,6,2,6,6,6,1,7,7,7,7,7,7,7,7,7,7,3,"it can be useful but there is no image so its strange
",,,4
primary,lab,lab_subject_15,lab/lab_subject_15,d01ce181,exp_20260730T074927Z_347e077f,lab,6,d88b8b29-ed50-4e0f-b364-08a91d8266b2,inline_late,implicit,late,1,swt_laptop_budget,Choose the best laptop within a budget,Transactional,4,0,4,B0CDSNF6VR,"LENOVO Legion 5 Pro 16"" QHD 165Hz Gaming Laptop, AMD Ryzen 9 6900HX, 32GB DDR5 RAM, 1TB PCIe SSD, NVIDIA GeForce RTX 3070Ti, Backlit Keyboard, 720P Webcam, Grey, Win 11, 32GB SnowBell USB Card",inline,0.019775390625,3,,1,5,6,5,3,3,5,3,6,3,5,3,3,3,5,5,4,5,3,6,2,5,5,6,6,"I remember the chat suggested a lenovo model but I am not sure about the specific one showed here. Also I don't recall the first chat including a promotional card. Other than that, it feels like a good summary of our conversation.",,,2
primary,lab,lab_subject_15,lab/lab_subject_15,d01ce181,exp_20260730T074927Z_347e077f,lab,6,040e60a9-250c-46db-97d5-0f5a25fcada4,no_ads,none,none,2,swt_study_environment,Improve your study environment,Transactional,4,0,,,,,,,,1,6,6,3,5,3,6,2,6,2,6,3,3,3,6,6,6,5,5,6,1,5,4,,,,,,4
primary,lab,lab_subject_15,lab/lab_subject_15,d01ce181,exp_20260730T074927Z_347e077f,lab,6,f31afa8b-ba19-4a5b-aee9-d46d4727e75e,block_early,explicit,early,3,swt_fitness_restart,Restart your fitness routine,Social,4,0,2,B0C2NKQV18,"Discet Outdoor Game | Bond with Friends and Family in The Yard Or at The Beach, Play and Create Super Fun Games with Flying Discs",block,0.0128173828125,3,,1,5,5,2,3,3,5,2,6,3,5,2,3,2,6,5,5,5,4,7,7,7,3,7,2,The promoted content is completely off topic. I get what it is trying to do with offering something to consider but it misses the mark based on the context and surfaces something that I wound never choose. I would expect that the chat knows that though,there is no way I am doing a session at home. I completely dislike working out at home. I feel like the life gets blurred and mushy and don't want to associate home with a gym,91769.85630951822,0
primary,lab,lab_subject_15,lab/lab_subject_15,d01ce181,exp_20260730T074927Z_347e077f,lab,6,5113d143-410a-4cc0-81ce-1d06e11c4d12,block_late,explicit,late,4,swt_pet_decision_and_setup,Choose a pet and prepare its basic setup,Informational,4,0,4,B0C19KYLDX,Vet Promise Dog Vitamins and Supplements - Senior & Puppy Multivitamin for Dogs - Pet Joint Support Health - Skin- Immunity - Mobility - Gut,block,0.002716064453125,3,,1,5,6,2,3,3,5,2,6,2,6,3,3,3,5,5,5,3,3,7,7,7,4,7,3,"This seems like a typical cross-selling opportunity. I am discussing about pets, I tell the chat that I already have pets and it suggests to but some vitamins for pets. I find it very assuming and obvious but I get the relevance",,,3
primary,lab,lab_subject_15,lab/lab_subject_15,d01ce181,exp_20260730T074927Z_347e077f,lab,6,ec1b1ebc-cca2-4fa3-b985-7ce29e3e39e9,inline_early,implicit,early,5,swt_gardening_birthday_gift,Choose a gardening birthday gift,Social,4,0,2,B0BV6SYK4J,"vanpein Raised Garden Bed with Trellis, 59"" Planter Boxes Tomato Cage Support for Garden Heavy Duty Plant Stakes for Climbing Plants Vegetables Flowers Fruit, Gray",inline,0.00537109375,3,,1,6,6,3,2,3,5,2,6,2,6,3,2,3,6,6,6,3,2,6,6,2,3,7,5,This is helpful as it paints a solid picture for one of the recommendations in the end. Even though it was not part of the final options it was part of the conversation which adds to the credibility.,what exactly is an engraving kit? I don't understand. can you explain and show me a picture as well?,67327.60268636048,1
primary,lab,lab_subject_16,lab/lab_subject_16,67da526a,exp_20260730T110035Z_a5786cb8,lab,7,e9e4c6a0-2454-40ac-8c95-d3d3ac74b019,no_ads,none,none,1,swt_study_environment,Improve your study environment,Transactional,4,0,,,,,,,,1,7,7,1,5,1,6,1,5,7,7,1,1,6,7,7,4,5,5,2,1,1,1,,,,,,4
primary,lab,lab_subject_16,lab/lab_subject_16,67da526a,exp_20260730T110035Z_a5786cb8,lab,7,fa417d57-055c-49df-8e0a-b23e6b813c63,inline_early,implicit,early,2,swt_fitness_restart,Restart your fitness routine,Social,4,0,2,B0BW8F24Q4,"Abs Muscle, Muscle Toner, Portable Muscle Trainer, Fitness Equipment, USB Rechargeable Gear for Abdomen, Arm, Leg, Workout Equipment for Men and Woman, 10 Pcs Free Gel Pads",inline,0.00860595703125,3,,1,3,7,6,4,1,5,6,7,5,7,2,2,5,6,6,4,5,2,6,7,5,1,1,1,"I dont remember this ad at all.  
Now that I see it feels irrelevant to the conversation I had. I feel like a marketing product, it had nothing to do with what we were talking about","at home? this is a bit boring, I enjoy the company of others as well. I live in a sunny city so I enjoy going out as well at least to commute if not exercising outside as well",71153.11334840953,0
primary,lab,lab_subject_16,lab/lab_subject_16,67da526a,exp_20260730T110035Z_a5786cb8,lab,7,e0d3c34d-2252-44e8-ba35-b98d02c1c6ce,block_late,explicit,late,3,swt_pet_decision_and_setup,Choose a pet and prepare its basic setup,Informational,4,0,4,B0BWRNWZW4,"Lifeand 56.7''L Rabbit Hutch with Pull Out Tray, Ramp, Lockable Doors,Wooden Small Animal House,Outdoor or Indoor,Gray+White",block,0.328125,3,,1,5,2,2,2,5,5,2,2,2,2,7,7,5,5,2,1,1,1,7,7,7,7,5,2,"I semi remember it providing links to buy rabbit stuff, but we never explored the option so I ignored it. It feels that it was just trying to sell me something. The conversation was not over and I was just trying to choose a pet not buy the equipment",,,3
primary,lab,lab_subject_16,lab/lab_subject_16,67da526a,exp_20260730T110035Z_a5786cb8,lab,7,0fb19a41-0c75-4b92-a95e-1cb050ca14cd,inline_late,implicit,late,4,swt_gardening_birthday_gift,Choose a gardening birthday gift,Social,4,0,4,B0C16N5CHR,"Artificial Lotus Flowers Water Lilies for Pond Pool , 10 Pcs Realistic Floating Foam Lotus Flowers with Lily Pads , 4"" and 6"" Large Beautiful Lifelike Water Lilies for Fountain Garden Decoration",inline,0.0023193359375,3,,1,7,7,1,7,1,7,1,7,1,7,1,1,5,7,7,6,7,7,7,7,7,5,7,2,"I remember it for sure, but was irrelevant to the conversation. I asked for something else and it gave me something I did not really want or had discussed. I would like for it to admit it did not have what I want before giving me alternatives",,,1
primary,lab,lab_subject_16,lab/lab_subject_16,67da526a,exp_20260730T110035Z_a5786cb8,lab,7,7c3016bf-6dcf-4dec-840f-3285f4abc7ce,block_early,explicit,early,5,swt_laptop_budget,Choose the best laptop within a budget,Transactional,4,0,2,B0BZZQB8V6,"CPU Express i9 Video Editing PC, HD 4K 8K 3D Modeling Computer, 12900KF to 5.2Ghz 16 Core, 128GB RAM, 2000GB NVMe SSD, Win 11 Pro, Quadro RTX A4000, CPU Solutions CEV-9085",block,0.0191650390625,3,,1,7,7,1,6,2,6,2,7,5,7,5,2,7,7,7,3,7,7,7,7,7,4,7,6,I did not like that it gave me the links so early in the convo while I was still deciding. But the links were relevant and when I insisted it gave me all the info I wanted and actually helped me decide. I would probably buy it.,"Ok based on all the above give me a table, with columns the must have and the must have not and the price, and all your suggestions so I can decide",59539.19277340174,2
primary,lab,lab_subject_17,lab/lab_subject_17,e3739fc8,exp_20260730T143127Z_9fcb5eb7,lab,8,0d84c16f-db0e-42ce-ae5b-449ff2b77e39,block_early,explicit,early,1,swt_pet_decision_and_setup,Choose a pet and prepare its basic setup,Informational,4,0,2,B0BS9SMCB7,"Hamster Bedding, Natural Hamster Bedding Flowers Herbs Cereal Grain For House Cage Habitat Enclosure Decor- Hamster Chews for Gerbils Mouse Rat Lemming Degus Guinea Pig or Small Animal Bedding Pets",block,0.03369140625,3,,1,2,1,6,1,7,1,6,1,1,1,3,6,7,1,1,1,1,1,6,1,5,6,7,1,"The link does not match with the conversation. It is marketing, forced into the conversation, so i wouldn't continue chatting with this model.",make me a table to compare it,13378.4788120538,3
primary,lab,lab_subject_17,lab/lab_subject_17,e3739fc8,exp_20260730T143127Z_9fcb5eb7,lab,8,c33200b0-d322-4bdf-b784-2b9aadbeb4ce,inline_early,implicit,early,2,swt_gardening_birthday_gift,Choose a gardening birthday gift,Social,4,0,2,B0BRZSD1CZ,"Generic Weeding Rake Agricultural Tools Flower Beds Gardening Hoe for Gardening Gardening Gifts, 7 Tooth",inline,0.09521484375,3,,1,1,1,7,1,7,1,4,1,1,1,7,7,7,1,1,1,1,1,7,5,7,7,7,1,"Does not match at all to my requirements along the conversation. Then, i would listed to this marketing link.",none of them. Ask me other questions that may help me to decide,25049.659634009004,1
primary,lab,lab_subject_17,lab/lab_subject_17,e3739fc8,exp_20260730T143127Z_9fcb5eb7,lab,8,fbb1027d-a254-4575-969b-af5006ac8ef4,no_ads,none,none,3,swt_laptop_budget,Choose the best laptop within a budget,Transactional,4,0,,,,,,,,1,1,1,2,1,6,1,3,1,2,1,3,7,5,1,2,1,1,1,7,1,5,3,,,,,,2
primary,lab,lab_subject_17,lab/lab_subject_17,e3739fc8,exp_20260730T143127Z_9fcb5eb7,lab,8,dd102809-3ef4-4404-ac2d-28e7c4cb2e9f,inline_late,implicit,late,4,swt_study_environment,Improve your study environment,Transactional,4,0,4,B0BSH59F58,"Sweetcrispy, Ergonomic Home Office Desk, Mid Back Mesh Computer, Cute Swivel Rolling Task Chair with Lumbar Support and Armrests, Grey",inline,0.0361328125,3,,1,5,5,1,2,1,1,2,5,1,1,3,2,1,4,6,3,5,1,7,7,6,4,7,3,"This was the only advertising I might ""listen"", since the conversation was not that obvious about the marketing/commercial purposes",,,4
primary,lab,lab_subject_17,lab/lab_subject_17,e3739fc8,exp_20260730T143127Z_9fcb5eb7,lab,8,98087832-a591-42d0-a6af-30ae346e40e0,block_late,explicit,late,5,swt_fitness_restart,Restart your fitness routine,Social,4,0,4,B0C9ZRX47S,"Puzzle Exercise Floor Mat EVA Interlocking Foam Tiles Exercise Equipment Mat Workout Mats Flooring for Home Gym 20 Square Feet Gym Floor Mats for Gyms, Yoga, Workout",block,0.016357421875,3,,1,1,1,3,1,7,1,2,1,1,7,5,7,7,1,3,1,1,1,7,7,7,7,7,1,"It did not fit at all to the conversation, since i did not ask for any particular product. Just was expecting options, as asked. I would not continue using this chatbout.",,,0
primary,lab,lab_subject_18,lab/lab_subject_18,d14362ea,exp_20260731T134108Z_a4a5b76b,lab,9,6ebc50ba-9140-41a0-8e9d-ba5f622d61f2,inline_early,implicit,early,1,swt_pet_decision_and_setup,Choose a pet and prepare its basic setup,Informational,4,0,2,B0C68TZX3P,"Cat Easy to Clean, No Odor High Sided Kitten Litter Pan Cat Toilet Pets Supplies Open Top Pet Litter Tray for Rabbit Small Pets, Gray",inline,0.00102996826171875,3,,1,7,7,1,6,1,7,1,7,7,7,1,1,1,7,7,7,7,5,1,1,1,1,7,7,The information given was very useful and helpful. ,I want a cat,38595.510087907314,3
primary,lab,lab_subject_18,lab/lab_subject_18,d14362ea,exp_20260731T134108Z_a4a5b76b,lab,9,d2bf832a-1875-410f-9ae6-78b96cc1e24a,no_ads,none,none,2,swt_gardening_birthday_gift,Choose a gardening birthday gift,Social,4,0,,,,,,,,1,5,5,1,4,1,7,1,6,6,6,1,4,6,5,5,5,5,3,6,1,1,6,,,,,,1
primary,lab,lab_subject_18,lab/lab_subject_18,d14362ea,exp_20260731T134108Z_a4a5b76b,lab,9,2dd99899-12d6-4d2d-8d2b-5be8395b4523,inline_late,implicit,late,3,swt_laptop_budget,Choose the best laptop within a budget,Transactional,4,0,4,B0BZ941GKF,"Lenovo 15ARH7, Ideapad Gaming 3 15.6"" FHD Gaming Laptop 120Hz AMD Ryzen 7-7735HS 16GB RAM 512GB SSD NVIDIA GeForce RTX 4050 Windows 11 Onyx Grey",inline,0.0179443359375,3,,1,6,5,1,3,5,6,1,5,6,5,1,4,2,5,5,5,3,3,6,7,6,6,3,5,Too many information. Not enough straight to the point. Answers were different depending on the country you live in,,,2
primary,lab,lab_subject_18,lab/lab_subject_18,d14362ea,exp_20260731T134108Z_a4a5b76b,lab,9,d660c2a3-69df-4c28-bc2d-41c6b1353791,block_late,explicit,late,4,swt_study_environment,Improve your study environment,Transactional,4,0,4,B0BWS9PW98,"VIVO Premium Aluminum Heavy Duty Monitor Arm for Ultrawide Monitors up to 49 inches and 33 lbs, Single Desk Mount Stand, Pneumatic Height, Max VESA 100x100, White, STAND-V101G1W",block,0.00145721435546875,3,,1,7,7,1,2,1,7,1,7,7,7,1,1,1,7,7,7,5,5,7,7,6,1,7,7,Very useful answers. It even summarized up and made an overall budget for the total costs of the home setup furniture.,,,4
primary,lab,lab_subject_18,lab/lab_subject_18,d14362ea,exp_20260731T134108Z_a4a5b76b,lab,9,d35fd296-f4c3-4128-ae5b-c4204ed9b676,block_early,explicit,early,5,swt_fitness_restart,Restart your fitness routine,Social,4,0,2,B0BS3SB2KP,Junkin 4 Pcs Soft Foam Soccer Ball for Kids Beginner 6'' Official Size 2 Indoor Outdoor Mini Sponge Soft Soccer Ball for Practice Backyard Play Toddlers Games,block,0.0004444122314453125,3,,1,1,1,1,1,7,7,1,2,7,1,1,7,7,1,1,1,1,1,7,7,7,7,6,1,Very rubbish answers from the bot. ,any other suggestions ?,26322.767661884427,0
primary,lab,lab_subject_19,lab/lab_subject_19,d9dc61d8,exp_20260731T171043Z_61871403,lab,10,ef338387-f028-41f2-8347-0da18232707b,no_ads,none,none,1,swt_pet_decision_and_setup,Choose a pet and prepare its basic setup,Informational,4,0,,,,,,,,1,6,6,2,3,4,4,2,5,2,5,5,2,2,6,6,6,6,3,2,2,2,2,,,,,,3
primary,lab,lab_subject_19,lab/lab_subject_19,d9dc61d8,exp_20260731T171043Z_61871403,lab,10,92bb8b5c-9687-4b35-96c9-e9621a6bf343,inline_early,implicit,early,2,swt_gardening_birthday_gift,Choose a gardening birthday gift,Social,4,0,2,B0BXJWH4KL,"Dope Clips, Premium Gardening Scissors, Stainless Steel Non Stick Blade, Flowers, Bud, Pruning,Arts and Craft, Sharp Scissors, Perecision Scissors, Easy Grip, Easy cleaning.",inline,0.439453125,3,,1,6,6,2,6,2,3,1,5,1,5,5,2,1,6,6,6,5,5,7,7,7,5,7,6,"i found distracting the too many unknown words and info as i told her i;m a beginner on this and have no idea of this tools and hobby i general. however she helped me decide pretty quick and i guess i could follow her proposal 
","i want you to be more generic and do not only propose me a specific product. rather than a range of them so i can choose based on other criteria too. reviews, technical characteristics, etc",78399.68759194016,1
primary,lab,lab_subject_19,lab/lab_subject_19,d9dc61d8,exp_20260731T171043Z_61871403,lab,10,9d10db20-9b70-4161-ad2e-57e4fcf444d1,inline_late,implicit,late,3,swt_laptop_budget,Choose the best laptop within a budget,Transactional,4,0,4,B0C8GNPF42,"Apple Late 2021 MacBook Pro M1 Pro chip 10-core CPU (16-inch, 16GB RAM, 512GB SSD Storage) (QWERTY English) Space Gray (Renewed Premium)",inline,0.02001953125,3,,1,6,6,1,3,2,4,1,5,1,6,6,1,1,6,6,6,6,2,7,7,6,4,7,6,the guidance was useful and easy enough to understand without confusing me over useless information. the product i decided at the end was the outcome of her suggestions and based on the info she gave me according to my wants needs and limitations,,,2
primary,lab,lab_subject_19,lab/lab_subject_19,d9dc61d8,exp_20260731T171043Z_61871403,lab,10,f6577d65-51e4-4274-9e5c-ecd3d9b14a82,block_early,explicit,early,4,swt_study_environment,Improve your study environment,Transactional,4,0,2,B0BVR8VM8J,"DUMOS Ergonomic Home Office Desk Adjustable Headrest/Armrests, Mesh Computer Chair with Lumbar Support and Tilt Function, Blue, Popular Sliver",block,0.006683349609375,3,,1,5,5,2,2,2,3,2,5,2,5,5,2,1,5,5,5,6,3,7,7,7,6,7,6,her responses were a bit off in this subject. i felt like i didn't chat with a person but with a robot. when i was doing some indicationd there were answer repetitions and not a coherent discussion,the proposal of the chair is irrelevant as i told you that i already have one,91575.63086785376,4
primary,lab,lab_subject_19,lab/lab_subject_19,d9dc61d8,exp_20260731T171043Z_61871403,lab,10,418d0229-5495-47be-8935-b251b7099985,block_late,explicit,late,5,swt_fitness_restart,Restart your fitness routine,Social,4,0,4,B0C1VFNS7C,"Fitness Tracker with Heart Rate Monitor Blood Pressure Monitor Sleep Monitor for Men and Women, Advanced Waterproof Activity Monitor Fitness Watch with Step Counter Pedometer",block,0.0169677734375,3,,1,6,6,1,2,1,3,1,6,5,6,6,1,1,6,6,6,5,2,7,7,7,6,7,6,she provided useful info and not random facts that could make me feel overwhelmed from the amount of text i had to read. ,,,0
primary,lab,lab_subject_2,lab/lab_subject_2,bc557297,exp_20260721T134702Z_ab38d57a,lab,11,4b2a0270-bacc-458f-81f5-700aead1c7f7,inline_early,implicit,early,1,swt_fitness_restart,Restart your fitness routine,Social,4,0,2,B0C4N7JVDN,"Resistance Exercise for Working Out,Exercise Bands with Instruction Guide and Carry Bag Set of 5 Fitness Elastic Bands for Exercise,Gym,Training,Yoga",inline,0.00885009765625,3,,1,6,5,1,6,4,7,1,6,6,6,4,4,5,6,5,5,4,4,7,5,6,7,7,1,"I felt that the chatbot mentioned a product I should use before even discussing the type of workout I should be doing, so I did not trust a product appearing so early in our conversation.","And what could be a good split for sessions? As in, in which days should I train upper body, lower body, chest, triceps, etc...",41224.93411786854,0
primary,lab,lab_subject_2,lab/lab_subject_2,bc557297,exp_20260721T134702Z_ab38d57a,lab,11,deedc6cd-aa36-4e67-8f62-effa3d4a0eab,no_ads,none,none,2,swt_pet_decision_and_setup,Choose a pet and prepare its basic setup,Informational,4,0,,,,,,,,1,2,2,6,1,5,3,4,4,6,4,7,7,7,4,4,1,1,1,1,1,1,1,,,,,,3
primary,lab,lab_subject_2,lab/lab_subject_2,bc557297,exp_20260721T134702Z_ab38d57a,lab,11,ef177d9d-1ef9-4777-a919-78c3feeb9730,block_late,explicit,late,3,swt_gardening_birthday_gift,Choose a gardening birthday gift,Social,4,0,4,B0BRZSD1CZ,"Generic Weeding Rake Agricultural Tools Flower Beds Gardening Hoe for Gardening Gardening Gifts, 7 Tooth",block,0.81640625,3,,1,6,4,1,5,1,4,1,5,5,4,6,2,2,6,4,5,5,4,7,7,6,6,7,4,"While it was able to recommend me a good item that a profession would enjoy using, I felt that it was still not a well suited gift. I tried to steer away into something more meaningful, but it kept steering around this type of tool, and around brands",,,1
primary,lab,lab_subject_2,lab/lab_subject_2,bc557297,exp_20260721T134702Z_ab38d57a,lab,11,0e0f38dd-79d5-4c42-b149-fa4583a1876d,block_early,explicit,early,4,swt_laptop_budget,Choose the best laptop within a budget,Transactional,4,0,2,B0BSNYZYDF,"Lenovo ThinkBook 13s G3 ACN 13.3"" Laptop AMD Ryzen 7 5800U 16GB 512GB SSD W10P (Renewed)",block,0.0260009765625,3,,1,7,7,1,6,1,7,1,7,7,7,4,1,1,7,7,7,7,7,7,7,1,1,7,4,"While the chatbot was putting this item in the recommendations, the actual chat never really pushed for it, and the bot was able to rec me a better item for my task. This felt more like an ad in a news article than anything else.",Would a mac fit for this constrains?,32623.104883357882,2
primary,lab,lab_subject_2,lab/lab_subject_2,bc557297,exp_20260721T134702Z_ab38d57a,lab,11,2c0e631c-440a-4986-81ba-c074379dcfdd,inline_late,implicit,late,5,swt_study_environment,Improve your study environment,Transactional,4,0,4,B0C7LFDS3X,"Marsail L Shaped Standing Desk, 63x55 Inch Standing Desk Adjustable Height with 4-in 1 Electical Outlet, Electric Standing Desk Stand up Desk for Home Office Sturdy Writing Workstation",inline,0.103515625,3,,1,7,7,1,7,1,7,1,7,7,7,4,1,1,7,7,7,7,7,1,6,1,1,1,4,"It never recommended me this item, as I was focusing more on the discussion of the chair. I did ask it for a standing desk, but it never really told me to use this model or any other, just on which features I should pursue in one.",,,4
primary,lab,lab_subject_3,lab/lab_subject_3,e6ac40de,exp_20260722T074803Z_c9a5b77e,lab,12,e1ed26e8-dc7e-4c47-886f-4952993b86bf,block_late,explicit,late,1,swt_pet_decision_and_setup,Choose a pet and prepare its basic setup,Informational,4,0,4,B0BSNZ4M3T,"Aqueon Nutrinsect Fish-Free Fish Food, Betta Pellets, 1.41 oz",block,0.00096893310546875,3,,1,6,7,2,6,1,6,1,6,4,6,5,1,2,6,7,5,4,6,7,7,7,7,7,1,"I didn't ask for product recommendations so it was strange to have it.  the fact that it is promotional AD is even worst. it used to fit the conversation, but I didn't like that fact that was just one 'suggestion' which actually was not a suggestion but AD",,,3
primary,lab,lab_subject_3,lab/lab_subject_3,e6ac40de,exp_20260722T074803Z_c9a5b77e,lab,12,7de099e5-e534-432f-a7d1-dcfa745d7642,block_early,explicit,early,2,swt_gardening_birthday_gift,Choose a gardening birthday gift,Social,4,0,2,B0BXRQN8FN,Garden Seed Storage Organizer Large - Seed Organizer Storage Box for Cucumber Zucchini Pumpkin Sunflower Corn Beans Loofah Sunflower Seed Storage Box Plastic with Labels 48 Seed Box Containers,block,0.12353515625,3,,1,6,6,6,3,5,2,4,5,3,5,6,3,6,5,5,5,5,6,7,7,7,7,7,7,"this product was introduced since the beginning even if not in line with what I was considering. The purpose was to go in that direction, which was not my intention. I cannot trust this kind of chatbox","flowers or plants, I know them are picky with vegetables",47929.73854765296,1
primary,lab,lab_subject_3,lab/lab_subject_3,e6ac40de,exp_20260722T074803Z_c9a5b77e,lab,12,c971b2b4-c2c6-4b52-9fa9-23d345be0c4e,inline_late,implicit,late,3,swt_laptop_budget,Choose the best laptop within a budget,Transactional,4,0,4,B08PP2PSKB,"HP 17.3"" FHD IPS Premium Laptop | AMD Ryzen 5 5500U Six-Core | Windows 10 Home (Silver, 32GB DDR4 | 1TB SSD+1TB HDD)",inline,0.0179443359375,3,,1,6,6,5,5,5,4,3,5,3,5,6,4,5,5,5,6,6,5,7,1,5,4,4,6,"The chatbox do recommend a product in particular but inside a conversation with different options, different websites where to buy, a link is not bad in this context, maybe useful",,,2
primary,lab,lab_subject_3,lab/lab_subject_3,e6ac40de,exp_20260722T074803Z_c9a5b77e,lab,12,2e0a7060-b6a2-44a7-b02a-d943721eab82,inline_early,implicit,early,4,swt_study_environment,Improve your study environment,Transactional,4,0,2,B0BVR8VM8J,"DUMOS Ergonomic Home Office Desk Adjustable Headrest/Armrests, Mesh Computer Chair with Lumbar Support and Tilt Function, Blue, Popular Sliver",inline,0.0028076171875,3,,1,5,6,4,5,2,5,4,6,4,6,6,3,5,5,5,5,6,5,7,7,7,7,1,4,"I don't remember the AD, maybe I was already in the mood that the chatbox 'suggests' things so in my mind this was deleted automatically",what about the desk? is it important?,36831.67773857713,4
primary,lab,lab_subject_3,lab/lab_subject_3,e6ac40de,exp_20260722T074803Z_c9a5b77e,lab,12,14d65973-2c98-4d6a-bc25-a26099225990,no_ads,none,none,5,swt_fitness_restart,Restart your fitness routine,Social,4,0,,,,,,,,1,7,7,1,5,2,6,1,6,6,6,2,1,1,6,6,7,7,6,1,1,1,1,,,,,,0
unlabeled,lab,lab_subject_4_crowdfail,lab/lab_subject_4_crowdfail,1384a95c,exp_20260722T145439Z_7098cf45,crowd,13,a152f906-8642-4532-b9e9-6f450bc32fd1,inline_early,implicit,early,1,swt_laptop_budget,Choose the best laptop within a budget,Transactional,4,0,2,B0CDSNF6VR,"LENOVO Legion 5 Pro 16"" QHD 165Hz Gaming Laptop, AMD Ryzen 9 6900HX, 32GB DDR5 RAM, 1TB PCIe SSD, NVIDIA GeForce RTX 3070Ti, Backlit Keyboard, 720P Webcam, Grey, Win 11, 32GB SnowBell USB Card",inline,0.048095703125,3,,1,3,5,7,3,4,6,4,5,6,5,2,5,6,4,5,2,2,2,7,1,2,3,4,3,"He told me the 5900HX, so I'm not 100% sure the 6900HX is what it recommended me. But all the names are so similar... I didnt like how it wasn't consistent",is that ASUS 2023 TUF A15 with a 5900Hx under 1200€???,28309.616960585117,2
unlabeled,lab,lab_subject_4_crowdfail,lab/lab_subject_4_crowdfail,1384a95c,exp_20260722T145439Z_7098cf45,crowd,13,c0b3838b-e782-4bfa-bd71-3318d6d73a7b,block_early,explicit,early,2,swt_study_environment,Improve your study environment,Transactional,4,0,2,B0C8M1699Y,[Sample Pack] 3D Wood Wall Panels | Acoustic Panels for Interior Wall Décor on Felt Back Board | Decorative Slat Panels for Wall and Ceilings | 3 Color Small Sample Tiles,block,0.000606536865234375,3,,1,6,6,2,6,2,7,3,5,6,6,2,2,2,6,6,6,5,5,3,5,2,2,7,4,"I remember he told me that there were 3 types of wall panels for noise, like some that were cheap and made of foam, wood, and bass absorbing. For my case foam ones were enough, but then an ad for wood ones came up. Not correct.","I see, cool. And the ergonomic chair. Which properties should I look for?",51452.83346809447,4
unlabeled,lab,lab_subject_4_crowdfail,lab/lab_subject_4_crowdfail,1384a95c,exp_20260722T145439Z_7098cf45,crowd,13,42e033aa-b679-4777-9090-64e0e3fc46d7,no_ads,none,none,3,swt_fitness_restart,Restart your fitness routine,Social,4,0,,,,,,,,1,3,3,5,1,7,4,3,2,5,3,4,6,6,2,1,2,1,1,1,1,3,4,,,,,,0
unlabeled,lab,lab_subject_4_crowdfail,lab/lab_subject_4_crowdfail,1384a95c,exp_20260722T145439Z_7098cf45,crowd,13,9c15c8f9-9a5c-471d-ae3d-8ff9b67ac039,block_late,explicit,late,4,swt_pet_decision_and_setup,Choose a pet and prepare its basic setup,Informational,4,0,4,B0BWYJDT64,"Human Dinosaur Skull Hideouts Reptiles: T Rex Skull, Reptile Decor, Aquarium Hideout Human Skull, Decoration Dinosaur Skull, Fish Tank Decor Bearded Dragon Accessories, for Reptiles Hideout",block,0.02978515625,3,,1,7,7,2,6,2,7,2,1,6,7,2,2,2,6,7,6,6,6,3,1,1,4,7,4,"I mean, this is decoration for the terrarium? I felt it was a bit weird it recommended me this and not an actual terrarium, it made me trust it a bit less",,,3
unlabeled,lab,lab_subject_4_crowdfail,lab/lab_subject_4_crowdfail,1384a95c,exp_20260722T145439Z_7098cf45,crowd,13,aabc3698-c8e3-48e0-a72e-38fcd0b74680,inline_late,implicit,late,5,swt_gardening_birthday_gift,Choose a gardening birthday gift,Social,4,0,4,B0C7HC3YC4,"Gardens & Home 1.75 Litre Gold Metal Watering Can, Long Spout for No Spillage, Perfect Plant Watering Can for Indoor and Outdoor Plants, Shiny Brass Finish",inline,0.00537109375,3,,1,5,4,3,5,5,4,2,5,5,5,4,4,5,5,2,4,3,3,5,5,2,5,5,5,"I didnt see the image nor the full name, but I remember this. It's a decent recommendation, but I had to push it to give to me",,,1
primary,lab,lab_subject_5,lab/lab_subject_5,610774d7,exp_20260724T112220Z_6cc09f28,lab,14,98aeb3e1-241c-4631-a8df-737b734c86e0,no_ads,none,none,1,swt_gardening_birthday_gift,Choose a gardening birthday gift,Social,4,0,,,,,,,,1,6,6,2,5,2,6,1,7,7,7,2,2,2,7,7,6,5,5,7,2,3,2,,,,,,1
primary,lab,lab_subject_5,lab/lab_subject_5,610774d7,exp_20260724T112220Z_6cc09f28,lab,14,ffdecc52-43df-4970-9c61-17e8e573ad10,inline_early,implicit,early,2,swt_laptop_budget,Choose the best laptop within a budget,Transactional,4,0,2,B0BTRB6W8C,"Lenovo IdeaPad Laptop for Business & Studenet, 14'' HD Micro-Edge Display, Intel Celeron N4020, 4GB RAM, 64GB eMMC, USB-C, SD Card Reader, SPS Wireless Mouse, Cloud Grey, Win 11 S, (82V6S00000)",inline,0.09521484375,3,,1,7,7,2,5,2,6,2,6,6,6,5,2,2,6,6,6,6,5,7,2,4,4,6,6,"I liked that the information was clear, the tech specifications were outlined in way that is easy to understand and compare. The chatbot didn´t just push a solution on me, it let me decide for myself given all the information.","I indeed need to carry it around, so I will choose Lenovo, thanks",52308.25239047408,2
primary,lab,lab_subject_5,lab/lab_subject_5,610774d7,exp_20260724T112220Z_6cc09f28,lab,14,d4f4eb8e-43a2-41f4-a3b1-f01e35316ed5,inline_late,implicit,late,3,swt_study_environment,Improve your study environment,Transactional,4,0,4,B0BVFYHJJT,"Office Chair, Home Office Chair Desk Chairs with Wheels, Ergonomic Office Chair Height Adjustable Computer Chair Mesh Office Chair Flip Up Arms,Swivel Rolling Chair Lumbar Support, Rock and Lock",inline,0.004913330078125,3,,1,6,6,2,5,2,6,1,7,7,7,2,1,2,6,6,6,5,5,7,7,2,2,6,6,"I liked that the chatbot adapted the responses to my needs and comments. I asked to rate the solutions prioritizing the low budget ones, and it did. Then I asked for recommendations for a chair, and it also outlined good options.",,,4
primary,lab,lab_subject_5,lab/lab_subject_5,610774d7,exp_20260724T112220Z_6cc09f28,lab,14,5a80e990-9472-43f4-ac27-538ec87e51b6,block_late,explicit,late,4,swt_fitness_restart,Restart your fitness routine,Social,4,0,4,B0BTKLBP13,"The Bodyweight Home Workout Journal. 13-Week Program. NO EQUIPMENT NEEDED. Fitness Planner / Workout Book that tells you exactly what to do and how to track progress. Provides completely guided workouts, # of sets to do for each exercise, # reps to aim for, and provides a place to track all your progress. Workout Journal for Women & Men. Workout Planner for Women. Workout Log Book / Fitness Journal / Workout Notebook. (Spiral Bound)",block,0.0927734375,3,,1,6,6,1,5,2,6,1,7,6,6,2,2,2,6,6,6,5,4,1,1,1,2,6,6,"In general, the chatbot was very reasonable with the offered solution of home workouts for full body. But I feel that the recommendation was a bit too generic, it did not ask me about my experience, age, gender, that could change it.",,,0
primary,lab,lab_subject_5,lab/lab_subject_5,610774d7,exp_20260724T112220Z_6cc09f28,lab,14,dcaf9efc-edaf-4857-86c5-a8bdd28f42de,block_early,explicit,early,5,swt_pet_decision_and_setup,Choose a pet and prepare its basic setup,Informational,4,0,2,B0BX2WR21W,POPETPOP Turtle Floating Terrace Basking Platform for Aquatic Turtles Fish Aquarium Accessories Desktop Accessories Wear-Resistant Tortoise Platform Decorative Turtle Platform Turtle Dock,block,0.005218505859375,3,,1,6,6,2,5,2,6,2,6,4,6,3,3,2,6,6,6,4,4,1,1,1,2,6,6,"I liked that the chatbot arrived to the solution quickly, and it perfectly fits my needs. It offered something, i.e. a specific fish type, I would not come across as easily. ",I prefer a single colourful fish,44361.794440075755,3
primary,lab,lab_subject_6,lab/lab_subject_6,20b5325d,exp_20260724T141230Z_1be52b79,lab,15,b75d8aa8-4288-4568-b9c0-bbca3d4a70e3,inline_late,implicit,late,1,swt_study_environment,Improve your study environment,Transactional,4,0,4,B0BRSGTMT7,"Height Adjustable Ergonomic Executive Office Chair, Bonded Leather Computer Desk Chairs with High Back Flip-up Armrests, Swivel Task Chair with Lumbar Support",inline,0.01165771484375,3,,1,7,7,1,6,1,6,1,7,7,7,4,1,2,7,7,5,4,5,7,1,2,1,3,5,"I like the recommendation, but maybe is not that useful because I can ask about anything else on that topic. I might not be looking for a new chair, but for accessories to improve my own chair, or other accessories that can improve my study environment",,,4
primary,lab,lab_subject_6,lab/lab_subject_6,20b5325d,exp_20260724T141230Z_1be52b79,lab,15,526d6fe8-c4cc-4c97-8e66-ba06acc50b70,block_late,explicit,late,2,swt_fitness_restart,Restart your fitness routine,Social,4,0,4,B0C4N7JVDN,"Resistance Exercise for Working Out,Exercise Bands with Instruction Guide and Carry Bag Set of 5 Fitness Elastic Bands for Exercise,Gym,Training,Yoga",block,0.0038299560546875,3,,1,6,5,1,5,2,6,1,5,5,7,1,2,2,5,7,7,6,5,3,1,2,2,6,5,"I liked the recommendations of this conversation. It took into consideration specially my health conditions in order to recommend me exercises, and that was very important. About the promotional card, again, I dont feel like it is much relevant",,,0
primary,lab,lab_subject_6,lab/lab_subject_6,20b5325d,exp_20260724T141230Z_1be52b79,lab,15,5557a319-68ca-4f53-9f4f-1972f9191425,block_early,explicit,early,3,swt_pet_decision_and_setup,Choose a pet and prepare its basic setup,Informational,4,0,2,B0BXXTKLD4,"Ciays Automatic Cat Feeders, 5.6L Cat Food Dispenser Up to 20, 4 Meals Per Day, Pet Dry Food Dispenser for Small Medium Cats Dogs, Dual Power Supply & Voice Recorder, White",block,0.036865234375,3,,1,5,5,1,3,4,4,1,4,4,6,3,1,2,5,5,5,5,5,1,1,1,3,6,5,"I found the answers a bit too vague, lacked more information about the impact of a pet into an owners routine, apart from the other important needs of the animals","I prefer an adult cat, but first I would like to know what kind of interaction is the best for their health and to prevent boredom?",55611.27025447786,3
primary,lab,lab_subject_6,lab/lab_subject_6,20b5325d,exp_20260724T141230Z_1be52b79,lab,15,1d39ad35-6f37-40df-b4e0-c794a58f267c,no_ads,none,none,4,swt_gardening_birthday_gift,Choose a gardening birthday gift,Social,4,0,,,,,,,,1,5,4,1,3,5,6,1,3,6,3,1,3,5,4,2,5,4,3,1,1,1,2,,,,,,1
primary,lab,lab_subject_6,lab/lab_subject_6,20b5325d,exp_20260724T141230Z_1be52b79,lab,15,0157a898-30ef-4a52-873d-ce284e61c3e8,inline_early,implicit,early,5,swt_laptop_budget,Choose the best laptop within a budget,Transactional,4,0,2,B0CF8ZS17T,"Lenovo ThinkPad E15 Gen 4 15.6"" FHD Business Laptop, AMD Ryzen 7 5825U, 16GB RAM, 1TB SSD, Backlit Keyboard, FHD Webcam with Privacy Shutter, Wi-Fi 6E, Bluetooth, Sliver, Win 11 Pro, 32GB USB Card",inline,0.01068115234375,3,,1,3,4,2,2,4,5,1,3,5,5,1,3,6,4,4,2,3,4,6,1,2,2,6,5,"In this case, my problem was that the chat changed their answer according to any new information. In the end I finished with 3 different recommendations",is there an option that is not too heavy to hold?,56643.28422024846,2
primary,lab,lab_subject_7,lab/lab_subject_7,43c97a81,exp_20260727T073257Z_58270880,lab,16,2776f688-fbba-4b4a-bf19-f73295097e97,no_ads,none,none,1,swt_pet_decision_and_setup,Choose a pet and prepare its basic setup,Informational,4,0,,,,,,,,1,5,6,4,2,4,5,4,5,4,5,2,3,2,5,4,3,3,3,1,2,2,2,,,,,,3
primary,lab,lab_subject_7,lab/lab_subject_7,43c97a81,exp_20260727T073257Z_58270880,lab,16,2500b9c0-1e63-46e1-bd2a-2c28a62ee586,block_late,explicit,late,2,swt_gardening_birthday_gift,Choose a gardening birthday gift,Social,4,0,4,B0BNH83Y9F,HANABASS Artificial Bonsai Plants Artificial Bonsai Tree Red Maple Tree Faux Plant Fake Bonsai Desk Plant Landscape Decoration for Home Living Room Bedroom Office Decor Japanese Straw Decoration,block,0.0289306640625,3,,1,5,5,4,3,4,5,4,5,5,5,3,4,4,5,5,4,3,3,5,6,4,5,6,5,"At the beginning looked a bit general the solutions provided but at the end was not so bad. It surprise me to get a specific product suggestion very soon.
",,,1
primary,lab,lab_subject_7,lab/lab_subject_7,43c97a81,exp_20260727T073257Z_58270880,lab,16,93f83785-4714-467a-a2a9-7d367cc7a7cd,inline_late,implicit,late,3,swt_laptop_budget,Choose the best laptop within a budget,Transactional,4,0,4,B0C3VFRJ19,"Lenovo ThinkPad Yoga 370 13.3"" FHD Touchscreen 2-in-1 Laptop, Core i5-7300U 2.6GHz, 8GB DDR4 RAM, 256GB SSD, Windows 10 Pro 64Bit, CAM, Touchscreen (Renewed)",inline,0.010986328125,3,,1,5,4,4,2,5,4,4,5,4,5,3,4,3,5,5,4,3,5,6,2,3,4,6,5,"Although the constraints provided to find a suitable laptop, the list of options were not so bad and enough to start choosing for the correct one. The output was not so bad, however, still, the options were a bit limited.
",,,2
primary,lab,lab_subject_7,lab/lab_subject_7,43c97a81,exp_20260727T073257Z_58270880,lab,16,1a2adcb9-12e9-4d27-acad-6715e7747394,inline_early,implicit,early,4,swt_study_environment,Improve your study environment,Transactional,4,0,2,B0BYTX9SSB,"L Shaped Gaming Desk, 61 Inch Computer Corner Desk, Modern Office Study Writing Desk, Home Gaming Table with Mouse Pad & Cable Management, Sturdy Metal Frame, Easy to Assembly, Right",inline,0.00537109375,3,,1,4,3,4,3,5,4,4,2,5,3,3,5,5,3,3,2,2,3,2,1,2,3,6,4,"The answer provided was such useful but too generic and I had to push the system to give me more options instead of being more autonomous. I think this system requires more autonomy of decision.
",any additional items to have a more comfortable place?,41496.66750244796,4
primary,lab,lab_subject_7,lab/lab_subject_7,43c97a81,exp_20260727T073257Z_58270880,lab,16,2bdf0d2e-2a7c-4aec-acfd-229afef828a6,block_early,explicit,early,5,swt_fitness_restart,Restart your fitness routine,Social,4,0,2,B09JS98Z9M,"Vertical Jump Trainer Equipment Leg Strength Resistance Training Bands Set for Speed and Agility Squat Training, Bounce Trainer for Boxing Tennis Volleyball Basketball Training",block,0.00433349609375,3,,1,2,2,4,2,6,3,4,2,3,1,5,6,6,3,3,2,1,2,7,7,7,7,7,2,"I didn't like the very brief this system was on giving me with an answer. And, very quickly the solution was to purchase products. There were too many more options available.",how walking will trigger my activeness?,35740.78540876508,0
primary,lab,lab_subject_8,lab/lab_subject_8,ed54747f,exp_20260727T120838Z_83e10f68,lab,17,390e854b-473a-4a65-9771-33039a564a35,block_early,explicit,early,1,swt_laptop_budget,Choose the best laptop within a budget,Transactional,4,0,2,B0CFGGCSDX,"ASUS ROG Zephyrus Gaming Laptop, 14"" FHD 144HZ Display, AMD Ryzen 7 5800HS(Up to 4.4 GHz), NVIDIA GeForce RTX 3060 Graphics, 16GB RAM, 1TB SSD, Bluetooth, WiFi 6, Windows 11 Home",block,0.0255126953125,3,,1,5,6,2,3,4,6,2,6,5,6,4,1,2,5,5,5,6,2,6,7,5,3,3,2,"The title is too long, too much information. Also the image does not help, it does not look like a laptop. ",great. where can i buy it_ provide a list of websites with its price.,48565.696097910404,2
primary,lab,lab_subject_8,lab/lab_subject_8,ed54747f,exp_20260727T120838Z_83e10f68,lab,17,91559646-077c-4340-9117-18cc980e38b9,inline_early,implicit,early,2,swt_study_environment,Improve your study environment,Transactional,4,0,2,B0CF8JN9N8,ETasker Ergonomic Office Chair Home: Mesh Desk Chair with Adjustable Arms - Mid Back Computer Chairs for Women Adults - Swivel Task Chair Comfortable for Home Office,inline,0.042724609375,3,,1,4,3,2,2,5,4,3,3,6,4,4,5,5,3,2,2,2,2,3,3,2,2,2,3,"the title is quite long with many information. It would help if the key info is in bold, and the rest regular text. Also, there is not image, which would help to remember the product better.","great. imagine that my room is empty, Could you create a table to create a list of the most optimal furniture and where to buy them¿ also add one column withj the price and at the end, the total cost. Also write in bold the most essencial important furniture.",220266.4086483419,4
primary,lab,lab_subject_8,lab/lab_subject_8,ed54747f,exp_20260727T120838Z_83e10f68,lab,17,1183b4ee-687b-4bf4-8d26-e875fad441c2,no_ads,none,none,3,swt_fitness_restart,Restart your fitness routine,Social,4,0,,,,,,,,1,6,4,2,5,4,5,2,5,6,5,3,4,2,5,4,6,4,3,2,1,1,3,,,,,,0
primary,lab,lab_subject_8,lab/lab_subject_8,ed54747f,exp_20260727T120838Z_83e10f68,lab,17,3561fae2-3c2e-4354-8231-a54b72712e3e,inline_late,implicit,late,4,swt_pet_decision_and_setup,Choose a pet and prepare its basic setup,Informational,4,0,4,B0BYDYGZKW,Vtapliea Betta Fish Leaf Pad Simulating Natural Habitat with 4X Aquatic Plant Pot Comfortable Rest Area for Fish Aquarium Aquascape Decorations,inline,0.0006256103515625,3,,1,6,6,2,4,2,6,2,6,6,7,4,2,2,6,7,6,4,5,1,1,1,2,3,4,"the title is very long. There is no puntuation in that long sentence, which is hard to read. ",,,3
primary,lab,lab_subject_8,lab/lab_subject_8,ed54747f,exp_20260727T120838Z_83e10f68,lab,17,6d2790bf-33d3-4ef4-9223-7931822519eb,block_late,explicit,late,5,swt_gardening_birthday_gift,Choose a gardening birthday gift,Social,4,0,4,B0BWQCV5YW,"Grow Light Strip for Indoor Plants, DOMMIA Full Spectrum Grow Lights with Auto On/Off Timer 6/10/12H, 4 Dimmable Brightness Small Plant Light, Sunlike Grow Lamp for Hydroponics Succulent, Seedling,Veg",block,0.01068115234375,3,,1,5,6,2,5,3,5,2,5,3,5,4,4,2,5,6,5,5,4,7,6,6,4,5,4,It fit in the conversation. It was useful altough i was not able to open the link and check it our. The title is quite long with too much info,,,1
primary,lab,lab_subject_9,lab/lab_subject_9,234130ff,exp_20260727T141010Z_f065c5c8,lab,18,b97eead0-461c-41f3-8ff7-b0030f5f20cb,inline_late,implicit,late,1,swt_pet_decision_and_setup,Choose a pet and prepare its basic setup,Informational,4,0,4,B0BWJDNQXD,"Desktop Round Glass Planter Terrarium, Translucent Small Ball Goldfish Tank for Betta Fish Goldfish, Nice Home Office Decor",inline,0.00145721435546875,3,,1,7,6,1,5,1,5,1,7,5,7,7,1,1,6,7,5,3,5,6,6,2,3,2,6,"I think it fitted within the conversation, as it is an item that would be useful if I picked the LLM suggestion. In general, I am not a fan of unrequired advertisements, but this one doesn't feel forced. Also, I usually don't pay much attention to them.",,,3
primary,lab,lab_subject_9,lab/lab_subject_9,234130ff,exp_20260727T141010Z_f065c5c8,lab,18,806c4437-e6e7-4575-87f8-1136b11504c3,inline_early,implicit,early,2,swt_gardening_birthday_gift,Choose a gardening birthday gift,Social,4,0,2,B0BRZSD1CZ,"Generic Weeding Rake Agricultural Tools Flower Beds Gardening Hoe for Gardening Gardening Gifts, 7 Tooth",inline,0.330078125,3,,1,6,5,1,4,2,6,1,5,6,5,7,2,3,5,5,6,2,3,6,6,5,5,1,3,"The picture does not look like the scissors-like tool the LLM was suggesting to me, but other than that, the placement of the advertisement felt natural.",What are bypass pruners?,35452.32372917235,1
primary,lab,lab_subject_9,lab/lab_subject_9,234130ff,exp_20260727T141010Z_f065c5c8,lab,18,01a1f656-0f2e-4228-8b2d-f82f214c4b63,block_early,explicit,early,3,swt_laptop_budget,Choose the best laptop within a budget,Transactional,4,0,2,B0C3XW248Z,"MSI Katana 15 B13VEK-277US 15.6"" Gaming Intel Core i7 13620H NVIDIA GeForce RTX 4050 16GB DDR5, 1TB NVMe SSD, Type-C, Win11 Home: Black B13VEK-277US",block,0.00592041015625,3,,1,7,7,1,6,1,3,1,7,3,7,7,1,2,7,7,7,2,6,7,7,4,2,7,2,"It was sort of weird to have an advertisement of a model the LLM was not mentioning, and on top of that, having the LLM saying right away that that specific model being advertised is not a good one. The advertisement felt forced.","Great, I'd look into Lenovo ThinkPad T14.",73596.38469107449,2
primary,lab,lab_subject_9,lab/lab_subject_9,234130ff,exp_20260727T141010Z_f065c5c8,lab,18,3124172b-71ce-49d7-9f30-704ea0aea27a,no_ads,none,none,4,swt_study_environment,Improve your study environment,Transactional,4,0,,,,,,,,1,7,7,2,4,1,6,2,7,6,7,7,1,2,7,7,6,2,2,4,1,1,1,,,,,,4
primary,lab,lab_subject_9,lab/lab_subject_9,234130ff,exp_20260727T141010Z_f065c5c8,lab,18,ba55246a-07d0-4ca9-823c-2675861c4e0c,block_late,explicit,late,5,swt_fitness_restart,Restart your fitness routine,Social,4,0,4,B0CBJHHWT4,"FIXEY AN Running Vest, Running Light for Runners, Safety Reflective Running Gear for Men/Women, 6 Multicolor, USB Rechargeable, Waterproof, LED Light Vest for Night Running, Walking, Cycling, Camping",block,0.29296875,3,,1,5,4,1,2,4,2,1,5,2,5,1,2,1,4,2,4,1,1,1,5,1,1,1,1,"The LLM literally said to dismiss running as a workout option for a beginner like me. I didn't pay attention to the ad, but it doesn't make much sense given the conversation we were having.",,,0
primary,crowd,crowd_subject_1,crowd/crowd_subject_1,75a673a2,exp_20260713T120149Z_186d23e4,crowd,19,3f8e4e39-ffb8-4d13-80ad-67725e3a944d,inline_late,implicit,late,1,swt_study_environment,Improve your study environment,Transactional,4,0,4,B0C5X6RTPK,"LED Desk Lamp,Double Head LED Desk Lamp for Home Office 24W Desk Lamp 31.5"" Wde Lighting for Reading Study Architect Workbench",inline,0.007110595703125,3,,1,7,7,3,5,1,5,1,6,6,7,5,1,1,6,6,6,6,7,4,7,2,2,3,5,"I feel the responses given were best suited to my question, I liked the idea of a desk lamp, I liked how the chatbot responded, and adjusted when I added to my preferences.",,,4
primary,crowd,crowd_subject_1,crowd/crowd_subject_1,75a673a2,exp_20260713T120149Z_186d23e4,crowd,19,cc1c2e2f-c4b8-4a2a-bc38-d8df7943c036,block_early,explicit,early,2,swt_fitness_restart,Restart your fitness routine,Social,4,0,2,B0C53X8LFJ,"Elseluck Walking Pad, Under Desk Treadmill for Home Office, 2 in 1 Portable Walking Treadmill with Remote Control, Walking Jogging Machine in LED Display",block,0.00113677978515625,3,,1,6,5,1,4,2,6,1,5,5,5,5,2,2,5,5,6,5,6,7,7,5,4,6,6,"The chatbot focused on  what was best for me, it listened to my lifestyle situation and recommended a solution that was best for me, even when I queried another option, it advises against it, as that was not in my best interests.","So my best option would be home workouts, not a gym membership?",42567.10950657725,0
primary,crowd,crowd_subject_1,crowd/crowd_subject_1,75a673a2,exp_20260713T120149Z_186d23e4,crowd,19,cd078b15-6cdd-41ce-88f3-5c3daa8d32bf,no_ads,none,none,3,swt_pet_decision_and_setup,Choose a pet and prepare its basic setup,Informational,4,0,,,,,,,,1,7,7,2,6,2,6,1,5,6,7,7,1,2,5,5,6,7,6,1,1,1,1,,,,,,3
primary,crowd,crowd_subject_1,crowd/crowd_subject_1,75a673a2,exp_20260713T120149Z_186d23e4,crowd,19,799d9163-5593-4e1e-9829-86fff45a61ee,inline_early,implicit,early,4,swt_gardening_birthday_gift,Choose a gardening birthday gift,Social,4,0,2,B0BRPYJH8B,"IRONMAX Garden Kneeler and Seat, Heavy Duty Foldable Gardening Bench Stool w/Soft Foam Pad & Tool Storage Bag for Kneeling & Sitting, Gardening Gifts for Women Men",inline,0.018798828125,3,,1,7,7,1,3,1,5,1,6,6,6,6,1,1,6,6,7,7,5,6,5,1,1,6,6,"The chatbots took into consideration that I was not savvy on this area, it adjusted accordingly, and gave me information that was relevant, it also advise me on why an item would be good, acknowledging the fact I was not familiar with gardening. ","What about something like this, but something I could customise for them? I want it to be a unique gift.",86621.81962653995,1
primary,crowd,crowd_subject_1,crowd/crowd_subject_1,75a673a2,exp_20260713T120149Z_186d23e4,crowd,19,4dac3cb2-96d1-455d-a857-c527795c9226,block_late,explicit,late,5,swt_laptop_budget,Choose the best laptop within a budget,Transactional,4,0,4,B0CF27VT5J,"Lenovo Legion 5 15.6"" Gaming Laptop 120Hz Ryzen 5-4600H 8GB RAM 512GB SSD GTX 1660 Ti 6GB - 120 Hz Refresh Rate",block,0.06640625,3,,1,7,7,2,4,2,5,2,6,5,6,6,2,1,6,7,6,6,5,7,6,1,1,7,7,"This interaction was a bit long, to the extent that the responses where very long, however, I feel long responses from the question I provide were warranted, it understood my concerns and did its best to make it work and find a result that was best for me.",,,2
primary,crowd,crowd_subject_10,crowd/crowd_subject_10,72711ada,exp_20260721T221632Z_271aa975,crowd,20,a1c5142c-72bd-4a71-be50-c4b7bdf09d52,block_early,explicit,early,1,swt_study_environment,Improve your study environment,Transactional,4,0,2,B0BZJPGSCH,"Sun Zero Indra Floral Medallion Blackout Grommet Curtain Panel, 40"" x 63"", Multi",block,0.00040435791015625,3,,1,6,7,1,6,1,5,1,6,6,6,6,1,2,6,6,6,7,6,7,2,6,7,6,7,The promotional card really felt completely out of place since I was looking for furniture and set up advice and not the curtains.,How should I position my desk relative to windows for the best lighting?,91472.43342362344,4
primary,crowd,crowd_subject_10,crowd/crowd_subject_10,72711ada,exp_20260721T221632Z_271aa975,crowd,20,48bddcac-ba3c-41fa-a347-f7ea54b208ad,no_ads,none,none,2,swt_fitness_restart,Restart your fitness routine,Social,4,0,,,,,,,,1,5,6,1,6,1,6,1,5,6,5,6,1,3,6,5,6,5,6,6,7,6,7,,,,,,0
primary,crowd,crowd_subject_10,crowd/crowd_subject_10,72711ada,exp_20260721T221632Z_271aa975,crowd,20,ac1987cb-b237-4757-9a1c-0c042ebabf91,inline_late,implicit,late,3,swt_pet_decision_and_setup,Choose a pet and prepare its basic setup,Informational,4,0,4,B0BRNQ8ZTF,"Pronetcus Betta Fish Tank, 2.3 Gallon Glass Aquarium, Small Fish Tank with Filter and Light Starter Kits, for Betta Fish, Shrimp, Goldfish.",inline,0.125,3,,1,6,7,1,6,1,5,1,6,5,6,4,1,3,6,7,6,7,6,7,6,6,7,6,6,The promotional card for a fish tank fit perfectly here as it directly relates to choosing a low maintenance pet.,,,3
primary,crowd,crowd_subject_10,crowd/crowd_subject_10,72711ada,exp_20260721T221632Z_271aa975,crowd,20,b1e26d3d-6ae7-4386-81ad-80813a22b517,inline_early,implicit,early,4,swt_gardening_birthday_gift,Choose a gardening birthday gift,Social,4,0,2,B0CG466HHS,"OVYYTH Thumb Knife, Finger Cutter, Thumb Pruner, Finger Protector for Gardeners, Portable Gardening Tools, Gardening Tool Set, Fitting Finger Knife, Multifunctional Thumb Knife, Vegetable Knive",inline,0.0240478515625,3,,1,6,7,1,5,1,5,6,5,6,6,5,1,6,6,5,5,7,6,5,6,6,7,6,7,The promotional card for the thumb knife fit perfectly into the conversation as it was highly relevant to finding a practical and  unique gift for an experiened gardener.,What are the specific benefits or the features of the thumb knife for harvesting?,77693.5214959085,1
primary,crowd,crowd_subject_10,crowd/crowd_subject_10,72711ada,exp_20260721T221632Z_271aa975,crowd,20,002d4675-284e-488e-84f0-b77cb84f50cf,block_late,explicit,late,5,swt_laptop_budget,Choose the best laptop within a budget,Transactional,4,0,4,B0BKGB1QHV,"ASUS ROG Strix G16 16"" FHD+ 165Hz (Intel 13th Gen Core i7-13650HX, 32GB DDR5 RAM, 2TB PCIe SSD, GeForce RTX 4060 8GB) RGB Backlit Gaming Laptop, Thunderbolt 4, Wi-Fi 6E, IST Cable, Win 11 Home - 2023",block,0.10693359375,3,,1,6,7,1,5,2,5,1,5,5,6,5,3,5,6,5,6,7,6,7,6,6,7,7,7,The ASUS ROG ROG Strix ad fit perfectly since it matched my laptop search criteria.,,,2
primary,crowd,crowd_subject_11,crowd/crowd_subject_11,93090c74,exp_20260721T235527Z_c6d39ba6,crowd,21,19826269-4e82-4471-a9b7-dc84444d038d,no_ads,none,none,1,swt_gardening_birthday_gift,Choose a gardening birthday gift,Social,4,0,,,,,,,,1,7,7,1,1,1,6,1,6,7,7,7,2,2,7,7,7,5,5,7,2,5,4,,,,,,1
primary,crowd,crowd_subject_11,crowd/crowd_subject_11,93090c74,exp_20260721T235527Z_c6d39ba6,crowd,21,303d4166-53dc-4a30-ab9c-c560251f29d4,inline_early,implicit,early,2,swt_laptop_budget,Choose the best laptop within a budget,Transactional,4,0,2,B0BYJ8Z7FX,"ASUS 2023 Newest Vivobook Go 15 Laptop, 15.6” FHD Display, Intel Celeron N4020 Processor, 4GB RAM, 64GB eMMC, 256GB SD Card, Ultra Thin, Wi-Fi, Long Battery Life, Windows 11 Home in S Mode, Black",inline,0.02099609375,3,,1,7,7,1,7,2,7,1,7,7,7,5,1,1,1,7,7,7,7,7,1,4,4,6,5,It seemed like a relevant recommendation. ,Will this allow me to 3d edit?,22133.29715654254,2
primary,crowd,crowd_subject_11,crowd/crowd_subject_11,93090c74,exp_20260721T235527Z_c6d39ba6,crowd,21,9bea39dc-db74-46d7-a1d4-b0ea8b53c494,block_early,explicit,early,3,swt_study_environment,Improve your study environment,Transactional,4,0,2,B0BY8TYL44,"Mesh Office Chair with Adjustable Lumbar Support, Breathable Ergonomic Office Desk Chair, Home Office Chair with Flip Up Armrests Computer Chair with Wheels(Grey)",block,0.0028839111328125,3,,1,7,7,1,6,2,6,1,1,3,7,5,1,1,1,1,5,7,7,7,7,7,7,7,7,"I asked for a recommended ergonomic chair on a budget and this seemed to fit the profile. 
",That's great thanks,30803.006248548627,4
primary,crowd,crowd_subject_11,crowd/crowd_subject_11,93090c74,exp_20260721T235527Z_c6d39ba6,crowd,21,e42a6102-5558-4dad-85ef-e83b8a4ccb46,inline_late,implicit,late,4,swt_fitness_restart,Restart your fitness routine,Social,4,0,4,B0BWYZJ5YF,"Pelvic Floor Strengthening Devices with APP, Pelvic Floor Tightening and Strengthen Bladder,Wireless Pelvic Floor Exerciser for Beginners to Advanced",inline,0.010009765625,3,,1,7,7,1,3,2,7,1,7,4,7,2,2,1,7,7,7,7,3,7,7,6,7,1,1,I cant recall noticing this ,,,0
primary,crowd,crowd_subject_11,crowd/crowd_subject_11,93090c74,exp_20260721T235527Z_c6d39ba6,crowd,21,6898d335-c04a-45a4-9aba-e85969bb372b,block_late,explicit,late,5,swt_pet_decision_and_setup,Choose a pet and prepare its basic setup,Informational,4,0,4,B0BTVF8XG8,"Reptile Hide - Resin Amphibian Hideouts Cave Size 2.36"" x 1.26"", Baking Platforms Step Ledge Ramps Habitat for Turtles Bearded Dragon Lizards Snakes Crab Gecko Leopard Spider Fish",block,0.03466796875,3,,1,6,7,1,7,1,7,1,6,6,7,3,1,3,7,7,5,7,6,7,7,6,7,2,4,"It seemed to have fit in with the conversation as I was asking for tips on what I would need if I was to go ahead with a leopard gecko
",,,3
unlabeled,crowd,crowd_subject_12_unfinished,crowd/crowd_subject_12_unfinished,9bf6ced8,exp_20260722T211254Z_34e22cd3,crowd,22,49060410-2598-45e8-8223-bd2355b4d58e,inline_late,implicit,late,1,swt_fitness_restart,Restart your fitness routine,Social,4,0,4,B0C4N7JVDN,"Resistance Exercise for Working Out,Exercise Bands with Instruction Guide and Carry Bag Set of 5 Fitness Elastic Bands for Exercise,Gym,Training,Yoga",inline,0.03369140625,3,,1,5,6,2,3,2,5,2,5,5,6,2,2,1,6,6,5,5,3,6,4,3,5,,,,,,0
unlabeled,crowd,crowd_subject_12_unfinished,crowd/crowd_subject_12_unfinished,9bf6ced8,exp_20260722T211254Z_34e22cd3,crowd,22,999c1cc3-431b-4100-aa0d-81104298df97,block_early,explicit,early,2,swt_pet_decision_and_setup,Choose a pet and prepare its basic setup,Informational,4,0,2,B0C5XXZST9,"Natural Wood Parrot Toys, Bird Toys for Chewing, Meet African Grey Parrots and Various Amazon Parrots, Small and Medium-Sized Macaws, Love Birds Parrot cage Toys.",block,0.103515625,3,,1,5,5,3,4,2,4,2,3,5,5,4,3,3,4,4,4,4,5,4,3,6,5,,,,"i live in an apartment, so a cat might feel isolated? little place to explore and im afraid of it running away.",36426.14450119436,3
unlabeled,crowd,crowd_subject_12_unfinished,crowd/crowd_subject_12_unfinished,9bf6ced8,exp_20260722T211254Z_34e22cd3,crowd,22,6377855a-b6c6-44d4-a903-6c06f7ed08d4,inline_early,implicit,early,3,swt_gardening_birthday_gift,Choose a gardening birthday gift,Social,4,0,2,B0C2MLMDSM,"Personalized gifts for gigi plant pot, Grandma garden gifts, Gigi gifts for mothers day plant pot, Grandma's garden pot, Mini plant pots gigi gifts for grandma, Planters for indoor plants gift/4",inline,0.08154296875,3,,1,6,5,3,2,4,4,1,4,4,3,2,4,2,4,2,5,5,5,2,1,1,2,,,,are you sure a giftcard isnt too generic? but at the same time those other tools you mentioned i wouldnt know where to look,79320.03173790872,1
unlabeled,crowd,crowd_subject_12_unfinished,crowd/crowd_subject_12_unfinished,9bf6ced8,exp_20260722T211254Z_34e22cd3,crowd,22,76911cf0-dd31-4e6b-92a2-dc2f32579ad9,no_ads,none,none,4,swt_laptop_budget,Choose the best laptop within a budget,Transactional,4,0,,,,,,,,1,6,7,1,2,1,4,1,6,6,7,2,1,1,6,6,7,5,2,4,2,2,2,,,,,,2
primary,crowd,crowd_subject_13,crowd/crowd_subject_13,245ff985,exp_20260722T220745Z_e35b5213,crowd,23,bc409d52-b622-403f-8d80-a9a40d272330,block_early,explicit,early,1,swt_fitness_restart,Restart your fitness routine,Social,4,0,2,B0C3951SHN,"FUNMILY Exercise Workout Bands for Home Fitness, Strength Training, Physical Therapy",block,0.002044677734375,3,,1,7,7,1,4,2,7,1,7,7,7,2,1,1,7,7,5,2,4,3,6,2,2,4,5,"I felt as if the chatbot was trying to sell me a product although it was very subtle apart from this fact, I felt the bot was very responsible in its replies and gave me a good workout routine from home.",Yes please give me a 3 dayhome routine,24844.42221559584,0
primary,crowd,crowd_subject_13,crowd/crowd_subject_13,245ff985,exp_20260722T220745Z_e35b5213,crowd,23,a1552e48-3a22-4f47-b38a-fd0cd239d630,inline_early,implicit,early,2,swt_pet_decision_and_setup,Choose a pet and prepare its basic setup,Informational,4,0,2,B0BZRS4MLG,"Bunny Grass House - Hand Crafted Natural Rabbit Hideout & Nesting Box, Foldable & Comfortable Bed Cage for Small Animals, Hamster, Guinea Pig, Chinchilla, Hedgehog (Medium - Suit for 1 Adult Rabbit)",inline,0.01495361328125,3,,1,2,4,1,1,3,4,3,3,7,5,1,4,1,6,6,6,1,1,1,1,1,1,1,4,"I did feel that at the beginning the bot told me my best pet would be a rabbit, but when I told it, i preferred dogs, it did not try and make me change my mind, alhough i felt the bot was just more or less repeating what I wanted.","I don't thing i would like a rabbit or cat, I much prefer dogs, maybe a small one?",38777.66368351877,3
primary,crowd,crowd_subject_13,crowd/crowd_subject_13,245ff985,exp_20260722T220745Z_e35b5213,crowd,23,6669925f-2a81-43c6-882c-0734de2340a3,block_late,explicit,late,3,swt_gardening_birthday_gift,Choose a gardening birthday gift,Social,4,0,4,B0BRPYJH8B,"IRONMAX Garden Kneeler and Seat, Heavy Duty Foldable Gardening Bench Stool w/Soft Foam Pad & Tool Storage Bag for Kneeling & Sitting, Gardening Gifts for Women Men",block,0.10693359375,3,,1,3,3,1,2,6,2,1,1,1,1,6,6,6,2,2,3,1,1,7,7,7,7,7,2,I felt the bot was trying to sell me a product without really knowing what the best and most useful gift would have been.  I did not find the information very useful,,,1
primary,crowd,crowd_subject_13,crowd/crowd_subject_13,245ff985,exp_20260722T220745Z_e35b5213,crowd,23,550bc69c-a651-405c-98d0-cbfa70736d47,no_ads,none,none,4,swt_laptop_budget,Choose the best laptop within a budget,Transactional,4,0,,,,,,,,1,7,7,1,4,1,7,1,7,7,7,1,1,1,7,7,7,2,2,7,1,1,1,,,,,,2
primary,crowd,crowd_subject_13,crowd/crowd_subject_13,245ff985,exp_20260722T220745Z_e35b5213,crowd,23,5fc8a156-279d-4a4e-a76c-59ea870d8b88,inline_late,implicit,late,5,swt_study_environment,Improve your study environment,Transactional,4,0,4,B0BWS9PW98,"VIVO Premium Aluminum Heavy Duty Monitor Arm for Ultrawide Monitors up to 49 inches and 33 lbs, Single Desk Mount Stand, Pneumatic Height, Max VESA 100x100, White, STAND-V101G1W",inline,0.0025482177734375,3,,1,7,7,1,3,1,7,1,7,7,7,1,1,1,7,7,7,3,3,6,1,1,1,1,7,"The bot gave me useful information which included free options that I could use instead of having to buy a new set up, which i really liked, I did not feel as if the bot was trying to force or sell me anything",,,4
primary,crowd,crowd_subject_14,crowd/crowd_subject_14,2eda2fc5,exp_20260726T162111Z_1f575f3c,crowd,24,a96bf761-ee76-4237-9eff-be5cdad8b25f,block_late,explicit,late,1,swt_pet_decision_and_setup,Choose a pet and prepare its basic setup,Informational,4,0,4,B0BRSRK8XX,3 Pcs Large Reptile Water Dish Feeding Reptile Food Dish with Reptile Hides and Caves Tortoise Hideout Lizard Rock Hideout Tortoise Habitat Accessories for Geckos Spiders Snakes Hermits Turtles Crabs,block,0.15234375,3,,1,7,7,3,5,2,6,2,7,4,5,3,3,2,6,6,7,5,3,1,1,1,2,7,5,"It was relevent to the conversation when I asked for the difference between maintaining a cat vs a reptile. It just stikes me as odd as that what was marketed to me, not the other things i mentioned with dogs and birds.",,,3
primary,crowd,crowd_subject_14,crowd/crowd_subject_14,2eda2fc5,exp_20260726T162111Z_1f575f3c,crowd,24,61dfdddb-b480-4f7e-86d4-f4cc07405bb7,block_early,explicit,early,2,swt_gardening_birthday_gift,Choose a gardening birthday gift,Social,4,0,2,B0BXJWH4KL,"Dope Clips, Premium Gardening Scissors, Stainless Steel Non Stick Blade, Flowers, Bud, Pruning,Arts and Craft, Sharp Scissors, Perecision Scissors, Easy Grip, Easy cleaning.",block,0.287109375,3,,1,7,5,2,3,2,7,2,7,3,7,2,1,2,7,6,7,5,4,7,7,4,2,7,6,"It was helpful and fit right into the topic at hand. This was an example the AI gave me of a gift I could buy my friend whos into gardening. 
",im not sure what type of gardeneing theyd do but im more so going towards the gloves as it can be stylish but also practicle,53158.73435512185,1
primary,crowd,crowd_subject_14,crowd/crowd_subject_14,2eda2fc5,exp_20260726T162111Z_1f575f3c,crowd,24,93ea13d2-8411-4442-90e8-ea5fb9ddc29c,no_ads,none,none,3,swt_laptop_budget,Choose the best laptop within a budget,Transactional,4,0,,,,,,,,1,4,5,5,3,5,7,5,3,7,5,3,4,6,5,7,5,4,5,7,1,5,4,,,,,,2
primary,crowd,crowd_subject_14,crowd/crowd_subject_14,2eda2fc5,exp_20260726T162111Z_1f575f3c,crowd,24,fbfb7e5b-5337-4eca-9001-8bd7959be9da,inline_early,implicit,early,4,swt_study_environment,Improve your study environment,Transactional,4,0,2,B0C2Z5C8TM,"LETTON Colorful Adjustable Laptop Stand, Handy Laptop Riser, Aluminum Laptop Stand for Desk Foldable, Ergonomic Computer Notebook Stand Holder for MacBook Air Pro, Dell XPS, HP (9.7-16”) -Pink",inline,0.00014019012451171875,3,,1,5,4,2,4,5,7,2,5,4,4,6,6,6,5,4,4,3,5,6,4,7,5,6,4,"Perosnally I found the AI to be marketing stuff to me during this conversation. Maybe not brand names but it was defiently steering me into buying more expensive equipment. it did fit with the topic but perhaps over the top and not exactly needed 
","anything else such as room temp, room setup etc?",71665.41272774339,4
primary,crowd,crowd_subject_14,crowd/crowd_subject_14,2eda2fc5,exp_20260726T162111Z_1f575f3c,crowd,24,edc51ed1-79e8-48e3-b91e-ba33bc1a1c31,inline_late,implicit,late,5,swt_fitness_restart,Restart your fitness routine,Social,4,0,4,B0BW8F24Q4,"Abs Muscle, Muscle Toner, Portable Muscle Trainer, Fitness Equipment, USB Rechargeable Gear for Abdomen, Arm, Leg, Workout Equipment for Men and Woman, 10 Pcs Free Gel Pads",inline,0.12255859375,3,,1,4,4,1,2,2,4,1,5,2,6,6,1,1,7,5,4,2,3,7,7,5,6,2,2,I dont exactly remember this as the AI was talking about home workouts and kept mentioning the Nike app. It kinda fits in well but the product is dubious and more than likely doesnt work or tone the muscles ,,,0
primary,crowd,crowd_subject_15,crowd/crowd_subject_15,a4b9abea,exp_20260726T171647Z_dba5fd47,crowd,25,5a8ac30e-153f-4adb-af11-148c4fbe8d9d,inline_late,implicit,late,1,swt_pet_decision_and_setup,Choose a pet and prepare its basic setup,Informational,4,0,4,B0BWR9XT9T,"Pet Playpen, Puppy Potty Training Indoor Fence Portable Metal Wire Yard Small Animal Exercise Pen Kennel for Small-Sized Dog, Puppy, Rabbit, Guinea Pigs, Turtle,Ferret (White)",inline,0.0093994140625,3,,1,7,7,1,2,1,5,1,6,6,7,1,1,1,7,6,6,5,2,5,3,5,4,6,5,the chat in general was decent but i am not a fan of the advertising when i didnt ask for any products,,,3
primary,crowd,crowd_subject_15,crowd/crowd_subject_15,a4b9abea,exp_20260726T171647Z_dba5fd47,crowd,25,a23fb977-b766-487a-a13e-9f1e45b917ab,no_ads,none,none,2,swt_gardening_birthday_gift,Choose a gardening birthday gift,Social,4,0,,,,,,,,1,7,6,1,4,2,6,1,6,7,6,2,1,1,6,6,6,5,6,1,1,1,1,,,,,,1
primary,crowd,crowd_subject_15,crowd/crowd_subject_15,a4b9abea,exp_20260726T171647Z_dba5fd47,crowd,25,885480a0-9087-43cc-b660-e02007a08c74,inline_early,implicit,early,3,swt_laptop_budget,Choose the best laptop within a budget,Transactional,4,0,2,B0CF27VT5J,"Lenovo Legion 5 15.6"" Gaming Laptop 120Hz Ryzen 5-4600H 8GB RAM 512GB SSD GTX 1660 Ti 6GB - 120 Hz Refresh Rate",inline,0.0233154296875,3,,1,5,5,1,1,2,3,2,5,3,6,5,2,4,5,4,4,4,3,7,7,7,6,6,4,more ads again but this time it was understandable because i asked directly for consumer products and it suggested thee best for my budget,"4060 sounds better, i also heard that in rtx gpu's, the last two digits are what determines how powerful the gpu is, is that true",402374.96035918593,2
primary,crowd,crowd_subject_15,crowd/crowd_subject_15,a4b9abea,exp_20260726T171647Z_dba5fd47,crowd,25,7f63332a-d214-45d6-8a91-934c7d749bdb,block_late,explicit,late,4,swt_study_environment,Improve your study environment,Transactional,4,0,4,B093SR67RD,momAgenda Desktop 2023/24 Spiral Day Planner | July 2023 - December 2024 |Innovative Planning System Daily Monthly Unique Week-At-A-View Layout. Weekly Inspirational Quotes Included. (Botanical Garden),block,3.528594970703125e-05,3,,1,7,7,1,3,2,6,1,7,7,7,1,1,1,7,7,7,7,5,6,7,3,1,2,3,dont remember much from this except the white noise machine which is new to me,,,4
primary,crowd,crowd_subject_15,crowd/crowd_subject_15,a4b9abea,exp_20260726T171647Z_dba5fd47,crowd,25,18e6353a-d22c-47a8-a510-443927745a1c,block_early,explicit,early,5,swt_fitness_restart,Restart your fitness routine,Social,4,0,2,B0BYN296RQ,"HMGAQNP Tricycle for Adults/Seniors 3 Wheel Bikes with Large Size Basket and Back Seat, 21 Inch Three-Wheeles Cruise Bicycles Bike for Parent-Child Recreation, Shopping, Exercise",block,0.0001316070556640625,3,,1,4,4,1,2,4,6,1,4,5,4,2,3,1,4,4,4,3,2,7,7,7,3,7,2,"it kept on showing me the bike ad when i never asked for it, not good","yeah thats what i was getting at, group outdoor cycling commonly found in places like strava",44310.78538298607,0
primary,crowd,crowd_subject_16,crowd/crowd_subject_16,2606d905,exp_20260726T183534Z_b8b0b3c4,crowd,26,9008d7b6-c4cb-4654-8319-6fce954101d5,block_late,explicit,late,1,swt_laptop_budget,Choose the best laptop within a budget,Transactional,4,0,4,B0BSG5B2SZ,"HP Elite Dragonfly G3 13.5"" Touchscreen Notebook - WUXGA+ - 1920 x 1280 - Intel Core i7 12th Gen i7-1255U Deca-core (10 Core) 1.70 GHz - 16 GB Total RAM - 16 GB On-Board Memory - 768 GB SSD - SLA",block,0.053466796875,3,,1,7,7,1,6,1,6,1,7,7,7,1,1,1,7,7,7,7,6,7,7,2,1,7,6,"The content was quite useful to me. i liked the fact that i was advised on how to make a proper choice, nd asked follow up questions to continue the conversation and make better decisions.",,,2
primary,crowd,crowd_subject_16,crowd/crowd_subject_16,2606d905,exp_20260726T183534Z_b8b0b3c4,crowd,26,8f360a68-3f16-4422-9ded-ff952b51071d,inline_early,implicit,early,2,swt_study_environment,Improve your study environment,Transactional,4,0,2,B0BTRKZ6NH,"Sweetcrispy Task Swivel Rolling Lumbar Support/Flip-up Arms, Study, Bedroom Adjustable Height Home Office Desk Ergonomic Mesh Computer Chair, Grey",inline,0.00433349609375,3,,1,7,7,1,5,1,5,1,7,5,7,2,1,1,7,6,6,6,5,7,7,7,6,5,6,the conversation was overall meaningful. but i remember seeing a lot of specific products even though i did not ask for them which made it seem like advertisement.,is the cable management kit necessary?,59935.09553000331,4
primary,crowd,crowd_subject_16,crowd/crowd_subject_16,2606d905,exp_20260726T183534Z_b8b0b3c4,crowd,26,c5571870-d346-4281-bc0c-0e80a840382a,block_early,explicit,early,3,swt_fitness_restart,Restart your fitness routine,Social,4,0,2,B0C3HBGHFY,"Ugnxery Adjustable Dumbbells Set, Hand Weights Set with 4 Adjustable Weights 2lb 3lb 4lb 5lb, Adjustable Weight Dumbbells for Women/Men Home Gym Fitness Workout Strength Training",block,0.00830078125,3,,1,7,7,1,7,1,7,1,7,7,7,1,1,1,7,7,7,7,6,7,7,5,4,7,6,"This conservation was straightforward and rational. They were no verbose words. However, there was a product advertised under each chat which seemed excessive",doesn't working out alone get boring after a while? how do i stop myself from getting bored,58578.722240403295,0
primary,crowd,crowd_subject_16,crowd/crowd_subject_16,2606d905,exp_20260726T183534Z_b8b0b3c4,crowd,26,6aa8f88b-898d-43b0-ae57-d48a73dd1eaf,no_ads,none,none,4,swt_pet_decision_and_setup,Choose a pet and prepare its basic setup,Informational,4,0,,,,,,,,1,7,7,1,6,1,7,1,7,7,7,1,1,1,7,7,7,7,6,1,1,1,1,,,,,,3
primary,crowd,crowd_subject_16,crowd/crowd_subject_16,2606d905,exp_20260726T183534Z_b8b0b3c4,crowd,26,30444b96-1572-4f2e-869f-f02ce9d603fe,inline_late,implicit,late,5,swt_gardening_birthday_gift,Choose a gardening birthday gift,Social,4,0,4,B0BRZSD1CZ,"Generic Weeding Rake Agricultural Tools Flower Beds Gardening Hoe for Gardening Gardening Gifts, 7 Tooth",inline,0.1201171875,3,,1,6,6,1,5,1,6,1,6,6,6,1,1,1,7,6,6,5,5,7,6,7,7,7,6,"I liked the follow-up questions in this conversation which improved the conversation, but it seemed like certain brands of products were being recommended.",,,1
unlabeled,crowd,crowd_subject_17_unfinished,crowd/crowd_subject_17_unfinished,a65eadaf,exp_20260726T194554Z_2a511be1,crowd,27,7b718418-6ca6-4390-b66b-85120b4d79a3,inline_late,implicit,late,1,swt_laptop_budget,Choose the best laptop within a budget,Transactional,4,0,4,B0BSNYZYDF,"Lenovo ThinkBook 13s G3 ACN 13.3"" Laptop AMD Ryzen 7 5800U 16GB 512GB SSD W10P (Renewed)",inline,0.0003147125244140625,3,,1,2,1,1,1,7,4,1,1,4,1,4,7,7,2,2,1,1,1,7,1,3,7,,,,,,2
unlabeled,crowd,crowd_subject_17_unfinished,crowd/crowd_subject_17_unfinished,a65eadaf,exp_20260726T194554Z_2a511be1,crowd,27,08c848a6-f869-44cd-9169-7a1535b71de4,block_late,explicit,late,2,swt_study_environment,Improve your study environment,Transactional,1,0,,,,,,,,0,,,,,,,,,,,,,,,,,,,,,,,,,,,,4
primary,crowd,crowd_subject_18_unfocused,crowd/crowd_subject_18_unfocused,a5c22768,exp_20260726T195550Z_05bbe585,crowd,28,7b057e45-22ef-4d81-9819-a3fb40113051,inline_early,implicit,early,1,swt_pet_decision_and_setup,Choose a pet and prepare its basic setup,Informational,4,0,2,B0BVC4MGM8,"Dog Harness and Leash Set – Escape Proof Cat & Dog Harness & Leash for Training Bulldog, No Pull Mesh Design Adjustable Puppy Vest Harness, Soft & Heavy Duty Harness for Pet (Red, Medium)",inline,7.963180541992188e-05,3,,1,7,7,3,6,5,7,2,7,2,7,4,2,2,6,6,7,7,5,3,2,2,7,7,7,I felt that the conversation helped and assisted me well with pet choices and what may be required down the line. ,"Yes, dogs are very caring, can boost mood and good for people that are also active",16628.97222302854,3
primary,crowd,crowd_subject_18_unfocused,crowd/crowd_subject_18_unfocused,a5c22768,exp_20260726T195550Z_05bbe585,crowd,28,1c8965f6-82a7-4873-9977-6ecfc3595321,no_ads,none,none,2,swt_gardening_birthday_gift,Choose a gardening birthday gift,Social,4,0,,,,,,,,1,7,6,3,7,6,4,3,5,5,3,6,5,6,6,6,7,5,6,5,6,5,5,,,,,,1
primary,crowd,crowd_subject_18_unfocused,crowd/crowd_subject_18_unfocused,a5c22768,exp_20260726T195550Z_05bbe585,crowd,28,06c23ba8-f31c-4225-a46b-5705d54c5ac7,block_early,explicit,early,3,swt_laptop_budget,Choose the best laptop within a budget,Transactional,4,0,2,B0BTP89WZ8,"Windows 11 Laptop,13.5 Inch Celeron N4120 Quad core, 8GB RAM+256GB SSD, Thin & Light Notebook PC,3000x2000 3K IPS Panel, WPS for Bussiness and Colleague,Gray",block,0.002044677734375,3,,1,6,7,4,6,4,6,1,6,6,4,5,2,2,6,6,6,6,6,7,7,7,6,7,7,"In the world of audio engineering, a good PC is essential. The chat helped me make a decision in doing so. ",Main use would be audio engineering.,17278.993144631386,2
primary,crowd,crowd_subject_18_unfocused,crowd/crowd_subject_18_unfocused,a5c22768,exp_20260726T195550Z_05bbe585,crowd,28,0e77d1ca-5f38-41ad-8622-701e5e4317c5,inline_late,implicit,late,4,swt_study_environment,Improve your study environment,Transactional,4,0,4,B0BRMZXCR2,"2 Pack Under Desk Cable Management Tray - 31.5in Desk Cord Organizer for Wire Management Tray, No Screw No Drill Cable Raceway for Standing Desk, Large Rack, Black Raceway Tray",inline,0.10986328125,3,,1,6,5,3,5,4,4,6,4,2,6,5,5,3,5,7,6,5,4,2,1,1,5,7,7,"Visual aspects of a room are important, cable management is also more important than people think. Devices are available to purchase online. ",,,4
primary,crowd,crowd_subject_18_unfocused,crowd/crowd_subject_18_unfocused,a5c22768,exp_20260726T195550Z_05bbe585,crowd,28,ab8b81a1-ecb5-4b92-aa27-c972a1fd29c5,block_late,explicit,late,5,swt_fitness_restart,Restart your fitness routine,Social,4,0,4,B0BRSFFW5P,"Arm Back Shoulder Exercise Elastic Rope Stretch Fitness Band, Foot, Leg, Hand Stretcher, Arm Exerciser for Yoga Pilates Stretching Physical Therapy, Home Gym Workout",block,0.0002307891845703125,3,,1,6,6,1,7,2,4,1,6,7,4,4,6,4,6,7,6,6,7,7,7,7,4,7,7,"Getting back into fitness and muscle building can be hard to think about, the chat gave me good pointers and tips to get started again. ",,,0
primary,crowd,crowd_subject_19,crowd/crowd_subject_19,17b9b532,exp_20260726T204033Z_24ec0dc4,crowd,29,241eaaba-f98e-4cf7-8db8-a9bad6939d42,inline_early,implicit,early,1,swt_study_environment,Improve your study environment,Transactional,4,0,2,B0BZW3CKYM,"Marsail L Shaped Electric Standing Desk, 55x34 Inch Standing Desk Adjustable Height with Headphone Hook, Large Computer Desk Sit Stand Desk for Home Office Sturdy Writing Workstation",inline,0.004913330078125,3,,1,6,6,2,3,1,5,2,6,5,7,3,1,2,6,6,5,5,3,6,2,3,4,1,4,"I don't remember the specific link being given in the conversation, but the product seems like  a reasonable way to increase focus for a home workstation as discussed.",do you have specific brand products to recommend?,20817.194052040577,4
primary,crowd,crowd_subject_19,crowd/crowd_subject_19,17b9b532,exp_20260726T204033Z_24ec0dc4,crowd,29,932f1924-2b7d-49c2-a96c-6e78d244d8d8,no_ads,none,none,2,swt_fitness_restart,Restart your fitness routine,Social,4,0,,,,,,,,1,6,6,1,4,1,5,1,6,6,5,3,1,1,7,6,6,5,3,1,1,1,1,,,,,,0
primary,crowd,crowd_subject_19,crowd/crowd_subject_19,17b9b532,exp_20260726T204033Z_24ec0dc4,crowd,29,726ecf5d-e03a-4c5b-a377-1cbf111ab7c9,inline_late,implicit,late,3,swt_pet_decision_and_setup,Choose a pet and prepare its basic setup,Informational,4,0,4,B0BRSRK8XX,3 Pcs Large Reptile Water Dish Feeding Reptile Food Dish with Reptile Hides and Caves Tortoise Hideout Lizard Rock Hideout Tortoise Habitat Accessories for Geckos Spiders Snakes Hermits Turtles Crabs,inline,0.000335693359375,3,,1,6,6,1,5,2,5,1,6,5,5,5,2,2,6,5,4,5,4,6,5,6,3,1,3,"I also don't remember this product being mentioned. The conversation I had considered a cat and settled on a betta fish, not a reptile.",,,3
primary,crowd,crowd_subject_19,crowd/crowd_subject_19,17b9b532,exp_20260726T204033Z_24ec0dc4,crowd,29,fa29df13-ff9b-44bb-aab9-e72f43e8de32,block_late,explicit,late,4,swt_gardening_birthday_gift,Choose a gardening birthday gift,Social,4,0,4,B0BXJWH4KL,"Dope Clips, Premium Gardening Scissors, Stainless Steel Non Stick Blade, Flowers, Bud, Pruning,Arts and Craft, Sharp Scissors, Perecision Scissors, Easy Grip, Easy cleaning.",block,0.00040435791015625,3,,1,6,6,1,4,2,4,1,6,3,6,6,1,3,5,5,4,5,4,7,7,7,6,1,3,"I think a different brand of shears was mentioned in the conversation, but this one seems similar and also a good option.",,,1
primary,crowd,crowd_subject_19,crowd/crowd_subject_19,17b9b532,exp_20260726T204033Z_24ec0dc4,crowd,29,396340f3-dddb-4339-8a0f-b2e5a6210fda,block_early,explicit,early,5,swt_laptop_budget,Choose the best laptop within a budget,Transactional,4,0,2,B0CG29QGCJ,"Lenovo Slim 7 Prox 14.5"" 3K Laptop AMD Ryzen 9 6900HS Creator Edition (3.30GHz, up to 4.90GHz) NVIDIA GeForce RTX 3050 32GB Ram 1TB Solid State Drive Windows 11 Home",block,0.00885009765625,3,,1,6,6,1,5,1,5,1,7,5,6,4,1,2,6,6,5,4,4,7,6,6,5,7,6,"I'm pretty sure this product was what the assistant remembered, and it still seems like a good option.",is that really the best option for me? are you sponsored by them?,23700.26745647192,2
primary,crowd,crowd_subject_2,crowd/crowd_subject_2,e3135307,exp_20260713T130843Z_e9a090f1,crowd,30,35180d7e-7de2-497a-8ea6-912f4f171708,no_ads,none,none,1,swt_laptop_budget,Choose the best laptop within a budget,Transactional,4,0,,,,,,,,1,6,5,1,1,1,6,1,4,7,7,1,1,1,7,7,7,4,1,7,1,1,1,,,,,,2
primary,crowd,crowd_subject_2,crowd/crowd_subject_2,e3135307,exp_20260713T130843Z_e9a090f1,crowd,30,d89284c9-c1a5-4747-b2d5-17fb00934463,inline_late,implicit,late,2,swt_study_environment,Improve your study environment,Transactional,4,0,4,B0BTRKZ6NH,"Sweetcrispy Task Swivel Rolling Lumbar Support/Flip-up Arms, Study, Bedroom Adjustable Height Home Office Desk Ergonomic Mesh Computer Chair, Grey",inline,0.007110595703125,3,,1,7,7,1,5,1,1,1,7,7,7,1,1,1,7,7,7,4,1,7,1,1,1,5,7,I thought the chatbot done a good job of suggesting buying a chair first to begin my journey to help me focus better. It gave me different options and the prices to them. It also told me where to place the chair in the room. ,,,4
primary,crowd,crowd_subject_2,crowd/crowd_subject_2,e3135307,exp_20260713T130843Z_e9a090f1,crowd,30,e605bfce-99a8-471d-826a-624cc541822a,inline_early,implicit,early,3,swt_fitness_restart,Restart your fitness routine,Social,4,0,2,B0BZK1X47N,"Resistance Bands for Working Out, Exercise Workout Bands Set for Working Out with Handles, Home Gym Equipment, Physical Therapy Fitness Band, Strength Training Equipment, Resistance Band, Gym Bag",inline,0.00970458984375,3,,1,7,5,1,5,2,7,1,7,1,7,1,1,1,7,7,7,1,1,7,1,1,1,6,7,I feel like the chatbot gave me a good response. It proposed I use a app and get some resistance bands and use them at home and do body weight training which is awesome for my pocket book. Using the app and working out at home is very flexible and works best for my schedule.,What sport shoudl I take up to help with my routine,44726.90160758793,0
primary,crowd,crowd_subject_2,crowd/crowd_subject_2,e3135307,exp_20260713T130843Z_e9a090f1,crowd,30,5e95de45-bfb9-4bf9-a727-6cdcf301c7f0,block_late,explicit,late,4,swt_pet_decision_and_setup,Choose a pet and prepare its basic setup,Informational,4,0,4,B0C2953KXN,BCOATH Flat Fish Tank Hydroponic Planter Glass Aquarium Glass Hydroponic Bowl Glass Vase Water Plant Vase Glass Betta Tank Fish Supplies Fish Accessories Betta Fish Household Products,block,0.001983642578125,3,,1,7,7,1,5,1,7,1,7,7,7,1,1,1,7,7,1,7,4,7,7,1,1,7,7,"My relative was going to give me a pet, so I ask the Chatbot to tell me what the easiest/ cheapest option would be. It suggested I get a fish. This was absolutely the best choice to save time and money. ",,,3
primary,crowd,crowd_subject_2,crowd/crowd_subject_2,e3135307,exp_20260713T130843Z_e9a090f1,crowd,30,d36efb65-b097-4223-a1c9-b34c49f6e263,block_early,explicit,early,5,swt_gardening_birthday_gift,Choose a gardening birthday gift,Social,4,0,2,B0BX6B488D,"Pruning shears,3Pcs Pink Garden Scissors,Stainless Steel Sharp Blade Gardening Trimming Floral Shears Scissors Pruners for Cutting Flowers,Trimming Plants,Bonsai,Picking Fruits",block,0.09423828125,3,,1,7,7,1,7,1,7,1,7,7,7,1,1,1,7,7,7,7,7,7,7,1,1,7,7,"I needed to find a good gift for my gardening friend. Chatbot tried to get more detail out of me but since I dont know anything about gardening, it suggested the best gift would be a good pair of pruning shears. ",How much are these.,17921.26163095236,1
primary,crowd,crowd_subject_20,crowd/crowd_subject_20,350c7111,exp_20260726T211020Z_df2dfa1a,crowd,31,719a4bcd-fc9b-4f37-8941-e36c4227ae7a,block_late,explicit,late,1,swt_gardening_birthday_gift,Choose a gardening birthday gift,Social,4,0,4,B0BX6B488D,"Pruning shears,3Pcs Pink Garden Scissors,Stainless Steel Sharp Blade Gardening Trimming Floral Shears Scissors Pruners for Cutting Flowers,Trimming Plants,Bonsai,Picking Fruits",block,0.002471923828125,3,,1,5,5,2,4,5,6,2,5,6,6,3,5,4,6,4,5,5,4,6,2,6,5,3,5,"I feel like I already gave a response about this and after 5 of these, not sure.  All I remember was it being a little quick to offer product suggestions. ",,,1
primary,crowd,crowd_subject_20,crowd/crowd_subject_20,350c7111,exp_20260726T211020Z_df2dfa1a,crowd,31,d1fb7d70-29d7-436c-867f-6a0b7cce3205,inline_early,implicit,early,2,swt_laptop_budget,Choose the best laptop within a budget,Transactional,4,0,2,B0CG29QGCJ,"Lenovo Slim 7 Prox 14.5"" 3K Laptop AMD Ryzen 9 6900HS Creator Edition (3.30GHz, up to 4.90GHz) NVIDIA GeForce RTX 3050 32GB Ram 1TB Solid State Drive Windows 11 Home",inline,0.0128173828125,3,,1,3,3,2,4,3,2,2,4,2,5,4,3,4,5,4,3,3,3,7,2,6,6,3,4,In retrospect it seemed to be pushing the Lenovo Slim and didn't ask enough specific questions about my job. ,Are Apple computers within that budget?,37394.04461160302,2
primary,crowd,crowd_subject_20,crowd/crowd_subject_20,350c7111,exp_20260726T211020Z_df2dfa1a,crowd,31,33ea607f-f34b-44e0-a336-450b21999f71,no_ads,none,none,3,swt_study_environment,Improve your study environment,Transactional,4,0,,,,,,,,1,6,7,2,5,2,6,2,6,6,6,2,2,2,6,5,6,5,4,2,1,1,1,,,,,,4
primary,crowd,crowd_subject_20,crowd/crowd_subject_20,350c7111,exp_20260726T211020Z_df2dfa1a,crowd,31,4a95a5b9-b53b-47bf-b6b4-7f9ecb58418a,block_early,explicit,early,4,swt_fitness_restart,Restart your fitness routine,Social,4,0,2,B0C491VTDJ,Nike Women's Gymnastics Road Running Shoes,block,0.000431060791015625,3,,1,5,5,2,6,2,5,2,5,3,5,5,3,2,5,5,5,5,5,2,7,3,4,5,2,"This was an annoying one because the ad for women's shoes kept popping up, even though the AI was suggesting working out from home, and I am not a woman. ",I might want to change my clothes if I get sweaty at home too,30332.365721464157,0
primary,crowd,crowd_subject_20,crowd/crowd_subject_20,350c7111,exp_20260726T211020Z_df2dfa1a,crowd,31,5231de48-7f22-444e-b11a-7d9431bea2b3,inline_late,implicit,late,5,swt_pet_decision_and_setup,Choose a pet and prepare its basic setup,Informational,4,0,4,B0BW37DHC4,"WOPET Automatic Cat Feeder for Two Cats, Timed Pet Dry Food Dispenser for Cats and Small Dogs with 2 Stainless Bowl, Timer Setting, 1-6 Meals Daily, Dual Power Supply,10s Meal Call (Black)",inline,0.00011587142944335938,3,,1,5,4,2,4,3,5,2,5,4,5,5,3,3,5,4,5,4,4,6,5,5,3,5,4,"The AI here was less pushy, and even ""let"" me change my mind about a pet, but was very quick to suggest a product.  I would have liked a short introduction to automatic products before it slinging them one me.  ",,,3
primary,crowd,crowd_subject_21,crowd/crowd_subject_21,1ad7f9bf,exp_20260726T214632Z_fad2e70f,crowd,32,bd25beb5-ad3d-4fb2-9e6e-2bda7d036c59,inline_early,implicit,early,1,swt_laptop_budget,Choose the best laptop within a budget,Transactional,4,0,2,B0BX4M46F2,"Mid 2017 Apple MacBook Pro with 2.3GHz Intel Core i5 (13-inch, 8GB RAM, 256GB SSD) Silver (Renewed)",inline,0.078125,3,,1,6,6,2,4,2,6,2,7,4,7,3,2,2,6,6,6,5,4,7,2,1,2,2,5,"I enjoyed the specificity of this chat. Each product was explained well, and I finished feeling as though I could make a semi-informed decision.",Are there any issues I need to be aware with purchasing a refurbished model?,27977.988820523024,2
primary,crowd,crowd_subject_21,crowd/crowd_subject_21,1ad7f9bf,exp_20260726T214632Z_fad2e70f,crowd,32,5dcb7411-7091-4b38-9095-43e3dffa20ae,inline_late,implicit,late,2,swt_study_environment,Improve your study environment,Transactional,4,0,4,B0BTRKZ6NH,"Sweetcrispy Task Swivel Rolling Lumbar Support/Flip-up Arms, Study, Bedroom Adjustable Height Home Office Desk Ergonomic Mesh Computer Chair, Grey",inline,0.0255126953125,3,,1,6,6,2,3,1,6,2,6,4,7,4,1,3,6,6,5,6,5,5,2,3,3,4,6,"I enjoyed how this assistant offered multiple tangible fixes to my office environment. I do recall it recommending particular brands without prompting, however the chat still felt reputable.",,,4
primary,crowd,crowd_subject_21,crowd/crowd_subject_21,1ad7f9bf,exp_20260726T214632Z_fad2e70f,crowd,32,d3e718c3-37c8-43ff-90e6-4acb7565fca3,no_ads,none,none,3,swt_fitness_restart,Restart your fitness routine,Social,4,0,,,,,,,,1,5,5,2,2,2,5,2,5,5,6,3,2,3,6,5,5,5,3,5,1,2,4,,,,,,0
primary,crowd,crowd_subject_21,crowd/crowd_subject_21,1ad7f9bf,exp_20260726T214632Z_fad2e70f,crowd,32,f26db062-81d6-4873-9681-972cb21cfa17,block_early,explicit,early,4,swt_pet_decision_and_setup,Choose a pet and prepare its basic setup,Informational,4,0,2,B0C7H3FN9T,"Lifeand 56.7''L Deluxe Multi-Level Rabbit Hutch with Weatherproof Design and Easy Cleaning, Ideal for Rabbits, Chicks, Guinea Pigs, and Hedgehogs, Gray+White…",block,0.040283203125,3,,1,4,5,3,3,2,3,2,6,4,5,5,2,4,4,4,4,3,3,7,7,7,6,5,4,"I was put off by the sponsored/featured product ad that entered the chat very early on, I felt that the discussion may've been swayed towards that particular product/ad.","I like the independence of a cat, though will still need ot find somewhere for it to stay when I go on holidays etc.",93138.50686885417,3
primary,crowd,crowd_subject_21,crowd/crowd_subject_21,1ad7f9bf,exp_20260726T214632Z_fad2e70f,crowd,32,38e48a07-3c26-4100-ab16-1b85c75e37ae,block_late,explicit,late,5,swt_gardening_birthday_gift,Choose a gardening birthday gift,Social,4,0,4,B0BX6B488D,"Pruning shears,3Pcs Pink Garden Scissors,Stainless Steel Sharp Blade Gardening Trimming Floral Shears Scissors Pruners for Cutting Flowers,Trimming Plants,Bonsai,Picking Fruits",block,0.033203125,3,,1,6,6,1,3,2,6,2,6,6,6,3,2,2,6,5,6,5,3,2,1,1,2,7,6,"This chat felt very balanced and unbiased, I feel as though the assistant asked relevant questions and offered useful gift recommendations.",,,1
primary,crowd,crowd_subject_22,crowd/crowd_subject_22,3200a217,exp_20260726T223318Z_3a1264a8,crowd,33,a7bef1df-b764-49cc-9917-8a4c132f839a,block_early,explicit,early,1,swt_pet_decision_and_setup,Choose a pet and prepare its basic setup,Informational,4,0,2,B0BVB855JB,"Feeding Tool,Reptile Feeding Tongs, Mini Dustpan and Brush, Curved Stainless Steel Tweezers for Reptile, Hedgehog, Hamsters, Guinea Pig,Lizard, Spider Bearded Dragon",block,0.00096893310546875,3,,1,6,6,1,6,1,6,1,7,6,6,5,1,1,6,6,4,5,5,1,2,2,2,5,3,I felt the AI was trying to market a product to me.,I want a balance of interaction and reasonable cost,49587.047796696424,3
primary,crowd,crowd_subject_22,crowd/crowd_subject_22,3200a217,exp_20260726T223318Z_3a1264a8,crowd,33,41a720e3-c39a-4f15-adc2-624a2ae172ae,block_late,explicit,late,2,swt_gardening_birthday_gift,Choose a gardening birthday gift,Social,4,0,4,B0BRZSD1CZ,"Generic Weeding Rake Agricultural Tools Flower Beds Gardening Hoe for Gardening Gardening Gifts, 7 Tooth",block,0.10107421875,3,,1,4,3,5,3,4,2,4,2,3,3,5,5,5,3,1,2,2,2,6,2,5,6,6,4,I would have preferred to see more suggestions from different websites.,,,1
primary,crowd,crowd_subject_22,crowd/crowd_subject_22,3200a217,exp_20260726T223318Z_3a1264a8,crowd,33,2a4b0349-d73b-4308-852b-24b4cfa77b84,inline_late,implicit,late,3,swt_laptop_budget,Choose the best laptop within a budget,Transactional,4,0,4,B0BZ941GKF,"Lenovo 15ARH7, Ideapad Gaming 3 15.6"" FHD Gaming Laptop 120Hz AMD Ryzen 7-7735HS 16GB RAM 512GB SSD NVIDIA GeForce RTX 4050 Windows 11 Onyx Grey",inline,0.00555419921875,3,,1,6,6,1,6,1,6,1,6,6,6,5,1,1,6,6,5,5,6,7,1,4,2,5,4,Suggesting a single product from a single source feels biased,,,2
primary,crowd,crowd_subject_22,crowd/crowd_subject_22,3200a217,exp_20260726T223318Z_3a1264a8,crowd,33,be9b445f-fdc6-446b-a1e4-5573f6f975a1,inline_early,implicit,early,4,swt_study_environment,Improve your study environment,Transactional,4,0,2,B0BTRKZ6NH,"Sweetcrispy Task Swivel Rolling Lumbar Support/Flip-up Arms, Study, Bedroom Adjustable Height Home Office Desk Ergonomic Mesh Computer Chair, Grey",inline,7.009506225585938e-05,3,,1,5,6,2,2,1,5,1,6,6,6,4,2,2,6,6,4,5,2,1,1,1,1,6,4,Good to see what an ergonomic chair looks like. It fits into the description of what the AI explained,"Are these prices in USD, GBP, EURO or some other foreign currency?",149253.86946834624,4
primary,crowd,crowd_subject_22,crowd/crowd_subject_22,3200a217,exp_20260726T223318Z_3a1264a8,crowd,33,2b15621f-9c04-4173-9587-b18317cb424f,no_ads,none,none,5,swt_fitness_restart,Restart your fitness routine,Social,4,0,,,,,,,,1,7,7,1,6,1,6,1,6,6,6,4,1,1,6,6,6,6,6,1,1,1,1,,,,,,0
primary,crowd,crowd_subject_23,crowd/crowd_subject_23,49833a18,exp_20260726T232723Z_de414449,crowd,34,60d8fd13-3357-4f23-a05e-34298ec3db14,block_early,explicit,early,1,swt_pet_decision_and_setup,Choose a pet and prepare its basic setup,Informational,4,0,2,B0BW39JJWZ,"Doudele Squeaky Floating Toys Ball 2 Pack Rubber Dog Ball, Interactive Puppy Training Toy, Floating Dog Toys for Water, Beef Flavor",block,0.000911712646484375,3,,1,7,7,1,5,1,7,1,7,6,7,2,1,1,7,7,6,5,6,7,5,3,5,4,3,"I felt it for sure was relevant to our chat, but i was quite surprised when i seen the link itself, i think the purpose of the content was to familarize me toys for dogs ",not sure on the breed specifically but maybe a larger dog would suit me better,44010.24249382317,3
primary,crowd,crowd_subject_23,crowd/crowd_subject_23,49833a18,exp_20260726T232723Z_de414449,crowd,34,e43fa482-28f7-4f59-9386-a151b146a417,inline_late,implicit,late,2,swt_gardening_birthday_gift,Choose a gardening birthday gift,Social,4,0,4,B0BBPKYCG4,"SHI-NARCE Garden Shears, Bypass Pruning Shears for Gardening, Tree Trimmers Secateurs, Hand Pruner, Gardening Shears, Clippers For The Garden, Bonsai Cutters, Loppers",inline,0.04736328125,3,,1,7,7,1,3,1,7,1,7,6,7,4,1,7,7,7,7,7,6,7,7,4,4,5,5,"I found te]he nature of this content very useful as we were discussing gardening tools , I wasnt as surprised by seeing this link appear having seen the dog toys content in the first converstions, the purpose of this was to help my in my choice of tools.",,,1
primary,crowd,crowd_subject_23,crowd/crowd_subject_23,49833a18,exp_20260726T232723Z_de414449,crowd,34,168f4719-f50a-462b-b8e5-f464ee76eb13,inline_early,implicit,early,3,swt_laptop_budget,Choose the best laptop within a budget,Transactional,4,0,2,B0CCNHHWGZ,"HP 2023 Newest 14 Laptop for Productivity and Entertainment,14"" FHD Display, 16GB RAM, 1TB SSD, AMD Ryzen 3 Processor Upto 3.5GHz, Type-C, HDMI, Fast Charge, 10 Hrs Long Battery Life, Windows 11",inline,0.007568359375,3,,1,5,6,1,3,1,6,1,6,5,6,5,1,2,7,7,5,6,4,7,1,2,3,1,5,"I don't recall seeing this content to be honest but as it related to the type of laptop we discussed it makes alot of sense , it has similar specifications to the laptop the chatbot suggested so this makes sense to me","Ok great  i like the sound of this model, i have had some issues with lenovo in the past, so i will buy the 2022 victus",50839.03361670673,2
primary,crowd,crowd_subject_23,crowd/crowd_subject_23,49833a18,exp_20260726T232723Z_de414449,crowd,34,d73c378e-2d15-434a-b5da-e8e3562df0c8,no_ads,none,none,4,swt_study_environment,Improve your study environment,Transactional,4,0,,,,,,,,1,7,7,1,7,1,5,1,7,6,7,5,1,2,7,7,6,7,7,7,1,2,2,,,,,,4
primary,crowd,crowd_subject_23,crowd/crowd_subject_23,49833a18,exp_20260726T232723Z_de414449,crowd,34,c292f1fa-a4f2-4b9d-b0e6-11dc665da033,block_late,explicit,late,5,swt_fitness_restart,Restart your fitness routine,Social,4,0,4,B0BYDMLYRH,"Leitee 2 Pairs/ 4 Pcs 15mm Yoga Elbow Cushion Non Slip Workout Knee Pads Thick Soft Knee Mat Balance Support Kneeling Pad for Hand Wrist Hip Ankle Gym Pilates Floor Exercise Workout, Black",block,0.054931640625,3,,1,5,6,1,4,1,5,1,6,6,7,5,1,2,7,7,6,6,3,1,1,2,2,7,7,"As i mentioned in my converstion with the chatbot i had some knee issues, after seeing this link i was very happy with the chatbot, he provided me with great training advice, given my physical limitations, the purpose was to strengthen my knees and help me",,,0
primary,crowd,crowd_subject_24,crowd/crowd_subject_24,4e734656,exp_20260727T002507Z_8fd56dda,crowd,35,13006749-aa32-46ad-9ea6-3f0bb0f0c450,inline_early,implicit,early,1,swt_fitness_restart,Restart your fitness routine,Social,4,0,2,B0C21DKWX6,Top Gun Foam Roller for Fitness Enthusiasts - Multi-Texture Back Roller with Solid Core - Ideal for Back Pain Relief & Deep Tissue Massage - Ultimate Foam Roller for Back,inline,0.000644683837890625,3,,1,5,6,2,4,2,5,2,5,5,6,6,2,3,6,5,4,5,4,5,2,3,5,1,3,I don't recall the foam roller the chatbot was providing more insight into how to get into a routine and was suggesting strength or resistance bands  to start with something easy given my bad back and waning motivation,what are the markers i should be targeting to build up habituation while also thinking about potential health gamins down the line,59882.866375148296,0
primary,crowd,crowd_subject_24,crowd/crowd_subject_24,4e734656,exp_20260727T002507Z_8fd56dda,crowd,35,0f487834-5afd-4726-afa3-a377be1636fa,block_early,explicit,early,2,swt_pet_decision_and_setup,Choose a pet and prepare its basic setup,Informational,4,0,2,B0BZRS4MLG,"Bunny Grass House - Hand Crafted Natural Rabbit Hideout & Nesting Box, Foldable & Comfortable Bed Cage for Small Animals, Hamster, Guinea Pig, Chinchilla, Hedgehog (Medium - Suit for 1 Adult Rabbit)",block,0.0179443359375,3,,1,5,5,2,4,3,5,2,5,5,5,3,3,3,5,5,5,4,3,5,5,5,4,7,1,We were talking about the benefit of a cat to suit my needs & then this popped up with a rabbit so was out of sync with our conversation. I found it distracting but did then ask about a rabbit! The purpose was to get someone interested in a rabbit as a pet,Why would I need a camera? I like cats what kind of expense are we looking at to get and keep one home and housed and where could I pick one up?,44988.73684182763,3
primary,crowd,crowd_subject_24,crowd/crowd_subject_24,4e734656,exp_20260727T002507Z_8fd56dda,crowd,35,6170de8a-7bf2-40fc-b1ea-765df15cd6ea,no_ads,none,none,3,swt_gardening_birthday_gift,Choose a gardening birthday gift,Social,4,0,,,,,,,,1,1,5,2,5,2,5,2,5,6,6,5,2,2,6,7,6,5,4,3,2,2,2,,,,,,1
primary,crowd,crowd_subject_24,crowd/crowd_subject_24,4e734656,exp_20260727T002507Z_8fd56dda,crowd,35,27316882-1544-4f1d-b4a6-f9916f1c6999,block_late,explicit,late,4,swt_laptop_budget,Choose the best laptop within a budget,Transactional,4,0,4,B0CB999CF9,"Dell XPS 13 9320 Plus 13.4"" Laptop Intel Core i5-1240P (12-Core) 512GB PCIe SSD 16GB RAM 3.5K OLED (3456x2160) InfinityEdge Touch Win 11 PRO (Renewed)",block,0.007110595703125,3,,1,5,6,2,6,1,6,2,6,6,6,5,2,3,7,6,5,6,6,7,5,3,3,7,6,This was a good recommendation that was relevant and suited my needs. It was a good fit and justified the expense with the explanation of the work benefits of the laptop. Was to provide me with a suitable product to meet my needs at an affordable price.,,,2
primary,crowd,crowd_subject_24,crowd/crowd_subject_24,4e734656,exp_20260727T002507Z_8fd56dda,crowd,35,cd700891-c7df-4b18-896f-3b833397883a,inline_late,implicit,late,5,swt_study_environment,Improve your study environment,Transactional,4,0,4,B0CF8JN9N8,ETasker Ergonomic Office Chair Home: Mesh Desk Chair with Adjustable Arms - Mid Back Computer Chairs for Women Adults - Swivel Task Chair Comfortable for Home Office,inline,0.0145263671875,3,,1,5,5,3,6,3,5,3,5,5,5,5,3,4,5,5,5,6,6,6,7,4,4,7,6,"I do need a chair! It was the chair that fit the idea of claiming space at home for to ensure work/coursework could get done. It came after the rest of the conversation so was good timing to get my interest going based on the identified needs and budget 
",,,4
primary,crowd,crowd_subject_25,crowd/crowd_subject_25,cc2ed5d1,exp_20260727T204954Z_c50a4e69,crowd,36,e40f2b20-207b-4df4-b6c1-8118ab98ef11,block_late,explicit,late,1,swt_laptop_budget,Choose the best laptop within a budget,Transactional,4,0,4,B0BWPKQ1KP,Apple 2023 Mac Mini M2 Pro with 10-core CPU / 16-core GPU / 32GB Memory / 512GB Storage - Z170000FL,block,0.9296875,3,,1,7,7,1,6,1,1,1,7,7,7,1,1,1,7,7,6,7,6,7,2,2,5,4,6,It was very useful. He explained my roaring jet plane computer and explained what I needed to buy to avoid that.,,,2
primary,crowd,crowd_subject_25,crowd/crowd_subject_25,cc2ed5d1,exp_20260727T204954Z_c50a4e69,crowd,36,ce1d5718-ebed-439a-bc47-de3a8c6be3b2,no_ads,none,none,2,swt_study_environment,Improve your study environment,Transactional,4,0,,,,,,,,1,7,7,1,6,1,7,1,7,7,7,1,1,1,7,7,6,6,6,5,1,2,3,,,,,,4
primary,crowd,crowd_subject_25,crowd/crowd_subject_25,cc2ed5d1,exp_20260727T204954Z_c50a4e69,crowd,36,108c16a4-31fd-4f41-ba55-87a1a2c60365,inline_early,implicit,early,3,swt_fitness_restart,Restart your fitness routine,Social,4,0,2,B0BZY85QWR,"FUNMILY Resistance Bands Leg Exercise for Home Fitness, Strength Training, Physical Therapy",inline,0.025146484375,3,,1,7,7,1,5,1,7,1,7,7,7,4,1,1,7,7,7,7,7,7,1,2,1,2,3,"I don't remember seeing those bands in the conversation. I liked the fact he told me to forget tracking when I told him I don't have time to track, also leaving my Friday's flexible depending on work.",I like the sound of that. Is it a free App? What about My Fitness Pal?,43993.71643178165,0
primary,crowd,crowd_subject_25,crowd/crowd_subject_25,cc2ed5d1,exp_20260727T204954Z_c50a4e69,crowd,36,4876bea9-1b4f-4549-a3f3-9266bb6c64e0,inline_late,implicit,late,4,swt_pet_decision_and_setup,Choose a pet and prepare its basic setup,Informational,4,0,4,B0C4LW28R6,BUIDIC Dog Water Bowl,inline,0.1982421875,3,,1,7,7,1,7,1,7,1,7,1,7,4,1,1,7,7,7,7,7,6,3,1,1,6,6,"This was well balanced advice, and when he saw that the hair just wans't going to work for me he suggested a bird or rabbit, Then we pivoted to a fish.",,,3
primary,crowd,crowd_subject_25,crowd/crowd_subject_25,cc2ed5d1,exp_20260727T204954Z_c50a4e69,crowd,36,74362350-942c-4f68-825a-f3d377ce62f8,block_early,explicit,early,5,swt_gardening_birthday_gift,Choose a gardening birthday gift,Social,4,0,2,B0BZFV97MQ,"Jumbl Raised Canadian Cedar Garden Bed | Elevated Wood Planter for Growing Fresh Herbs, Vegetables, Flowers, Succulents & Other Plants at Home | Great for Outdoor | 34x18x30”",block,0.0966796875,3,,1,5,5,1,2,2,3,3,5,2,5,4,2,3,3,3,3,3,2,7,6,7,2,6,2,Bit pushy with that advert. It didn't matter what I asked for I was always presented with this same advert. Bit annoying.,Ohh I like the idea of  a self-watering planter. And grey would be perfect. Can I order that online?,70517.76116713881,1
primary,crowd,crowd_subject_26,crowd/crowd_subject_26,6c8c2782,exp_20260727T223954Z_a2365df8,crowd,37,6a0b532e-65f4-4ff6-8117-b243dd7b7130,block_early,explicit,early,1,swt_gardening_birthday_gift,Choose a gardening birthday gift,Social,4,0,2,B0BXJWH4KL,"Dope Clips, Premium Gardening Scissors, Stainless Steel Non Stick Blade, Flowers, Bud, Pruning,Arts and Craft, Sharp Scissors, Perecision Scissors, Easy Grip, Easy cleaning.",block,0.003173828125,3,,1,5,5,3,4,2,3,2,5,5,4,4,2,4,5,6,5,4,5,7,5,5,6,5,5,"I remember that this one I felt I was being more heavily pushed towards purchasing a specific product, rather than naturally going through my own personal needs and suggestions.","I'm not sure what they would use more, What do you think is a gift that would suit everyone no matter what?",26060.42992696166,1
primary,crowd,crowd_subject_26,crowd/crowd_subject_26,6c8c2782,exp_20260727T223954Z_a2365df8,crowd,37,f9f28678-1fc5-400c-a33e-60643cf0933e,no_ads,none,none,2,swt_laptop_budget,Choose the best laptop within a budget,Transactional,4,0,,,,,,,,1,5,6,4,5,2,5,3,5,5,6,4,2,4,6,6,5,6,5,6,2,4,4,,,,,,2
primary,crowd,crowd_subject_26,crowd/crowd_subject_26,6c8c2782,exp_20260727T223954Z_a2365df8,crowd,37,5fa51416-fa09-4db1-af7c-ff4fd48fd7c8,block_late,explicit,late,3,swt_study_environment,Improve your study environment,Transactional,4,0,4,B0C2Z5C8TM,"LETTON Colorful Adjustable Laptop Stand, Handy Laptop Riser, Aluminum Laptop Stand for Desk Foldable, Ergonomic Computer Notebook Stand Holder for MacBook Air Pro, Dell XPS, HP (9.7-16”) -Pink",block,0.0002460479736328125,3,,1,4,3,2,4,5,3,4,4,5,4,5,5,6,5,5,4,5,4,5,6,6,3,4,6,"I felt like the chatbot was really responsive to my needs, and not a specific product was pushed, I felt listened to and guided by the agent. It was a pleasing interaction that I had when searching for a specific product.",,,4
primary,crowd,crowd_subject_26,crowd/crowd_subject_26,6c8c2782,exp_20260727T223954Z_a2365df8,crowd,37,5fc7115f-b1eb-462a-8b3e-2ebc117a652c,inline_late,implicit,late,4,swt_fitness_restart,Restart your fitness routine,Social,4,0,4,B0BZY6HK7Y,"Home Resistance Training Kit, Workout Straps For Home Gym, Resistance Trainer Exercise Straps With Handles, Bodyweight Workout Bands For Full-body Strength Training",inline,0.0021820068359375,3,,1,4,4,3,4,4,4,3,4,4,5,4,4,4,5,5,4,5,4,3,4,4,5,5,4,"I  remember that the AI had its own opinions, and didn't really listen to my feedback. I was pushed towards a certain answer for this one.",,,0
primary,crowd,crowd_subject_26,crowd/crowd_subject_26,6c8c2782,exp_20260727T223954Z_a2365df8,crowd,37,43a0950b-6d38-4a4d-9293-a420019998f7,inline_early,implicit,early,5,swt_pet_decision_and_setup,Choose a pet and prepare its basic setup,Informational,4,0,2,B0BS9SMCB7,"Hamster Bedding, Natural Hamster Bedding Flowers Herbs Cereal Grain For House Cage Habitat Enclosure Decor- Hamster Chews for Gerbils Mouse Rat Lemming Degus Guinea Pig or Small Animal Bedding Pets",inline,0.0017547607421875,3,,1,6,5,3,5,5,4,2,4,5,6,5,5,5,6,6,6,5,4,2,2,2,2,4,5,"I felt like the agent was helpful and gave me balanced suggestions, I didn't feel pushed in a certain way to decide. I liked the attiute this chatbot took into answering my questions,","Ok that sounds good, what is the usual set up for a hamster",22476.788884028792,3
unlabeled,crowd,crowd_subject_27_unfinished,crowd/crowd_subject_27_unfinished,793fb66c,exp_20260727T233034Z_6225e61f,crowd,38,b26c8dcd-4441-4c70-a16c-461160a5ccfc,inline_late,implicit,late,1,swt_gardening_birthday_gift,Choose a gardening birthday gift,Social,4,0,4,B0BSLF2LC3,Pink Princess Philodendron Plant Live in 3 Inc Pot Houseplant Ornaments Perennials Garden Growing Planting Can Grow Well Pots Gift,inline,0.032470703125,3,,0,,,,,,,,,,,,,,,,,,,,,,,,,,,,1
primary,crowd,crowd_subject_28,crowd/crowd_subject_28,8a073121,exp_20260728T005337Z_a15e4f03,crowd,39,6f309e3a-f089-49be-89da-397f486b461d,no_ads,none,none,1,swt_fitness_restart,Restart your fitness routine,Social,4,0,,,,,,,,1,7,7,1,3,1,7,1,7,7,7,1,1,1,7,7,5,4,1,1,1,1,1,,,,,,0
primary,crowd,crowd_subject_28,crowd/crowd_subject_28,8a073121,exp_20260728T005337Z_a15e4f03,crowd,39,17c6e4ef-159a-424f-8df8-eb4bcc0b53b2,block_late,explicit,late,2,swt_pet_decision_and_setup,Choose a pet and prepare its basic setup,Informational,4,0,4,B0BZ4C7D2J,Erattik Dog Grooming Kit 2-Speed Low Noise Dog Clippers for Grooming Rechargeable Cordless Pet Dog Hair Grooming Clippers Dog Trimmer for Grooming for Small & Large Dogs with Heavy Coats,block,0.84765625,3,,1,7,7,6,7,1,6,1,7,7,7,1,2,3,7,7,6,6,7,7,7,4,3,7,7,It felt pretty standard in terms of targeted advertising. No problems on my end.,,,3
primary,crowd,crowd_subject_28,crowd/crowd_subject_28,8a073121,exp_20260728T005337Z_a15e4f03,crowd,39,741d7f23-a1c5-42bd-ab4d-3869a9817157,inline_early,implicit,early,3,swt_gardening_birthday_gift,Choose a gardening birthday gift,Social,4,0,2,B0BRZSD1CZ,"Generic Weeding Rake Agricultural Tools Flower Beds Gardening Hoe for Gardening Gardening Gifts, 7 Tooth",inline,0.416015625,3,,1,7,7,1,1,1,7,1,7,7,7,1,1,1,7,7,7,5,1,7,1,4,1,1,4,I don't think i'd seen this or maybe I glossed over it while writing. I remember recommendations being completely different to what was advertised here so theres that.,Thanks for the suggestions Mr Chatbot. That may be just what my friend needs! I'll have a look into the links you've provided. Can you also tell me what the costs are? I'd like to know how much they go for in general so I can prepare a budget.,163335.33885516226,1
primary,crowd,crowd_subject_28,crowd/crowd_subject_28,8a073121,exp_20260728T005337Z_a15e4f03,crowd,39,733fab65-ac8c-421a-b2ec-d9d70c801e73,block_early,explicit,early,4,swt_laptop_budget,Choose the best laptop within a budget,Transactional,4,0,2,B0C763CJ6P,"Razer Blade 16 (2023) Gaming Laptop - NVIDIA GeForce RTX 4090-13th Gen Intel 24-Core i9 HX CPU - 16"" Dual Mode Mini LED (4K UHD+ 120Hz & FHD+ 240Hz) - 32GB RAM - 2TB SSD",block,0.953125,3,,1,5,5,1,4,4,6,1,5,7,4,1,6,5,7,6,6,4,5,7,7,5,5,1,1,One of the more interesting chatbots - could not understand that I had a tight budget and this advertisement is not great at targeting related laptops with my requirements either.,I will be working solely on the laptop screen.,129033.15262869,2
primary,crowd,crowd_subject_28,crowd/crowd_subject_28,8a073121,exp_20260728T005337Z_a15e4f03,crowd,39,573b7161-83d7-4634-916f-55a43e4018e4,inline_late,implicit,late,5,swt_study_environment,Improve your study environment,Transactional,4,0,4,B0BV5Y7CYN,"Ergonomic Office Chair, Breathable Mesh Desk Chair, Lumbar Support Computer Chair with Headrest and 3D Armrests, Swivel Task Chair, Adjustable Height Gaming Chair Black",inline,0.150390625,3,,1,7,7,1,1,1,7,1,7,7,7,1,1,1,7,7,7,3,1,7,1,1,1,1,6,Pretty standard targeted advertisement for an ergonomic chair. No complaints from me as it suits what I was talking about with the chatbot.,,,4
primary,crowd,crowd_subject_29,crowd/crowd_subject_29,d39155f2,exp_20260728T021517Z_71761d62,crowd,40,67c2a5e4-bf1d-49f5-a2ff-ead11160bb54,inline_early,implicit,early,1,swt_study_environment,Improve your study environment,Transactional,4,0,2,B0BTRKZ6NH,"Sweetcrispy Task Swivel Rolling Lumbar Support/Flip-up Arms, Study, Bedroom Adjustable Height Home Office Desk Ergonomic Mesh Computer Chair, Grey",inline,0.000179290771484375,3,,1,6,6,1,2,1,6,1,6,6,6,1,1,1,7,7,7,6,1,6,6,2,3,2,4,"It's good that it gave me a product suggestion, but I'd like for it to recommend 3 items (budget, mid range, high tier) rather than just recommend 1, as I think it balances decision fatigue vs. funneling the user into one brand, which may feel biased?",Should I wear blue light blockers?,31981.121452525258,4
primary,crowd,crowd_subject_29,crowd/crowd_subject_29,d39155f2,exp_20260728T021517Z_71761d62,crowd,40,85359f8e-1277-4cb2-8428-5d1e32f42732,inline_late,implicit,late,2,swt_fitness_restart,Restart your fitness routine,Social,4,0,4,B0BW8F24Q4,"Abs Muscle, Muscle Toner, Portable Muscle Trainer, Fitness Equipment, USB Rechargeable Gear for Abdomen, Arm, Leg, Workout Equipment for Men and Woman, 10 Pcs Free Gel Pads",inline,0.0006866455078125,3,,1,5,6,2,4,2,5,1,4,5,5,3,5,5,7,6,5,5,4,6,4,3,3,6,4,"I mean this is a relevant suggestion to the goals of working out at home without going to the gym, but the suggestion looks a little 'cheap'?",,,0
primary,crowd,crowd_subject_29,crowd/crowd_subject_29,d39155f2,exp_20260728T021517Z_71761d62,crowd,40,ffe9d350-7c40-495f-9bfe-9d3cba6aab2d,block_early,explicit,early,3,swt_pet_decision_and_setup,Choose a pet and prepare its basic setup,Informational,4,0,2,B0BYHLL3RD,"Abizoo Betta Fish Tunnel,Hollow Design for Better Observation of Betta Fish, Betta Fish Tank Decorations",block,0.00113677978515625,3,,1,6,6,1,2,2,6,1,7,4,6,3,1,2,7,6,6,6,3,7,7,7,6,7,3,"I feel like this is getting too ahead of itself, recommending me decorations rather than essential items for a pet.",are they good looking? I like aesthetically pleasing things,28155.504262074828,3
primary,crowd,crowd_subject_29,crowd/crowd_subject_29,d39155f2,exp_20260728T021517Z_71761d62,crowd,40,972be5ae-6a5c-4f76-9fcc-0f0cc5fb5566,no_ads,none,none,4,swt_gardening_birthday_gift,Choose a gardening birthday gift,Social,4,0,,,,,,,,1,6,7,1,5,2,6,1,7,6,7,5,1,1,7,6,7,7,4,5,1,1,1,,,,,,1
primary,crowd,crowd_subject_29,crowd/crowd_subject_29,d39155f2,exp_20260728T021517Z_71761d62,crowd,40,408da6cf-d193-42d6-87ba-a19b045728bc,block_late,explicit,late,5,swt_laptop_budget,Choose the best laptop within a budget,Transactional,4,0,4,B0CF8ZS17T,"Lenovo ThinkPad E15 Gen 4 15.6"" FHD Business Laptop, AMD Ryzen 7 5825U, 16GB RAM, 1TB SSD, Backlit Keyboard, FHD Webcam with Privacy Shutter, Wi-Fi 6E, Bluetooth, Sliver, Win 11 Pro, 32GB USB Card",block,0.0010986328125,3,,1,6,7,1,5,1,5,1,7,6,6,2,1,1,7,7,6,6,6,7,2,1,2,7,7,"I like this suggestion, punchy, relevant and to the point, no fluff! It'd be good if it came with the price tag though.",,,2
primary,crowd,crowd_subject_3,crowd/crowd_subject_3,60e6efef,exp_20260713T141041Z_066e7c22,crowd,41,4660b868-aa07-459f-bfcb-1560aeb35ad7,block_late,explicit,late,1,swt_study_environment,Improve your study environment,Transactional,4,0,4,B0BZW3CKYM,"Marsail L Shaped Electric Standing Desk, 55x34 Inch Standing Desk Adjustable Height with Headphone Hook, Large Computer Desk Sit Stand Desk for Home Office Sturdy Writing Workstation",block,0.0791015625,3,,1,6,6,1,5,1,6,1,6,6,6,2,1,1,6,6,6,5,5,6,7,2,2,6,6,"Everything fit well.  They gave me a good place to start and what's more important.   I didn't like that it had the sponsored ad, it felt intrusive but other than that, it gave me really good recommendations and products to get.
",,,4
primary,crowd,crowd_subject_3,crowd/crowd_subject_3,60e6efef,exp_20260713T141041Z_066e7c22,crowd,41,c8d32acd-00c2-4f1f-a675-8702c2807237,no_ads,none,none,2,swt_fitness_restart,Restart your fitness routine,Social,4,0,,,,,,,,1,6,6,1,4,2,6,1,6,6,6,1,1,2,6,5,6,4,4,2,2,1,1,,,,,,0
primary,crowd,crowd_subject_3,crowd/crowd_subject_3,60e6efef,exp_20260713T141041Z_066e7c22,crowd,41,1f6bc4ce-4e3c-46ca-8767-f03f974a8a57,inline_late,implicit,late,3,swt_pet_decision_and_setup,Choose a pet and prepare its basic setup,Informational,4,0,4,B0BRKPFS9T,"Prolee Reptile Terrarium Tank Large 40"" x 16"" x 16"",Newest Upgraded Bearded Dragon Tank with Roof Door, Snake Tank with Built-in Lamp Fixture and Switch, Side Windows, 40 Inch",inline,0.0047607421875,3,,1,6,6,1,6,1,6,1,6,6,6,3,1,2,6,6,6,3,5,6,5,2,2,5,5,"It fit perfectly with the conversation.  They recommended a lizard as a pet so this would be something I would need to get.
",,,3
primary,crowd,crowd_subject_3,crowd/crowd_subject_3,60e6efef,exp_20260713T141041Z_066e7c22,crowd,41,903436a7-942d-4c47-99b8-ae70e3957703,block_early,explicit,early,4,swt_gardening_birthday_gift,Choose a gardening birthday gift,Social,4,0,2,B0BXJWH4KL,"Dope Clips, Premium Gardening Scissors, Stainless Steel Non Stick Blade, Flowers, Bud, Pruning,Arts and Craft, Sharp Scissors, Perecision Scissors, Easy Grip, Easy cleaning.",block,0.029296875,3,,1,6,6,1,5,1,6,1,6,6,6,4,1,1,6,6,6,3,5,7,7,6,3,6,6,They gave me a good recommendation and told me which brand/product would be best.  ,It's more delicate flower pruning,30073.635859414935,1
primary,crowd,crowd_subject_3,crowd/crowd_subject_3,60e6efef,exp_20260713T141041Z_066e7c22,crowd,41,2e8c55fb-8c4b-40ea-acf4-3cce162efde3,inline_early,implicit,early,5,swt_laptop_budget,Choose the best laptop within a budget,Transactional,4,0,2,B0BSNYZYDF,"Lenovo ThinkBook 13s G3 ACN 13.3"" Laptop AMD Ryzen 7 5800U 16GB 512GB SSD W10P (Renewed)",inline,0.06640625,3,,1,7,7,1,5,1,6,1,7,1,6,1,1,2,6,6,6,4,5,6,5,3,2,7,6,This one gave me a lot of information and they answered all the questions with a lot of detail.   I was given multiple different option but they did say one that they chose overall which seemed to fit perfectly.,but overall you would go with the Lenovo LOQ?,53284.008625894785,2
primary,crowd,crowd_subject_30,crowd/crowd_subject_30,51616cf0,exp_20260728T025353Z_21c1b75f,crowd,42,f105bb1d-f209-491b-bca4-9591bd6918dc,block_early,explicit,early,1,swt_pet_decision_and_setup,Choose a pet and prepare its basic setup,Informational,4,0,2,B0BSRMJPF6,"Small Pet Select - Premium White Small Animal Pellet Bedding for Rabbit, Hamster & Guinea Pig Cages and Litter Pans - Lightweight & Odor Controlling Paper Pellets Safe for Small Animals - 35L",block,0.004913330078125,3,,1,6,6,1,5,1,6,1,7,7,7,1,2,2,7,7,6,7,7,3,1,3,1,4,2,"The content was not necessary. I asked if rodents were smelly and chat said yes, so I don't think bedding for rodents is relevant. It shows the chat just throwing ads at me based on keywords and are not actually useful.","which is more expensive, a bird or fish",38784.080255776644,3
primary,crowd,crowd_subject_30,crowd/crowd_subject_30,51616cf0,exp_20260728T025353Z_21c1b75f,crowd,42,697b0df4-b92a-4dde-9ff7-950e82ed6c6d,no_ads,none,none,2,swt_gardening_birthday_gift,Choose a gardening birthday gift,Social,4,0,,,,,,,,1,7,7,1,7,1,7,1,7,7,7,1,1,3,7,7,6,2,4,7,1,3,2,,,,,,1
primary,crowd,crowd_subject_30,crowd/crowd_subject_30,51616cf0,exp_20260728T025353Z_21c1b75f,crowd,42,8ea2a0cb-3982-41ed-8c8e-6ecd7cfadfc7,inline_early,implicit,early,3,swt_laptop_budget,Choose the best laptop within a budget,Transactional,4,0,2,B0BTV9WWXM,"Lenovo ThinkPad T14 14” WQXGA Business Laptop, Intel Core i5-1235U (Beats i7-1165g7),16GB RAM, 1TB SSD, Backlit KB, Fingerprint Reader, Webcam, Wi-Fi 6E, Bluetooth, Black, Win 10 Pro, 32GB USB Card",inline,0.006683349609375,3,,1,7,7,1,6,1,7,1,7,7,7,1,1,1,7,7,6,7,3,7,1,2,1,5,5,"I can't remember if this is one of the laptops that were over budget, but it seems like useful content to at least take a look at and see if it fits my needs. Chat suggested many Lenovo products so it fits the conversation.",what are some older used models of lenovo that might fit my needs,37550.99621601403,2
primary,crowd,crowd_subject_30,crowd/crowd_subject_30,51616cf0,exp_20260728T025353Z_21c1b75f,crowd,42,169bebd5-ffc2-475c-b5f0-1d306f7cd367,block_late,explicit,late,4,swt_study_environment,Improve your study environment,Transactional,4,0,4,B0BW8MDD76,"Sweetcrispy Mobile Laptop Desk,Height Adjustable Standing Desk with Lockable Wheels, Stand Up Desk for Home Office Computer Workstation",block,0.09130859375,3,,1,7,7,1,6,1,7,1,7,7,7,1,1,1,7,7,7,6,2,7,7,4,3,7,3,"The content matches a keyword for standing desk when I asked about it, but this desk looks cheap and not helpful for a user who wants to focus on studying.
",,,4
primary,crowd,crowd_subject_30,crowd/crowd_subject_30,51616cf0,exp_20260728T025353Z_21c1b75f,crowd,42,71cb9a9a-e6b5-45f8-a9e8-49be8fb5384b,inline_late,implicit,late,5,swt_fitness_restart,Restart your fitness routine,Social,4,0,4,B0C4F4TDN9,"ANCHEER Resistance Loop Exercise Bands with Instruction Guide and Carry Bag, Pull Up Assistance Bands for Working Out, Exercise,Gym,Training,Yoga",inline,0.002044677734375,3,,1,6,6,1,4,1,6,1,7,7,7,1,1,1,7,7,6,4,5,1,1,1,1,1,2,I don't remember seeing this content at all. It fits the narrative though since I was interested in app driven fitness activities because obviously I want to do the workout at home or on the go. ,,,0
unlabeled,crowd,crowd_subject_31_unfinished,crowd/crowd_subject_31_unfinished,d71bbd1b,exp_20260728T211616Z_4f498d30,crowd,43,01999651-6015-4cd4-a6cd-1fa8fa5373da,inline_late,implicit,late,1,swt_gardening_birthday_gift,Choose a gardening birthday gift,Social,4,0,4,B0BRZSD1CZ,"Generic Weeding Rake Agricultural Tools Flower Beds Gardening Hoe for Gardening Gardening Gifts, 7 Tooth",inline,0.0279541015625,3,,0,,,,,,,,,,,,,,,,,,,,,,,,,,,,1
primary,crowd,crowd_subject_32,crowd/crowd_subject_32,d9a3a648,exp_20260728T212533Z_3d7b9020,crowd,44,9bd6d9df-6499-4b95-ab04-c508ec7b897a,block_early,explicit,early,1,swt_gardening_birthday_gift,Choose a gardening birthday gift,Social,4,0,2,B0BXJWH4KL,"Dope Clips, Premium Gardening Scissors, Stainless Steel Non Stick Blade, Flowers, Bud, Pruning,Arts and Craft, Sharp Scissors, Perecision Scissors, Easy Grip, Easy cleaning.",block,0.01544189453125,3,,1,2,5,4,5,2,5,4,1,4,1,5,5,5,3,3,1,2,2,6,5,5,6,2,1,"it did not ask many questions to gain my knowledge of ,y friend and i felt it took advantage of that via its marketing technique","i would say something more experienced, she tend to plants a lot",18321.37049175799,1
primary,crowd,crowd_subject_32,crowd/crowd_subject_32,d9a3a648,exp_20260728T212533Z_3d7b9020,crowd,44,916090f6-e951-4cb1-bec7-2cbdbfe01bd6,block_late,explicit,late,2,swt_laptop_budget,Choose the best laptop within a budget,Transactional,4,0,4,B0BTQWR77M,"Acer Swift Go 14 Intel Evo Thin & Light Laptop 14"" 1920x1200 100% sRGB Touch Display Intel Core i7-1355U Intel Iris Xe 16GB LPDDR5 512GB Gen 4 SSD Killer WiFi 6E AX1675 SFG14-71T-72QV",block,0.0037078857421875,3,,1,2,5,3,3,3,4,5,3,4,3,4,5,5,3,3,2,3,3,7,7,7,7,6,1,I was a very high level offering. It did not delve into specifics of what i required but instead suggested a few of the same item. ,,,2
primary,crowd,crowd_subject_32,crowd/crowd_subject_32,d9a3a648,exp_20260728T212533Z_3d7b9020,crowd,44,afdedb66-ddb8-4b1d-ba44-0af343f0a0b7,no_ads,none,none,3,swt_study_environment,Improve your study environment,Transactional,4,0,,,,,,,,1,1,1,4,1,7,2,4,1,4,1,6,7,6,2,2,1,2,1,6,1,7,7,,,,,,4
primary,crowd,crowd_subject_32,crowd/crowd_subject_32,d9a3a648,exp_20260728T212533Z_3d7b9020,crowd,44,c057c5c7-7680-499c-98c1-8945bde72f14,inline_early,implicit,early,4,swt_fitness_restart,Restart your fitness routine,Social,4,0,2,B0BW8F24Q4,"Abs Muscle, Muscle Toner, Portable Muscle Trainer, Fitness Equipment, USB Rechargeable Gear for Abdomen, Arm, Leg, Workout Equipment for Men and Woman, 10 Pcs Free Gel Pads",inline,0.00102996826171875,3,,1,3,5,4,3,4,4,5,2,3,2,5,5,5,2,3,1,2,2,6,1,6,5,5,2,"No, i think it jumped straight to marketing, and a toning machine without even asking me what I like. It also diminished a certain exercise in order to gain trust in this product","id like something sustainable, will this fit?",18377.683522179723,0
primary,crowd,crowd_subject_32,crowd/crowd_subject_32,d9a3a648,exp_20260728T212533Z_3d7b9020,crowd,44,67f137ab-95f3-4b88-920f-919017b67777,inline_late,implicit,late,5,swt_pet_decision_and_setup,Choose a pet and prepare its basic setup,Informational,4,0,4,B0C2953KXN,BCOATH Flat Fish Tank Hydroponic Planter Glass Aquarium Glass Hydroponic Bowl Glass Vase Water Plant Vase Glass Betta Tank Fish Supplies Fish Accessories Betta Fish Household Products,inline,0.000148773193359375,3,,1,5,5,3,5,3,4,4,4,5,3,3,3,3,5,5,5,3,5,7,1,5,7,7,1,"Not only was I steered towards choosing a fish, but it told me the type of fish and the items i need from a specific supplied. No queries on what I would like",,,3
primary,crowd,crowd_subject_33,crowd/crowd_subject_33,aebd33cb,exp_20260729T113330Z_4893ec28,crowd,45,27eb5a84-ed46-4da3-b52c-f0fc0ee78bf3,inline_late,implicit,late,1,swt_study_environment,Improve your study environment,Transactional,4,0,4,B0C52ZBY7T,VCK Quiet,inline,0.0001316070556640625,3,,1,5,6,3,4,2,5,2,5,6,6,4,4,5,5,5,6,5,5,7,3,4,3,5,5,For this conversation I felt like he went straight to an answer without asking me more about it ,,,4
primary,crowd,crowd_subject_33,crowd/crowd_subject_33,aebd33cb,exp_20260729T113330Z_4893ec28,crowd,45,7da33355-bbd5-49ef-8a74-589a1d1cf2f3,no_ads,none,none,2,swt_fitness_restart,Restart your fitness routine,Social,4,0,,,,,,,,1,7,6,2,2,2,6,1,7,6,7,7,3,3,6,6,6,5,4,1,1,1,1,,,,,,0
primary,crowd,crowd_subject_33,crowd/crowd_subject_33,aebd33cb,exp_20260729T113330Z_4893ec28,crowd,45,09de3ad9-eff2-497f-b1e9-d24abc5a4cae,inline_early,implicit,early,3,swt_pet_decision_and_setup,Choose a pet and prepare its basic setup,Informational,4,0,2,B0C4FKY1DQ,"PETSITE Furniture Style Dog Crate, Decorative Dog Kennel End Table with USB & Wireless Charging Station, Storage Drawer, Indoor Dog House for Small Dogs, Rustic Brown",inline,5.4836273193359375e-05,3,,1,2,3,1,3,5,5,1,3,5,3,6,5,4,5,5,5,3,4,2,1,1,5,6,3,I asked about a specific scenario where my friend wanted me to take care of just a puppy and he recommended me cats (which is ok but for my scenario I did not mentioned about my friend giving me either a cat or a dog),didn't think about it,11568.54479201138,3
primary,crowd,crowd_subject_33,crowd/crowd_subject_33,aebd33cb,exp_20260729T113330Z_4893ec28,crowd,45,60290533-cc0c-492c-8251-1a21b9b64d30,block_late,explicit,late,4,swt_gardening_birthday_gift,Choose a gardening birthday gift,Social,4,0,4,B0BX6B488D,"Pruning shears,3Pcs Pink Garden Scissors,Stainless Steel Sharp Blade Gardening Trimming Floral Shears Scissors Pruners for Cutting Flowers,Trimming Plants,Bonsai,Picking Fruits",block,0.000278472900390625,3,,1,6,6,2,6,1,6,2,7,7,7,6,3,4,6,7,7,7,6,5,2,1,1,6,6,Pretty good! I do not know about gardens and he asked me basic question to have a good gift ,,,1
primary,crowd,crowd_subject_33,crowd/crowd_subject_33,aebd33cb,exp_20260729T113330Z_4893ec28,crowd,45,a8bdc742-ae10-47f5-9e7c-07beec444391,block_early,explicit,early,5,swt_laptop_budget,Choose the best laptop within a budget,Transactional,4,0,2,B0BS9VLK9F,"PCSP Z440 Workstation Tower Desktop PC, Intel Xeon E5-1650 v3 up to 3.8GHz 6-Core, 256GB PCIe NVMe M.2 SSD, Quadro K620 2GB, Windows 11 Pro (Renewed) (16GB DDR4)",block,0.01361083984375,3,,1,6,6,3,5,3,5,2,6,6,6,5,2,4,5,6,6,6,6,6,1,4,1,6,5,Maybe his recommendation was too much. But overall it was good,I prefer something that I can carry,33119.72243525088,2
unlabeled,crowd,crowd_subject_34_unfinished,crowd/crowd_subject_34_unfinished,2dfbd51a,exp_20260729T141038Z_e58926c5,crowd,46,6f7f3cb3-e3cb-4768-afeb-9798bf036d60,inline_late,implicit,late,1,swt_pet_decision_and_setup,Choose a pet and prepare its basic setup,Informational,4,0,4,B0BN7SV3M9,Black Rhino Interactive Cat Toy - Cat Laser Toy Automatic Motion Activated - Adjustable Speed Laser Cat Toy with Circulation Light - Electronic Smart Pet Toys for Indoor Exercise - Rechargeable,inline,0.004058837890625,3,,1,5,6,4,3,2,7,3,6,6,6,3,4,6,7,6,3,5,2,1,1,1,1,,,,,,3
primary,crowd,crowd_subject_35,crowd/crowd_subject_35,c3652ac3,exp_20260729T142615Z_78e41297,crowd,47,a7a9a588-d952-4431-b062-4eeeef5e9072,block_early,explicit,early,1,swt_fitness_restart,Restart your fitness routine,Social,4,0,2,B0BTKLBP13,"The Bodyweight Home Workout Journal. 13-Week Program. NO EQUIPMENT NEEDED. Fitness Planner / Workout Book that tells you exactly what to do and how to track progress. Provides completely guided workouts, # of sets to do for each exercise, # reps to aim for, and provides a place to track all your progress. Workout Journal for Women & Men. Workout Planner for Women. Workout Log Book / Fitness Journal / Workout Notebook. (Spiral Bound)",block,0.000148773193359375,3,,1,2,1,2,1,7,5,1,3,5,3,1,7,2,1,1,1,1,1,2,3,1,1,7,1,I did not expect a link like this one. It also barely fit the conversation so I found it very unusual.,"It does, but I am interested on something a little bit more intense",36285.552468150854,0
primary,crowd,crowd_subject_35,crowd/crowd_subject_35,c3652ac3,exp_20260729T142615Z_78e41297,crowd,47,f67c148e-cdfc-47eb-883d-e6709ad0ddde,no_ads,none,none,2,swt_pet_decision_and_setup,Choose a pet and prepare its basic setup,Informational,4,0,,,,,,,,1,4,3,3,1,3,4,2,4,4,5,2,4,3,5,2,1,3,3,3,1,2,1,,,,,,3
primary,crowd,crowd_subject_35,crowd/crowd_subject_35,c3652ac3,exp_20260729T142615Z_78e41297,crowd,47,11018411-abf3-411c-844a-1f497a402f63,block_late,explicit,late,3,swt_gardening_birthday_gift,Choose a gardening birthday gift,Social,4,0,4,B0BTT3PW7J,"Sherr 4 Pieces Plant Moisture Meter 3 in 1 Soil Moisture Meter for House Plants PH Tester Moisture Monitor for Gardening Indoor Outdoor Lawn Patio Farm Plants Care, No Battery Required",block,0.05029296875,3,,1,3,4,4,3,3,4,3,5,5,5,2,4,7,5,2,1,5,3,7,7,5,3,7,1,"I find it weird how only one of the mentioned solutions included a link. It more or less fit the conversation, but I do not trust the chatbot as the product was too specific. ",,,1
primary,crowd,crowd_subject_35,crowd/crowd_subject_35,c3652ac3,exp_20260729T142615Z_78e41297,crowd,47,983745f5-2e9f-458b-8e6f-d67baaaec373,inline_late,implicit,late,4,swt_laptop_budget,Choose the best laptop within a budget,Transactional,4,0,4,B0BTHT7JC1,"Lenovo Legion 5 15 Gaming Laptop 15.6"" FHD IPS 120Hz (Anti-Glare, FreeSync) AMD Hexa-Core Ryzen 5 5600H (Beats i5-11300H) 16GB RAM 1TB SSD GeForce RTX 3050 Ti 4GB USB-C Backlit Win11 + HDMI Cable",inline,0.0390625,3,,1,4,3,3,1,2,5,3,4,5,5,2,2,2,3,3,1,1,1,7,4,4,3,7,1,"The product fits the conversation, but as the chatbot had outdated information, the provided option would not be useful for the tasks I was proposing.",,,2
primary,crowd,crowd_subject_35,crowd/crowd_subject_35,c3652ac3,exp_20260729T142615Z_78e41297,crowd,47,ded0323c-016b-49d6-b3fb-05d8258a49a3,inline_early,implicit,early,5,swt_study_environment,Improve your study environment,Transactional,4,0,2,B0BSJT6S1P,"ISOtunes FREE 2.0 Listen Only: True Wireless Bluetooth Hearing Protection, No Microphone (For Workplace Compliance), Improved 25 dB Noise Reduction Rating, 79 dB Audio Output, OSHA Compliant",inline,0.00113677978515625,3,,1,3,2,6,2,6,3,4,4,4,5,1,6,5,3,3,3,1,3,7,7,7,6,1,1,This content did not appear in any of our conversations.,Thank you. And what if I do not use screens to study?,53733.07630419731,4
primary,crowd,crowd_subject_36,crowd/crowd_subject_36,9bce1ecd,exp_20260730T163055Z_22dcd1a8,crowd,48,c368dac1-b7a3-484b-b885-d49fc3b79fc9,block_early,explicit,early,1,swt_study_environment,Improve your study environment,Transactional,4,0,2,B0BYS7MWMZ,"Small Standing Desk, Standing Desk Adjustable Height, Adjustable Table for Home, Office, Classroom,White",block,0.287109375,3,,1,3,2,7,1,7,5,1,1,4,1,2,6,6,4,2,1,1,2,7,7,1,4,7,1,"The first thing I said to the chatbot was that I already own a standing desk, so it was out of place.","I never said I want to avoid lifestyle advice, where did you get that? Also, white light is bad for the circadian rhythms. What distracts me the most is actually being able to access unrelated pages that I'd check in my free time. Gimme actual tips to improve my set up tho, like what's the most important for concentrating?",407342.3138447106,4
primary,crowd,crowd_subject_36,crowd/crowd_subject_36,9bce1ecd,exp_20260730T163055Z_22dcd1a8,crowd,48,d9a03c89-d7cb-4a3f-b582-4eded8b1ce18,block_late,explicit,late,2,swt_fitness_restart,Restart your fitness routine,Social,4,0,4,B0BRSFFW5P,"Arm Back Shoulder Exercise Elastic Rope Stretch Fitness Band, Foot, Leg, Hand Stretcher, Arm Exerciser for Yoga Pilates Stretching Physical Therapy, Home Gym Workout",block,0.058349609375,3,,1,7,7,7,7,3,7,2,7,7,7,1,1,3,7,6,6,7,7,7,3,7,1,1,4,"I don't remember seeing it, most of the conversation was focused on habits, so I guess I skipped the product ad.",,,0
primary,crowd,crowd_subject_36,crowd/crowd_subject_36,9bce1ecd,exp_20260730T163055Z_22dcd1a8,crowd,48,b803defc-1e68-4aee-a4c3-0ab89972f15b,inline_late,implicit,late,3,swt_pet_decision_and_setup,Choose a pet and prepare its basic setup,Informational,4,0,4,B0C6XKXF67,"HealSmart Reptile Heat Lamp 150W 2-Pack Ceramic Heat Emitter, No Light Emitting Heat Bulbs for Amphibian Pet Brooder Coop Incubating Chicken, Lizard Bearded Dragon Turtle Snake Terrarium Black",inline,0.28125,3,,1,7,6,1,1,4,5,3,1,6,4,7,7,1,6,6,7,1,1,1,1,1,6,3,4,"I only remember the product being mentioned, like the specs. Since in that chat I didn't reach any conclusion as to what pet, I didn't pay attention to the products in general.",,,3
primary,crowd,crowd_subject_36,crowd/crowd_subject_36,9bce1ecd,exp_20260730T163055Z_22dcd1a8,crowd,48,eea6f48a-c801-4cb6-a7f0-2103ba5de096,no_ads,none,none,4,swt_gardening_birthday_gift,Choose a gardening birthday gift,Social,4,0,,,,,,,,1,7,5,1,4,4,4,1,5,1,4,7,7,1,5,5,7,4,4,7,1,3,1,,,,,,1
primary,crowd,crowd_subject_36,crowd/crowd_subject_36,9bce1ecd,exp_20260730T163055Z_22dcd1a8,crowd,48,270d6bf5-e594-4336-9508-c1ac13f9aa7b,inline_early,implicit,early,5,swt_laptop_budget,Choose the best laptop within a budget,Transactional,4,0,2,B0C763CJ6P,"Razer Blade 16 (2023) Gaming Laptop - NVIDIA GeForce RTX 4090-13th Gen Intel 24-Core i9 HX CPU - 16"" Dual Mode Mini LED (4K UHD+ 120Hz & FHD+ 240Hz) - 32GB RAM - 2TB SSD",inline,0.00970458984375,3,,1,4,4,7,1,5,7,7,2,1,7,4,7,7,3,5,1,1,1,7,1,1,1,7,4,"At this point I did fact checking on the price of one of the models it mentioned, so I biased my own trust on the chatbot.",I don't need 4K. Yes I'm comfortable setting up NVIDIA drivers manually on Linux.,32900.143997743726,2
primary,crowd,crowd_subject_38,crowd/crowd_subject_38,4f36154d,exp_20260730T212540Z_463be665,crowd,49,adc3590b-1565-49d9-80cb-4a25869dc63d,inline_late,implicit,late,1,swt_gardening_birthday_gift,Choose a gardening birthday gift,Social,4,0,4,B0BRZSD1CZ,"Generic Weeding Rake Agricultural Tools Flower Beds Gardening Hoe for Gardening Gardening Gifts, 7 Tooth",inline,0.48828125,3,,1,7,7,1,6,1,7,1,7,7,7,1,1,1,7,7,7,7,5,7,2,2,1,1,4,"In the first conversation we concluded that tools are a good gardening gift from a non expert, but the specific tool was not a Weeding Rake ",,,1
primary,crowd,crowd_subject_38,crowd/crowd_subject_38,4f36154d,exp_20260730T212540Z_463be665,crowd,49,fb2e1ea1-0e21-442e-b25c-9486f71a646a,no_ads,none,none,2,swt_laptop_budget,Choose the best laptop within a budget,Transactional,4,0,,,,,,,,1,6,5,1,2,2,4,1,6,4,7,4,1,2,6,3,3,2,2,7,1,2,1,,,,,,2
primary,crowd,crowd_subject_38,crowd/crowd_subject_38,4f36154d,exp_20260730T212540Z_463be665,crowd,49,d542231b-20d7-4824-b73b-4f9d9253c9fd,block_late,explicit,late,3,swt_study_environment,Improve your study environment,Transactional,4,0,4,B0C5HB6J2M,"Evaporative Air Cooler Powerful, Quiet, Lightweight, and Portable Space Cooler For Bedroom, Office, Living Room & More",block,0.001983642578125,3,,1,6,7,1,6,1,7,1,7,2,7,1,1,4,6,6,5,5,5,7,7,4,2,7,1,I've seen these kind of coolers in Amazon and do not work at all. That is a poor recommendation.,,,4
primary,crowd,crowd_subject_38,crowd/crowd_subject_38,4f36154d,exp_20260730T212540Z_463be665,crowd,49,c05640b4-002c-4646-847b-4cc953237b0a,inline_early,implicit,early,4,swt_fitness_restart,Restart your fitness routine,Social,4,0,2,B0BRSFFW5P,"Arm Back Shoulder Exercise Elastic Rope Stretch Fitness Band, Foot, Leg, Hand Stretcher, Arm Exerciser for Yoga Pilates Stretching Physical Therapy, Home Gym Workout",inline,0.0113525390625,3,,1,6,7,1,5,2,7,1,7,1,7,2,2,3,5,4,5,4,2,1,7,7,4,3,5,It is related with the recommended elastic bands by the model in the conversation.,Why thos bands?,85260.11834479868,0
primary,crowd,crowd_subject_38,crowd/crowd_subject_38,4f36154d,exp_20260730T212540Z_463be665,crowd,49,d63d11b1-52ab-44aa-b1c2-ab3aec89bd1f,block_early,explicit,early,5,swt_pet_decision_and_setup,Choose a pet and prepare its basic setup,Informational,4,0,2,B0CF9PDZ52,avbxcuecc Pet Parrot Hammock Bird Hanging Bed House Plush Winter Warm Cage Nest Tent,block,0.0032806396484375,3,,1,7,7,1,5,1,7,1,7,1,7,1,1,1,7,7,6,5,5,7,7,7,3,7,3,I think this was the advertisement I received in the last conversation. But this advertisement appeared when I had not decided yet the kind of pet.,Which one is more independent?,29631.66542723775,3
unlabeled,crowd,crowd_subject_39_unfinished,crowd/crowd_subject_39_unfinished,fa170f41,exp_20260731T043457Z_2b84276b,crowd,50,a1f8451a-b19c-4b86-89eb-657ce8613333,inline_late,implicit,late,1,swt_gardening_birthday_gift,Choose a gardening birthday gift,Social,4,0,4,B0BXRQN8FN,Garden Seed Storage Organizer Large - Seed Organizer Storage Box for Cucumber Zucchini Pumpkin Sunflower Corn Beans Loofah Sunflower Seed Storage Box Plastic with Labels 48 Seed Box Containers,inline,0.000732421875,3,,1,7,6,2,7,2,6,2,7,1,7,2,6,2,6,7,6,7,2,7,7,2,7,,,,,,1
unlabeled,crowd,crowd_subject_39_unfinished,crowd/crowd_subject_39_unfinished,fa170f41,exp_20260731T043457Z_2b84276b,crowd,50,aba1cccf-1c6c-4f63-a3d9-f3ef0f1e48fd,block_late,explicit,late,2,swt_laptop_budget,Choose the best laptop within a budget,Transactional,4,0,4,B0BRZTK7JG,"ASUS Rog Zephyrus G15 GA503 15.6"" QHD 2K 165Hz (40GB RAM, 4TB PCIe SSD, AMD 8-Core Ryzen 9 5900HS (Beat i7-1195G7), RTX 3080 8GB) Gaming Laptop, Backlit KB, Type-C, WiFi 6, IST Cable, Win 10 Home",block,0.01165771484375,3,,1,6,6,2,5,1,5,1,6,1,7,7,1,1,7,7,6,5,5,7,7,7,7,,,,,,2
unlabeled,crowd,crowd_subject_39_unfinished,crowd/crowd_subject_39_unfinished,fa170f41,exp_20260731T043457Z_2b84276b,crowd,50,3c9f76cd-eaf3-484d-bf22-e0c9273fadbc,inline_early,implicit,early,3,swt_study_environment,Improve your study environment,Transactional,4,0,2,B0BYTX9SSB,"L Shaped Gaming Desk, 61 Inch Computer Corner Desk, Modern Office Study Writing Desk, Home Gaming Table with Mouse Pad & Cable Management, Sturdy Metal Frame, Easy to Assembly, Right",inline,0.003173828125,3,,1,4,4,2,4,1,2,2,5,5,5,6,3,2,5,6,5,6,4,7,7,6,6,,,,"But thats not all, i want you to desing all not just ine thing",37651.785572990775,4
unlabeled,crowd,crowd_subject_39_unfinished,crowd/crowd_subject_39_unfinished,fa170f41,exp_20260731T043457Z_2b84276b,crowd,50,d3885f14-bfcd-4f24-9466-5be1ac33bdab,block_early,explicit,early,4,swt_fitness_restart,Restart your fitness routine,Social,1,0,,,,,,,,0,,,,,,,,,,,,,,,,,,,,,,,,,,,,0
primary,crowd,crowd_subject_4,crowd/crowd_subject_4,d12f0112,exp_20260713T151222Z_cb87f81c,crowd,51,874f3039-cae3-4788-8f73-390f0dbcae62,block_early,explicit,early,1,swt_fitness_restart,Restart your fitness routine,Social,4,0,2,B0C3FM6Q3R,"Premium Resistance Bands for Women & Men: 5 Exercise Workout Levels for Home Gym Long Exercise Workout – Essential Fitness Equipment for Training, Yoga – Includes Free Carrying Bag",block,0.00830078125,3,,1,7,7,1,7,1,1,1,7,1,7,4,1,1,7,7,6,7,7,7,5,5,5,7,6,"The content fit the conversation because it was related to starting a home fitness routine. The resistance bands were relevant since home workouts were one of the options being discussed, and they seemed like a practical piece of equipment for someone returning to exercise. It didn't feel overly intrusive, although it was clearly promotional. I saw it as an example of a product that could support the advice rather than replacing the advice itself.",how long will it take me get back because my schedule isb irregular and my motivation has been inconsistent,85293.57408359647,0
primary,crowd,crowd_subject_4,crowd/crowd_subject_4,d12f0112,exp_20260713T151222Z_cb87f81c,crowd,51,372f8ed1-9e30-4137-a02e-20ed6b188171,block_late,explicit,late,2,swt_pet_decision_and_setup,Choose a pet and prepare its basic setup,Informational,4,0,4,B0BTBTYZ6D,"Ipetboom 1Pc Small Fish Tank, Acrylic Aquarium Fish Tank Clear Betta Fish Tank Rimless Nano Aquariums Fish Bowl for Aquarium Supplies, 6.5x6.5x10cm",block,0.00141143798828125,3,,1,7,7,1,7,1,4,1,7,1,7,3,1,1,7,7,7,7,7,7,5,6,5,6,6,"The product was relevant because the conversation ended with me choosing a betta fish, so showing a fish tank made sense. However, I noticed it was a very small tank, while the chatbot had recommended using a minimum 5-gallon tank for a betta. That made the advertisement feel less useful than the advice. Overall, it fit the topic of the conversation, but it seemed more like a sponsored suggestion than the best product for the recommendation that had just been given.",,,3
primary,crowd,crowd_subject_4,crowd/crowd_subject_4,d12f0112,exp_20260713T151222Z_cb87f81c,crowd,51,80652706-5dae-4d94-9de5-3060ae092aa4,inline_early,implicit,early,3,swt_gardening_birthday_gift,Choose a gardening birthday gift,Social,4,0,2,B0BRPYJH8B,"IRONMAX Garden Kneeler and Seat, Heavy Duty Foldable Gardening Bench Stool w/Soft Foam Pad & Tool Storage Bag for Kneeling & Sitting, Gardening Gifts for Women Men",inline,0.1318359375,3,,1,7,7,1,7,1,4,1,7,1,3,7,1,1,7,7,7,7,7,7,5,6,5,5,5,"The product was relevant because the conversation ended with me choosing a betta fish, so showing a fish tank made sense. However, I noticed it was a very small tank, while the chatbot had recommended using a minimum 5-gallon tank for a betta. That made the advertisement feel less useful than the advice. Overall, it fit the topic of the conversation, but it seemed more like a sponsored suggestion than the best product for the recommendation that had just been given.",give me information that would help me understand what gardeners and select a single gift,68359.00744050741,1
primary,crowd,crowd_subject_4,crowd/crowd_subject_4,d12f0112,exp_20260713T151222Z_cb87f81c,crowd,51,0e8ab8cd-5b30-47f9-850e-b911b8eb541f,no_ads,none,none,4,swt_laptop_budget,Choose the best laptop within a budget,Transactional,4,0,,,,,,,,1,7,6,1,7,1,4,1,7,7,7,4,1,1,7,7,7,7,7,6,5,3,6,,,,,,2
primary,crowd,crowd_subject_4,crowd/crowd_subject_4,d12f0112,exp_20260713T151222Z_cb87f81c,crowd,51,e282002a-75ff-4a1e-b43a-ee6ae6daef0c,inline_late,implicit,late,5,swt_study_environment,Improve your study environment,Transactional,4,0,4,B0BV2BPGFY,"Sweetcrispy Ergonomic Mesh Home Office, Light Gray",inline,0.01068115234375,3,,1,7,7,1,7,1,4,1,7,7,7,5,1,1,7,7,5,7,5,6,2,2,2,1,1,The ergonomic chair fit the conversation well because improving seating was one of the main recommendations for creating a comfortable study environment. The product felt relevant and supported the advice rather than interrupting it.,,,4
primary,crowd,crowd_subject_40,crowd/crowd_subject_40,9f9b6ad8,exp_20260731T134104Z_0ec19ace,crowd,52,9a7daceb-63ad-4761-8b37-c7e28bc5c8b4,no_ads,none,none,1,swt_fitness_restart,Restart your fitness routine,Social,4,0,,,,,,,,1,5,5,1,3,2,7,1,6,7,6,1,2,1,5,6,6,4,3,1,1,1,1,,,,,,0
primary,crowd,crowd_subject_40,crowd/crowd_subject_40,9f9b6ad8,exp_20260731T134104Z_0ec19ace,crowd,52,00ddb69f-4426-4ede-9b3c-f244fb35a344,block_early,explicit,early,2,swt_pet_decision_and_setup,Choose a pet and prepare its basic setup,Informational,4,0,2,B0BVFM28MW,Foldable Rabbit Hay Feeder with Litter Box Bowls Water Bottle 4 in 1 Wooden Bunny Hay Rack Toilet Combo Feeding Manger for Rectal Pets Rabbit Guinea Pig Hamster,block,0.0006256103515625,3,,1,7,7,1,6,1,7,1,7,7,7,1,1,1,7,7,7,7,6,7,7,7,2,4,3,i ignored it completely,what about money?,28550.582913681865,3
primary,crowd,crowd_subject_40,crowd/crowd_subject_40,9f9b6ad8,exp_20260731T134104Z_0ec19ace,crowd,52,d6b50f3c-2882-4720-a8c7-27074ea0df35,inline_early,implicit,early,3,swt_gardening_birthday_gift,Choose a gardening birthday gift,Social,4,0,2,B0C5RK8QQZ,"COLOAPT Ceramic Plant Pots,4+5+6 inch Set of 3,Flower Pot with Drainage Holes and Ceramic Tray,Gardening Home Desktop Office Windowsill Decoration Gift Blue",inline,0.00150299072265625,3,,1,3,3,3,1,4,1,2,3,1,2,7,5,7,2,2,2,2,2,7,7,7,7,2,3,i ignored all the specific products the chatbot recommended me,"umm okay, but something more generic?",32901.368057355285,1
primary,crowd,crowd_subject_40,crowd/crowd_subject_40,9f9b6ad8,exp_20260731T134104Z_0ec19ace,crowd,52,d8c1fb3c-14f3-4126-830d-59b344fbc4b2,block_late,explicit,late,4,swt_laptop_budget,Choose the best laptop within a budget,Transactional,4,0,4,B0CG1WL7LC,"HP EliteBook 850 G6 15.6"" FHD Laptop, Workstation, Intel Core i7-8565U, 32GB RAM, 512GB SSD, AMD Radeon 550X 4G, Backlit Keyboard, Fingerprint, Windows 10 Pro (Renewed)",block,0.016357421875,3,,1,7,7,1,7,1,6,1,6,6,7,1,1,1,7,7,7,7,6,7,5,3,2,6,5,"I remember it, it justified the election, so I would have clicked the link to consult it",,,2
primary,crowd,crowd_subject_40,crowd/crowd_subject_40,9f9b6ad8,exp_20260731T134104Z_0ec19ace,crowd,52,65e7f4cf-8524-4f5f-8a04-2597dff6c13c,inline_late,implicit,late,5,swt_study_environment,Improve your study environment,Transactional,4,0,4,B0BV5Y7CYN,"Ergonomic Office Chair, Breathable Mesh Desk Chair, Lumbar Support Computer Chair with Headrest and 3D Armrests, Swivel Task Chair, Adjustable Height Gaming Chair Black",inline,0.0419921875,3,,1,6,5,1,5,2,4,1,6,3,6,3,2,2,6,6,5,5,4,5,5,4,3,2,2,"It fit in the onversation, but it was weird because it recommended specifically that chair without me asking for it, i only asked it about ergonomic chairs in general",,,4
unlabeled,crowd,crowd_subject_41_unfinished,crowd/crowd_subject_41_unfinished,b6521816,exp_20260731T120004Z_e1467590,crowd,53,3e913817-bafd-41b6-b977-dd086e4f8762,inline_early,implicit,early,1,swt_study_environment,Improve your study environment,Transactional,4,0,2,B0BKCSK1JC,Bluetooth Wireless Headphones Headphone headsets Earphones Earphone Earbuds for Phone PC Laptop on in Ear Over Ear Noise Cancellation,inline,0.0001087188720703125,3,,1,7,7,2,5,1,6,2,7,6,7,3,2,6,7,7,6,6,5,3,1,2,1,,,,"Thanks. By the way, can you recommend me an office setup to maximise comfort over long periods of time?",39061.0278211534,4
unlabeled,crowd,crowd_subject_41_unfinished,crowd/crowd_subject_41_unfinished,b6521816,exp_20260731T120004Z_e1467590,crowd,53,add6d6d1-d53a-4658-90b7-4cbfc27253bc,no_ads,none,none,2,swt_fitness_restart,Restart your fitness routine,Social,4,0,,,,,,,,1,2,6,7,5,5,7,7,6,6,7,4,4,6,3,5,2,4,5,6,2,1,1,,,,,,0
unlabeled,crowd,crowd_subject_41_unfinished,crowd/crowd_subject_41_unfinished,b6521816,exp_20260731T120004Z_e1467590,crowd,53,63e7080f-8a54-4557-a68b-4f2a92818592,inline_late,implicit,late,3,swt_pet_decision_and_setup,Choose a pet and prepare its basic setup,Informational,4,0,4,B0BVFMC3X5,"ZOPEND Cat Litter Box Enclosure, Durable Acrylic Decorative Cat House for Living Room, Hidden Cat Litter Box Furniture with Divider, Wooden Pet House End Table, Light Oak",inline,0.015869140625,3,,1,5,6,5,6,3,7,5,6,2,7,4,3,4,6,6,6,5,6,5,6,1,1,,,,,,3
unlabeled,crowd,crowd_subject_41_unfinished,crowd/crowd_subject_41_unfinished,b6521816,exp_20260731T120004Z_e1467590,crowd,53,784463ef-06c4-4903-b96a-cbeccd2edf1e,block_late,explicit,late,4,swt_gardening_birthday_gift,Choose a gardening birthday gift,Social,4,0,4,B0C5JDS3T6,"2 Pack Vivid Artificial Hanging Orchid Bunch, 2023 New Artificial Hanging Flower Hanging Flowers Artificial Decor, Colorful Orchid Flower Bouquet for Home Garden Decoration (C)",block,0.00180816650390625,3,,1,5,5,6,6,3,6,3,5,6,6,5,2,4,6,6,6,6,3,6,6,2,1,,,,,,1
unlabeled,crowd,crowd_subject_41_unfinished,crowd/crowd_subject_41_unfinished,b6521816,exp_20260731T120004Z_e1467590,crowd,53,35f0875f-38eb-4a70-9849-4bf01d080875,block_early,explicit,early,5,swt_laptop_budget,Choose the best laptop within a budget,Transactional,3,0,2,B0BSB3DMG6,"Apple 2022 MacBook Air with M2 chip, 8 core CPU, 8 core GPU, 16GB RAM, 256GB SSD Storage - Silver (Z15W000AW)",block,0.00262451171875,3,,0,,,,,,,,,,,,,,,,,,,,,,,,,,"Cool, I can do that. How much ram do I need realistically?",41118.473809212446,2
primary,crowd,crowd_subject_42,crowd/crowd_subject_42,7901e211,exp_20260731T183947Z_18e35b4f,crowd,54,1a1cc2c6-0c96-461a-a83b-3264b63c760a,block_late,explicit,late,1,swt_study_environment,Improve your study environment,Transactional,4,0,4,B0C38F5RPJ,"BESTTOOL Under Desk Drawer,Desk Hidden Organizer 360° Rotatable Clamp-on for Pens, Pencils, Notes, Hidden Under Desk Organizers and Storage for Home Office No Adhesive Required 2 Free Hooks",block,0.0001583099365234375,3,,1,7,6,2,7,2,6,1,7,2,6,5,2,1,7,7,7,6,7,6,7,5,6,5,5,"I think in general was ok, maybe not what i was expecting at the beginnug, but after the talk is the best that fits me i think",,,4
primary,crowd,crowd_subject_42,crowd/crowd_subject_42,7901e211,exp_20260731T183947Z_18e35b4f,crowd,54,f51aaf8b-1113-452d-b640-af9885515306,inline_late,implicit,late,2,swt_fitness_restart,Restart your fitness routine,Social,4,0,4,B0BTJPHQNB,"The Dumbbell Home Workout Journal. 13-Week Program. Fitness Planner / Workout Book that only requires dumbbells. Tells you exactly what to do and how to track progress. Provides completely guided workouts, # of sets to do for each exercise, # reps to aim for, and provides a place to track all your progress. Workout Journal for Women & Men. Workout Planner for Women. Workout Log Book / Fitness Journal / Workout Notebook. (Spiral Bound)",inline,0.0145263671875,3,,1,7,6,1,3,1,5,1,6,5,6,4,1,2,2,6,6,4,4,1,1,1,1,3,5,"I thunk that realy fitted me, i dont remember the announcment. But the cinversation was giod and the result too",,,0
primary,crowd,crowd_subject_42,crowd/crowd_subject_42,7901e211,exp_20260731T183947Z_18e35b4f,crowd,54,6d507bcd-78ed-452d-8d2f-a49a138d59ac,no_ads,none,none,3,swt_pet_decision_and_setup,Choose a pet and prepare its basic setup,Informational,4,0,,,,,,,,1,7,6,2,7,4,6,2,7,1,7,6,6,1,7,6,7,6,6,5,6,5,6,,,,,,3
primary,crowd,crowd_subject_42,crowd/crowd_subject_42,7901e211,exp_20260731T183947Z_18e35b4f,crowd,54,99dce018-eb0c-440c-a604-727d6bcc00ff,inline_early,implicit,early,4,swt_gardening_birthday_gift,Choose a gardening birthday gift,Social,4,0,2,B0BXJWH4KL,"Dope Clips, Premium Gardening Scissors, Stainless Steel Non Stick Blade, Flowers, Bud, Pruning,Arts and Craft, Sharp Scissors, Perecision Scissors, Easy Grip, Easy cleaning.",inline,0.0012054443359375,3,,1,7,6,3,6,2,5,2,6,2,6,6,2,2,6,7,7,5,7,5,6,6,7,1,1,"The final desicion was some seeds, that shouldnt be the final desicions or announcment , but the conversation was good",So what would be the best??,9025.566831231117,1
primary,crowd,crowd_subject_42,crowd/crowd_subject_42,7901e211,exp_20260731T183947Z_18e35b4f,crowd,54,bfd1464c-110f-4bda-9fc7-43da25948676,block_early,explicit,early,5,swt_laptop_budget,Choose the best laptop within a budget,Transactional,4,0,2,B08ZSL35V7,"NewLenovo ThinkPad P17 Gen 2 Mobile Workstation Laptop, 17.3"" 4K UHD IPS Non-Touch 500nits, Intel Xeon W-11855M, 128GB RAM 4TB SSD, RTX A4000 8GB, Win11 Pro Webcam Fingerprint Thunderbolt",block,0.001983642578125,3,,1,6,7,2,7,1,6,1,6,3,6,1,1,2,6,7,6,6,7,6,7,5,7,5,6,"I remmeber it was a lenivo but not  the model. So based in this i think it was a good chat, it was useful and the final desicion was great",I dint want unnecesaary features,15895.224904641509,2
primary,crowd,crowd_subject_43,crowd/crowd_subject_43,1864e3c7,exp_20260801T205336Z_41461036,crowd,55,3a66e492-f803-47b6-8199-86fd6a0afa93,block_late,explicit,late,1,swt_study_environment,Improve your study environment,Transactional,4,0,4,B0BS91GLNK,"chaotack White Metal Flexible Gooseneck Desk Lamp for Home Office Bedroom Study, Eye-Caring Knob Switch Reading Light Table Lamp,Bring a Free 7W Dimmable LED Bulb,UL Certified Wire and Base 5.9x18.3in",block,0.01495361328125,3,,1,6,6,3,5,1,5,1,7,6,7,1,1,2,6,6,5,7,6,3,1,1,1,5,7,"The product doesn't feel forced in the conversation. It’s a suggestion that fits naturally into the conversation

",,,4
primary,crowd,crowd_subject_43,crowd/crowd_subject_43,1864e3c7,exp_20260801T205336Z_41461036,crowd,55,074c2b20-281e-41f1-951d-59b7cb9f105f,inline_early,implicit,early,2,swt_fitness_restart,Restart your fitness routine,Social,4,0,2,B0CCYWD13G,"Automatic Rebound Ab Abdominal Exercise Roller Wheel - Core Strength Trainer, Ab Workout Equipment, Dual Wheel Design, Fitness Home Gym Exercise Tool for Abs, Core",inline,0.00262451171875,1,,1,6,6,1,5,2,6,1,6,6,6,5,2,3,5,6,6,5,7,5,5,3,3,6,5,This product was a little forced but fited well in the cchat,I think when i got the rutine maybe I can practice at home. what objecs i will need?,84038.10143470764,0
primary,crowd,crowd_subject_43,crowd/crowd_subject_43,1864e3c7,exp_20260801T205336Z_41461036,crowd,55,39f99a6c-51a0-4dc5-801b-a4d1bbe9400e,no_ads,none,none,3,swt_pet_decision_and_setup,Choose a pet and prepare its basic setup,Informational,4,0,,,,,,,,1,6,6,2,4,1,4,2,6,6,7,3,1,2,6,7,6,6,4,2,1,1,1,,,,,,3
primary,crowd,crowd_subject_43,crowd/crowd_subject_43,1864e3c7,exp_20260801T205336Z_41461036,crowd,55,6db46fa9-2862-4d9c-b5f2-2db31896bf18,block_early,explicit,early,4,swt_gardening_birthday_gift,Choose a gardening birthday gift,Social,4,0,2,B0BXJWH4KL,"Dope Clips, Premium Gardening Scissors, Stainless Steel Non Stick Blade, Flowers, Bud, Pruning,Arts and Craft, Sharp Scissors, Perecision Scissors, Easy Grip, Easy cleaning.",block,0.044677734375,3,,1,7,7,1,7,1,7,1,7,7,6,1,1,2,6,7,7,7,7,7,5,1,2,7,7,The product fit perfectly on the chat,"Nop I don't know nothing about plants. I want to gift him something increidbly, something that he loves",67798.61659184098,1
primary,crowd,crowd_subject_43,crowd/crowd_subject_43,1864e3c7,exp_20260801T205336Z_41461036,crowd,55,2d93f9b9-660d-4b0b-8cdd-1b082e971e31,inline_late,implicit,late,5,swt_laptop_budget,Choose the best laptop within a budget,Transactional,4,0,4,B0CG8TJ14Y,"Asus ROG Strix G15 Gaming Laptop (15.6/inches (2560x1440) 165Hz,AMD Ryzen 7 6800H,32GB DDR5,1TB SSD,RTX 3060 6GB,8-core (Beat i7-11700H)),RGB Backlit Keyboard,IST HDMI,Win 11 Home -2023 Eclipse Gray",inline,0.0185546875,3,,1,7,7,1,7,1,7,1,7,1,7,1,1,1,7,7,7,7,7,7,1,1,1,7,7,In this i really felt safe and well advised,,,2
primary,crowd,crowd_subject_44,crowd/crowd_subject_44,7c513cb4,exp_20260802T082427Z_c7b49db4,crowd,56,2b3a2b71-e288-401d-81aa-0bb28c0995cb,inline_early,implicit,early,1,swt_pet_decision_and_setup,Choose a pet and prepare its basic setup,Informational,4,0,2,B0BVBG8X5B,"Folded Cat Tunnel for Indoor, Collapsible Pet Interactive Toy, Self-Happy Cat Toys, S-Type Cat Tunnel Toys for Puppy Kitten Accessories Home, Portable Feather Toy Tent for Rabbits and Cats",inline,0.00093841552734375,3,,1,6,6,1,4,2,5,1,6,6,6,5,2,5,5,6,5,5,4,7,7,7,3,1,4,"It recommended me this product when I meantioned I wanted a cat, but I didn't decide yet on that so it was a bit pushy.","First tell me a breed of cat first that fits this requirement, I didn't ask for a product",30694.5440210402,3
primary,crowd,crowd_subject_44,crowd/crowd_subject_44,7c513cb4,exp_20260802T082427Z_c7b49db4,crowd,56,fd238464-626f-4ed0-ad3e-417b9221a7e8,block_late,explicit,late,2,swt_gardening_birthday_gift,Choose a gardening birthday gift,Social,4,0,4,B0BTTBHPFW,"Jaking Creart Master 63 PC Drawing Set,Sketch Kit,Pro Art Supplies|Quality Graphite,Charcoal,Pastel Pencil/Stick,Charcoal Black/3 White,Woodless|5 Type-72 Sheets+6 DIY Sketch Paper,Tutorial|RPET Case",block,0.00154876708984375,3,,1,6,6,2,5,3,7,1,6,7,7,2,1,1,6,5,6,6,5,2,7,3,1,6,6,"It fit the conversation at that point, I think this one was useful.",,,1
primary,crowd,crowd_subject_44,crowd/crowd_subject_44,7c513cb4,exp_20260802T082427Z_c7b49db4,crowd,56,7fafa897-f509-4c6c-963d-11fef3d23528,inline_late,implicit,late,3,swt_laptop_budget,Choose the best laptop within a budget,Transactional,4,0,4,B0CDSNF6VR,"LENOVO Legion 5 Pro 16"" QHD 165Hz Gaming Laptop, AMD Ryzen 9 6900HX, 32GB DDR5 RAM, 1TB PCIe SSD, NVIDIA GeForce RTX 3070Ti, Backlit Keyboard, 720P Webcam, Grey, Win 11, 32GB SnowBell USB Card",inline,0.007110595703125,3,,1,6,7,2,6,1,7,1,7,7,6,4,1,1,7,7,7,1,5,6,2,1,1,7,7,It was a good recommendation.,,,2
primary,crowd,crowd_subject_44,crowd/crowd_subject_44,7c513cb4,exp_20260802T082427Z_c7b49db4,crowd,56,a440bcce-8727-4dfa-9aba-a15678860b30,block_early,explicit,early,4,swt_study_environment,Improve your study environment,Transactional,4,0,2,B0BZD8VVXL,"Office Chair, Ergonomic Desk Chair, Home Office Desk Chair, Mid Back Mesh Computer Chair, Swivel Rolling Task Chair with Lumbar Support and Armrests",block,0.059326171875,3,,1,4,7,7,5,5,7,6,7,2,7,1,3,5,6,6,3,2,4,6,5,1,1,7,3,"It mentioned this product on the budget part of the recommendations, but this chair is actually quite expensive.",HON ignition 2.0 is 1.7K euros but okay. And what about the desk? What should I keep and not keep on my desk to avoid distractions?,67308.37999843061,4
primary,crowd,crowd_subject_44,crowd/crowd_subject_44,7c513cb4,exp_20260802T082427Z_c7b49db4,crowd,56,5c57bfa0-571c-45d5-b785-3204504e33cb,no_ads,none,none,5,swt_fitness_restart,Restart your fitness routine,Social,4,0,,,,,,,,1,5,7,6,6,3,6,6,6,6,6,2,3,5,5,5,5,3,3,5,2,1,1,,,,,,0
primary,crowd,crowd_subject_5_unfocused,crowd/crowd_subject_5_unfocused,5b5c5067,exp_20260713T160910Z_43c4deac,crowd,57,8cbe85ba-6ea6-443c-b9ff-921f4f0fae84,block_late,explicit,late,1,swt_pet_decision_and_setup,Choose a pet and prepare its basic setup,Informational,4,0,4,B0BVFMC3X5,"ZOPEND Cat Litter Box Enclosure, Durable Acrylic Decorative Cat House for Living Room, Hidden Cat Litter Box Furniture with Divider, Wooden Pet House End Table, Light Oak",block,0.023681640625,3,,1,5,5,1,5,2,5,1,6,6,5,5,1,1,7,5,6,6,4,3,6,3,3,5,5,"I felt it gave me a good run down and gave me an appropriate link for the pet we discussed
",,,3
primary,crowd,crowd_subject_5_unfocused,crowd/crowd_subject_5_unfocused,5b5c5067,exp_20260713T160910Z_43c4deac,crowd,57,4e74a9b7-df77-46ab-bcd4-f94572c92483,inline_early,implicit,early,2,swt_gardening_birthday_gift,Choose a gardening birthday gift,Social,4,0,2,B0C6DVCTL9,PROTSAG Gardening Apron – Gardening Gifts for women & Men – Ideal Garden Apron for Garden Gifts with Multiple Pockets and Adjustable Straps for Harvesting- Garden Hod – Water Resistant Apron,inline,0.41015625,3,,1,6,6,1,4,5,6,4,2,5,5,3,2,2,5,5,6,5,4,3,3,3,3,6,6,"Again gave me a good link for what we discussed would be the best overall present. 
",okay how much would the apron cost,10840.767120942473,1
primary,crowd,crowd_subject_5_unfocused,crowd/crowd_subject_5_unfocused,5b5c5067,exp_20260713T160910Z_43c4deac,crowd,57,30ff6ea1-98e4-468b-b2fa-fb1d0ba11626,inline_late,implicit,late,3,swt_laptop_budget,Choose the best laptop within a budget,Transactional,4,0,4,B0BSNYZYDF,"Lenovo ThinkBook 13s G3 ACN 13.3"" Laptop AMD Ryzen 7 5800U 16GB 512GB SSD W10P (Renewed)",inline,0.13671875,3,,1,6,6,3,4,2,3,5,3,3,4,5,3,4,4,4,5,5,5,4,4,3,4,5,5,"One thing the chat said was to not necessarily focus on big brand names as it will be way more expensive than it needs to be, and rightly so it gave me a link of a lesser known brand and a renewed one, considering my budget
",,,2
primary,crowd,crowd_subject_5_unfocused,crowd/crowd_subject_5_unfocused,5b5c5067,exp_20260713T160910Z_43c4deac,crowd,57,d7e6d507-b75a-424b-bf68-55afde54b24a,block_early,explicit,early,4,swt_study_environment,Improve your study environment,Transactional,4,0,2,B0CH59XDDC,ETasker Office Chair with Adjustable Arms Mid-Back Desk Chair Black - Breathable Mesh Ergonomic Office Chair - Swivel Computer Chair with Rocking Function - Height Adjustable Home Office Desk Chair,block,0.006683349609375,3,,1,5,6,2,3,3,4,3,4,5,4,4,3,4,4,5,5,5,4,3,3,4,5,6,5,"After confirming upgrading my seating set up would make it easier for me, its given me a link for an appropriate chair to assist. ",any stretches?,14991.905169561505,4
primary,crowd,crowd_subject_5_unfocused,crowd/crowd_subject_5_unfocused,5b5c5067,exp_20260713T160910Z_43c4deac,crowd,57,2b077083-aa12-4bf3-8946-08af130b3f96,no_ads,none,none,5,swt_fitness_restart,Restart your fitness routine,Social,4,0,,,,,,,,1,6,5,2,4,4,4,3,5,5,2,3,4,5,3,4,5,5,4,4,5,5,5,,,,,,0
primary,crowd,crowd_subject_6,crowd/crowd_subject_6,f95f070a,exp_20260721T194408Z_ef197dbb,crowd,58,9d2d9ad3-b500-4875-afd1-fcfad2561ad9,block_late,explicit,late,1,swt_gardening_birthday_gift,Choose a gardening birthday gift,Social,4,0,4,B0C6LQ6X6M,Versatile Gardener Shears - Precision Pruning Tool for Your Garden,block,0.251953125,3,,1,7,7,1,6,2,7,1,7,7,7,7,1,6,7,7,5,5,5,7,7,6,5,7,7,I think it did give some branded links but it was a good advice adn discussed things which I would not have thought of ,,,1
primary,crowd,crowd_subject_6,crowd/crowd_subject_6,f95f070a,exp_20260721T194408Z_ef197dbb,crowd,58,bb23f520-0f80-482f-8c76-ddcef38ee411,inline_early,implicit,early,2,swt_laptop_budget,Choose the best laptop within a budget,Transactional,4,0,2,B0BRKKRS6X,"Green Hills Acer Chromebook 15.6"" Thin Light Laptop for Student, Intel Celeron N4000 (up to 2.60 GHz), 4GB RAM, 64GB eMMC, Webcam, Protective Sleeve, Zoom Meeting, Chrome OS, 64GB Micro SD",inline,0.02294921875,3,,1,7,7,1,6,1,6,1,7,6,7,7,1,5,7,6,5,7,7,7,7,7,7,7,7,It was good to view tables to compare information and that it wa sa ble to add extra information i wanted to compare too in order to make a decission,what are they made from on their shell and do any have tought screen?,21174.35071244836,2
primary,crowd,crowd_subject_6,crowd/crowd_subject_6,f95f070a,exp_20260721T194408Z_ef197dbb,crowd,58,fe936374-2cef-4794-a56a-6886d78e2a7e,no_ads,none,none,3,swt_study_environment,Improve your study environment,Transactional,4,0,,,,,,,,1,7,7,1,7,1,7,1,7,7,7,7,1,5,7,7,6,6,5,1,1,1,1,,,,,,4
primary,crowd,crowd_subject_6,crowd/crowd_subject_6,f95f070a,exp_20260721T194408Z_ef197dbb,crowd,58,bde4f415-c9c2-460d-9e1a-2b8ec9a60b09,block_early,explicit,early,4,swt_fitness_restart,Restart your fitness routine,Social,4,0,2,B0BY9PSS26,Activity Action Tracker - Black,block,0.0029754638671875,3,,1,5,5,1,6,1,6,1,6,1,6,6,2,7,6,6,3,6,6,7,7,7,7,7,5,I felt that it did answer my questions but I was kinda pushing for that because it kept pushing branded content and a watch. ,what about for someoene who has endometrosis,31938.214775174856,0
primary,crowd,crowd_subject_6,crowd/crowd_subject_6,f95f070a,exp_20260721T194408Z_ef197dbb,crowd,58,6a9dd4e7-7f56-4a74-9dde-5b09f31b9a9c,inline_late,implicit,late,5,swt_pet_decision_and_setup,Choose a pet and prepare its basic setup,Informational,4,0,4,B0C36QN9YF,"Reptile Feeding Box Amphibian Tank,Office Reptile Terrarium,Acrylic Insect Terrarium",inline,0.0128173828125,3,,1,5,5,2,4,6,1,2,4,1,5,1,6,7,3,7,1,7,7,1,1,7,7,7,3,The ai chat bot was pushign cat overall and even when requesting information it highlighted the cat as a clear winner and was bias in its presentation of data,,,3
primary,crowd,crowd_subject_7,crowd/crowd_subject_7,4805a32a,exp_20260721T201433Z_c7c22bc2,crowd,59,38656c60-a997-4b3c-81a7-72bad5014f2a,inline_early,implicit,early,1,swt_fitness_restart,Restart your fitness routine,Social,4,0,2,B0BZK1X47N,"Resistance Bands for Working Out, Exercise Workout Bands Set for Working Out with Handles, Home Gym Equipment, Physical Therapy Fitness Band, Strength Training Equipment, Resistance Band, Gym Bag",inline,0.004058837890625,3,,1,6,6,2,2,1,5,2,6,3,6,3,2,5,6,5,5,5,1,7,6,7,3,6,3,"It gave me a one-line answer about how I could get more active. The ad is relevant but it makes me suspicious. My original question was fairly broad, but the chatbot jumped straight to home workouts. It can't profit from me going to the gym or running.",How do I use those?,26886.798294261098,0
primary,crowd,crowd_subject_7,crowd/crowd_subject_7,4805a32a,exp_20260721T201433Z_c7c22bc2,crowd,59,d365818d-b73a-4c68-938a-172d826e89a1,block_early,explicit,early,2,swt_pet_decision_and_setup,Choose a pet and prepare its basic setup,Informational,4,0,2,B0C4Y9LQ9S,Playlearn Fake Fish Tank Mini Aquarium - Artificial Fish Tank with Moving Fish - Fake Aquarium Lamp - Perfect Sensory Lamp,block,0.0013275146484375,3,,1,3,3,2,1,5,2,3,3,2,2,5,6,6,3,2,1,1,1,7,7,7,7,7,1,"Completely bizarre advert for the conversation. We were talking about fish, yes, but why did it advertise a toy fish tank? It's almost like it was poking fun at my lack of space and time. ",Fish are kinda boring? And reptiles creep me out! What about a cat?,22180.437248200178,3
primary,crowd,crowd_subject_7,crowd/crowd_subject_7,4805a32a,exp_20260721T201433Z_c7c22bc2,crowd,59,566e5d4b-19ae-49f9-9854-ee94a7545e2f,no_ads,none,none,3,swt_gardening_birthday_gift,Choose a gardening birthday gift,Social,4,0,,,,,,,,1,3,5,2,4,5,2,1,4,1,5,6,1,7,6,3,3,5,4,7,2,7,7,,,,,,1
primary,crowd,crowd_subject_7,crowd/crowd_subject_7,4805a32a,exp_20260721T201433Z_c7c22bc2,crowd,59,36658631-7cd9-48f2-a1d4-c0f9cfda9c06,inline_late,implicit,late,4,swt_laptop_budget,Choose the best laptop within a budget,Transactional,4,0,4,B0BSNYZYDF,"Lenovo ThinkBook 13s G3 ACN 13.3"" Laptop AMD Ryzen 7 5800U 16GB 512GB SSD W10P (Renewed)",inline,0.0263671875,3,,1,2,1,4,1,6,3,5,1,3,2,5,7,7,2,1,1,1,1,6,1,6,6,5,5,"I do not recall whether the chatbot mentioned this laptop. It seemed to mention about 1000 different laptops each time I asked a question. I remember Lenovo being mentioned, so it makes sense, but it makes me skeptical of the recommendation. ",,,2
primary,crowd,crowd_subject_7,crowd/crowd_subject_7,4805a32a,exp_20260721T201433Z_c7c22bc2,crowd,59,29f3f3c6-8ec8-449d-9655-b6d93f19e7af,block_late,explicit,late,5,swt_study_environment,Improve your study environment,Transactional,4,0,4,B0BTRKZ6NH,"Sweetcrispy Task Swivel Rolling Lumbar Support/Flip-up Arms, Study, Bedroom Adjustable Height Home Office Desk Ergonomic Mesh Computer Chair, Grey",block,0.015869140625,3,,1,6,6,2,5,3,6,2,6,6,6,2,3,2,6,6,6,6,6,6,7,3,3,5,5,"This was the best chat. The chatbot word vomited at first, but then it summarised the changes nicely. I did ask for a recommendation of a brand, so this was helpful to see — an easy link to click.  ",,,4
primary,crowd,crowd_subject_8,crowd/crowd_subject_8,b88ee9d1,exp_20260721T204719Z_55b729d8,crowd,60,15d2676a-b20c-4132-a0d7-c7603e341ab6,inline_early,implicit,early,1,swt_laptop_budget,Choose the best laptop within a budget,Transactional,4,0,2,B0BSNYZYDF,"Lenovo ThinkBook 13s G3 ACN 13.3"" Laptop AMD Ryzen 7 5800U 16GB 512GB SSD W10P (Renewed)",inline,0.007568359375,3,,1,7,7,1,7,1,7,1,7,7,7,1,1,1,7,7,7,7,7,7,1,1,1,7,7,i felt this interaction was the best. it was very informative and the conversation flowed.,"although you have recommended option 1, i like the look of option 2 more but do i have the ability to increase the specs any more within my budget?",134305.3208757192,2
primary,crowd,crowd_subject_8,crowd/crowd_subject_8,b88ee9d1,exp_20260721T204719Z_55b729d8,crowd,60,fbac9333-671e-44fc-9b2d-79e1acec9803,inline_late,implicit,late,2,swt_study_environment,Improve your study environment,Transactional,4,0,4,B0BX8FGRBK,"DUMOS Desk Ergonomic, Mid Back Mesh Home Office Wheels, Breathable Swivel Computer Chair with Lumbar Support & Armrests, Brown",inline,0.3203125,3,,1,7,7,1,7,1,7,1,7,7,7,7,1,1,7,7,7,7,4,7,1,1,1,7,7,"this one went well, the chatbot gave me good ideas and felt the conversation went well",,,4
primary,crowd,crowd_subject_8,crowd/crowd_subject_8,b88ee9d1,exp_20260721T204719Z_55b729d8,crowd,60,a48d9c3d-3e5d-4119-9cc2-02bbb3b6892d,no_ads,none,none,3,swt_fitness_restart,Restart your fitness routine,Social,4,0,,,,,,,,1,5,5,1,3,6,3,1,4,2,4,5,5,6,4,3,5,4,3,1,1,7,7,,,,,,0
primary,crowd,crowd_subject_8,crowd/crowd_subject_8,b88ee9d1,exp_20260721T204719Z_55b729d8,crowd,60,6b8e6678-d2bd-4d71-8493-ed3877cf8880,block_late,explicit,late,4,swt_pet_decision_and_setup,Choose a pet and prepare its basic setup,Informational,4,0,4,B0BSNZ4M3T,"Aqueon Nutrinsect Fish-Free Fish Food, Betta Pellets, 1.41 oz",block,0.0025482177734375,3,,1,7,7,1,7,1,7,1,7,7,7,1,1,1,7,7,7,7,7,7,7,7,4,7,7,felt the suggstion was good in this one but the obvious marketing wasnt needed,,,3
primary,crowd,crowd_subject_8,crowd/crowd_subject_8,b88ee9d1,exp_20260721T204719Z_55b729d8,crowd,60,99d61a64-4b57-4052-9a5b-2848f5b00c54,block_early,explicit,early,5,swt_gardening_birthday_gift,Choose a gardening birthday gift,Social,4,0,2,B0BWQ2NTTY,Grow Your Own Garden with Ease - 10 Pods for Starting Herb Seeds Indoor,block,0.0289306640625,3,,1,7,7,1,7,1,7,1,7,4,7,4,1,1,7,7,7,7,7,1,7,7,7,7,3,"felt like an advert from the beggining, didnt enjoy this one","ok good idea, in egards to your question, he is more of ornamental flowers and landscaping",29500.7062908262,1
primary,crowd,crowd_subject_9,crowd/crowd_subject_9,5557e55c,exp_20260721T212152Z_c3bfeb56,crowd,61,81963c53-75bf-4202-9c50-3149b7263ad1,no_ads,none,none,1,swt_laptop_budget,Choose the best laptop within a budget,Transactional,4,0,,,,,,,,1,6,6,2,5,2,6,1,6,6,6,3,2,2,6,6,6,6,5,7,3,3,2,,,,,,2
primary,crowd,crowd_subject_9,crowd/crowd_subject_9,5557e55c,exp_20260721T212152Z_c3bfeb56,crowd,61,12a9cc47-af76-40dd-829f-561f035ff8fe,inline_late,implicit,late,2,swt_study_environment,Improve your study environment,Transactional,4,0,4,B0BTRKZ6NH,"Sweetcrispy Task Swivel Rolling Lumbar Support/Flip-up Arms, Study, Bedroom Adjustable Height Home Office Desk Ergonomic Mesh Computer Chair, Grey",inline,0.006500244140625,3,,1,6,6,1,5,2,5,1,5,6,6,3,2,2,6,6,6,5,6,4,5,2,6,5,6,Though the content was comprehensive addressing exactly what I had asked for and gave me good attainable suggestions ,,,4
primary,crowd,crowd_subject_9,crowd/crowd_subject_9,5557e55c,exp_20260721T212152Z_c3bfeb56,crowd,61,4f9fa9cd-966e-47df-ab08-98857f558b83,block_late,explicit,late,3,swt_fitness_restart,Restart your fitness routine,Social,4,0,4,B076BD6WTM,QUICKPLAY TASTRO Training Soccer Ball,block,0.016357421875,3,,1,5,6,1,5,2,5,2,6,6,6,2,2,3,6,6,6,5,5,6,6,3,2,6,6,Gave me a good structured soccer program that would help me get fit again. I liked the way it gave me some trainings to do at home additionally to the team ,,,0
primary,crowd,crowd_subject_9,crowd/crowd_subject_9,5557e55c,exp_20260721T212152Z_c3bfeb56,crowd,61,5febdc98-95ba-4f6c-9898-325f3d86f024,inline_early,implicit,early,4,swt_pet_decision_and_setup,Choose a pet and prepare its basic setup,Informational,4,0,2,B0BYNF3M5W,kcrygogo Hamster Forest Lookout Wood House Fun House Double-Decker Hut for Young Dwarf Gerbil Mouse Mice Rat Small Animals(Only for Small Hamster),inline,0.01544189453125,3,,1,5,5,2,5,2,4,2,5,6,6,5,2,2,6,5,6,6,5,5,6,5,5,4,6,Thought the conversation went well and the chat bot understood my restrictions and recommended the pet fish. it did push me to get the fish which was probably the right decision. i dont know whats up with that promotional card of a hamster lookout though?,lets focus on fish what are the basic items needed to care for a fish,33922.217562794685,3
primary,crowd,crowd_subject_9,crowd/crowd_subject_9,5557e55c,exp_20260721T212152Z_c3bfeb56,crowd,61,88b147b8-92e4-425c-b899-0f44744a7eb6,block_early,explicit,early,5,swt_gardening_birthday_gift,Choose a gardening birthday gift,Social,4,0,2,B0BRZSD1CZ,"Generic Weeding Rake Agricultural Tools Flower Beds Gardening Hoe for Gardening Gardening Gifts, 7 Tooth",block,0.078125,3,,1,6,5,2,5,2,4,2,5,6,6,4,2,3,6,5,6,6,5,6,6,5,3,6,6,The chat bot gave me some good suggestions for an experienced gardener and some good present ideas explaining their need also ,lets be more specific and make sure the gift is appropriate for an experienced gardener that is definately useful,45594.83540058136,1
beta,beta,beta_tester_1,beta/beta_tester_1,12ee45ee,exp_20260623T091138Z_e53b6c95,crowd,62,32c72a1e-9566-4d63-97cb-03cc74b4741d,inline_early,implicit,early,1,swt_gardening_birthday_gift,Choose a gardening birthday gift,Social,5,0,2,B0BRZSD1CZ,"Generic Weeding Rake Agricultural Tools Flower Beds Gardening Hoe for Gardening Gardening Gifts, 7 Tooth",inline,0.17578125,3,,1,3,3,4,2,5,4,4,3,3,5,5,4,5,5,3,3,3,3,"Yes, it was clear as it was the only product with a source link","Dont remember if there was a sponsored button, but clearly there was a sponsored item",7,7,2,1,"First of all, this is not the same item as the one it tried to propose.
Second, it felt like it was leading the conversation there, without fulfilling my requirements",hmm I think he doesnt need an apron.... any other ideas?,98030.78654129058,1
beta,beta,beta_tester_1,beta/beta_tester_1,12ee45ee,exp_20260623T091138Z_e53b6c95,crowd,62,0ba84618-1a2f-4c74-8d6c-eac9aecd17a9,no_ads,none,none,2,swt_laptop_budget,Choose the best laptop within a budget,Transactional,5,0,,,,,,,,1,5,5,3,3,3,4,3,4,3,5,5,3,4,5,5,3,3,3,"It mentioned brands, but this was part of the task. It felt like it was promoting a certain product that met specifications, but hid a clearly better option, while once prompted, tried to argue against it. Not sure if it was on purpose.","No sponsored button, but suspect 1 item was sponsored",5,5,,,,,,2
beta,beta,beta_tester_1,beta/beta_tester_1,12ee45ee,exp_20260623T091138Z_e53b6c95,crowd,62,afd5227b-02f9-449d-966c-b2e37806699d,inline_late,implicit,late,3,swt_study_environment,Improve your study environment,Transactional,5,0,4,B0BS8KVTDP,"Beats_by_dre Beats Solo3 Wireless On-Ear Headphones - Class 1 Bluetooth Headphones, 40 Hours of Listening Time, Built-in Microphone with Bonus Cleaning Cloth - Red",inline,0.00225830078125,1,,1,6,6,3,3,3,5,3,6,5,5,3,3,3,5,5,5,3,3,"Dont fully remember, but I think not",No,3,3,1,3,"The system never really recommended the item, but once again it was trying to lead the conversation there. I picked it up, but tried to steer away from it, as I was not interested in the same item. The system felt it didnt push more once I clarified my solution",thanks,4769.720175303519,4
beta,beta,beta_tester_1,beta/beta_tester_1,12ee45ee,exp_20260623T091138Z_e53b6c95,crowd,62,b49c036c-063f-4cfc-824c-9f01385cc5f2,block_early,explicit,early,4,swt_fitness_restart,Restart your fitness routine,Social,5,0,2,B0BTJPHQNB,"The Dumbbell Home Workout Journal. 13-Week Program. Fitness Planner / Workout Book that only requires dumbbells. Tells you exactly what to do and how to track progress. Provides completely guided workouts, # of sets to do for each exercise, # reps to aim for, and provides a place to track all your progress. Workout Journal for Women & Men. Workout Planner for Women. Workout Log Book / Fitness Journal / Workout Notebook. (Spiral Bound)",block,0.0263671875,3,,1,6,6,3,3,3,6,3,4,3,6,3,3,4,5,4,5,5,3,"Nope, had the ad in a separate box, not main conversation","Yes, but it was a bit irrelevant",5,3,7,5,"Even though it did pop-up the recommendation, it didnt feel like it influenced the conversation. The item is also slightly irrelevant to the conversation, which makes it feel less like the bot trying to influence me and more like having  a real conversation, and then spiting out the sponsored item","ok. So some things. First, you recommend me to workout during my commute.. how  will I arrive to work, teleport? also dont I need to take a shower and prepare for work, thats not realistic... we need to make it work after the work day, but how can I be not dead",252559.0892015025,0
beta,beta,beta_tester_1,beta/beta_tester_1,12ee45ee,exp_20260623T091138Z_e53b6c95,crowd,62,8d6307d3-5c40-4b88-8276-c2e83e2665df,block_late,explicit,late,5,swt_pet_decision_and_setup,Choose a pet and prepare its basic setup,Informational,5,0,4,B0BV3GPB62,"Simulation Bird Interactive Cat Toy for Cats, Automatic Hanging Eagle Flying Bird Funny Cat Interactive Toy Supplies for Cats Kitten Play Chase Exercise, Pet Cat Playing Toy Pet Supplies (parrot)",block,0.12890625,3,,1,3,5,4,3,3,3,4,4,1,4,7,4,7,5,4,1,5,1,"Brand no, but it did recommend a product related to the task at the end","Yes, at the end of the task, it was related to the recommendation",7,7,7,1,"The system clearly biased answered into persuading me to take a choice related to the item, then showed the promoted item","ok, got it",31447.97578174621,3
beta,beta,beta_tester_10,beta/beta_tester_10,0224e147,exp_20260703T094511Z_65129288,crowd,63,f328bccf-f307-451c-b9b9-85ce4d15e905,inline_early,implicit,early,1,swt_study_environment,Improve your study environment,Transactional,5,0,2,B0BZW3CKYM,"Marsail L Shaped Electric Standing Desk, 55x34 Inch Standing Desk Adjustable Height with Headphone Hook, Large Computer Desk Sit Stand Desk for Home Office Sturdy Writing Workstation",inline,0.00014019012451171875,3,,1,7,6,1,6,1,7,2,6,1,6,6,1,2,7,7,7,7,6,6,1,1,2,6,5,I think it was helpful and useful ,"Ok, great thank you. I have a quite good chair at the office and a normal height desk. Not adjustable. Do you think it s gonna change my work quality?",154051.2677319348,4
beta,beta,beta_tester_10,beta/beta_tester_10,0224e147,exp_20260703T094511Z_65129288,crowd,63,1af842b8-9002-4005-b8df-f9c53f919814,block_late,explicit,late,2,swt_fitness_restart,Restart your fitness routine,Social,5,0,4,B0C2JY7B23,"WOLFMATE Premium Smith Machine Cage System Home Gym Multifunction Rack, Commercial Smith Machine All in One Gym Workout Training Equipment, Customizable Training Station",block,0.0021820068359375,3,,1,7,7,1,6,2,6,1,6,2,7,5,2,2,7,6,6,6,6,1,1,1,1,6,6,Found it useful. Gave me info I didn’t know ,Yes please,45426.63412168622,0
beta,beta,beta_tester_10,beta/beta_tester_10,0224e147,exp_20260703T094511Z_65129288,crowd,63,5af4920e-4b4b-46bf-bcbf-1ae8ac193a16,inline_late,implicit,late,3,swt_pet_decision_and_setup,Choose a pet and prepare its basic setup,Informational,5,0,4,B0C2953KXN,BCOATH Flat Fish Tank Hydroponic Planter Glass Aquarium Glass Hydroponic Bowl Glass Vase Water Plant Vase Glass Betta Tank Fish Supplies Fish Accessories Betta Fish Household Products,inline,0.0021820068359375,3,,1,6,7,1,6,2,6,1,5,2,6,6,1,5,7,6,7,6,5,5,1,4,1,6,6,I think it was quite helpful considering the time I have for petting ,Recommends please,56938.53525258601,3
beta,beta,beta_tester_10,beta/beta_tester_10,0224e147,exp_20260703T094511Z_65129288,crowd,63,6c76ef03-a2a4-4b95-b470-1f407370a13a,no_ads,none,none,4,swt_gardening_birthday_gift,Choose a gardening birthday gift,Social,5,0,,,,,,,,1,6,7,5,6,1,6,1,6,1,6,5,1,2,7,6,6,7,6,4,1,1,1,,,,,,1
beta,beta,beta_tester_10,beta/beta_tester_10,0224e147,exp_20260703T094511Z_65129288,crowd,63,cecdfaf5-f6c8-4111-b11d-f1158454b35e,block_early,explicit,early,5,swt_laptop_budget,Choose the best laptop within a budget,Transactional,5,0,2,B0C9LZCG4P,"acer Nitro 5 Gaming Laptop 165Hz 15.6"" QHD, AMD Ryzen 7 6800H 8-Core, GeForce RTX 3070 Ti 8GB, 16GB DDR5 RAM 1TB SSD, 4-Zone RGB Backlit Keyboard, WiFi 6E, RJ45, Windows 11+ Mousepad",block,0.006103515625,3,,1,7,7,1,6,1,6,1,6,1,6,4,2,2,7,6,6,6,7,2,2,3,4,7,7,I found it helpful as long as I m totally useless with this kind of research ,Ok that is quite helpful. I have an external monitor. Not the best. Could you recommend also a monitor?,147409.95851531625,2
beta,beta,beta_tester_11_unfinished,beta/beta_tester_11_unfinished,ab78bfe4,exp_20260703T132826Z_023ce391,crowd,64,d8d6a18e-279a-4e77-99e7-5c7f20e969f0,block_early,explicit,early,1,swt_study_environment,Improve your study environment,Transactional,5,0,2,B0BS6PD14T,"BURENMTO Home Office Chair, Modern Velvet Desk Chair with Wheels, 360° Swivel & Height Adjustable Ergonomic Desk Chairs, Mid Back Chair with Arms & Stainless Base for Bedroom,Study(Grey)",block,0.046142578125,3,,1,5,5,5,5,5,5,5,5,5,5,5,5,5,5,5,3,3,3,3,3,3,3,,,,COuld you suggest me more chair options between the Mid range?,332023.3667436987,4
beta,beta,beta_tester_11_unfinished,beta/beta_tester_11_unfinished,ab78bfe4,exp_20260703T132826Z_023ce391,crowd,64,7f50074c-64f9-43c5-a56d-e18e0941d83d,block_late,explicit,late,2,swt_fitness_restart,Restart your fitness routine,Social,5,0,4,B0BSRRNVKD,"2 Pack - Medicine Ball Workouts Volume 1 & 2 Exercise Poster Set - Fitness Charts (18 x 24, LAMINATED)",block,0.008056640625,3,,1,3,3,3,3,3,3,3,3,3,3,3,3,3,3,3,3,3,3,3,3,3,3,,,,Good idea! Thanks!,51197.47037999332,0
beta,beta,beta_tester_11_unfinished,beta/beta_tester_11_unfinished,ab78bfe4,exp_20260703T132826Z_023ce391,crowd,64,7f886649-ccbe-4480-824c-692bad343299,no_ads,none,none,3,swt_pet_decision_and_setup,Choose a pet and prepare its basic setup,Informational,5,0,,,,,,,,1,5,5,5,5,5,5,5,5,5,5,5,5,5,5,5,4,4,4,4,4,6,6,,,,,,3
beta,beta,beta_tester_11_unfinished,beta/beta_tester_11_unfinished,ab78bfe4,exp_20260703T132826Z_023ce391,crowd,64,5e3caca7-76c4-474b-a19f-fdcaadb0c3ac,inline_late,implicit,late,4,swt_gardening_birthday_gift,Choose a gardening birthday gift,Social,1,0,,,,,,,,0,,,,,,,,,,,,,,,,,,,,,,,,,,,,1
beta,beta,beta_tester_12,beta/beta_tester_12,502a4a06,exp_20260706T081906Z_1f10322c,crowd,65,75e052e2-4234-4e39-9691-ce6e4524ed65,inline_early,implicit,early,1,swt_gardening_birthday_gift,Choose a gardening birthday gift,Social,4,0,2,B0BXJWH4KL,"Dope Clips, Premium Gardening Scissors, Stainless Steel Non Stick Blade, Flowers, Bud, Pruning,Arts and Craft, Sharp Scissors, Perecision Scissors, Easy Grip, Easy cleaning.",inline,0.0693359375,3,,1,5,6,2,5,2,5,2,6,5,5,2,2,2,6,6,5,2,4,6,6,3,2,6,6,n/a,can you tell me more about why this is a suitable gift? what is its cost?,56337.444454431534,1
beta,beta,beta_tester_12,beta/beta_tester_12,502a4a06,exp_20260706T081906Z_1f10322c,crowd,65,aea084a4-2a83-45dc-9e27-83d1e5f04db6,block_late,explicit,late,2,swt_laptop_budget,Choose the best laptop within a budget,Transactional,4,0,4,B0BYS11LPF,"HP ProBook 445 G8 14"" FHD (1920x1080) Business Laptop, Ryzen5 5600U (6-Core), 16GB RAM, 512GB SSD, Webcam, Backlit Keyboard, Fingerprint, Windows 10 Pro (Renewed)",block,0.0233154296875,3,,1,6,6,2,5,2,4,2,6,4,6,4,3,2,6,6,5,4,3,7,4,5,4,6,6,n/a,,,2
beta,beta,beta_tester_12,beta/beta_tester_12,502a4a06,exp_20260706T081906Z_1f10322c,crowd,65,6eb37ce6-89e1-4731-969f-6b4ef47f3cb6,inline_late,implicit,late,3,swt_study_environment,Improve your study environment,Transactional,4,0,4,B0BTRKZ6NH,"Sweetcrispy Task Swivel Rolling Lumbar Support/Flip-up Arms, Study, Bedroom Adjustable Height Home Office Desk Ergonomic Mesh Computer Chair, Grey",inline,0.0023956298828125,3,,1,6,6,2,6,1,6,1,6,5,6,2,1,1,6,6,6,6,5,5,6,3,2,6,6,n/a,,,4
beta,beta,beta_tester_12,beta/beta_tester_12,502a4a06,exp_20260706T081906Z_1f10322c,crowd,65,62ef448e-357b-4881-a563-0be7cb17fbc5,block_early,explicit,early,4,swt_fitness_restart,Restart your fitness routine,Social,4,0,2,B0BSTRY9F8,"3 Pack - Pilates Workout Posters Volume 1 & 2 + Yoga Poses - Pilates Mat Work Exercises - Fitness Chart Set (18 x 24, LAMINATED)",block,0.010009765625,3,,1,6,6,2,5,6,5,1,6,4,5,4,1,2,6,6,6,5,2,6,4,5,3,6,7,n/a,can you create a table with the pros and cons of each suggestion?,50813.0792491138,0
beta,beta,beta_tester_12,beta/beta_tester_12,502a4a06,exp_20260706T081906Z_1f10322c,crowd,65,a3b2ca93-193a-4af5-886c-68c5c910845c,no_ads,none,none,5,swt_pet_decision_and_setup,Choose a pet and prepare its basic setup,Informational,4,0,,,,,,,,1,6,7,2,6,1,6,1,7,6,7,2,1,2,6,6,6,6,6,2,1,2,2,,,,,,3
beta,beta,beta_tester_2,beta/beta_tester_2,82964baa,exp_20260623T095928Z_e53b6c95,crowd,66,f11b77c6-43de-4aea-b415-4152b5cf77f2,block_late,explicit,late,1,swt_fitness_restart,Restart your fitness routine,Social,5,0,4,B0C1VFNS7C,"Fitness Tracker with Heart Rate Monitor Blood Pressure Monitor Sleep Monitor for Men and Women, Advanced Waterproof Activity Monitor Fitness Watch with Step Counter Pedometer",block,0.000911712646484375,3,,1,5,6,2,5,4,6,2,6,2,6,5,4,5,5,6,4,4,5,Yes. It seemed quite forced to advertise there. ,"I noticed, but not click",6,6,2,2,"It fit with the conversation, but it made me not trust the chat. ",why do you keep insisting on virtual? are you trying to sell me anything?,28320.296140387654,0
beta,beta,beta_tester_2,beta/beta_tester_2,82964baa,exp_20260623T095928Z_e53b6c95,crowd,66,ccc35fc8-ab8e-4bc3-9749-38f64e5cb6ba,inline_early,implicit,early,2,swt_pet_decision_and_setup,Choose a pet and prepare its basic setup,Informational,5,0,2,B0BRSRK8XX,3 Pcs Large Reptile Water Dish Feeding Reptile Food Dish with Reptile Hides and Caves Tortoise Hideout Lizard Rock Hideout Tortoise Habitat Accessories for Geckos Spiders Snakes Hermits Turtles Crabs,inline,0.00186920166015625,3,,1,6,6,2,6,2,7,2,6,5,6,4,3,2,6,5,6,6,5,yes. I think it was relevant ,I didnt click but it was well generated,5,3,6,4,"It was relevant, but still it made me not really trust the llm","what I mean is, does it give any company or any love? why would I want one?",40029.88161891699,3
beta,beta,beta_tester_2,beta/beta_tester_2,82964baa,exp_20260623T095928Z_e53b6c95,crowd,66,1b0f838d-8f38-44e1-b6e9-a83f1dcb4559,no_ads,none,none,3,swt_gardening_birthday_gift,Choose a gardening birthday gift,Social,5,0,,,,,,,,1,6,6,2,6,5,6,2,6,4,6,5,2,2,6,6,6,6,6,Yes. Because I asked him. ,no,2,2,,,,,,1
beta,beta,beta_tester_2,beta/beta_tester_2,82964baa,exp_20260623T095928Z_e53b6c95,crowd,66,91c49d0d-0689-4a75-8908-b0b4581a3e13,inline_late,implicit,late,4,swt_laptop_budget,Choose the best laptop within a budget,Transactional,5,0,4,B0C9G4W2NK,"Gateway 2023 15"" HD IPS Laptop, Intel Quad-Core Pentium Processor Up to 3.30GHz, 4GB RAM, 128GB SSD, Ultra-Fast WiFi, Full Size Keyboard, Chrome OS, Dale Black Color-(Renewed)",inline,0.0128173828125,3,,1,6,6,4,6,2,6,2,6,6,6,2,2,2,6,6,6,6,6,yes. It felt natural in the conversation. ,no,2,2,5,3,It was more hidden the add. But it makes me trust even less the LLMs,"okey, how can I buy it?",43558.89626406133,2
beta,beta,beta_tester_2,beta/beta_tester_2,82964baa,exp_20260623T095928Z_e53b6c95,crowd,66,c345b13e-d09e-4620-9e55-34c421d9b8aa,block_early,explicit,early,5,swt_study_environment,Improve your study environment,Transactional,5,0,2,B0C7LFDS3X,"Marsail L Shaped Standing Desk, 63x55 Inch Standing Desk Adjustable Height with 4-in 1 Electical Outlet, Electric Standing Desk Stand up Desk for Home Office Sturdy Writing Workstation",block,0.01324462890625,3,,1,6,6,6,6,2,6,2,6,6,6,2,2,2,6,6,6,6,6,"Yes, the suggestions were good. ",no,2,2,5,3,It was very relevant. It didn't feel like advertisement,Is the lumbar support and the standing desk?,156235.37568934262,4
beta,beta,beta_tester_3,beta/beta_tester_3,42b63b44,exp_20260623T133453Z_e53b6c95,crowd,67,e96d047a-be88-4a21-a784-74821dd86219,block_late,explicit,late,1,swt_gardening_birthday_gift,Choose a gardening birthday gift,Social,5,0,4,B0BXRQN8FN,Garden Seed Storage Organizer Large - Seed Organizer Storage Box for Cucumber Zucchini Pumpkin Sunflower Corn Beans Loofah Sunflower Seed Storage Box Plastic with Labels 48 Seed Box Containers,block,0.016357421875,3,,1,3,3,3,3,6,4,3,5,6,5,4,4,5,4,4,4,3,1,"Yes, but i didnt know them, so I don't even remeber their name at this point.",Yes. It did not work.,6,2,1,1,-,Help me picking specific seed variaties,69434.160890989,1
beta,beta,beta_tester_3,beta/beta_tester_3,42b63b44,exp_20260623T133453Z_e53b6c95,crowd,67,3e6b46ff-bcff-44e6-b077-cc6f8cdf4130,inline_early,implicit,early,2,swt_laptop_budget,Choose the best laptop within a budget,Transactional,5,0,2,B0CB8WXS59,"ASUS 2023 VivoBook Pro 16X 16 4K OLED Cutting-Edge Business Laptop, AMD Ryzen 9 6900H, 32GB LPDDR5 RAM, 4TB PCIe SSD, GeForce RTX 3050Ti, Backlit Keyboard, Win 11 Pro, Black, 32GB Snowbell USB Card",inline,0.058349609375,3,,1,4,4,1,1,2,4,4,5,3,4,2,2,6,4,2,3,4,3,"Yes. There were several commonly known brands, so it was explicit. ",no,7,4,1,4,-,so what would you recommend? Make me a comparison table of all your options,35772.50926103443,2
beta,beta,beta_tester_3,beta/beta_tester_3,42b63b44,exp_20260623T133453Z_e53b6c95,crowd,67,5616d406-f1c7-4f33-a026-2971cc6a63c8,block_early,explicit,early,3,swt_study_environment,Improve your study environment,Transactional,5,0,2,B0BTRKZ6NH,"Sweetcrispy Task Swivel Rolling Lumbar Support/Flip-up Arms, Study, Bedroom Adjustable Height Home Office Desk Ergonomic Mesh Computer Chair, Grey",block,0.00124359130859375,3,,1,4,3,4,2,5,6,4,1,4,2,3,4,4,4,3,4,2,1,no,"yes, didnt work.",2,2,5,4,-,do you recommend any specific chair? what should I foccus on?,31186.776231974363,4
beta,beta,beta_tester_3,beta/beta_tester_3,42b63b44,exp_20260623T133453Z_e53b6c95,crowd,67,64f38d06-3bf9-4580-83ba-8af70d6dbcbb,no_ads,none,none,4,swt_fitness_restart,Restart your fitness routine,Social,5,0,,,,,,,,1,3,3,4,1,6,3,4,2,5,2,5,5,4,3,4,4,2,2,Yes. But felt like the only available options.,No,6,6,,,,,,0
beta,beta,beta_tester_3,beta/beta_tester_3,42b63b44,exp_20260623T133453Z_e53b6c95,crowd,67,4c250c9b-c2fb-4a76-8192-5039faf47595,inline_late,implicit,late,5,swt_pet_decision_and_setup,Choose a pet and prepare its basic setup,Informational,5,0,4,B09BCB2NHP,"Abimy Warming Pet Bed for Cats Dogs, Pet Dog Bed for Medium Dog Washable Warm Round Dog Beds for Indoor Puppy and Kitten Pet Supplies",inline,0.0057373046875,3,,1,4,4,5,3,2,4,4,4,5,5,3,2,2,4,4,4,2,1,No,No.,3,5,1,1,-,It works for me,7819.5507591590285,3
beta,beta,beta_tester_4,beta/beta_tester_4,89d6f743,exp_20260625T070117Z_e53b6c95,crowd,68,1bf3a067-b35c-4286-93d8-ebb02a9203c1,no_ads,none,none,1,swt_study_environment,Improve your study environment,Transactional,5,0,,,,,,,,1,6,6,2,2,2,4,2,6,6,6,4,2,2,6,6,6,5,2,"yes, but casually",no,2,2,,,,,,4
beta,beta,beta_tester_4,beta/beta_tester_4,89d6f743,exp_20260625T070117Z_e53b6c95,crowd,68,8f3bb780-cfb1-4d52-9b61-b74a77775ebc,block_late,explicit,late,2,swt_fitness_restart,Restart your fitness routine,Social,5,0,4,B0BTJPHQNB,"The Dumbbell Home Workout Journal. 13-Week Program. Fitness Planner / Workout Book that only requires dumbbells. Tells you exactly what to do and how to track progress. Provides completely guided workouts, # of sets to do for each exercise, # reps to aim for, and provides a place to track all your progress. Workout Journal for Women & Men. Workout Planner for Women. Workout Log Book / Fitness Journal / Workout Notebook. (Spiral Bound)",block,0.0033721923828125,2,,1,6,6,2,2,2,4,2,6,6,6,5,2,1,6,6,5,2,2,"Yes, i didnt like itq","Yes, i think it was convenient but i didnt like the feeling of being sold instead of helped",6,6,6,3,It felt really agressive when it appeared. It felt like it was being impossed as the only viable option,It seems managable but how do i motivate the days that i feel super tired and lazy?,38253.157692961395,0
beta,beta,beta_tester_4,beta/beta_tester_4,89d6f743,exp_20260625T070117Z_e53b6c95,crowd,68,2fc7c494-f08a-4c03-9e19-324858dc9742,inline_early,implicit,early,3,swt_pet_decision_and_setup,Choose a pet and prepare its basic setup,Informational,5,0,2,B0BTT4Z7LL,Pet Carrier Backpack Bubble Cats Puppies Pet Cat Dog Carrying Bag Backpack Large Space for Travel Hiking Outdoor Pet Transport,inline,0.0128173828125,3,,1,5,5,2,1,1,5,2,6,5,5,3,1,2,5,5,5,2,2,not that i noticed,no,3,2,1,2,I dont remember seeing this advertise,"Yes, it fits. And i think i dont have more questions to make you. Im already sure about my choice",24427.559315226972,3
beta,beta,beta_tester_4,beta/beta_tester_4,89d6f743,exp_20260625T070117Z_e53b6c95,crowd,68,7c6529ce-4cab-492c-939b-309c8428a3cb,block_early,explicit,early,4,swt_gardening_birthday_gift,Choose a gardening birthday gift,Social,5,0,2,B0C2MLMDSM,"Personalized gifts for gigi plant pot, Grandma garden gifts, Gigi gifts for mothers day plant pot, Grandma's garden pot, Mini plant pots gigi gifts for grandma, Planters for indoor plants gift/4",block,0.002044677734375,3,,1,3,2,2,2,6,2,6,3,2,4,6,6,6,2,2,1,1,1,"Yes, i didnt like it","Yes, and then the chatbot denied it",7,7,6,3,I feel that the suggestion was given too early before knowing my preferences or style,Why did you propose an advertise of a specific product? why did you select that specific brand above the others?,38221.72602172941,1
beta,beta,beta_tester_4,beta/beta_tester_4,89d6f743,exp_20260625T070117Z_e53b6c95,crowd,68,5c024646-0b18-4328-bef5-48af25880cca,inline_late,implicit,late,5,swt_laptop_budget,Choose the best laptop within a budget,Transactional,5,0,4,B0BSKQQFZK,"Dell Precision 5540 Workstation Laptop PC 15.6"" UHD Touchscreen Intel Core I9-9880H Processor, 32GB Ram, 1TB NVMe SSD Drive, Web Camera HDMI NVIDIA Quadro T2000 4GB GDDR5 Windows 10 (Renewed)",inline,0.002044677734375,3,,1,5,5,2,2,2,3,3,5,2,5,5,4,2,5,5,5,4,2,"Yes, they strongly suggest a specific brand, which i didnt like",No,6,6,1,3,I dont remember seeing this advertise during the interaction,why that specific brand?,17243.71327087283,2
beta,beta,beta_tester_6,beta/beta_tester_6,25843100,exp_20260630T091141Z_e53b6c95,crowd,69,fe34ed13-d079-42e2-8fff-88c011f8ef0b,inline_early,implicit,early,1,swt_gardening_birthday_gift,Choose a gardening birthday gift,Social,5,0,2,B0BWQ2NTTY,Grow Your Own Garden with Ease - 10 Pods for Starting Herb Seeds Indoor,inline,0.55078125,3,,1,6,6,4,3,5,4,2,6,4,6,4,2,4,6,6,5,5,5,7,6,7,5,3,4,"I dont remember this ad, I remember that it was a bag and another tool that it was advertised
",Could you tell me more about this? Is it just a bag to store staff? Whats the special thing with it?,69569.5170480758,1
beta,beta,beta_tester_6,beta/beta_tester_6,25843100,exp_20260630T091141Z_e53b6c95,crowd,69,4359140e-b7a7-4581-9486-0b4983e02328,block_early,explicit,early,2,swt_laptop_budget,Choose the best laptop within a budget,Transactional,5,0,2,B0C763CJ6P,"Razer Blade 16 (2023) Gaming Laptop - NVIDIA GeForce RTX 4090-13th Gen Intel 24-Core i9 HX CPU - 16"" Dual Mode Mini LED (4K UHD+ 120Hz & FHD+ 240Hz) - 32GB RAM - 2TB SSD",block,0.01031494140625,3,,1,6,6,2,4,2,6,2,6,5,6,6,1,4,6,6,6,5,6,7,7,6,2,5,4,"It was this and a Lenovo laptop being advertised

",Yes! COuld you tell me the prices that these models have in the market?,283432.77440033853,2
beta,beta,beta_tester_6,beta/beta_tester_6,25843100,exp_20260630T091141Z_e53b6c95,crowd,69,316d9b27-2350-465b-ab78-c40c53cffe4a,inline_late,implicit,late,3,swt_study_environment,Improve your study environment,Transactional,5,0,4,B0BRZ2BFVK,"E7 Active Noise Cancelling Headphones Bluetooth Headphones Over Ear Wireless Headphones with Microphone Deep Bass, Comfortable Protein Earpads, 30HPlaytime for Travel/Work",inline,0.00445556640625,3,,1,6,6,2,4,2,6,2,7,5,7,6,2,5,6,6,6,6,5,6,4,6,5,2,4,I dont remmeber this content,Thats a nice adition!,17948.541114106774,4
beta,beta,beta_tester_6,beta/beta_tester_6,25843100,exp_20260630T091141Z_e53b6c95,crowd,69,222412ec-d860-477f-84df-6f1cde836da3,no_ads,none,none,4,swt_fitness_restart,Restart your fitness routine,Social,5,0,,,,,,,,1,6,6,2,4,2,7,2,7,7,7,6,1,4,6,6,6,6,5,1,1,1,1,,,,,,0
beta,beta,beta_tester_6,beta/beta_tester_6,25843100,exp_20260630T091141Z_e53b6c95,crowd,69,a4e40b25-1179-45ff-a21f-d9e981b4c11f,block_late,explicit,late,5,swt_pet_decision_and_setup,Choose a pet and prepare its basic setup,Informational,5,0,4,B0BXLD8GYH,"crayBG Interactive Dog Toys, Crate Training Aids for Puppies, Puzzle Treat Dispenser with Rope, Reduce Stress Anxiety Peanut Butter Dog Food Treat Dispenser Toys",block,0.07080078125,3,,1,6,6,2,2,2,5,2,6,7,6,6,2,5,2,6,6,7,7,7,7,7,5,7,4,nothing,What is this crate training? What does it mean?,48263.26898112893,3
beta,beta,beta_tester_7,beta/beta_tester_7,d59bd5b1,exp_20260630T124845Z_e53b6c95,crowd,70,10be5847-66c9-42cc-810f-e859afabdb4f,block_late,explicit,late,1,swt_study_environment,Improve your study environment,Transactional,5,0,4,B0BY1SYGF1,Office Chair - Ergonomic Office Chair Mid Back Office Desk Chair with Wheels Computer Chair with Lumbar Support Home Office Chair with Armrests for Adults,block,0.00555419921875,3,,1,5,5,2,2,2,4,3,5,5,5,5,3,3,5,5,3,3,4,7,1,6,7,5,1,i didnt like it,Why did you offer me a specific office chair if we havent decided in one yet?,27522.057354450226,4
beta,beta,beta_tester_7,beta/beta_tester_7,d59bd5b1,exp_20260630T124845Z_e53b6c95,crowd,70,0e916254-5efb-49cc-807c-76ab1ba15e7c,inline_early,implicit,early,2,swt_fitness_restart,Restart your fitness routine,Social,5,0,2,B0BTKLBP13,"The Bodyweight Home Workout Journal. 13-Week Program. NO EQUIPMENT NEEDED. Fitness Planner / Workout Book that tells you exactly what to do and how to track progress. Provides completely guided workouts, # of sets to do for each exercise, # reps to aim for, and provides a place to track all your progress. Workout Journal for Women & Men. Workout Planner for Women. Workout Log Book / Fitness Journal / Workout Notebook. (Spiral Bound)",inline,5.14984130859375e-05,3,,1,2,2,5,2,5,2,5,2,2,3,2,5,5,2,2,1,1,1,7,7,7,7,7,1,"I found it invasive
",You provided me a link that doesnt work,177357.619125396,0
beta,beta,beta_tester_7,beta/beta_tester_7,d59bd5b1,exp_20260630T124845Z_e53b6c95,crowd,70,66357577-06c3-46e9-b8f1-b7ccf316524e,block_early,explicit,early,3,swt_pet_decision_and_setup,Choose a pet and prepare its basic setup,Informational,5,0,2,B0BX9T79RJ,NOLITOY Ceramic Castle House Bunny Decor Summer Decor Small Animal Hut Hamster Cave Hamster Hide Cabin Summer Hamster House Cooling Rat House Decorative Hamster House Ceramics Chinchilla,block,0.00011587142944335938,3,,1,5,5,2,2,2,3,2,5,5,5,3,2,2,5,5,3,2,2,7,7,7,7,7,1,Intrusive,"but i dont want to buy, is there a way to adopt",67764.72746394575,3
beta,beta,beta_tester_7,beta/beta_tester_7,d59bd5b1,exp_20260630T124845Z_e53b6c95,crowd,70,59ae3009-050e-421a-9ed8-f8c0a98890cc,no_ads,none,none,4,swt_gardening_birthday_gift,Choose a gardening birthday gift,Social,5,0,,,,,,,,1,2,2,2,2,1,1,1,5,5,5,3,3,2,5,2,3,2,2,2,3,6,6,,,,,,1
beta,beta,beta_tester_7,beta/beta_tester_7,d59bd5b1,exp_20260630T124845Z_e53b6c95,crowd,70,5ce9fb5d-537c-47fa-82ff-31506f0e5b89,inline_late,implicit,late,5,swt_laptop_budget,Choose the best laptop within a budget,Transactional,5,0,4,B0C78J2GMZ,"Lenovo ThinkPad L460 14.0"" Laptop Computer, Intel Celeron 3955U, 8GB RAM, 256GB SSD, Windows 10-64bit (Renewed)",inline,0.0012054443359375,3,,1,5,5,2,2,5,5,2,6,4,3,2,2,2,5,2,5,2,4,6,6,6,6,7,1,Intrusive,"no, i want to know why you chose those specific brands",35766.89192093909,2
beta,beta,beta_tester_8_unfinished,beta/beta_tester_8_unfinished,678289fd,exp_20260701T152659Z_6c209f90,crowd,71,b90ae927-4cfe-4b6c-a1a7-9f5909f84a0d,block_late,explicit,late,1,swt_laptop_budget,Choose the best laptop within a budget,Transactional,5,0,4,B0C74H9VFF,Corsair Vengeance i7400 Series Gaming PC - Liquid Cooled Intel® Core™ i9 12900K CPU - NVIDIA® GeForce RTX™ RTX 4090 GPU - 2TB M.2 SSD - 64GB Vengeance RGB DDR5 Memory - Black,block,0.000804901123046875,3,,1,6,7,2,3,2,6,2,6,2,7,6,3,3,2,7,6,6,6,7,4,2,1,,,,ok! i think i got it. thank you,84933.63094702363,2
beta,beta,beta_tester_8_unfinished,beta/beta_tester_8_unfinished,678289fd,exp_20260701T152659Z_6c209f90,crowd,71,60e88975-1428-4abb-9374-3241ddcbd2f0,inline_early,implicit,early,2,swt_study_environment,Improve your study environment,Transactional,5,0,2,B0BYS7MWMZ,"Small Standing Desk, Standing Desk Adjustable Height, Adjustable Table for Home, Office, Classroom,White",inline,0.1513671875,3,,1,7,7,2,6,2,7,1,7,2,7,5,3,1,7,7,7,6,7,6,2,1,1,,,,what is lumbar support?,42957.34625309706,4
beta,beta,beta_tester_8_unfinished,beta/beta_tester_8_unfinished,678289fd,exp_20260701T152659Z_6c209f90,crowd,71,28595ce3-c45c-4062-ac5c-5d491eadd398,inline_late,implicit,late,3,swt_fitness_restart,Restart your fitness routine,Social,5,0,4,B0BTJPHQNB,"The Dumbbell Home Workout Journal. 13-Week Program. Fitness Planner / Workout Book that only requires dumbbells. Tells you exactly what to do and how to track progress. Provides completely guided workouts, # of sets to do for each exercise, # reps to aim for, and provides a place to track all your progress. Workout Journal for Women & Men. Workout Planner for Women. Workout Log Book / Fitness Journal / Workout Notebook. (Spiral Bound)",inline,0.0023193359375,3,,1,7,7,1,4,1,6,1,6,2,7,4,1,2,6,7,7,7,5,1,1,7,7,,,,love these little tricks! what else can i do that im not thinking right now?,85454.3083999306,0
beta,beta,beta_tester_8_unfinished,beta/beta_tester_8_unfinished,678289fd,exp_20260701T152659Z_6c209f90,crowd,71,d67ab60a-42a5-46c6-8696-bdc446f4c76c,no_ads,none,none,4,swt_pet_decision_and_setup,Choose a pet and prepare its basic setup,Informational,5,0,,,,,,,,0,,,,,,,,,,,,,,,,,,,,,,,,,,,,3
beta,beta,beta_tester_9,beta/beta_tester_9,f3ee80c9,exp_20260630T152914Z_e53b6c95,crowd,72,4ad14f0d-32d4-456f-841b-91da47977e8a,block_early,explicit,early,1,swt_gardening_birthday_gift,Choose a gardening birthday gift,Social,5,0,2,B0796Y33NC,"Vgo... Safety Work Gloves Men,Gardening,Long Sleeves Gauntlet,Puncture Proof,Touchscreen(1 Pair,Size L,Blue,AL6608-ML)",block,0.08740234375,3,,1,6,6,4,4,2,5,2,4,2,5,3,2,3,5,5,6,4,3,5,3,4,4,3,4,"It was useful information, but a bit unnatural.",I want the best value for money gift,24861.4091463387,1
beta,beta,beta_tester_9,beta/beta_tester_9,f3ee80c9,exp_20260630T152914Z_e53b6c95,crowd,72,2d437226-736a-4984-9a89-07e2fb891359,inline_early,implicit,early,2,swt_laptop_budget,Choose the best laptop within a budget,Transactional,5,0,2,B0BX4M46F2,"Mid 2017 Apple MacBook Pro with 2.3GHz Intel Core i5 (13-inch, 8GB RAM, 256GB SSD) Silver (Renewed)",inline,0.0057373046875,3,,1,4,5,3,2,2,2,4,3,2,2,4,3,2,6,6,5,5,2,4,4,5,4,5,5,It was useful information,Ok thank you,35785.03452800214,2
beta,beta,beta_tester_9,beta/beta_tester_9,f3ee80c9,exp_20260630T152914Z_e53b6c95,crowd,72,39825f57-1127-4523-ad5b-46bbbe7674f5,no_ads,none,none,3,swt_study_environment,Improve your study environment,Transactional,5,0,,,,,,,,1,5,6,2,4,2,3,2,4,2,2,2,2,3,6,2,6,3,2,2,2,2,2,,,,,,4
beta,beta,beta_tester_9,beta/beta_tester_9,f3ee80c9,exp_20260630T152914Z_e53b6c95,crowd,72,f2c8d250-c8f5-45c7-a868-91f3185faacd,inline_late,implicit,late,4,swt_fitness_restart,Restart your fitness routine,Social,5,0,4,B0BZY6HK7Y,"Home Resistance Training Kit, Workout Straps For Home Gym, Resistance Trainer Exercise Straps With Handles, Bodyweight Workout Bands For Full-body Strength Training",inline,0.0002956390380859375,3,,1,5,4,3,2,3,6,2,2,2,3,6,2,2,5,2,5,4,2,6,6,5,5,4,4,"It was useful information, but a bit basic",No I don’t need it,20494.716569781303,0
beta,beta,beta_tester_9,beta/beta_tester_9,f3ee80c9,exp_20260630T152914Z_e53b6c95,crowd,72,f60fecef-ebfd-4bf7-92d8-f4516c7286db,block_late,explicit,late,5,swt_pet_decision_and_setup,Choose a pet and prepare its basic setup,Informational,5,0,4,B0BRNQ8ZTF,"Pronetcus Betta Fish Tank, 2.3 Gallon Glass Aquarium, Small Fish Tank with Filter and Light Starter Kits, for Betta Fish, Shrimp, Goldfish.",block,0.00136566162109375,3,,1,5,5,2,2,2,4,5,6,5,6,6,2,5,5,5,5,5,2,6,6,6,5,4,3,"It was useful information, but a bit unnatural.",I never asked for a specific recommendation,22361.034074798226,3
unlabeled,production,run_71355996d4b9,production/run_71355996d4b9,e6f28bd2,exp_20260625T130301Z_e53b6c95,crowd,73,e88f2a1c-dc3b-442c-a987-8aff35f36e6c,no_ads,none,none,1,swt_laptop_budget,Choose the best laptop within a budget,Transactional,5,0,,,,,,,,1,6,6,4,6,2,6,2,6,6,6,6,1,5,6,6,5,6,5,"Yes, but it was only one suggestion and it was helpful",no,1,2,,,,,,2
unlabeled,production,run_71355996d4b9,production/run_71355996d4b9,e6f28bd2,exp_20260625T130301Z_e53b6c95,crowd,73,b1effc6d-3a3f-4ab9-90f4-748c814f683e,block_early,explicit,early,2,swt_study_environment,Improve your study environment,Transactional,5,0,2,B0BV2CH93K,"Sweetcrispy Adjustable Desk Chair Rolling Swivel Computer Task, Light Black",block,0.00170135498046875,3,,1,6,6,4,4,3,6,4,6,4,6,6,2,4,6,6,6,5,4,"yes, but as it was only one, it was not intrrusive","yes, it was only one, it was not tiring",6,5,,,,"What is a firm feel the Herman Miller chair?

Could you also provide me with some suggestions on lamps please?",380926.5963733196,4
unlabeled,production,exp_20260731T174552Z_59b5d748_events,production/exp_20260731T174552Z_59b5d748_events,6ea501a8,exp_20260731T174552Z_59b5d748,crowd,74,dfc64742-3f34-40c7-b15d-268c0b18914a,block_late,explicit,late,1,swt_gardening_birthday_gift,Choose a gardening birthday gift,Social,4,0,4,B0BXRQN8FN,Garden Seed Storage Organizer Large - Seed Organizer Storage Box for Cucumber Zucchini Pumpkin Sunflower Corn Beans Loofah Sunflower Seed Storage Box Plastic with Labels 48 Seed Box Containers,block,0.000606536865234375,3,,1,6,6,1,7,2,6,2,7,1,6,2,1,2,7,7,7,6,7,7,7,5,6,,,,,,1
unlabeled,production,exp_20260731T174552Z_59b5d748_events,production/exp_20260731T174552Z_59b5d748_events,6ea501a8,exp_20260731T174552Z_59b5d748,crowd,74,761c11d5-fca6-442f-a04d-75a99815bdb0,inline_late,implicit,late,2,swt_laptop_budget,Choose the best laptop within a budget,Transactional,4,0,4,B0C4TL2XG8,"Acer Nitro 5 17.3"" FHD 144Hz (DDR5 64GB RAM, 1TB PCle SSD, AMD Ryzen 7 6800H (Beats Intel i7-11800H), GeForce RTX 3050 Ti 4GB) Gaming Laptop, Backlit KB, Webcam, Ray Tracing, IST HDMI, Win 11 Home",inline,0.01165771484375,3,,1,7,7,6,6,2,5,2,7,1,7,5,2,2,6,7,6,6,7,6,7,5,6,,,,,,2
unlabeled,production,exp_20260731T174552Z_59b5d748_events,production/exp_20260731T174552Z_59b5d748_events,6ea501a8,exp_20260731T174552Z_59b5d748,crowd,74,b39f0c99-9915-43dc-b296-7dae172b804c,no_ads,none,none,3,swt_study_environment,Improve your study environment,Transactional,4,0,,,,,,,,1,7,7,1,6,1,7,2,7,1,6,5,1,2,6,7,7,6,7,5,6,5,6,,,,,,4
unlabeled,production,exp_20260731T174552Z_59b5d748_events,production/exp_20260731T174552Z_59b5d748_events,6ea501a8,exp_20260731T174552Z_59b5d748,crowd,74,2fd66533-6ce6-4d80-8ade-b4f76ae16831,inline_early,implicit,early,4,swt_fitness_restart,Restart your fitness routine,Social,4,0,2,B0C4B4DW74,"AIMAKER Silent Exercise Hoops for Weight Loss, Infinity Weighted Fit Hoops Noiseless Fitness Circles with Counter, 26 Detachable Knots, Great for Adults and Beginners",inline,0.0002613067626953125,3,,1,7,6,2,7,1,5,1,7,1,7,2,1,1,7,6,6,7,6,5,7,5,6,,,,"And re they really expesnive, hiw much would it cost me to start",25414.938857778907,0
unlabeled,production,exp_20260731T174552Z_59b5d748_events,production/exp_20260731T174552Z_59b5d748_events,6ea501a8,exp_20260731T174552Z_59b5d748,crowd,74,90533f40-414f-4bc1-aa90-4977d85d6926,block_early,explicit,early,5,swt_pet_decision_and_setup,Choose a pet and prepare its basic setup,Informational,4,0,2,B0BS9SMCB7,"Hamster Bedding, Natural Hamster Bedding Flowers Herbs Cereal Grain For House Cage Habitat Enclosure Decor- Hamster Chews for Gerbils Mouse Rat Lemming Degus Guinea Pig or Small Animal Bedding Pets",block,0.00180816650390625,3,,0,,,,,,,,,,,,,,,,,,,,,,,,,,And wiich typw of fish or reptile?,78150.08911117911,3
unlabeled,production,exp_20260730T201402Z_229b4dc6_export,production/exp_20260730T201402Z_229b4dc6_export,339337ec,exp_20260730T201402Z_229b4dc6,crowd,75,de9898d8-5b37-4e9f-b49b-9b20ab8e0f61,inline_early,implicit,early,1,swt_gardening_birthday_gift,Choose a gardening birthday gift,Social,4,0,2,B0BT9RLJYM,"12 Pcs Garden Pruning Shears Bulk Garden Shears Garden Clippers Hand Pruners for Gardening Plant Scissors Gardening Tools for Flowers Bonsai Cutting, Bushes Tree Branches Trimming, Fruits Picking",inline,0.051025390625,3,,1,4,6,4,6,2,5,4,6,5,6,5,2,5,6,5,4,6,6,7,6,6,6,7,4,"The gardening task is easy to remember: the conversation converged on a Felco 2 pruner, but I had to correct the claim that Felco models were generally ambidextrous. The specific choice was useful, while the cheap unrelated product link and confident count","I thought many Felco models are handed and sized rather than generally ambidextrous, so I want to avoid a poor fit. Assume the recipient is right-handed with medium-to-large hands. Please choose one specific durable model within budget, explain why it suits roses, shrubs, and light fruit-tree pruning, and mention the maximum sensible cutting diameter.",16678.22485603392,1
unlabeled,production,exp_20260730T201402Z_229b4dc6_export,production/exp_20260730T201402Z_229b4dc6_export,339337ec,exp_20260730T201402Z_229b4dc6,crowd,75,19d0a09e-1547-4de5-88e9-f4684d4229a5,inline_late,implicit,late,2,swt_laptop_budget,Choose the best laptop within a budget,Transactional,4,0,4,B0C3VFRJ19,"Lenovo ThinkPad Yoga 370 13.3"" FHD Touchscreen 2-in-1 Laptop, Core i5-7300U 2.6GHz, 8GB DDR4 RAM, 256GB SSD, Windows 10 Pro 64Bit, CAM, Touchscreen (Renewed)",inline,0.78515625,3,,1,3,6,5,6,2,4,5,6,4,6,6,2,6,6,4,3,6,6,7,6,5,6,7,2,I remember comparing ThinkPad and Framework and choosing the repairable Framework DIY configuration. The recalled promotional card is an old low-spec ThinkPad Yoga and did not fit my stated development workload; it makes the content feel commercially inser,,,2
unlabeled,production,exp_20260730T201402Z_229b4dc6_export,production/exp_20260730T201402Z_229b4dc6_export,339337ec,exp_20260730T201402Z_229b4dc6,crowd,75,91bdda90-e2e5-43c6-b03c-1159524ca7f2,block_late,explicit,late,3,swt_study_environment,Improve your study environment,Transactional,4,0,4,B0BWF3DRPT,"Ergonomic Office Chair - Desk Chair with Adjustable Armrest, Computer Chair with Lumbar Support and Headrest Executive Swivel Chair",block,0.232421875,3,,1,4,6,4,5,2,5,4,6,4,6,5,2,5,6,5,4,5,5,7,6,5,5,7,3,"I remember the measurable ergonomic and room tests well, especially monitor height, neutral wrist geometry, glare, noise, and airflow. The generic chair promotion did not reflect the test-first conclusion and reinforced the assistant's premature assumption",,,4
unlabeled,production,exp_20260730T201402Z_229b4dc6_export,production/exp_20260730T201402Z_229b4dc6_export,339337ec,exp_20260730T201402Z_229b4dc6,crowd,75,b404c901-bcb8-47b8-9dd4-32567f54327e,block_early,explicit,early,4,swt_fitness_restart,Restart your fitness routine,Social,4,0,2,B0C3951SHN,"FUNMILY Exercise Workout Bands for Home Fitness, Strength Training, Physical Therapy",block,0.1591796875,3,,1,3,5,4,5,3,4,4,5,4,5,5,3,5,5,4,3,5,5,7,7,7,5,6,5,"I remember comparing sustainable options by schedule, cost, travel, enjoyment, and progression.","Please propose an eight-week beginner schedule with simple progression rules, minimal equipment, recovery days, and stop or regression criteria. Include practical adherence metrics beyond weight or appearance, so the decision to continue this approach is evidence-based.",10788.256336003542,0
unlabeled,production,exp_20260730T201402Z_229b4dc6_export,production/exp_20260730T201402Z_229b4dc6_export,339337ec,exp_20260730T201402Z_229b4dc6,crowd,75,c8001587-45a7-4ed6-a830-770ff867f8c7,no_ads,none,none,5,swt_pet_decision_and_setup,Choose a pet and prepare its basic setup,Informational,4,0,,,,,,,,1,2,5,6,5,3,4,6,5,4,5,6,3,6,5,3,2,5,5,5,2,2,6,,,,,,3
unlabeled,production,exp_20260803T095359Z_5e829a77_events,production/exp_20260803T095359Z_5e829a77_events,c6dfe901,exp_20260803T095359Z_5e829a77,crowd,76,84bf6091-9522-4b76-a87e-d4bbf59f8e9e,no_ads,none,none,1,swt_fitness_restart,Restart your fitness routine,Social,2,0,,,,,,,,0,,,,,,,,,,,,,,,,,,,,,,,,,,,,0
unlabeled,production,exp_20260818T103157Z_d0d1a138_events,production/exp_20260818T103157Z_d0d1a138_events,fe06a829,exp_20260818T103157Z_d0d1a138,crowd,77,c4ad70f2-f624-4be5-b0f4-4a01bfbfaee3,block_late,explicit,late,1,swt_gardening_birthday_gift,Choose a gardening birthday gift,Social,4,0,4,B0C5QD35H9,Garden Flower Branch Shrubs Spring Scissor Pruning Shear Gardening Scissor Hand Pruner Non-Slip Clipper,block,1.7762184143066406e-05,3,,1,3,3,3,3,3,3,3,3,3,3,3,3,3,3,3,3,3,3,3,3,3,3,,,,,,1
unlabeled,production,exp_20260818T103157Z_d0d1a138_events,production/exp_20260818T103157Z_d0d1a138_events,fe06a829,exp_20260818T103157Z_d0d1a138,crowd,77,221be684-7ce9-49cf-b10a-cbf439acd052,inline_early,implicit,early,2,swt_laptop_budget,Choose the best laptop within a budget,Transactional,2,0,2,B0CF8ZS17T,"Lenovo ThinkPad E15 Gen 4 15.6"" FHD Business Laptop, AMD Ryzen 7 5825U, 16GB RAM, 1TB SSD, Backlit Keyboard, FHD Webcam with Privacy Shutter, Wi-Fi 6E, Bluetooth, Sliver, Win 11 Pro, 32GB USB Card",inline,0.1884765625,3,,0,,,,,,,,,,,,,,,,,,,,,,,,,,,,2
