subject_id,experiment_id,reference_id,reference_kind,condition,ad_mode,matched_timing,matched_ad_conditions,primary_analysis_eligible,k_epochs,n_pre,n_post,fz_theta_power_db_uv2_pre,fz_theta_power_db_uv2_post,fz_theta_power_db_uv2_post_minus_pre,posterior_alpha_power_db_uv2_pre,posterior_alpha_power_db_uv2_post,posterior_alpha_power_db_uv2_post_minus_pre,theta_power_db_uv2_pre,theta_power_db_uv2_post,theta_power_db_uv2_post_minus_pre,alpha_power_db_uv2_pre,alpha_power_db_uv2_post,alpha_power_db_uv2_post_minus_pre,beta_power_db_uv2_pre,beta_power_db_uv2_post,beta_power_db_uv2_post_minus_pre,faa_log_f4_minus_f3_pre,faa_log_f4_minus_f3_post,faa_log_f4_minus_f3_post_minus_pre,delta_power_db_uv2_pre,delta_power_db_uv2_post,delta_power_db_uv2_post_minus_pre,gamma_power_db_uv2_pre,gamma_power_db_uv2_post,gamma_power_db_uv2_post_minus_pre,delta_relative_power_pre,delta_relative_power_post,delta_relative_power_post_minus_pre,theta_relative_power_pre,theta_relative_power_post,theta_relative_power_post_minus_pre,alpha_relative_power_pre,alpha_relative_power_post,alpha_relative_power_post_minus_pre,beta_relative_power_pre,beta_relative_power_post,beta_relative_power_post_minus_pre,gamma_relative_power_pre,gamma_relative_power_post,gamma_relative_power_post_minus_pre,engagement_beta_over_alpha_theta_pre,engagement_beta_over_alpha_theta_post,engagement_beta_over_alpha_theta_post_minus_pre,engagement_pope_frontocentral_beta_over_alpha_theta_pre,engagement_pope_frontocentral_beta_over_alpha_theta_post,engagement_pope_frontocentral_beta_over_alpha_theta_post_minus_pre,engagement_kislov_central_beta16_24_over_alpha8_12_pre,engagement_kislov_central_beta16_24_over_alpha8_12_post,engagement_kislov_central_beta16_24_over_alpha8_12_post_minus_pre
lab_subject_1,exp_20260721T091553Z_7b92ec42,lab_subject_1__ad_00,advertisement,block_late,explicit_ad_block,late,block_late,yes,1,1,1,5.4376516740549885,7.031970574253165,1.5943189001981768,4.810749091861691,4.203267027490113,-0.6074820643715784,2.8068272420770493,5.541643085771588,2.7348158436945385,2.333256243010778,2.69939203176576,0.36613578875498165,9.013745355329688,9.289649154862742,0.27590379953305444,0.44812153128865617,0.6813251980160011,0.23320366672734494,9.375374842835809,14.32116725400087,4.94579241116506,4.533801306219822,4.7510089294764954,0.2172076232566731,0.3750870769946153,0.6151458638623107,0.24005878686769544,0.08265656277418401,0.08147524806227417,-0.0011813147119098394,0.07411741116787447,0.04234484875401708,-0.03177256241385739,0.34511922519997784,0.1931195755857878,-0.15199964961419005,0.12301972386334849,0.06791446373561023,-0.055105260127738254,2.2013808575620417,1.55967876420186,-0.6417020933601818,2.7583089615359686,2.2109731040231493,-0.5473358575128193,6.929377691004746,7.089823435856576,0.16044574485182928
lab_subject_1,exp_20260721T091553Z_7b92ec42,lab_subject_1__ad_01,advertisement,block_early,explicit_ad_block,early,block_early,yes,1,1,1,4.472222430542846,7.068204035244593,2.5959816047017465,4.866653821831864,2.380199997960732,-2.4864538238711322,4.047983990919502,5.0130902606575045,0.9651062697380022,4.207325793091391,1.0715603634303823,-3.1357654296610082,9.418899797423624,8.40087394585876,-1.0180258515648646,-0.2532267116408491,0.3570553528159408,0.6102820644567899,10.422201035586667,11.217945626336459,0.7957445907497913,3.821644731222527,3.325095235725293,-0.4965494954972338,0.40290304437172914,0.4946827666155737,0.09177972224384456,0.092849345025539,0.11853353717585181,0.025684192150312812,0.09631923502350655,0.04782866453280607,-0.04849057049070048,0.31979408389495084,0.25859469604477625,-0.06119938785017459,0.08813429168427447,0.08036033563099208,-0.007773956053282391,1.6905243133507593,1.554407752415063,-0.13611656093569624,2.066674332795942,1.999325009533855,-0.06734932326208676,4.465015454968555,8.776533205709994,4.311517750741439
lab_subject_1,exp_20260721T091553Z_7b92ec42,lab_subject_1__ad_02,advertisement,inline_late,inline_persuasive,late,inline_late,yes,1,1,1,6.7083219704012,7.4044806548061715,0.6961586844049714,5.924020635243783,4.268391558928889,-1.6556290763148942,9.649565254676338,4.815813013517822,-4.833752241158516,7.712787637562446,4.011003885521855,-3.7017837520405914,17.97749380822307,9.267935342865387,-8.709558465357683,-0.6213580701424632,-0.056416612331009475,0.5649414578114538,22.910491966725072,10.772082944374796,-12.138409022350276,18.992553045505222,3.7810703767139895,-15.211482668791232,0.5542447606593202,0.42162947515425514,-0.13261528550506502,0.02615826439886529,0.10698033923639133,0.08082207483752604,0.016746774152577255,0.08888389095915761,0.07213711680658036,0.1779925317712361,0.2982058807313274,0.12021334896009131,0.22485766901800114,0.08430041391886849,-0.14055725509913264,4.148522825770813,1.5225132247659594,-2.6260096010048537,6.066140770489938,1.9480489540685402,-4.118091816421398,4.873707111140712,3.7335903748150416,-1.1401167363256706
lab_subject_1,exp_20260721T091553Z_7b92ec42,lab_subject_1__ad_03,advertisement,inline_early,inline_persuasive,early,inline_early,yes,1,1,1,5.477831181767689,5.803545291932233,0.32571411016454377,5.0544139541157405,6.0854726441704,1.0310586900546594,6.574355148795213,4.699899228049971,-1.874455920745242,4.041061139017433,4.7020017085268515,0.6609405695094184,8.605579669238628,9.553223065906629,0.9476433966680009,0.048489664637052954,0.4510153946808124,0.40252573004375947,15.892372957342712,11.370056276595337,-4.522316680747375,4.936915717511811,4.6509224998741985,-0.2859932176376123,0.689976752046053,0.4344730113158908,-0.25550374073016224,0.08072957703310027,0.09352917405808689,0.01279959702498662,0.04505087973383849,0.09357446380438439,0.0485235840705459,0.12887097940860312,0.2859430089877983,0.15707202957919517,0.05537181177840513,0.0924803418338397,0.03710853005543457,1.0245707697451827,1.528260018108135,0.5036892483629523,1.261307594016079,1.8723598946356,0.611052300619521,1.2344934653494883,4.123889879632567,2.8893964142830786
lab_subject_2,exp_20260721T134702Z_ab38d57a,lab_subject_2__ad_00,advertisement,inline_early,inline_persuasive,early,inline_early,yes,1,1,1,6.298187591695136,6.3221980115879015,0.024010419892765533,7.486835777915868,7.145512607766343,-0.34132317014952473,6.697204303229545,7.482384986931572,0.785180683702027,4.85754341738972,5.5556864650483355,0.6981430476586157,8.014720066525975,9.913196431445702,1.898476364919727,0.6215132178412688,0.28986231123237616,-0.3316509066088926,12.334431369896349,23.84920568719859,11.514774317302242,4.028866808296659,7.7797696650233945,3.7509028567267357,0.5077629067408952,0.906602173896474,0.3988392671555788,0.13865587148075947,0.020928335367006216,-0.11772753611375325,0.09077623710592678,0.01342965431480736,-0.07734658279111942,0.18779751495768632,0.036628221391372666,-0.15116929356631365,0.07500746971473235,0.02241161503033992,-0.05259585468439243,0.8185319662297,1.0660758015990899,0.24754383536938984,0.718686337812571,0.653108649148194,-0.06557768866437697,1.0075847416043766,1.0861514173894136,0.07856667578503695
lab_subject_2,exp_20260721T134702Z_ab38d57a,lab_subject_2__ad_02,advertisement,block_late,explicit_ad_block,late,block_late,yes,1,1,1,6.842779174113861,8.023454899558931,1.1806757254450702,6.362703259643334,5.810668001104318,-0.552035258539016,6.519373212683373,6.979838307253367,0.46046509456999374,5.341448539144769,4.8759851184329275,-0.4654634207118411,9.945640081411133,9.832782579669265,-0.1128575017418676,0.5251589118633966,0.8153492984870852,0.29019038662368857,14.031633171382223,16.171648593502194,2.140015422119971,6.55948692382063,5.943273362793555,-0.6162135610270756,0.5314054803817816,0.6570862922316093,0.1256808118498277,0.09423235244315964,0.07914826125795862,-0.015084091185201015,0.07184682249630661,0.04875914255064805,-0.023087679945658558,0.20740858086999492,0.15266370774638421,-0.054744873123610704,0.09510676380875736,0.06234259621340002,-0.032764167595357344,1.2488536322846784,1.1935486390984953,-0.05530499318618309,1.1925092348737194,0.9155149641805771,-0.2769942706931423,1.099376698791527,0.9891056887586768,-0.11027101003285023
lab_subject_2,exp_20260721T134702Z_ab38d57a,lab_subject_2__ad_03,advertisement,block_early,explicit_ad_block,early,block_early,yes,1,1,1,5.804455929979282,7.4058885313362275,1.6014326013569455,5.027423436499202,7.42433182166486,2.3969083851656583,5.406979252079185,7.006286086376772,1.599306834297587,4.704012517721622,8.281029641036719,3.5770171233150974,8.920315482100316,10.639379944035095,1.7190644619347797,1.0807089885741128,-0.3049502931812462,-1.385659281755359,15.921834631743659,21.835701571329796,5.913866939586137,4.1468860757647645,6.129184012533369,1.9822979367686049,0.6991658247686768,0.8476040342282536,0.14843820945957675,0.062100436649475954,0.02787734864700625,-0.034223088002469704,0.05281994935082124,0.03738744800541608,-0.015432501345405157,0.1394531333687675,0.06435182270049308,-0.07510131066827441,0.04646065586225865,0.022779346418831288,-0.023681309443427362,1.2134760265111435,0.9860112342524955,-0.22746479225864802,0.8748502062407757,0.6830082542315118,-0.1918419520092639,0.6449720655539215,0.7845178005523192,0.13954573499839773
lab_subject_2,exp_20260721T134702Z_ab38d57a,lab_subject_2__ad_04,advertisement,inline_late,inline_persuasive,late,inline_late,yes,1,1,1,13.710111309552445,9.186918004348671,-4.523193305203774,6.86631904020625,6.908046480830146,0.04172744062389633,8.29368471815452,7.3093362376866144,-0.9843484804679052,7.37438658827835,5.031628001676386,-2.3427585866019642,8.702781376203559,8.528367534804012,-0.17441384139954685,1.2195470850671626,-0.14795045903522208,-1.3674975441023847,19.247903329219493,19.064332540142264,-0.1835707890772298,2.5377884467484346,5.2678643071632685,2.730075860414834,0.7969596108007161,0.8088124826692146,0.011852871868498482,0.06397561230768932,0.05399433727193552,-0.0099812750357538,0.05177077164513628,0.03195783803634299,-0.019812933608793284,0.0702949484847678,0.07149099552060925,0.0011960470358414466,0.01699905676169003,0.03374434650189762,0.016745289740207593,0.6073187436543824,0.8317531844214253,0.2244344407670429,0.49342767108309515,0.7389899603569381,0.24556228927384294,0.8119879514893685,1.0525258256354015,0.240537874146033
lab_subject_3,exp_20260722T074803Z_c9a5b77e,lab_subject_3__ad_00,advertisement,block_late,explicit_ad_block,late,block_late,yes,1,1,1,7.750885099080831,7.351635787829373,-0.3992493112514577,8.345078463372378,6.626436598646881,-1.7186418647254964,6.648926671326539,5.255425912732907,-1.3935007585936319,6.186840929577645,5.172766054429513,-1.0140748751481325,9.075213179002725,7.587066948901889,-1.4881462301008366,0.5329331269784703,0.38486901583563693,-0.14806411114283335,15.238337437686413,11.532978896846316,-3.7053585408400966,4.982743731344234,3.1849284019089796,-1.7978153294352546,0.625391898682123,0.4959794738209789,-0.12941242486114407,0.08653886092497674,0.11687144269053146,0.030332581765554714,0.07780412094573846,0.11466804792856002,0.03686392698282155,0.1513003125703673,0.19992748773519625,0.04862717516482895,0.058964806876794486,0.07255354782473342,0.01358874094793893,0.9206375036409631,0.8634703617971565,-0.05716714184380656,1.1042366169897615,1.0350660147541189,-0.06917060223564264,1.5301596387977516,1.552456669450154,0.022297030652402405
lab_subject_3,exp_20260722T074803Z_c9a5b77e,lab_subject_3__ad_01,advertisement,block_early,explicit_ad_block,early,block_early,yes,1,1,1,4.447775739480698,3.756422080038124,-0.6913536594425742,7.718116118996724,4.948507720062631,-2.7696083989340927,6.348815512085171,4.460245810990653,-1.888569701094518,6.2974855957537015,4.198427011621225,-2.099058584132477,9.125810025987843,8.23448953274025,-0.8913204932475924,1.1845859157465384,1.0894046147214453,-0.09518130102509303,15.66548534375168,13.99124717691146,-1.6742381668402206,5.3217711099495135,3.1445359823939296,-2.177235127555584,0.6464411902091586,0.6392900310471299,-0.007151159162028686,0.07565925107370788,0.07121931555128867,-0.004439935522419211,0.0747702867846757,0.06705264526065308,-0.007717641524022628,0.1434040739827227,0.16983303384394685,0.02642895986122415,0.05972519794973497,0.052604974296981334,-0.007120223652753638,0.9532973113147848,1.228253601429216,0.27495629011443123,0.9244232686239492,1.2030540314549287,0.27863076283097954,0.828209187528342,1.1440273532034833,0.3158181656751412
lab_subject_3,exp_20260722T074803Z_c9a5b77e,lab_subject_3__ad_02,advertisement,inline_late,inline_persuasive,late,inline_late,yes,1,1,1,7.156149245259922,5.221205031268578,-1.9349442139913435,7.881443122936829,8.643968046746783,0.7625249238099547,4.807609840947719,4.907290463817317,0.09968062286959789,5.913608265409318,5.645958787996452,-0.26764947741286527,8.70072507439984,8.202994852887434,-0.49773022151240554,0.2517086349789146,-0.13150464682463792,-0.3832132818035525,14.116298497152261,10.079677370680466,-4.036621126471795,5.0123230090527855,4.307569835278821,-0.7047531737739643,0.595662697300594,0.3878911139366885,-0.20777158336390544,0.06984439151598275,0.11788841805133377,0.04804402653535102,0.09010136710774427,0.13974554519278884,0.049644178085044566,0.17117607402386315,0.25179179786663886,0.08061572384277571,0.07321547005181585,0.10268312495254997,0.029467654900734122,1.0702132741547432,0.9773237763223477,-0.09288949783239553,1.1079944085194178,1.313183117867888,0.20518870934847033,1.4574301004428367,2.21975522654081,0.7623251260979731
lab_subject_3,exp_20260722T074803Z_c9a5b77e,lab_subject_3__ad_03,advertisement,inline_early,inline_persuasive,early,inline_early,yes,1,1,1,4.786018700594078,4.581191945040585,-0.20482675555349328,5.735805937083542,5.401765890887262,-0.33404004619628047,4.509295118681475,4.496447183416184,-0.012847935265290822,3.6085651709331943,3.5742310805380684,-0.034334090395125916,8.192645745990255,8.366049778624625,0.17340403263436954,0.923963300509488,-0.5818029217794383,-1.5057662222889263,9.662884726614317,11.508205115508076,1.845320388893759,2.8738073275812597,2.6005667784345414,-0.27324054914671825,0.4039464413746536,0.5067010410660657,0.10275459969141215,0.12330049658980459,0.10082680451233306,-0.022473692077471533,0.10020556265258243,0.08153693705445784,-0.018668625598124586,0.28793859981667863,0.24577418402080886,-0.04216441579586977,0.08460889956628094,0.06516103334633437,-0.01944786621994657,1.2882809566447415,1.3477140900335929,0.05943313338885137,1.3666852635105176,1.420019345418435,0.05333408190791755,1.4549672891348944,1.31862109038515,-0.1363461987497443
lab_subject_5,exp_20260724T112220Z_6cc09f28,lab_subject_5__ad_01,advertisement,inline_early,inline_persuasive,early,inline_early,yes,1,1,1,2.3519243525500957,6.491024589381347,4.139100236831251,4.105829527811931,3.362476677301282,-0.7433528505106488,3.8098348692118265,4.315043005439268,0.5052081362274414,3.301600565318681,2.789236250588515,-0.5123643147301657,7.472274398958057,6.214513117803262,-1.257761281154795,0.06810421358733265,0.5389034643795405,0.47079925079220786,14.186843739895494,9.144375057053516,-5.042468682841978,3.2884921162302043,2.2194619231878434,-1.069030193042361,0.6813664762388448,0.4400012902729579,-0.2413651859658869,0.062471203846154386,0.14471739783376616,0.08224619398761178,0.0555720534398601,0.10184508368739649,0.04627303024753639,0.14518569505418644,0.22411336481598762,0.07892766976180118,0.055404571420954264,0.08932286338989186,0.03391829196893759,1.2299363673302135,0.90895161110208,-0.3209847562281335,1.2030421108902372,0.7285413733099694,-0.4745007375802678,1.3157826023641308,1.1448908879791886,-0.17089171438494222
lab_subject_5,exp_20260724T112220Z_6cc09f28,lab_subject_5__ad_02,advertisement,inline_late,inline_persuasive,late,inline_late,yes,1,1,1,2.1165980651695473,3.9566168480920316,1.8400187829224843,3.8010315512141113,3.5694602134230142,-0.23157133779109706,3.905357734358608,5.375110555016099,1.469752820657491,3.296943912366101,3.4965682784298595,0.19962436606375844,7.103483906943264,6.767129500903639,-0.3363544060396251,0.8374413269519394,1.09631994252414,0.2588786155722005,11.03081945392618,13.106579465820063,2.075760011893884,3.421708830841121,3.374467594842132,-0.047241235998988884,0.5153073041085575,0.6185595236265006,0.10325221951794306,0.09988956603384697,0.10428806435980065,0.004398498325953681,0.08683178805064139,0.067667538567696,-0.019164249482945386,0.2086088570474583,0.14369329426689756,-0.06491556278056074,0.08936248475949574,0.0657915791791051,-0.02357090558039064,1.1172201383729587,0.8356418274284694,-0.2815783109444894,1.0300151692864066,0.8853994248158643,-0.14461574447054226,1.3166977465821788,0.9804214591719933,-0.33627628741018545
lab_subject_5,exp_20260724T112220Z_6cc09f28,lab_subject_5__ad_03,advertisement,block_late,explicit_ad_block,late,block_late,yes,1,1,1,3.50359644135801,4.358096388667552,0.854499947309542,8.623693943258262,4.6556065098648505,-3.9680874333934115,9.595065486203284,6.0784567375458725,-3.5166087486574114,7.571586656478109,3.8326349805915254,-3.7389516758865837,7.030464535437421,6.12261719694231,-0.9078473384951105,1.1097032404411884,0.9865829691633401,-0.1231202712778483,26.852077422140674,13.792944672965156,-13.059132749175518,2.690163638889345,1.9578577521626037,-0.7323058867267414,0.9570635805778944,0.663700709121223,-0.2933628714566714,0.017998636108954347,0.11233717237774225,0.09433853626878791,0.011295142481102317,0.06697940919180242,0.055684266710700106,0.009971936436361973,0.11348528014067472,0.10351334370431274,0.003670704395687209,0.04349742916855795,0.03982672477287074,0.3404114087127974,0.6328766650989357,0.2924652563861383,0.21599285093574935,0.5273648169548805,0.3113719660191311,0.3358537089695008,0.6718756235911346,0.33602191462163383
lab_subject_5,exp_20260724T112220Z_6cc09f28,lab_subject_5__ad_04,advertisement,block_early,explicit_ad_block,early,block_early,yes,1,1,1,3.352271253514825,2.9947876754460268,-0.3574835780687984,6.149380775370597,3.487095945494248,-2.662284829876349,5.69045674691687,4.768852342218624,-0.9216044046982459,4.65412251410817,3.341057921459946,-1.3130645926482245,6.943331275228037,6.0126427750530915,-0.9306885001749459,1.653825864868793,1.5229117759328687,-0.13091408893592416,13.50325927244436,12.591411243005183,-0.9118480294391773,3.2992869145172987,-0.25525029167290403,-3.5545372061902025,0.6203362928534435,0.6427942943032825,0.022458001449839005,0.1026471599574585,0.10612461386205818,0.0034774539045996783,0.08085623492614745,0.07639003007029227,-0.00446620485585518,0.13697281795664526,0.1413172463443356,0.004344428387690336,0.05918749430630512,0.033373815420031344,-0.025813678886273776,0.746432064886459,0.77427894715514,0.02784688226868104,0.6612991759000225,0.705245452001781,0.0439462761017585,1.1674182418367067,1.0028996735840408,-0.16451856825266598
lab_subject_6,exp_20260724T141230Z_1be52b79,lab_subject_6__ad_00,advertisement,inline_late,inline_persuasive,late,inline_late,yes,1,1,1,5.345607280240801,9.192842168293527,3.8472348880527267,6.670799003949412,6.307924756379051,-0.36287424757036124,6.00013532081744,8.776728279484638,2.776592958667198,5.621791388900954,5.9032533724329985,0.28146198353204444,7.103536545512403,8.123316669265344,1.0197801237529411,0.31427453431451013,0.8687981522488144,0.5545236179343043,10.949701996634595,14.893495913263791,3.943793916629197,-0.008589138650625933,0.786135147436483,0.794724286087109,0.47487604484516893,0.6173188243540347,0.1424427795088658,0.15192302336003352,0.15094987476557553,-0.0009731485944579898,0.13924807540198136,0.07789063893210384,-0.06135743646987753,0.19586810292939988,0.12986484336217372,-0.06600325956722616,0.03808475346341618,0.023975818586112297,-0.014108934877303882,0.6726907435599927,0.567490612845494,-0.10520013071449874,0.7051461614808804,0.6283552185226101,-0.07679094295827027,1.3687857037098585,1.2480001519490571,-0.12078555176080141
lab_subject_6,exp_20260724T141230Z_1be52b79,lab_subject_6__ad_01,advertisement,block_late,explicit_ad_block,late,block_late,yes,1,1,1,7.750820802771332,8.876798986487248,1.1259781837159162,6.379948395258054,7.141653918355583,0.7617055230975298,6.369617533881472,7.763135922808253,1.3935183889267808,4.597881153017696,6.117338879511181,1.519457726493485,6.187475641085943,7.735229417416742,1.5477537763307998,-0.044906121317307424,0.2760918437795503,0.32099796509685774,9.811570939165051,11.865317444133945,2.0537465049688937,0.9824152350682938,0.7755258474922007,-0.2068893875760931,0.4312607138368958,0.47187335519597695,0.04061264135908116,0.19522910210872405,0.18348784625233022,-0.011741255856393823,0.12982876288656076,0.12561097848632752,-0.004217784400233238,0.1872105708793954,0.1823125864862724,-0.0048979843931230005,0.056470850288424065,0.03671523357909287,-0.019755616709331195,0.5759299836726334,0.5898197336739058,0.01388975000127246,0.6796239871355488,0.7535243165332073,0.07390032939765845,1.0850350194339526,1.2324632012818988,0.14742818184794615
lab_subject_6,exp_20260724T141230Z_1be52b79,lab_subject_6__ad_02,advertisement,block_early,explicit_ad_block,early,block_early,yes,1,1,1,7.339566752493257,6.275503135747035,-1.0640636167462212,6.348432407115761,5.802241005557751,-0.5461914015580103,7.015587613916504,6.010445841171719,-1.0051417727447856,5.246575562265762,4.284698398973353,-0.9618771632924092,8.167575318655626,7.708520665823095,-0.45905465283253033,0.7829901846296963,-0.10188674478170867,-0.8848769294114049,15.898753247124716,10.790238932515862,-5.108514314608854,3.434763607116307,0.22300365711503434,-3.2117599500012726,0.69411020737061,0.4681948401883589,-0.22591536718225114,0.08976599884406897,0.1557569068599621,0.06599090801589313,0.059732495983267964,0.10468213458983763,0.04494963860656967,0.11703361991334651,0.23027924479570586,0.11324562488235934,0.03935767788870641,0.04108687356613562,0.0017291956774292128,0.7828414596984024,0.8841963306031164,0.10135487090471407,0.7453677348938049,0.9501964274001132,0.2048286925063083,1.2081285797660177,2.0334624851328464,0.8253339053668287
lab_subject_6,exp_20260724T141230Z_1be52b79,lab_subject_6__ad_04,advertisement,inline_early,inline_persuasive,early,inline_early,yes,1,1,1,5.548592534709188,10.322342975566732,4.773750440857544,7.028671117482306,7.099185212133845,0.07051409465153924,5.863235973703933,7.588542245216738,1.725306271512805,5.227356834058105,6.791859064446678,1.5645022303885732,7.45495265812936,8.710918992947496,1.2559663348181358,0.2517230130792214,0.6764714813657378,0.42474846828651636,11.279689377077542,14.815027437104735,3.5353380600271933,0.710836461083038,2.135982562269047,1.4251461011860092,0.4907451519010491,0.6074465551066976,0.11670140320564854,0.14099726144288194,0.11504282938383807,-0.025954432059043867,0.12179312211572912,0.09576156526893913,-0.026031556846789997,0.20341470536851944,0.14896945504886444,-0.054445250319655,0.0430497591718203,0.03277959519166055,-0.01027016398015975,0.7740568837183159,0.7066714870638104,-0.06738539665450549,0.8860932339949696,0.6044644135744915,-0.2816288204204781,1.6150268475349392,0.7216484705225348,-0.8933783770124044
lab_subject_7,exp_20260727T073257Z_58270880,lab_subject_7__ad_01,advertisement,block_late,explicit_ad_block,late,block_late,yes,1,1,1,2.9447502257651563,0.946606701110117,-1.9981435246550392,4.69645473620697,3.0411481584159046,-1.6553065777910656,5.21127018239675,3.467822687809983,-1.7434474945867668,3.890038534698099,2.3716998500594,-1.5183386846386986,9.85720705156003,10.029479316863688,0.1722722653036577,0.19199583048601454,-0.16187939742483692,-0.35387522791085146,14.984285133305548,10.047047771147227,-4.937237362158321,7.824434630635732,7.832869163608704,0.008434532972971809,0.5943473962583569,0.33476447691975014,-0.2595829193386067,0.06262372103726466,0.07358967058414202,0.010965949546877365,0.04619720539625293,0.05717478959770327,0.010977584201450341,0.18252928655657286,0.3334129942465358,0.15088370768996295,0.11430239075155259,0.2010580686518689,0.08675567790031631,1.6773362673776373,2.549721795837194,0.8723855284595565,1.1759134180680084,2.0777679545973844,0.901854536529376,3.0047379447331286,3.0241817694390476,0.01944382470591899
lab_subject_7,exp_20260727T073257Z_58270880,lab_subject_7__ad_02,advertisement,inline_late,inline_persuasive,late,inline_late,yes,1,1,1,4.247767701245279,1.4754891132279058,-2.7722785880173735,2.438198122808073,2.967453472945294,0.529255350137221,4.739217745197638,5.804225054245209,1.0650073090475711,2.004768379007248,2.295899650778187,0.29113127177093867,7.4355117400706074,7.795298294076762,0.35978655400615445,-0.01993259493928079,0.2171411166935613,0.23707371163284208,12.159691656965864,14.714206221063888,2.5545145640980245,4.033086289466896,4.567936158402567,0.5348498689356713,0.5654482424875773,0.6730353437241283,0.10758710123655102,0.10241073129607238,0.08650471002280267,-0.015906021273269705,0.05456328769799102,0.03856623242830731,-0.01599705526968371,0.1905350449843588,0.13681921005323716,-0.05371583493112164,0.08704269353400057,0.06507450377152475,-0.021968189762475818,1.2137998772367842,1.093932830215296,-0.1198670470214882,1.1097090638487739,0.8213503285189115,-0.28835873532986234,1.3200299012488104,1.3487331502379176,0.028703248989107255
lab_subject_7,exp_20260727T073257Z_58270880,lab_subject_7__ad_03,advertisement,inline_early,inline_persuasive,early,inline_early,yes,1,1,1,0.45876172231626106,1.5886220532733053,1.1298603309570443,2.8590616689697397,2.355213044629267,-0.5038486243404727,3.5196594356779567,1.9845418628118974,-1.5351175728660593,2.742100965879757,1.3019239112892182,-1.4401770545905386,6.272508540932938,6.0588787249918505,-0.2136298159410872,-0.0647081403176415,0.5203947147596075,0.585102855077249,13.09514896110268,8.096917709889132,-4.998231251213548,2.763125188437541,3.4091892107543216,0.6460640223167804,0.6653608386709973,0.41335962204974747,-0.2520012166212498,0.07336827079031777,0.10117901956571879,0.027810748775401017,0.061341223822824545,0.08646267577417949,0.025121451951354942,0.13829076971404214,0.25853786194235145,0.12024709222830932,0.061638897001818446,0.14046082066800256,0.07882192366618411,1.0265851721230528,1.377827361205783,0.3512421890827302,0.7970700308590102,1.2712790524228348,0.4742090215638246,1.721513212056811,2.2654236888178527,0.5439104767610417
lab_subject_7,exp_20260727T073257Z_58270880,lab_subject_7__ad_04,advertisement,block_early,explicit_ad_block,early,block_early,yes,1,1,1,1.3483271785609272,2.4335191215875556,1.0851919430266284,1.59834752502221,2.885630536294062,1.287283011271852,2.41465229731638,3.5691338077464967,1.1544815104301165,1.9015606990083507,1.6921833061825609,-0.20937739282578982,7.6534434413563135,7.572046042171396,-0.08139739918491706,0.7255429434426262,0.540431840905935,-0.18511110253669116,11.277550205995734,10.495082590050009,-0.7824676159457251,4.178513476127792,4.691880333997153,0.5133668578693609,0.5334729263665323,0.47445615382763123,-0.059016772538901086,0.06931426032515887,0.09629443863137255,0.026980178306213673,0.061590457952001035,0.06250376170208517,0.0009133037500841379,0.23158035082034145,0.24204294537468335,0.010462594554341897,0.10404200453596636,0.12470270046422782,0.02066069592826146,1.7690756595191979,1.524217181721338,-0.24485847779785996,1.3628200679932378,1.195373128953937,-0.16744693903930075,1.9387439734138048,1.5929180727850718,-0.345825900628733
lab_subject_8,exp_20260727T120838Z_83e10f68,lab_subject_8__ad_00,advertisement,block_early,explicit_ad_block,early,block_early,yes,1,1,1,6.265262707373149,11.046809191062742,4.781546483689593,8.818210918956112,10.609016618973758,1.7908057000176463,9.363314709770403,10.763291394482257,1.399976684711854,7.678450388670748,8.564033686895394,0.8855832982246463,13.389738294091933,12.209236138977108,-1.1805021551148247,0.8261026922371215,-0.6194467955570815,-1.445549487794203,21.534572314303027,16.344445905337217,-5.19012640896581,9.033849409444802,6.992042539852843,-2.0418068695919587,0.7625883197027103,0.5140558567858586,-0.24853246291685172,0.046255607440846815,0.14219844933626505,0.09594284189541824,0.03138180767563956,0.08569768489577748,0.05431587722013791,0.1168979101306655,0.1983760940513661,0.08147818392070061,0.042876355050137746,0.05967191493073266,0.01679555988059491,1.5056903936751769,0.8704671306507582,-0.6352232630244187,1.2593428403448943,0.9361330279812983,-0.323209812363596,1.0697348832133637,2.0500034703284724,0.9802685871151087
lab_subject_8,exp_20260727T120838Z_83e10f68,lab_subject_8__ad_01,advertisement,inline_early,inline_persuasive,early,inline_early,yes,1,1,1,7.90740404549001,9.275732780781318,1.3683287352913087,7.230724965170502,8.418982106112697,1.188257140942195,9.1191445610667,8.530174484071376,-0.5889700769953237,7.513651826251917,6.016242602536959,-1.4974092237149579,9.778137737600899,9.961122394714735,0.1829846571138365,-0.35739746104410486,-0.32166443894473673,0.03573302209936813,19.538632015399244,15.717196825436144,-3.8214351899631005,2.636655739286863,4.53283740687742,1.8961816675905574,0.7814915067236525,0.6097275586239712,-0.17176394809968132,0.07095377672516638,0.11652888492797851,0.04557510820281213,0.04902597546484256,0.06531913163811341,0.016293156173270852,0.08257999165919938,0.1620049862953581,0.07942499463615871,0.015948749427138916,0.0464194385145787,0.030470689087439783,0.6882827323098609,0.8908812389299723,0.20259850662011136,0.6296732789721196,0.8901831100123924,0.2605098310402728,1.072098530783089,1.2780327828957343,0.20593425211264527
lab_subject_8,exp_20260727T120838Z_83e10f68,lab_subject_8__ad_03,advertisement,inline_late,inline_persuasive,late,inline_late,yes,1,1,1,7.790479148608154,6.376385516048991,-1.4140936325591626,10.522283809707115,9.378172832768314,-1.1441109769388014,6.238175652092738,6.694760599673187,0.4565849475804491,8.903175706667684,7.97575068794583,-0.9274250187218538,10.658523133455187,10.241513749564033,-0.4170093838911537,0.14363121759661723,-0.8390356583837253,-0.9826668759803425,12.573655105826077,14.584478327790066,2.0108232219639888,2.2604955189921476,2.5305744801132724,0.2700789611211247,0.4169348639193362,0.5521513587970371,0.13521649487770093,0.09694385080809659,0.08976072928200861,-0.007183121526087979,0.17906894389350783,0.12055504272001252,-0.05851390117349531,0.26825944079170855,0.20312420915543095,-0.0651352316362776,0.03879290058735068,0.03440866004551077,-0.004384240541839911,0.9719094402189654,0.9658058795204334,-0.006103560698532018,1.0017894186993954,1.0243153831310425,0.022525964431647116,0.7619250871493681,1.1893432520195304,0.42741816487016226
lab_subject_8,exp_20260727T120838Z_83e10f68,lab_subject_8__ad_04,advertisement,block_late,explicit_ad_block,late,block_late,yes,1,1,1,8.363614043845864,8.361106581750807,-0.0025074620950569226,9.026077071609956,7.693070018683024,-1.3330070529269324,7.891663614920725,7.823575073852464,-0.06808854106826168,7.6991344510108215,6.18921433811699,-1.5099201128938313,10.071986597079556,8.965889332883577,-1.106097264195979,0.0226897826885768,-0.907462070145904,-0.9301518528344808,16.698621767026967,14.182850168990056,-2.5157715980369115,2.208599554385855,1.996995746607623,-0.21160380777823207,0.6620221361643531,0.5710248006598079,-0.09099733550454525,0.08713180203112446,0.13204667239096046,0.044914870359836004,0.08335348832476411,0.09063405017090823,0.007280561846144118,0.14394911337601715,0.17177457680366917,0.02782546342765202,0.023543460103741077,0.03451989997465433,0.010976439870913252,0.8443491698053417,0.7713940157345414,-0.07295515407080033,0.7172072660983942,0.8408315668943243,0.12362430079593001,0.9872420275873636,1.4393537326750412,0.4521117050876776
lab_subject_9,exp_20260727T141010Z_f065c5c8,lab_subject_9__ad_00,advertisement,inline_late,inline_persuasive,late,inline_late,yes,1,1,1,6.247509857822235,7.182503467495234,0.9349936096729996,7.422144980535039,8.15985571736652,0.737710736831481,10.627011781408635,9.445886284712763,-1.1811254966958717,6.790274712418295,7.273524636386217,0.48324992396792155,10.904137438785202,11.075707472974766,0.17157003418956407,0.7924046843365034,0.5142559551376173,-0.278148729198886,24.892028649920487,20.447805765846514,-4.444222884073973,7.345406974763295,7.782198450037012,0.43679147527371764,0.9005352446189722,0.7708729937561434,-0.1296622508628288,0.03372865536166727,0.061205561011812265,0.027476905650144996,0.01394200778487901,0.03711544895406542,0.02317344116918641,0.03595105119727562,0.08907852185801973,0.053127470660744115,0.015843041037205973,0.04172747441995922,0.025884433382753248,0.7541546272758377,0.9059968148103285,0.15184218753449075,0.5885373091674431,0.7061014257115763,0.11756411654413323,4.758332009472328,2.4216910497483517,-2.3366409597239763
lab_subject_9,exp_20260727T141010Z_f065c5c8,lab_subject_9__ad_01,advertisement,inline_early,inline_persuasive,early,inline_early,yes,1,1,1,4.493406716225465,6.072064407872516,1.5786576916470514,9.31464373338061,5.83978703595368,-3.4748566974269295,7.12667986437925,6.052941993123362,-1.0737378712558883,7.787057566565848,5.259694635953235,-2.5273629306126137,11.738765371942318,11.530888325961058,-0.20787704598125956,0.45458059784397165,0.5157475996264829,0.06116700178251122,19.526903056440663,14.648887252751184,-4.878015803689479,9.322440892555377,9.314908167602583,-0.007532724952794112,0.7213208187149728,0.4916800626382134,-0.22964075607675938,0.04150554756956052,0.06793413849462121,0.02642859092506069,0.04832189062131023,0.05659308079564794,0.008271190174337709,0.12003687994147115,0.23981851286816266,0.11978163292669151,0.06881486315268522,0.1439742052033544,0.0751593420506692,1.3363052799792594,1.9258320729795868,0.5895267930003274,2.5185007139068922,2.334647411912972,-0.18385330199392014,3.2592794395612716,5.701195721099876,2.4419162815386044
lab_subject_9,exp_20260727T141010Z_f065c5c8,lab_subject_9__ad_02,advertisement,block_early,explicit_ad_block,early,block_early,yes,1,1,1,6.708022173819604,4.297368812666399,-2.410653361153205,8.83070824843375,9.651371961915851,0.8206637134821015,6.621113257121703,6.356059233007424,-0.2650540241142787,7.355086429946358,7.383678582048264,0.028592152101906798,10.210316208985663,10.250549549245182,0.04023334025951897,0.7243625340223012,0.8453738107954685,0.12101127677316725,19.190370803040107,18.28302037334093,-0.9073504296991786,7.4605211499229185,6.639619555665689,-0.8209015942572293,0.7607475773212906,0.7292535704522036,-0.03149400686908699,0.04210317268998475,0.04679316813056531,0.0046899954405805605,0.04985539261045337,0.0592849400438456,0.009429547433392235,0.09621330174834469,0.11471797750398786,0.01850467575564317,0.051080555629926624,0.04995034386939766,-0.0011302117605289652,1.0462679733421885,1.0814481845337163,0.03518021119152781,0.9278293754180771,0.9758686331166776,0.04803925769860051,1.484039542195583,1.1450649130197132,-0.33897462917586973
lab_subject_9,exp_20260727T141010Z_f065c5c8,lab_subject_9__ad_04,advertisement,block_late,explicit_ad_block,late,block_late,yes,1,1,1,6.8366439724188375,4.360789068363546,-2.475854904055291,8.870695615283143,8.10249461876092,-0.7682009965222232,9.714805470454557,6.011152918491898,-3.7036525519626595,8.10647994951989,6.552072798504373,-1.5544071510155177,10.007521245628038,10.051715206356997,0.044193960728959425,0.31842540982772505,0.03571857555213498,-0.28270683427559007,22.447358999797228,13.64257616007502,-8.804782839722208,7.176705420997828,6.792568550106854,-0.38413687089097426,0.8497343875161407,0.497039738654721,-0.3526946488614197,0.045292661434814224,0.08575289449432555,0.040460233059511325,0.031274853847970616,0.09712717922258897,0.06585232537461835,0.04845062887719909,0.2174227662243365,0.16897213734713742,0.025247468323875054,0.10265742140402802,0.07740995308015297,0.6327830895159341,1.1888816632964159,0.5560985737804818,0.5638838678227344,1.5517832449128106,0.9878993770900762,0.9837939943538806,1.5878163995036756,0.604022405149795
lab_subject_10,exp_20260728T091433Z_242026ac,lab_subject_10__ad_00,advertisement,inline_late,inline_persuasive,late,inline_late,yes,1,1,1,8.67007475180702,8.819278528823553,0.14920377701653287,8.343769863260672,5.799172271107662,-2.5445975921530097,11.201739986840668,6.900472053466541,-4.301267933374127,7.3522427091992935,5.676693389067222,-1.6755493201320713,7.341543726258016,6.407741931030708,-0.9338017952273079,0.1037106347239174,0.5434471771912506,0.4397365424673332,20.314953219208988,12.268625033569258,-8.04632818563973,3.6505069021159313,2.4649049759611064,-1.185601926154825,0.8030929107638052,0.5337041733344182,-0.26938873742938696,0.09850186854552193,0.15505483058036346,0.05655296203484153,0.04059707474116121,0.11697887337734765,0.07638179863618644,0.04049718564449361,0.13842428487860498,0.09792709923411136,0.01731096030501817,0.055837837829265734,0.03852687752424756,0.2911394198087389,0.5088497596611178,0.21771033985237886,0.21908050979743246,0.4990684415680574,0.279987931770625,0.3473223050816072,0.6263740007417942,0.27905169566018695
lab_subject_10,exp_20260728T091433Z_242026ac,lab_subject_10__ad_01,advertisement,block_early,explicit_ad_block,early,block_early,yes,1,1,1,4.764433492813894,7.218460119197782,2.4540266263838877,8.422707798209244,9.237874523321059,0.8151667251118155,6.1501912885166865,7.2027863184311,1.0525950299144133,8.135635445708026,8.388096944115091,0.2524614984070652,4.626277547415135,4.266312414446194,-0.3599651329689415,0.8109825916376856,0.3747210418159703,-0.4362615498217153,12.80076340731712,11.503355538828789,-1.2974078684883317,-3.7257916329967578,-4.490226106193637,-0.7644344731968791,0.5772612428106324,0.4822458044423013,-0.0950154383683311,0.12482891283786414,0.17914782337749027,0.054318910539626133,0.19717852061699398,0.2353653885888289,0.03818686797183493,0.087886832816117,0.09110960116705397,0.003222768350936961,0.012844490918392374,0.012131382424325675,-0.0007131084940666995,0.2729341738268839,0.2197990282019213,-0.053135145624962604,0.24130336475526976,0.21302194004655417,-0.028281424708715586,0.19307318669070084,0.17232886077389564,-0.020744325916805195
lab_subject_10,exp_20260728T091433Z_242026ac,lab_subject_10__ad_02,advertisement,inline_early,inline_persuasive,early,inline_early,yes,1,1,1,7.924464851303861,8.580369540137182,0.6559046888333215,7.503145149244203,7.022175364380109,-0.4809697848640937,5.9107398577506585,6.763317169042763,0.8525773112921042,6.179457378698601,8.052549508490529,1.873092129791928,4.6979191765991954,6.084352047984528,1.3864328713853329,0.7371992652531638,0.7712683169347265,0.03406905168156271,12.221739139186798,10.984328545717101,-1.237410593469697,-2.6591878264450575,0.5625467555572935,3.221734582002351,0.5910368159453063,0.4344394091840939,-0.15659740676121242,0.13820208845588738,0.16437208979955784,0.02617000134367045,0.14702336487152143,0.22118277916814488,0.07415941429662345,0.10452797521313918,0.14058259790654354,0.036054622693404356,0.019209755514145735,0.0394231239416599,0.020213368427514165,0.36647492008068466,0.3646241020971775,-0.0018508179835071692,0.3209746327364299,0.312771554737323,-0.008203077999106911,0.1630618261691673,0.420314054586265,0.25725222841709766
lab_subject_10,exp_20260728T091433Z_242026ac,lab_subject_10__ad_03,advertisement,block_late,explicit_ad_block,late,block_late,yes,1,1,1,10.271784733238508,7.170982422391178,-3.100802310847331,8.18555737813263,6.543483184492977,-1.6420741936396537,7.209589611013042,5.8421188827780615,-1.3674707282349807,7.734288913250618,6.508866460895004,-1.2254224523556134,4.574201473312051,4.236090379593293,-0.3381110937187586,-0.20844928037790922,0.1405372226062802,0.34898650298418943,10.266032483500924,11.616111939798113,1.3500794562971894,-3.570558129134325,-2.135326240945163,1.4352318881891621,0.42301915056101796,0.5561469794781844,0.1331278289171664,0.2092742246566898,0.14716016874025808,-0.06211405591643171,0.2361487612687558,0.17157935660231327,-0.06456940466644254,0.11407144100811305,0.10166873661149475,-0.012402704396618294,0.01748642250542351,0.023444758567749344,0.005958336062325834,0.256096889052794,0.3189712242377984,0.0628743351850044,0.21902061734817033,0.2761386479626178,0.05711803061444745,0.21149972245637516,0.2123695531949773,0.0008698307386021398
lab_subject_11,exp_20260728T164420Z_99421c58,lab_subject_11__ad_00,advertisement,block_late,explicit_ad_block,late,block_late,yes,1,1,1,7.542654978596475,7.538257486998678,-0.004397491597797121,7.137751321411954,6.483072763698879,-0.6546785577130745,6.5472250244478145,8.422555392352747,1.8753303679049322,8.469186467371197,6.825060222825442,-1.6441262445457543,9.88914498854652,9.352026866887988,-0.5371181216585317,-0.18462861792546192,0.14289454072473262,0.32752315865019455,11.036266127729487,16.39166291882145,5.355396791091962,3.282453847727285,3.9996122148746025,0.7171583671473174,0.3514894504268811,0.6555322645324292,0.30404281410554806,0.12502825917663435,0.1046365276887552,-0.02039173148787915,0.19462755579120367,0.0724325545932156,-0.12219500119798807,0.2698983196812328,0.12960759944844616,-0.14029072023278663,0.058956414924047906,0.03779105373715374,-0.021165361186894167,0.8443404031564027,0.7319606437111061,-0.11237975944529655,0.7889517029428795,0.5672114833255478,-0.2217402196173317,0.48249060795812393,1.0892448714154273,0.6067542634573033
lab_subject_11,exp_20260728T164420Z_99421c58,lab_subject_11__ad_01,advertisement,inline_early,inline_persuasive,early,inline_early,yes,1,1,1,4.544604266802014,6.783988043136682,2.239383776334668,6.025176395186923,6.197842523698124,0.17266612851120033,7.138952466930081,6.355580167101809,-0.7833722998282724,6.897837190086325,6.431928071691502,-0.46590911839482363,7.748692564669389,8.475452824635747,0.7267602599663583,0.26378065110625926,0.6733499524600504,0.4095693013537911,13.876284701217877,12.58932133000152,-1.2869633712163573,2.2266604095875833,2.2904741978635683,0.06381378827598505,0.5797778663192497,0.5098320971278749,-0.06994576919137474,0.12289335713745188,0.12135370978627405,-0.001539647351177828,0.11625640269992354,0.12350594065324554,0.007249537953321991,0.14141725986472994,0.19771532046926935,0.0562980606045394,0.039655113978645046,0.04759293196333628,0.007937817984691231,0.5913334805809352,0.8074638680336803,0.21613038745274515,0.6093812849903995,0.8024151605050329,0.19303387551463347,0.49299862641071013,0.6960180638170934,0.20301943740638329
lab_subject_11,exp_20260728T164420Z_99421c58,lab_subject_11__ad_03,advertisement,inline_late,inline_persuasive,late,inline_late,yes,1,1,1,6.31225602248147,5.1290387028856035,-1.1832173195958662,9.116196090806785,7.875137962852266,-1.2410581279545188,6.900063806080109,7.563232717729998,0.6631689116498896,8.844539099761949,7.519333988001624,-1.325205111760325,9.239904904778054,8.344256131922558,-0.8956487728554965,0.11594996250157408,0.1423739684891281,0.02642400598755401,20.00445473463621,16.19242986576595,-3.8120248688702603,0.682637352641692,2.256050208025834,1.573412855384142,0.8189755074933635,0.6768765572914311,-0.1420989502019323,0.04007115134349764,0.09280892843078373,0.05273777708728609,0.06270170498623776,0.09187553591784103,0.02917383093160328,0.06867772981282796,0.11109438260794484,0.042416652795116874,0.00957390636407333,0.027344595751999302,0.017770689387925972,0.6682477481455126,0.6015361551918869,-0.06671159295362572,0.6557775307002416,0.41376639070096405,-0.24201113999927754,0.6802499011929326,1.0282838406302768,0.3480339394373442
lab_subject_11,exp_20260728T164420Z_99421c58,lab_subject_11__ad_04,advertisement,block_early,explicit_ad_block,early,block_early,yes,1,1,1,9.162407681667506,6.037331328852938,-3.1250763528145686,6.01170214978318,9.027907189419233,3.016205039636053,8.040340229051331,7.988729379641683,-0.05161084940964855,9.03061630954171,9.104543718788786,0.07392740924707653,8.628532424494361,9.68558793288955,1.0570555083951891,0.5575915030843461,0.3066932309014234,-0.2508982721829227,11.03238434304579,16.020733824858556,4.988349481812767,1.2641892289523537,0.29409459911693664,-0.9700946298354172,0.3554646780653684,0.6172748356984398,0.26181015763307136,0.17848102059980223,0.09711316939313006,-0.08136785120667217,0.22419176121505138,0.125562386620909,-0.0986293745941424,0.20436723080084596,0.1435370391131609,-0.060830191687685053,0.037495309318931906,0.01651256917436017,-0.020982740144571736,0.5075268059583246,0.6446016872373334,0.1370748812790088,0.4820191957468507,0.8031252264700868,0.32110603072323607,0.6492531242725049,0.3784388647664214,-0.2708142595060835
lab_subject_12,exp_20260728T142237Z_262a5eab,lab_subject_12__ad_01,advertisement,block_early,explicit_ad_block,early,block_early,yes,1,1,1,6.756413214726889,9.419324677909271,2.6629114631823825,7.817172176378655,8.216893459676319,0.399721283297664,6.74117530578768,7.905006168119321,1.1638308623316416,7.451003116375911,9.609189814477183,2.1581866981012725,8.144714590279046,7.612970945576702,-0.5317436447023436,-0.5671503206419182,-1.1420353691230076,-0.5748850484810895,11.454632534061826,15.646793253886242,4.192160719824416,1.6429319391654253,2.2670210106928312,0.6240890715274059,0.43352543149984457,0.6171303082736133,0.1836048767737687,0.1464430806514087,0.10380019449505255,-0.042642886156356155,0.17244540929143434,0.15367970985252827,-0.018765699438906075,0.2023125316998446,0.09704980006337903,-0.10526273163646556,0.045273546857467824,0.028339987315427043,-0.01693355954204078,0.634430335620162,0.37692184292708225,-0.2575084926930798,0.5619173384849947,0.30250541580899243,-0.25941192267600227,0.49434320455692626,0.27450046885139917,-0.2198427357055271
lab_subject_12,exp_20260728T142237Z_262a5eab,lab_subject_12__ad_02,advertisement,inline_early,inline_persuasive,early,inline_early,yes,1,1,1,9.608091082390398,7.070135350408412,-2.5379557319819863,9.031961038730987,9.830334170826502,0.7983731320955147,7.14289779208154,6.245692084734924,-0.8972057073466164,7.5778523365070445,8.456977844747689,0.8791255082406444,7.510140345816544,9.147006098006932,1.6368657521903875,0.11169177994793245,0.6690949587197821,0.5574031787718496,13.134648427793007,11.453361255775686,-1.6812871720173206,1.7543595678108372,3.158818220101671,1.4044586522908336,0.5329101832614762,0.3938331178132719,-0.1390770654482043,0.1341154946081176,0.11872585791451884,-0.015389636693598774,0.14824307331748243,0.19754857099796877,0.04930549768048634,0.14594970145419872,0.23156702586121697,0.08561732440701825,0.038781547358724876,0.0583254274130238,0.019543880054298926,0.5168948919327842,0.7321711927754078,0.2152763008426236,0.5372495109008916,0.740406358875317,0.20315684797442546,0.41306949746460825,0.3185939779836133,-0.09447551948099497
lab_subject_12,exp_20260728T142237Z_262a5eab,lab_subject_12__ad_03,advertisement,block_late,explicit_ad_block,late,block_late,yes,1,1,1,10.359343030616117,9.978090513828459,-0.3812525167876579,8.196534826153998,7.418239327137156,-0.778295499016842,7.085438268269146,7.962394218285249,0.8769559500161028,7.705878194723192,6.517972766761262,-1.1879054279619297,8.862040888078543,7.248985627673758,-1.613055260404785,0.5631562086690245,-0.5767400899748836,-1.139896298643908,9.551129135997373,11.414654150289428,1.8635250142920547,0.9632699606235312,-0.25001477237826397,-1.213284733001795,0.3112985204358393,0.44906901763038437,0.1377704971945451,0.17644443677138152,0.20280894218735798,0.026364505415976458,0.20354102743080443,0.1454269696998762,-0.05811405773092823,0.265624562292801,0.17208627773330645,-0.09353828455949456,0.04309145306917371,0.030608792749074857,-0.012482660320098853,0.6990387457333505,0.4941657992729695,-0.20487294646038096,0.6634845137311486,0.5701353626978451,-0.09334915103330343,0.4885328485936049,0.6577148767473644,0.1691820281537595
lab_subject_12,exp_20260728T142237Z_262a5eab,lab_subject_12__ad_04,advertisement,inline_late,inline_persuasive,late,inline_late,yes,1,1,1,10.698074136464111,7.211129522849349,-3.486944613614762,10.431108257574763,6.000262596312296,-4.430845661262468,8.220057154403856,6.277783949281969,-1.9422732051218867,8.461816207537757,5.335464135710345,-3.1263520718274114,6.903134287622784,7.901816611482532,0.9986823238597484,0.15447008408690266,-0.09312590757460981,-0.24759599166151247,15.32403861377398,10.681354216989494,-4.642684396784487,1.0953536346314332,0.8768223035556554,-0.21853133107577782,0.6319586900342203,0.4373136548357104,-0.19464503519850995,0.12310920995099747,0.1586485150099734,0.03553930505897593,0.13015667621015883,0.12770386160761732,-0.0024528146025415143,0.09090719500744193,0.23058936724183784,0.1396821722343959,0.023868228797181534,0.04574460130486109,0.021876372507679556,0.35893975452184085,0.8052643737955715,0.4463246192737306,0.31516264798434934,0.8181487359754596,0.5029860879911102,0.22204089128225982,0.5993466671879295,0.3773057759056697
lab_subject_13,exp_20260729T085134Z_65b7fd8e,lab_subject_13__ad_00,advertisement,block_late,explicit_ad_block,late,block_late,yes,1,1,1,7.005092051723354,8.339700871564965,1.3346088198416108,2.6710959840124615,3.1859021418746716,0.5148061578622101,4.836087033859716,12.266541775128342,7.430454741268626,3.706786467667058,5.800053422414915,2.0932669547478566,6.634731110088512,6.1334304908761,-0.5013006192124116,-0.15718688304416872,1.5629730492644889,1.7201599323086576,13.235247265636925,23.22393618004647,9.988688914409543,1.9315350270620888,3.0043443408387454,1.0728093137766566,0.6456366745372153,0.8870271625101799,0.24139048797296458,0.09334093969479569,0.07115369838207221,-0.022187241312723482,0.071968443843211,0.016052720467711334,-0.05591572337549966,0.14123312751395722,0.01733350340300406,-0.12389962411095316,0.04782081441082092,0.008432915237032509,-0.03938789917378841,0.8543563861363379,0.19876407759458276,-0.6555923085417552,0.6258216844787614,0.11489152465537693,-0.5109301598233845,1.1810489854822372,0.8801097666426781,-0.3009392188395591
lab_subject_13,exp_20260729T085134Z_65b7fd8e,lab_subject_13__ad_01,advertisement,inline_late,inline_persuasive,late,inline_late,yes,1,1,1,6.231773533002601,4.595810185657795,-1.6359633473448056,3.40110867652295,3.5033145379923236,0.10220586146937372,5.1438549769020945,6.451559581672724,1.3077046047706293,4.382862715877377,5.7147488795859385,1.3318861637085613,7.138955093665775,7.070991680255199,-0.06796341341057577,0.23837104735907033,0.12094797935825241,-0.11742306800081792,10.240741005611419,14.98393167561436,4.7431906700029405,2.701295056098893,1.3957951594720208,-1.3054998966268723,0.44750869680841787,0.6830597917909451,0.23555109498252724,0.13839260265011466,0.09576824129131802,-0.042624361358796645,0.1161485121125704,0.08082401895017755,-0.03532449316239286,0.2190901680824503,0.11044974610354084,-0.10864042197890945,0.0788600203464468,0.029898201864018342,-0.04896181848242846,0.8607260492542175,0.6254506621779307,-0.2352753870762868,0.5277551303363289,0.4612116318068267,-0.0665434985295022,0.9727754141446476,0.9861947578154415,0.013419343670793893
lab_subject_13,exp_20260729T085134Z_65b7fd8e,lab_subject_13__ad_03,advertisement,block_early,explicit_ad_block,early,block_early,yes,1,1,1,6.527023705274032,5.7969080412239515,-0.7301156640500803,1.6474458148601532,2.4549904143300014,0.8075445994698482,4.961482212457312,5.543668865534532,0.58218665307722,4.182302455196252,3.8939178065786306,-0.2883846486176216,6.564383906617854,6.222701634458452,-0.34168227215940217,0.23684997581043277,0.41796496494637836,0.1811149891359456,12.3822919701486,13.848219567381538,1.4659275972329375,1.2432529623213273,3.3358468351416977,2.0925938728203706,0.5983254402612668,0.6620555523379222,0.06373011207665547,0.10835688042400372,0.0978226361098859,-0.010534244314117827,0.09056043867051565,0.0669058751912809,-0.023654563479234753,0.15672802565136856,0.1143780370246147,-0.04234998862675386,0.04602921499284521,0.058837899336295955,0.012808684343450748,0.7879053788016127,0.6943426861637919,-0.0935626926378208,0.5361398653773961,0.3849054121983754,-0.15123445317902073,1.7506469639199265,1.3244635949781771,-0.42618336894174935
lab_subject_13,exp_20260729T085134Z_65b7fd8e,lab_subject_13__ad_04,advertisement,inline_early,inline_persuasive,early,inline_early,yes,1,1,1,3.5377774918393117,5.158083993575207,1.6203065017358957,2.3580137883160894,1.868591244989224,-0.4894225433268655,5.110753898706836,5.041799593283377,-0.0689543054234587,3.4153669605186696,3.654404126251456,0.23903716573278633,6.050497080083654,6.429682855954563,0.3791857758709085,0.5274854344541495,0.20598646085805683,-0.3214989735960927,17.387505964192854,14.33379332282194,-3.0537126413709146,-0.3223959377761938,-1.0360073559531011,-0.7136114181769073,0.8405387771384105,0.7172086523830866,-0.1233301247553239,0.04976024927406857,0.08442015540348637,0.03465990612941779,0.03367781085425679,0.06133475016206129,0.027656939307804496,0.06178127481399266,0.1162075843793944,0.05442630956540173,0.014241887919271518,0.020828857671971283,0.006586969752699765,0.7404447648827742,0.7972807771271513,0.056836012244377065,0.5088919694994901,0.4764508332277742,-0.03244113627171591,0.9078407917723822,1.3157499191182782,0.407909127345896
lab_subject_14,exp_20260729T141534Z_a0790737,lab_subject_14__ad_00,advertisement,inline_early,inline_persuasive,early,inline_early,yes,1,1,1,-2.023891459907804,-4.251482611169929,-2.227591151262125,4.502375286513595,2.1459457869180607,-2.356429499595534,3.77070490133156,3.070097482605693,-0.7006074187258671,3.5911117081628694,1.7999600362039763,-1.7911516719588931,7.317674972561466,6.067057905839526,-1.25061706672194,1.0619433941934417,1.305587811341269,0.24364441714782714,27.34545452686846,14.099975850250308,-13.24547867661815,4.578157959137323,3.042698477111071,-1.5354594820262522,0.9767271849079385,0.728089757969154,-0.24863742693878454,0.004288429875714823,0.057437705839527266,0.05314927596381244,0.004114707740618035,0.04287294733660171,0.03875823959598368,0.009704995090436583,0.11452310846723981,0.10481811337680323,0.005164682385291862,0.05707648038747703,0.051911798002185164,1.1549251640926779,1.1416844058043976,-0.013240758288280308,1.6438935856534487,1.6184117225624621,-0.025481863090986545,1.2436724357925402,1.3980362964991593,0.15436386070661912
lab_subject_14,exp_20260729T141534Z_a0790737,lab_subject_14__ad_01,advertisement,inline_late,inline_persuasive,late,inline_late,yes,1,1,1,-1.3138920450566962,-2.2796819651137676,-0.9657899200570714,3.6271474084274185,5.349525718425871,1.7223783099984522,4.7621177974392275,3.4671327689287934,-1.294985028510434,2.3777081551870327,3.327463991454933,0.9497558362679004,6.967753366410888,8.015112748659329,1.0473593822484402,1.6923737874544535,1.211099573735794,-0.48127421371865964,10.66380764523936,15.015615399239174,4.351807753999813,4.939620769919447,5.867400374796151,0.9277796048767044,0.4762016950488964,0.685413459317357,0.20921176426846055,0.12235506502623997,0.04798487472209117,-0.07437019030414879,0.07066119664860293,0.04646623532505011,-0.024194961323552817,0.20332253185125015,0.1367421371623321,-0.06658039468891805,0.12745951142501064,0.08339329347316965,-0.044066217951840986,1.0533958646125334,1.4477557446819107,0.3943598800693773,0.9169736201313982,1.828912694160784,0.9119390740293859,0.9608245280741955,1.900541764350777,0.9397172362765814
lab_subject_14,exp_20260729T141534Z_a0790737,lab_subject_14__ad_03,advertisement,block_early,explicit_ad_block,early,block_early,yes,1,1,1,-2.1916045847479317,-2.9189320518223623,-0.7273274670744305,2.8435904383032846,6.351282640912544,3.507692202609259,3.55226476385081,3.773182096327167,0.22091733247635714,1.7603836679994254,3.6869838038535097,1.9266001358540843,7.420025180785049,8.764582523344126,1.344557342559077,2.0493196941372567,1.5104056267959258,-0.5389140673413308,10.538092240481877,12.206236777198157,1.6681445367162802,4.770767581625405,6.743488213921913,1.9727206322965083,0.4795148366863636,0.4947878552736683,0.015273018587304732,0.09598852133074301,0.07097633387996329,-0.025012187450779724,0.0635376564359899,0.06958149151816531,0.006043835082175417,0.23388121605531306,0.22400288191920079,-0.009878334136112277,0.12707776949159033,0.14065143740900238,0.013573667917412047,1.4660992905960915,1.5936706567899364,0.1275713661938449,2.3740152151505187,2.211461743067315,-0.1625534720832036,2.54734921441599,1.3856340421983815,-1.1617151722176084
lab_subject_14,exp_20260729T141534Z_a0790737,lab_subject_14__ad_04,advertisement,block_late,explicit_ad_block,late,block_late,yes,1,1,1,-5.67643038000321,-3.223540014386206,2.4528903656170042,3.577689294540992,3.415069942064549,-0.162619352476443,2.10932294842411,2.1679500686267814,0.05862712020267136,1.3018207556426558,1.7533913300887431,0.4515705744460874,5.698210612236644,5.49463371747896,-0.20357689475768392,0.8126411727162619,1.1577459126857832,0.3451047399695213,11.479098659194696,10.083084031076517,-1.396014628118179,2.2739994611010323,2.6976806861808624,0.4236812250798301,0.6266097508570379,0.5438439454777727,-0.08276580537926514,0.07244686178988018,0.08789433845384098,0.015447476663960805,0.060154671352933925,0.07989231908267508,0.019737647729741153,0.16554205574711697,0.18907289179266318,0.023530836045546205,0.07524666025303119,0.09929650519304785,0.024049844940016663,1.2484173585596887,1.1268648804897643,-0.12155247806992442,1.3108952425182097,0.9450103124360815,-0.3658849300821282,1.4175283988079592,0.8010293497654206,-0.6164990490425386
lab_subject_15,exp_20260730T074927Z_347e077f,lab_subject_15__ad_00,advertisement,inline_late,inline_persuasive,late,inline_late,yes,1,1,1,0.5847201772308876,1.4352318365987822,0.8505116593678945,2.9147702860968283,2.0862123950958797,-0.8285578910009486,4.852475401268976,6.787639196098905,1.9351637948299283,2.0188627640906147,1.2236686804160688,-0.7951940836745459,4.019258947996232,4.120360752951051,0.10110180495481824,1.9415414684011267,1.1724437358590656,-0.7690977325420612,15.816377886715996,20.081984700859408,4.265606814143412,0.17541088240556452,1.421188939094655,1.2457780566890906,0.8229074460301384,0.9100879088499518,0.0871804628198134,0.06591143142432039,0.04262346912230716,-0.02328796230201323,0.03432412538503993,0.011837275145276212,-0.022486850239763715,0.05440503551744811,0.023063273527679704,-0.0313417619897684,0.022451961643053162,0.01238807335478515,-0.010063888288268012,0.5427718191950782,0.4234843617700546,-0.11928745742502361,0.4460179511942315,0.33179984239949234,-0.11421810879473915,0.7702915293243028,1.17688275632723,0.40659122700292716
lab_subject_15,exp_20260730T074927Z_347e077f,lab_subject_15__ad_02,advertisement,block_early,explicit_ad_block,early,block_early,yes,1,1,1,2.811127432408907,3.185783381838701,0.3746559494297941,2.890306377878917,3.2426334895828948,0.3523271117039779,3.442883810627989,5.0846629195964095,1.6417791089684206,1.903823294244139,2.0626443703816006,0.15882107613746155,4.927549835815261,2.9860488093950317,-1.9415010264202297,1.0635694018167179,0.6725067304220786,-0.39106267139463924,21.31222816170983,14.9639685329128,-6.348259628797029,1.9407264323555617,-1.1781023706075595,-3.1188288029631215,0.9413190302259657,0.8052720468531227,-0.13604698337284304,0.015374549660238018,0.08279651600680667,0.06742196634656865,0.010786892532406936,0.04128670342149011,0.03049981088908317,0.0216405854707925,0.0510682118675632,0.029427626396770698,0.010878942110596526,0.01957652185101743,0.008697579740420904,0.8271939028222439,0.411564207496032,-0.4156296953262119,0.6994786509127965,0.38675975085795467,-0.3127189000548418,0.8468557664753977,0.9565622098613328,0.10970644338593505
lab_subject_15,exp_20260730T074927Z_347e077f,lab_subject_15__ad_03,advertisement,block_late,explicit_ad_block,late,block_late,yes,1,1,1,3.4935888062973715,2.192640690284135,-1.3009481160132363,3.2309627530798286,1.7016039693142304,-1.5293587837655982,2.599573306099367,3.370554219549602,0.7709809134502348,2.2010916782733556,1.0451776009760874,-1.1559140772972682,3.7484906832031233,2.5287532336867873,-1.219737449516336,1.0577814965669141,1.1059505388570514,0.0481690422901373,10.504161773374934,12.720298736750467,2.216136963375533,0.29510331385825017,-0.47608477158009815,-0.7711880854383484,0.6187393470074741,0.7531614131443927,0.13442206613691854,0.10024180725218478,0.08748097402909194,-0.012760833223092835,0.09145358301110569,0.05121249659064055,-0.040241086420465144,0.1305992327788006,0.07206651340870879,-0.0585327193700918,0.058966029950434734,0.036078602827166094,-0.02288742712326864,0.681285202525865,0.5196099937992004,-0.16167520872666463,0.5413299207002432,0.48513887035272746,-0.05619105034751576,0.810156519443436,0.8331144831259332,0.02295796368249714
lab_subject_15,exp_20260730T074927Z_347e077f,lab_subject_15__ad_04,advertisement,inline_early,inline_persuasive,early,inline_early,yes,1,1,1,2.3054464850091563,1.4434594970246089,-0.8619869879845474,1.3660283183899822,1.4747029215942151,0.10867460320423294,7.5836405388337536,3.6146719118339403,-3.9689686269998132,2.8603064764123083,3.1918031018549815,0.3314966254426732,4.005009934727427,6.980244481471804,2.9752345467443764,2.4185848141378017,0.5185819086632506,-1.900002905474551,21.722721775751932,14.369850523043688,-7.352871252708244,0.044081273153958114,5.054928826473818,5.010847553319859,0.9300094083147505,0.6850374046034682,-0.24497200371128236,0.03585743487930402,0.057570025853439774,0.021712590974135755,0.01208497655265661,0.05222873936596376,0.04014376281330715,0.015729544918535034,0.12495501225845955,0.10922546733992451,0.006318635334754025,0.08020881791866871,0.0738901825839147,0.3280924853114291,1.1380365891070843,0.8099441037956552,0.23439342996479684,0.9695206957574877,0.7351272657926908,0.6964210178270702,1.13327329815354,0.43685228032646983
lab_subject_16,exp_20260730T110035Z_a5786cb8,lab_subject_16__ad_01,advertisement,inline_early,inline_persuasive,early,inline_early,yes,1,1,1,3.389883235419922,2.3418127407629705,-1.0480704946569515,6.632655471855058,4.891884991415823,-1.7407704804392345,7.692589600603769,4.47691794405387,-3.2156716565498993,5.064134827572361,2.664577696040593,-2.399557131531768,10.473764874087856,9.562551137700995,-0.9112137363868609,1.170058107113217,1.3299949597938756,0.1599368526806586,18.160634355887414,13.970381279269848,-4.190253076617566,9.174272653379557,6.117178261653478,-3.0570943917260784,0.6966564422209479,0.5838512810122757,-0.11280516120867223,0.0625481086667895,0.06560786479566763,0.003059756128878127,0.034148269851092386,0.043223693912447285,0.009075424061354899,0.11866747712752394,0.21160173448601644,0.09293425735849249,0.08797970213364638,0.09571542579359299,0.007735723659946611,1.2272173885558597,1.9443049148412002,0.7170875262853404,0.9549500201272533,1.8689037409859304,0.9139537208586771,2.4844376526898353,2.154900294692707,-0.32953735799712813
lab_subject_16,exp_20260730T110035Z_a5786cb8,lab_subject_16__ad_02,advertisement,block_late,explicit_ad_block,late,block_late,yes,1,1,1,2.570327783026742,6.367585694727072,3.7972579117003304,4.971518976424322,7.192193837893985,2.2206748614696625,3.020548565616825,8.014583853508361,4.994035287891536,3.7582439063285147,5.302392771584785,1.54414886525627,11.594611125499954,10.000371798998195,-1.594239326501759,0.3537656485900662,0.914138801318952,0.5603731527288858,16.218004184342803,18.08603179382299,1.8680276094801869,9.761110280757133,6.839395942222342,-2.921714338534792,0.5967911470652794,0.723856870147854,0.1270657230825747,0.02858095987424711,0.07120457631592396,0.04262361644167685,0.03387242924691384,0.0381319309949577,0.004259501748043862,0.2058178637500052,0.11248295089564499,-0.0933349128543602,0.13493760006355435,0.05432367164561914,-0.08061392841793522,3.295543550898639,1.028777611999411,-2.266765938899228,3.253805122241224,0.8564624798278163,-2.397342642413408,3.735802213150974,2.2247892195056025,-1.5110129936453713
lab_subject_16,exp_20260730T110035Z_a5786cb8,lab_subject_16__ad_03,advertisement,inline_late,inline_persuasive,late,inline_late,yes,1,1,1,2.8897320326590052,3.5125528328520064,0.6228208001930011,6.910731702012329,5.862022221674666,-1.0487094803376635,3.302196051146212,4.333718346066262,1.03152229492005,5.13623768221586,3.7078821729738394,-1.4283555092420208,8.61107107294158,8.614842299048918,0.0037712261073377107,0.19273009658471452,0.04125256845763303,-0.15147752812708148,11.625663034891737,11.746036678411446,0.12037364351970936,4.287389509247703,5.290323788166611,1.0029342789189082,0.48647297247917765,0.4875675437282436,0.0010945712490659787,0.07156686912610137,0.08847141118952266,0.01690454206342129,0.10917323550246082,0.07659833637262316,-0.03257489912983766,0.24299622147907513,0.2370911537003639,-0.0059050677787112205,0.08979070141318506,0.11027155500924674,0.02048085359606168,1.3444510391230273,1.4363089372939357,0.09185789817090839,1.4874780383632935,1.47230082882011,-0.015177209543183467,1.8254964079031777,2.3809137251460717,0.555417317242894
lab_subject_16,exp_20260730T110035Z_a5786cb8,lab_subject_16__ad_04,advertisement,block_early,explicit_ad_block,early,block_early,yes,1,1,1,4.1751708595276895,4.4851417254137,0.30997086588601075,4.815546828969408,6.031407453005747,1.2158606240363392,4.769556679115437,4.951979714812348,0.18242303569691032,2.9286232953484843,3.5111786529969082,0.5825553576484239,8.243295827529542,8.933367402775472,0.6900715752459305,1.393714275391126,0.007177193609699373,-1.3865370817814267,13.25075678096794,14.07039289180567,0.8196361108377292,4.697873592349305,5.603187054809776,0.9053134624604713,0.5917346412368703,0.6027164142518323,0.01098177301496206,0.08394734866529714,0.07383660189818657,-0.010110746767110573,0.05494316152451383,0.05298971640587342,-0.001953445118640415,0.18680173219164123,0.18467600461574865,-0.0021257275758925775,0.0825731163816775,0.08578126282835934,0.0032081464466818393,1.3449567716063082,1.4561331361287082,0.11117636452239998,1.0999838562905848,1.5029591107804465,0.4029752544898617,2.3411886066238865,2.328630619115929,-0.012557987507957336
lab_subject_17,exp_20260730T143127Z_9fcb5eb7,lab_subject_17__ad_00,advertisement,block_early,explicit_ad_block,early,block_early,yes,1,1,1,8.277202281637217,5.672020117459182,-2.6051821641780357,7.20649142277388,7.608972066513962,0.4024806437400823,5.790994927723611,7.510661650193208,1.7196667224695972,7.051669309673107,6.709598938480406,-0.3420703711927011,8.075329261183192,8.605243003708543,0.5299137425253502,0.13046957202067588,0.3029798258115548,0.17251025379087892,11.605296960216737,13.31636232832215,1.7110653681054124,4.904319109443708,4.397738433466925,-0.5065806759767835,0.4405323086094767,0.5135133863062407,0.07298107769676399,0.11549084576549279,0.13489060467529373,0.019399758909800946,0.15438851857716027,0.11216966693287107,-0.04221885164428919,0.19542539351533816,0.17355608176019505,-0.021869311755143117,0.09416293353253195,0.06587026032539949,-0.028292673207132468,0.7241212902340164,0.7024847849088959,-0.021636505325120514,0.906738294212503,0.887372422811539,-0.019365871400963908,0.3720144084482713,0.3933977581125091,0.021383349664237772
lab_subject_17,exp_20260730T143127Z_9fcb5eb7,lab_subject_17__ad_01,advertisement,inline_early,inline_persuasive,early,inline_early,yes,1,1,1,7.384747177440396,7.8311014903891785,0.4463543129487828,2.931799427449624,5.007504942937969,2.0757055154883455,6.233928963221857,8.856530354129466,2.62260139090761,4.3038939732090755,5.696790613128069,1.3928966399189937,6.9921331371092705,8.388658806020867,1.3965256689115968,0.7897303275060246,0.5900947171350452,-0.19963561037097932,11.215031635974073,20.506330488300243,9.29129885232617,3.68251926795929,5.019394321159389,1.336875053200099,0.4817073205989829,0.8395511778816059,0.357843857282623,0.15299349969696793,0.057420525382370344,-0.09557297431459759,0.0981001067899338,0.027739152473897445,-0.07036095431603637,0.18217693728051396,0.05155609402339779,-0.13062084325711618,0.08502213563360127,0.023733050238728487,-0.06128908539487278,0.7255339545653353,0.6054049912026909,-0.12012896336264445,0.9468992377006811,0.8851431597663657,-0.06175607793431537,0.9496154538005673,0.5739926337380573,-0.37562282006251
lab_subject_17,exp_20260730T143127Z_9fcb5eb7,lab_subject_17__ad_03,advertisement,inline_late,inline_persuasive,late,inline_late,yes,1,1,1,6.431786278048339,6.125798035833698,-0.3059882422146405,6.7271382555321,4.274288471236417,-2.452849784295683,6.238468533643074,6.9815203566528385,0.7430518230097647,5.086030451636082,4.1398928619868745,-0.9461375896492079,9.834837424600416,7.416627170196614,-2.4182102544038013,-0.22751348885075373,0.6403989678216,0.8679124566723537,11.893115381801067,13.96916053458277,2.0760451527817025,6.9481406296801485,4.998769466552896,-1.9493711631272523,0.4126476553900332,0.6053127252288542,0.19266506983882098,0.11223148181458405,0.1211199788171118,0.008888497002527751,0.08607378258678335,0.06295830638506947,-0.023115476201713878,0.25689259520083413,0.1338833182203519,-0.12300927698048222,0.13215448500776533,0.07672567134861279,-0.055428813659152545,1.2954401184271473,0.727317282825087,-0.5681228356020603,1.2360140003162765,1.1632866623720828,-0.07272733794419373,0.8330283090270434,0.845226697049052,0.012198388022008566
lab_subject_17,exp_20260730T143127Z_9fcb5eb7,lab_subject_17__ad_04,advertisement,block_late,explicit_ad_block,late,block_late,yes,1,1,1,4.589279851628801,6.125903495947133,1.5366236443183325,4.046185061451793,3.8372007865394187,-0.2089842749123747,4.875862245107209,5.20315733987775,0.3272950947705411,4.300331871522308,4.333003998769978,0.03267212724767088,6.133332883861005,6.907129490299079,0.7737966064380739,0.8698144100563425,0.5715080451825933,-0.2983063648737492,11.675685114104471,12.297785698851634,0.6221005847471623,2.7448786492809347,2.7515618197462945,0.006683170465359822,0.555876293198219,0.5697863360383281,0.013910042840109105,0.11614375579465853,0.11123698122799494,-0.004906774566663594,0.10172854397416933,0.09104033775589128,-0.010688206218278054,0.15514683835522566,0.16468210493196317,0.009535266576737506,0.07110456867772727,0.06325424004582254,-0.007850328631904727,0.7120998792404695,0.8141402395445138,0.10204036030404429,0.9826971441816083,1.015934412505321,0.033237268323712654,0.62594104495686,0.8374589708431062,0.21151792588624618
lab_subject_18,exp_20260731T134108Z_a4a5b76b,lab_subject_18__ad_00,advertisement,inline_early,inline_persuasive,early,inline_early,yes,1,1,1,10.072627655098898,6.855487948823399,-3.2171397062755,3.490758705893505,5.936992276818744,2.446233570925239,6.522558710737744,5.754633509550102,-0.7679252011876425,3.8304976477648482,3.890841951149402,0.060344303384553655,9.223892966785197,5.1156038843515095,-4.1082890824336875,0.490558699118278,-0.12284580543387946,-0.6134045045521574,11.56758246180593,10.867279370972634,-0.7003030908332963,6.957539310977706,-1.7945858136796802,-8.752125124657386,0.4148977629654314,0.5467799179325457,0.13188215496711425,0.12984903251339625,0.16847985083313333,0.03863081831973708,0.06986064834554856,0.1096904488207504,0.039829800475201835,0.24186450827348926,0.14542698714784638,-0.09643752112564288,0.14352804790213458,0.029622795265724228,-0.11390525263641035,1.2110805406790393,0.5227983984228202,-0.6882821422562191,1.685104491038784,0.6538119648645857,-1.0312925261741983,1.5192014666822469,0.7139809181173019,-0.805220548564945
lab_subject_18,exp_20260731T134108Z_a4a5b76b,lab_subject_18__ad_02,advertisement,inline_late,inline_persuasive,late,inline_late,yes,1,1,1,7.622421352792617,10.773188279759898,3.1507669269672816,4.915801330216729,7.430722124005747,2.5149207937890186,4.430244148638593,7.070480188774235,2.640236040135642,2.788462258458564,5.471559152289305,2.683096893830741,4.597641291929346,4.918726049271976,0.3210847573426303,-0.3565761636840783,-0.8972665930856039,-0.5406904294015256,11.658156855429871,12.21717653307374,0.5590196776438692,-0.1880131747911593,0.08872312247324904,0.27673629726440835,0.6324357324711869,0.5666303810177625,-0.06580535145342437,0.11973610563822473,0.17323283865352618,0.053496733015301445,0.08204402150691013,0.1198776217213775,0.03783360021446737,0.12444138703235111,0.10554916646838217,-0.018892220563968942,0.04134275335132718,0.03470999213895149,-0.006632761212375687,0.6167177550782483,0.36010030598491516,-0.25661744909333317,0.6233671509865742,0.31750451077703623,-0.305862640209538,0.8301808753916375,0.4446399619639457,-0.38554091342769187
lab_subject_18,exp_20260731T134108Z_a4a5b76b,lab_subject_18__ad_03,advertisement,block_late,explicit_ad_block,late,block_late,yes,1,1,1,10.415246460563804,10.390907136055912,-0.024339324507892002,5.0511413070450555,5.621524939932474,0.5703836328874186,6.9173722287035435,7.855149052287,0.9377768235834569,4.1419119241488405,4.568902163505335,0.4269902393564946,6.339511162191314,9.107321013440703,2.76780985124939,0.38122381913450454,0.6058000540588644,0.22457623492435985,9.976702093909518,14.47582765795175,4.499125564042233,2.151744876381294,8.166699317082147,6.014954440700853,0.42496832585471217,0.5422005499648702,0.11723222411015805,0.21009880173546566,0.11805709520269657,-0.0920417065327691,0.11088621131020118,0.055394596632858194,-0.05549161467734299,0.18392360418989323,0.15751041991314538,-0.026413184276747853,0.07012305690972762,0.12683733828642965,0.056714281376702036,0.5729974818597721,0.9080938804706333,0.33509639861086127,0.6098551796801733,1.3394403057111506,0.7295851260309772,0.7789416625676264,1.0542483360746817,0.2753066735070553
lab_subject_18,exp_20260731T134108Z_a4a5b76b,lab_subject_18__ad_04,advertisement,block_early,explicit_ad_block,early,block_early,yes,1,1,1,10.538237704347626,10.206203620817657,-0.3320340835299689,6.802363240801208,2.762785789777487,-4.039577451023721,6.98819112131196,6.047888960672935,-0.9403021606390247,6.4900213557653466,3.5873936168973364,-2.90262773886801,7.768765783986122,4.364009097790414,-3.404756686195708,0.28940442464616467,0.512772930800903,0.22336850615473836,10.161111461060612,11.54971956290142,1.3886081018408074,4.259333616161546,-0.5058323964815329,-4.765166012643078,0.3643728128952076,0.5899504775494535,0.2255776646542459,0.1754906293010782,0.16620056536545114,-0.009290063935627063,0.1564721156886377,0.09431547632397222,-0.06215663936466548,0.21004454040795548,0.11278322540608894,-0.09726131500186654,0.09361990170712094,0.03675025535503454,-0.0568696463520864,0.6327352800220476,0.4329223823404492,-0.19981289768159838,0.7378174570886746,0.5006463057937494,-0.23717115129492528,0.57203259328286,1.0271839237623577,0.45515133047949763
lab_subject_19,exp_20260731T171043Z_61871403,lab_subject_19__ad_01,advertisement,inline_early,inline_persuasive,early,inline_early,yes,1,1,1,9.158637546413765,9.226511066368717,0.0678735199549525,7.170993518690887,8.764913261900178,1.593919743209291,11.1849586463015,11.364726700009653,0.17976805370815363,7.85810660320189,8.27738471507794,0.41927811187605,9.277559992352657,9.263595511608155,-0.013964480744501628,0.27963673251814924,0.664313952215096,0.3846772196969468,19.9363200923305,20.437431569144806,0.5011114768143052,0.7794741794759417,3.3656539899806166,2.586179810504675,0.7731867947796136,0.7809101332033876,0.00772333842377404,0.10307379908345257,0.09667864867270756,-0.00639515041074501,0.047914071786447666,0.04748936614137015,-0.0004247056450775166,0.06643675595895618,0.0595960468072379,-0.006840709151718277,0.009388578391529939,0.015325805175296478,0.00593722678376654,0.44001386055838804,0.41337911799711113,-0.026634742561276903,0.6998921627099522,0.606615337179527,-0.09327682553042527,1.0555496501821875,0.4762248801921994,-0.5793247699899882
lab_subject_19,exp_20260731T171043Z_61871403,lab_subject_19__ad_02,advertisement,inline_late,inline_persuasive,late,inline_late,yes,1,1,1,9.224016717795955,7.621852940015853,-1.6021637777801017,7.784904429007751,3.955802742374731,-3.8291016866330203,11.488937328700324,8.307651156075494,-3.18128617262483,7.869623800168854,3.704607553628457,-4.165016246540397,8.334222488840746,5.520306932574536,-2.8139155562662097,0.10173024587828294,-0.11604818968049813,-0.21777843555878107,21.68463456773526,13.84450471408379,-7.840129853651469,-0.24106100627429464,-1.0673931214672552,-0.8263321151929606,0.8404850257048876,0.6428194785042165,-0.1976655472006711,0.08034525925211508,0.17964025891489158,0.0992949996627765,0.03491635525760745,0.06224426056764058,0.02732790531003313,0.038858745191400396,0.0945516800365341,0.0556929348451337,0.0053946145939893185,0.020744321976717068,0.01534970738272775,0.3371351803173171,0.39089595414708705,0.05376077382976996,0.6126371297445795,0.5444895362216176,-0.06814759352296196,0.6135109720288591,0.9445066417925607,0.33099566976370165
lab_subject_19,exp_20260731T171043Z_61871403,lab_subject_19__ad_03,advertisement,block_early,explicit_ad_block,early,block_early,yes,1,1,1,11.227205469888457,8.834526780697514,-2.3926786891909426,11.628064463235786,7.681115761501043,-3.946948701734743,12.973957407624637,7.915886718426282,-5.058070689198354,10.811627778513293,6.708030964845695,-4.103596813667598,9.179334946991741,7.2920583229602585,-1.8872766240314824,0.45053187407797424,0.8723612286170841,0.42182935453910986,19.984939022074354,15.788931604541219,-4.196007417533135,1.7788818885238113,0.5310107251473508,-1.2478711633764605,0.7051323278848749,0.6859111529134596,-0.01922117497141529,0.14033708927102972,0.11193434852125082,-0.0284027407497789,0.08529812832929391,0.08475743408599448,-0.0005406942432994305,0.058574719632869754,0.09695730520789858,0.03838258557502883,0.010657734881931676,0.020439759271396827,0.009782024389465151,0.2595991895938223,0.4929402943157173,0.233341104721895,0.3000237725076626,0.5285883042094758,0.22856453170181318,0.28132974538901684,0.4524798045327537,0.17115005914373688
lab_subject_19,exp_20260731T171043Z_61871403,lab_subject_19__ad_04,advertisement,block_late,explicit_ad_block,late,block_late,yes,1,1,1,8.676879434522382,7.898838823447721,-0.7780406110746609,7.386623939738925,6.323226790630806,-1.0633971491081189,10.419251219768974,9.412040887178337,-1.0072103325906365,7.147558827400028,6.164318539574161,-0.9832402878258666,8.096541987677897,6.869111845589889,-1.227430142088008,0.7407482808193571,0.3206237091947699,-0.42012457162458716,21.450481279401117,15.212590882369,-6.237890397032118,-0.26409049297548387,-0.7310374512010076,-0.46694695822552373,0.8554857329852076,0.6412809476297168,-0.2142047853554908,0.06746674616699277,0.16865271532301207,0.1011859691560193,0.03176292769477776,0.07984010565562495,0.04807717796084719,0.03952017345018685,0.09390753344259223,0.054387359992405376,0.005764419702835118,0.01631869794905417,0.01055427824621905,0.39826971018003604,0.37790843643996247,-0.02036127374007357,0.5885606133317935,0.5174844919348068,-0.07107612139698671,0.6450203698370192,0.6890996422124205,0.044079272375401324
lab_subject_1,exp_20260721T091553Z_7b92ec42,lab_subject_1__no_ad_early,matched_no_ad_reply,no_ads,none,early,inline_early;block_early,yes,1,1,1,9.061981634140682,3.8475372005505015,-5.214444433590181,5.745423567794212,5.255711023973825,-0.48971254382038687,12.468550331804662,5.949907933137222,-6.51864239866744,5.3941077276709795,4.41749478607588,-0.976612941595099,9.711634481261092,10.962786229042782,1.251151747781691,0.1219682077683899,-0.3922116972272818,-0.5141799049956717,21.3810499455178,17.896215798443457,-3.4848341470743414,7.1604966485210575,9.594932441337463,2.434435792816405,0.7939187410515514,0.6852864766131568,-0.10863226443839458,0.10198260296593564,0.043776534165525786,-0.058206068800409856,0.02000238729994669,0.0307609724208274,0.010758585120880713,0.05405483020405816,0.13884466744783713,0.08478983724377898,0.030041438478507973,0.10133134935265313,0.07128991087414516,0.44312689689312224,1.8627490213532005,1.4196221244600782,0.7198095525489647,2.651313491859323,1.9315039393103584,1.7701492568268962,2.8169942574108653,1.0468450005839691
lab_subject_1,exp_20260721T091553Z_7b92ec42,lab_subject_1__no_ad_late,matched_no_ad_reply,no_ads,none,late,inline_late;block_late,yes,1,1,1,8.105759677241894,6.170250712772699,-1.9355089644691947,5.4820392987489885,5.015142204594449,-0.4668970941545396,9.209669111235542,4.971749928361827,-4.237919182873714,3.9610251989377887,2.5218308147794066,-1.439194384158382,8.812183249576421,7.53343359271209,-1.2787496568643313,-0.806719584315168,0.6788907854460362,1.4856103697612042,18.748679373265993,10.51019184017898,-8.238487533087014,6.259665661203525,3.1613958289211688,-3.098269832282356,0.7678985065272306,0.47030626276681464,-0.29759224376041593,0.08538917090204927,0.13138221238918274,0.04599304148713347,0.02549989578362686,0.07473854855483987,0.04923865277121301,0.07792094494320698,0.2369763124784531,0.15905536753524613,0.04329148184388627,0.08659666381070978,0.04330518196682351,0.7026927655914004,1.1496964759547446,0.4470037103633442,0.892873429136395,1.3239277090900552,0.4310542799536602,2.356657852429849,1.563794429566997,-0.7928634228628522
lab_subject_2,exp_20260721T134702Z_ab38d57a,lab_subject_2__no_ad_early,matched_no_ad_reply,no_ads,none,early,inline_early;block_early,yes,1,1,1,5.276989867414441,7.315042734273369,2.038052866858928,7.410601722587193,5.2374549324237085,-2.173146790163485,6.201128810726724,6.848951542425532,0.6478227316988079,5.271310533513949,4.829563261666923,-0.4417472718470261,9.305631007421892,8.922114612057356,-0.38351639536453597,-0.29156370229808815,0.11304680393644517,0.4046105062345333,18.840310796738645,15.848188433844514,-2.992122362894131,5.748479516236696,5.113976466558481,-0.6345030496782149,0.7944046325745389,0.6700593239040424,-0.12434530867049642,0.04326369113808324,0.08437029461867998,0.04110660348059674,0.03492542838626969,0.052996933051829585,0.018071504665559894,0.08842473952032881,0.1359896551954059,0.04756491567507709,0.0389815083807792,0.05658379323004204,0.017602284849262843,1.1309084954305932,0.9899716075044628,-0.14093688792613046,0.8746827981252853,0.7415421729916526,-0.13314062513363267,1.275755039918963,0.5725828018774799,-0.7031722380414831
lab_subject_2,exp_20260721T134702Z_ab38d57a,lab_subject_2__no_ad_late,matched_no_ad_reply,no_ads,none,late,inline_late;block_late,yes,1,1,1,6.20414328807426,7.497546050276424,1.293402762202164,11.296467730213646,5.533786562664487,-5.762681167549159,10.625829139526328,8.3574658857957,-2.2683632537306284,12.851314391597597,5.406648035036654,-7.444666356560943,14.670229989508519,8.8019299781541,-5.868300011354419,0.40010136937473106,0.5848759927938012,0.18477462341907014,20.482747352734737,18.58978729613494,-1.8929600565997973,7.088670779327137,5.317226868921743,-1.7714439104053934,0.6313460943720831,0.7722506459978008,0.1409045516257177,0.06524927295265555,0.07320253808767634,0.007953265135020787,0.10892415564487568,0.037106018276955706,-0.07181813736791998,0.16558300574607696,0.08109097990414324,-0.08449202584193372,0.028897471284308727,0.03634981773342396,0.007452346449115233,0.9506789128478118,0.7351286480088797,-0.21555026483893214,0.7228869364524827,0.5077739174129934,-0.21511301903948932,0.8156401286740624,1.033804646572685,0.21816451789862246
lab_subject_3,exp_20260722T074803Z_c9a5b77e,lab_subject_3__no_ad_early,matched_no_ad_reply,no_ads,none,early,inline_early;block_early,yes,1,1,1,5.98890170327989,7.8120628336481746,1.8231611303682849,7.382535375523816,8.998827796445726,1.6162924209219094,8.716353487255816,4.8682917587218375,-3.8480617285339784,5.589738831274844,6.093216619415309,0.5034777881404651,8.337680120695747,9.842361630377933,1.504681509682186,0.752443196530912,-0.24368206904989265,-0.9961252655808046,21.130103570868457,11.128469548984626,-10.00163402188383,3.935742841992394,5.6283794850411155,1.6926366430487216,0.8643513493341178,0.3882332260880589,-0.47611812324605896,0.04958100275520078,0.09184910351208975,0.042268100756888964,0.024135363293474536,0.12177759919340404,0.09764223589992951,0.04544100932849207,0.28872335053713427,0.2432823412086422,0.01649127528871499,0.109416720669313,0.09292544538059802,0.6164304043214383,1.3515321206598825,0.7351017163384442,0.44228714596585356,1.2148467478413414,0.7725596018754879,1.0324350209723105,2.06125903029393,1.0288240093216197
lab_subject_3,exp_20260722T074803Z_c9a5b77e,lab_subject_3__no_ad_late,matched_no_ad_reply,no_ads,none,late,inline_late;block_late,yes,1,1,1,5.102245175738094,6.623445416222307,1.5212002404842124,6.392938719548587,7.556559242427995,1.163620522879408,5.5034132530434725,4.500701214358703,-1.0027120386847699,5.427607275028095,4.592464600157257,-0.8351426748708377,8.027682799059631,9.602072146410105,1.5743893473504738,0.45869763215971915,0.6688101156454493,0.2101124834857302,14.130285190454765,9.221926232562163,-4.908358957892602,3.755916503300493,5.076566969748136,1.3206504664476428,0.6214789877859255,0.3166496165088931,-0.30482937127703236,0.08525880789830549,0.10677177548504413,0.021512967586738638,0.08378353075370548,0.10905179114890276,0.02526826039519728,0.15246361417685406,0.3456157757498086,0.19315216157295456,0.0570150593852097,0.12191104110735142,0.06489598172214173,0.9019256086530739,1.601381077794897,0.699455469141823,0.6446971853776242,1.680342286589404,1.0356451012117798,1.1219965883714842,2.2502320968191505,1.1282355084476663
lab_subject_5,exp_20260724T112220Z_6cc09f28,lab_subject_5__no_ad_early,matched_no_ad_reply,no_ads,none,early,inline_early;block_early,yes,1,1,1,3.9261516644130885,2.7702958372578177,-1.1558558271552708,5.190616278673614,3.495933126489397,-1.6946831521842172,4.122078482604309,4.099851106800736,-0.022227375803572258,4.6917654688934665,2.8449150500017266,-1.8468504188917398,6.98731475918777,6.65903317209969,-0.32828158708808,1.5425450610763,0.14452147095918377,-1.3980235901171163,17.769471799063584,16.858072353162385,-0.9113994459011998,2.6708085383890485,1.6719456172349492,-0.9988629211540994,0.8286109141371746,0.8206846252435226,-0.00792628889365199,0.035777609345631345,0.043486471740307335,0.00770886239467599,0.040792471270400206,0.03257321059151467,-0.008219260678885537,0.0692045972249112,0.07839211455416636,0.009187517329255171,0.02561440802188262,0.02486357787048916,-0.0007508301513934577,0.9038072921973882,1.0306658159860405,0.12685852378865226,0.8018795563396803,0.9536135360638351,0.1517339797241548,0.5525575898626623,1.4606255793424525,0.9080679894797902
lab_subject_5,exp_20260724T112220Z_6cc09f28,lab_subject_5__no_ad_late,matched_no_ad_reply,no_ads,none,late,inline_late;block_late,yes,1,1,1,3.638757388281382,6.77872605660219,3.139968668320808,4.310977210409451,5.722329929024259,1.4113527186148076,8.712402154224112,9.94953150238574,1.2371293481616288,5.194850224778989,5.349162453478911,0.15431222869992212,7.346823813646538,7.506763764416259,0.15993995076972034,1.3809043271412378,1.5309720286385087,0.1500677014972709,17.24193631767765,20.488763419978238,3.246827102300589,3.6783369831842805,3.3465643952299162,-0.33177258795436426,0.7411935392261997,0.8413380736682777,0.10014453444207805,0.10398679877594143,0.07431001535354169,-0.02967678342239974,0.04626185209212682,0.025763831263641516,-0.020498020828485303,0.07593121944404745,0.04234192292187139,-0.03358929652217606,0.03262659046168463,0.016246156792667533,-0.0163804336690171,0.5053703910507779,0.42310677917522016,-0.0822636118755577,0.36144386597747574,0.32281088750418196,-0.03863297847329378,0.7826882174912947,0.513052429852939,-0.2696357876383557
lab_subject_6,exp_20260724T141230Z_1be52b79,lab_subject_6__no_ad_early,matched_no_ad_reply,no_ads,none,early,inline_early;block_early,yes,1,1,1,7.06705340217497,7.146520926591345,0.0794675244163745,8.050348211616939,4.757518402472093,-3.2928298091448456,6.609388888959876,5.565561366318183,-1.0438275226416938,6.374899715987529,3.869472420921011,-2.505427295066518,9.247850630835956,6.866350415648718,-2.3815002151872378,0.3004380445591792,0.1666467029134111,-0.1337913416457681,12.385689464223642,11.312220708809559,-1.0734687554140834,6.189120682941937,1.845230513908893,-4.343890169033044,0.44630218048428755,0.5211627850458377,0.07486060456155014,0.1180317785069866,0.13877379405423088,0.02074201554724428,0.11182786508884347,0.09390712992702518,-0.017920735161818288,0.21669312130902912,0.18723471196454308,-0.029458409344486042,0.1071450546108533,0.05892157900836312,-0.048223475602490184,0.9427192956500354,0.8046844097096074,-0.138034885940428,0.9649107096706256,0.9392850639293675,-0.02562564574125814,1.7969522166926366,1.8114871825590013,0.014534965866364713
lab_subject_6,exp_20260724T141230Z_1be52b79,lab_subject_6__no_ad_late,matched_no_ad_reply,no_ads,none,late,inline_late;block_late,yes,1,1,1,7.664982911881087,8.23738967189309,0.5724067600120035,5.319482148363422,5.931919487426417,0.6124373390629954,7.462599020500874,5.941526228080097,-1.5210727924207772,4.613961821393007,3.8180473510710633,-0.7959144703219434,7.026273409529585,6.9379284936974175,-0.08834491583216764,0.8394071420819635,0.04156126319607267,-0.7978458788858909,13.174858061215563,14.626142894540969,1.4512848333254063,-0.3117919221538607,0.9562547391036615,1.2680466612575223,0.5898912521510792,0.6985010714415557,0.10860981929047653,0.15832374411939382,0.09455955287407514,-0.06376419124531868,0.08216414338844046,0.05799058932754862,-0.024173554060891833,0.14319026427725157,0.11894484823863752,-0.024245416038614048,0.026430596063834827,0.030003938118182864,0.0035733420543480367,0.595415701643547,0.7797098483292759,0.18429414668572897,0.5210606559527294,0.905687921316033,0.3846272653633036,1.3048953923081836,2.6163986050672157,1.311503212759032
lab_subject_7,exp_20260727T073257Z_58270880,lab_subject_7__no_ad_early,matched_no_ad_reply,no_ads,none,early,inline_early;block_early,yes,1,1,1,0.9547615867461294,3.2413363769736616,2.286574790227532,3.7084915046882823,3.6645060523025212,-0.043985452385761015,5.553141617647492,6.220122309359503,0.6669806917120109,3.4750033640113944,3.3179688096581024,-0.15703455435329206,9.358459762150698,8.738598900836404,-0.6198608613142937,0.8866739218182111,0.703279189587807,-0.18339473223040414,15.858449836752806,15.055102475742077,-0.8033473610107293,7.689698648342544,5.9583134984317985,-1.7313851499107455,0.6547515378043712,0.6433133392728109,-0.011438198531560362,0.06103032816626859,0.0841248959484902,0.023094567782221603,0.03782090179240915,0.04312302220975082,0.005302120417341669,0.14658094581606146,0.1502353728738487,0.003654427057787235,0.0998162864208894,0.07920336969509931,-0.02061291672579009,1.482843924929775,1.1806509296837477,-0.30219299524602716,1.3757061015450112,0.9702729567534225,-0.40543314479158865,2.4714049182646596,2.7246641740076143,0.2532592557429547
lab_subject_7,exp_20260727T073257Z_58270880,lab_subject_7__no_ad_late,matched_no_ad_reply,no_ads,none,late,inline_late;block_late,yes,1,1,1,3.8936785444291226,1.1594149882360532,-2.7342635561930697,2.984171218633495,2.2113590247756125,-0.7728121938578827,4.5151548644682515,6.887599838000935,2.3724449735326836,1.0463591415164777,2.855314441396666,1.808955299880188,8.126242047121272,8.456930020142476,0.33068797302120423,-0.47811042859793673,0.3165207287657523,0.7946311573636891,10.656742506286648,16.518736857733362,5.8619943514467145,6.330419739555081,6.338864046816114,0.008444307261032513,0.4385554292582096,0.7122122260604098,0.2736567968022002,0.10662664090667262,0.07753463069930192,-0.029092010207370705,0.04797181557701403,0.030638477687005974,-0.017333337890008054,0.24489191423951345,0.11128297845003811,-0.13360893578947536,0.16195420001859037,0.06833168710324423,-0.09362251291534614,1.5840514828513481,1.0287490126716543,-0.5553024701796938,1.5196628557513505,0.7670191661026794,-0.7526436896486711,2.9075030388426257,3.0477959984968708,0.14029295965424504
lab_subject_8,exp_20260727T120838Z_83e10f68,lab_subject_8__no_ad_early,matched_no_ad_reply,no_ads,none,early,inline_early;block_early,yes,1,1,1,8.104864844812848,9.01269535087965,0.9078305060668015,8.054585843256726,8.408892973781185,0.35430713052445917,7.527765668826381,8.921382025903554,1.393616357077173,5.5374805567536844,5.882163810282936,0.34468325352925167,9.398529148351734,9.691860900440727,0.2933317520889922,-0.21701501160642422,0.3813874201779619,0.5984024317843861,16.890125412226322,13.087355877638437,-3.8027695345878847,3.713280231254219,2.1885608704111705,-1.5247193608430485,0.7065420727213391,0.47340271940412476,-0.2331393533172143,0.0818280220853639,0.18139836285651254,0.09957034077114864,0.051745613757269646,0.09009725129048486,0.038351637533215216,0.12588628044548916,0.21661137074236284,0.09072509029687367,0.03399801099053817,0.038490295706515146,0.004492284715976978,0.9424485576914216,0.7978448249446922,-0.14460373274672933,1.1552481265016348,0.7913556458638903,-0.3638924806377445,1.5729128193087225,1.9178181678898185,0.344905348581096
lab_subject_8,exp_20260727T120838Z_83e10f68,lab_subject_8__no_ad_late,matched_no_ad_reply,no_ads,none,late,inline_late;block_late,yes,1,1,1,10.726542061491083,7.026447050990038,-3.7000950105010446,13.77839370956445,7.944503278276692,-5.833890431287758,9.317910386059722,6.920676802617056,-2.3972335834426666,11.400133482774743,6.022996242365815,-5.377137240408928,12.09181117837516,8.54015184788935,-3.55165933048581,-0.20473993501977716,-0.851154758157918,-0.6464148231381408,20.93884450263053,14.312079284135311,-6.626765218495219,2.802367338563503,2.2319029764479383,-0.5704643621155645,0.7542496629542265,0.6033954691679296,-0.15085419378629683,0.05193040541766497,0.11001750624743817,0.0580871008297732,0.08387721901085954,0.08947335873496767,0.0055961397241081345,0.0983584763036389,0.1597383893683078,0.0613799130646689,0.011584236313610132,0.03737527648135662,0.025791040167746488,0.7242485590741257,0.8007303461358793,0.07648178706175368,0.7027920069972721,0.7790539251061123,0.0762619181088402,0.6503953698260416,1.2876471091651014,0.6372517393390598
lab_subject_9,exp_20260727T141010Z_f065c5c8,lab_subject_9__no_ad_early,matched_no_ad_reply,no_ads,none,early,inline_early;block_early,yes,1,1,1,6.064696121700579,6.348224367766018,0.2835282460654387,7.102769193323089,4.657336274383405,-2.4454329189396846,7.34701271463798,5.415301087597914,-1.931711627040066,7.320010557139465,4.9262342347066825,-2.3937763224327826,8.786999138291971,8.26237312562095,-0.5246260126710212,0.6013829233753931,1.1656561663212912,0.5642732429458981,16.892544924166767,15.3770720313197,-1.5154728928470664,4.688451959674314,4.619611555168022,-0.06884040450629225,0.6962535893119629,0.6805755405107743,-0.015678048801188615,0.07730618222232893,0.06865927960802161,-0.008646902614307325,0.07682702396963292,0.06134689087054797,-0.015480133099084956,0.107699296996786,0.13225327830855832,0.02455398131177232,0.04191390749928918,0.05716501070209785,0.015251103202808668,0.6987416901109178,1.0172846244275702,0.31854293431665237,0.6077549736207954,0.8645607840103182,0.25680581038952277,1.0261446979824258,1.0289373876838694,0.0027926897014436403
lab_subject_9,exp_20260727T141010Z_f065c5c8,lab_subject_9__no_ad_late,matched_no_ad_reply,no_ads,none,late,inline_late;block_late,yes,1,1,1,5.011962842086853,7.921192653735848,2.909229811648995,7.580485879995278,8.16083079891207,0.5803449189167917,6.658891422833369,6.982400451684979,0.3235090288516105,7.528988835575749,6.864931620010795,-0.664057215564954,10.040178816489618,9.290370407276848,-0.7498084092127701,0.17802525630201416,0.6098150299881517,0.4317897736861376,17.147094357478693,13.188710830889356,-3.958383526589337,6.197681717745302,5.845828021246961,-0.351853696498341,0.6786116448142144,0.48435698388261045,-0.19425466093160398,0.06064583978971375,0.11602044536079607,0.05537460557108232,0.07409872846968718,0.11292436187107624,0.03882563340138906,0.13210819343241487,0.19739289830129714,0.06528470486888227,0.05453559349396993,0.08930531058422013,0.0347697170902502,0.9804342775293864,0.8621855227377146,-0.11824875479167174,1.1484466891275775,0.8870648065108481,-0.26138188261672946,1.6450527399279873,0.9439561240018834,-0.7010966159261038
lab_subject_10,exp_20260728T091433Z_242026ac,lab_subject_10__no_ad_early,matched_no_ad_reply,no_ads,none,early,inline_early;block_early,yes,1,1,1,7.728050878117825,9.850632582375026,2.1225817042572004,6.180424679544138,8.852449085435252,2.672024405891114,8.574152277361117,9.269599964411277,0.6954476870501605,6.744867766801291,8.292831253791006,1.5479634869897145,13.388736441198716,7.563335829712936,-5.82540061148578,0.19928983717227666,0.16129923495008924,-0.03799060222218742,14.774653621950208,18.638655734779306,3.8640021128290982,10.894969060951443,2.115401624758678,-8.779567436192764,0.3947356585345762,0.7643407508954971,0.36960509236092093,0.09467955886935132,0.08838558436323102,-0.006293974506120306,0.06213377991149759,0.07058372376117165,0.008449943849674062,0.28688949246121553,0.059669860722684105,-0.22721963173853144,0.16156151022335918,0.01702008025741614,-0.14454142996594305,1.829496742379497,0.37535459785727315,-1.4541421445222238,1.0724712900984483,0.3463407075758094,-0.726130582522639,0.7144110290536986,0.44140120656166765,-0.27300982249203093
lab_subject_10,exp_20260728T091433Z_242026ac,lab_subject_10__no_ad_late,matched_no_ad_reply,no_ads,none,late,inline_late;block_late,yes,1,1,1,7.348432947846502,11.200581537999641,3.8521485901531394,9.318613654329885,10.908936139912724,1.5903224855828384,8.760742494104758,10.680693349934376,1.9199508558296188,8.992877242874455,10.240941988747261,1.2480647458728065,5.294236169612039,5.183441712706011,-0.11079445690602796,0.8920290800116177,1.1509001908497893,0.2588711108381716,16.957890856334924,19.272787383736222,2.3148965274012987,-1.2112453064279964,-2.1820959521209646,-0.9708506456929682,0.7170274096470343,0.7636991252173515,0.04667171557031724,0.1085977735289151,0.10561190825249113,-0.0029858652764239713,0.11456036701763689,0.09544160930165245,-0.01911875771598444,0.04888439998929109,0.029784322522394227,-0.01910007746689686,0.010930049817122638,0.005463034706110769,-0.0054670151110118685,0.219057211489417,0.1481412654935188,-0.0709159459958982,0.1794689620164142,0.12138688711602565,-0.05808207490038857,0.13668721795045957,0.10116924559338039,-0.03551797235707918
lab_subject_11,exp_20260728T164420Z_99421c58,lab_subject_11__no_ad_early,matched_no_ad_reply,no_ads,none,early,inline_early;block_early,yes,1,1,1,5.674295456501532,5.950776901405646,0.27648144490411397,7.866389219794155,9.257032494243084,1.3906432744489292,8.651410752467415,6.915294918180319,-1.7361158342870961,7.098426662566723,8.338482290985821,1.240055628419098,9.606095979947808,8.534163159490307,-1.0719328204575014,0.753338070105805,0.7826329746198581,0.029294904514053144,17.068480777784483,13.161023709578139,-3.9074570682063445,1.7388197414335274,1.6120520695260292,-0.12676767190749816,0.6880631703023737,0.504696882967107,-0.18336628733526672,0.09906524310322502,0.11980025525081003,0.02073501214758501,0.0692823963368615,0.1662556758220429,0.0969732794851814,0.12342121924221411,0.1739180140090358,0.0504967947668217,0.02016797101532552,0.03532917195100438,0.01516120093567886,0.7331330552225453,0.6079860443961298,-0.12514701082641555,0.6825734095245465,0.6346386958731167,-0.04793471365142976,0.9776256676355285,0.5277544446655096,-0.4498712229700189
lab_subject_11,exp_20260728T164420Z_99421c58,lab_subject_11__no_ad_late,matched_no_ad_reply,no_ads,none,late,inline_late;block_late,yes,1,1,1,7.403427960944282,6.605119581703817,-0.7983083792404653,8.118193456792811,5.860002517203795,-2.2581909395890163,7.804323148130996,7.464493589358168,-0.33982955877282794,7.544837871155142,6.351229993950888,-1.1936078772042542,9.24104796175696,8.193095838432619,-1.0479521233243414,-0.21223801053781344,1.3579986972869769,1.5702367078247903,10.957103484707783,13.694476071686692,2.7373725869789087,1.9232782349352524,2.1763161188147166,0.25303788387946424,0.36520801049896784,0.5634296399206513,0.19822162942168348,0.17671046152563571,0.13422748149759958,-0.04248298002803613,0.16646147304528805,0.10387596756092349,-0.06258550548436456,0.24599979348599102,0.1587455889869856,-0.08725420449900542,0.04562026144411745,0.03972132203383995,-0.005898939410277505,0.7168412352646802,0.6667084816061098,-0.050132753658570395,0.7144365635354741,0.5414791151287697,-0.17295744840670446,0.4688232389225995,0.5055131557520846,0.03668991682948508
lab_subject_12,exp_20260728T142237Z_262a5eab,lab_subject_12__no_ad_early,matched_no_ad_reply,no_ads,none,early,inline_early;block_early,yes,1,1,1,9.5259328736501,8.727169769033075,-0.7987631046170254,8.22814407604916,8.466579954998267,0.23843587894910634,7.3886010361602565,6.78995239668538,-0.5986486394748765,7.1089893019493715,7.7615213814443,0.6525320794949288,9.658135669066318,8.08977734933334,-1.5683583197329778,-0.6295723195914142,-0.16056844303669848,0.46900387655471576,13.699168874105341,8.774781950013658,-4.924386924091683,1.8204402500566803,1.2981259588916214,-0.5223142911650589,0.5229112307706036,0.28918951028113493,-0.2337217204894687,0.12228443622746145,0.1831047372757247,0.06082030104826326,0.11465949171777358,0.2290110716203058,0.11435157990253221,0.20621708755640838,0.24699153873490046,0.04077445117849207,0.033927753727753,0.051703142087934105,0.017775388360181103,0.8703202033692606,0.5993255619010045,-0.27099464146825614,0.904894917347393,0.7388982314723916,-0.16599668587500138,1.1500504787276082,0.5133368981526976,-0.6367135805749107
lab_subject_12,exp_20260728T142237Z_262a5eab,lab_subject_12__no_ad_late,matched_no_ad_reply,no_ads,none,late,inline_late;block_late,yes,1,1,1,8.257962054528132,7.554319769324351,-0.7036422852037809,6.574510555218219,4.968720430612098,-1.6057901246061208,6.785448145508969,6.669558265822047,-0.11588987968692166,5.519351194362332,5.630853637671613,0.1115024433092815,7.116610344408732,7.150455230199149,0.033844885790416335,0.12852828514271764,-0.5123849166076937,-0.6409132017504113,13.303568512014223,11.181357009993878,-2.1222115020203454,0.48953949152813925,1.0358221867939135,0.5462826952657742,0.5943822152378253,0.47071680702253366,-0.12366540821529165,0.13251156086107704,0.1665634971727217,0.03405193631164466,0.09900202424079071,0.13113220618858046,0.03213018194778974,0.1430111798047465,0.1860670735633319,0.0430558937585854,0.03109301985556033,0.04552041605283246,0.014427396197272131,0.6177226262632514,0.6250243838336801,0.007301757570428724,0.5861224178974533,0.5889782440733508,0.0028558261758974135,0.7506008923839335,0.8341394257474998,0.08353853336356631
lab_subject_13,exp_20260729T085134Z_65b7fd8e,lab_subject_13__no_ad_early,matched_no_ad_reply,no_ads,none,early,inline_early;block_early,yes,1,1,1,5.510249525398228,6.858908648857396,1.3486591234591678,1.5003987343825296,9.955064305412325,8.454665571029796,3.8867256484116837,6.554429569569593,2.6677039211579094,2.0327074282131115,6.076153848277821,4.04344642006471,5.2215317207625445,11.437349903333477,6.215818182570932,0.3479073712034797,-0.3509431613648992,-0.6988505325683789,11.194047154235529,13.82462822389221,2.6305810696566816,0.1587781559084159,3.9037559797465082,3.7449778238380924,0.6102136730089505,0.4915461497755128,-0.11866752323343766,0.1134357074852186,0.09216041744483724,-0.021275290040381353,0.07401980932444839,0.08254995885038892,0.008530149525940528,0.15425185350827827,0.2836850612532255,0.12943320774494724,0.04807895667310443,0.05005841267603568,0.00197945600293125,0.822871773173248,1.623744778466126,0.8008730052928781,0.6950265746557682,0.9853351852252004,0.29030861056943214,1.3230142760309875,4.152468079029792,2.829453802998805
lab_subject_13,exp_20260729T085134Z_65b7fd8e,lab_subject_13__no_ad_late,matched_no_ad_reply,no_ads,none,late,inline_late;block_late,yes,1,1,1,7.122640530400268,8.443921111412799,1.3212805810125303,2.189775468029501,3.7784733690754106,1.5886979010459097,5.0999563967270785,5.583762375291781,0.4838059785647024,3.020439474324967,4.303744608626282,1.2833051343013149,6.831460518714079,6.5696492315357835,-0.26181128717829516,-0.05984738180437432,-0.10702721467193754,-0.04717983286756322,12.18862717907728,12.172507459578254,-0.016119719499025464,2.3066831500383747,0.9912430571646026,-1.315440092873772,0.5845828876710844,0.5766603741606527,-0.007922513510431606,0.1142823125670448,0.12648691519734684,0.012204602630302042,0.07079903329040084,0.09419846466847123,0.023399431378070393,0.17026658759748328,0.15872096184016476,-0.011545625757318517,0.060069178873986655,0.043933284133364496,-0.01613589474062216,0.9199554218101856,0.7192182913823782,-0.2007371304278074,0.46986929920379106,0.44449167863993105,-0.025377620563860004,1.05596933295615,0.8751518263368864,-0.18081750661926355
lab_subject_14,exp_20260729T141534Z_a0790737,lab_subject_14__no_ad_early,matched_no_ad_reply,no_ads,none,early,inline_early;block_early,yes,1,1,1,-2.4806921702084384,7.547743473689213,10.028435643897652,4.766090370166454,8.325111378457697,3.559021008291243,5.792658312180157,15.347105113890049,9.554446801709892,4.657844666194974,13.391580115493875,8.733735449298901,8.991169917211593,30.459327365169923,21.46815744795833,2.0153455919067476,2.2190622913285694,0.2037166994218218,17.426747396127528,25.296909510556993,7.870162114429466,7.143015646559706,23.127683307390214,15.984667660830507,0.7360840857963189,0.19781324438406,-0.5382708414122589,0.05052641908494336,0.02001128265444506,-0.030515136430498302,0.0389078430539456,0.012756232506202454,-0.026151610547743148,0.10552847944514519,0.6493773722625765,0.5438488928174313,0.06895317261964672,0.12004186819271587,0.05108869557306915,1.179955834837239,19.817717916018637,18.6377620811814,1.6929851378203589,23.40607194851761,21.713086810697252,1.5795670258121028,28.48110848642111,26.901541460609007
lab_subject_14,exp_20260729T141534Z_a0790737,lab_subject_14__no_ad_late,matched_no_ad_reply,no_ads,none,late,inline_late;block_late,yes,1,1,1,-2.517881590548427,-2.03865213419145,0.4792294563569772,4.896501832698626,3.264697741004076,-1.6318040916945504,10.475303727415493,3.5988056704983844,-6.876498056917109,6.510721179511009,3.4129024525329212,-3.0978187269780877,7.142569782931317,8.585461363884958,1.4428915809536411,2.0536921869606957,2.285461848934169,0.23176966197347326,21.670880207851386,11.468873633483913,-10.202006574367473,4.97023338264468,7.067713967048449,2.097480584403769,0.8598155585646082,0.4550485762970825,-0.4047669822675257,0.06529014775990787,0.07431063349050507,0.009020485730597202,0.0262053157354449,0.07119682745864876,0.04499151172320386,0.030309184893529947,0.23426992201357233,0.20396073712004237,0.018379793046508962,0.1651740407401915,0.14679424769368254,0.3312643461833429,1.6100199981871424,1.2787556520037995,0.2785278156776942,1.7394039451812415,1.4608761295035473,0.7691397744516929,1.211952332908482,0.44281255845678913
lab_subject_15,exp_20260730T074927Z_347e077f,lab_subject_15__no_ad_early,matched_no_ad_reply,no_ads,none,early,inline_early;block_early,yes,1,1,1,3.009947074278569,1.383936596832355,-1.626010477446214,2.380956335218117,2.5530182785376554,0.17206194331953828,4.976518595457588,3.386201915467576,-1.5903166799900115,1.6321083504012235,1.0531596827141663,-0.5789486676870572,3.5839979650597655,2.9940392506389903,-0.5899587144207752,1.280239832164213,0.8444718792583217,-0.4357679529058913,20.2633809235466,16.200901977321426,-4.062478946225173,-0.242688224153639,-0.574292503753645,-0.33160427960000605,0.9313695010296017,0.8683053609288169,-0.06306414010078476,0.027569937365100525,0.04541533020382365,0.017845392838723124,0.012764233931226155,0.026539837102944316,0.013775603171718161,0.020007080355094922,0.041494086666957246,0.021487006311862324,0.00828924731897643,0.018245385097458003,0.009956137778481573,0.49603300903611247,0.5766658354090769,0.08063282637296443,0.5530629757115257,0.5281930820483156,-0.02486989366321013,1.1417350268923618,0.8423211435650021,-0.29941388332735974
lab_subject_15,exp_20260730T074927Z_347e077f,lab_subject_15__no_ad_late,matched_no_ad_reply,no_ads,none,late,inline_late;block_late,yes,1,1,1,0.4612533083665429,3.359995202239188,2.8987418938726455,0.9834744190638621,2.5758873432678433,1.5924129242039813,2.9413557177398957,4.421721252558952,1.4803655348190565,0.5382473639419242,2.447642780025431,1.9093954160835067,2.4626531489039403,5.323997592760705,2.8613444438567646,1.2893318115161776,0.43340072529077744,-0.8559310862254002,11.736216164974334,15.09556944108973,3.359353276115396,-2.548394893204459,3.3724495545847426,5.920844447789202,0.7334779178870844,0.7618300445961275,0.02835212670904308,0.09680571539954698,0.06523389004408038,-0.0315718253554666,0.055666018985660405,0.04140620519418139,-0.014259813791479017,0.08670232465227103,0.08029729425366286,-0.006405030398608166,0.027348023075437138,0.051232565911947886,0.023884542836510748,0.5686452312087215,0.752974705004321,0.1843294737955995,0.5935775463759684,0.6916187329269421,0.09804118655097371,0.9106509922106555,1.3470935266908046,0.43644253448014914
lab_subject_16,exp_20260730T110035Z_a5786cb8,lab_subject_16__no_ad_early,matched_no_ad_reply,no_ads,none,early,inline_early;block_early,yes,1,1,1,5.119993915598428,4.704994961840214,-0.4149989537582144,5.320454062325208,6.756330505873178,1.4358764435479703,7.718668422000331,7.589262238653699,-0.12940618334663156,4.690596927482006,7.052818017539569,2.362221090057563,9.983787163487582,11.009945372435952,1.0261582089483703,1.7244383001275345,1.61692776984734,-0.10751053028019442,23.57026118950934,19.070781808997076,-4.499479380512263,7.876273044988684,9.198825664303667,1.3225526193149832,0.9011644312106541,0.717767587537208,-0.1833968436734461,0.023423121173298127,0.051030742317120244,0.027607621143822116,0.01166373424126652,0.04510113421008768,0.033437399968821155,0.03945995987177179,0.11217606442904043,0.07271610455726865,0.0242887535030095,0.0739244715065436,0.049635718003534106,1.1246365456675225,1.1668976876498565,0.042261141982333994,0.7849512432656361,0.8925598621367327,0.10760861887109652,2.968218117377635,1.7120575108307308,-1.2561606065469042
lab_subject_16,exp_20260730T110035Z_a5786cb8,lab_subject_16__no_ad_late,matched_no_ad_reply,no_ads,none,late,inline_late;block_late,yes,1,1,1,0.9639040572471598,2.866904489350517,1.9030004321033571,4.482440520900662,5.571059416868074,1.0886188959674126,7.184839569820312,4.918916648277078,-2.2659229215432344,4.220717610767639,3.6886634605506172,-0.5320541502170215,10.278440288289222,9.596939005177193,-0.6815012831120288,1.0788231610182883,1.414669796605466,0.33584663558717764,20.747943835220997,12.674872427892044,-8.073071407328953,7.1493051920573265,6.4983889590133606,-0.650916233043966,0.8335488625299543,0.4932419042779184,-0.3403069582520359,0.03669616134772833,0.0826921698147111,0.04599600846698277,0.018544214442012347,0.06229297450628852,0.04374876006427617,0.07481362673293795,0.24281003049992342,0.16799640376698546,0.03639713494736689,0.11896292090115863,0.08256578595379174,1.3543287072792225,1.674723514861204,0.3203948075819816,0.8698624608826261,2.038796739584128,1.168934278701502,2.4913274159540357,2.187791987318942,-0.30353542863509375
lab_subject_17,exp_20260730T143127Z_9fcb5eb7,lab_subject_17__no_ad_early,matched_no_ad_reply,no_ads,none,early,inline_early;block_early,yes,1,1,1,7.211265193246139,7.73397448671691,0.5227092934707711,10.090778292509599,4.489465958499145,-5.601312334010454,6.945100316073799,6.605242457162774,-0.33985785891102527,6.99197048511738,4.13444274630045,-2.8575277388169305,10.608736362591713,7.505369336095461,-3.1033670264962527,-0.04434295766558094,0.3558961718949547,0.40023912956053564,15.46543125368163,13.094143503426587,-2.3712877502550427,8.612374045193572,3.934483041921264,-4.6778910032723084,0.5506781485592265,0.5717568470434518,0.021078698484225278,0.0774220648583604,0.1283279538278971,0.05090588896953671,0.07826214858979035,0.07265095014471191,-0.00561119844507843,0.17998170203206176,0.15788248647890266,-0.022099215553159107,0.11365593596056085,0.06938176250503625,-0.044274173455524604,1.1560690582928186,0.7855674568730862,-0.37050160141973243,1.22232624211506,1.0449091641817876,-0.17741707793327244,0.6892504810086604,0.6789253636487291,-0.010325117359931246
lab_subject_17,exp_20260730T143127Z_9fcb5eb7,lab_subject_17__no_ad_late,matched_no_ad_reply,no_ads,none,late,inline_late;block_late,yes,1,1,1,7.353823812292393,8.854815942104302,1.5009921298119098,6.676385096003752,4.251705846532609,-2.4246792494711435,6.213734084112474,8.688567973891736,2.474833889779262,4.639277698572807,5.55458954438513,0.9153118458123233,7.97354242312509,7.081986288564441,-0.8915561345606484,1.0720698514673508,0.9215867526361059,-0.1504830988312449,12.74522608083913,19.05186428767025,6.306638206831119,4.568661612928292,2.989204785767966,-1.5794568271603255,0.5369425743169831,0.8163495541356827,0.27940697981869955,0.11933796862042373,0.0750838491534715,-0.044254119466952235,0.08304873132256967,0.03648788458868245,-0.04656084673388722,0.17896144381536674,0.05186666929931053,-0.12709477451605622,0.08170928192465651,0.02021204282285282,-0.06149723910180369,0.8842549627311237,0.4648728451166328,-0.4193821176144909,1.0414913171289295,0.42762596570255973,-0.6138653514263698,1.561447450113378,0.6613493804102006,-0.9000980697031773
lab_subject_18,exp_20260731T134108Z_a4a5b76b,lab_subject_18__no_ad_early,matched_no_ad_reply,no_ads,none,early,inline_early;block_early,yes,1,1,1,7.763198374136224,9.277893395728505,1.5146950215922805,3.991312669601637,4.126375852588789,0.13506318298715225,6.744869427371727,6.378486257193689,-0.3663831701780378,3.6977348322046586,2.5138303936731354,-1.1839044385315232,9.852577827565973,8.21041016661,-1.6421676609559732,0.8339342612477765,0.5413522724604434,-0.2925819887873331,12.392099146430478,10.703213412203796,-1.688885734226682,8.268103330433714,5.6722011291792445,-2.5959022012544697,0.4252308181675751,0.41694392026118127,-0.008286897906393809,0.11585152638115916,0.15402986329739776,0.038178336916238606,0.057436544055735714,0.0632614793626886,0.005824935306952883,0.2369586681306358,0.23485365363420052,-0.00210501449643527,0.16452244326489432,0.13091108344453198,-0.03361135982036234,1.3674263181141912,1.0808237951826147,-0.2866025229315765,2.2594096130489216,1.524548270249432,-0.7348613427994897,2.6865841176671847,1.8105373935400029,-0.8760467241271819
lab_subject_18,exp_20260731T134108Z_a4a5b76b,lab_subject_18__no_ad_late,matched_no_ad_reply,no_ads,none,late,inline_late;block_late,yes,1,1,1,7.665105297694847,9.50437205947178,1.8392667617769334,7.107815800700745,5.126658643332211,-1.9811571573685338,7.82550763302535,5.993405141454639,-1.8321024915707111,5.274286766192243,3.7125438380039464,-1.5617429281882966,7.204667248525048,8.267240366644204,1.0625731181191558,0.8294152937144119,-0.0829741710508003,-0.9123894647652122,15.340284527703488,10.801047895670354,-4.539236632033134,3.53334394904116,4.709349376364082,1.176005427322922,0.668763808298585,0.4291897943886405,-0.23957401390994443,0.11852093604249082,0.1418682171453403,0.023347281102849463,0.06586777390108063,0.08390715204998948,0.018039378148908852,0.10273325163654787,0.23947966034888565,0.13674640871233779,0.04411423012129601,0.10555517606714412,0.06144094594584811,0.5571558674497336,1.060698787482436,0.5035429200327025,0.34334899920649314,0.939144696112489,0.5957956969059959,0.540630378654067,1.4138389147562067,0.8732085361021397
lab_subject_19,exp_20260731T171043Z_61871403,lab_subject_19__no_ad_early,matched_no_ad_reply,no_ads,none,early,inline_early;block_early,yes,1,1,1,7.86695544375733,6.747946703411327,-1.1190087403460032,5.891231018446299,6.762942534975863,0.8717115165295644,8.715375899185728,9.784053530679156,1.0686776314934274,5.282673339190072,6.8608427529477805,1.578169413757708,7.533532291578535,8.176372055945505,0.6428397643669701,0.2205901710024314,0.29158993292445246,0.07099976192202107,15.690908484593912,21.527966926984277,5.837058442390365,1.0799554268771367,0.6271246855161823,-0.45283074136095447,0.6760790019068956,0.865487738132789,0.18940873622589338,0.13565761860962586,0.05792547179196067,-0.07773214681766519,0.06154232976563274,0.029549388772287088,-0.03199294099334565,0.10333794676657147,0.04000381703199857,-0.0633341297345729,0.02338310295127455,0.007033584270964526,-0.016349518680310024,0.5240262364061381,0.457317871374221,-0.06670836503191713,0.7954759502028,0.4625002172487019,-0.33297573295409816,1.0264363779084995,1.1210946311266055,0.09465825321810595
lab_subject_19,exp_20260731T171043Z_61871403,lab_subject_19__no_ad_late,matched_no_ad_reply,no_ads,none,late,inline_late;block_late,yes,1,1,1,6.417657243764269,7.176312964800705,0.758655721036436,7.3362749067393604,6.578562647352209,-0.7577122593871515,11.349777443031117,8.931106627702558,-2.418670815328559,6.988780092090561,6.532065310979939,-0.45671478111062225,8.089702355106834,8.082741111103648,-0.006961244003186096,0.3471377087172556,1.0209264966294,0.6737887879121445,19.597579714383983,21.971984308393907,2.374404594009924,0.8696722023674774,0.732127611699389,-0.13754459066808844,0.7760289844990087,0.8876413248893694,0.11161234039036072,0.1161709966407455,0.044070679318660745,-0.07210031732208474,0.04255964337110756,0.02536562766259941,-0.01719401570850815,0.05483908582496003,0.03625043256580758,-0.018588653259152446,0.010401289664177974,0.006671935563562982,-0.003729354100614992,0.34548519316034365,0.5220674045293199,0.17658221136897623,0.6590812983769677,0.34980505035944787,-0.30927624801751985,1.0323955827943478,0.8261724814402241,-0.2062231013541237
