subject_id,contrast_id,feature,feature_tier,difference
lab_subject_1,inline_early_vs_no_ad_early,fz_theta_power_db_uv2,primary,-0.8334880931645259
lab_subject_10,inline_early_vs_no_ad_early,fz_theta_power_db_uv2,primary,-4.26435990199522
lab_subject_11,inline_early_vs_no_ad_early,fz_theta_power_db_uv2,primary,-1.2029662424976717
lab_subject_12,inline_early_vs_no_ad_early,fz_theta_power_db_uv2,primary,3.9908274271227517
lab_subject_13,inline_early_vs_no_ad_early,fz_theta_power_db_uv2,primary,-1.6153121285991636
lab_subject_14,inline_early_vs_no_ad_early,fz_theta_power_db_uv2,primary,4.305694878526649
lab_subject_15,inline_early_vs_no_ad_early,fz_theta_power_db_uv2,primary,-0.3916709072006279
lab_subject_16,inline_early_vs_no_ad_early,fz_theta_power_db_uv2,primary,-1.8362246830585405
lab_subject_17,inline_early_vs_no_ad_early,fz_theta_power_db_uv2,primary,0.9527114225123503
lab_subject_18,inline_early_vs_no_ad_early,fz_theta_power_db_uv2,primary,0.9428567455210395
lab_subject_19,inline_early_vs_no_ad_early,fz_theta_power_db_uv2,primary,-6.288242660213759
lab_subject_2,inline_early_vs_no_ad_early,fz_theta_power_db_uv2,primary,-1.2341511366681166
lab_subject_3,inline_early_vs_no_ad_early,fz_theta_power_db_uv2,primary,2.0379010555402193
lab_subject_5,inline_early_vs_no_ad_early,fz_theta_power_db_uv2,primary,6.912338426679044
lab_subject_6,inline_early_vs_no_ad_early,fz_theta_power_db_uv2,primary,3.9018506966048445
lab_subject_7,inline_early_vs_no_ad_early,fz_theta_power_db_uv2,primary,-3.282340497417987
lab_subject_8,inline_early_vs_no_ad_early,fz_theta_power_db_uv2,primary,3.1950311058546967
lab_subject_9,inline_early_vs_no_ad_early,fz_theta_power_db_uv2,primary,4.4878849826527585
lab_subject_1,block_early_vs_no_ad_early,fz_theta_power_db_uv2,primary,-2.0304545334268678
lab_subject_10,block_early_vs_no_ad_early,fz_theta_power_db_uv2,primary,2.4914263489212853
lab_subject_11,block_early_vs_no_ad_early,fz_theta_power_db_uv2,primary,0.4356340941196919
lab_subject_12,block_early_vs_no_ad_early,fz_theta_power_db_uv2,primary,10.061242600955826
lab_subject_13,block_early_vs_no_ad_early,fz_theta_power_db_uv2,primary,1.1397629980686697
lab_subject_14,block_early_vs_no_ad_early,fz_theta_power_db_uv2,primary,7.255336630897226
lab_subject_15,block_early_vs_no_ad_early,fz_theta_power_db_uv2,primary,-4.682011511575256
lab_subject_16,block_early_vs_no_ad_early,fz_theta_power_db_uv2,primary,-0.24654191117975444
lab_subject_17,block_early_vs_no_ad_early,fz_theta_power_db_uv2,primary,0.40663693000832524
lab_subject_18,block_early_vs_no_ad_early,fz_theta_power_db_uv2,primary,4.584224353685677
lab_subject_19,block_early_vs_no_ad_early,fz_theta_power_db_uv2,primary,1.0000273452249786
lab_subject_2,block_early_vs_no_ad_early,fz_theta_power_db_uv2,primary,3.190659098390472
lab_subject_3,block_early_vs_no_ad_early,fz_theta_power_db_uv2,primary,7.992034909818201
lab_subject_5,block_early_vs_no_ad_early,fz_theta_power_db_uv2,primary,-2.316591813002126
lab_subject_6,block_early_vs_no_ad_early,fz_theta_power_db_uv2,primary,11.053809368228094
lab_subject_7,block_early_vs_no_ad_early,fz_theta_power_db_uv2,primary,0.25419202794591833
lab_subject_8,block_early_vs_no_ad_early,fz_theta_power_db_uv2,primary,4.391978669387189
lab_subject_9,block_early_vs_no_ad_early,fz_theta_power_db_uv2,primary,0.8663317651991047
lab_subject_1,inline_late_vs_no_ad_late,fz_theta_power_db_uv2,primary,-3.606833672953095
lab_subject_10,inline_late_vs_no_ad_late,fz_theta_power_db_uv2,primary,-1.419732651004888
lab_subject_11,inline_late_vs_no_ad_late,fz_theta_power_db_uv2,primary,3.0869173560076564
lab_subject_12,inline_late_vs_no_ad_late,fz_theta_power_db_uv2,primary,5.377685376796562
lab_subject_13,inline_late_vs_no_ad_late,fz_theta_power_db_uv2,primary,-0.37901816748317607
lab_subject_14,inline_late_vs_no_ad_late,fz_theta_power_db_uv2,primary,-3.627170921190287
lab_subject_15,inline_late_vs_no_ad_late,fz_theta_power_db_uv2,primary,-3.5488663332244768
lab_subject_16,inline_late_vs_no_ad_late,fz_theta_power_db_uv2,primary,0.8370666355913636
lab_subject_17,inline_late_vs_no_ad_late,fz_theta_power_db_uv2,primary,-5.558894642330417
lab_subject_18,inline_late_vs_no_ad_late,fz_theta_power_db_uv2,primary,-4.534442995668084
lab_subject_19,inline_late_vs_no_ad_late,fz_theta_power_db_uv2,primary,-7.543976842422751
lab_subject_2,inline_late_vs_no_ad_late,fz_theta_power_db_uv2,primary,-3.0870569275959774
lab_subject_3,inline_late_vs_no_ad_late,fz_theta_power_db_uv2,primary,4.5130813704115145
lab_subject_5,inline_late_vs_no_ad_late,fz_theta_power_db_uv2,primary,-11.486187678824294
lab_subject_6,inline_late_vs_no_ad_late,fz_theta_power_db_uv2,primary,-4.906996637420426
lab_subject_7,inline_late_vs_no_ad_late,fz_theta_power_db_uv2,primary,7.1571643123025845
lab_subject_8,inline_late_vs_no_ad_late,fz_theta_power_db_uv2,primary,-4.281509540204112
lab_subject_9,inline_late_vs_no_ad_late,fz_theta_power_db_uv2,primary,-0.0380834121389837
lab_subject_1,block_late_vs_no_ad_late,fz_theta_power_db_uv2,primary,0.3505489424778334
lab_subject_10,block_late_vs_no_ad_late,fz_theta_power_db_uv2,primary,-10.644328344100167
lab_subject_11,block_late_vs_no_ad_late,fz_theta_power_db_uv2,primary,2.2916535121221058
lab_subject_12,block_late_vs_no_ad_late,fz_theta_power_db_uv2,primary,3.9556422198396373
lab_subject_13,block_late_vs_no_ad_late,fz_theta_power_db_uv2,primary,-4.0426999582032055
lab_subject_14,block_late_vs_no_ad_late,fz_theta_power_db_uv2,primary,1.7995404108065562
lab_subject_15,block_late_vs_no_ad_late,fz_theta_power_db_uv2,primary,-2.2415586499674545
lab_subject_16,block_late_vs_no_ad_late,fz_theta_power_db_uv2,primary,4.717019237262081
lab_subject_17,block_late_vs_no_ad_late,fz_theta_power_db_uv2,primary,-5.438386838044795
lab_subject_18,block_late_vs_no_ad_late,fz_theta_power_db_uv2,primary,1.3682689242288815
lab_subject_19,block_late_vs_no_ad_late,fz_theta_power_db_uv2,primary,-3.1469819029701087
lab_subject_2,block_late_vs_no_ad_late,fz_theta_power_db_uv2,primary,-2.925412876400129
lab_subject_3,block_late_vs_no_ad_late,fz_theta_power_db_uv2,primary,3.4252049452206927
lab_subject_5,block_late_vs_no_ad_late,fz_theta_power_db_uv2,primary,-12.801632664504414
lab_subject_6,block_late_vs_no_ad_late,fz_theta_power_db_uv2,primary,-4.209129467474038
lab_subject_7,block_late_vs_no_ad_late,fz_theta_power_db_uv2,primary,6.332300014231579
lab_subject_8,block_late_vs_no_ad_late,fz_theta_power_db_uv2,primary,-2.429265009603486
lab_subject_9,block_late_vs_no_ad_late,fz_theta_power_db_uv2,primary,-1.235100779808569
lab_subject_1,any_ad_vs_matched_no_ad,fz_theta_power_db_uv2,primary,-1.5300568392666638
lab_subject_10,any_ad_vs_matched_no_ad,fz_theta_power_db_uv2,primary,-3.4592486370447473
lab_subject_11,any_ad_vs_matched_no_ad,fz_theta_power_db_uv2,primary,1.1528096799379455
lab_subject_12,any_ad_vs_matched_no_ad,fz_theta_power_db_uv2,primary,5.846349406178694
lab_subject_13,any_ad_vs_matched_no_ad,fz_theta_power_db_uv2,primary,-1.224316814054219
lab_subject_14,any_ad_vs_matched_no_ad,fz_theta_power_db_uv2,primary,2.4333502497600357
lab_subject_15,any_ad_vs_matched_no_ad,fz_theta_power_db_uv2,primary,-2.716026850491954
lab_subject_16,any_ad_vs_matched_no_ad,fz_theta_power_db_uv2,primary,0.8678298196537877
lab_subject_17,any_ad_vs_matched_no_ad,fz_theta_power_db_uv2,primary,-2.409483281963634
lab_subject_18,any_ad_vs_matched_no_ad,fz_theta_power_db_uv2,primary,0.5902267569418784
lab_subject_19,any_ad_vs_matched_no_ad,fz_theta_power_db_uv2,primary,-3.99479351509541
lab_subject_2,any_ad_vs_matched_no_ad,fz_theta_power_db_uv2,primary,-1.0139904605684378
lab_subject_3,any_ad_vs_matched_no_ad,fz_theta_power_db_uv2,primary,4.492055570247657
lab_subject_5,any_ad_vs_matched_no_ad,fz_theta_power_db_uv2,primary,-4.923018432412947
lab_subject_6,any_ad_vs_matched_no_ad,fz_theta_power_db_uv2,primary,1.4598834899846185
lab_subject_7,any_ad_vs_matched_no_ad,fz_theta_power_db_uv2,primary,2.6153289642655237
lab_subject_8,any_ad_vs_matched_no_ad,fz_theta_power_db_uv2,primary,0.2190588063585719
lab_subject_9,any_ad_vs_matched_no_ad,fz_theta_power_db_uv2,primary,1.0202581389760776
lab_subject_1,inline_vs_block,fz_theta_power_db_uv2,primary,-1.3802080875842933
lab_subject_10,inline_vs_block,fz_theta_power_db_uv2,primary,1.2344047210893865
lab_subject_11,inline_vs_block,fz_theta_power_db_uv2,primary,-0.4216682463659067
lab_subject_12,inline_vs_block,fz_theta_power_db_uv2,primary,-2.3241860084380743
lab_subject_13,inline_vs_block,fz_theta_power_db_uv2,primary,0.4543033320260981
lab_subject_14,inline_vs_block,fz_theta_power_db_uv2,primary,-4.18817654218371
lab_subject_15,inline_vs_block,fz_theta_power_db_uv2,primary,1.4915164605588032
lab_subject_16,inline_vs_block,fz_theta_power_db_uv2,primary,-2.734817686774752
lab_subject_17,inline_vs_block,fz_theta_power_db_uv2,primary,0.21278334410920152
lab_subject_18,inline_vs_block,fz_theta_power_db_uv2,primary,-4.772039764030802
lab_subject_19,inline_vs_block,fz_theta_power_db_uv2,primary,-5.84263247244569
lab_subject_2,inline_vs_block,fz_theta_power_db_uv2,primary,-2.2932271431272184
lab_subject_3,inline_vs_block,fz_theta_power_db_uv2,primary,-2.43312871454358
lab_subject_5,inline_vs_block,fz_theta_power_db_uv2,primary,5.272187612680645
lab_subject_6,inline_vs_block,fz_theta_power_db_uv2,primary,-3.9249129207848186
lab_subject_7,inline_vs_block,fz_theta_power_db_uv2,primary,-1.3558341136464496
lab_subject_8,inline_vs_block,fz_theta_power_db_uv2,primary,-1.5245960470665594
lab_subject_9,inline_vs_block,fz_theta_power_db_uv2,primary,2.4092852925616195
lab_subject_1,early_vs_late,fz_theta_power_db_uv2,primary,-3.8632230817971385
lab_subject_10,early_vs_late,fz_theta_power_db_uv2,primary,-1.784512963583103
lab_subject_11,early_vs_late,fz_theta_power_db_uv2,primary,-0.09977167127091935
lab_subject_12,early_vs_late,fz_theta_power_db_uv2,primary,0.8732688310907619
lab_subject_13,early_vs_late,fz_theta_power_db_uv2,primary,3.2504365541078015
lab_subject_14,early_vs_late,fz_theta_power_db_uv2,primary,-0.6355350206587553
lab_subject_15,early_vs_late,fz_theta_power_db_uv2,primary,3.1148652188811052
lab_subject_16,early_vs_late,fz_theta_power_db_uv2,primary,-4.264605367851666
lab_subject_17,early_vs_late,fz_theta_power_db_uv2,primary,1.193706306320709
lab_subject_18,early_vs_late,fz_theta_power_db_uv2,primary,-0.7524055316966782
lab_subject_19,early_vs_late,fz_theta_power_db_uv2,primary,4.36870918644216
lab_subject_2,early_vs_late,fz_theta_power_db_uv2,primary,-3.4339282838940237
lab_subject_3,early_vs_late,fz_theta_power_db_uv2,primary,8.814566616521882
lab_subject_5,early_vs_late,fz_theta_power_db_uv2,primary,4.335415349209123
lab_subject_6,early_vs_late,fz_theta_power_db_uv2,primary,3.8232100193348084
lab_subject_7,early_vs_late,fz_theta_power_db_uv2,primary,-1.9347180458207862
lab_subject_8,early_vs_late,fz_theta_power_db_uv2,primary,1.5117057689790236
lab_subject_9,early_vs_late,fz_theta_power_db_uv2,primary,-0.039858760480521394
lab_subject_1,format_x_timing,fz_theta_power_db_uv2,primary,5.15434905569327
lab_subject_10,format_x_timing,fz_theta_power_db_uv2,primary,-15.980381944011784
lab_subject_11,format_x_timing,fz_theta_power_db_uv2,primary,-2.433864180502914
lab_subject_12,format_x_timing,fz_theta_power_db_uv2,primary,-7.492458330789997
lab_subject_13,format_x_timing,fz_theta_power_db_uv2,primary,-6.418756917387863
lab_subject_14,format_x_timing,fz_theta_power_db_uv2,primary,2.4770695796262667
lab_subject_15,format_x_timing,fz_theta_power_db_uv2,primary,5.5976482876316505
lab_subject_16,format_x_timing,fz_theta_power_db_uv2,primary,2.2902698297919315
lab_subject_17,format_x_timing,fz_theta_power_db_uv2,primary,0.6665822967896471
lab_subject_18,format_x_timing,fz_theta_power_db_uv2,primary,2.261344311732328
lab_subject_19,format_x_timing,fz_theta_power_db_uv2,primary,-2.891275065986095
lab_subject_2,format_x_timing,fz_theta_power_db_uv2,primary,-4.26316618386274
lab_subject_3,format_x_timing,fz_theta_power_db_uv2,primary,-7.042010279468803
lab_subject_5,format_x_timing,fz_theta_power_db_uv2,primary,7.913485254001049
lab_subject_6,format_x_timing,fz_theta_power_db_uv2,primary,-6.454091501676861
lab_subject_7,format_x_timing,fz_theta_power_db_uv2,primary,-4.3613968234349105
lab_subject_8,format_x_timing,fz_theta_power_db_uv2,primary,0.6552969670681339
lab_subject_9,format_x_timing,fz_theta_power_db_uv2,primary,2.4245358497840686
lab_subject_1,inline_early_vs_no_ad_early,posterior_alpha_power_db_uv2,primary,-5.519396620175726
lab_subject_10,inline_early_vs_no_ad_early,posterior_alpha_power_db_uv2,primary,-6.254147763040835
lab_subject_11,inline_early_vs_no_ad_early,posterior_alpha_power_db_uv2,primary,1.5033501355480912
lab_subject_12,inline_early_vs_no_ad_early,posterior_alpha_power_db_uv2,primary,2.5941485053230426
lab_subject_13,inline_early_vs_no_ad_early,posterior_alpha_power_db_uv2,primary,-15.774340241384706
lab_subject_14,inline_early_vs_no_ad_early,posterior_alpha_power_db_uv2,primary,-0.7796615772764806
lab_subject_15,inline_early_vs_no_ad_early,posterior_alpha_power_db_uv2,primary,5.458841255112168
lab_subject_16,inline_early_vs_no_ad_early,posterior_alpha_power_db_uv2,primary,-0.33934601839115697
lab_subject_17,inline_early_vs_no_ad_early,posterior_alpha_power_db_uv2,primary,1.251907750755671
lab_subject_18,inline_early_vs_no_ad_early,posterior_alpha_power_db_uv2,primary,1.9734366246801356
lab_subject_19,inline_early_vs_no_ad_early,posterior_alpha_power_db_uv2,primary,0.9920737806837483
lab_subject_2,inline_early_vs_no_ad_early,posterior_alpha_power_db_uv2,primary,8.074078582601686
lab_subject_3,inline_early_vs_no_ad_early,posterior_alpha_power_db_uv2,primary,-0.2944618492949984
lab_subject_5,inline_early_vs_no_ad_early,posterior_alpha_power_db_uv2,primary,-1.3289241665733234
lab_subject_6,inline_early_vs_no_ad_early,posterior_alpha_power_db_uv2,primary,3.5642820287066073
lab_subject_7,inline_early_vs_no_ad_early,posterior_alpha_power_db_uv2,primary,1.6550319950004146
lab_subject_8,inline_early_vs_no_ad_early,posterior_alpha_power_db_uv2,primary,2.7916921866335294
lab_subject_9,inline_early_vs_no_ad_early,posterior_alpha_power_db_uv2,primary,-2.5449175681332448
lab_subject_1,block_early_vs_no_ad_early,posterior_alpha_power_db_uv2,primary,-1.4038091575202292
lab_subject_10,block_early_vs_no_ad_early,posterior_alpha_power_db_uv2,primary,-3.010467742774088
lab_subject_11,block_early_vs_no_ad_early,posterior_alpha_power_db_uv2,primary,4.834482228021722
lab_subject_12,block_early_vs_no_ad_early,posterior_alpha_power_db_uv2,primary,2.3854356523359783
lab_subject_13,block_early_vs_no_ad_early,posterior_alpha_power_db_uv2,primary,-11.628523982171563
lab_subject_14,block_early_vs_no_ad_early,posterior_alpha_power_db_uv2,primary,3.7216219070490575
lab_subject_15,block_early_vs_no_ad_early,posterior_alpha_power_db_uv2,primary,5.194112675514212
lab_subject_16,block_early_vs_no_ad_early,posterior_alpha_power_db_uv2,primary,-1.9490347854786156
lab_subject_17,block_early_vs_no_ad_early,posterior_alpha_power_db_uv2,primary,1.343093154822217
lab_subject_18,block_early_vs_no_ad_early,posterior_alpha_power_db_uv2,primary,-5.430640141957804
lab_subject_19,block_early_vs_no_ad_early,posterior_alpha_power_db_uv2,primary,-2.9751644116994305
lab_subject_2,block_early_vs_no_ad_early,posterior_alpha_power_db_uv2,primary,0.9407398570433707
lab_subject_3,block_early_vs_no_ad_early,posterior_alpha_power_db_uv2,primary,-3.4108440950115986
lab_subject_5,block_early_vs_no_ad_early,posterior_alpha_power_db_uv2,primary,-0.5554260188011741
lab_subject_6,block_early_vs_no_ad_early,posterior_alpha_power_db_uv2,primary,1.8921119523645533
lab_subject_7,block_early_vs_no_ad_early,posterior_alpha_power_db_uv2,primary,-0.8965712686187044
lab_subject_8,block_early_vs_no_ad_early,posterior_alpha_power_db_uv2,primary,4.349439485373601
lab_subject_9,block_early_vs_no_ad_early,posterior_alpha_power_db_uv2,primary,0.12882172023827154
lab_subject_1,inline_late_vs_no_ad_late,posterior_alpha_power_db_uv2,primary,-2.5428678130170397
lab_subject_10,inline_late_vs_no_ad_late,posterior_alpha_power_db_uv2,primary,0.9220865596933461
lab_subject_11,inline_late_vs_no_ad_late,posterior_alpha_power_db_uv2,primary,-0.8194269887489813
lab_subject_12,inline_late_vs_no_ad_late,posterior_alpha_power_db_uv2,primary,-0.6037139840876025
lab_subject_13,inline_late_vs_no_ad_late,posterior_alpha_power_db_uv2,primary,-2.639446950485416
lab_subject_14,inline_late_vs_no_ad_late,posterior_alpha_power_db_uv2,primary,3.547192555673246
lab_subject_15,inline_late_vs_no_ad_late,posterior_alpha_power_db_uv2,primary,-0.9172307655852645
lab_subject_16,inline_late_vs_no_ad_late,posterior_alpha_power_db_uv2,primary,-0.506604944918851
lab_subject_17,inline_late_vs_no_ad_late,posterior_alpha_power_db_uv2,primary,3.2188973799134257
lab_subject_18,inline_late_vs_no_ad_late,posterior_alpha_power_db_uv2,primary,-1.2697942308961627
lab_subject_19,inline_late_vs_no_ad_late,posterior_alpha_power_db_uv2,primary,-3.2447862478225
lab_subject_2,inline_late_vs_no_ad_late,posterior_alpha_power_db_uv2,primary,1.3145847338816328
lab_subject_3,inline_late_vs_no_ad_late,posterior_alpha_power_db_uv2,primary,-2.887339570841209
lab_subject_5,inline_late_vs_no_ad_late,posterior_alpha_power_db_uv2,primary,-3.156387775771661
lab_subject_6,inline_late_vs_no_ad_late,posterior_alpha_power_db_uv2,primary,0.6372885905513961
lab_subject_7,inline_late_vs_no_ad_late,posterior_alpha_power_db_uv2,primary,0.4001199758784457
lab_subject_8,inline_late_vs_no_ad_late,posterior_alpha_power_db_uv2,primary,-4.124144482149879
lab_subject_9,inline_late_vs_no_ad_late,posterior_alpha_power_db_uv2,primary,3.2699189271002114
lab_subject_1,block_late_vs_no_ad_late,posterior_alpha_power_db_uv2,primary,-2.308493507033316
lab_subject_10,block_late_vs_no_ad_late,posterior_alpha_power_db_uv2,primary,-4.601074759391921
lab_subject_11,block_late_vs_no_ad_late,posterior_alpha_power_db_uv2,primary,-2.42929649266525
lab_subject_12,block_late_vs_no_ad_late,posterior_alpha_power_db_uv2,primary,-3.4951440756118313
lab_subject_13,block_late_vs_no_ad_late,posterior_alpha_power_db_uv2,primary,-4.387883763778204
lab_subject_14,block_late_vs_no_ad_late,posterior_alpha_power_db_uv2,primary,2.1807482023199016
lab_subject_15,block_late_vs_no_ad_late,posterior_alpha_power_db_uv2,primary,-3.110799967595698
lab_subject_16,block_late_vs_no_ad_late,posterior_alpha_power_db_uv2,primary,-1.1208703787145087
lab_subject_17,block_late_vs_no_ad_late,posterior_alpha_power_db_uv2,primary,2.018781007436049
lab_subject_18,block_late_vs_no_ad_late,posterior_alpha_power_db_uv2,primary,-0.9432636908627767
lab_subject_19,block_late_vs_no_ad_late,posterior_alpha_power_db_uv2,primary,-5.207889312501782
lab_subject_2,block_late_vs_no_ad_late,posterior_alpha_power_db_uv2,primary,0.9545740353291796
lab_subject_3,block_late_vs_no_ad_late,posterior_alpha_power_db_uv2,primary,-6.328043340952443
lab_subject_5,block_late_vs_no_ad_late,posterior_alpha_power_db_uv2,primary,-6.8671563539491185
lab_subject_6,block_late_vs_no_ad_late,posterior_alpha_power_db_uv2,primary,2.5552825807775363
lab_subject_7,block_late_vs_no_ad_late,posterior_alpha_power_db_uv2,primary,1.2650636118786314
lab_subject_8,block_late_vs_no_ad_late,posterior_alpha_power_db_uv2,primary,-2.6968040242997713
lab_subject_9,block_late_vs_no_ad_late,posterior_alpha_power_db_uv2,primary,1.617147301348516
lab_subject_1,any_ad_vs_matched_no_ad,posterior_alpha_power_db_uv2,primary,-2.9436417744365775
lab_subject_10,any_ad_vs_matched_no_ad,posterior_alpha_power_db_uv2,primary,-3.235900926378374
lab_subject_11,any_ad_vs_matched_no_ad,posterior_alpha_power_db_uv2,primary,0.7722772205388955
lab_subject_12,any_ad_vs_matched_no_ad,posterior_alpha_power_db_uv2,primary,0.2201815244898968
lab_subject_13,any_ad_vs_matched_no_ad,posterior_alpha_power_db_uv2,primary,-8.607548734454973
lab_subject_14,any_ad_vs_matched_no_ad,posterior_alpha_power_db_uv2,primary,2.167475271941431
lab_subject_15,any_ad_vs_matched_no_ad,posterior_alpha_power_db_uv2,primary,1.6562307993613545
lab_subject_16,any_ad_vs_matched_no_ad,posterior_alpha_power_db_uv2,primary,-0.9789640318757831
lab_subject_17,any_ad_vs_matched_no_ad,posterior_alpha_power_db_uv2,primary,1.9581698232318407
lab_subject_18,any_ad_vs_matched_no_ad,posterior_alpha_power_db_uv2,primary,-1.417565359759152
lab_subject_19,any_ad_vs_matched_no_ad,posterior_alpha_power_db_uv2,primary,-2.6089415478349913
lab_subject_2,any_ad_vs_matched_no_ad,posterior_alpha_power_db_uv2,primary,2.820994302213967
lab_subject_3,any_ad_vs_matched_no_ad,posterior_alpha_power_db_uv2,primary,-3.230172214025062
lab_subject_5,any_ad_vs_matched_no_ad,posterior_alpha_power_db_uv2,primary,-2.976973578773819
lab_subject_6,any_ad_vs_matched_no_ad,posterior_alpha_power_db_uv2,primary,2.1622412881000233
lab_subject_7,any_ad_vs_matched_no_ad,posterior_alpha_power_db_uv2,primary,0.6059110785346968
lab_subject_8,any_ad_vs_matched_no_ad,posterior_alpha_power_db_uv2,primary,0.08004579138936996
lab_subject_9,any_ad_vs_matched_no_ad,posterior_alpha_power_db_uv2,primary,0.6177425951384385
lab_subject_1,inline_vs_block,posterior_alpha_power_db_uv2,primary,-2.17498088431961
lab_subject_10,inline_vs_block,posterior_alpha_power_db_uv2,primary,1.13974064940926
lab_subject_11,inline_vs_block,posterior_alpha_power_db_uv2,primary,-0.8606312942786811
lab_subject_12,inline_vs_block,posterior_alpha_power_db_uv2,primary,1.5500714722556466
lab_subject_13,inline_vs_block,posterior_alpha_power_db_uv2,primary,-1.1986897229601774
lab_subject_14,inline_vs_block,posterior_alpha_power_db_uv2,primary,-1.5674195654860967
lab_subject_15,inline_vs_block,posterior_alpha_power_db_uv2,primary,1.2291488908041945
lab_subject_16,inline_vs_block,posterior_alpha_power_db_uv2,primary,1.1119771004415582
lab_subject_17,inline_vs_block,posterior_alpha_power_db_uv2,primary,0.5544654842054155
lab_subject_18,inline_vs_block,posterior_alpha_power_db_uv2,primary,3.538773113302277
lab_subject_19,inline_vs_block,posterior_alpha_power_db_uv2,primary,2.9651706285312307
lab_subject_2,inline_vs_block,posterior_alpha_power_db_uv2,primary,3.746674712055384
lab_subject_3,inline_vs_block,posterior_alpha_power_db_uv2,primary,3.2785430079139175
lab_subject_5,inline_vs_block,posterior_alpha_power_db_uv2,primary,1.4686352152026538
lab_subject_6,inline_vs_block,posterior_alpha_power_db_uv2,primary,-0.12291195694204315
lab_subject_7,inline_vs_block,posterior_alpha_power_db_uv2,primary,0.8433298138094667
lab_subject_8,inline_vs_block,posterior_alpha_power_db_uv2,primary,-1.49254387829509
lab_subject_9,inline_vs_block,posterior_alpha_power_db_uv2,primary,-0.5104838313099105
lab_subject_1,early_vs_late,posterior_alpha_power_db_uv2,primary,-2.649500897090301
lab_subject_10,early_vs_late,posterior_alpha_power_db_uv2,primary,1.1559226656508552
lab_subject_11,early_vs_late,posterior_alpha_power_db_uv2,primary,0.4049445834711518
lab_subject_12,early_vs_late,posterior_alpha_power_db_uv2,primary,3.433797216398235
lab_subject_13,early_vs_late,posterior_alpha_power_db_uv2,primary,-1.017987700229599
lab_subject_14,early_vs_late,posterior_alpha_power_db_uv2,primary,0.29481740502353126
lab_subject_15,early_vs_late,posterior_alpha_power_db_uv2,primary,-0.2795880899488624
lab_subject_16,early_vs_late,posterior_alpha_power_db_uv2,primary,-1.7238819386887063
lab_subject_17,early_vs_late,posterior_alpha_power_db_uv2,primary,-0.5871471808098121
lab_subject_18,early_vs_late,posterior_alpha_power_db_uv2,primary,1.7885955956010722
lab_subject_19,early_vs_late,posterior_alpha_power_db_uv2,primary,3.537943745074817
lab_subject_2,early_vs_late,posterior_alpha_power_db_uv2,primary,-0.7092470435734464
lab_subject_3,early_vs_late,posterior_alpha_power_db_uv2,primary,3.73828115878632
lab_subject_5,early_vs_late,posterior_alpha_power_db_uv2,primary,4.246725192162022
lab_subject_6,early_vs_late,posterior_alpha_power_db_uv2,primary,-3.2104416758478047
lab_subject_7,early_vs_late,posterior_alpha_power_db_uv2,primary,1.8185081571608506
lab_subject_8,early_vs_late,posterior_alpha_power_db_uv2,primary,3.013959024353801
lab_subject_9,early_vs_late,posterior_alpha_power_db_uv2,primary,-2.940119982224937
lab_subject_1,format_x_timing,posterior_alpha_power_db_uv2,primary,-3.8812131566717736
lab_subject_10,format_x_timing,posterior_alpha_power_db_uv2,primary,-8.766841339352013
lab_subject_11,format_x_timing,posterior_alpha_power_db_uv2,primary,-4.941001596389899
lab_subject_12,format_x_timing,posterior_alpha_power_db_uv2,primary,-2.6827172385371645
lab_subject_13,format_x_timing,posterior_alpha_power_db_uv2,primary,-5.89425307250593
lab_subject_14,format_x_timing,posterior_alpha_power_db_uv2,primary,-5.867727837678883
lab_subject_15,format_x_timing,posterior_alpha_power_db_uv2,primary,-1.928840622412478
lab_subject_16,format_x_timing,posterior_alpha_power_db_uv2,primary,0.995423333291801
lab_subject_17,format_x_timing,posterior_alpha_power_db_uv2,primary,-1.2913017765439228
lab_subject_18,format_x_timing,posterior_alpha_power_db_uv2,primary,7.730607306671326
lab_subject_19,format_x_timing,posterior_alpha_power_db_uv2,primary,2.004135127703896
lab_subject_2,format_x_timing,posterior_alpha_power_db_uv2,primary,6.773328027005861
lab_subject_3,format_x_timing,posterior_alpha_power_db_uv2,primary,-0.32432152439463424
lab_subject_5,format_x_timing,posterior_alpha_power_db_uv2,primary,-4.484266725949607
lab_subject_6,format_x_timing,posterior_alpha_power_db_uv2,primary,3.590164066568194
lab_subject_7,format_x_timing,posterior_alpha_power_db_uv2,primary,3.4165468996193047
lab_subject_8,format_x_timing,posterior_alpha_power_db_uv2,primary,-0.13040684088996368
lab_subject_9,format_x_timing,posterior_alpha_power_db_uv2,primary,-4.326510914123212
lab_subject_1,inline_early_vs_no_ad_early,theta_power_db_uv2,secondary_global,-2.291740063074767
lab_subject_10,inline_early_vs_no_ad_early,theta_power_db_uv2,secondary_global,6.584266380018739
lab_subject_11,inline_early_vs_no_ad_early,theta_power_db_uv2,secondary_global,-2.3606423145015007
lab_subject_12,inline_early_vs_no_ad_early,theta_power_db_uv2,secondary_global,3.4519220462821627
lab_subject_13,inline_early_vs_no_ad_early,theta_power_db_uv2,secondary_global,-8.507696669606872
lab_subject_14,inline_early_vs_no_ad_early,theta_power_db_uv2,secondary_global,-1.1433219141922306
lab_subject_15,inline_early_vs_no_ad_early,theta_power_db_uv2,secondary_global,1.4164880765641608
lab_subject_16,inline_early_vs_no_ad_early,theta_power_db_uv2,secondary_global,-5.452988064491352
lab_subject_17,inline_early_vs_no_ad_early,theta_power_db_uv2,secondary_global,1.0792799289643096
lab_subject_18,inline_early_vs_no_ad_early,theta_power_db_uv2,secondary_global,0.9919753092525134
lab_subject_19,inline_early_vs_no_ad_early,theta_power_db_uv2,secondary_global,-8.534141230795647
lab_subject_2,inline_early_vs_no_ad_early,theta_power_db_uv2,secondary_global,0.495105656913128
lab_subject_3,inline_early_vs_no_ad_early,theta_power_db_uv2,secondary_global,3.779844035292601
lab_subject_5,inline_early_vs_no_ad_early,theta_power_db_uv2,secondary_global,2.2466974631029335
lab_subject_6,inline_early_vs_no_ad_early,theta_power_db_uv2,secondary_global,1.3056651492824551
lab_subject_7,inline_early_vs_no_ad_early,theta_power_db_uv2,secondary_global,-4.020865864832738
lab_subject_8,inline_early_vs_no_ad_early,theta_power_db_uv2,secondary_global,-0.4786986053225917
lab_subject_9,inline_early_vs_no_ad_early,theta_power_db_uv2,secondary_global,-1.4134545362420345
lab_subject_1,block_early_vs_no_ad_early,theta_power_db_uv2,secondary_global,-0.3719323932730805
lab_subject_10,block_early_vs_no_ad_early,theta_power_db_uv2,secondary_global,5.300276091908273
lab_subject_11,block_early_vs_no_ad_early,theta_power_db_uv2,secondary_global,-0.12666337809915618
lab_subject_12,block_early_vs_no_ad_early,theta_power_db_uv2,secondary_global,2.9058033190200714
lab_subject_13,block_early_vs_no_ad_early,theta_power_db_uv2,secondary_global,-3.220070907436266
lab_subject_14,block_early_vs_no_ad_early,theta_power_db_uv2,secondary_global,0.781617226760039
lab_subject_15,block_early_vs_no_ad_early,theta_power_db_uv2,secondary_global,4.834363110749309
lab_subject_16,block_early_vs_no_ad_early,theta_power_db_uv2,secondary_global,1.040230132968746
lab_subject_17,block_early_vs_no_ad_early,theta_power_db_uv2,secondary_global,1.0591194356986184
lab_subject_18,block_early_vs_no_ad_early,theta_power_db_uv2,secondary_global,2.1429854333400673
lab_subject_19,block_early_vs_no_ad_early,theta_power_db_uv2,secondary_global,-1.7077893125215802
lab_subject_2,block_early_vs_no_ad_early,theta_power_db_uv2,secondary_global,0.3851430549596575
lab_subject_3,block_early_vs_no_ad_early,theta_power_db_uv2,secondary_global,5.547795117749276
lab_subject_5,block_early_vs_no_ad_early,theta_power_db_uv2,secondary_global,2.0103299509765304
lab_subject_6,block_early_vs_no_ad_early,theta_power_db_uv2,secondary_global,1.8635402569150452
lab_subject_7,block_early_vs_no_ad_early,theta_power_db_uv2,secondary_global,-1.372053071700892
lab_subject_8,block_early_vs_no_ad_early,theta_power_db_uv2,secondary_global,1.5927008863614063
lab_subject_9,block_early_vs_no_ad_early,theta_power_db_uv2,secondary_global,7.202034357098504
lab_subject_1,inline_late_vs_no_ad_late,theta_power_db_uv2,secondary_global,-2.2312371237491364
lab_subject_10,inline_late_vs_no_ad_late,theta_power_db_uv2,secondary_global,-3.4261854982875146
lab_subject_11,inline_late_vs_no_ad_late,theta_power_db_uv2,secondary_global,-1.824038917532274
lab_subject_12,inline_late_vs_no_ad_late,theta_power_db_uv2,secondary_global,0.31381269767533837
lab_subject_13,inline_late_vs_no_ad_late,theta_power_db_uv2,secondary_global,0.5725248662270559
lab_subject_14,inline_late_vs_no_ad_late,theta_power_db_uv2,secondary_global,1.7268462793650436
lab_subject_15,inline_late_vs_no_ad_late,theta_power_db_uv2,secondary_global,-1.109430680414773
lab_subject_16,inline_late_vs_no_ad_late,theta_power_db_uv2,secondary_global,5.152961570551841
lab_subject_17,inline_late_vs_no_ad_late,theta_power_db_uv2,secondary_global,-4.168793933805604
lab_subject_18,inline_late_vs_no_ad_late,theta_power_db_uv2,secondary_global,-1.986202517005796
lab_subject_19,inline_late_vs_no_ad_late,theta_power_db_uv2,secondary_global,-6.980195201271386
lab_subject_2,inline_late_vs_no_ad_late,theta_power_db_uv2,secondary_global,-4.1675916700653515
lab_subject_3,inline_late_vs_no_ad_late,theta_power_db_uv2,secondary_global,3.0456895916883098
lab_subject_5,inline_late_vs_no_ad_late,theta_power_db_uv2,secondary_global,-2.05913273090204
lab_subject_6,inline_late_vs_no_ad_late,theta_power_db_uv2,secondary_global,-7.679903551872985
lab_subject_7,inline_late_vs_no_ad_late,theta_power_db_uv2,secondary_global,8.441521210767153
lab_subject_8,inline_late_vs_no_ad_late,theta_power_db_uv2,secondary_global,-0.6661558690790272
lab_subject_9,inline_late_vs_no_ad_late,theta_power_db_uv2,secondary_global,3.3144192799590035
lab_subject_1,block_late_vs_no_ad_late,theta_power_db_uv2,secondary_global,2.5124673266716417
lab_subject_10,block_late_vs_no_ad_late,theta_power_db_uv2,secondary_global,-4.588092308509634
lab_subject_11,block_late_vs_no_ad_late,theta_power_db_uv2,secondary_global,1.6407660068773335
lab_subject_12,block_late_vs_no_ad_late,theta_power_db_uv2,secondary_global,-0.0646323752993645
lab_subject_13,block_late_vs_no_ad_late,theta_power_db_uv2,secondary_global,1.5158514520963555
lab_subject_14,block_late_vs_no_ad_late,theta_power_db_uv2,secondary_global,2.641372963139122
lab_subject_15,block_late_vs_no_ad_late,theta_power_db_uv2,secondary_global,-3.8281155624413676
lab_subject_16,block_late_vs_no_ad_late,theta_power_db_uv2,secondary_global,-1.987009728205189
lab_subject_17,block_late_vs_no_ad_late,theta_power_db_uv2,secondary_global,-6.0889459346833705
lab_subject_18,block_late_vs_no_ad_late,theta_power_db_uv2,secondary_global,1.168832797393537
lab_subject_19,block_late_vs_no_ad_late,theta_power_db_uv2,secondary_global,1.2613663156265904
lab_subject_2,block_late_vs_no_ad_late,theta_power_db_uv2,secondary_global,-3.0376312043238185
lab_subject_3,block_late_vs_no_ad_late,theta_power_db_uv2,secondary_global,0.6533107496690915
lab_subject_5,block_late_vs_no_ad_late,theta_power_db_uv2,secondary_global,-8.479740498810774
lab_subject_6,block_late_vs_no_ad_late,theta_power_db_uv2,secondary_global,-0.5577602627901399
lab_subject_7,block_late_vs_no_ad_late,theta_power_db_uv2,secondary_global,4.2114796004992145
lab_subject_8,block_late_vs_no_ad_late,theta_power_db_uv2,secondary_global,1.2433145489655644
lab_subject_9,block_late_vs_no_ad_late,theta_power_db_uv2,secondary_global,-4.923836414237823
lab_subject_1,any_ad_vs_matched_no_ad,theta_power_db_uv2,secondary_global,-0.5956105633563356
lab_subject_10,any_ad_vs_matched_no_ad,theta_power_db_uv2,secondary_global,0.9675661662824657
lab_subject_11,any_ad_vs_matched_no_ad,theta_power_db_uv2,secondary_global,-0.6676446508138993
lab_subject_12,any_ad_vs_matched_no_ad,theta_power_db_uv2,secondary_global,1.651726421919552
lab_subject_13,any_ad_vs_matched_no_ad,theta_power_db_uv2,secondary_global,-2.409847814679932
lab_subject_14,any_ad_vs_matched_no_ad,theta_power_db_uv2,secondary_global,1.0016286387679934
lab_subject_15,any_ad_vs_matched_no_ad,theta_power_db_uv2,secondary_global,0.3283262361143323
lab_subject_16,any_ad_vs_matched_no_ad,theta_power_db_uv2,secondary_global,-0.3117015222939885
lab_subject_17,any_ad_vs_matched_no_ad,theta_power_db_uv2,secondary_global,-2.0298351259565117
lab_subject_18,any_ad_vs_matched_no_ad,theta_power_db_uv2,secondary_global,0.5793977557450805
lab_subject_19,any_ad_vs_matched_no_ad,theta_power_db_uv2,secondary_global,-3.990189857240506
lab_subject_2,any_ad_vs_matched_no_ad,theta_power_db_uv2,secondary_global,-1.5812435406290961
lab_subject_3,any_ad_vs_matched_no_ad,theta_power_db_uv2,secondary_global,3.2566598735998196
lab_subject_5,any_ad_vs_matched_no_ad,theta_power_db_uv2,secondary_global,-1.5704614539083377
lab_subject_6,any_ad_vs_matched_no_ad,theta_power_db_uv2,secondary_global,-1.2671146021164061
lab_subject_7,any_ad_vs_matched_no_ad,theta_power_db_uv2,secondary_global,1.8150204686831841
lab_subject_8,any_ad_vs_matched_no_ad,theta_power_db_uv2,secondary_global,0.42279024023133793
lab_subject_9,any_ad_vs_matched_no_ad,theta_power_db_uv2,secondary_global,1.0447906716444124
lab_subject_1,inline_vs_block,theta_power_db_uv2,secondary_global,-3.331756060111233
lab_subject_10,inline_vs_block,theta_power_db_uv2,secondary_global,1.2229485491662926
lab_subject_11,inline_vs_block,theta_power_db_uv2,secondary_global,-2.849391930405976
lab_subject_12,inline_vs_block,theta_power_db_uv2,secondary_global,0.4622819001183971
lab_subject_13,inline_vs_block,theta_power_db_uv2,secondary_global,-3.115476174019953
lab_subject_14,inline_vs_block,theta_power_db_uv2,secondary_global,-1.419732912363174
lab_subject_15,inline_vs_block,theta_power_db_uv2,secondary_global,-0.349595076079277
lab_subject_16,inline_vs_block,theta_power_db_uv2,secondary_global,0.32337655064846604
lab_subject_17,inline_vs_block,theta_power_db_uv2,secondary_global,0.9701562470717287
lab_subject_18,inline_vs_block,theta_power_db_uv2,secondary_global,-2.1530227192434435
lab_subject_19,inline_vs_block,theta_power_db_uv2,secondary_global,-7.5339567175860225
lab_subject_2,inline_vs_block,theta_power_db_uv2,secondary_global,-0.5099989318940312
lab_subject_3,inline_vs_block,theta_power_db_uv2,secondary_global,0.3122138797812717
lab_subject_5,inline_vs_block,theta_power_db_uv2,secondary_global,3.3284876400175687
lab_subject_6,inline_vs_block,theta_power_db_uv2,secondary_global,-3.8400091983577176
lab_subject_7,inline_vs_block,theta_power_db_uv2,secondary_global,0.790614408568046
lab_subject_8,inline_vs_block,theta_power_db_uv2,secondary_global,-1.9904349548642948
lab_subject_9,inline_vs_block,theta_power_db_uv2,secondary_global,-0.18861659957185584
lab_subject_1,early_vs_late,theta_power_db_uv2,secondary_global,-2.015480714775258
lab_subject_10,early_vs_late,theta_power_db_uv2,secondary_global,1.0500291744337922
lab_subject_11,early_vs_late,theta_power_db_uv2,secondary_global,0.883890816324862
lab_subject_12,early_vs_late,theta_power_db_uv2,secondary_global,1.3055703698903431
lab_subject_13,early_vs_late,theta_power_db_uv2,secondary_global,-2.855763071580542
lab_subject_14,early_vs_late,theta_power_db_uv2,secondary_global,-0.550675580780972
lab_subject_15,early_vs_late,theta_power_db_uv2,secondary_global,1.8433712772981714
lab_subject_16,early_vs_late,theta_power_db_uv2,secondary_global,-3.568767313222997
lab_subject_17,early_vs_late,theta_power_db_uv2,secondary_global,0.8442684864792893
lab_subject_18,early_vs_late,theta_power_db_uv2,secondary_global,-1.4889431938675486
lab_subject_19,early_vs_late,theta_power_db_uv2,secondary_global,2.857540466974736
lab_subject_2,early_vs_late,theta_power_db_uv2,secondary_global,0.6588420731583233
lab_subject_3,early_vs_late,theta_power_db_uv2,secondary_global,5.381391499988479
lab_subject_5,early_vs_late,theta_power_db_uv2,secondary_global,4.400825374852099
lab_subject_6,early_vs_late,theta_power_db_uv2,secondary_global,2.188644618204877
lab_subject_7,early_vs_late,theta_power_db_uv2,secondary_global,2.4446080937389976
lab_subject_8,early_vs_late,theta_power_db_uv2,secondary_global,0.2336879637456306
lab_subject_9,early_vs_late,theta_power_db_uv2,secondary_global,2.0319768906427775
lab_subject_1,format_x_timing,theta_power_db_uv2,secondary_global,2.8238967806190916
lab_subject_10,format_x_timing,theta_power_db_uv2,secondary_global,0.12208347788834573
lab_subject_11,format_x_timing,theta_power_db_uv2,secondary_global,1.230825988007263
lab_subject_12,format_x_timing,theta_power_db_uv2,secondary_global,0.16767365428738845
lab_subject_13,format_x_timing,theta_power_db_uv2,secondary_global,-4.344299176301307
lab_subject_14,format_x_timing,theta_power_db_uv2,secondary_global,-1.0104124571781914
lab_subject_15,format_x_timing,theta_power_db_uv2,secondary_global,-6.136559916211743
lab_subject_16,format_x_timing,theta_power_db_uv2,secondary_global,-13.633189496217128
lab_subject_17,format_x_timing,theta_power_db_uv2,secondary_global,-1.899991507612075
lab_subject_18,format_x_timing,theta_power_db_uv2,secondary_global,2.004025190311779
lab_subject_19,format_x_timing,theta_power_db_uv2,secondary_global,1.4152095986239095
lab_subject_2,format_x_timing,theta_power_db_uv2,secondary_global,1.2399230676950035
lab_subject_3,format_x_timing,theta_power_db_uv2,secondary_global,-4.160329924475894
lab_subject_5,format_x_timing,theta_power_db_uv2,secondary_global,-6.184240255782331
lab_subject_6,format_x_timing,theta_power_db_uv2,secondary_global,6.564268181450255
lab_subject_7,format_x_timing,theta_power_db_uv2,secondary_global,-6.8788544033997825
lab_subject_8,format_x_timing,theta_power_db_uv2,secondary_global,-0.16192907363940634
lab_subject_9,format_x_timing,theta_power_db_uv2,secondary_global,-16.853744587537363
lab_subject_1,inline_early_vs_no_ad_early,alpha_power_db_uv2,secondary_global,-5.708943190364645
lab_subject_10,inline_early_vs_no_ad_early,alpha_power_db_uv2,secondary_global,-1.5363334929513206
lab_subject_11,inline_early_vs_no_ad_early,alpha_power_db_uv2,secondary_global,-0.9743249901388467
lab_subject_12,inline_early_vs_no_ad_early,alpha_power_db_uv2,secondary_global,4.6007203767409575
lab_subject_13,inline_early_vs_no_ad_early,alpha_power_db_uv2,secondary_global,-9.470237650031589
lab_subject_14,inline_early_vs_no_ad_early,alpha_power_db_uv2,secondary_global,-1.239046078718139
lab_subject_15,inline_early_vs_no_ad_early,alpha_power_db_uv2,secondary_global,2.255301366249331
lab_subject_16,inline_early_vs_no_ad_early,alpha_power_db_uv2,secondary_global,-3.2573951079411665
lab_subject_17,inline_early_vs_no_ad_early,alpha_power_db_uv2,secondary_global,-0.8344006144029317
lab_subject_18,inline_early_vs_no_ad_early,alpha_power_db_uv2,secondary_global,2.5158215121240177
lab_subject_19,inline_early_vs_no_ad_early,alpha_power_db_uv2,secondary_global,-0.6651585068457564
lab_subject_2,inline_early_vs_no_ad_early,alpha_power_db_uv2,secondary_global,2.2984838768568006
lab_subject_3,inline_early_vs_no_ad_early,alpha_power_db_uv2,secondary_global,1.7184530502115538
lab_subject_5,inline_early_vs_no_ad_early,alpha_power_db_uv2,secondary_global,2.0438383686363264
lab_subject_6,inline_early_vs_no_ad_early,alpha_power_db_uv2,secondary_global,2.3624598536765418
lab_subject_7,inline_early_vs_no_ad_early,alpha_power_db_uv2,secondary_global,-2.15235698615879
lab_subject_8,inline_early_vs_no_ad_early,alpha_power_db_uv2,secondary_global,3.2507847903860245
lab_subject_9,inline_early_vs_no_ad_early,alpha_power_db_uv2,secondary_global,-1.950586545370279
lab_subject_1,block_early_vs_no_ad_early,alpha_power_db_uv2,secondary_global,-1.8813400933513575
lab_subject_10,block_early_vs_no_ad_early,alpha_power_db_uv2,secondary_global,-1.3653969007748632
lab_subject_11,block_early_vs_no_ad_early,alpha_power_db_uv2,secondary_global,2.1562044629031334
lab_subject_12,block_early_vs_no_ad_early,alpha_power_db_uv2,secondary_global,4.59097436622338
lab_subject_13,block_early_vs_no_ad_early,alpha_power_db_uv2,secondary_global,-10.732629994474586
lab_subject_14,block_early_vs_no_ad_early,alpha_power_db_uv2,secondary_global,1.2368244997360769
lab_subject_15,block_early_vs_no_ad_early,alpha_power_db_uv2,secondary_global,2.2119396211664784
lab_subject_16,block_early_vs_no_ad_early,alpha_power_db_uv2,secondary_global,-3.12718988539243
lab_subject_17,block_early_vs_no_ad_early,alpha_power_db_uv2,secondary_global,-0.6240818132755042
lab_subject_18,block_early_vs_no_ad_early,alpha_power_db_uv2,secondary_global,-0.812607017001171
lab_subject_19,block_early_vs_no_ad_early,alpha_power_db_uv2,secondary_global,-4.511701087246394
lab_subject_2,block_early_vs_no_ad_early,alpha_power_db_uv2,secondary_global,1.0516183442554548
lab_subject_3,block_early_vs_no_ad_early,alpha_power_db_uv2,secondary_global,-1.7824861702862145
lab_subject_5,block_early_vs_no_ad_early,alpha_power_db_uv2,secondary_global,1.577552256913524
lab_subject_6,block_early_vs_no_ad_early,alpha_power_db_uv2,secondary_global,2.372758528898363
lab_subject_7,block_early_vs_no_ad_early,alpha_power_db_uv2,secondary_global,-1.9522601634101489
lab_subject_8,block_early_vs_no_ad_early,alpha_power_db_uv2,secondary_global,2.643786106396515
lab_subject_9,block_early_vs_no_ad_early,alpha_power_db_uv2,secondary_global,1.4189552355973065
lab_subject_1,inline_late_vs_no_ad_late,alpha_power_db_uv2,secondary_global,-2.526218383059718
lab_subject_10,inline_late_vs_no_ad_late,alpha_power_db_uv2,secondary_global,-0.18868166697694821
lab_subject_11,inline_late_vs_no_ad_late,alpha_power_db_uv2,secondary_global,-0.36484638111412515
lab_subject_12,inline_late_vs_no_ad_late,alpha_power_db_uv2,secondary_global,-2.509985973375999
lab_subject_13,inline_late_vs_no_ad_late,alpha_power_db_uv2,secondary_global,-3.8736346120469336
lab_subject_14,inline_late_vs_no_ad_late,alpha_power_db_uv2,secondary_global,3.0739867090634885
lab_subject_15,inline_late_vs_no_ad_late,alpha_power_db_uv2,secondary_global,-0.9897936060764692
lab_subject_16,inline_late_vs_no_ad_late,alpha_power_db_uv2,secondary_global,-0.3028847705789306
lab_subject_17,inline_late_vs_no_ad_late,alpha_power_db_uv2,secondary_global,0.4667126933595842
lab_subject_18,inline_late_vs_no_ad_late,alpha_power_db_uv2,secondary_global,-1.5831142405480723
lab_subject_19,inline_late_vs_no_ad_late,alpha_power_db_uv2,secondary_global,-1.2438806298880616
lab_subject_2,inline_late_vs_no_ad_late,alpha_power_db_uv2,secondary_global,-2.767401300530541
lab_subject_3,inline_late_vs_no_ad_late,alpha_power_db_uv2,secondary_global,-3.0448609562604787
lab_subject_5,inline_late_vs_no_ad_late,alpha_power_db_uv2,secondary_global,-2.6921401303261017
lab_subject_6,inline_late_vs_no_ad_late,alpha_power_db_uv2,secondary_global,-2.1046709175882268
lab_subject_7,inline_late_vs_no_ad_late,alpha_power_db_uv2,secondary_global,4.120707201104012
lab_subject_8,inline_late_vs_no_ad_late,alpha_power_db_uv2,secondary_global,-5.255319864046626
lab_subject_9,inline_late_vs_no_ad_late,alpha_power_db_uv2,secondary_global,-0.6823337411761461
lab_subject_1,block_late_vs_no_ad_late,alpha_power_db_uv2,secondary_global,-0.6146252200878255
lab_subject_10,block_late_vs_no_ad_late,alpha_power_db_uv2,secondary_global,-4.023032834417788
lab_subject_11,block_late_vs_no_ad_late,alpha_power_db_uv2,secondary_global,-2.036323430372377
lab_subject_12,block_late_vs_no_ad_late,alpha_power_db_uv2,secondary_global,-5.429953637836047
lab_subject_13,block_late_vs_no_ad_late,alpha_power_db_uv2,secondary_global,-3.7721252506010656
lab_subject_14,block_late_vs_no_ad_late,alpha_power_db_uv2,secondary_global,2.9115107285349664
lab_subject_15,block_late_vs_no_ad_late,alpha_power_db_uv2,secondary_global,-0.520889979966638
lab_subject_16,block_late_vs_no_ad_late,alpha_power_db_uv2,secondary_global,-2.1445770247791773
lab_subject_17,block_late_vs_no_ad_late,alpha_power_db_uv2,secondary_global,-0.22415299377058462
lab_subject_18,block_late_vs_no_ad_late,alpha_power_db_uv2,secondary_global,-0.23869577858685753
lab_subject_19,block_late_vs_no_ad_late,alpha_power_db_uv2,secondary_global,-2.552309174821813
lab_subject_2,block_late_vs_no_ad_late,alpha_power_db_uv2,secondary_global,-1.6068320904243412
lab_subject_3,block_late_vs_no_ad_late,alpha_power_db_uv2,secondary_global,-5.393045067499104
lab_subject_5,block_late_vs_no_ad_late,alpha_power_db_uv2,secondary_global,-6.737263510700915
lab_subject_6,block_late_vs_no_ad_late,alpha_power_db_uv2,secondary_global,1.4313155086125602
lab_subject_7,block_late_vs_no_ad_late,alpha_power_db_uv2,secondary_global,2.427930021590801
lab_subject_8,block_late_vs_no_ad_late,alpha_power_db_uv2,secondary_global,-3.5738166983346833
lab_subject_9,block_late_vs_no_ad_late,alpha_power_db_uv2,secondary_global,-1.9717197177123555
lab_subject_1,any_ad_vs_matched_no_ad,alpha_power_db_uv2,secondary_global,-2.682781721715886
lab_subject_10,any_ad_vs_matched_no_ad,alpha_power_db_uv2,secondary_global,-1.77836122378023
lab_subject_11,any_ad_vs_matched_no_ad,alpha_power_db_uv2,secondary_global,-0.3048225846805539
lab_subject_12,any_ad_vs_matched_no_ad,alpha_power_db_uv2,secondary_global,0.31293878293807276
lab_subject_13,any_ad_vs_matched_no_ad,alpha_power_db_uv2,secondary_global,-6.962156876788543
lab_subject_14,any_ad_vs_matched_no_ad,alpha_power_db_uv2,secondary_global,1.4958189646540982
lab_subject_15,any_ad_vs_matched_no_ad,alpha_power_db_uv2,secondary_global,0.7391393503431756
lab_subject_16,any_ad_vs_matched_no_ad,alpha_power_db_uv2,secondary_global,-2.208011697172926
lab_subject_17,any_ad_vs_matched_no_ad,alpha_power_db_uv2,secondary_global,-0.30398068202235906
lab_subject_18,any_ad_vs_matched_no_ad,alpha_power_db_uv2,secondary_global,-0.029648881003020766
lab_subject_19,any_ad_vs_matched_no_ad,alpha_power_db_uv2,secondary_global,-2.2432623497005064
lab_subject_2,any_ad_vs_matched_no_ad,alpha_power_db_uv2,secondary_global,-0.2560327924606567
lab_subject_3,any_ad_vs_matched_no_ad,alpha_power_db_uv2,secondary_global,-2.125484785958561
lab_subject_5,any_ad_vs_matched_no_ad,alpha_power_db_uv2,secondary_global,-1.4520032538692913
lab_subject_6,any_ad_vs_matched_no_ad,alpha_power_db_uv2,secondary_global,1.0154657433998096
lab_subject_7,any_ad_vs_matched_no_ad,alpha_power_db_uv2,secondary_global,0.6110050182814685
lab_subject_8,any_ad_vs_matched_no_ad,alpha_power_db_uv2,secondary_global,-0.7336414163996925
lab_subject_9,any_ad_vs_matched_no_ad,alpha_power_db_uv2,secondary_global,-0.7964211921653686
lab_subject_1,inline_vs_block,alpha_power_db_uv2,secondary_global,-2.86959812999259
lab_subject_10,inline_vs_block,alpha_power_db_uv2,secondary_global,1.8317072876321912
lab_subject_11,inline_vs_block,alpha_power_db_uv2,secondary_global,-0.729526201891864
lab_subject_12,inline_vs_block,alpha_power_db_uv2,secondary_global,1.4648568374888131
lab_subject_13,inline_vs_block,alpha_power_db_uv2,secondary_global,0.5804414914985643
lab_subject_14,inline_vs_block,alpha_power_db_uv2,secondary_global,-1.1566972989628468
lab_subject_15,inline_vs_block,alpha_power_db_uv2,secondary_global,-0.21277094051348927
lab_subject_16,inline_vs_block,alpha_power_db_uv2,secondary_global,0.8557435158257551
lab_subject_17,inline_vs_block,alpha_power_db_uv2,secondary_global,0.24027344300137066
lab_subject_18,inline_vs_block,alpha_power_db_uv2,secondary_global,0.992005033581987
lab_subject_19,inline_vs_block,alpha_power_db_uv2,secondary_global,2.5774855626671944
lab_subject_2,inline_vs_block,alpha_power_db_uv2,secondary_global,0.043148161247573036
lab_subject_3,inline_vs_block,alpha_power_db_uv2,secondary_global,2.9245616658681968
lab_subject_5,inline_vs_block,alpha_power_db_uv2,secondary_global,2.2557047460488073
lab_subject_6,inline_vs_block,alpha_power_db_uv2,secondary_global,-1.773142550711304
lab_subject_7,inline_vs_block,alpha_power_db_uv2,secondary_global,0.7463401783822847
lab_subject_8,inline_vs_block,alpha_power_db_uv2,secondary_global,-0.5372522408612168
lab_subject_9,inline_vs_block,alpha_power_db_uv2,secondary_global,-1.040077902215688
lab_subject_1,early_vs_late,alpha_power_db_uv2,secondary_global,-2.795835306871167
lab_subject_10,early_vs_late,alpha_power_db_uv2,secondary_global,0.5891392904837613
lab_subject_11,early_vs_late,alpha_power_db_uv2,secondary_global,-0.4359278606756538
lab_subject_12,early_vs_late,alpha_power_db_uv2,secondary_global,4.713343786213102
lab_subject_13,early_vs_late,alpha_power_db_uv2,secondary_global,-0.5845956942793815
lab_subject_14,early_vs_late,alpha_power_db_uv2,secondary_global,-0.28400371787925804
lab_subject_15,early_vs_late,alpha_power_db_uv2,secondary_global,-1.8645764104919684
lab_subject_16,early_vs_late,alpha_power_db_uv2,secondary_global,-1.3514432969063568
lab_subject_17,early_vs_late,alpha_power_db_uv2,secondary_global,-0.5528383255355627
lab_subject_18,early_vs_late,alpha_power_db_uv2,secondary_global,0.35827608058385096
lab_subject_19,early_vs_late,alpha_power_db_uv2,secondary_global,1.727353076058089
lab_subject_2,early_vs_late,alpha_power_db_uv2,secondary_global,0.794662319506017
lab_subject_3,early_vs_late,alpha_power_db_uv2,secondary_global,2.880812123195387
lab_subject_5,early_vs_late,alpha_power_db_uv2,secondary_global,3.3909564608760636
lab_subject_6,early_vs_late,alpha_power_db_uv2,secondary_global,-0.9033857422535743
lab_subject_7,early_vs_late,alpha_power_db_uv2,secondary_global,2.0700760431206637
lab_subject_8,early_vs_late,alpha_power_db_uv2,secondary_global,2.9243538383924603
lab_subject_9,early_vs_late,alpha_power_db_uv2,secondary_global,-1.930680853143424
lab_subject_1,format_x_timing,alpha_power_db_uv2,secondary_global,-1.9160099340413947
lab_subject_10,format_x_timing,alpha_power_db_uv2,secondary_global,-4.005287759617297
lab_subject_11,format_x_timing,alpha_power_db_uv2,secondary_global,-4.802006502300232
lab_subject_12,format_x_timing,alpha_power_db_uv2,secondary_global,-2.910221653942471
lab_subject_13,format_x_timing,alpha_power_db_uv2,secondary_global,1.3639017058888645
lab_subject_14,format_x_timing,alpha_power_db_uv2,secondary_global,-2.638346558982738
lab_subject_15,format_x_timing,alpha_power_db_uv2,secondary_global,0.5122653711926839
lab_subject_16,format_x_timing,alpha_power_db_uv2,secondary_global,-1.9718974767489832
lab_subject_17,format_x_timing,alpha_power_db_uv2,secondary_global,-0.9011844882575963
lab_subject_18,format_x_timing,alpha_power_db_uv2,secondary_global,4.672846991086404
lab_subject_19,format_x_timing,alpha_power_db_uv2,secondary_global,2.5381140354668856
lab_subject_2,format_x_timing,alpha_power_db_uv2,secondary_global,2.4074347427075455
lab_subject_3,format_x_timing,alpha_power_db_uv2,secondary_global,1.1527551092591426
lab_subject_5,format_x_timing,alpha_power_db_uv2,secondary_global,-3.57883726865201
lab_subject_6,format_x_timing,alpha_power_db_uv2,secondary_global,3.5256877509789657
lab_subject_7,format_x_timing,alpha_power_db_uv2,secondary_global,-1.8928740022618515
lab_subject_8,format_x_timing,alpha_power_db_uv2,secondary_global,2.2885018497014524
lab_subject_9,format_x_timing,alpha_power_db_uv2,secondary_global,-4.658927757503795
lab_subject_1,inline_early_vs_no_ad_early,beta_power_db_uv2,secondary,0.6916211058509916
lab_subject_10,inline_early_vs_no_ad_early,beta_power_db_uv2,secondary,-0.3173679796504185
lab_subject_11,inline_early_vs_no_ad_early,beta_power_db_uv2,secondary,-0.21441711538557584
lab_subject_12,inline_early_vs_no_ad_early,beta_power_db_uv2,secondary,6.910768542020591
lab_subject_13,inline_early_vs_no_ad_early,beta_power_db_uv2,secondary,-11.356072447045376
lab_subject_14,inline_early_vs_no_ad_early,beta_power_db_uv2,secondary,-4.95486093030011
lab_subject_15,inline_early_vs_no_ad_early,beta_power_db_uv2,secondary,-2.160585388059671
lab_subject_16,inline_early_vs_no_ad_early,beta_power_db_uv2,secondary,-3.834210676180117
lab_subject_17,inline_early_vs_no_ad_early,beta_power_db_uv2,secondary,2.4456017632975797
lab_subject_18,inline_early_vs_no_ad_early,beta_power_db_uv2,secondary,-1.106021000439589
lab_subject_19,inline_early_vs_no_ad_early,beta_power_db_uv2,secondary,-1.3236808632595265
lab_subject_2,inline_early_vs_no_ad_early,beta_power_db_uv2,secondary,5.945759848646778
lab_subject_3,inline_early_vs_no_ad_early,beta_power_db_uv2,secondary,-1.2297154282193548
lab_subject_5,inline_early_vs_no_ad_early,beta_power_db_uv2,secondary,-3.5105199145658226
lab_subject_6,inline_early_vs_no_ad_early,beta_power_db_uv2,secondary,3.461262908089431
lab_subject_7,inline_early_vs_no_ad_early,beta_power_db_uv2,secondary,-2.8743720903610095
lab_subject_8,inline_early_vs_no_ad_early,beta_power_db_uv2,secondary,-1.4379925653174848
lab_subject_9,inline_early_vs_no_ad_early,beta_power_db_uv2,secondary,0.8074584553962953
lab_subject_1,block_early_vs_no_ad_early,beta_power_db_uv2,secondary,2.661216497128329
lab_subject_10,block_early_vs_no_ad_early,beta_power_db_uv2,secondary,0.867341825275254
lab_subject_11,block_early_vs_no_ad_early,beta_power_db_uv2,secondary,3.3243972087575155
lab_subject_12,block_early_vs_no_ad_early,beta_power_db_uv2,secondary,7.499724252875225
lab_subject_13,block_early_vs_no_ad_early,beta_power_db_uv2,secondary,-11.872048325979488
lab_subject_14,block_early_vs_no_ad_early,beta_power_db_uv2,secondary,-2.9421750707537937
lab_subject_15,block_early_vs_no_ad_early,beta_power_db_uv2,secondary,1.2424811403710412
lab_subject_16,block_early_vs_no_ad_early,beta_power_db_uv2,secondary,-1.8469027187413012
lab_subject_17,block_early_vs_no_ad_early,beta_power_db_uv2,secondary,2.1666198692289385
lab_subject_18,block_early_vs_no_ad_early,beta_power_db_uv2,secondary,-1.4981787280992513
lab_subject_19,block_early_vs_no_ad_early,beta_power_db_uv2,secondary,0.20869117772652146
lab_subject_2,block_early_vs_no_ad_early,beta_power_db_uv2,secondary,-0.970512974122018
lab_subject_3,block_early_vs_no_ad_early,beta_power_db_uv2,secondary,-2.716186584308831
lab_subject_5,block_early_vs_no_ad_early,beta_power_db_uv2,secondary,-1.7172609269744168
lab_subject_6,block_early_vs_no_ad_early,beta_power_db_uv2,secondary,5.481090315380786
lab_subject_7,block_early_vs_no_ad_early,beta_power_db_uv2,secondary,-1.858120307568635
lab_subject_8,block_early_vs_no_ad_early,beta_power_db_uv2,secondary,-2.5770094300857505
lab_subject_9,block_early_vs_no_ad_early,beta_power_db_uv2,secondary,1.9526579043132255
lab_subject_1,inline_late_vs_no_ad_late,beta_power_db_uv2,secondary,-1.3493788858565132
lab_subject_10,inline_late_vs_no_ad_late,beta_power_db_uv2,secondary,-0.47167323628479174
lab_subject_11,inline_late_vs_no_ad_late,beta_power_db_uv2,secondary,0.0738929175297951
lab_subject_12,inline_late_vs_no_ad_late,beta_power_db_uv2,secondary,-1.9795237645139983
lab_subject_13,inline_late_vs_no_ad_late,beta_power_db_uv2,secondary,-3.008781658447954
lab_subject_14,inline_late_vs_no_ad_late,beta_power_db_uv2,secondary,4.434635065167386
lab_subject_15,inline_late_vs_no_ad_late,beta_power_db_uv2,secondary,-0.5953828895042448
lab_subject_16,inline_late_vs_no_ad_late,beta_power_db_uv2,secondary,-0.08175633445684305
lab_subject_17,inline_late_vs_no_ad_late,beta_power_db_uv2,secondary,-0.28658981201220524
lab_subject_18,inline_late_vs_no_ad_late,beta_power_db_uv2,secondary,0.813224219480138
lab_subject_19,inline_late_vs_no_ad_late,beta_power_db_uv2,secondary,0.8993918770834446
lab_subject_2,inline_late_vs_no_ad_late,beta_power_db_uv2,secondary,-1.6413997221220722
lab_subject_3,inline_late_vs_no_ad_late,beta_power_db_uv2,secondary,0.47649683971442336
lab_subject_5,inline_late_vs_no_ad_late,beta_power_db_uv2,secondary,0.7374969369586326
lab_subject_6,inline_late_vs_no_ad_late,beta_power_db_uv2,secondary,-1.8689196337432525
lab_subject_7,inline_late_vs_no_ad_late,beta_power_db_uv2,secondary,0.6029901797016759
lab_subject_8,inline_late_vs_no_ad_late,beta_power_db_uv2,secondary,-2.244041114124471
lab_subject_9,inline_late_vs_no_ad_late,beta_power_db_uv2,secondary,1.1749761751777612
lab_subject_1,block_late_vs_no_ad_late,beta_power_db_uv2,secondary,-0.11838738296050622
lab_subject_10,block_late_vs_no_ad_late,beta_power_db_uv2,secondary,-2.4078051809585697
lab_subject_11,block_late_vs_no_ad_late,beta_power_db_uv2,secondary,-0.0015175533741906833
lab_subject_12,block_late_vs_no_ad_late,beta_power_db_uv2,secondary,-3.417724840465694
lab_subject_13,block_late_vs_no_ad_late,beta_power_db_uv2,secondary,-3.136730139952429
lab_subject_14,block_late_vs_no_ad_late,beta_power_db_uv2,secondary,3.416603328478187
lab_subject_15,block_late_vs_no_ad_late,beta_power_db_uv2,secondary,-0.2314174828399569
lab_subject_16,block_late_vs_no_ad_late,beta_power_db_uv2,secondary,-1.631593369025385
lab_subject_17,block_late_vs_no_ad_late,beta_power_db_uv2,secondary,-1.6396815455539953
lab_subject_18,block_late_vs_no_ad_late,beta_power_db_uv2,secondary,-2.07246294503466
lab_subject_19,block_late_vs_no_ad_late,beta_power_db_uv2,secondary,-0.16391967760768544
lab_subject_2,block_late_vs_no_ad_late,beta_power_db_uv2,secondary,-1.680088327291843
lab_subject_3,block_late_vs_no_ad_late,beta_power_db_uv2,secondary,-0.3605583410218012
lab_subject_5,block_late_vs_no_ad_late,beta_power_db_uv2,secondary,-0.8874783789601546
lab_subject_6,block_late_vs_no_ad_late,beta_power_db_uv2,secondary,0.12815834227707068
lab_subject_7,block_late_vs_no_ad_late,beta_power_db_uv2,secondary,-0.08393904506689331
lab_subject_8,block_late_vs_no_ad_late,beta_power_db_uv2,secondary,-1.0213343284766818
lab_subject_9,block_late_vs_no_ad_late,beta_power_db_uv2,secondary,-1.5831710174542444
lab_subject_1,any_ad_vs_matched_no_ad,beta_power_db_uv2,secondary,0.47126783354057533
lab_subject_10,any_ad_vs_matched_no_ad,beta_power_db_uv2,secondary,-0.5823761429046315
lab_subject_11,any_ad_vs_matched_no_ad,beta_power_db_uv2,secondary,0.795588864381886
lab_subject_12,any_ad_vs_matched_no_ad,beta_power_db_uv2,secondary,2.253311047479031
lab_subject_13,any_ad_vs_matched_no_ad,beta_power_db_uv2,secondary,-7.343408142856312
lab_subject_14,any_ad_vs_matched_no_ad,beta_power_db_uv2,secondary,-0.011449401852082541
lab_subject_15,any_ad_vs_matched_no_ad,beta_power_db_uv2,secondary,-0.4362261550082078
lab_subject_16,any_ad_vs_matched_no_ad,beta_power_db_uv2,secondary,-1.8486157746009115
lab_subject_17,any_ad_vs_matched_no_ad,beta_power_db_uv2,secondary,0.6714875687400794
lab_subject_18,any_ad_vs_matched_no_ad,beta_power_db_uv2,secondary,-0.9658596135233406
lab_subject_19,any_ad_vs_matched_no_ad,beta_power_db_uv2,secondary,-0.09487937151431147
lab_subject_2,any_ad_vs_matched_no_ad,beta_power_db_uv2,secondary,0.4134397062777113
lab_subject_3,any_ad_vs_matched_no_ad,beta_power_db_uv2,secondary,-0.9574908784588909
lab_subject_5,any_ad_vs_matched_no_ad,beta_power_db_uv2,secondary,-1.3444405708854403
lab_subject_6,any_ad_vs_matched_no_ad,beta_power_db_uv2,secondary,1.8003979830010088
lab_subject_7,any_ad_vs_matched_no_ad,beta_power_db_uv2,secondary,-1.0533603158237155
lab_subject_8,any_ad_vs_matched_no_ad,beta_power_db_uv2,secondary,-1.820094359501097
lab_subject_9,any_ad_vs_matched_no_ad,beta_power_db_uv2,secondary,0.5879803793582594
lab_subject_1,inline_vs_block,beta_power_db_uv2,secondary,-1.6002934470866723
lab_subject_10,inline_vs_block,beta_power_db_uv2,secondary,0.37571106987405267
lab_subject_11,inline_vs_block,beta_power_db_uv2,secondary,-1.7317019266195528
lab_subject_12,inline_vs_block,beta_power_db_uv2,secondary,0.42462268254853086
lab_subject_13,inline_vs_block,beta_power_db_uv2,secondary,0.321962180219294
lab_subject_14,inline_vs_block,beta_power_db_uv2,secondary,-0.49732706142855854
lab_subject_15,inline_vs_block,beta_power_db_uv2,secondary,-1.8835159675475
lab_subject_16,inline_vs_block,beta_power_db_uv2,secondary,-0.2187354614351369
lab_subject_17,inline_vs_block,beta_power_db_uv2,secondary,0.8160368138052156
lab_subject_18,inline_vs_block,beta_power_db_uv2,secondary,1.6389224460872303
lab_subject_19,inline_vs_block,beta_power_db_uv2,secondary,-0.23453024314745896
lab_subject_2,inline_vs_block,beta_power_db_uv2,secondary,3.4774807139692836
lab_subject_3,inline_vs_block,beta_power_db_uv2,secondary,1.1617631684128504
lab_subject_5,inline_vs_block,beta_power_db_uv2,secondary,-0.0841418358363093
lab_subject_6,inline_vs_block,beta_power_db_uv2,secondary,-2.0084526916558394
lab_subject_7,inline_vs_block,beta_power_db_uv2,secondary,-0.16466127901190264
lab_subject_8,inline_vs_block,beta_power_db_uv2,secondary,-0.041844960439761714
lab_subject_9,inline_vs_block,beta_power_db_uv2,secondary,0.8064738718575377
lab_subject_1,early_vs_late,beta_power_db_uv2,secondary,-0.17701163205975412
lab_subject_10,early_vs_late,beta_power_db_uv2,secondary,-0.27587034305787084
lab_subject_11,early_vs_late,beta_power_db_uv2,secondary,-0.6252309841354444
lab_subject_12,early_vs_late,beta_power_db_uv2,secondary,4.627434685336323
lab_subject_13,early_vs_late,beta_power_db_uv2,secondary,-0.5574340270606803
lab_subject_14,early_vs_late,beta_power_db_uv2,secondary,-0.78915403049196
lab_subject_15,early_vs_late,beta_power_db_uv2,secondary,-2.0855594562538204
lab_subject_16,early_vs_late,beta_power_db_uv2,secondary,0.12009755748059003
lab_subject_17,early_vs_late,beta_power_db_uv2,secondary,0.9307612193060653
lab_subject_18,early_vs_late,beta_power_db_uv2,secondary,-2.76562866180969
lab_subject_19,early_vs_late,beta_power_db_uv2,secondary,-0.7787921777049265
lab_subject_2,early_vs_late,beta_power_db_uv2,secondary,3.6754057300838827
lab_subject_3,early_vs_late,beta_power_db_uv2,secondary,-0.8345497464729235
lab_subject_5,early_vs_late,beta_power_db_uv2,secondary,-0.3534280012704567
lab_subject_6,early_vs_late,beta_power_db_uv2,secondary,0.9892828041850796
lab_subject_7,early_vs_late,beta_power_db_uv2,secondary,0.15271450607830905
lab_subject_8,early_vs_late,beta_power_db_uv2,secondary,1.1755366059122752
lab_subject_9,early_vs_late,beta_power_db_uv2,secondary,0.5474647620182171
lab_subject_1,format_x_timing,beta_power_db_uv2,secondary,-0.7386038883813306
lab_subject_10,format_x_timing,beta_power_db_uv2,secondary,-3.1208417495994505
lab_subject_11,format_x_timing,beta_power_db_uv2,secondary,-3.614224795047077
lab_subject_12,format_x_timing,beta_power_db_uv2,secondary,-2.02715678680633
lab_subject_13,format_x_timing,beta_power_db_uv2,secondary,0.3880273974296373
lab_subject_14,format_x_timing,beta_power_db_uv2,secondary,-3.0307175962355153
lab_subject_15,format_x_timing,beta_power_db_uv2,secondary,-3.039101121766424
lab_subject_16,format_x_timing,beta_power_db_uv2,secondary,-3.5371449920073577
lab_subject_17,format_x_timing,beta_power_db_uv2,secondary,-1.0741098394731488
lab_subject_18,format_x_timing,beta_power_db_uv2,secondary,-2.4935294368551357
lab_subject_19,format_x_timing,beta_power_db_uv2,secondary,-2.595683595677178
lab_subject_2,format_x_timing,beta_power_db_uv2,secondary,6.877584217599026
lab_subject_3,format_x_timing,beta_power_db_uv2,secondary,0.6494159753532518
lab_subject_5,format_x_timing,beta_power_db_uv2,secondary,-3.418234303510193
lab_subject_6,format_x_timing,beta_power_db_uv2,secondary,-0.02274943127103235
lab_subject_7,format_x_timing,beta_power_db_uv2,secondary,-1.7031810075609437
lab_subject_8,format_x_timing,beta_power_db_uv2,secondary,2.361723650416055
lab_subject_9,format_x_timing,beta_power_db_uv2,secondary,-3.9033466415489357
lab_subject_1,inline_early_vs_no_ad_early,faa_log_f4_minus_f3,secondary,-0.04823871883013808
lab_subject_10,inline_early_vs_no_ad_early,faa_log_f4_minus_f3,secondary,-0.29302097558176143
lab_subject_11,inline_early_vs_no_ad_early,faa_log_f4_minus_f3,secondary,0.30855498716882934
lab_subject_12,inline_early_vs_no_ad_early,faa_log_f4_minus_f3,secondary,0.12711945316009832
lab_subject_13,inline_early_vs_no_ad_early,faa_log_f4_minus_f3,secondary,-0.15573849223298808
lab_subject_14,inline_early_vs_no_ad_early,faa_log_f4_minus_f3,secondary,0.13691576902218827
lab_subject_15,inline_early_vs_no_ad_early,faa_log_f4_minus_f3,secondary,0.06658914087216772
lab_subject_16,inline_early_vs_no_ad_early,faa_log_f4_minus_f3,secondary,-1.0307620197284493
lab_subject_17,inline_early_vs_no_ad_early,faa_log_f4_minus_f3,secondary,-0.7955090910326632
lab_subject_18,inline_early_vs_no_ad_early,faa_log_f4_minus_f3,secondary,0.7155694469581491
lab_subject_19,inline_early_vs_no_ad_early,faa_log_f4_minus_f3,secondary,0.1813999390623664
lab_subject_2,inline_early_vs_no_ad_early,faa_log_f4_minus_f3,secondary,-0.7578450714560958
lab_subject_3,inline_early_vs_no_ad_early,faa_log_f4_minus_f3,secondary,1.2804112060816486
lab_subject_5,inline_early_vs_no_ad_early,faa_log_f4_minus_f3,secondary,1.150566382297253
lab_subject_6,inline_early_vs_no_ad_early,faa_log_f4_minus_f3,secondary,-0.5308690385983184
lab_subject_7,inline_early_vs_no_ad_early,faa_log_f4_minus_f3,secondary,-1.1636832497274199
lab_subject_8,inline_early_vs_no_ad_early,faa_log_f4_minus_f3,secondary,-0.5755627315794456
lab_subject_9,inline_early_vs_no_ad_early,faa_log_f4_minus_f3,secondary,0.34659355055906715
lab_subject_1,block_early_vs_no_ad_early,faa_log_f4_minus_f3,secondary,0.24738739620596917
lab_subject_10,block_early_vs_no_ad_early,faa_log_f4_minus_f3,secondary,-2.128247998839875
lab_subject_11,block_early_vs_no_ad_early,faa_log_f4_minus_f3,secondary,0.3946540230477602
lab_subject_12,block_early_vs_no_ad_early,faa_log_f4_minus_f3,secondary,0.4273249389372147
lab_subject_13,block_early_vs_no_ad_early,faa_log_f4_minus_f3,secondary,-1.3498857927479122
lab_subject_14,block_early_vs_no_ad_early,faa_log_f4_minus_f3,secondary,-1.0113354691915646
lab_subject_15,block_early_vs_no_ad_early,faa_log_f4_minus_f3,secondary,-0.2919099742784468
lab_subject_16,block_early_vs_no_ad_early,faa_log_f4_minus_f3,secondary,-1.230604045932239
lab_subject_17,block_early_vs_no_ad_early,faa_log_f4_minus_f3,secondary,0.9335972262736121
lab_subject_18,block_early_vs_no_ad_early,faa_log_f4_minus_f3,secondary,0.9211407050768159
lab_subject_19,block_early_vs_no_ad_early,faa_log_f4_minus_f3,secondary,-0.7762679514596549
lab_subject_2,block_early_vs_no_ad_early,faa_log_f4_minus_f3,secondary,-0.2742409511235522
lab_subject_3,block_early_vs_no_ad_early,faa_log_f4_minus_f3,secondary,-0.446328428868604
lab_subject_5,block_early_vs_no_ad_early,faa_log_f4_minus_f3,secondary,1.365554081033789
lab_subject_6,block_early_vs_no_ad_early,faa_log_f4_minus_f3,secondary,-1.606289796581084
lab_subject_7,block_early_vs_no_ad_early,faa_log_f4_minus_f3,secondary,-0.2806881160971493
lab_subject_8,block_early_vs_no_ad_early,faa_log_f4_minus_f3,secondary,-1.721694477421174
lab_subject_9,block_early_vs_no_ad_early,faa_log_f4_minus_f3,secondary,-0.5535266328548687
lab_subject_1,inline_late_vs_no_ad_late,faa_log_f4_minus_f3,secondary,0.37586939195315594
lab_subject_10,inline_late_vs_no_ad_late,faa_log_f4_minus_f3,secondary,1.1565666762774285
lab_subject_11,inline_late_vs_no_ad_late,faa_log_f4_minus_f3,secondary,-4.789008289834239
lab_subject_12,inline_late_vs_no_ad_late,faa_log_f4_minus_f3,secondary,0.35918800434888
lab_subject_13,inline_late_vs_no_ad_late,faa_log_f4_minus_f3,secondary,1.1570856468785706
lab_subject_14,inline_late_vs_no_ad_late,faa_log_f4_minus_f3,secondary,1.0578944713843264
lab_subject_15,inline_late_vs_no_ad_late,faa_log_f4_minus_f3,secondary,1.411055249455142
lab_subject_16,inline_late_vs_no_ad_late,faa_log_f4_minus_f3,secondary,0.9528863385281809
lab_subject_17,inline_late_vs_no_ad_late,faa_log_f4_minus_f3,secondary,-0.8688683616330941
lab_subject_18,inline_late_vs_no_ad_late,faa_log_f4_minus_f3,secondary,-0.26671821663435225
lab_subject_19,inline_late_vs_no_ad_late,faa_log_f4_minus_f3,secondary,0.10051200634549673
lab_subject_2,inline_late_vs_no_ad_late,faa_log_f4_minus_f3,secondary,-0.1477428445958573
lab_subject_3,inline_late_vs_no_ad_late,faa_log_f4_minus_f3,secondary,0.4024330965436782
lab_subject_5,inline_late_vs_no_ad_late,faa_log_f4_minus_f3,secondary,-0.3275498214777457
lab_subject_6,inline_late_vs_no_ad_late,faa_log_f4_minus_f3,secondary,-1.0582195115766488
lab_subject_7,inline_late_vs_no_ad_late,faa_log_f4_minus_f3,secondary,-0.5839717247585696
lab_subject_8,inline_late_vs_no_ad_late,faa_log_f4_minus_f3,secondary,0.5132793112563832
lab_subject_9,inline_late_vs_no_ad_late,faa_log_f4_minus_f3,secondary,-0.07361748931974788
lab_subject_1,block_late_vs_no_ad_late,faa_log_f4_minus_f3,secondary,0.3017275337922385
lab_subject_10,block_late_vs_no_ad_late,faa_log_f4_minus_f3,secondary,0.013579482187385139
lab_subject_11,block_late_vs_no_ad_late,faa_log_f4_minus_f3,secondary,-3.4996638655203753
lab_subject_12,block_late_vs_no_ad_late,faa_log_f4_minus_f3,secondary,-0.7577201125316222
lab_subject_13,block_late_vs_no_ad_late,faa_log_f4_minus_f3,secondary,1.1861946436889887
lab_subject_14,block_late_vs_no_ad_late,faa_log_f4_minus_f3,secondary,1.8034936924973124
lab_subject_15,block_late_vs_no_ad_late,faa_log_f4_minus_f3,secondary,-0.2646407946879066
lab_subject_16,block_late_vs_no_ad_late,faa_log_f4_minus_f3,secondary,-0.8036702033238186
lab_subject_17,block_late_vs_no_ad_late,faa_log_f4_minus_f3,secondary,-0.11187198809872356
lab_subject_18,block_late_vs_no_ad_late,faa_log_f4_minus_f3,secondary,0.6069220268301336
lab_subject_19,block_late_vs_no_ad_late,faa_log_f4_minus_f3,secondary,0.5129475586568049
lab_subject_2,block_late_vs_no_ad_late,faa_log_f4_minus_f3,secondary,-1.0639377847661962
lab_subject_3,block_late_vs_no_ad_late,faa_log_f4_minus_f3,secondary,-1.7718604108709073
lab_subject_5,block_late_vs_no_ad_late,faa_log_f4_minus_f3,secondary,-1.6450637631359228
lab_subject_6,block_late_vs_no_ad_late,faa_log_f4_minus_f3,secondary,-0.9945136967429349
lab_subject_7,block_late_vs_no_ad_late,faa_log_f4_minus_f3,secondary,-0.43161526310835896
lab_subject_8,block_late_vs_no_ad_late,faa_log_f4_minus_f3,secondary,0.14795720647675026
lab_subject_9,block_late_vs_no_ad_late,faa_log_f4_minus_f3,secondary,-2.527191943459421
lab_subject_1,any_ad_vs_matched_no_ad,faa_log_f4_minus_f3,secondary,0.21918640078030638
lab_subject_10,any_ad_vs_matched_no_ad,faa_log_f4_minus_f3,secondary,-0.31278070398920566
lab_subject_11,any_ad_vs_matched_no_ad,faa_log_f4_minus_f3,secondary,-1.8963657862845062
lab_subject_12,any_ad_vs_matched_no_ad,faa_log_f4_minus_f3,secondary,0.0389780709786427
lab_subject_13,any_ad_vs_matched_no_ad,faa_log_f4_minus_f3,secondary,0.20941400139666477
lab_subject_14,any_ad_vs_matched_no_ad,faa_log_f4_minus_f3,secondary,0.4967421159280656
lab_subject_15,any_ad_vs_matched_no_ad,faa_log_f4_minus_f3,secondary,0.2302734053402391
lab_subject_16,any_ad_vs_matched_no_ad,faa_log_f4_minus_f3,secondary,-0.5280374826140815
lab_subject_17,any_ad_vs_matched_no_ad,faa_log_f4_minus_f3,secondary,-0.2106630536227172
lab_subject_18,any_ad_vs_matched_no_ad,faa_log_f4_minus_f3,secondary,0.4942284905576866
lab_subject_19,any_ad_vs_matched_no_ad,faa_log_f4_minus_f3,secondary,0.004647888151253277
lab_subject_2,any_ad_vs_matched_no_ad,faa_log_f4_minus_f3,secondary,-0.5609416629854254
lab_subject_3,any_ad_vs_matched_no_ad,faa_log_f4_minus_f3,secondary,-0.13383613427854613
lab_subject_5,any_ad_vs_matched_no_ad,faa_log_f4_minus_f3,secondary,0.13587671967934334
lab_subject_6,any_ad_vs_matched_no_ad,faa_log_f4_minus_f3,secondary,-1.0474730108747465
lab_subject_7,any_ad_vs_matched_no_ad,faa_log_f4_minus_f3,secondary,-0.6149895884228744
lab_subject_8,any_ad_vs_matched_no_ad,faa_log_f4_minus_f3,secondary,-0.40900517281687154
lab_subject_9,any_ad_vs_matched_no_ad,faa_log_f4_minus_f3,secondary,-0.7019356287687426
lab_subject_1,inline_vs_block,faa_log_f4_minus_f3,secondary,-0.1107421284375949
lab_subject_10,inline_vs_block,faa_log_f4_minus_f3,secondary,1.4891071086740784
lab_subject_11,inline_vs_block,faa_log_f4_minus_f3,secondary,-0.6877217300963974
lab_subject_12,inline_vs_block,faa_log_f4_minus_f3,secondary,0.4083513155516929
lab_subject_13,inline_vs_block,faa_log_f4_minus_f3,secondary,0.582519151852253
lab_subject_14,inline_vs_block,faa_log_f4_minus_f3,secondary,0.2013260085503834
lab_subject_15,inline_vs_block,faa_log_f4_minus_f3,secondary,1.0170975796468316
lab_subject_16,inline_vs_block,faa_log_f4_minus_f3,secondary,0.9781992840278946
lab_subject_17,inline_vs_block,faa_log_f4_minus_f3,secondary,-1.243051345420323
lab_subject_18,inline_vs_block,faa_log_f4_minus_f3,secondary,-0.5396057507915764
lab_subject_19,inline_vs_block,faa_log_f4_minus_f3,secondary,0.2726161691053566
lab_subject_2,inline_vs_block,faa_log_f4_minus_f3,secondary,0.21629540991889762
lab_subject_3,inline_vs_block,faa_log_f4_minus_f3,secondary,1.950516571182419
lab_subject_5,inline_vs_block,faa_log_f4_minus_f3,secondary,0.5512631214608206
lab_subject_6,inline_vs_block,faa_log_f4_minus_f3,secondary,0.5058574715745259
lab_subject_7,inline_vs_block,faa_log_f4_minus_f3,secondary,-0.5176757976402406
lab_subject_8,inline_vs_block,faa_log_f4_minus_f3,secondary,0.7557269253106806
lab_subject_9,inline_vs_block,faa_log_f4_minus_f3,secondary,1.6768473187768045
lab_subject_1,early_vs_late,faa_log_f4_minus_f3,secondary,-1.1083492059552587
lab_subject_10,early_vs_late,faa_log_f4_minus_f3,secondary,0.3971297056060923
lab_subject_11,early_vs_late,faa_log_f4_minus_f3,secondary,0.658458039978127
lab_subject_12,early_vs_late,faa_log_f4_minus_f3,secondary,1.7296483313701732
lab_subject_13,early_vs_late,faa_log_f4_minus_f3,secondary,-1.1375322778782575
lab_subject_14,early_vs_late,faa_log_f4_minus_f3,secondary,-0.9706878849043985
lab_subject_15,early_vs_late,faa_log_f4_minus_f3,secondary,0.022546157060903127
lab_subject_16,early_vs_late,faa_log_f4_minus_f3,secondary,-0.940940893647781
lab_subject_17,early_vs_late,faa_log_f4_minus_f3,secondary,0.10131452248014838
lab_subject_18,early_vs_late,faa_log_f4_minus_f3,secondary,-1.065454562367858
lab_subject_19,early_vs_late,faa_log_f4_minus_f3,secondary,-0.11178624879497256
lab_subject_2,early_vs_late,faa_log_f4_minus_f3,secondary,0.4494553671729751
lab_subject_3,early_vs_late,faa_log_f4_minus_f3,secondary,-0.04433479279444086
lab_subject_5,early_vs_late,faa_log_f4_minus_f3,secondary,-0.330894004097658
lab_subject_6,early_vs_late,faa_log_f4_minus_f3,secondary,0.09285468117283813
lab_subject_7,early_vs_late,faa_log_f4_minus_f3,secondary,0.2900835128929202
lab_subject_8,early_vs_late,faa_log_f4_minus_f3,secondary,-0.8106346511253388
lab_subject_9,early_vs_late,faa_log_f4_minus_f3,secondary,1.8661865139796312
lab_subject_1,format_x_timing,faa_log_f4_minus_f3,secondary,-0.3697679731970247
lab_subject_10,format_x_timing,faa_log_f4_minus_f3,secondary,0.69223982916807
lab_subject_11,format_x_timing,faa_log_f4_minus_f3,secondary,1.203245388434933
lab_subject_12,format_x_timing,faa_log_f4_minus_f3,secondary,-1.4171136026576185
lab_subject_13,format_x_timing,faa_log_f4_minus_f3,secondary,1.2232562973253422
lab_subject_14,format_x_timing,faa_log_f4_minus_f3,secondary,1.893850459326739
lab_subject_15,format_x_timing,faa_log_f4_minus_f3,secondary,-1.3171969289924341
lab_subject_16,format_x_timing,faa_log_f4_minus_f3,secondary,-1.5567145156482098
lab_subject_17,format_x_timing,faa_log_f4_minus_f3,secondary,-0.9721099437719047
lab_subject_18,format_x_timing,faa_log_f4_minus_f3,secondary,0.668068985345819
lab_subject_19,format_x_timing,faa_log_f4_minus_f3,secondary,1.3701034428333294
lab_subject_2,format_x_timing,faa_log_f4_minus_f3,secondary,-1.3997990605028825
lab_subject_3,format_x_timing,faa_log_f4_minus_f3,secondary,-0.44755387246433287
lab_subject_5,format_x_timing,faa_log_f4_minus_f3,secondary,-1.5325016403947131
lab_subject_6,format_x_timing,faa_log_f4_minus_f3,secondary,1.1391265728164797
lab_subject_7,format_x_timing,faa_log_f4_minus_f3,secondary,-0.7306386719800599
lab_subject_8,format_x_timing,faa_log_f4_minus_f3,secondary,0.7808096410620955
lab_subject_9,format_x_timing,faa_log_f4_minus_f3,secondary,-1.5534542707257373
lab_subject_1,inline_early_vs_no_ad_early,delta_power_db_uv2,exploratory,-8.554035435845035
lab_subject_10,inline_early_vs_no_ad_early,delta_power_db_uv2,exploratory,10.503029942968396
lab_subject_11,inline_early_vs_no_ad_early,delta_power_db_uv2,exploratory,-0.12387369775045087
lab_subject_12,inline_early_vs_no_ad_early,delta_power_db_uv2,exploratory,5.243532949618666
lab_subject_13,inline_early_vs_no_ad_early,delta_power_db_uv2,exploratory,-12.075494073103464
lab_subject_14,inline_early_vs_no_ad_early,delta_power_db_uv2,exploratory,-10.50700118045006
lab_subject_15,inline_early_vs_no_ad_early,delta_power_db_uv2,exploratory,1.8071613555089527
lab_subject_16,inline_early_vs_no_ad_early,delta_power_db_uv2,exploratory,-2.4508194473591445
lab_subject_17,inline_early_vs_no_ad_early,delta_power_db_uv2,exploratory,3.7935944879067733
lab_subject_18,inline_early_vs_no_ad_early,delta_power_db_uv2,exploratory,2.614521871996603
lab_subject_19,inline_early_vs_no_ad_early,delta_power_db_uv2,exploratory,-11.78723373813173
lab_subject_2,inline_early_vs_no_ad_early,delta_power_db_uv2,exploratory,5.3602083983879325
lab_subject_3,inline_early_vs_no_ad_early,delta_power_db_uv2,exploratory,8.73372263337873
lab_subject_5,inline_early_vs_no_ad_early,delta_power_db_uv2,exploratory,0.000755281733868074
lab_subject_6,inline_early_vs_no_ad_early,delta_power_db_uv2,exploratory,7.536270101981561
lab_subject_7,inline_early_vs_no_ad_early,delta_power_db_uv2,exploratory,-6.334448908875407
lab_subject_8,inline_early_vs_no_ad_early,delta_power_db_uv2,exploratory,3.3149680667918666
lab_subject_9,inline_early_vs_no_ad_early,delta_power_db_uv2,exploratory,-9.349679922058785
lab_subject_1,block_early_vs_no_ad_early,delta_power_db_uv2,exploratory,-10.643171416065604
lab_subject_10,block_early_vs_no_ad_early,delta_power_db_uv2,exploratory,1.2540710392731267
lab_subject_11,block_early_vs_no_ad_early,delta_power_db_uv2,exploratory,8.965279357160155
lab_subject_12,block_early_vs_no_ad_early,delta_power_db_uv2,exploratory,3.736820301791906
lab_subject_13,block_early_vs_no_ad_early,delta_power_db_uv2,exploratory,-7.669382398541339
lab_subject_14,block_early_vs_no_ad_early,delta_power_db_uv2,exploratory,-4.459904333638152
lab_subject_15,block_early_vs_no_ad_early,delta_power_db_uv2,exploratory,11.342458437398747
lab_subject_16,block_early_vs_no_ad_early,delta_power_db_uv2,exploratory,5.127506025290723
lab_subject_17,block_early_vs_no_ad_early,delta_power_db_uv2,exploratory,-0.4398726858332811
lab_subject_18,block_early_vs_no_ad_early,delta_power_db_uv2,exploratory,-1.5006929816074823
lab_subject_19,block_early_vs_no_ad_early,delta_power_db_uv2,exploratory,-2.9321291737119815
lab_subject_2,block_early_vs_no_ad_early,delta_power_db_uv2,exploratory,3.380956105284575
lab_subject_3,block_early_vs_no_ad_early,delta_power_db_uv2,exploratory,3.187465576025163
lab_subject_5,block_early_vs_no_ad_early,delta_power_db_uv2,exploratory,1.5001349342300188
lab_subject_6,block_early_vs_no_ad_early,delta_power_db_uv2,exploratory,1.1114704314563166
lab_subject_7,block_early_vs_no_ad_early,delta_power_db_uv2,exploratory,-2.449694998700142
lab_subject_8,block_early_vs_no_ad_early,delta_power_db_uv2,exploratory,6.438035074418195
lab_subject_9,block_early_vs_no_ad_early,delta_power_db_uv2,exploratory,6.753557696466444
lab_subject_1,inline_late_vs_no_ad_late,delta_power_db_uv2,exploratory,-2.621210845713092
lab_subject_10,inline_late_vs_no_ad_late,delta_power_db_uv2,exploratory,0.11443495754464195
lab_subject_11,inline_late_vs_no_ad_late,delta_power_db_uv2,exploratory,-8.416845636075495
lab_subject_12,inline_late_vs_no_ad_late,delta_power_db_uv2,exploratory,-2.4229708730783557
lab_subject_13,inline_late_vs_no_ad_late,delta_power_db_uv2,exploratory,4.157637321617255
lab_subject_14,inline_late_vs_no_ad_late,delta_power_db_uv2,exploratory,11.412331628177089
lab_subject_15,inline_late_vs_no_ad_late,delta_power_db_uv2,exploratory,-3.234810924267574
lab_subject_16,inline_late_vs_no_ad_late,delta_power_db_uv2,exploratory,4.9996582743986835
lab_subject_17,inline_late_vs_no_ad_late,delta_power_db_uv2,exploratory,-9.361267306463981
lab_subject_18,inline_late_vs_no_ad_late,delta_power_db_uv2,exploratory,1.3479101768780346
lab_subject_19,inline_late_vs_no_ad_late,delta_power_db_uv2,exploratory,-5.5132897921969946
lab_subject_2,inline_late_vs_no_ad_late,delta_power_db_uv2,exploratory,-7.219429937470704
lab_subject_3,inline_late_vs_no_ad_late,delta_power_db_uv2,exploratory,1.1966424086807503
lab_subject_5,inline_late_vs_no_ad_late,delta_power_db_uv2,exploratory,1.3298160691388112
lab_subject_6,inline_late_vs_no_ad_late,delta_power_db_uv2,exploratory,-5.380806525630717
lab_subject_7,inline_late_vs_no_ad_late,delta_power_db_uv2,exploratory,15.2181775506979
lab_subject_8,inline_late_vs_no_ad_late,delta_power_db_uv2,exploratory,5.401209412787727
lab_subject_9,inline_late_vs_no_ad_late,delta_power_db_uv2,exploratory,8.575423431502232
lab_subject_1,block_late_vs_no_ad_late,delta_power_db_uv2,exploratory,2.3897524580618725
lab_subject_10,block_late_vs_no_ad_late,delta_power_db_uv2,exploratory,-2.262248256760003
lab_subject_11,block_late_vs_no_ad_late,delta_power_db_uv2,exploratory,0.8579344244533136
lab_subject_12,block_late_vs_no_ad_late,delta_power_db_uv2,exploratory,-1.2604737471929255
lab_subject_13,block_late_vs_no_ad_late,delta_power_db_uv2,exploratory,4.201440717434595
lab_subject_14,block_late_vs_no_ad_late,delta_power_db_uv2,exploratory,7.335508711295437
lab_subject_15,block_late_vs_no_ad_late,delta_power_db_uv2,exploratory,2.2883752209060653
lab_subject_16,block_late_vs_no_ad_late,delta_power_db_uv2,exploratory,-2.131980395766309
lab_subject_17,block_late_vs_no_ad_late,delta_power_db_uv2,exploratory,-11.762637407116694
lab_subject_18,block_late_vs_no_ad_late,delta_power_db_uv2,exploratory,0.9711541100708967
lab_subject_19,block_late_vs_no_ad_late,delta_power_db_uv2,exploratory,1.5465553259701643
lab_subject_2,block_late_vs_no_ad_late,delta_power_db_uv2,exploratory,0.3929316624558954
lab_subject_3,block_late_vs_no_ad_late,delta_power_db_uv2,exploratory,0.17383862907952086
lab_subject_5,block_late_vs_no_ad_late,delta_power_db_uv2,exploratory,-18.69098526573009
lab_subject_6,block_late_vs_no_ad_late,delta_power_db_uv2,exploratory,5.330523350233353
lab_subject_7,block_late_vs_no_ad_late,delta_power_db_uv2,exploratory,6.738420736223757
lab_subject_8,block_late_vs_no_ad_late,delta_power_db_uv2,exploratory,8.416370506047137
lab_subject_9,block_late_vs_no_ad_late,delta_power_db_uv2,exploratory,-9.423054722361824
lab_subject_1,any_ad_vs_matched_no_ad,delta_power_db_uv2,exploratory,-4.857166309890465
lab_subject_10,any_ad_vs_matched_no_ad,delta_power_db_uv2,exploratory,2.4023219207565405
lab_subject_11,any_ad_vs_matched_no_ad,delta_power_db_uv2,exploratory,0.3206236119468806
lab_subject_12,any_ad_vs_matched_no_ad,delta_power_db_uv2,exploratory,1.3242271577848226
lab_subject_13,any_ad_vs_matched_no_ad,delta_power_db_uv2,exploratory,-2.846449608148238
lab_subject_14,any_ad_vs_matched_no_ad,delta_power_db_uv2,exploratory,0.9452337063460785
lab_subject_15,any_ad_vs_matched_no_ad,delta_power_db_uv2,exploratory,3.050796022386548
lab_subject_16,any_ad_vs_matched_no_ad,delta_power_db_uv2,exploratory,1.3860911141409882
lab_subject_17,any_ad_vs_matched_no_ad,delta_power_db_uv2,exploratory,-4.442545727876796
lab_subject_18,any_ad_vs_matched_no_ad,delta_power_db_uv2,exploratory,0.8582232943345129
lab_subject_19,any_ad_vs_matched_no_ad,delta_power_db_uv2,exploratory,-4.6715243445176355
lab_subject_2,any_ad_vs_matched_no_ad,delta_power_db_uv2,exploratory,0.47866655716442486
lab_subject_3,any_ad_vs_matched_no_ad,delta_power_db_uv2,exploratory,3.322917311791041
lab_subject_5,any_ad_vs_matched_no_ad,delta_power_db_uv2,exploratory,-3.965069745156849
lab_subject_6,any_ad_vs_matched_no_ad,delta_power_db_uv2,exploratory,2.1493643395101283
lab_subject_7,any_ad_vs_matched_no_ad,delta_power_db_uv2,exploratory,3.293113594836527
lab_subject_8,any_ad_vs_matched_no_ad,delta_power_db_uv2,exploratory,5.892645765011231
lab_subject_9,any_ad_vs_matched_no_ad,delta_power_db_uv2,exploratory,-0.8609383791129832
lab_subject_1,inline_vs_block,delta_power_db_uv2,exploratory,-1.460913661777198
lab_subject_10,inline_vs_block,delta_power_db_uv2,exploratory,5.812821058999957
lab_subject_11,inline_vs_block,delta_power_db_uv2,exploratory,-9.181966557719708
lab_subject_12,inline_vs_block,delta_power_db_uv2,exploratory,0.1721077609706647
lab_subject_13,inline_vs_block,delta_power_db_uv2,exploratory,-2.2249575351897324
lab_subject_14,inline_vs_block,delta_power_db_uv2,exploratory,-0.985136964965128
lab_subject_15,inline_vs_block,delta_power_db_uv2,exploratory,-7.529241613531717
lab_subject_16,inline_vs_block,delta_power_db_uv2,exploratory,-0.22334340124243734
lab_subject_17,inline_vs_block,delta_power_db_uv2,exploratory,3.3174186371963836
lab_subject_18,inline_vs_block,delta_power_db_uv2,exploratory,2.2459854602056115
lab_subject_19,inline_vs_block,delta_power_db_uv2,exploratory,-7.957474841293454
lab_subject_2,inline_vs_block,delta_power_db_uv2,exploratory,-2.816554653411621
lab_subject_3,inline_vs_block,delta_power_db_uv2,exploratory,3.284530418477398
lab_subject_5,inline_vs_block,delta_power_db_uv2,exploratory,9.260710841186377
lab_subject_6,inline_vs_block,delta_power_db_uv2,exploratory,-2.143265102669413
lab_subject_7,inline_vs_block,delta_power_db_uv2,exploratory,2.2975014521494392
lab_subject_8,inline_vs_block,delta_power_db_uv2,exploratory,-3.0691140504428693
lab_subject_9,inline_vs_block,delta_power_db_uv2,exploratory,0.9476202676694134
lab_subject_1,early_vs_late,delta_power_db_uv2,exploratory,-3.2445174191860584
lab_subject_10,early_vs_late,delta_power_db_uv2,exploratory,2.213140898690754
lab_subject_11,early_vs_late,delta_power_db_uv2,exploratory,1.411661856387183
lab_subject_12,early_vs_late,delta_power_db_uv2,exploratory,0.9336768353991332
lab_subject_13,early_vs_late,delta_power_db_uv2,exploratory,-10.626130469645048
lab_subject_14,early_vs_late,delta_power_db_uv2,exploratory,-5.545110811951176
lab_subject_15,early_vs_late,delta_power_db_uv2,exploratory,-0.605166076226908
lab_subject_16,early_vs_late,delta_power_db_uv2,exploratory,-4.875320107120383
lab_subject_17,early_vs_late,delta_power_db_uv2,exploratory,1.949114996329338
lab_subject_18,early_vs_late,delta_power_db_uv2,exploratory,-0.31760740814836375
lab_subject_19,early_vs_late,delta_power_db_uv2,exploratory,1.7255436543453726
lab_subject_2,early_vs_late,delta_power_db_uv2,exploratory,8.62830483181073
lab_subject_3,early_vs_late,delta_power_db_uv2,exploratory,2.310218116221299
lab_subject_5,early_vs_late,delta_power_db_uv2,exploratory,4.6164427020357195
lab_subject_6,early_vs_late,delta_power_db_uv2,exploratory,8.590558660054533
lab_subject_7,early_vs_late,delta_power_db_uv2,exploratory,1.2852293306953504
lab_subject_8,early_vs_late,delta_power_db_uv2,exploratory,-5.385168265401172
lab_subject_9,early_vs_late,delta_power_db_uv2,exploratory,2.128935291778311
lab_subject_1,format_x_timing,delta_power_db_uv2,exploratory,7.100099283995533
lab_subject_10,format_x_timing,delta_power_db_uv2,exploratory,6.872275689390625
lab_subject_11,format_x_timing,delta_power_db_uv2,exploratory,0.185627005618203
lab_subject_12,format_x_timing,delta_power_db_uv2,exploratory,2.66920977371219
lab_subject_13,format_x_timing,delta_power_db_uv2,exploratory,-4.362308278744784
lab_subject_14,format_x_timing,delta_power_db_uv2,exploratory,-10.123919763693557
lab_subject_15,format_x_timing,delta_power_db_uv2,exploratory,-4.012110936716155
lab_subject_16,format_x_timing,delta_power_db_uv2,exploratory,-14.70996414281486
lab_subject_17,format_x_timing,delta_power_db_uv2,exploratory,1.8320970730873416
lab_subject_18,format_x_timing,delta_power_db_uv2,exploratory,3.738458786796947
lab_subject_19,format_x_timing,delta_power_db_uv2,exploratory,-1.7952594462525902
lab_subject_2,format_x_timing,delta_power_db_uv2,exploratory,9.591613893029956
lab_subject_3,format_x_timing,delta_power_db_uv2,exploratory,4.523453277752337
lab_subject_5,format_x_timing,delta_power_db_uv2,exploratory,-21.520180987365055
lab_subject_6,format_x_timing,delta_power_db_uv2,exploratory,17.136129546389313
lab_subject_7,format_x_timing,delta_power_db_uv2,exploratory,-12.364510724649408
lab_subject_8,format_x_timing,delta_power_db_uv2,exploratory,-0.10790591436691876
lab_subject_9,format_x_timing,delta_power_db_uv2,exploratory,-34.101715772389284
lab_subject_1,inline_early_vs_no_ad_early,gamma_power_db_uv2,exploratory,-0.247688881940471
lab_subject_10,inline_early_vs_no_ad_early,gamma_power_db_uv2,exploratory,3.870927476215064
lab_subject_11,inline_early_vs_no_ad_early,gamma_power_db_uv2,exploratory,0.21749677857811078
lab_subject_12,inline_early_vs_no_ad_early,gamma_power_db_uv2,exploratory,0.13054806616936765
lab_subject_13,inline_early_vs_no_ad_early,gamma_power_db_uv2,exploratory,-6.755645953865512
lab_subject_14,inline_early_vs_no_ad_early,gamma_power_db_uv2,exploratory,-5.801081459341308
lab_subject_15,inline_early_vs_no_ad_early,gamma_power_db_uv2,exploratory,-3.1205875868736697
lab_subject_16,inline_early_vs_no_ad_early,gamma_power_db_uv2,exploratory,-4.225072182223089
lab_subject_17,inline_early_vs_no_ad_early,gamma_power_db_uv2,exploratory,4.284653045298434
lab_subject_18,inline_early_vs_no_ad_early,gamma_power_db_uv2,exploratory,-3.4869334259170435
lab_subject_19,inline_early_vs_no_ad_early,gamma_power_db_uv2,exploratory,-5.682097861491454
lab_subject_2,inline_early_vs_no_ad_early,gamma_power_db_uv2,exploratory,8.118156278297198
lab_subject_3,inline_early_vs_no_ad_early,gamma_power_db_uv2,exploratory,3.821023515872482
lab_subject_5,inline_early_vs_no_ad_early,gamma_power_db_uv2,exploratory,0.6347983020199073
lab_subject_6,inline_early_vs_no_ad_early,gamma_power_db_uv2,exploratory,10.693408881787803
lab_subject_7,inline_early_vs_no_ad_early,gamma_power_db_uv2,exploratory,-4.941049400892183
lab_subject_8,inline_early_vs_no_ad_early,gamma_power_db_uv2,exploratory,1.9539285813110112
lab_subject_9,inline_early_vs_no_ad_early,gamma_power_db_uv2,exploratory,-0.8638163358253284
lab_subject_1,block_early_vs_no_ad_early,gamma_power_db_uv2,exploratory,0.7380612036776126
lab_subject_10,block_early_vs_no_ad_early,gamma_power_db_uv2,exploratory,2.002669143297924
lab_subject_11,block_early_vs_no_ad_early,gamma_power_db_uv2,exploratory,-2.994040194190016
lab_subject_12,block_early_vs_no_ad_early,gamma_power_db_uv2,exploratory,2.5838572365959687
lab_subject_13,block_early_vs_no_ad_early,gamma_power_db_uv2,exploratory,-7.252123951702271
lab_subject_14,block_early_vs_no_ad_early,gamma_power_db_uv2,exploratory,-3.5020821964918643
lab_subject_15,block_early_vs_no_ad_early,gamma_power_db_uv2,exploratory,-0.44995631169900197
lab_subject_16,block_early_vs_no_ad_early,gamma_power_db_uv2,exploratory,-3.9465831453117506
lab_subject_17,block_early_vs_no_ad_early,gamma_power_db_uv2,exploratory,2.301578025750326
lab_subject_18,block_early_vs_no_ad_early,gamma_power_db_uv2,exploratory,-0.7052157723465973
lab_subject_19,block_early_vs_no_ad_early,gamma_power_db_uv2,exploratory,-0.27004501374302314
lab_subject_2,block_early_vs_no_ad_early,gamma_power_db_uv2,exploratory,-2.750581735455526
lab_subject_3,block_early_vs_no_ad_early,gamma_power_db_uv2,exploratory,3.2511368599054538
lab_subject_5,block_early_vs_no_ad_early,gamma_power_db_uv2,exploratory,-0.8987786706506515
lab_subject_6,block_early_vs_no_ad_early,gamma_power_db_uv2,exploratory,8.633542466092859
lab_subject_7,block_early_vs_no_ad_early,gamma_power_db_uv2,exploratory,-4.0790837753344285
lab_subject_8,block_early_vs_no_ad_early,gamma_power_db_uv2,exploratory,0.9855944412061675
lab_subject_9,block_early_vs_no_ad_early,gamma_power_db_uv2,exploratory,-0.3184243096450219
lab_subject_1,inline_late_vs_no_ad_late,gamma_power_db_uv2,exploratory,-0.6140089543641851
lab_subject_10,inline_late_vs_no_ad_late,gamma_power_db_uv2,exploratory,2.901710094632911
lab_subject_11,inline_late_vs_no_ad_late,gamma_power_db_uv2,exploratory,-0.09277471225465383
lab_subject_12,inline_late_vs_no_ad_late,gamma_power_db_uv2,exploratory,0.9057560749411068
lab_subject_13,inline_late_vs_no_ad_late,gamma_power_db_uv2,exploratory,0.5134521920297521
lab_subject_14,inline_late_vs_no_ad_late,gamma_power_db_uv2,exploratory,3.49987770108565
lab_subject_15,inline_late_vs_no_ad_late,gamma_power_db_uv2,exploratory,-5.061610273022059
lab_subject_16,inline_late_vs_no_ad_late,gamma_power_db_uv2,exploratory,0.172329511059365
lab_subject_17,inline_late_vs_no_ad_late,gamma_power_db_uv2,exploratory,0.32105025355649053
lab_subject_18,inline_late_vs_no_ad_late,gamma_power_db_uv2,exploratory,0.2891701892376999
lab_subject_19,inline_late_vs_no_ad_late,gamma_power_db_uv2,exploratory,0.3841780915002168
lab_subject_2,inline_late_vs_no_ad_late,gamma_power_db_uv2,exploratory,0.3288983984960874
lab_subject_3,inline_late_vs_no_ad_late,gamma_power_db_uv2,exploratory,1.1532151760304141
lab_subject_5,inline_late_vs_no_ad_late,gamma_power_db_uv2,exploratory,-3.017050248734878
lab_subject_6,inline_late_vs_no_ad_late,gamma_power_db_uv2,exploratory,-1.9066009711397895
lab_subject_7,inline_late_vs_no_ad_late,gamma_power_db_uv2,exploratory,0.5087143860094416
lab_subject_8,inline_late_vs_no_ad_late,gamma_power_db_uv2,exploratory,-0.3103011345291269
lab_subject_9,inline_late_vs_no_ad_late,gamma_power_db_uv2,exploratory,1.2439386003852508
lab_subject_1,block_late_vs_no_ad_late,gamma_power_db_uv2,exploratory,0.5776865812999139
lab_subject_10,block_late_vs_no_ad_late,gamma_power_db_uv2,exploratory,-1.074296976856653
lab_subject_11,block_late_vs_no_ad_late,gamma_power_db_uv2,exploratory,-0.4295245117413562
lab_subject_12,block_late_vs_no_ad_late,gamma_power_db_uv2,exploratory,-0.28560466004208407
lab_subject_13,block_late_vs_no_ad_late,gamma_power_db_uv2,exploratory,-0.4026782029226956
lab_subject_14,block_late_vs_no_ad_late,gamma_power_db_uv2,exploratory,4.388604941070163
lab_subject_15,block_late_vs_no_ad_late,gamma_power_db_uv2,exploratory,-3.8747431860465635
lab_subject_16,block_late_vs_no_ad_late,gamma_power_db_uv2,exploratory,-2.1701409488081023
lab_subject_17,block_late_vs_no_ad_late,gamma_power_db_uv2,exploratory,0.18545105410646112
lab_subject_18,block_late_vs_no_ad_late,gamma_power_db_uv2,exploratory,-2.7730287715028714
lab_subject_19,block_late_vs_no_ad_late,gamma_power_db_uv2,exploratory,0.7806309374399951
lab_subject_2,block_late_vs_no_ad_late,gamma_power_db_uv2,exploratory,-2.16238766688868
lab_subject_3,block_late_vs_no_ad_late,gamma_power_db_uv2,exploratory,1.645405708987488
lab_subject_5,block_late_vs_no_ad_late,gamma_power_db_uv2,exploratory,-0.011435853821711195
lab_subject_6,block_late_vs_no_ad_late,gamma_power_db_uv2,exploratory,0.2983703454292119
lab_subject_7,block_late_vs_no_ad_late,gamma_power_db_uv2,exploratory,-1.0073890865581987
lab_subject_8,block_late_vs_no_ad_late,gamma_power_db_uv2,exploratory,-0.3387433942262996
lab_subject_9,block_late_vs_no_ad_late,gamma_power_db_uv2,exploratory,-1.7982861830722054
lab_subject_1,any_ad_vs_matched_no_ad,gamma_power_db_uv2,exploratory,0.1135124871682176
lab_subject_10,any_ad_vs_matched_no_ad,gamma_power_db_uv2,exploratory,1.9252524343223114
lab_subject_11,any_ad_vs_matched_no_ad,gamma_power_db_uv2,exploratory,-0.8247106599019788
lab_subject_12,any_ad_vs_matched_no_ad,gamma_power_db_uv2,exploratory,0.8336391794160898
lab_subject_13,any_ad_vs_matched_no_ad,gamma_power_db_uv2,exploratory,-3.4742489791151816
lab_subject_14,any_ad_vs_matched_no_ad,gamma_power_db_uv2,exploratory,-0.3536702534193398
lab_subject_15,any_ad_vs_matched_no_ad,gamma_power_db_uv2,exploratory,-3.1267243394103237
lab_subject_16,any_ad_vs_matched_no_ad,gamma_power_db_uv2,exploratory,-2.542366691320894
lab_subject_17,any_ad_vs_matched_no_ad,gamma_power_db_uv2,exploratory,1.7731830946779281
lab_subject_18,any_ad_vs_matched_no_ad,gamma_power_db_uv2,exploratory,-1.6690019451322033
lab_subject_19,any_ad_vs_matched_no_ad,gamma_power_db_uv2,exploratory,-1.1968334615735663
lab_subject_2,any_ad_vs_matched_no_ad,gamma_power_db_uv2,exploratory,0.8835213186122697
lab_subject_3,any_ad_vs_matched_no_ad,gamma_power_db_uv2,exploratory,2.4676953151989593
lab_subject_5,any_ad_vs_matched_no_ad,gamma_power_db_uv2,exploratory,-0.8231166177968333
lab_subject_6,any_ad_vs_matched_no_ad,gamma_power_db_uv2,exploratory,4.429680180542521
lab_subject_7,any_ad_vs_matched_no_ad,gamma_power_db_uv2,exploratory,-2.3797019691938424
lab_subject_8,any_ad_vs_matched_no_ad,gamma_power_db_uv2,exploratory,0.572619623440438
lab_subject_9,any_ad_vs_matched_no_ad,gamma_power_db_uv2,exploratory,-0.4341470570393262
lab_subject_1,inline_vs_block,gamma_power_db_uv2,exploratory,-1.0887228106410913
lab_subject_10,inline_vs_block,gamma_power_db_uv2,exploratory,2.922132702203352
lab_subject_11,inline_vs_block,gamma_power_db_uv2,exploratory,1.7741433861274145
lab_subject_12,inline_vs_block,gamma_power_db_uv2,exploratory,-0.6309742177217053
lab_subject_13,inline_vs_block,gamma_power_db_uv2,exploratory,0.7063041963946033
lab_subject_14,inline_vs_block,gamma_power_db_uv2,exploratory,-1.5938632514169784
lab_subject_15,inline_vs_block,gamma_power_db_uv2,exploratory,-1.9287491810750819
lab_subject_16,inline_vs_block,gamma_power_db_uv2,exploratory,1.0319907114780644
lab_subject_17,inline_vs_block,gamma_power_db_uv2,exploratory,1.059337109499069
lab_subject_18,inline_vs_block,gamma_power_db_uv2,exploratory,0.14024065358506244
lab_subject_19,inline_vs_block,gamma_power_db_uv2,exploratory,-2.9042528468441047
lab_subject_2,inline_vs_block,gamma_power_db_uv2,exploratory,6.680012039568745
lab_subject_3,inline_vs_block,gamma_power_db_uv2,exploratory,0.038848061504977105
lab_subject_5,inline_vs_block,gamma_power_db_uv2,exploratory,-0.7360187111213039
lab_subject_6,inline_vs_block,gamma_power_db_uv2,exploratory,-0.07255245043702818
lab_subject_7,inline_vs_block,gamma_power_db_uv2,exploratory,0.3270689235049429
lab_subject_8,inline_vs_block,gamma_power_db_uv2,exploratory,0.49838819990100824
lab_subject_9,inline_vs_block,gamma_power_db_uv2,exploratory,1.248416378638575
lab_subject_1,early_vs_late,gamma_power_db_uv2,exploratory,1.4944844561971053
lab_subject_10,early_vs_late,gamma_power_db_uv2,exploratory,-1.928131896563852
lab_subject_11,early_vs_late,gamma_power_db_uv2,exploratory,-2.775082446465011
lab_subject_12,early_vs_late,gamma_power_db_uv2,exploratory,1.3530097810027484
lab_subject_13,early_vs_late,gamma_power_db_uv2,exploratory,0.25065319343050707
lab_subject_14,early_vs_late,gamma_power_db_uv2,exploratory,0.6066710104882718
lab_subject_15,early_vs_late,gamma_power_db_uv2,exploratory,-3.2548532542742046
lab_subject_16,early_vs_late,gamma_power_db_uv2,exploratory,-0.5913405581404767
lab_subject_17,early_vs_late,gamma_power_db_uv2,exploratory,-0.39211368842738614
lab_subject_18,early_vs_late,gamma_power_db_uv2,exploratory,-4.296878104417436
lab_subject_19,early_vs_late,gamma_power_db_uv2,exploratory,-3.1745000179635383
lab_subject_2,early_vs_late,gamma_power_db_uv2,exploratory,3.2609722308469657
lab_subject_3,early_vs_late,gamma_power_db_uv2,exploratory,0.4077672385011566
lab_subject_5,early_vs_late,gamma_power_db_uv2,exploratory,1.7180629291043357
lab_subject_6,early_vs_late,gamma_power_db_uv2,exploratory,3.2987802796283914
lab_subject_7,early_vs_late,gamma_power_db_uv2,exploratory,-1.213482482976318
lab_subject_8,early_vs_late,gamma_power_db_uv2,exploratory,1.7720149589780212
lab_subject_9,early_vs_late,gamma_power_db_uv2,exploratory,-0.7820424638958658
lab_subject_1,format_x_timing,gamma_power_db_uv2,exploratory,0.2059454500460154
lab_subject_10,format_x_timing,gamma_power_db_uv2,exploratory,-2.107748738572424
lab_subject_11,format_x_timing,gamma_power_db_uv2,exploratory,2.8747871732814243
lab_subject_12,format_x_timing,gamma_power_db_uv2,exploratory,-3.644669905409792
lab_subject_13,format_x_timing,gamma_power_db_uv2,exploratory,-0.4196523971156889
lab_subject_14,format_x_timing,gamma_power_db_uv2,exploratory,-1.4102720228649308
lab_subject_15,format_x_timing,gamma_power_db_uv2,exploratory,-1.4837641881991717
lab_subject_16,format_x_timing,gamma_power_db_uv2,exploratory,-2.6209594967788057
lab_subject_17,format_x_timing,gamma_power_db_uv2,exploratory,1.847475820098079
lab_subject_18,format_x_timing,gamma_power_db_uv2,exploratory,-5.843916614311017
lab_subject_19,format_x_timing,gamma_power_db_uv2,exploratory,-5.015600001808652
lab_subject_2,format_x_timing,gamma_power_db_uv2,exploratory,8.377451948367955
lab_subject_3,format_x_timing,gamma_power_db_uv2,exploratory,1.062077188924102
lab_subject_5,format_x_timing,gamma_power_db_uv2,exploratory,4.539191367583726
lab_subject_6,format_x_timing,gamma_power_db_uv2,exploratory,4.264837732263946
lab_subject_7,format_x_timing,gamma_power_db_uv2,exploratory,-2.378069098125395
lab_subject_8,format_x_timing,gamma_power_db_uv2,exploratory,0.939891880407671
lab_subject_9,format_x_timing,gamma_power_db_uv2,exploratory,-3.5876168096377627
lab_subject_1,inline_early_vs_no_ad_early,delta_relative_power,exploratory,-0.4039078683589455
lab_subject_10,inline_early_vs_no_ad_early,delta_relative_power,exploratory,0.42347014994231474
lab_subject_11,inline_early_vs_no_ad_early,delta_relative_power,exploratory,0.03183808973936958
lab_subject_12,inline_early_vs_no_ad_early,delta_relative_power,exploratory,0.017501774359159783
lab_subject_13,inline_early_vs_no_ad_early,delta_relative_power,exploratory,-0.0059399016359323875
lab_subject_14,inline_early_vs_no_ad_early,delta_relative_power,exploratory,-0.16632359022875487
lab_subject_15,inline_early_vs_no_ad_early,delta_relative_power,exploratory,-0.026205984251535863
lab_subject_16,inline_early_vs_no_ad_early,delta_relative_power,exploratory,0.06152908534549717
lab_subject_17,inline_early_vs_no_ad_early,delta_relative_power,exploratory,0.11677143823521274
lab_subject_18,inline_early_vs_no_ad_early,delta_relative_power,exploratory,0.13644861017003002
lab_subject_19,inline_early_vs_no_ad_early,delta_relative_power,exploratory,-0.3771923731641988
lab_subject_2,inline_early_vs_no_ad_early,delta_relative_power,exploratory,0.041211695092144396
lab_subject_3,inline_early_vs_no_ad_early,delta_relative_power,exploratory,0.4095426805111019
lab_subject_5,inline_early_vs_no_ad_early,delta_relative_power,exploratory,0.028034163634492237
lab_subject_6,inline_early_vs_no_ad_early,delta_relative_power,exploratory,0.1821658515908467
lab_subject_7,inline_early_vs_no_ad_early,delta_relative_power,exploratory,-0.16207380709363772
lab_subject_8,inline_early_vs_no_ad_early,delta_relative_power,exploratory,0.06828061531412122
lab_subject_9,inline_early_vs_no_ad_early,delta_relative_power,exploratory,-0.4567342380579953
lab_subject_1,block_early_vs_no_ad_early,delta_relative_power,exploratory,-0.6470837853317842
lab_subject_10,block_early_vs_no_ad_early,delta_relative_power,exploratory,-0.03588782271130314
lab_subject_11,block_early_vs_no_ad_early,delta_relative_power,exploratory,0.39641990761546914
lab_subject_12,block_early_vs_no_ad_early,delta_relative_power,exploratory,-0.08930687741752252
lab_subject_13,block_early_vs_no_ad_early,delta_relative_power,exploratory,0.08638376147355886
lab_subject_14,block_early_vs_no_ad_early,delta_relative_power,exploratory,-0.1203908201308781
lab_subject_15,block_early_vs_no_ad_early,delta_relative_power,exploratory,0.1477680841937974
lab_subject_16,block_early_vs_no_ad_early,delta_relative_power,exploratory,0.34487591189695577
lab_subject_17,block_early_vs_no_ad_early,delta_relative_power,exploratory,-0.09284772787229262
lab_subject_18,block_early_vs_no_ad_early,delta_relative_power,exploratory,-0.10766109700043935
lab_subject_19,block_early_vs_no_ad_early,delta_relative_power,exploratory,-0.09239155928548987
lab_subject_2,block_early_vs_no_ad_early,delta_relative_power,exploratory,0.11548575972001085
lab_subject_3,block_early_vs_no_ad_early,delta_relative_power,exploratory,0.15235483095075847
lab_subject_5,block_early_vs_no_ad_early,delta_relative_power,exploratory,0.08823011542882331
lab_subject_6,block_early_vs_no_ad_early,delta_relative_power,exploratory,-0.20051121733518867
lab_subject_7,block_early_vs_no_ad_early,delta_relative_power,exploratory,-0.002033000108204952
lab_subject_8,block_early_vs_no_ad_early,delta_relative_power,exploratory,0.1851972666854267
lab_subject_9,block_early_vs_no_ad_early,delta_relative_power,exploratory,0.06439948919530258
lab_subject_1,inline_late_vs_no_ad_late,delta_relative_power,exploratory,-0.05704631354565709
lab_subject_10,inline_late_vs_no_ad_late,delta_relative_power,exploratory,0.09577575315315268
lab_subject_11,inline_late_vs_no_ad_late,delta_relative_power,exploratory,-0.390563382077206
lab_subject_12,inline_late_vs_no_ad_late,delta_relative_power,exploratory,-0.08004031779312215
lab_subject_13,inline_late_vs_no_ad_late,delta_relative_power,exploratory,0.31247481875997307
lab_subject_14,inline_late_vs_no_ad_late,delta_relative_power,exploratory,0.43849313268841134
lab_subject_15,inline_late_vs_no_ad_late,delta_relative_power,exploratory,-0.09247216836224237
lab_subject_16,inline_late_vs_no_ad_late,delta_relative_power,exploratory,0.23757468158184042
lab_subject_17,inline_late_vs_no_ad_late,delta_relative_power,exploratory,-0.3281104451211463
lab_subject_18,inline_late_vs_no_ad_late,delta_relative_power,exploratory,0.10719733885263233
lab_subject_19,inline_late_vs_no_ad_late,delta_relative_power,exploratory,-0.12865741294418043
lab_subject_2,inline_late_vs_no_ad_late,delta_relative_power,exploratory,-0.23014873616561465
lab_subject_3,inline_late_vs_no_ad_late,delta_relative_power,exploratory,0.05308249976169499
lab_subject_5,inline_late_vs_no_ad_late,delta_relative_power,exploratory,0.15624089405026437
lab_subject_6,inline_late_vs_no_ad_late,delta_relative_power,exploratory,-0.07907923609185102
lab_subject_7,inline_late_vs_no_ad_late,delta_relative_power,exploratory,0.5317749386936892
lab_subject_8,inline_late_vs_no_ad_late,delta_relative_power,exploratory,0.38057426740055533
lab_subject_9,inline_late_vs_no_ad_late,delta_relative_power,exploratory,0.2746438863267825
lab_subject_1,block_late_vs_no_ad_late,delta_relative_power,exploratory,0.1087193611947227
lab_subject_10,block_late_vs_no_ad_late,delta_relative_power,exploratory,0.09594839480657358
lab_subject_11,block_late_vs_no_ad_late,delta_relative_power,exploratory,0.04437767859182129
lab_subject_12,block_late_vs_no_ad_late,delta_relative_power,exploratory,0.06466997875566438
lab_subject_13,block_late_vs_no_ad_late,delta_relative_power,exploratory,0.20208433057998965
lab_subject_14,block_late_vs_no_ad_late,delta_relative_power,exploratory,0.21483751449012362
lab_subject_15,block_late_vs_no_ad_late,delta_relative_power,exploratory,0.18322637219661797
lab_subject_16,block_late_vs_no_ad_late,delta_relative_power,exploratory,-0.01016816663612663
lab_subject_17,block_late_vs_no_ad_late,delta_relative_power,exploratory,-0.3949534934177791
lab_subject_18,block_late_vs_no_ad_late,delta_relative_power,exploratory,0.06358559001334241
lab_subject_19,block_late_vs_no_ad_late,delta_relative_power,exploratory,0.08001717600576569
lab_subject_2,block_late_vs_no_ad_late,delta_relative_power,exploratory,0.11103805001018285
lab_subject_3,block_late_vs_no_ad_late,delta_relative_power,exploratory,0.07716318611924339
lab_subject_5,block_late_vs_no_ad_late,delta_relative_power,exploratory,-0.45466980572880633
lab_subject_6,block_late_vs_no_ad_late,delta_relative_power,exploratory,0.2609582716300357
lab_subject_7,block_late_vs_no_ad_late,delta_relative_power,exploratory,0.14914172103089773
lab_subject_8,block_late_vs_no_ad_late,delta_relative_power,exploratory,0.4756415689786011
lab_subject_9,block_late_vs_no_ad_late,delta_relative_power,exploratory,-0.25155216774980693
lab_subject_1,any_ad_vs_matched_no_ad,delta_relative_power,exploratory,-0.24982965151041606
lab_subject_10,any_ad_vs_matched_no_ad,delta_relative_power,exploratory,0.14482661879768446
lab_subject_11,any_ad_vs_matched_no_ad,delta_relative_power,exploratory,0.020518073467363507
lab_subject_12,any_ad_vs_matched_no_ad,delta_relative_power,exploratory,-0.021793860523955128
lab_subject_13,any_ad_vs_matched_no_ad,delta_relative_power,exploratory,0.1487507522943973
lab_subject_14,any_ad_vs_matched_no_ad,delta_relative_power,exploratory,0.0916540592047255
lab_subject_15,any_ad_vs_matched_no_ad,delta_relative_power,exploratory,0.05307907594415928
lab_subject_16,any_ad_vs_matched_no_ad,delta_relative_power,exploratory,0.15845287804704167
lab_subject_17,any_ad_vs_matched_no_ad,delta_relative_power,exploratory,-0.17478505704400132
lab_subject_18,any_ad_vs_matched_no_ad,delta_relative_power,exploratory,0.04989261050889135
lab_subject_19,any_ad_vs_matched_no_ad,delta_relative_power,exploratory,-0.12955604234702583
lab_subject_2,any_ad_vs_matched_no_ad,delta_relative_power,exploratory,0.009396692164180862
lab_subject_3,any_ad_vs_matched_no_ad,delta_relative_power,exploratory,0.17303579933569968
lab_subject_5,any_ad_vs_matched_no_ad,delta_relative_power,exploratory,-0.045541158153806605
lab_subject_6,any_ad_vs_matched_no_ad,delta_relative_power,exploratory,0.04088341744846068
lab_subject_7,any_ad_vs_matched_no_ad,delta_relative_power,exploratory,0.12920246313068606
lab_subject_8,any_ad_vs_matched_no_ad,delta_relative_power,exploratory,0.2774234295946761
lab_subject_9,any_ad_vs_matched_no_ad,delta_relative_power,exploratory,-0.09231075757142929
lab_subject_1,inline_vs_block,delta_relative_power,exploratory,0.03870512111622948
lab_subject_10,inline_vs_block,delta_relative_power,exploratory,0.2295926655000985
lab_subject_11,inline_vs_block,delta_relative_power,exploratory,-0.3997614392725634
lab_subject_12,inline_vs_block,delta_relative_power,exploratory,-0.018950822386052113
lab_subject_13,inline_vs_block,delta_relative_power,exploratory,0.009033412535246088
lab_subject_14,inline_vs_block,delta_relative_power,exploratory,0.08886142405020547
lab_subject_15,inline_vs_block,delta_relative_power,exploratory,-0.2248363045020968
lab_subject_16,inline_vs_block,delta_relative_power,exploratory,-0.017801989166745774
lab_subject_17,inline_vs_block,delta_relative_power,exploratory,0.13823110720206908
lab_subject_18,inline_vs_block,delta_relative_power,exploratory,0.14386072800487965
lab_subject_19,inline_vs_block,delta_relative_power,exploratory,-0.24673770141432752
lab_subject_2,inline_vs_block,delta_relative_power,exploratory,-0.20773042540183198
lab_subject_3,inline_vs_block,delta_relative_power,exploratory,0.1165535816013975
lab_subject_5,inline_vs_block,delta_relative_power,exploratory,0.2753573739923698
lab_subject_6,inline_vs_block,delta_relative_power,exploratory,0.021319780602074317
lab_subject_7,inline_vs_block,delta_relative_power,exploratory,0.11129620533867934
lab_subject_8,inline_vs_block,delta_relative_power,exploratory,-0.10599197647467562
lab_subject_9,inline_vs_block,delta_relative_power,exploratory,0.002531163411645776
lab_subject_1,early_vs_late,delta_relative_power,exploratory,-0.1432798929695852
lab_subject_10,early_vs_late,delta_relative_power,exploratory,0.09193830944477449
lab_subject_11,early_vs_late,delta_relative_power,exploratory,0.07333488537310101
lab_subject_12,early_vs_late,delta_relative_power,exploratory,-0.1276477430351855
lab_subject_13,early_vs_late,delta_relative_power,exploratory,-0.4135132899440635
lab_subject_14,early_vs_late,delta_relative_power,exploratory,-0.2067511897793715
lab_subject_15,early_vs_late,delta_relative_power,exploratory,-0.051579777315954756
lab_subject_16,early_vs_late,delta_relative_power,exploratory,-0.2166684588569058
lab_subject_17,early_vs_late,delta_relative_power,exploratory,0.0896142086883416
lab_subject_18,early_vs_late,delta_relative_power,exploratory,0.08815859979349139
lab_subject_19,early_vs_late,delta_relative_power,exploratory,0.04215507056220544
lab_subject_2,early_vs_late,delta_relative_power,exploratory,0.24930356553613223
lab_subject_3,early_vs_late,delta_relative_power,exploratory,0.0417112792073186
lab_subject_5,early_vs_late,delta_relative_power,exploratory,-0.008662741323777035
lab_subject_6,early_vs_late,delta_relative_power,exploratory,0.38975844619229805
lab_subject_7,early_vs_late,delta_relative_power,exploratory,0.04873095299495289
lab_subject_8,early_vs_late,delta_relative_power,exploratory,-0.3298887539582812
lab_subject_9,early_vs_late,delta_relative_power,exploratory,0.04161431053142556
lab_subject_1,format_x_timing,delta_relative_power,exploratory,0.40894159171321853
lab_subject_10,format_x_timing,delta_relative_power,exploratory,0.4595306143070388
lab_subject_11,format_x_timing,delta_relative_power,exploratory,0.07035924279292771
lab_subject_12,format_x_timing,delta_relative_power,exploratory,0.25151894832546884
lab_subject_13,format_x_timing,delta_relative_power,exploratory,-0.20271415128947468
lab_subject_14,format_x_timing,delta_relative_power,exploratory,-0.2695883882961645
lab_subject_15,format_x_timing,delta_relative_power,exploratory,0.10172447211352709
lab_subject_16,format_x_timing,delta_relative_power,exploratory,-0.5310896747694256
lab_subject_17,format_x_timing,delta_relative_power,exploratory,0.14277611781087257
lab_subject_18,format_x_timing,delta_relative_power,exploratory,0.20049795833117945
lab_subject_19,format_x_timing,delta_relative_power,exploratory,-0.07612622492876281
lab_subject_2,format_x_timing,delta_relative_power,exploratory,0.26691272154793105
lab_subject_3,format_x_timing,delta_relative_power,exploratory,0.2812685359178918
lab_subject_5,format_x_timing,delta_relative_power,exploratory,-0.6711066515734018
lab_subject_6,format_x_timing,delta_relative_power,exploratory,0.7227145766479222
lab_subject_7,format_x_timing,delta_relative_power,exploratory,-0.5426740246482242
lab_subject_8,format_x_timing,delta_relative_power,exploratory,-0.021849349793259698
lab_subject_9,format_x_timing,delta_relative_power,exploratory,-1.0473297813298874
lab_subject_1,inline_early_vs_no_ad_early,theta_relative_power,exploratory,0.030155561861183774
lab_subject_10,inline_early_vs_no_ad_early,theta_relative_power,exploratory,-0.011446338838575543
lab_subject_11,inline_early_vs_no_ad_early,theta_relative_power,exploratory,-0.07356204483328334
lab_subject_12,inline_early_vs_no_ad_early,theta_relative_power,exploratory,-0.05552231477134706
lab_subject_13,inline_early_vs_no_ad_early,theta_relative_power,exploratory,0.07507041729253217
lab_subject_14,inline_early_vs_no_ad_early,theta_relative_power,exploratory,0.06802402977333213
lab_subject_15,inline_early_vs_no_ad_early,theta_relative_power,exploratory,0.05662914116653828
lab_subject_16,inline_early_vs_no_ad_early,theta_relative_power,exploratory,-0.014770404008041443
lab_subject_17,inline_early_vs_no_ad_early,theta_relative_power,exploratory,-0.054130247570224096
lab_subject_18,inline_early_vs_no_ad_early,theta_relative_power,exploratory,-0.01367538040818933
lab_subject_19,inline_early_vs_no_ad_early,theta_relative_power,exploratory,0.012500055419376065
lab_subject_2,inline_early_vs_no_ad_early,theta_relative_power,exploratory,-0.027489122632091016
lab_subject_3,inline_early_vs_no_ad_early,theta_relative_power,exploratory,-0.03416778920605161
lab_subject_5,inline_early_vs_no_ad_early,theta_relative_power,exploratory,0.06554685171070249
lab_subject_6,inline_early_vs_no_ad_early,theta_relative_power,exploratory,-0.13252975833200303
lab_subject_7,inline_early_vs_no_ad_early,theta_relative_power,exploratory,0.021515627055800263
lab_subject_8,inline_early_vs_no_ad_early,theta_relative_power,exploratory,-0.04995545328171344
lab_subject_9,inline_early_vs_no_ad_early,theta_relative_power,exploratory,0.07071904479967495
lab_subject_1,block_early_vs_no_ad_early,theta_relative_power,exploratory,0.06535865831339711
lab_subject_10,block_early_vs_no_ad_early,theta_relative_power,exploratory,0.13248860277696997
lab_subject_11,block_early_vs_no_ad_early,theta_relative_power,exploratory,-0.18566900732158387
lab_subject_12,block_early_vs_no_ad_early,theta_relative_power,exploratory,-0.0646921282716112
lab_subject_13,block_early_vs_no_ad_early,theta_relative_power,exploratory,0.1397423686263385
lab_subject_14,block_early_vs_no_ad_early,theta_relative_power,exploratory,0.04513042626616825
lab_subject_15,block_early_vs_no_ad_early,theta_relative_power,exploratory,-0.034399873327628054
lab_subject_16,block_early_vs_no_ad_early,theta_relative_power,exploratory,0.009893605778254586
lab_subject_17,block_early_vs_no_ad_early,theta_relative_power,exploratory,0.018163721879257716
lab_subject_18,block_early_vs_no_ad_early,theta_relative_power,exploratory,0.12664685076694215
lab_subject_19,block_early_vs_no_ad_early,theta_relative_power,exploratory,0.007680021434896989
lab_subject_2,block_early_vs_no_ad_early,theta_relative_power,exploratory,-0.010939768328947684
lab_subject_3,block_early_vs_no_ad_early,theta_relative_power,exploratory,0.08317693050622729
lab_subject_5,block_early_vs_no_ad_early,theta_relative_power,exploratory,0.013137164708800012
lab_subject_6,block_early_vs_no_ad_early,theta_relative_power,exploratory,-0.03915050073932115
lab_subject_7,block_early_vs_no_ad_early,theta_relative_power,exploratory,0.031128028878799313
lab_subject_8,block_early_vs_no_ad_early,theta_relative_power,exploratory,-0.03315182756017157
lab_subject_9,block_early_vs_no_ad_early,theta_relative_power,exploratory,0.021511454078193534
lab_subject_1,inline_late_vs_no_ad_late,theta_relative_power,exploratory,-0.005197473978250863
lab_subject_10,inline_late_vs_no_ad_late,theta_relative_power,exploratory,-0.07845298991801415
lab_subject_11,inline_late_vs_no_ad_late,theta_relative_power,exploratory,0.10560372310711469
lab_subject_12,inline_late_vs_no_ad_late,theta_relative_power,exploratory,0.09101384948953473
lab_subject_13,inline_late_vs_no_ad_late,theta_relative_power,exploratory,-0.019937012333803808
lab_subject_14,inline_late_vs_no_ad_late,theta_relative_power,exploratory,-0.11505078245328779
lab_subject_15,inline_late_vs_no_ad_late,theta_relative_power,exploratory,0.029193789777181706
lab_subject_16,inline_late_vs_no_ad_late,theta_relative_power,exploratory,0.03312298058385402
lab_subject_17,inline_late_vs_no_ad_late,theta_relative_power,exploratory,0.07240640575602253
lab_subject_18,inline_late_vs_no_ad_late,theta_relative_power,exploratory,-0.07594853303825547
lab_subject_19,inline_late_vs_no_ad_late,theta_relative_power,exploratory,-0.07687118353877875
lab_subject_2,inline_late_vs_no_ad_late,theta_relative_power,exploratory,0.01920561435408339
lab_subject_3,inline_late_vs_no_ad_late,theta_relative_power,exploratory,0.046830835220673134
lab_subject_5,inline_late_vs_no_ad_late,theta_relative_power,exploratory,-0.049563242369548746
lab_subject_6,inline_late_vs_no_ad_late,theta_relative_power,exploratory,-0.06532173535527426
lab_subject_7,inline_late_vs_no_ad_late,theta_relative_power,exploratory,-0.04783992833529571
lab_subject_8,inline_late_vs_no_ad_late,theta_relative_power,exploratory,-0.05534908408445399
lab_subject_9,inline_late_vs_no_ad_late,theta_relative_power,exploratory,-0.0477097648833356
lab_subject_1,block_late_vs_no_ad_late,theta_relative_power,exploratory,0.015390586419634325
lab_subject_10,block_late_vs_no_ad_late,theta_relative_power,exploratory,-0.0021507624452895696
lab_subject_11,block_late_vs_no_ad_late,theta_relative_power,exploratory,0.04199778301931159
lab_subject_12,block_late_vs_no_ad_late,theta_relative_power,exploratory,0.09685275207021743
lab_subject_13,block_late_vs_no_ad_late,theta_relative_power,exploratory,-0.01828075089065446
lab_subject_14,block_late_vs_no_ad_late,theta_relative_power,exploratory,-0.05036626240763219
lab_subject_15,block_late_vs_no_ad_late,theta_relative_power,exploratory,-0.10410775806242
lab_subject_16,block_late_vs_no_ad_late,theta_relative_power,exploratory,0.004138691131399683
lab_subject_17,block_late_vs_no_ad_late,theta_relative_power,exploratory,0.07400261369534812
lab_subject_18,block_late_vs_no_ad_late,theta_relative_power,exploratory,0.07587382982600577
lab_subject_19,block_late_vs_no_ad_late,theta_relative_power,exploratory,0.008003248507132257
lab_subject_2,block_late_vs_no_ad_late,theta_relative_power,exploratory,-0.048592675361500436
lab_subject_3,block_late_vs_no_ad_late,theta_relative_power,exploratory,0.024749879105473993
lab_subject_5,block_late_vs_no_ad_late,theta_relative_power,exploratory,0.08537822039638192
lab_subject_6,block_late_vs_no_ad_late,theta_relative_power,exploratory,-0.09843517946137235
lab_subject_7,block_late_vs_no_ad_late,theta_relative_power,exploratory,-0.03757108931154922
lab_subject_8,block_late_vs_no_ad_late,theta_relative_power,exploratory,-0.08004969261839859
lab_subject_9,block_late_vs_no_ad_late,theta_relative_power,exploratory,0.04089288328674471
lab_subject_1,any_ad_vs_matched_no_ad,theta_relative_power,exploratory,0.026426833153991088
lab_subject_10,any_ad_vs_matched_no_ad,theta_relative_power,exploratory,0.010109627893772677
lab_subject_11,any_ad_vs_matched_no_ad,theta_relative_power,exploratory,-0.027907386507110228
lab_subject_12,any_ad_vs_matched_no_ad,theta_relative_power,exploratory,0.016913039629198476
lab_subject_13,any_ad_vs_matched_no_ad,theta_relative_power,exploratory,0.044148755673603095
lab_subject_14,any_ad_vs_matched_no_ad,theta_relative_power,exploratory,-0.013065647205354896
lab_subject_15,any_ad_vs_matched_no_ad,theta_relative_power,exploratory,-0.013171175111582018
lab_subject_16,any_ad_vs_matched_no_ad,theta_relative_power,exploratory,0.00809621837136671
lab_subject_17,any_ad_vs_matched_no_ad,theta_relative_power,exploratory,0.027610623440101068
lab_subject_18,any_ad_vs_matched_no_ad,theta_relative_power,exploratory,0.02822419178662578
lab_subject_19,any_ad_vs_matched_no_ad,theta_relative_power,exploratory,-0.012171964544343362
lab_subject_2,any_ad_vs_matched_no_ad,theta_relative_power,exploratory,-0.016953987992113936
lab_subject_3,any_ad_vs_matched_no_ad,theta_relative_power,exploratory,0.030147463906580702
lab_subject_5,any_ad_vs_matched_no_ad,theta_relative_power,exploratory,0.028624748611583917
lab_subject_6,any_ad_vs_matched_no_ad,theta_relative_power,exploratory,-0.0838592934719927
lab_subject_7,any_ad_vs_matched_no_ad,theta_relative_power,exploratory,-0.008191840428061339
lab_subject_8,any_ad_vs_matched_no_ad,theta_relative_power,exploratory,-0.054626514386184405
lab_subject_9,any_ad_vs_matched_no_ad,theta_relative_power,exploratory,0.021353404320319395
lab_subject_1,inline_vs_block,theta_relative_power,exploratory,-0.027895578425049264
lab_subject_10,inline_vs_block,theta_relative_power,exploratory,-0.11011858454413505
lab_subject_11,inline_vs_block,theta_relative_power,exploratory,0.0878564512880518
lab_subject_12,inline_vs_block,theta_relative_power,exploratory,0.0016654554597907156
lab_subject_13,inline_vs_block,theta_relative_power,exploratory,-0.03316410638847784
lab_subject_14,inline_vs_block,theta_relative_power,exploratory,-0.020895458269245853
lab_subject_15,inline_vs_block,theta_relative_power,exploratory,0.11216528116688401
lab_subject_16,inline_vs_block,theta_relative_power,exploratory,0.0021601398330791527
lab_subject_17,inline_vs_block,theta_relative_power,exploratory,-0.0369450886944037
lab_subject_18,inline_vs_block,theta_relative_power,exploratory,-0.14607229701969637
lab_subject_19,inline_vs_block,theta_relative_power,exploratory,-0.04002719903071597
lab_subject_2,inline_vs_block,theta_relative_power,exploratory,0.025624467706220247
lab_subject_3,inline_vs_block,theta_relative_power,exploratory,-0.04763188179853988
lab_subject_5,inline_vs_block,theta_relative_power,exploratory,-0.041265887882014095
lab_subject_6,inline_vs_block,theta_relative_power,exploratory,-0.030132906743291887
lab_subject_7,inline_vs_block,theta_relative_power,exploratory,-0.009940620423372772
lab_subject_8,inline_vs_block,theta_relative_power,exploratory,0.003948491406201356
lab_subject_9,inline_vs_block,theta_relative_power,exploratory,-0.01969752872429945
lab_subject_1,early_vs_late,theta_relative_power,exploratory,-0.0002879793782326612
lab_subject_10,early_vs_late,theta_relative_power,exploratory,-0.02845376364180209
lab_subject_11,early_vs_late,theta_relative_power,exploratory,-0.0022007192997682418
lab_subject_12,early_vs_late,theta_relative_power,exploratory,-0.05376979822422956
lab_subject_13,early_vs_late,theta_relative_power,exploratory,0.10829183422608879
lab_subject_14,early_vs_late,theta_relative_power,exploratory,0.035814844693002945
lab_subject_15,early_vs_late,theta_relative_power,exploratory,0.06635791785048967
lab_subject_16,early_vs_late,theta_relative_power,exploratory,-0.004828013842741896
lab_subject_17,early_vs_late,theta_relative_power,exploratory,-0.014449197896554244
lab_subject_18,early_vs_late,theta_relative_power,exploratory,-0.00604035004441926
lab_subject_19,early_vs_late,theta_relative_power,exploratory,0.04476982790617713
lab_subject_2,early_vs_late,theta_relative_power,exploratory,-0.06461805348058025
lab_subject_3,early_vs_late,theta_relative_power,exploratory,0.07502811048490049
lab_subject_5,early_vs_late,theta_relative_power,exploratory,0.03720556010386949
lab_subject_6,early_vs_late,theta_relative_power,exploratory,-0.09528421990639688
lab_subject_7,early_vs_late,theta_relative_power,exploratory,0.032166898114475546
lab_subject_8,early_vs_late,theta_relative_power,exploratory,0.06948154908506976
lab_subject_9,early_vs_late,theta_relative_power,exploratory,0.00069308973155301
lab_subject_1,format_x_timing,theta_relative_power,exploratory,-0.014615036054328151
lab_subject_10,format_x_timing,theta_relative_power,exploratory,-0.06763271414282093
lab_subject_11,format_x_timing,theta_relative_power,exploratory,0.04850102240049742
lab_subject_12,format_x_timing,theta_relative_power,exploratory,0.015008716080946838
lab_subject_13,format_x_timing,theta_relative_power,exploratory,-0.06301568989065698
lab_subject_14,format_x_timing,theta_relative_power,exploratory,0.08757812355281949
lab_subject_15,format_x_timing,theta_relative_power,exploratory,-0.04227253334543536
lab_subject_16,format_x_timing,theta_relative_power,exploratory,-0.05364829923875036
lab_subject_17,format_x_timing,theta_relative_power,exploratory,-0.07069776151015622
lab_subject_18,format_x_timing,theta_relative_power,exploratory,0.01150013168912975
lab_subject_19,format_x_timing,theta_relative_power,exploratory,0.08969446603039008
lab_subject_2,format_x_timing,theta_relative_power,exploratory,-0.08434764401872716
lab_subject_3,format_x_timing,theta_relative_power,exploratory,-0.13942567582747806
lab_subject_5,format_x_timing,theta_relative_power,exploratory,0.18735114976783313
lab_subject_6,format_x_timing,theta_relative_power,exploratory,-0.12649270169877996
lab_subject_7,format_x_timing,theta_relative_power,exploratory,0.0006564372007474423
lab_subject_8,format_x_timing,theta_relative_power,exploratory,-0.041504234255486466
lab_subject_9,format_x_timing,theta_relative_power,exploratory,0.13781023889156171
lab_subject_1,inline_early_vs_no_ad_early,alpha_relative_power,exploratory,-0.05214673916066083
lab_subject_10,inline_early_vs_no_ad_early,alpha_relative_power,exploratory,-0.2116838975713988
lab_subject_11,inline_early_vs_no_ad_early,alpha_relative_power,exploratory,-0.004552557984845829
lab_subject_12,inline_early_vs_no_ad_early,alpha_relative_power,exploratory,-0.019687742858540608
lab_subject_13,inline_early_vs_no_ad_early,alpha_relative_power,exploratory,0.01326856991843589
lab_subject_14,inline_early_vs_no_ad_early,alpha_relative_power,exploratory,0.04825511208271306
lab_subject_15,inline_early_vs_no_ad_early,alpha_relative_power,exploratory,0.02510180709848251
lab_subject_16,inline_early_vs_no_ad_early,alpha_relative_power,exploratory,0.009720728972816686
lab_subject_17,inline_early_vs_no_ad_early,alpha_relative_power,exploratory,-0.06755352263072555
lab_subject_18,inline_early_vs_no_ad_early,alpha_relative_power,exploratory,0.032623517125107526
lab_subject_19,inline_early_vs_no_ad_early,alpha_relative_power,exploratory,0.09480424245017019
lab_subject_2,inline_early_vs_no_ad_early,alpha_relative_power,exploratory,-0.007176428149361796
lab_subject_3,inline_early_vs_no_ad_early,alpha_relative_power,exploratory,-0.06900486490218154
lab_subject_5,inline_early_vs_no_ad_early,alpha_relative_power,exploratory,0.03248389248026842
lab_subject_6,inline_early_vs_no_ad_early,alpha_relative_power,exploratory,-0.11534776862171102
lab_subject_7,inline_early_vs_no_ad_early,alpha_relative_power,exploratory,0.0426486064516661
lab_subject_8,inline_early_vs_no_ad_early,alpha_relative_power,exploratory,0.027564333129973882
lab_subject_9,inline_early_vs_no_ad_early,alpha_relative_power,exploratory,0.044397376668615374
lab_subject_1,block_early_vs_no_ad_early,alpha_relative_power,exploratory,0.02387290677600184
lab_subject_10,block_early_vs_no_ad_early,alpha_relative_power,exploratory,-0.07871219685950756
lab_subject_11,block_early_vs_no_ad_early,alpha_relative_power,exploratory,-0.09157632966559584
lab_subject_12,block_early_vs_no_ad_early,alpha_relative_power,exploratory,0.007958789882288708
lab_subject_13,block_early_vs_no_ad_early,alpha_relative_power,exploratory,-0.04796566733321084
lab_subject_14,block_early_vs_no_ad_early,alpha_relative_power,exploratory,0.04142750013015703
lab_subject_15,block_early_vs_no_ad_early,alpha_relative_power,exploratory,-0.027439060592557053
lab_subject_16,block_early_vs_no_ad_early,alpha_relative_power,exploratory,-0.050063703677520326
lab_subject_17,block_early_vs_no_ad_early,alpha_relative_power,exploratory,-0.01954445484370658
lab_subject_18,block_early_vs_no_ad_early,alpha_relative_power,exploratory,-0.007907012069560154
lab_subject_19,block_early_vs_no_ad_early,alpha_relative_power,exploratory,-0.03297002783856813
lab_subject_2,block_early_vs_no_ad_early,alpha_relative_power,exploratory,-0.004798588290528816
lab_subject_3,block_early_vs_no_ad_early,alpha_relative_power,exploratory,-0.06680252845064791
lab_subject_5,block_early_vs_no_ad_early,alpha_relative_power,exploratory,-0.0025553759789426617
lab_subject_6,block_early_vs_no_ad_early,alpha_relative_power,exploratory,-0.024136770864528548
lab_subject_7,block_early_vs_no_ad_early,alpha_relative_power,exploratory,0.005861258213556972
lab_subject_8,block_early_vs_no_ad_early,alpha_relative_power,exploratory,0.009088163687598523
lab_subject_9,block_early_vs_no_ad_early,alpha_relative_power,exploratory,-0.029715704911217
lab_subject_1,inline_late_vs_no_ad_late,alpha_relative_power,exploratory,-0.0038451625989105523
lab_subject_10,inline_late_vs_no_ad_late,alpha_relative_power,exploratory,-0.005410607249283966
lab_subject_11,inline_late_vs_no_ad_late,alpha_relative_power,exploratory,0.08991530427456136
lab_subject_12,inline_late_vs_no_ad_late,alpha_relative_power,exploratory,-0.02198076608019507
lab_subject_13,inline_late_vs_no_ad_late,alpha_relative_power,exploratory,-0.12365819474074785
lab_subject_14,inline_late_vs_no_ad_late,alpha_relative_power,exploratory,-0.07164902135842441
lab_subject_15,inline_late_vs_no_ad_late,alpha_relative_power,exploratory,0.03391892280030242
lab_subject_16,inline_late_vs_no_ad_late,alpha_relative_power,exploratory,-0.06037998455861754
lab_subject_17,inline_late_vs_no_ad_late,alpha_relative_power,exploratory,0.08930224555346154
lab_subject_18,inline_late_vs_no_ad_late,alpha_relative_power,exploratory,-0.04495959346572559
lab_subject_19,inline_late_vs_no_ad_late,alpha_relative_power,exploratory,0.057413626495452175
lab_subject_2,inline_late_vs_no_ad_late,alpha_relative_power,exploratory,0.030678952914140793
lab_subject_3,inline_late_vs_no_ad_late,alpha_relative_power,exploratory,-0.09569296297263827
lab_subject_5,inline_late_vs_no_ad_late,alpha_relative_power,exploratory,-0.047134534848189226
lab_subject_6,inline_late_vs_no_ad_late,alpha_relative_power,exploratory,0.04796266361923133
lab_subject_7,inline_late_vs_no_ad_late,alpha_relative_power,exploratory,-0.05813407116747914
lab_subject_8,inline_late_vs_no_ad_late,alpha_relative_power,exploratory,-0.1654875674983671
lab_subject_9,inline_late_vs_no_ad_late,alpha_relative_power,exploratory,-0.11358956565608871
lab_subject_1,block_late_vs_no_ad_late,alpha_relative_power,exploratory,-0.024912975475638914
lab_subject_10,block_late_vs_no_ad_late,alpha_relative_power,exploratory,-0.09430791032809402
lab_subject_11,block_late_vs_no_ad_late,alpha_relative_power,exploratory,-0.0501776095541419
lab_subject_12,block_late_vs_no_ad_late,alpha_relative_power,exploratory,-0.12195050076517319
lab_subject_13,block_late_vs_no_ad_late,alpha_relative_power,exploratory,-0.0756144865690864
lab_subject_14,block_late_vs_no_ad_late,alpha_relative_power,exploratory,-0.03808056610858457
lab_subject_15,block_late_vs_no_ad_late,alpha_relative_power,exploratory,-0.019478969573825007
lab_subject_16,block_late_vs_no_ad_late,alpha_relative_power,exploratory,0.0009895925317830664
lab_subject_17,block_late_vs_no_ad_late,alpha_relative_power,exploratory,0.11359172222795232
lab_subject_18,block_late_vs_no_ad_late,alpha_relative_power,exploratory,-0.009161184927901356
lab_subject_19,block_late_vs_no_ad_late,alpha_relative_power,exploratory,-0.07550552596319698
lab_subject_2,block_late_vs_no_ad_late,alpha_relative_power,exploratory,-0.009746669020375007
lab_subject_3,block_late_vs_no_ad_late,alpha_relative_power,exploratory,-0.10605511562239245
lab_subject_5,block_late_vs_no_ad_late,alpha_relative_power,exploratory,0.07211441475739523
lab_subject_6,block_late_vs_no_ad_late,alpha_relative_power,exploratory,-0.024067986944919746
lab_subject_7,block_late_vs_no_ad_late,alpha_relative_power,exploratory,-0.01650155847096401
lab_subject_8,block_late_vs_no_ad_late,alpha_relative_power,exploratory,-0.17445865787697185
lab_subject_9,block_late_vs_no_ad_late,alpha_relative_power,exploratory,0.03113548583704752
lab_subject_1,any_ad_vs_matched_no_ad,alpha_relative_power,exploratory,-0.014257992614802113
lab_subject_10,any_ad_vs_matched_no_ad,alpha_relative_power,exploratory,-0.09752865300207109
lab_subject_11,any_ad_vs_matched_no_ad,alpha_relative_power,exploratory,-0.014097798232505551
lab_subject_12,any_ad_vs_matched_no_ad,alpha_relative_power,exploratory,-0.03891505495540504
lab_subject_13,any_ad_vs_matched_no_ad,alpha_relative_power,exploratory,-0.0584924446811523
lab_subject_14,any_ad_vs_matched_no_ad,alpha_relative_power,exploratory,-0.005011743813534721
lab_subject_15,any_ad_vs_matched_no_ad,alpha_relative_power,exploratory,0.0030256749331007173
lab_subject_16,any_ad_vs_matched_no_ad,alpha_relative_power,exploratory,-0.024933341682884528
lab_subject_17,any_ad_vs_matched_no_ad,alpha_relative_power,exploratory,0.028948997576745433
lab_subject_18,any_ad_vs_matched_no_ad,alpha_relative_power,exploratory,-0.007351068334519893
lab_subject_19,any_ad_vs_matched_no_ad,alpha_relative_power,exploratory,0.010935578785964309
lab_subject_2,any_ad_vs_matched_no_ad,alpha_relative_power,exploratory,0.0022393168634687946
lab_subject_3,any_ad_vs_matched_no_ad,alpha_relative_power,exploratory,-0.08438886798696504
lab_subject_5,any_ad_vs_matched_no_ad,alpha_relative_power,exploratory,0.013727099102632942
lab_subject_6,any_ad_vs_matched_no_ad,alpha_relative_power,exploratory,-0.028897465702981996
lab_subject_7,any_ad_vs_matched_no_ad,alpha_relative_power,exploratory,-0.006531441243305019
lab_subject_8,any_ad_vs_matched_no_ad,alpha_relative_power,exploratory,-0.07582343213944162
lab_subject_9,any_ad_vs_matched_no_ad,alpha_relative_power,exploratory,-0.01694310201541071
lab_subject_1,inline_vs_block,alpha_relative_power,exploratory,-0.027475916529967153
lab_subject_10,inline_vs_block,alpha_relative_power,exploratory,-0.022037198816540593
lab_subject_11,inline_vs_block,alpha_relative_power,exploratory,0.11355834275472665
lab_subject_12,inline_vs_block,alpha_relative_power,exploratory,0.0361616009720744
lab_subject_13,inline_vs_block,alpha_relative_power,exploratory,0.006595264539992637
lab_subject_14,inline_vs_block,alpha_relative_power,exploratory,-0.013370421648641904
lab_subject_15,inline_vs_block,alpha_relative_power,exploratory,0.052969380032583495
lab_subject_16,inline_vs_block,alpha_relative_power,exploratory,-0.0007925722200317967
lab_subject_17,inline_vs_block,alpha_relative_power,exploratory,-0.03614927223075487
lab_subject_18,inline_vs_block,alpha_relative_power,exploratory,0.0023660603284217235
lab_subject_19,inline_vs_block,alpha_relative_power,exploratory,0.13034671137369375
lab_subject_2,inline_vs_block,alpha_relative_power,exploratory,0.01902389103784141
lab_subject_3,inline_vs_block,alpha_relative_power,exploratory,0.004079908099110276
lab_subject_5,inline_vs_block,alpha_relative_power,exploratory,-0.04210484057318668
lab_subject_6,inline_vs_block,alpha_relative_power,exploratory,-0.009590173596515698
lab_subject_7,inline_vs_block,alpha_relative_power,exploratory,-0.002422582229203
lab_subject_8,inline_vs_block,alpha_relative_power,exploratory,0.013723629910490049
lab_subject_9,inline_vs_block,alpha_relative_power,exploratory,-0.03530598495665192
lab_subject_1,early_vs_late,alpha_relative_power,exploratory,-0.02687974636450723
lab_subject_10,early_vs_late,alpha_relative_power,exploratory,-0.0031219154638957025
lab_subject_11,early_vs_late,alpha_relative_power,exploratory,-0.029268550527288578
lab_subject_12,early_vs_late,alpha_relative_power,exploratory,0.10158228824332258
lab_subject_13,early_vs_late,alpha_relative_power,exploratory,0.0937372060380105
lab_subject_14,early_vs_late,alpha_relative_power,exploratory,0.0351830088134469
lab_subject_15,early_vs_late,alpha_relative_power,exploratory,0.0015709193449283052
lab_subject_16,early_vs_late,alpha_relative_power,exploratory,0.028713201944234545
lab_subject_17,early_vs_late,alpha_relative_power,exploratory,-0.03890084634882769
lab_subject_18,early_vs_late,alpha_relative_power,exploratory,0.040112313726888435
lab_subject_19,early_vs_late,alpha_relative_power,exploratory,-0.01124469351848668
lab_subject_2,early_vs_late,alpha_relative_power,exploratory,-0.054089255674604764
lab_subject_3,early_vs_late,alpha_relative_power,exploratory,0.020946784277119684
lab_subject_5,early_vs_late,alpha_relative_power,exploratory,0.009121770827154634
lab_subject_6,early_vs_late,alpha_relative_power,exploratory,-0.1523006511592087
lab_subject_7,early_vs_late,alpha_relative_power,exploratory,0.023503322072350858
lab_subject_8,early_vs_late,alpha_relative_power,exploratory,0.09980950866495598
lab_subject_9,early_vs_late,alpha_relative_power,exploratory,-0.054209390827691245
lab_subject_1,format_x_timing,alpha_relative_power,exploratory,-0.09708745881339104
lab_subject_10,format_x_timing,alpha_relative_power,exploratory,-0.2218690037907013
lab_subject_11,format_x_timing,alpha_relative_power,exploratory,-0.05306914214795325
lab_subject_12,format_x_timing,alpha_relative_power,exploratory,-0.12761626742580745
lab_subject_13,format_x_timing,alpha_relative_power,exploratory,0.10927794542330817
lab_subject_14,format_x_timing,alpha_relative_power,exploratory,0.04039606720239587
lab_subject_15,format_x_timing,alpha_relative_power,exploratory,-0.000857024683087862
lab_subject_16,format_x_timing,alpha_relative_power,exploratory,0.12115400974073762
lab_subject_17,format_x_timing,alpha_relative_power,exploratory,-0.023719591112528193
lab_subject_18,format_x_timing,alpha_relative_power,exploratory,0.07632893773249191
lab_subject_19,format_x_timing,alpha_relative_power,exploratory,-0.005144882169910846
lab_subject_2,format_x_timing,alpha_relative_power,exploratory,-0.04280346179334878
lab_subject_3,format_x_timing,alpha_relative_power,exploratory,-0.012564489101287796
lab_subject_5,format_x_timing,alpha_relative_power,exploratory,0.15428821806479553
lab_subject_6,format_x_timing,alpha_relative_power,exploratory,-0.16324164832133353
lab_subject_7,format_x_timing,alpha_relative_power,exploratory,0.07841986093462425
lab_subject_8,format_x_timing,alpha_relative_power,exploratory,0.009505079063770627
lab_subject_9,format_x_timing,alpha_relative_power,exploratory,0.21883813307296862
lab_subject_1,inline_early_vs_no_ad_early,beta_relative_power,exploratory,0.2755256418605756
lab_subject_10,inline_early_vs_no_ad_early,beta_relative_power,exploratory,-0.1798650403103823
lab_subject_11,inline_early_vs_no_ad_early,beta_relative_power,exploratory,0.03949837990526342
lab_subject_12,inline_early_vs_no_ad_early,beta_relative_power,exploratory,0.13434533385039577
lab_subject_13,inline_early_vs_no_ad_early,beta_relative_power,exploratory,-0.10732973468818924
lab_subject_14,inline_early_vs_no_ad_early,beta_relative_power,exploratory,0.05317487938907696
lab_subject_15,inline_early_vs_no_ad_early,beta_relative_power,exploratory,-0.03202976062461804
lab_subject_16,inline_early_vs_no_ad_early,beta_relative_power,exploratory,-0.004453566507383128
lab_subject_17,inline_early_vs_no_ad_early,beta_relative_power,exploratory,-0.02086577375074583
lab_subject_18,inline_early_vs_no_ad_early,beta_relative_power,exploratory,-0.10414362650491646
lab_subject_19,inline_early_vs_no_ad_early,beta_relative_power,exploratory,0.23574063497710637
lab_subject_2,inline_early_vs_no_ad_early,beta_relative_power,exploratory,-0.015878159515072578
lab_subject_3,inline_early_vs_no_ad_early,beta_relative_power,exploratory,-0.27694876008360503
lab_subject_5,inline_early_vs_no_ad_early,beta_relative_power,exploratory,-0.1398182125162934
lab_subject_6,inline_early_vs_no_ad_early,beta_relative_power,exploratory,-0.05983433484383982
lab_subject_7,inline_early_vs_no_ad_early,beta_relative_power,exploratory,0.09547060176722591
lab_subject_8,inline_early_vs_no_ad_early,beta_relative_power,exploratory,-0.054407948955100705
lab_subject_9,inline_early_vs_no_ad_early,beta_relative_power,exploratory,0.24131301508472747
lab_subject_1,block_early_vs_no_ad_early,beta_relative_power,exploratory,0.3939512734681744
lab_subject_10,block_early_vs_no_ad_early,beta_relative_power,exploratory,-0.023576786037852654
lab_subject_11,block_early_vs_no_ad_early,beta_relative_power,exploratory,-0.05001480741853548
lab_subject_12,block_early_vs_no_ad_early,beta_relative_power,exploratory,0.1747254225059302
lab_subject_13,block_early_vs_no_ad_early,beta_relative_power,exploratory,-0.19802236979030546
lab_subject_14,block_early_vs_no_ad_early,beta_relative_power,exploratory,0.023476901715920345
lab_subject_15,block_early_vs_no_ad_early,beta_relative_power,exploratory,-0.058048333369218726
lab_subject_16,block_early_vs_no_ad_early,beta_relative_power,exploratory,-0.1515331774708144
lab_subject_17,block_early_vs_no_ad_early,beta_relative_power,exploratory,0.06218359386977637
lab_subject_18,block_early_vs_no_ad_early,beta_relative_power,exploratory,-0.03562071401888925
lab_subject_19,block_early_vs_no_ad_early,beta_relative_power,exploratory,0.10211238596099131
lab_subject_2,block_early_vs_no_ad_early,beta_relative_power,exploratory,-0.06323489557128602
lab_subject_3,block_early_vs_no_ad_early,beta_relative_power,exploratory,-0.18183675462785964
lab_subject_5,block_early_vs_no_ad_early,beta_relative_power,exploratory,-0.0780303187104786
lab_subject_6,block_early_vs_no_ad_early,beta_relative_power,exploratory,0.1308439078601502
lab_subject_7,block_early_vs_no_ad_early,beta_relative_power,exploratory,0.014047429275870355
lab_subject_8,block_early_vs_no_ad_early,beta_relative_power,exploratory,-0.14915833019470787
lab_subject_9,block_early_vs_no_ad_early,beta_relative_power,exploratory,-0.018245616654881114
lab_subject_1,inline_late_vs_no_ad_late,beta_relative_power,exploratory,0.042069085701646275
lab_subject_10,inline_late_vs_no_ad_late,beta_relative_power,exploratory,-0.03245350034781962
lab_subject_11,inline_late_vs_no_ad_late,beta_relative_power,exploratory,0.16783503567855984
lab_subject_12,inline_late_vs_no_ad_late,beta_relative_power,exploratory,-0.014159150759959854
lab_subject_13,inline_late_vs_no_ad_late,beta_relative_power,exploratory,-0.16020104995065068
lab_subject_14,inline_late_vs_no_ad_late,beta_relative_power,exploratory,-0.1481797005763943
lab_subject_15,inline_late_vs_no_ad_late,beta_relative_power,exploratory,0.05071370612177871
lab_subject_16,inline_late_vs_no_ad_late,beta_relative_power,exploratory,-0.14817623255868506
lab_subject_17,inline_late_vs_no_ad_late,beta_relative_power,exploratory,0.11048852454801938
lab_subject_18,inline_late_vs_no_ad_late,beta_relative_power,exploratory,0.016566063679558554
lab_subject_19,inline_late_vs_no_ad_late,beta_relative_power,exploratory,0.122312786360523
lab_subject_2,inline_late_vs_no_ad_late,beta_relative_power,exploratory,0.09982084365220664
lab_subject_3,inline_late_vs_no_ad_late,beta_relative_power,exploratory,-0.0175120843853612
lab_subject_5,inline_late_vs_no_ad_late,beta_relative_power,exploratory,0.011880380504840304
lab_subject_6,inline_late_vs_no_ad_late,beta_relative_power,exploratory,0.08556848342239756
lab_subject_7,inline_late_vs_no_ad_late,beta_relative_power,exploratory,-0.2836646698436071
lab_subject_8,inline_late_vs_no_ad_late,beta_relative_power,exploratory,-0.14793460895733956
lab_subject_9,inline_late_vs_no_ad_late,beta_relative_power,exploratory,-0.07475988892616035
lab_subject_1,block_late_vs_no_ad_late,beta_relative_power,exploratory,-0.08410996607067975
lab_subject_10,block_late_vs_no_ad_late,beta_relative_power,exploratory,-0.00542846675935324
lab_subject_11,block_late_vs_no_ad_late,beta_relative_power,exploratory,-0.02175583968621861
lab_subject_12,block_late_vs_no_ad_late,beta_relative_power,exploratory,-0.061214380474707175
lab_subject_13,block_late_vs_no_ad_late,beta_relative_power,exploratory,-0.10766161531240956
lab_subject_14,block_late_vs_no_ad_late,beta_relative_power,exploratory,-0.09817826027797241
lab_subject_15,block_late_vs_no_ad_late,beta_relative_power,exploratory,-0.017131838742136904
lab_subject_16,block_late_vs_no_ad_late,beta_relative_power,exploratory,0.007849282943403979
lab_subject_17,block_late_vs_no_ad_late,beta_relative_power,exploratory,0.1268227247383246
lab_subject_18,block_late_vs_no_ad_late,beta_relative_power,exploratory,-0.08871686861761618
lab_subject_19,block_late_vs_no_ad_late,beta_relative_power,exploratory,-0.013347597191200045
lab_subject_2,block_late_vs_no_ad_late,beta_relative_power,exploratory,-0.02561394408457182
lab_subject_3,block_late_vs_no_ad_late,beta_relative_power,exploratory,-0.02795859349468044
lab_subject_5,block_late_vs_no_ad_late,beta_relative_power,exploratory,0.21236437804037583
lab_subject_6,block_late_vs_no_ad_late,beta_relative_power,exploratory,-0.10944562087948473
lab_subject_7,block_late_vs_no_ad_late,beta_relative_power,exploratory,-0.057158415455086486
lab_subject_8,block_late_vs_no_ad_late,beta_relative_power,exploratory,-0.19251884598142588
lab_subject_9,block_late_vs_no_ad_late,beta_relative_power,exploratory,0.11920613569428587
lab_subject_1,any_ad_vs_matched_no_ad,beta_relative_power,exploratory,0.1568590087399291
lab_subject_10,any_ad_vs_matched_no_ad,beta_relative_power,exploratory,-0.06033094836385195
lab_subject_11,any_ad_vs_matched_no_ad,beta_relative_power,exploratory,0.03389069211976729
lab_subject_12,any_ad_vs_matched_no_ad,beta_relative_power,exploratory,0.058424306280414735
lab_subject_13,any_ad_vs_matched_no_ad,beta_relative_power,exploratory,-0.14330369243538874
lab_subject_14,any_ad_vs_matched_no_ad,beta_relative_power,exploratory,-0.04242654493734235
lab_subject_15,any_ad_vs_matched_no_ad,beta_relative_power,exploratory,-0.01412405665354874
lab_subject_16,any_ad_vs_matched_no_ad,beta_relative_power,exploratory,-0.07407842339836965
lab_subject_17,any_ad_vs_matched_no_ad,beta_relative_power,exploratory,0.06965726735134363
lab_subject_18,any_ad_vs_matched_no_ad,beta_relative_power,exploratory,-0.05297878636546584
lab_subject_19,any_ad_vs_matched_no_ad,beta_relative_power,exploratory,0.11170455252685517
lab_subject_2,any_ad_vs_matched_no_ad,beta_relative_power,exploratory,-0.0012265388796809454
lab_subject_3,any_ad_vs_matched_no_ad,beta_relative_power,exploratory,-0.12606404814787658
lab_subject_5,any_ad_vs_matched_no_ad,beta_relative_power,exploratory,0.001599056829611055
lab_subject_6,any_ad_vs_matched_no_ad,beta_relative_power,exploratory,0.011783108889805806
lab_subject_7,any_ad_vs_matched_no_ad,beta_relative_power,exploratory,-0.05782626356389933
lab_subject_8,any_ad_vs_matched_no_ad,beta_relative_power,exploratory,-0.13600493352214352
lab_subject_9,any_ad_vs_matched_no_ad,beta_relative_power,exploratory,0.06687841129949297
lab_subject_1,inline_vs_block,beta_relative_power,exploratory,0.0038767100823636352
lab_subject_10,inline_vs_block,beta_relative_power,exploratory,-0.09165664393049802
lab_subject_11,inline_vs_block,beta_relative_power,exploratory,0.13955203134428867
lab_subject_12,inline_vs_block,beta_relative_power,exploratory,0.00333757052960644
lab_subject_13,inline_vs_block,beta_relative_power,exploratory,0.01907660023193755
lab_subject_14,inline_vs_block,beta_relative_power,exploratory,-0.010151731312632632
lab_subject_15,inline_vs_block,beta_relative_power,exploratory,0.04693205880425815
lab_subject_16,inline_vs_block,beta_relative_power,exploratory,-0.004472952269328881
lab_subject_17,inline_vs_block,beta_relative_power,exploratory,-0.049691783905413706
lab_subject_18,inline_vs_block,beta_relative_power,exploratory,0.01838000990557377
lab_subject_19,inline_vs_block,beta_relative_power,exploratory,0.13464431628391904
lab_subject_2,inline_vs_block,beta_relative_power,exploratory,0.08639576189649595
lab_subject_3,inline_vs_block,beta_relative_power,exploratory,-0.04233274817321307
lab_subject_5,inline_vs_block,beta_relative_power,exploratory,-0.13113594567067516
lab_subject_6,inline_vs_block,beta_relative_power,exploratory,0.00216793079894613
lab_subject_7,inline_vs_block,beta_relative_power,exploratory,-0.07254154094858253
lab_subject_8,inline_vs_block,beta_relative_power,exploratory,0.06966730913184672
lab_subject_9,inline_vs_block,beta_relative_power,exploratory,0.03279630355958118
lab_subject_1,early_vs_late,beta_relative_power,exploratory,0.10745053745994367
lab_subject_10,early_vs_late,beta_relative_power,exploratory,-0.0357551875938086
lab_subject_11,early_vs_late,beta_relative_power,exploratory,-0.022903700900689716
lab_subject_12,early_vs_late,beta_relative_power,exploratory,0.10213056156021803
lab_subject_13,early_vs_late,beta_relative_power,exploratory,0.15616566586287087
lab_subject_14,early_vs_late,beta_relative_power,exploratory,0.06563646169903226
lab_subject_15,early_vs_late,beta_relative_power,exploratory,-0.006910076105828725
lab_subject_16,early_vs_late,beta_relative_power,exploratory,0.1437596094921485
lab_subject_17,early_vs_late,beta_relative_power,exploratory,-0.010129952509260493
lab_subject_18,early_vs_late,beta_relative_power,exploratory,-0.0668073190664367
lab_subject_19,early_vs_late,beta_relative_power,exploratory,-0.053528170664346945
lab_subject_2,early_vs_late,beta_relative_power,exploratory,-0.08652879758675368
lab_subject_3,early_vs_late,beta_relative_power,exploratory,-0.11382545916725074
lab_subject_5,early_vs_late,beta_relative_power,exploratory,-0.07443911452764757
lab_subject_6,early_vs_late,beta_relative_power,exploratory,-0.13193356277877177
lab_subject_7,early_vs_late,beta_relative_power,exploratory,-0.03564237537454698
lab_subject_8,early_vs_late,beta_relative_power,exploratory,0.12889843775990217
lab_subject_9,early_vs_late,beta_relative_power,exploratory,0.016755375063462453
lab_subject_1,format_x_timing,beta_relative_power,exploratory,-0.24460468337992478
lab_subject_10,format_x_timing,beta_relative_power,exploratory,-0.12926322068406326
lab_subject_11,format_x_timing,beta_relative_power,exploratory,-0.10007768804097955
lab_subject_12,format_x_timing,beta_relative_power,exploratory,-0.08743531837028176
lab_subject_13,format_x_timing,beta_relative_power,exploratory,0.14323206974035735
lab_subject_14,format_x_timing,beta_relative_power,exploratory,0.07969941797157849
lab_subject_15,format_x_timing,beta_relative_power,exploratory,-0.04182697211931493
lab_subject_16,format_x_timing,beta_relative_power,exploratory,0.3031051264655203
lab_subject_17,format_x_timing,beta_relative_power,exploratory,-0.06671516743021699
lab_subject_18,format_x_timing,beta_relative_power,exploratory,-0.17380584478320196
lab_subject_19,format_x_timing,beta_relative_power,exploratory,-0.0020321345356079795
lab_subject_2,format_x_timing,beta_relative_power,exploratory,-0.07807805168056502
lab_subject_3,format_x_timing,beta_relative_power,exploratory,-0.10555851456506463
lab_subject_5,format_x_timing,beta_relative_power,exploratory,0.13869610372972074
lab_subject_6,format_x_timing,beta_relative_power,exploratory,-0.38569234700587235
lab_subject_7,format_x_timing,beta_relative_power,exploratory,0.3079294268798762
lab_subject_8,format_x_timing,beta_relative_power,exploratory,0.050166144215520875
lab_subject_9,format_x_timing,beta_relative_power,exploratory,0.4535246563600548
lab_subject_1,inline_early_vs_no_ad_early,gamma_relative_power,exploratory,0.1503734037978463
lab_subject_10,inline_early_vs_no_ad_early,gamma_relative_power,exploratory,-0.02047487322195835
lab_subject_11,inline_early_vs_no_ad_early,gamma_relative_power,exploratory,0.0067781331734955395
lab_subject_12,inline_early_vs_no_ad_early,gamma_relative_power,exploratory,-0.07663705057966788
lab_subject_13,inline_early_vs_no_ad_early,gamma_relative_power,exploratory,0.024930649113153642
lab_subject_14,inline_early_vs_no_ad_early,gamma_relative_power,exploratory,-0.0031304310163673445
lab_subject_15,inline_early_vs_no_ad_early,gamma_relative_power,exploratory,-0.023495203388866927
lab_subject_16,inline_early_vs_no_ad_early,gamma_relative_power,exploratory,-0.052025843802889604
lab_subject_17,inline_early_vs_no_ad_early,gamma_relative_power,exploratory,0.02577810571648273
lab_subject_18,inline_early_vs_no_ad_early,gamma_relative_power,exploratory,-0.05125312038203163
lab_subject_19,inline_early_vs_no_ad_early,gamma_relative_power,exploratory,0.0341474403175458
lab_subject_2,inline_early_vs_no_ad_early,gamma_relative_power,exploratory,0.009332015204381077
lab_subject_3,inline_early_vs_no_ad_early,gamma_relative_power,exploratory,-0.029421266319263645
lab_subject_5,inline_early_vs_no_ad_early,gamma_relative_power,exploratory,0.01375330469083064
lab_subject_6,inline_early_vs_no_ad_early,gamma_relative_power,exploratory,0.12554601020670722
lab_subject_7,inline_early_vs_no_ad_early,gamma_relative_power,exploratory,0.0024389718189456733
lab_subject_8,inline_early_vs_no_ad_early,gamma_relative_power,exploratory,0.008518453792719132
lab_subject_9,inline_early_vs_no_ad_early,gamma_relative_power,exploratory,0.10030480150497753
lab_subject_1,block_early_vs_no_ad_early,gamma_relative_power,exploratory,0.16390094677421066
lab_subject_10,block_early_vs_no_ad_early,gamma_relative_power,exploratory,0.005688202831693145
lab_subject_11,block_early_vs_no_ad_early,gamma_relative_power,exploratory,-0.06915976320975403
lab_subject_12,block_early_vs_no_ad_early,gamma_relative_power,exploratory,-0.028685206699085003
lab_subject_13,block_early_vs_no_ad_early,gamma_relative_power,exploratory,0.019861907023618522
lab_subject_14,block_early_vs_no_ad_early,gamma_relative_power,exploratory,0.01035599201863216
lab_subject_15,block_early_vs_no_ad_early,gamma_relative_power,exploratory,-0.02788081690439303
lab_subject_16,block_early_vs_no_ad_early,gamma_relative_power,exploratory,-0.15317263652687596
lab_subject_17,block_early_vs_no_ad_early,gamma_relative_power,exploratory,0.0320448669669652
lab_subject_18,block_early_vs_no_ad_early,gamma_relative_power,exploratory,0.024541972321946874
lab_subject_19,block_early_vs_no_ad_early,gamma_relative_power,exploratory,0.015569179728169416
lab_subject_2,block_early_vs_no_ad_early,gamma_relative_power,exploratory,-0.03651250752924821
lab_subject_3,block_early_vs_no_ad_early,gamma_relative_power,exploratory,0.013107521621521567
lab_subject_5,block_early_vs_no_ad_early,gamma_relative_power,exploratory,-0.020781585448201908
lab_subject_6,block_early_vs_no_ad_early,gamma_relative_power,exploratory,0.13295458107888833
lab_subject_7,block_early_vs_no_ad_early,gamma_relative_power,exploratory,-0.04900371626002216
lab_subject_8,block_early_vs_no_ad_early,gamma_relative_power,exploratory,-0.011975272618145717
lab_subject_9,block_early_vs_no_ad_early,gamma_relative_power,exploratory,-0.03794962170739771
lab_subject_1,inline_late_vs_no_ad_late,gamma_relative_power,exploratory,0.024019864421171842
lab_subject_10,inline_late_vs_no_ad_late,gamma_relative_power,exploratory,0.020541344361965072
lab_subject_11,inline_late_vs_no_ad_late,gamma_relative_power,exploratory,0.02720931901696993
lab_subject_12,inline_late_vs_no_ad_late,gamma_relative_power,exploratory,0.02516638514374245
lab_subject_13,inline_late_vs_no_ad_late,gamma_relative_power,exploratory,-0.008678561734770843
lab_subject_14,inline_late_vs_no_ad_late,gamma_relative_power,exploratory,-0.10361362830030454
lab_subject_15,inline_late_vs_no_ad_late,gamma_relative_power,exploratory,-0.02135425033702029
lab_subject_16,inline_late_vs_no_ad_late,gamma_relative_power,exploratory,-0.06214144504839221
lab_subject_17,inline_late_vs_no_ad_late,gamma_relative_power,exploratory,0.05591326926364309
lab_subject_18,inline_late_vs_no_ad_late,gamma_relative_power,exploratory,-0.002855276028210091
lab_subject_19,inline_late_vs_no_ad_late,gamma_relative_power,exploratory,0.025802183626984127
lab_subject_2,inline_late_vs_no_ad_late,gamma_relative_power,exploratory,0.0804433252451833
lab_subject_3,inline_late_vs_no_ad_late,gamma_relative_power,exploratory,0.013291712375631051
lab_subject_5,inline_late_vs_no_ad_late,gamma_relative_power,exploratory,-0.07142349733736669
lab_subject_6,inline_late_vs_no_ad_late,gamma_relative_power,exploratory,0.010869824405496269
lab_subject_7,inline_late_vs_no_ad_late,gamma_relative_power,exploratory,-0.1421362693473076
lab_subject_8,inline_late_vs_no_ad_late,gamma_relative_power,exploratory,-0.011803006860394996
lab_subject_9,inline_late_vs_no_ad_late,gamma_relative_power,exploratory,-0.038584666861197534
lab_subject_1,block_late_vs_no_ad_late,gamma_relative_power,exploratory,-0.01508700606803836
lab_subject_10,block_late_vs_no_ad_late,gamma_relative_power,exploratory,0.005938744726163306
lab_subject_11,block_late_vs_no_ad_late,gamma_relative_power,exploratory,-0.014442012370772646
lab_subject_12,block_late_vs_no_ad_late,gamma_relative_power,exploratory,0.021642150413998345
lab_subject_13,block_late_vs_no_ad_late,gamma_relative_power,exploratory,-0.0005274778078390649
lab_subject_14,block_late_vs_no_ad_late,gamma_relative_power,exploratory,-0.02821242569593413
lab_subject_15,block_late_vs_no_ad_late,gamma_relative_power,exploratory,-0.04250780581823625
lab_subject_16,block_late_vs_no_ad_late,gamma_relative_power,exploratory,-0.002809399970460355
lab_subject_17,block_late_vs_no_ad_late,gamma_relative_power,exploratory,0.08053643275615421
lab_subject_18,block_late_vs_no_ad_late,gamma_relative_power,exploratory,-0.04158136629383071
lab_subject_19,block_late_vs_no_ad_late,gamma_relative_power,exploratory,0.0008326986414991487
lab_subject_2,block_late_vs_no_ad_late,gamma_relative_power,exploratory,-0.02708476154373613
lab_subject_3,block_late_vs_no_ad_late,gamma_relative_power,exploratory,0.03210064389235503
lab_subject_5,block_late_vs_no_ad_late,gamma_relative_power,exploratory,0.0848127925346531
lab_subject_6,block_late_vs_no_ad_late,gamma_relative_power,exploratory,-0.0290094843442592
lab_subject_7,block_late_vs_no_ad_late,gamma_relative_power,exploratory,-0.03791065779329793
lab_subject_8,block_late_vs_no_ad_late,gamma_relative_power,exploratory,-0.028614372501805103
lab_subject_9,block_late_vs_no_ad_late,gamma_relative_power,exploratory,0.060317662931728605
lab_subject_1,any_ad_vs_matched_no_ad,gamma_relative_power,exploratory,0.08080180223129761
lab_subject_10,any_ad_vs_matched_no_ad,gamma_relative_power,exploratory,0.0029233546744657935
lab_subject_11,any_ad_vs_matched_no_ad,gamma_relative_power,exploratory,-0.012403580847515305
lab_subject_12,any_ad_vs_matched_no_ad,gamma_relative_power,exploratory,-0.01462843043025302
lab_subject_13,any_ad_vs_matched_no_ad,gamma_relative_power,exploratory,0.008896629148540563
lab_subject_14,any_ad_vs_matched_no_ad,gamma_relative_power,exploratory,-0.031150123248493464
lab_subject_15,any_ad_vs_matched_no_ad,gamma_relative_power,exploratory,-0.028809519112129124
lab_subject_16,any_ad_vs_matched_no_ad,gamma_relative_power,exploratory,-0.06753733133715452
lab_subject_17,any_ad_vs_matched_no_ad,gamma_relative_power,exploratory,0.04856816867581131
lab_subject_18,any_ad_vs_matched_no_ad,gamma_relative_power,exploratory,-0.017786947595531385
lab_subject_19,any_ad_vs_matched_no_ad,gamma_relative_power,exploratory,0.019087875578549622
lab_subject_2,any_ad_vs_matched_no_ad,gamma_relative_power,exploratory,0.006544517844145007
lab_subject_3,any_ad_vs_matched_no_ad,gamma_relative_power,exploratory,0.0072696528925610005
lab_subject_5,any_ad_vs_matched_no_ad,gamma_relative_power,exploratory,0.0015902536099787895
lab_subject_6,any_ad_vs_matched_no_ad,gamma_relative_power,exploratory,0.060090232836708155
lab_subject_7,any_ad_vs_matched_no_ad,gamma_relative_power,exploratory,-0.056652917895420506
lab_subject_8,any_ad_vs_matched_no_ad,gamma_relative_power,exploratory,-0.010968549546906672
lab_subject_9,any_ad_vs_matched_no_ad,gamma_relative_power,exploratory,0.021022043967027722
lab_subject_1,inline_vs_block,gamma_relative_power,exploratory,0.012789663756422927
lab_subject_10,inline_vs_block,gamma_relative_power,exploratory,-0.0057802382089248636
lab_subject_11,inline_vs_block,gamma_relative_power,exploratory,0.05879461388549608
lab_subject_12,inline_vs_block,gamma_relative_power,exploratory,-0.022213804575419382
lab_subject_13,inline_vs_block,gamma_relative_power,exploratory,-0.001541170918698329
lab_subject_14,inline_vs_block,gamma_relative_power,exploratory,-0.04444381281968496
lab_subject_15,inline_vs_block,gamma_relative_power,exploratory,0.012769584498371032
lab_subject_16,inline_vs_block,gamma_relative_power,exploratory,0.020907373823027244
lab_subject_17,inline_vs_block,gamma_relative_power,exploratory,-0.015444962371496802
lab_subject_18,inline_vs_block,gamma_relative_power,exploratory,-0.01853450121917894
lab_subject_19,inline_vs_block,gamma_relative_power,exploratory,0.021773872787430683
lab_subject_2,inline_vs_block,gamma_relative_power,exploratory,0.07668630476127436
lab_subject_3,inline_vs_block,gamma_relative_power,exploratory,-0.030668859728754595
lab_subject_5,inline_vs_block,gamma_relative_power,exploratory,-0.06085069986649362
lab_subject_6,inline_vs_block,gamma_relative_power,exploratory,0.01623536893878718
lab_subject_7,inline_vs_block,gamma_relative_power,exploratory,-0.026391461737520924
lab_subject_8,inline_vs_block,gamma_relative_power,exploratory,0.01865254602613748
lab_subject_9,inline_vs_block,gamma_relative_power,exploratory,0.019676046709724553
lab_subject_1,early_vs_late,gamma_relative_power,exploratory,0.06299708125238174
lab_subject_10,early_vs_late,gamma_relative_power,exploratory,-0.02460744274526807
lab_subject_11,early_vs_late,gamma_relative_power,exploratory,-0.018961914645354273
lab_subject_12,early_vs_late,gamma_relative_power,exploratory,-0.022295308544125467
lab_subject_13,early_vs_late,gamma_relative_power,exploratory,0.05531858381709324
lab_subject_14,early_vs_late,gamma_relative_power,exploratory,0.07011687457388929
lab_subject_15,early_vs_late,gamma_relative_power,exploratory,-0.009438983773634401
lab_subject_16,early_vs_late,gamma_relative_power,exploratory,0.04902366126326512
lab_subject_17,early_vs_late,gamma_relative_power,exploratory,-0.02613421193369903
lab_subject_18,early_vs_late,gamma_relative_power,exploratory,-0.055423244409523606
lab_subject_19,early_vs_late,gamma_relative_power,exploratory,-0.02215203428554899
lab_subject_2,early_vs_late,gamma_relative_power,exploratory,-0.044067458794193715
lab_subject_3,early_vs_late,gamma_relative_power,exploratory,-0.02386071480208803
lab_subject_5,early_vs_late,gamma_relative_power,exploratory,0.03677452492040044
lab_subject_6,early_vs_late,gamma_relative_power,exploratory,-0.010240012347920747
lab_subject_7,early_vs_late,gamma_relative_power,exploratory,-0.0687587978072321
lab_subject_8,early_vs_late,gamma_relative_power,exploratory,0.031699258448353335
lab_subject_9,early_vs_late,gamma_relative_power,exploratory,-0.004853384498749426
lab_subject_1,format_x_timing,gamma_relative_power,exploratory,-0.052634413465574556
lab_subject_10,format_x_timing,gamma_relative_power,exploratory,-0.04076567568945326
lab_subject_11,format_x_timing,gamma_relative_power,exploratory,0.034286564995507
lab_subject_12,format_x_timing,gamma_relative_power,exploratory,-0.05147607861032698
lab_subject_13,format_x_timing,gamma_relative_power,exploratory,0.013219826016466901
lab_subject_14,format_x_timing,gamma_relative_power,exploratory,0.061914779569370915
lab_subject_15,format_x_timing,gamma_relative_power,exploratory,-0.016767941965689863
lab_subject_16,format_x_timing,gamma_relative_power,exploratory,0.16047883780191818
lab_subject_17,format_x_timing,gamma_relative_power,exploratory,0.018356402242028662
lab_subject_18,format_x_timing,gamma_relative_power,exploratory,-0.11452118296959912
lab_subject_19,format_x_timing,gamma_relative_power,exploratory,-0.006391224396108595
lab_subject_2,format_x_timing,gamma_relative_power,exploratory,-0.06168356405529014
lab_subject_3,format_x_timing,gamma_relative_power,exploratory,-0.023719856424061235
lab_subject_5,format_x_timing,gamma_relative_power,exploratory,0.19077118001105234
lab_subject_6,format_x_timing,gamma_relative_power,exploratory,-0.04728787962193658
lab_subject_7,format_x_timing,gamma_relative_power,exploratory,0.1556682996329775
lab_subject_8,format_x_timing,gamma_relative_power,exploratory,0.003682360769454742
lab_subject_9,format_x_timing,gamma_relative_power,exploratory,0.23715675300530137
lab_subject_1,inline_early_vs_no_ad_early,engagement_beta_over_alpha_theta,exploratory,2.3101544780337484
lab_subject_10,inline_early_vs_no_ad_early,engagement_beta_over_alpha_theta,exploratory,-0.36042807249839726
lab_subject_11,inline_early_vs_no_ad_early,engagement_beta_over_alpha_theta,exploratory,0.22129704797786465
lab_subject_12,inline_early_vs_no_ad_early,engagement_beta_over_alpha_theta,exploratory,0.6117288317835355
lab_subject_13,inline_early_vs_no_ad_early,engagement_beta_over_alpha_theta,exploratory,-0.9341570990306031
lab_subject_14,inline_early_vs_no_ad_early,engagement_beta_over_alpha_theta,exploratory,-1.83987261446047
lab_subject_15,inline_early_vs_no_ad_early,engagement_beta_over_alpha_theta,exploratory,-0.6558565733271743
lab_subject_16,inline_early_vs_no_ad_early,engagement_beta_over_alpha_theta,exploratory,0.0479212887683127
lab_subject_17,inline_early_vs_no_ad_early,engagement_beta_over_alpha_theta,exploratory,0.30740885207072044
lab_subject_18,inline_early_vs_no_ad_early,engagement_beta_over_alpha_theta,exploratory,-0.4396611408889034
lab_subject_19,inline_early_vs_no_ad_early,engagement_beta_over_alpha_theta,exploratory,0.6089503586599757
lab_subject_2,inline_early_vs_no_ad_early,engagement_beta_over_alpha_theta,exploratory,1.8079567930776441
lab_subject_3,inline_early_vs_no_ad_early,engagement_beta_over_alpha_theta,exploratory,-0.9446556267169189
lab_subject_5,inline_early_vs_no_ad_early,engagement_beta_over_alpha_theta,exploratory,-1.2615601433607844
lab_subject_6,inline_early_vs_no_ad_early,engagement_beta_over_alpha_theta,exploratory,0.4169468583071211
lab_subject_7,inline_early_vs_no_ad_early,engagement_beta_over_alpha_theta,exploratory,0.17849562063785984
lab_subject_8,inline_early_vs_no_ad_early,engagement_beta_over_alpha_theta,exploratory,-0.3959099134041283
lab_subject_9,inline_early_vs_no_ad_early,engagement_beta_over_alpha_theta,exploratory,0.8487471582832417
lab_subject_1,block_early_vs_no_ad_early,engagement_beta_over_alpha_theta,exploratory,1.9464875778436472
lab_subject_10,block_early_vs_no_ad_early,engagement_beta_over_alpha_theta,exploratory,-0.1598928426817807
lab_subject_11,block_early_vs_no_ad_early,engagement_beta_over_alpha_theta,exploratory,0.3442499634977676
lab_subject_12,block_early_vs_no_ad_early,engagement_beta_over_alpha_theta,exploratory,0.7421891570727541
lab_subject_13,block_early_vs_no_ad_early,engagement_beta_over_alpha_theta,exploratory,-1.4673032017455876
lab_subject_14,block_early_vs_no_ad_early,engagement_beta_over_alpha_theta,exploratory,-1.8786714117956613
lab_subject_15,block_early_vs_no_ad_early,engagement_beta_over_alpha_theta,exploratory,-0.44529420191818714
lab_subject_16,block_early_vs_no_ad_early,engagement_beta_over_alpha_theta,exploratory,-0.6438446863028531
lab_subject_17,block_early_vs_no_ad_early,engagement_beta_over_alpha_theta,exploratory,0.2860715246487884
lab_subject_18,block_early_vs_no_ad_early,engagement_beta_over_alpha_theta,exploratory,-0.1881049786276916
lab_subject_19,block_early_vs_no_ad_early,engagement_beta_over_alpha_theta,exploratory,0.4485591422529729
lab_subject_2,block_early_vs_no_ad_early,engagement_beta_over_alpha_theta,exploratory,-0.5193892890183054
lab_subject_3,block_early_vs_no_ad_early,engagement_beta_over_alpha_theta,exploratory,-1.2233304127568587
lab_subject_5,block_early_vs_no_ad_early,engagement_beta_over_alpha_theta,exploratory,-0.7708049129902024
lab_subject_6,block_early_vs_no_ad_early,engagement_beta_over_alpha_theta,exploratory,0.7277053610694022
lab_subject_7,block_early_vs_no_ad_early,engagement_beta_over_alpha_theta,exploratory,-0.2394710296553637
lab_subject_8,block_early_vs_no_ad_early,engagement_beta_over_alpha_theta,exploratory,-0.9750421756258589
lab_subject_9,block_early_vs_no_ad_early,engagement_beta_over_alpha_theta,exploratory,-0.4410634184634863
lab_subject_1,inline_late_vs_no_ad_late,engagement_beta_over_alpha_theta,exploratory,0.2584055227816824
lab_subject_10,inline_late_vs_no_ad_late,engagement_beta_over_alpha_theta,exploratory,0.036373197355366954
lab_subject_11,inline_late_vs_no_ad_late,engagement_beta_over_alpha_theta,exploratory,0.19289832514567717
lab_subject_12,inline_late_vs_no_ad_late,engagement_beta_over_alpha_theta,exploratory,-0.1349513344644082
lab_subject_13,inline_late_vs_no_ad_late,engagement_beta_over_alpha_theta,exploratory,-0.26590183583855054
lab_subject_14,inline_late_vs_no_ad_late,engagement_beta_over_alpha_theta,exploratory,0.6673550998572044
lab_subject_15,inline_late_vs_no_ad_late,engagement_beta_over_alpha_theta,exploratory,0.03838757726376485
lab_subject_16,inline_late_vs_no_ad_late,engagement_beta_over_alpha_theta,exploratory,-0.5694500562146629
lab_subject_17,inline_late_vs_no_ad_late,engagement_beta_over_alpha_theta,exploratory,0.20485280444817427
lab_subject_18,inline_late_vs_no_ad_late,engagement_beta_over_alpha_theta,exploratory,0.5656961242815732
lab_subject_19,inline_late_vs_no_ad_late,engagement_beta_over_alpha_theta,exploratory,0.5996768627914304
lab_subject_2,inline_late_vs_no_ad_late,engagement_beta_over_alpha_theta,exploratory,0.4149088379594221
lab_subject_3,inline_late_vs_no_ad_late,engagement_beta_over_alpha_theta,exploratory,0.13422458907687462
lab_subject_5,inline_late_vs_no_ad_late,engagement_beta_over_alpha_theta,exploratory,0.6489057763208693
lab_subject_6,inline_late_vs_no_ad_late,engagement_beta_over_alpha_theta,exploratory,0.5370348778764911
lab_subject_7,inline_late_vs_no_ad_late,engagement_beta_over_alpha_theta,exploratory,-1.351737206797981
lab_subject_8,inline_late_vs_no_ad_late,engagement_beta_over_alpha_theta,exploratory,0.008081151673040798
lab_subject_9,inline_late_vs_no_ad_late,engagement_beta_over_alpha_theta,exploratory,0.05514344298437923
lab_subject_1,block_late_vs_no_ad_late,engagement_beta_over_alpha_theta,exploratory,-0.7351940466924625
lab_subject_10,block_late_vs_no_ad_late,engagement_beta_over_alpha_theta,exploratory,0.09221844495122641
lab_subject_11,block_late_vs_no_ad_late,engagement_beta_over_alpha_theta,exploratory,-0.021721334006066795
lab_subject_12,block_late_vs_no_ad_late,engagement_beta_over_alpha_theta,exploratory,-0.10136375469970527
lab_subject_13,block_late_vs_no_ad_late,engagement_beta_over_alpha_theta,exploratory,-0.37752073716490775
lab_subject_14,block_late_vs_no_ad_late,engagement_beta_over_alpha_theta,exploratory,0.25078002254492593
lab_subject_15,block_late_vs_no_ad_late,engagement_beta_over_alpha_theta,exploratory,0.3071853396917263
lab_subject_16,block_late_vs_no_ad_late,engagement_beta_over_alpha_theta,exploratory,0.12948455923748625
lab_subject_17,block_late_vs_no_ad_late,engagement_beta_over_alpha_theta,exploratory,0.2505771610177953
lab_subject_18,block_late_vs_no_ad_late,engagement_beta_over_alpha_theta,exploratory,-0.07772997565502682
lab_subject_19,block_late_vs_no_ad_late,engagement_beta_over_alpha_theta,exploratory,0.09410305773703936
lab_subject_2,block_late_vs_no_ad_late,engagement_beta_over_alpha_theta,exploratory,0.13579479077667644
lab_subject_3,block_late_vs_no_ad_late,engagement_beta_over_alpha_theta,exploratory,0.36988977541140544
lab_subject_5,block_late_vs_no_ad_late,engagement_beta_over_alpha_theta,exploratory,1.03696004074897
lab_subject_6,block_late_vs_no_ad_late,engagement_beta_over_alpha_theta,exploratory,0.013538095789631388
lab_subject_7,block_late_vs_no_ad_late,engagement_beta_over_alpha_theta,exploratory,-0.26118587272331584
lab_subject_8,block_late_vs_no_ad_late,engagement_beta_over_alpha_theta,exploratory,-0.1994406359791734
lab_subject_9,block_late_vs_no_ad_late,engagement_beta_over_alpha_theta,exploratory,0.4789504937845219
lab_subject_1,any_ad_vs_matched_no_ad,engagement_beta_over_alpha_theta,exploratory,0.9449633829916539
lab_subject_10,any_ad_vs_matched_no_ad,engagement_beta_over_alpha_theta,exploratory,-0.09793231821839615
lab_subject_11,any_ad_vs_matched_no_ad,engagement_beta_over_alpha_theta,exploratory,0.18418100065381066
lab_subject_12,any_ad_vs_matched_no_ad,engagement_beta_over_alpha_theta,exploratory,0.279400724923044
lab_subject_13,any_ad_vs_matched_no_ad,engagement_beta_over_alpha_theta,exploratory,-0.7612207184449123
lab_subject_14,any_ad_vs_matched_no_ad,engagement_beta_over_alpha_theta,exploratory,-0.7001022259635002
lab_subject_15,any_ad_vs_matched_no_ad,engagement_beta_over_alpha_theta,exploratory,-0.18889446457246756
lab_subject_16,any_ad_vs_matched_no_ad,engagement_beta_over_alpha_theta,exploratory,-0.25897222362792927
lab_subject_17,any_ad_vs_matched_no_ad,engagement_beta_over_alpha_theta,exploratory,0.2622275855463696
lab_subject_18,any_ad_vs_matched_no_ad,engagement_beta_over_alpha_theta,exploratory,-0.034949992722512147
lab_subject_19,any_ad_vs_matched_no_ad,engagement_beta_over_alpha_theta,exploratory,0.43782235536035463
lab_subject_2,any_ad_vs_matched_no_ad,engagement_beta_over_alpha_theta,exploratory,0.4598177831988593
lab_subject_3,any_ad_vs_matched_no_ad,engagement_beta_over_alpha_theta,exploratory,-0.4159679187463744
lab_subject_5,any_ad_vs_matched_no_ad,engagement_beta_over_alpha_theta,exploratory,-0.08662480982028678
lab_subject_6,any_ad_vs_matched_no_ad,engagement_beta_over_alpha_theta,exploratory,0.4238062982606614
lab_subject_7,any_ad_vs_matched_no_ad,engagement_beta_over_alpha_theta,exploratory,-0.41847462213470016
lab_subject_8,any_ad_vs_matched_no_ad,engagement_beta_over_alpha_theta,exploratory,-0.39057789333403
lab_subject_9,any_ad_vs_matched_no_ad,engagement_beta_over_alpha_theta,exploratory,0.23544441914716413
lab_subject_1,inline_vs_block,engagement_beta_over_alpha_theta,exploratory,0.678633234832123
lab_subject_10,inline_vs_block,engagement_beta_over_alpha_theta,exploratory,-0.12819023870623802
lab_subject_11,inline_vs_block,engagement_beta_over_alpha_theta,exploratory,0.04583337181592051
lab_subject_12,inline_vs_block,engagement_beta_over_alpha_theta,exploratory,-0.08202395252696076
lab_subject_13,inline_vs_block,engagement_beta_over_alpha_theta,exploratory,0.3223825020206709
lab_subject_14,inline_vs_block,engagement_beta_over_alpha_theta,exploratory,0.2276869373237349
lab_subject_15,inline_vs_block,engagement_beta_over_alpha_theta,exploratory,-0.2396800669184743
lab_subject_16,inline_vs_block,engagement_beta_over_alpha_theta,exploratory,-0.0035843201904917077
lab_subject_17,inline_vs_block,engagement_beta_over_alpha_theta,exploratory,-0.012193514573844488
lab_subject_18,inline_vs_block,engagement_beta_over_alpha_theta,exploratory,0.19593496883769412
lab_subject_19,inline_vs_block,engagement_beta_over_alpha_theta,exploratory,0.33298251073069696
lab_subject_2,inline_vs_block,engagement_beta_over_alpha_theta,exploratory,1.3032300646393478
lab_subject_3,inline_vs_block,engagement_beta_over_alpha_theta,exploratory,0.02150479985270448
lab_subject_5,inline_vs_block,engagement_beta_over_alpha_theta,exploratory,-0.43940474739934127
lab_subject_6,inline_vs_block,engagement_beta_over_alpha_theta,exploratory,0.10636913966228928
lab_subject_7,inline_vs_block,engagement_beta_over_alpha_theta,exploratory,-0.33629234189072077
lab_subject_8,inline_vs_block,engagement_beta_over_alpha_theta,exploratory,0.39332702493697236
lab_subject_9,inline_vs_block,engagement_beta_over_alpha_theta,exploratory,0.4330017629732926
lab_subject_1,early_vs_late,engagement_beta_over_alpha_theta,exploratory,0.9315777096950596
lab_subject_10,early_vs_late,engagement_beta_over_alpha_theta,exploratory,-0.07549395362335361
lab_subject_11,early_vs_late,engagement_beta_over_alpha_theta,exploratory,-0.10818562504961049
lab_subject_12,early_vs_late,engagement_beta_over_alpha_theta,exploratory,0.1768398403165638
lab_subject_13,early_vs_late,engagement_beta_over_alpha_theta,exploratory,0.1920172606420058
lab_subject_14,early_vs_late,engagement_beta_over_alpha_theta,exploratory,-0.10599664711309309
lab_subject_15,early_vs_late,engagement_beta_over_alpha_theta,exploratory,-0.4241969539035929
lab_subject_16,early_vs_late,engagement_beta_over_alpha_theta,exploratory,0.7230399388517137
lab_subject_17,early_vs_late,engagement_beta_over_alpha_theta,exploratory,0.11930521344146022
lab_subject_18,early_vs_late,engagement_beta_over_alpha_theta,exploratory,-0.2962136449063033
lab_subject_19,early_vs_late,engagement_beta_over_alpha_theta,exploratory,-0.3820648839759811
lab_subject_2,early_vs_late,engagement_beta_over_alpha_theta,exploratory,1.138952598719758
lab_subject_3,early_vs_late,engagement_beta_over_alpha_theta,exploratory,-1.155990292069158
lab_subject_5,early_vs_late,engagement_beta_over_alpha_theta,exploratory,-0.7046713205732947
lab_subject_6,early_vs_late,engagement_beta_over_alpha_theta,exploratory,0.0323953523140445
lab_subject_7,early_vs_late,engagement_beta_over_alpha_theta,exploratory,-0.9347753755796518
lab_subject_8,early_vs_late,engagement_beta_over_alpha_theta,exploratory,-0.04231211836335941
lab_subject_9,early_vs_late,engagement_beta_over_alpha_theta,exploratory,0.23324736801989832
lab_subject_1,format_x_timing,engagement_beta_over_alpha_theta,exploratory,-0.6299326692840437
lab_subject_10,format_x_timing,engagement_beta_over_alpha_theta,exploratory,-0.1446899822207571
lab_subject_11,format_x_timing,engagement_beta_over_alpha_theta,exploratory,-0.3375725746716469
lab_subject_12,format_x_timing,engagement_beta_over_alpha_theta,exploratory,-0.09687274552451564
lab_subject_13,format_x_timing,engagement_beta_over_alpha_theta,exploratory,0.4215272013886274
lab_subject_14,format_x_timing,engagement_beta_over_alpha_theta,exploratory,-0.3777762799770872
lab_subject_15,format_x_timing,engagement_beta_over_alpha_theta,exploratory,0.05823539101897429
lab_subject_16,format_x_timing,engagement_beta_over_alpha_theta,exploratory,1.390700590523315
lab_subject_17,format_x_timing,engagement_beta_over_alpha_theta,exploratory,0.0670616839915531
lab_subject_18,format_x_timing,engagement_beta_over_alpha_theta,exploratory,-0.8949822621978119
lab_subject_19,format_x_timing,engagement_beta_over_alpha_theta,exploratory,-0.3451825886473883
lab_subject_2,format_x_timing,engagement_beta_over_alpha_theta,exploratory,2.0482320349132035
lab_subject_3,format_x_timing,engagement_beta_over_alpha_theta,exploratory,0.5143399723744707
lab_subject_5,format_x_timing,engagement_beta_over_alpha_theta,exploratory,-0.10270096594248124
lab_subject_6,format_x_timing,engagement_beta_over_alpha_theta,exploratory,-0.8342552848491408
lab_subject_7,format_x_timing,engagement_beta_over_alpha_theta,exploratory,1.5085179843678886
lab_subject_8,format_x_timing,engagement_beta_over_alpha_theta,exploratory,0.37161047456951646
lab_subject_9,format_x_timing,engagement_beta_over_alpha_theta,exploratory,1.7136176275468706
lab_subject_1,inline_early_vs_no_ad_early,engagement_pope_frontocentral_beta_over_alpha_theta,exploratory,2.9774673262248044
lab_subject_10,inline_early_vs_no_ad_early,engagement_pope_frontocentral_beta_over_alpha_theta,exploratory,-0.14268938653790414
lab_subject_11,inline_early_vs_no_ad_early,engagement_pope_frontocentral_beta_over_alpha_theta,exploratory,0.016857595271920656
lab_subject_12,inline_early_vs_no_ad_early,engagement_pope_frontocentral_beta_over_alpha_theta,exploratory,0.24953151225733927
lab_subject_13,inline_early_vs_no_ad_early,engagement_pope_frontocentral_beta_over_alpha_theta,exploratory,-0.7471315097425112
lab_subject_14,inline_early_vs_no_ad_early,engagement_pope_frontocentral_beta_over_alpha_theta,exploratory,0.13989601958068354
lab_subject_15,inline_early_vs_no_ad_early,engagement_pope_frontocentral_beta_over_alpha_theta,exploratory,-0.5404920434258118
lab_subject_16,inline_early_vs_no_ad_early,engagement_pope_frontocentral_beta_over_alpha_theta,exploratory,0.6707485667490493
lab_subject_17,inline_early_vs_no_ad_early,engagement_pope_frontocentral_beta_over_alpha_theta,exploratory,0.8725564800670615
lab_subject_18,inline_early_vs_no_ad_early,engagement_pope_frontocentral_beta_over_alpha_theta,exploratory,0.13996877332196422
lab_subject_19,inline_early_vs_no_ad_early,engagement_pope_frontocentral_beta_over_alpha_theta,exploratory,0.8526978641847627
lab_subject_2,inline_early_vs_no_ad_early,engagement_pope_frontocentral_beta_over_alpha_theta,exploratory,2.1599506245578777
lab_subject_3,inline_early_vs_no_ad_early,engagement_pope_frontocentral_beta_over_alpha_theta,exploratory,-1.3822952119929233
lab_subject_5,inline_early_vs_no_ad_early,engagement_pope_frontocentral_beta_over_alpha_theta,exploratory,-1.5914367615051508
lab_subject_6,inline_early_vs_no_ad_early,engagement_pope_frontocentral_beta_over_alpha_theta,exploratory,0.2581656263746098
lab_subject_7,inline_early_vs_no_ad_early,engagement_pope_frontocentral_beta_over_alpha_theta,exploratory,0.27001306085324417
lab_subject_8,inline_early_vs_no_ad_early,engagement_pope_frontocentral_beta_over_alpha_theta,exploratory,-0.6100300554643188
lab_subject_9,inline_early_vs_no_ad_early,engagement_pope_frontocentral_beta_over_alpha_theta,exploratory,0.5812497447666684
lab_subject_1,block_early_vs_no_ad_early,engagement_pope_frontocentral_beta_over_alpha_theta,exploratory,2.693022353361496
lab_subject_10,block_early_vs_no_ad_early,engagement_pope_frontocentral_beta_over_alpha_theta,exploratory,-0.06564453600900205
lab_subject_11,block_early_vs_no_ad_early,engagement_pope_frontocentral_beta_over_alpha_theta,exploratory,0.2949537594618834
lab_subject_12,block_early_vs_no_ad_early,engagement_pope_frontocentral_beta_over_alpha_theta,exploratory,0.633779396398065
lab_subject_13,block_early_vs_no_ad_early,engagement_pope_frontocentral_beta_over_alpha_theta,exploratory,-1.3320764160823046
lab_subject_14,block_early_vs_no_ad_early,engagement_pope_frontocentral_beta_over_alpha_theta,exploratory,-0.16273775836410476
lab_subject_15,block_early_vs_no_ad_early,engagement_pope_frontocentral_beta_over_alpha_theta,exploratory,-0.20180324596152677
lab_subject_16,block_early_vs_no_ad_early,engagement_pope_frontocentral_beta_over_alpha_theta,exploratory,0.635471801309844
lab_subject_17,block_early_vs_no_ad_early,engagement_pope_frontocentral_beta_over_alpha_theta,exploratory,0.463086412189438
lab_subject_18,block_early_vs_no_ad_early,engagement_pope_frontocentral_beta_over_alpha_theta,exploratory,0.41036007254596896
lab_subject_19,block_early_vs_no_ad_early,engagement_pope_frontocentral_beta_over_alpha_theta,exploratory,1.0576181150836312
lab_subject_2,block_early_vs_no_ad_early,engagement_pope_frontocentral_beta_over_alpha_theta,exploratory,0.25205493328470574
lab_subject_3,block_early_vs_no_ad_early,engagement_pope_frontocentral_beta_over_alpha_theta,exploratory,-1.6148650580710568
lab_subject_5,block_early_vs_no_ad_early,engagement_pope_frontocentral_beta_over_alpha_theta,exploratory,-1.009852057259888
lab_subject_6,block_early_vs_no_ad_early,engagement_pope_frontocentral_beta_over_alpha_theta,exploratory,0.14051136993445035
lab_subject_7,block_early_vs_no_ad_early,engagement_pope_frontocentral_beta_over_alpha_theta,exploratory,-0.5492428975025897
lab_subject_8,block_early_vs_no_ad_early,engagement_pope_frontocentral_beta_over_alpha_theta,exploratory,-0.9592193639242194
lab_subject_9,block_early_vs_no_ad_early,engagement_pope_frontocentral_beta_over_alpha_theta,exploratory,-0.5382439646067441
lab_subject_1,inline_late_vs_no_ad_late,engagement_pope_frontocentral_beta_over_alpha_theta,exploratory,0.1310188969743291
lab_subject_10,inline_late_vs_no_ad_late,engagement_pope_frontocentral_beta_over_alpha_theta,exploratory,0.21173784213268648
lab_subject_11,inline_late_vs_no_ad_late,engagement_pope_frontocentral_beta_over_alpha_theta,exploratory,0.22365062179735162
lab_subject_12,inline_late_vs_no_ad_late,engagement_pope_frontocentral_beta_over_alpha_theta,exploratory,0.037508325382245356
lab_subject_13,inline_late_vs_no_ad_late,engagement_pope_frontocentral_beta_over_alpha_theta,exploratory,-0.19356755386873514
lab_subject_14,inline_late_vs_no_ad_late,engagement_pope_frontocentral_beta_over_alpha_theta,exploratory,0.5848250793134027
lab_subject_15,inline_late_vs_no_ad_late,engagement_pope_frontocentral_beta_over_alpha_theta,exploratory,0.06790385609604882
lab_subject_16,inline_late_vs_no_ad_late,engagement_pope_frontocentral_beta_over_alpha_theta,exploratory,-0.44825431060243304
lab_subject_17,inline_late_vs_no_ad_late,engagement_pope_frontocentral_beta_over_alpha_theta,exploratory,1.0697368348648726
lab_subject_18,inline_late_vs_no_ad_late,engagement_pope_frontocentral_beta_over_alpha_theta,exploratory,0.41559006253630976
lab_subject_19,inline_late_vs_no_ad_late,engagement_pope_frontocentral_beta_over_alpha_theta,exploratory,0.45595871176615027
lab_subject_2,inline_late_vs_no_ad_late,engagement_pope_frontocentral_beta_over_alpha_theta,exploratory,0.5164921817838805
lab_subject_3,inline_late_vs_no_ad_late,engagement_pope_frontocentral_beta_over_alpha_theta,exploratory,0.048481336554166976
lab_subject_5,inline_late_vs_no_ad_late,engagement_pope_frontocentral_beta_over_alpha_theta,exploratory,0.7858690333752166
lab_subject_6,inline_late_vs_no_ad_late,engagement_pope_frontocentral_beta_over_alpha_theta,exploratory,0.36000912096823207
lab_subject_7,inline_late_vs_no_ad_late,engagement_pope_frontocentral_beta_over_alpha_theta,exploratory,-2.4317959854495497
lab_subject_8,inline_late_vs_no_ad_late,engagement_pope_frontocentral_beta_over_alpha_theta,exploratory,-0.03929942564852684
lab_subject_9,inline_late_vs_no_ad_late,engagement_pope_frontocentral_beta_over_alpha_theta,exploratory,0.18545531085082845
lab_subject_1,block_late_vs_no_ad_late,engagement_pope_frontocentral_beta_over_alpha_theta,exploratory,-0.23567330929514707
lab_subject_10,block_late_vs_no_ad_late,engagement_pope_frontocentral_beta_over_alpha_theta,exploratory,0.11198645839080064
lab_subject_11,block_late_vs_no_ad_late,engagement_pope_frontocentral_beta_over_alpha_theta,exploratory,0.06186520826924913
lab_subject_12,block_late_vs_no_ad_late,engagement_pope_frontocentral_beta_over_alpha_theta,exploratory,0.24969563396602196
lab_subject_13,block_late_vs_no_ad_late,engagement_pope_frontocentral_beta_over_alpha_theta,exploratory,-0.4022703747313724
lab_subject_14,block_late_vs_no_ad_late,engagement_pope_frontocentral_beta_over_alpha_theta,exploratory,-0.2581148954509572
lab_subject_15,block_late_vs_no_ad_late,engagement_pope_frontocentral_beta_over_alpha_theta,exploratory,0.1927585286015583
lab_subject_16,block_late_vs_no_ad_late,engagement_pope_frontocentral_beta_over_alpha_theta,exploratory,0.3873977339343142
lab_subject_17,block_late_vs_no_ad_late,engagement_pope_frontocentral_beta_over_alpha_theta,exploratory,0.6576872153391968
lab_subject_18,block_late_vs_no_ad_late,engagement_pope_frontocentral_beta_over_alpha_theta,exploratory,-0.39444477966165603
lab_subject_19,block_late_vs_no_ad_late,engagement_pope_frontocentral_beta_over_alpha_theta,exploratory,0.2741201104069844
lab_subject_2,block_late_vs_no_ad_late,engagement_pope_frontocentral_beta_over_alpha_theta,exploratory,-0.10432926882312876
lab_subject_3,block_late_vs_no_ad_late,engagement_pope_frontocentral_beta_over_alpha_theta,exploratory,0.44733023044716846
lab_subject_5,block_late_vs_no_ad_late,engagement_pope_frontocentral_beta_over_alpha_theta,exploratory,1.0563091263373656
lab_subject_6,block_late_vs_no_ad_late,engagement_pope_frontocentral_beta_over_alpha_theta,exploratory,-0.01445301786190789
lab_subject_7,block_late_vs_no_ad_late,engagement_pope_frontocentral_beta_over_alpha_theta,exploratory,-0.48474851626656623
lab_subject_8,block_late_vs_no_ad_late,engagement_pope_frontocentral_beta_over_alpha_theta,exploratory,-0.27480305009824546
lab_subject_9,block_late_vs_no_ad_late,engagement_pope_frontocentral_beta_over_alpha_theta,exploratory,0.9506766663560048
lab_subject_1,any_ad_vs_matched_no_ad,engagement_pope_frontocentral_beta_over_alpha_theta,exploratory,1.3914588168163706
lab_subject_10,any_ad_vs_matched_no_ad,engagement_pope_frontocentral_beta_over_alpha_theta,exploratory,0.028847594494145236
lab_subject_11,any_ad_vs_matched_no_ad,engagement_pope_frontocentral_beta_over_alpha_theta,exploratory,0.1493317962001012
lab_subject_12,any_ad_vs_matched_no_ad,engagement_pope_frontocentral_beta_over_alpha_theta,exploratory,0.29262871700091797
lab_subject_13,any_ad_vs_matched_no_ad,engagement_pope_frontocentral_beta_over_alpha_theta,exploratory,-0.6687614636062309
lab_subject_14,any_ad_vs_matched_no_ad,engagement_pope_frontocentral_beta_over_alpha_theta,exploratory,0.07596711126975605
lab_subject_15,any_ad_vs_matched_no_ad,engagement_pope_frontocentral_beta_over_alpha_theta,exploratory,-0.12040822617243288
lab_subject_16,any_ad_vs_matched_no_ad,engagement_pope_frontocentral_beta_over_alpha_theta,exploratory,0.3113409478476936
lab_subject_17,any_ad_vs_matched_no_ad,engagement_pope_frontocentral_beta_over_alpha_theta,exploratory,0.7657667356151423
lab_subject_18,any_ad_vs_matched_no_ad,engagement_pope_frontocentral_beta_over_alpha_theta,exploratory,0.14286853218564677
lab_subject_19,any_ad_vs_matched_no_ad,engagement_pope_frontocentral_beta_over_alpha_theta,exploratory,0.6600987003603821
lab_subject_2,any_ad_vs_matched_no_ad,engagement_pope_frontocentral_beta_over_alpha_theta,exploratory,0.7060421177008336
lab_subject_3,any_ad_vs_matched_no_ad,engagement_pope_frontocentral_beta_over_alpha_theta,exploratory,-0.6253371757656612
lab_subject_5,any_ad_vs_matched_no_ad,engagement_pope_frontocentral_beta_over_alpha_theta,exploratory,-0.18977766476311406
lab_subject_6,any_ad_vs_matched_no_ad,engagement_pope_frontocentral_beta_over_alpha_theta,exploratory,0.1860582748538461
lab_subject_7,any_ad_vs_matched_no_ad,engagement_pope_frontocentral_beta_over_alpha_theta,exploratory,-0.7989435845913653
lab_subject_8,any_ad_vs_matched_no_ad,engagement_pope_frontocentral_beta_over_alpha_theta,exploratory,-0.47083797378382763
lab_subject_9,any_ad_vs_matched_no_ad,engagement_pope_frontocentral_beta_over_alpha_theta,exploratory,0.2947844393416894
lab_subject_1,inline_vs_block,engagement_pope_frontocentral_beta_over_alpha_theta,exploratory,0.3255685895663921
lab_subject_10,inline_vs_block,engagement_pope_frontocentral_beta_over_alpha_theta,exploratory,0.011353266606491885
lab_subject_11,inline_vs_block,engagement_pope_frontocentral_beta_over_alpha_theta,exploratory,-0.058155375330930126
lab_subject_12,inline_vs_block,engagement_pope_frontocentral_beta_over_alpha_theta,exploratory,-0.2982175963622512
lab_subject_13,inline_vs_block,engagement_pope_frontocentral_beta_over_alpha_theta,exploratory,0.39682386360121535
lab_subject_14,inline_vs_block,engagement_pope_frontocentral_beta_over_alpha_theta,exploratory,0.572786876354574
lab_subject_15,inline_vs_block,engagement_pope_frontocentral_beta_over_alpha_theta,exploratory,-0.23177173498489725
lab_subject_16,inline_vs_block,engagement_pope_frontocentral_beta_over_alpha_theta,exploratory,-0.400187639548771
lab_subject_17,inline_vs_block,engagement_pope_frontocentral_beta_over_alpha_theta,exploratory,0.4107598437016497
lab_subject_18,inline_vs_block,engagement_pope_frontocentral_beta_over_alpha_theta,exploratory,0.2698217714869805
lab_subject_19,inline_vs_block,engagement_pope_frontocentral_beta_over_alpha_theta,exploratory,-0.011540824769851299
lab_subject_2,inline_vs_block,engagement_pope_frontocentral_beta_over_alpha_theta,exploratory,1.2643585709400904
lab_subject_3,inline_vs_block,engagement_pope_frontocentral_beta_over_alpha_theta,exploratory,-0.08313952390743401
lab_subject_5,inline_vs_block,engagement_pope_frontocentral_beta_over_alpha_theta,exploratory,-0.426012398603706
lab_subject_6,inline_vs_block,engagement_pope_frontocentral_beta_over_alpha_theta,exploratory,0.2460581976351497
lab_subject_7,inline_vs_block,engagement_pope_frontocentral_beta_over_alpha_theta,exploratory,-0.5638957554135748
lab_subject_8,inline_vs_block,engagement_pope_frontocentral_beta_over_alpha_theta,exploratory,0.29234646645480955
lab_subject_9,inline_vs_block,engagement_pope_frontocentral_beta_over_alpha_theta,exploratory,0.17713617693411804
lab_subject_1,early_vs_late,engagement_pope_frontocentral_beta_over_alpha_theta,exploratory,0.9594280907932079
lab_subject_10,early_vs_late,engagement_pope_frontocentral_beta_over_alpha_theta,exploratory,-0.024948224696744792
lab_subject_11,early_vs_late,engagement_pope_frontocentral_beta_over_alpha_theta,exploratory,-0.11845476003278127
lab_subject_12,early_vs_late,engagement_pope_frontocentral_beta_over_alpha_theta,exploratory,-0.00350488676359198
lab_subject_13,early_vs_late,engagement_pope_frontocentral_beta_over_alpha_theta,exploratory,-0.04952553325859099
lab_subject_14,early_vs_late,engagement_pope_frontocentral_beta_over_alpha_theta,exploratory,-0.2136977554594956
lab_subject_15,early_vs_late,engagement_pope_frontocentral_beta_over_alpha_theta,exploratory,-0.2777089716113815
lab_subject_16,early_vs_late,engagement_pope_frontocentral_beta_over_alpha_theta,exploratory,1.0330590160819173
lab_subject_17,early_vs_late,engagement_pope_frontocentral_beta_over_alpha_theta,exploratory,0.1516397683336021
lab_subject_18,early_vs_late,engagement_pope_frontocentral_beta_over_alpha_theta,exploratory,-0.14185736534114313
lab_subject_19,early_vs_late,engagement_pope_frontocentral_beta_over_alpha_theta,exploratory,-0.5162627287549759
lab_subject_2,early_vs_late,engagement_pope_frontocentral_beta_over_alpha_theta,exploratory,0.936073366599792
lab_subject_3,early_vs_late,engagement_pope_frontocentral_beta_over_alpha_theta,exploratory,-1.1661938372499103
lab_subject_5,early_vs_late,engagement_pope_frontocentral_beta_over_alpha_theta,exploratory,-0.9590342849566849
lab_subject_6,early_vs_late,engagement_pope_frontocentral_beta_over_alpha_theta,exploratory,-0.25206456324032
lab_subject_7,early_vs_late,engagement_pope_frontocentral_beta_over_alpha_theta,exploratory,-0.6535351921064905
lab_subject_8,early_vs_late,engagement_pope_frontocentral_beta_over_alpha_theta,exploratory,-0.10708579591674922
lab_subject_9,early_vs_late,engagement_pope_frontocentral_beta_over_alpha_theta,exploratory,-0.09101272668604615
lab_subject_1,format_x_timing,engagement_pope_frontocentral_beta_over_alpha_theta,exploratory,-0.08224723340616813
lab_subject_10,format_x_timing,engagement_pope_frontocentral_beta_over_alpha_theta,exploratory,-0.17679623427078794
lab_subject_11,format_x_timing,engagement_pope_frontocentral_beta_over_alpha_theta,exploratory,-0.43988157771806524
lab_subject_12,format_x_timing,engagement_pope_frontocentral_beta_over_alpha_theta,exploratory,-0.17206057555694915
lab_subject_13,format_x_timing,engagement_pope_frontocentral_beta_over_alpha_theta,exploratory,0.3762420854771562
lab_subject_14,format_x_timing,engagement_pope_frontocentral_beta_over_alpha_theta,exploratory,-0.5403061968195716
lab_subject_15,format_x_timing,engagement_pope_frontocentral_beta_over_alpha_theta,exploratory,-0.21383412495877557
lab_subject_16,format_x_timing,engagement_pope_frontocentral_beta_over_alpha_theta,exploratory,0.8709288099759523
lab_subject_17,format_x_timing,engagement_pope_frontocentral_beta_over_alpha_theta,exploratory,-0.0025795516480523473
lab_subject_18,format_x_timing,engagement_pope_frontocentral_beta_over_alpha_theta,exploratory,-1.0804261414219705
lab_subject_19,format_x_timing,engagement_pope_frontocentral_beta_over_alpha_theta,exploratory,-0.38675885225803436
lab_subject_2,format_x_timing,engagement_pope_frontocentral_beta_over_alpha_theta,exploratory,1.2870742406661626
lab_subject_3,format_x_timing,engagement_pope_frontocentral_beta_over_alpha_theta,exploratory,0.631418739971135
lab_subject_5,format_x_timing,engagement_pope_frontocentral_beta_over_alpha_theta,exploratory,-0.31114461128311366
lab_subject_6,format_x_timing,engagement_pope_frontocentral_beta_over_alpha_theta,exploratory,-0.2568078823899805
lab_subject_7,format_x_timing,engagement_pope_frontocentral_beta_over_alpha_theta,exploratory,2.7663034275388174
lab_subject_8,format_x_timing,engagement_pope_frontocentral_beta_over_alpha_theta,exploratory,0.11368568401018198
lab_subject_9,format_x_timing,engagement_pope_frontocentral_beta_over_alpha_theta,exploratory,1.8847150648785886
lab_subject_1,inline_early_vs_no_ad_early,engagement_kislov_central_beta16_24_over_alpha8_12,exploratory,4.495904976221388
lab_subject_10,inline_early_vs_no_ad_early,engagement_kislov_central_beta16_24_over_alpha8_12,exploratory,1.1326664392087604
lab_subject_11,inline_early_vs_no_ad_early,engagement_kislov_central_beta16_24_over_alpha8_12,exploratory,0.5516806308543774
lab_subject_12,inline_early_vs_no_ad_early,engagement_kislov_central_beta16_24_over_alpha8_12,exploratory,0.8907615768302894
lab_subject_13,inline_early_vs_no_ad_early,engagement_kislov_central_beta16_24_over_alpha8_12,exploratory,-2.3623432279621612
lab_subject_14,inline_early_vs_no_ad_early,engagement_kislov_central_beta16_24_over_alpha8_12,exploratory,-3.1336089932973805
lab_subject_15,inline_early_vs_no_ad_early,engagement_kislov_central_beta16_24_over_alpha8_12,exploratory,-2.9695259061875103
lab_subject_16,inline_early_vs_no_ad_early,engagement_kislov_central_beta16_24_over_alpha8_12,exploratory,-2.0496636778666035
lab_subject_17,inline_early_vs_no_ad_early,engagement_kislov_central_beta16_24_over_alpha8_12,exploratory,-0.8169914668066096
lab_subject_18,inline_early_vs_no_ad_early,engagement_kislov_central_beta16_24_over_alpha8_12,exploratory,0.2362990251031829
lab_subject_19,inline_early_vs_no_ad_early,engagement_kislov_central_beta16_24_over_alpha8_12,exploratory,1.0673918453931852
lab_subject_2,inline_early_vs_no_ad_early,engagement_kislov_central_beta16_24_over_alpha8_12,exploratory,6.639739025574019
lab_subject_3,inline_early_vs_no_ad_early,engagement_kislov_central_beta16_24_over_alpha8_12,exploratory,-2.431560973883031
lab_subject_5,inline_early_vs_no_ad_early,engagement_kislov_central_beta16_24_over_alpha8_12,exploratory,-0.9661882858157513
lab_subject_6,inline_early_vs_no_ad_early,engagement_kislov_central_beta16_24_over_alpha8_12,exploratory,0.12178840660945855
lab_subject_7,inline_early_vs_no_ad_early,engagement_kislov_central_beta16_24_over_alpha8_12,exploratory,-3.8366392874911583
lab_subject_8,inline_early_vs_no_ad_early,engagement_kislov_central_beta16_24_over_alpha8_12,exploratory,-1.9867171736392226
lab_subject_9,inline_early_vs_no_ad_early,engagement_kislov_central_beta16_24_over_alpha8_12,exploratory,0.2889174809589461
lab_subject_1,block_early_vs_no_ad_early,engagement_kislov_central_beta16_24_over_alpha8_12,exploratory,5.666904579167109
lab_subject_10,block_early_vs_no_ad_early,engagement_kislov_central_beta16_24_over_alpha8_12,exploratory,1.0008737989369778
lab_subject_11,block_early_vs_no_ad_early,engagement_kislov_central_beta16_24_over_alpha8_12,exploratory,0.5239479104654198
lab_subject_12,block_early_vs_no_ad_early,engagement_kislov_central_beta16_24_over_alpha8_12,exploratory,0.7195802147982469
lab_subject_13,block_early_vs_no_ad_early,engagement_kislov_central_beta16_24_over_alpha8_12,exploratory,-4.18904928616905
lab_subject_14,block_early_vs_no_ad_early,engagement_kislov_central_beta16_24_over_alpha8_12,exploratory,-3.313899060487167
lab_subject_15,block_early_vs_no_ad_early,engagement_kislov_central_beta16_24_over_alpha8_12,exploratory,-0.935353382970441
lab_subject_16,block_early_vs_no_ad_early,engagement_kislov_central_beta16_24_over_alpha8_12,exploratory,-0.8110441177209475
lab_subject_17,block_early_vs_no_ad_early,engagement_kislov_central_beta16_24_over_alpha8_12,exploratory,-0.053136128906662056
lab_subject_18,block_early_vs_no_ad_early,engagement_kislov_central_beta16_24_over_alpha8_12,exploratory,2.6108448117637586
lab_subject_19,block_early_vs_no_ad_early,engagement_kislov_central_beta16_24_over_alpha8_12,exploratory,1.6891844034011485
lab_subject_2,block_early_vs_no_ad_early,engagement_kislov_central_beta16_24_over_alpha8_12,exploratory,-0.08009177120801336
lab_subject_3,block_early_vs_no_ad_early,engagement_kislov_central_beta16_24_over_alpha8_12,exploratory,-1.2334565280204226
lab_subject_5,block_early_vs_no_ad_early,engagement_kislov_central_beta16_24_over_alpha8_12,exploratory,-1.1574331195816292
lab_subject_6,block_early_vs_no_ad_early,engagement_kislov_central_beta16_24_over_alpha8_12,exploratory,0.8250198077974251
lab_subject_7,block_early_vs_no_ad_early,engagement_kislov_central_beta16_24_over_alpha8_12,exploratory,-2.890099350654127
lab_subject_8,block_early_vs_no_ad_early,engagement_kislov_central_beta16_24_over_alpha8_12,exploratory,-0.9436507920712318
lab_subject_9,block_early_vs_no_ad_early,engagement_kislov_central_beta16_24_over_alpha8_12,exploratory,0.27101998359683344
lab_subject_1,inline_late_vs_no_ad_late,engagement_kislov_central_beta16_24_over_alpha8_12,exploratory,3.0020362383929795
lab_subject_10,inline_late_vs_no_ad_late,engagement_kislov_central_beta16_24_over_alpha8_12,exploratory,0.07324735343741565
lab_subject_11,inline_late_vs_no_ad_late,engagement_kislov_central_beta16_24_over_alpha8_12,exploratory,0.2478421330192136
lab_subject_12,inline_late_vs_no_ad_late,engagement_kislov_central_beta16_24_over_alpha8_12,exploratory,0.3746435074529264
lab_subject_13,inline_late_vs_no_ad_late,engagement_kislov_central_beta16_24_over_alpha8_12,exploratory,0.47124556396870554
lab_subject_14,inline_late_vs_no_ad_late,engagement_kislov_central_beta16_24_over_alpha8_12,exploratory,0.5140110526259705
lab_subject_15,inline_late_vs_no_ad_late,engagement_kislov_central_beta16_24_over_alpha8_12,exploratory,-0.650072273278556
lab_subject_16,inline_late_vs_no_ad_late,engagement_kislov_central_beta16_24_over_alpha8_12,exploratory,1.7422555767999277
lab_subject_17,inline_late_vs_no_ad_late,engagement_kislov_central_beta16_24_over_alpha8_12,exploratory,-0.16493601736475683
lab_subject_18,inline_late_vs_no_ad_late,engagement_kislov_central_beta16_24_over_alpha8_12,exploratory,0.5611506583577546
lab_subject_19,inline_late_vs_no_ad_late,engagement_kislov_central_beta16_24_over_alpha8_12,exploratory,0.20781864080074697
lab_subject_2,inline_late_vs_no_ad_late,engagement_kislov_central_beta16_24_over_alpha8_12,exploratory,0.09230060705064491
lab_subject_3,inline_late_vs_no_ad_late,engagement_kislov_central_beta16_24_over_alpha8_12,exploratory,2.6592094460788482
lab_subject_5,inline_late_vs_no_ad_late,engagement_kislov_central_beta16_24_over_alpha8_12,exploratory,1.2568288121759608
lab_subject_6,inline_late_vs_no_ad_late,engagement_kislov_central_beta16_24_over_alpha8_12,exploratory,-0.811961596524315
lab_subject_7,inline_late_vs_no_ad_late,engagement_kislov_central_beta16_24_over_alpha8_12,exploratory,-1.6386393904523269
lab_subject_8,inline_late_vs_no_ad_late,engagement_kislov_central_beta16_24_over_alpha8_12,exploratory,0.9537531175959256
lab_subject_9,inline_late_vs_no_ad_late,engagement_kislov_central_beta16_24_over_alpha8_12,exploratory,0.08242778243580218
lab_subject_1,block_late_vs_no_ad_late,engagement_kislov_central_beta16_24_over_alpha8_12,exploratory,3.6123772601836026
lab_subject_10,block_late_vs_no_ad_late,engagement_kislov_central_beta16_24_over_alpha8_12,exploratory,0.22045238947194015
lab_subject_11,block_late_vs_no_ad_late,engagement_kislov_central_beta16_24_over_alpha8_12,exploratory,0.9974851490280581
lab_subject_12,block_late_vs_no_ad_late,engagement_kislov_central_beta16_24_over_alpha8_12,exploratory,0.8451525735412735
lab_subject_13,block_late_vs_no_ad_late,engagement_kislov_central_beta16_24_over_alpha8_12,exploratory,0.6100473037172888
lab_subject_14,block_late_vs_no_ad_late,engagement_kislov_central_beta16_24_over_alpha8_12,exploratory,0.746125090320082
lab_subject_15,block_late_vs_no_ad_late,engagement_kislov_central_beta16_24_over_alpha8_12,exploratory,0.0353865620454914
lab_subject_16,block_late_vs_no_ad_late,engagement_kislov_central_beta16_24_over_alpha8_12,exploratory,2.175729354074206
lab_subject_17,block_late_vs_no_ad_late,engagement_kislov_central_beta16_24_over_alpha8_12,exploratory,0.015653304273150204
lab_subject_18,block_late_vs_no_ad_late,engagement_kislov_central_beta16_24_over_alpha8_12,exploratory,-0.4895750975744406
lab_subject_19,block_late_vs_no_ad_late,engagement_kislov_central_beta16_24_over_alpha8_12,exploratory,0.6547030071050093
lab_subject_2,block_late_vs_no_ad_late,engagement_kislov_central_beta16_24_over_alpha8_12,exploratory,-0.4108907594555735
lab_subject_3,block_late_vs_no_ad_late,engagement_kislov_central_beta16_24_over_alpha8_12,exploratory,2.655954274902757
lab_subject_5,block_late_vs_no_ad_late,engagement_kislov_central_beta16_24_over_alpha8_12,exploratory,1.952625977188376
lab_subject_6,block_late_vs_no_ad_late,engagement_kislov_central_beta16_24_over_alpha8_12,exploratory,-2.043669823497507
lab_subject_7,block_late_vs_no_ad_late,engagement_kislov_central_beta16_24_over_alpha8_12,exploratory,-2.094912472104284
lab_subject_8,block_late_vs_no_ad_late,engagement_kislov_central_beta16_24_over_alpha8_12,exploratory,1.6585184909497086
lab_subject_9,block_late_vs_no_ad_late,engagement_kislov_central_beta16_24_over_alpha8_12,exploratory,0.20424495615180094
lab_subject_1,any_ad_vs_matched_no_ad,engagement_kislov_central_beta16_24_over_alpha8_12,exploratory,4.194305763491269
lab_subject_10,any_ad_vs_matched_no_ad,engagement_kislov_central_beta16_24_over_alpha8_12,exploratory,0.6068099952637734
lab_subject_11,any_ad_vs_matched_no_ad,engagement_kislov_central_beta16_24_over_alpha8_12,exploratory,0.5802389558417672
lab_subject_12,any_ad_vs_matched_no_ad,engagement_kislov_central_beta16_24_over_alpha8_12,exploratory,0.707534468155684
lab_subject_13,any_ad_vs_matched_no_ad,engagement_kislov_central_beta16_24_over_alpha8_12,exploratory,-1.3675249116113042
lab_subject_14,any_ad_vs_matched_no_ad,engagement_kislov_central_beta16_24_over_alpha8_12,exploratory,-1.2968429777096238
lab_subject_15,any_ad_vs_matched_no_ad,engagement_kislov_central_beta16_24_over_alpha8_12,exploratory,-1.1298912500977538
lab_subject_16,any_ad_vs_matched_no_ad,engagement_kislov_central_beta16_24_over_alpha8_12,exploratory,0.2643192838216456
lab_subject_17,any_ad_vs_matched_no_ad,engagement_kislov_central_beta16_24_over_alpha8_12,exploratory,-0.25485257720121957
lab_subject_18,any_ad_vs_matched_no_ad,engagement_kislov_central_beta16_24_over_alpha8_12,exploratory,0.7296798494125638
lab_subject_19,any_ad_vs_matched_no_ad,engagement_kislov_central_beta16_24_over_alpha8_12,exploratory,0.9047744741750225
lab_subject_2,any_ad_vs_matched_no_ad,engagement_kislov_central_beta16_24_over_alpha8_12,exploratory,1.560264275490269
lab_subject_3,any_ad_vs_matched_no_ad,engagement_kislov_central_beta16_24_over_alpha8_12,exploratory,0.41253655476953793
lab_subject_5,any_ad_vs_matched_no_ad,engagement_kislov_central_beta16_24_over_alpha8_12,exploratory,0.271458345991739
lab_subject_6,any_ad_vs_matched_no_ad,engagement_kislov_central_beta16_24_over_alpha8_12,exploratory,-0.47720580140373453
lab_subject_7,any_ad_vs_matched_no_ad,engagement_kislov_central_beta16_24_over_alpha8_12,exploratory,-2.6150726251754737
lab_subject_8,any_ad_vs_matched_no_ad,engagement_kislov_central_beta16_24_over_alpha8_12,exploratory,-0.07952408929120508
lab_subject_9,any_ad_vs_matched_no_ad,engagement_kislov_central_beta16_24_over_alpha8_12,exploratory,0.21165255078584566
lab_subject_1,inline_vs_block,engagement_kislov_central_beta16_24_over_alpha8_12,exploratory,-0.8906703123681723
lab_subject_10,inline_vs_block,engagement_kislov_central_beta16_24_over_alpha8_12,exploratory,-0.007706197881370974
lab_subject_11,inline_vs_block,engagement_kislov_central_beta16_24_over_alpha8_12,exploratory,-0.3609551478099435
lab_subject_12,inline_vs_block,engagement_kislov_central_beta16_24_over_alpha8_12,exploratory,-0.1496638520281522
lab_subject_13,inline_vs_block,engagement_kislov_central_beta16_24_over_alpha8_12,exploratory,0.843952159229153
lab_subject_14,inline_vs_block,engagement_kislov_central_beta16_24_over_alpha8_12,exploratory,-0.025911985252162317
lab_subject_15,inline_vs_block,engagement_kislov_central_beta16_24_over_alpha8_12,exploratory,-1.3598156792705582
lab_subject_16,inline_vs_block,engagement_kislov_central_beta16_24_over_alpha8_12,exploratory,-0.8360466687099672
lab_subject_17,inline_vs_block,engagement_kislov_central_beta16_24_over_alpha8_12,exploratory,-0.4722223297689273
lab_subject_18,inline_vs_block,engagement_kislov_central_beta16_24_over_alpha8_12,exploratory,-0.6619100153641901
lab_subject_19,inline_vs_block,engagement_kislov_central_beta16_24_over_alpha8_12,exploratory,-0.5343384621561128
lab_subject_2,inline_vs_block,engagement_kislov_central_beta16_24_over_alpha8_12,exploratory,3.611511081644125
lab_subject_3,inline_vs_block,engagement_kislov_central_beta16_24_over_alpha8_12,exploratory,-0.5974246373432587
lab_subject_5,inline_vs_block,engagement_kislov_central_beta16_24_over_alpha8_12,exploratory,-0.25227616562326866
lab_subject_6,inline_vs_block,engagement_kislov_central_beta16_24_over_alpha8_12,exploratory,0.26423841289261263
lab_subject_7,inline_vs_block,engagement_kislov_central_beta16_24_over_alpha8_12,exploratory,-0.2451334275925372
lab_subject_8,inline_vs_block,engagement_kislov_central_beta16_24_over_alpha8_12,exploratory,-0.873915877460887
lab_subject_9,inline_vs_block,engagement_kislov_central_beta16_24_over_alpha8_12,exploratory,-0.05195983817694305
lab_subject_1,early_vs_late,engagement_kislov_central_beta16_24_over_alpha8_12,exploratory,4.818245539684236
lab_subject_10,early_vs_late,engagement_kislov_central_beta16_24_over_alpha8_12,exploratory,-0.034141109484773086
lab_subject_11,early_vs_late,engagement_kislov_central_beta16_24_over_alpha8_12,exploratory,-0.2025884312686133
lab_subject_12,early_vs_late,engagement_kislov_central_beta16_24_over_alpha8_12,exploratory,-0.779307380160907
lab_subject_13,early_vs_late,engagement_kislov_central_beta16_24_over_alpha8_12,exploratory,0.11918294004403446
lab_subject_14,early_vs_late,engagement_kislov_central_beta16_24_over_alpha8_12,exploratory,-2.1908730972054506
lab_subject_15,early_vs_late,engagement_kislov_central_beta16_24_over_alpha8_12,exploratory,-1.1884698456490224
lab_subject_16,early_vs_late,engagement_kislov_central_beta16_24_over_alpha8_12,exploratory,0.16293286381674776
lab_subject_17,early_vs_late,engagement_kislov_central_beta16_24_over_alpha8_12,exploratory,-0.4510065347009562
lab_subject_18,early_vs_late,engagement_kislov_central_beta16_24_over_alpha8_12,exploratory,-0.20568585540766748
lab_subject_19,early_vs_late,engagement_kislov_central_beta16_24_over_alpha8_12,exploratory,-0.4453592203351374
lab_subject_2,early_vs_late,engagement_kislov_central_beta16_24_over_alpha8_12,exploratory,3.12536747030164
lab_subject_3,early_vs_late,engagement_kislov_central_beta16_24_over_alpha8_12,exploratory,-0.7668853351432791
lab_subject_5,early_vs_late,engagement_kislov_central_beta16_24_over_alpha8_12,exploratory,-0.7959573963072089
lab_subject_6,early_vs_late,engagement_kislov_central_beta16_24_over_alpha8_12,exploratory,1.2888024237651097
lab_subject_7,early_vs_late,engagement_kislov_central_beta16_24_over_alpha8_12,exploratory,-2.5069552868835387
lab_subject_8,early_vs_late,engagement_kislov_central_beta16_24_over_alpha8_12,exploratory,-0.6963586077807893
lab_subject_9,early_vs_late,engagement_kislov_central_beta16_24_over_alpha8_12,exploratory,1.355353349894619
lab_subject_1,format_x_timing,engagement_kislov_central_beta16_24_over_alpha8_12,exploratory,-0.5606585811550975
lab_subject_10,format_x_timing,engagement_kislov_central_beta16_24_over_alpha8_12,exploratory,0.27899767630630706
lab_subject_11,format_x_timing,engagement_kislov_central_beta16_24_over_alpha8_12,exploratory,0.7773757363978021
lab_subject_12,format_x_timing,engagement_kislov_central_beta16_24_over_alpha8_12,exploratory,0.6416904281203895
lab_subject_13,format_x_timing,engagement_kislov_central_beta16_24_over_alpha8_12,exploratory,1.9655077979554725
lab_subject_14,format_x_timing,engagement_kislov_central_beta16_24_over_alpha8_12,exploratory,0.4124041048838978
lab_subject_15,format_x_timing,engagement_kislov_central_beta16_24_over_alpha8_12,exploratory,-1.3487136878930222
lab_subject_16,format_x_timing,engagement_kislov_central_beta16_24_over_alpha8_12,exploratory,-0.805145782871378
lab_subject_17,format_x_timing,engagement_kislov_central_beta16_24_over_alpha8_12,exploratory,-0.5832660162620406
lab_subject_18,format_x_timing,engagement_kislov_central_beta16_24_over_alpha8_12,exploratory,-3.4252715425927707
lab_subject_19,format_x_timing,engagement_kislov_central_beta16_24_over_alpha8_12,exploratory,-0.17490819170370103
lab_subject_2,format_x_timing,engagement_kislov_central_beta16_24_over_alpha8_12,exploratory,6.216639430275814
lab_subject_3,format_x_timing,engagement_kislov_central_beta16_24_over_alpha8_12,exploratory,-1.201359617038699
lab_subject_5,format_x_timing,engagement_kislov_central_beta16_24_over_alpha8_12,exploratory,0.8870419987782933
lab_subject_6,format_x_timing,engagement_kislov_central_beta16_24_over_alpha8_12,exploratory,-1.9349396281611586
lab_subject_7,format_x_timing,engagement_kislov_central_beta16_24_over_alpha8_12,exploratory,-1.4028130184889887
lab_subject_8,format_x_timing,engagement_kislov_central_beta16_24_over_alpha8_12,exploratory,-0.33830100821420783
lab_subject_9,format_x_timing,engagement_kislov_central_beta16_24_over_alpha8_12,exploratory,0.13971467107811142
