subject_id,contrast_id,feature,feature_tier,difference
lab_subject_1,inline_early_vs_no_ad_early,fz_theta_power_db_uv2,primary,1.2480145336502169
lab_subject_10,inline_early_vs_no_ad_early,fz_theta_power_db_uv2,primary,-4.798843651236002
lab_subject_11,inline_early_vs_no_ad_early,fz_theta_power_db_uv2,primary,2.943803824321683
lab_subject_12,inline_early_vs_no_ad_early,fz_theta_power_db_uv2,primary,4.266162055409139
lab_subject_13,inline_early_vs_no_ad_early,fz_theta_power_db_uv2,primary,0.3262903486741915
lab_subject_14,inline_early_vs_no_ad_early,fz_theta_power_db_uv2,primary,-9.451141764764179
lab_subject_15,inline_early_vs_no_ad_early,fz_theta_power_db_uv2,primary,2.3699894032628364
lab_subject_16,inline_early_vs_no_ad_early,fz_theta_power_db_uv2,primary,-0.23012276310515944
lab_subject_17,inline_early_vs_no_ad_early,fz_theta_power_db_uv2,primary,-1.79073693864569
lab_subject_18,inline_early_vs_no_ad_early,fz_theta_power_db_uv2,primary,-2.1778479857256663
lab_subject_19,inline_early_vs_no_ad_early,fz_theta_power_db_uv2,primary,3.301375550100798
lab_subject_2,inline_early_vs_no_ad_early,fz_theta_power_db_uv2,primary,-4.841768903120114
lab_subject_3,inline_early_vs_no_ad_early,fz_theta_power_db_uv2,primary,-1.5273613275694782
lab_subject_5,inline_early_vs_no_ad_early,fz_theta_power_db_uv2,primary,1.7450297853909102
lab_subject_6,inline_early_vs_no_ad_early,fz_theta_power_db_uv2,primary,-1.0577045247507604
lab_subject_7,inline_early_vs_no_ad_early,fz_theta_power_db_uv2,primary,-1.648734832401062
lab_subject_8,inline_early_vs_no_ad_early,fz_theta_power_db_uv2,primary,1.8828350924595965
lab_subject_9,inline_early_vs_no_ad_early,fz_theta_power_db_uv2,primary,2.7465025568466164
lab_subject_1,block_early_vs_no_ad_early,fz_theta_power_db_uv2,primary,-0.751234158928141
lab_subject_10,block_early_vs_no_ad_early,fz_theta_power_db_uv2,primary,-1.209960066842667
lab_subject_11,block_early_vs_no_ad_early,fz_theta_power_db_uv2,primary,-0.12010308029322303
lab_subject_12,block_early_vs_no_ad_early,fz_theta_power_db_uv2,primary,6.304099439602567
lab_subject_13,block_early_vs_no_ad_early,fz_theta_power_db_uv2,primary,-1.258890962295502
lab_subject_14,block_early_vs_no_ad_early,fz_theta_power_db_uv2,primary,-7.284396909286718
lab_subject_15,block_early_vs_no_ad_early,fz_theta_power_db_uv2,primary,-0.6499063449940032
lab_subject_16,block_early_vs_no_ad_early,fz_theta_power_db_uv2,primary,1.3913184200355184
lab_subject_17,block_early_vs_no_ad_early,fz_theta_power_db_uv2,primary,-0.1217646897828164
lab_subject_18,block_early_vs_no_ad_early,fz_theta_power_db_uv2,primary,0.659169613803332
lab_subject_19,block_early_vs_no_ad_early,fz_theta_power_db_uv2,primary,0.7106814713860938
lab_subject_2,block_early_vs_no_ad_early,fz_theta_power_db_uv2,primary,0.8070260161037393
lab_subject_3,block_early_vs_no_ad_early,fz_theta_power_db_uv2,primary,0.6544840719819627
lab_subject_5,block_early_vs_no_ad_early,fz_theta_power_db_uv2,primary,-2.483338407798497
lab_subject_6,block_early_vs_no_ad_early,fz_theta_power_db_uv2,primary,1.6045088178565683
lab_subject_7,block_early_vs_no_ad_early,fz_theta_power_db_uv2,primary,-2.6694334854015063
lab_subject_8,block_early_vs_no_ad_early,fz_theta_power_db_uv2,primary,3.4546580663342334
lab_subject_9,block_early_vs_no_ad_early,fz_theta_power_db_uv2,primary,-1.0352683290242473
lab_subject_1,inline_late_vs_no_ad_late,fz_theta_power_db_uv2,primary,-0.8156402125681366
lab_subject_10,inline_late_vs_no_ad_late,fz_theta_power_db_uv2,primary,-2.0946896580411636
lab_subject_11,inline_late_vs_no_ad_late,fz_theta_power_db_uv2,primary,3.045303903407153
lab_subject_12,inline_late_vs_no_ad_late,fz_theta_power_db_uv2,primary,3.470233781805593
lab_subject_13,inline_late_vs_no_ad_late,fz_theta_power_db_uv2,primary,0.3970165558966765
lab_subject_14,inline_late_vs_no_ad_late,fz_theta_power_db_uv2,primary,0.6814903129194452
lab_subject_15,inline_late_vs_no_ad_late,fz_theta_power_db_uv2,primary,-4.277359357700399
lab_subject_16,inline_late_vs_no_ad_late,fz_theta_power_db_uv2,primary,-1.0233123236276778
lab_subject_17,inline_late_vs_no_ad_late,fz_theta_power_db_uv2,primary,-2.1742167502322625
lab_subject_18,inline_late_vs_no_ad_late,fz_theta_power_db_uv2,primary,-2.9022731651711666
lab_subject_19,inline_late_vs_no_ad_late,fz_theta_power_db_uv2,primary,0.024471248456498174
lab_subject_2,inline_late_vs_no_ad_late,fz_theta_power_db_uv2,primary,-7.904789442407117
lab_subject_3,inline_late_vs_no_ad_late,fz_theta_power_db_uv2,primary,0.001625332100800847
lab_subject_5,inline_late_vs_no_ad_late,fz_theta_power_db_uv2,primary,-3.6581031547788503
lab_subject_6,inline_late_vs_no_ad_late,fz_theta_power_db_uv2,primary,-1.0582643934983178
lab_subject_7,inline_late_vs_no_ad_late,fz_theta_power_db_uv2,primary,4.388442981079111
lab_subject_8,inline_late_vs_no_ad_late,fz_theta_power_db_uv2,primary,-0.1915965507781685
lab_subject_9,inline_late_vs_no_ad_late,fz_theta_power_db_uv2,primary,-0.9662708982635815
lab_subject_1,block_late_vs_no_ad_late,fz_theta_power_db_uv2,primary,1.4602740885402445
lab_subject_10,block_late_vs_no_ad_late,fz_theta_power_db_uv2,primary,-4.875261276227869
lab_subject_11,block_late_vs_no_ad_late,fz_theta_power_db_uv2,primary,0.4116960689522582
lab_subject_12,block_late_vs_no_ad_late,fz_theta_power_db_uv2,primary,2.4751131120096748
lab_subject_13,block_late_vs_no_ad_late,fz_theta_power_db_uv2,primary,-0.5165609596744405
lab_subject_14,block_late_vs_no_ad_late,fz_theta_power_db_uv2,primary,3.042589008847276
lab_subject_15,block_late_vs_no_ad_late,fz_theta_power_db_uv2,primary,-3.017305655330069
lab_subject_16,block_late_vs_no_ad_late,fz_theta_power_db_uv2,primary,0.5613944674787357
lab_subject_17,block_late_vs_no_ad_late,fz_theta_power_db_uv2,primary,-3.9473593109289515
lab_subject_18,block_late_vs_no_ad_late,fz_theta_power_db_uv2,primary,0.4549949736642027
lab_subject_19,block_late_vs_no_ad_late,fz_theta_power_db_uv2,primary,-1.8065192129120025
lab_subject_2,block_late_vs_no_ad_late,fz_theta_power_db_uv2,primary,-1.2882136692322508
lab_subject_3,block_late_vs_no_ad_late,fz_theta_power_db_uv2,primary,-1.4949625846362826
lab_subject_5,block_late_vs_no_ad_late,fz_theta_power_db_uv2,primary,-0.9740356705564834
lab_subject_6,block_late_vs_no_ad_late,fz_theta_power_db_uv2,primary,2.2481910025000804
lab_subject_7,block_late_vs_no_ad_late,fz_theta_power_db_uv2,primary,3.4629261319074462
lab_subject_8,block_late_vs_no_ad_late,fz_theta_power_db_uv2,primary,-0.709476516887225
lab_subject_9,block_late_vs_no_ad_late,fz_theta_power_db_uv2,primary,-3.2295773912110457
lab_subject_1,any_ad_vs_matched_no_ad,fz_theta_power_db_uv2,primary,0.28535356267354595
lab_subject_10,any_ad_vs_matched_no_ad,fz_theta_power_db_uv2,primary,-3.2446886630869254
lab_subject_11,any_ad_vs_matched_no_ad,fz_theta_power_db_uv2,primary,1.5701751790969678
lab_subject_12,any_ad_vs_matched_no_ad,fz_theta_power_db_uv2,primary,4.128902097206743
lab_subject_13,any_ad_vs_matched_no_ad,fz_theta_power_db_uv2,primary,-0.26303625434976863
lab_subject_14,any_ad_vs_matched_no_ad,fz_theta_power_db_uv2,primary,-3.2528648380710443
lab_subject_15,any_ad_vs_matched_no_ad,fz_theta_power_db_uv2,primary,-1.3936454886904088
lab_subject_16,any_ad_vs_matched_no_ad,fz_theta_power_db_uv2,primary,0.1748194501953544
lab_subject_17,any_ad_vs_matched_no_ad,fz_theta_power_db_uv2,primary,-2.00851942239743
lab_subject_18,any_ad_vs_matched_no_ad,fz_theta_power_db_uv2,primary,-0.9914891408573245
lab_subject_19,any_ad_vs_matched_no_ad,fz_theta_power_db_uv2,primary,0.5575022642578469
lab_subject_2,any_ad_vs_matched_no_ad,fz_theta_power_db_uv2,primary,-3.3069364996639354
lab_subject_3,any_ad_vs_matched_no_ad,fz_theta_power_db_uv2,primary,-0.5915536270307493
lab_subject_5,any_ad_vs_matched_no_ad,fz_theta_power_db_uv2,primary,-1.3426118619357303
lab_subject_6,any_ad_vs_matched_no_ad,fz_theta_power_db_uv2,primary,0.43418272552689263
lab_subject_7,any_ad_vs_matched_no_ad,fz_theta_power_db_uv2,primary,0.8833001987959972
lab_subject_8,any_ad_vs_matched_no_ad,fz_theta_power_db_uv2,primary,1.109105022782109
lab_subject_9,any_ad_vs_matched_no_ad,fz_theta_power_db_uv2,primary,-0.6211535154130645
lab_subject_1,inline_vs_block,fz_theta_power_db_uv2,primary,-0.1383328042650116
lab_subject_10,inline_vs_block,fz_theta_power_db_uv2,primary,-0.4041559831033146
lab_subject_11,inline_vs_block,fz_theta_power_db_uv2,primary,2.8487573695349004
lab_subject_12,inline_vs_block,fz_theta_power_db_uv2,primary,-0.5214083571987547
lab_subject_13,inline_vs_block,fz_theta_power_db_uv2,primary,1.2493794132704052
lab_subject_14,inline_vs_block,fz_theta_power_db_uv2,primary,-2.263921775702646
lab_subject_15,inline_vs_block,fz_theta_power_db_uv2,primary,0.8799210229432548
lab_subject_16,inline_vs_block,fz_theta_power_db_uv2,primary,-1.6030739871235458
lab_subject_17,inline_vs_block,fz_theta_power_db_uv2,primary,0.052085155916907766
lab_subject_18,inline_vs_block,fz_theta_power_db_uv2,primary,-3.097142869182184
lab_subject_19,inline_vs_block,fz_theta_power_db_uv2,primary,2.2108422700416024
lab_subject_2,inline_vs_block,fz_theta_power_db_uv2,primary,-6.132685346199359
lab_subject_3,inline_vs_block,fz_theta_power_db_uv2,primary,-0.3426287414071787
lab_subject_5,inline_vs_block,fz_theta_power_db_uv2,primary,0.7721503544835202
lab_subject_6,inline_vs_block,fz_theta_power_db_uv2,primary,-2.9843343693028634
lab_subject_7,inline_vs_block,fz_theta_power_db_uv2,primary,0.9731077510860543
lab_subject_8,inline_vs_block,fz_theta_power_db_uv2,primary,-0.5269715038827902
lab_subject_9,inline_vs_block,fz_theta_power_db_uv2,primary,3.022538689409164
lab_subject_1,early_vs_late,fz_theta_power_db_uv2,primary,-2.1487937020178998
lab_subject_10,early_vs_late,fz_theta_power_db_uv2,primary,-1.3579428067881922
lab_subject_11,early_vs_late,fz_theta_power_db_uv2,primary,1.9676820248383224
lab_subject_12,early_vs_late,fz_theta_power_db_uv2,primary,2.162333757051932
lab_subject_13,early_vs_late,fz_theta_power_db_uv2,primary,-0.6842447378162875
lab_subject_14,early_vs_late,fz_theta_power_db_uv2,primary,-2.1420319485320007
lab_subject_15,early_vs_late,fz_theta_power_db_uv2,primary,4.085341858716256
lab_subject_16,early_vs_late,fz_theta_power_db_uv2,primary,-2.6381601370929766
lab_subject_17,early_vs_late,fz_theta_power_db_uv2,primary,-0.6830683793730339
lab_subject_18,early_vs_late,fz_theta_power_db_uv2,primary,-2.2173916009234063
lab_subject_19,early_vs_late,fz_theta_power_db_uv2,primary,-0.22910143971914865
lab_subject_2,early_vs_late,fz_theta_power_db_uv2,primary,1.262188593264815
lab_subject_3,early_vs_late,fz_theta_power_db_uv2,primary,2.6088143114391276
lab_subject_5,early_vs_late,fz_theta_power_db_uv2,primary,-0.6740804710465658
lab_subject_6,early_vs_late,fz_theta_power_db_uv2,primary,-2.1496348134145444
lab_subject_7,early_vs_late,fz_theta_power_db_uv2,primary,-0.26733924551263943
lab_subject_8,early_vs_late,fz_theta_power_db_uv2,primary,2.9093925437579697
lab_subject_9,early_vs_late,fz_theta_power_db_uv2,primary,0.0787249127634273
lab_subject_1,format_x_timing,fz_theta_power_db_uv2,primary,4.275162993686739
lab_subject_10,format_x_timing,fz_theta_power_db_uv2,primary,-6.36945520258004
lab_subject_11,format_x_timing,fz_theta_power_db_uv2,primary,0.4302990701600109
lab_subject_12,format_x_timing,fz_theta_power_db_uv2,primary,-3.033058053989346
lab_subject_13,format_x_timing,fz_theta_power_db_uv2,primary,0.6716037953985765
lab_subject_14,format_x_timing,fz_theta_power_db_uv2,primary,0.19435384045036974
lab_subject_15,format_x_timing,fz_theta_power_db_uv2,primary,4.27994945062717
lab_subject_16,format_x_timing,fz_theta_power_db_uv2,primary,-0.03673439203426421
lab_subject_17,format_x_timing,fz_theta_power_db_uv2,primary,-3.4421148095595626
lab_subject_18,format_x_timing,fz_theta_power_db_uv2,primary,0.520250539306371
lab_subject_19,format_x_timing,fz_theta_power_db_uv2,primary,0.7597036173462035
lab_subject_2,format_x_timing,fz_theta_power_db_uv2,primary,0.9677808539510138
lab_subject_3,format_x_timing,fz_theta_power_db_uv2,primary,-3.6784333162885243
lab_subject_5,format_x_timing,fz_theta_power_db_uv2,primary,6.912435677411774
lab_subject_6,format_x_timing,fz_theta_power_db_uv2,primary,0.6442420533910695
lab_subject_7,format_x_timing,fz_theta_power_db_uv2,primary,0.09518180382878039
lab_subject_8,format_x_timing,fz_theta_power_db_uv2,primary,-2.0897029399836935
lab_subject_9,format_x_timing,fz_theta_power_db_uv2,primary,1.5184643929233994
lab_subject_1,inline_early_vs_no_ad_early,posterior_alpha_power_db_uv2,primary,-1.7221808028542043
lab_subject_10,inline_early_vs_no_ad_early,posterior_alpha_power_db_uv2,primary,-3.644847851332228
lab_subject_11,inline_early_vs_no_ad_early,posterior_alpha_power_db_uv2,primary,-0.9035020071615376
lab_subject_12,inline_early_vs_no_ad_early,posterior_alpha_power_db_uv2,primary,5.569995558652842
lab_subject_13,inline_early_vs_no_ad_early,posterior_alpha_power_db_uv2,primary,-9.524014570210921
lab_subject_14,inline_early_vs_no_ad_early,posterior_alpha_power_db_uv2,primary,-5.644099243825785
lab_subject_15,inline_early_vs_no_ad_early,posterior_alpha_power_db_uv2,primary,2.948239383481374
lab_subject_16,inline_early_vs_no_ad_early,posterior_alpha_power_db_uv2,primary,0.8352819585516276
lab_subject_17,inline_early_vs_no_ad_early,posterior_alpha_power_db_uv2,primary,5.66227410362241
lab_subject_18,inline_early_vs_no_ad_early,posterior_alpha_power_db_uv2,primary,3.045170108867248
lab_subject_19,inline_early_vs_no_ad_early,posterior_alpha_power_db_uv2,primary,1.8076740216187188
lab_subject_2,inline_early_vs_no_ad_early,posterior_alpha_power_db_uv2,primary,6.475558170833632
lab_subject_3,inline_early_vs_no_ad_early,posterior_alpha_power_db_uv2,primary,-1.0086497821014389
lab_subject_5,inline_early_vs_no_ad_early,posterior_alpha_power_db_uv2,primary,0.09257649204831164
lab_subject_6,inline_early_vs_no_ad_early,posterior_alpha_power_db_uv2,primary,4.205614713598529
lab_subject_7,inline_early_vs_no_ad_early,posterior_alpha_power_db_uv2,primary,4.542117995950612
lab_subject_8,inline_early_vs_no_ad_early,posterior_alpha_power_db_uv2,primary,1.7811951832088138
lab_subject_9,inline_early_vs_no_ad_early,posterior_alpha_power_db_uv2,primary,-2.467004044438011
lab_subject_1,block_early_vs_no_ad_early,posterior_alpha_power_db_uv2,primary,-1.6738329201797963
lab_subject_10,block_early_vs_no_ad_early,posterior_alpha_power_db_uv2,primary,-2.400724731771506
lab_subject_11,block_early_vs_no_ad_early,posterior_alpha_power_db_uv2,primary,2.9714477948054583
lab_subject_12,block_early_vs_no_ad_early,posterior_alpha_power_db_uv2,primary,4.185399955138517
lab_subject_13,block_early_vs_no_ad_early,posterior_alpha_power_db_uv2,primary,-7.616539110692315
lab_subject_14,block_early_vs_no_ad_early,posterior_alpha_power_db_uv2,primary,0.007530444489013188
lab_subject_15,block_early_vs_no_ad_early,posterior_alpha_power_db_uv2,primary,2.206341271598921
lab_subject_16,block_early_vs_no_ad_early,posterior_alpha_power_db_uv2,primary,-0.2892697802661459
lab_subject_17,block_early_vs_no_ad_early,posterior_alpha_power_db_uv2,primary,4.43272763236248
lab_subject_18,block_early_vs_no_ad_early,posterior_alpha_power_db_uv2,primary,-3.4899359417004403
lab_subject_19,block_early_vs_no_ad_early,posterior_alpha_power_db_uv2,primary,-6.563148418568075
lab_subject_2,block_early_vs_no_ad_early,posterior_alpha_power_db_uv2,primary,1.4842498825890518
lab_subject_3,block_early_vs_no_ad_early,posterior_alpha_power_db_uv2,primary,-3.475538347212521
lab_subject_5,block_early_vs_no_ad_early,posterior_alpha_power_db_uv2,primary,1.2264617543283842
lab_subject_6,block_early_vs_no_ad_early,posterior_alpha_power_db_uv2,primary,1.958901175015967
lab_subject_7,block_early_vs_no_ad_early,posterior_alpha_power_db_uv2,primary,4.311439072006064
lab_subject_8,block_early_vs_no_ad_early,posterior_alpha_power_db_uv2,primary,0.6685336537399937
lab_subject_9,block_early_vs_no_ad_early,posterior_alpha_power_db_uv2,primary,2.4492849177577085
lab_subject_1,inline_late_vs_no_ad_late,posterior_alpha_power_db_uv2,primary,-2.211255455185583
lab_subject_10,inline_late_vs_no_ad_late,posterior_alpha_power_db_uv2,primary,-3.8972658086100553
lab_subject_11,inline_late_vs_no_ad_late,posterior_alpha_power_db_uv2,primary,1.6318021975178674
lab_subject_12,inline_late_vs_no_ad_late,posterior_alpha_power_db_uv2,primary,-6.506486222173424
lab_subject_13,inline_late_vs_no_ad_late,posterior_alpha_power_db_uv2,primary,-2.1765299537072673
lab_subject_14,inline_late_vs_no_ad_late,posterior_alpha_power_db_uv2,primary,2.874409074788898
lab_subject_15,inline_late_vs_no_ad_late,posterior_alpha_power_db_uv2,primary,0.22700444403798326
lab_subject_16,inline_late_vs_no_ad_late,posterior_alpha_power_db_uv2,primary,-1.7808749949768883
lab_subject_17,inline_late_vs_no_ad_late,posterior_alpha_power_db_uv2,primary,-0.6342818514836601
lab_subject_18,inline_late_vs_no_ad_late,posterior_alpha_power_db_uv2,primary,0.6042964784319649
lab_subject_19,inline_late_vs_no_ad_late,posterior_alpha_power_db_uv2,primary,0.6797524814631681
lab_subject_2,inline_late_vs_no_ad_late,posterior_alpha_power_db_uv2,primary,1.5600767476312019
lab_subject_3,inline_late_vs_no_ad_late,posterior_alpha_power_db_uv2,primary,-2.209618365726632
lab_subject_5,inline_late_vs_no_ad_late,posterior_alpha_power_db_uv2,primary,-2.925656988070771
lab_subject_6,inline_late_vs_no_ad_late,posterior_alpha_power_db_uv2,primary,-0.3555937588646527
lab_subject_7,inline_late_vs_no_ad_late,posterior_alpha_power_db_uv2,primary,0.14443316068754086
lab_subject_8,inline_late_vs_no_ad_late,posterior_alpha_power_db_uv2,primary,-1.5837229755380289
lab_subject_9,inline_late_vs_no_ad_late,posterior_alpha_power_db_uv2,primary,1.8422141740603717
lab_subject_1,block_late_vs_no_ad_late,posterior_alpha_power_db_uv2,primary,-2.1962456604275147
lab_subject_10,block_late_vs_no_ad_late,posterior_alpha_power_db_uv2,primary,-7.561862212699881
lab_subject_11,block_late_vs_no_ad_late,posterior_alpha_power_db_uv2,primary,1.0295563947939108
lab_subject_12,block_late_vs_no_ad_late,posterior_alpha_power_db_uv2,primary,-2.2634010351800535
lab_subject_13,block_late_vs_no_ad_late,posterior_alpha_power_db_uv2,primary,-1.003481094201768
lab_subject_14,block_late_vs_no_ad_late,posterior_alpha_power_db_uv2,primary,1.3604706044983375
lab_subject_15,block_late_vs_no_ad_late,posterior_alpha_power_db_uv2,primary,-1.8872756819897334
lab_subject_16,block_late_vs_no_ad_late,posterior_alpha_power_db_uv2,primary,0.2501603558093013
lab_subject_17,block_late_vs_no_ad_late,posterior_alpha_power_db_uv2,primary,1.3945652228511207
lab_subject_18,block_late_vs_no_ad_late,posterior_alpha_power_db_uv2,primary,0.7928336007049319
lab_subject_19,block_late_vs_no_ad_late,posterior_alpha_power_db_uv2,primary,-2.627176784415826
lab_subject_2,block_late_vs_no_ad_late,posterior_alpha_power_db_uv2,primary,1.8206184972658788
lab_subject_3,block_late_vs_no_ad_late,posterior_alpha_power_db_uv2,primary,-3.8037281480686236
lab_subject_5,block_late_vs_no_ad_late,posterior_alpha_power_db_uv2,primary,-4.702275720778868
lab_subject_6,block_late_vs_no_ad_late,posterior_alpha_power_db_uv2,primary,-1.2175783618573401
lab_subject_7,block_late_vs_no_ad_late,posterior_alpha_power_db_uv2,primary,-0.423448971931522
lab_subject_8,block_late_vs_no_ad_late,posterior_alpha_power_db_uv2,primary,-1.1937966816278953
lab_subject_9,block_late_vs_no_ad_late,posterior_alpha_power_db_uv2,primary,-2.3899324326749847
lab_subject_1,any_ad_vs_matched_no_ad,posterior_alpha_power_db_uv2,primary,-1.9508787096617746
lab_subject_10,any_ad_vs_matched_no_ad,posterior_alpha_power_db_uv2,primary,-4.376175151103418
lab_subject_11,any_ad_vs_matched_no_ad,posterior_alpha_power_db_uv2,primary,1.1823260949889247
lab_subject_12,any_ad_vs_matched_no_ad,posterior_alpha_power_db_uv2,primary,0.24637706410947025
lab_subject_13,any_ad_vs_matched_no_ad,posterior_alpha_power_db_uv2,primary,-5.080141182203068
lab_subject_14,any_ad_vs_matched_no_ad,posterior_alpha_power_db_uv2,primary,-0.3504222800123842
lab_subject_15,any_ad_vs_matched_no_ad,posterior_alpha_power_db_uv2,primary,0.8735773542821361
lab_subject_16,any_ad_vs_matched_no_ad,posterior_alpha_power_db_uv2,primary,-0.24617561522052633
lab_subject_17,any_ad_vs_matched_no_ad,posterior_alpha_power_db_uv2,primary,2.713821276838088
lab_subject_18,any_ad_vs_matched_no_ad,posterior_alpha_power_db_uv2,primary,0.23809106157592608
lab_subject_19,any_ad_vs_matched_no_ad,posterior_alpha_power_db_uv2,primary,-1.6757246749755037
lab_subject_2,any_ad_vs_matched_no_ad,posterior_alpha_power_db_uv2,primary,2.835125824579941
lab_subject_3,any_ad_vs_matched_no_ad,posterior_alpha_power_db_uv2,primary,-2.624383660777304
lab_subject_5,any_ad_vs_matched_no_ad,posterior_alpha_power_db_uv2,primary,-1.5772236156182358
lab_subject_6,any_ad_vs_matched_no_ad,posterior_alpha_power_db_uv2,primary,1.1478359419731259
lab_subject_7,any_ad_vs_matched_no_ad,posterior_alpha_power_db_uv2,primary,2.1436353141781734
lab_subject_8,any_ad_vs_matched_no_ad,posterior_alpha_power_db_uv2,primary,-0.08194770505427917
lab_subject_9,any_ad_vs_matched_no_ad,posterior_alpha_power_db_uv2,primary,-0.14135934632372882
lab_subject_1,inline_vs_block,posterior_alpha_power_db_uv2,primary,-0.03167883871623811
lab_subject_10,inline_vs_block,posterior_alpha_power_db_uv2,primary,1.2102366422645519
lab_subject_11,inline_vs_block,posterior_alpha_power_db_uv2,primary,-1.6363519996215197
lab_subject_12,inline_vs_block,posterior_alpha_power_db_uv2,primary,-1.429244791739523
lab_subject_13,inline_vs_block,posterior_alpha_power_db_uv2,primary,-1.5402621595120527
lab_subject_14,inline_vs_block,posterior_alpha_power_db_uv2,primary,-2.068845609012119
lab_subject_15,inline_vs_block,posterior_alpha_power_db_uv2,primary,1.4280891189550848
lab_subject_16,inline_vs_block,posterior_alpha_power_db_uv2,primary,-0.45324180598420805
lab_subject_17,inline_vs_block,posterior_alpha_power_db_uv2,primary,-0.3996503015374251
lab_subject_18,inline_vs_block,posterior_alpha_power_db_uv2,primary,3.1732844641473603
lab_subject_19,inline_vs_block,posterior_alpha_power_db_uv2,primary,5.838875853032894
lab_subject_2,inline_vs_block,posterior_alpha_power_db_uv2,primary,2.3653832693049517
lab_subject_3,inline_vs_block,posterior_alpha_power_db_uv2,primary,2.030499173726537
lab_subject_5,inline_vs_block,posterior_alpha_power_db_uv2,primary,0.32136673521401216
lab_subject_6,inline_vs_block,posterior_alpha_power_db_uv2,primary,1.5543490707876249
lab_subject_7,inline_vs_block,posterior_alpha_power_db_uv2,primary,0.39928052828180516
lab_subject_8,inline_vs_block,posterior_alpha_power_db_uv2,primary,0.36136761777934323
lab_subject_9,inline_vs_block,posterior_alpha_power_db_uv2,primary,-0.3420711777301815
lab_subject_1,early_vs_late,posterior_alpha_power_db_uv2,primary,-0.8785413980683678
lab_subject_10,early_vs_late,posterior_alpha_power_db_uv2,primary,4.2450595089176195
lab_subject_11,early_vs_late,posterior_alpha_power_db_uv2,primary,2.503430246477602
lab_subject_12,early_vs_late,posterior_alpha_power_db_uv2,primary,5.084763005251503
lab_subject_13,early_vs_late,posterior_alpha_power_db_uv2,primary,0.593962185842607
lab_subject_14,early_vs_late,posterior_alpha_power_db_uv2,primary,0.037573452176508315
lab_subject_15,early_vs_late,posterior_alpha_power_db_uv2,primary,-1.2904677006893386
lab_subject_16,early_vs_late,posterior_alpha_power_db_uv2,primary,0.1539276920979078
lab_subject_17,early_vs_late,posterior_alpha_power_db_uv2,primary,2.145271584572335
lab_subject_18,early_vs_late,posterior_alpha_power_db_uv2,primary,-0.3786868915349355
lab_subject_19,early_vs_late,posterior_alpha_power_db_uv2,primary,-1.333088833412907
lab_subject_2,early_vs_late,posterior_alpha_power_db_uv2,primary,2.272320360176407
lab_subject_3,early_vs_late,posterior_alpha_power_db_uv2,primary,1.7155776220991772
lab_subject_5,early_vs_late,posterior_alpha_power_db_uv2,primary,3.80381470959002
lab_subject_6,early_vs_late,posterior_alpha_power_db_uv2,primary,-1.1227652254418974
lab_subject_7,early_vs_late,posterior_alpha_power_db_uv2,primary,3.3599731251001845
lab_subject_8,early_vs_late,posterior_alpha_power_db_uv2,primary,2.111990682196932
lab_subject_9,early_vs_late,posterior_alpha_power_db_uv2,primary,-1.871941883494002
lab_subject_1,format_x_timing,posterior_alpha_power_db_uv2,primary,-0.03333808791633963
lab_subject_10,format_x_timing,posterior_alpha_power_db_uv2,primary,-4.908719523650548
lab_subject_11,format_x_timing,posterior_alpha_power_db_uv2,primary,-4.4771956046909525
lab_subject_12,format_x_timing,posterior_alpha_power_db_uv2,primary,5.6276807905076955
lab_subject_13,format_x_timing,posterior_alpha_power_db_uv2,primary,-0.7344266000131068
lab_subject_14,format_x_timing,posterior_alpha_power_db_uv2,primary,-7.1655681586053595
lab_subject_15,format_x_timing,posterior_alpha_power_db_uv2,primary,-1.3723820141452636
lab_subject_16,format_x_timing,posterior_alpha_power_db_uv2,primary,3.155587089603963
lab_subject_17,format_x_timing,posterior_alpha_power_db_uv2,primary,3.2583935455947115
lab_subject_18,format_x_timing,posterior_alpha_power_db_uv2,primary,6.723643172840655
lab_subject_19,format_x_timing,posterior_alpha_power_db_uv2,primary,5.0638931743078
lab_subject_2,format_x_timing,posterior_alpha_power_db_uv2,primary,5.251850037879257
lab_subject_3,format_x_timing,posterior_alpha_power_db_uv2,primary,0.8727787827690907
lab_subject_5,format_x_timing,posterior_alpha_power_db_uv2,primary,-2.9105039949881695
lab_subject_6,format_x_timing,posterior_alpha_power_db_uv2,primary,1.3847289355898749
lab_subject_7,format_x_timing,posterior_alpha_power_db_uv2,primary,-0.3372032086745156
lab_subject_8,format_x_timing,posterior_alpha_power_db_uv2,primary,1.5025878233789536
lab_subject_9,format_x_timing,posterior_alpha_power_db_uv2,primary,-9.148435568931076
lab_subject_1,inline_early_vs_no_ad_early,theta_power_db_uv2,secondary_global,0.4027540551988862
lab_subject_10,inline_early_vs_no_ad_early,theta_power_db_uv2,secondary_global,1.934787832389011
lab_subject_11,inline_early_vs_no_ad_early,theta_power_db_uv2,secondary_global,2.0189163338791385
lab_subject_12,inline_early_vs_no_ad_early,theta_power_db_uv2,secondary_global,3.0300893037029413
lab_subject_13,inline_early_vs_no_ad_early,theta_power_db_uv2,secondary_global,-2.759315023099175
lab_subject_14,inline_early_vs_no_ad_early,theta_power_db_uv2,secondary_global,-6.302610470134187
lab_subject_15,inline_early_vs_no_ad_early,theta_power_db_uv2,secondary_global,0.9957494997945364
lab_subject_16,inline_early_vs_no_ad_early,theta_power_db_uv2,secondary_global,-1.1185122677609973
lab_subject_17,inline_early_vs_no_ad_early,theta_power_db_uv2,secondary_global,1.3141558768045352
lab_subject_18,inline_early_vs_no_ad_early,theta_power_db_uv2,secondary_global,1.345717846330536
lab_subject_19,inline_early_vs_no_ad_early,theta_power_db_uv2,secondary_global,0.7607368079818038
lab_subject_2,inline_early_vs_no_ad_early,theta_power_db_uv2,secondary_global,-0.5789571080707185
lab_subject_3,inline_early_vs_no_ad_early,theta_power_db_uv2,secondary_global,4.606394225609992
lab_subject_5,inline_early_vs_no_ad_early,theta_power_db_uv2,secondary_global,-1.2965767245126911
lab_subject_6,inline_early_vs_no_ad_early,theta_power_db_uv2,secondary_global,3.9929631423648324
lab_subject_7,inline_early_vs_no_ad_early,theta_power_db_uv2,secondary_global,1.5274891496738507
lab_subject_8,inline_early_vs_no_ad_early,theta_power_db_uv2,secondary_global,0.3852557102864722
lab_subject_9,inline_early_vs_no_ad_early,theta_power_db_uv2,secondary_global,-0.4818257735518685
lab_subject_1,block_early_vs_no_ad_early,theta_power_db_uv2,secondary_global,3.6002358071094704
lab_subject_10,block_early_vs_no_ad_early,theta_power_db_uv2,secondary_global,1.8353907185528282
lab_subject_11,block_early_vs_no_ad_early,theta_power_db_uv2,secondary_global,2.19301186651089
lab_subject_12,block_early_vs_no_ad_early,theta_power_db_uv2,secondary_global,3.7239457206540223
lab_subject_13,block_early_vs_no_ad_early,theta_power_db_uv2,secondary_global,-2.348260935469953
lab_subject_14,block_early_vs_no_ad_early,theta_power_db_uv2,secondary_global,-5.078292438358008
lab_subject_15,block_early_vs_no_ad_early,theta_power_db_uv2,secondary_global,5.643113294822717
lab_subject_16,block_early_vs_no_ad_early,theta_power_db_uv2,secondary_global,1.8834873786639736
lab_subject_17,block_early_vs_no_ad_early,theta_power_db_uv2,secondary_global,0.4719543784736109
lab_subject_18,block_early_vs_no_ad_early,theta_power_db_uv2,secondary_global,1.1347334429474385
lab_subject_19,block_early_vs_no_ad_early,theta_power_db_uv2,secondary_global,-1.2104624291550152
lab_subject_2,block_early_vs_no_ad_early,theta_power_db_uv2,secondary_global,-0.2875266811085817
lab_subject_3,block_early_vs_no_ad_early,theta_power_db_uv2,secondary_global,7.0162525232347415
lab_subject_5,block_early_vs_no_ad_early,theta_power_db_uv2,secondary_global,-2.2320765739333184
lab_subject_6,block_early_vs_no_ad_early,theta_power_db_uv2,secondary_global,1.6674448779978883
lab_subject_7,block_early_vs_no_ad_early,theta_power_db_uv2,secondary_global,0.932924222065449
lab_subject_8,block_early_vs_no_ad_early,theta_power_db_uv2,secondary_global,1.1853256071594434
lab_subject_9,block_early_vs_no_ad_early,theta_power_db_uv2,secondary_global,3.1930351656885856
lab_subject_1,inline_late_vs_no_ad_late,theta_power_db_uv2,secondary_global,-1.1184877117544412
lab_subject_10,inline_late_vs_no_ad_late,theta_power_db_uv2,secondary_global,-7.833588681565757
lab_subject_11,inline_late_vs_no_ad_late,theta_power_db_uv2,secondary_global,-0.7482775331407447
lab_subject_12,inline_late_vs_no_ad_late,theta_power_db_uv2,secondary_global,1.6766696681326616
lab_subject_13,inline_late_vs_no_ad_late,theta_power_db_uv2,secondary_global,-0.8225783710163777
lab_subject_14,inline_late_vs_no_ad_late,theta_power_db_uv2,secondary_global,5.840894888830448
lab_subject_15,inline_late_vs_no_ad_late,theta_power_db_uv2,secondary_global,-4.5381443739307645
lab_subject_16,inline_late_vs_no_ad_late,theta_power_db_uv2,secondary_global,2.403946953861629
lab_subject_17,inline_late_vs_no_ad_late,theta_power_db_uv2,secondary_global,-2.73084642341826
lab_subject_18,inline_late_vs_no_ad_late,theta_power_db_uv2,secondary_global,1.7528599680098997
lab_subject_19,inline_late_vs_no_ad_late,theta_power_db_uv2,secondary_global,0.8350499021662596
lab_subject_2,inline_late_vs_no_ad_late,theta_power_db_uv2,secondary_global,-2.5393527659222137
lab_subject_3,inline_late_vs_no_ad_late,theta_power_db_uv2,secondary_global,2.2796603729322333
lab_subject_5,inline_late_vs_no_ad_late,theta_power_db_uv2,secondary_global,-0.1866766914460296
lab_subject_6,inline_late_vs_no_ad_late,theta_power_db_uv2,secondary_global,-2.0206691213605685
lab_subject_7,inline_late_vs_no_ad_late,theta_power_db_uv2,secondary_global,4.318058550398128
lab_subject_8,inline_late_vs_no_ad_late,theta_power_db_uv2,secondary_global,1.3265012637093587
lab_subject_9,inline_late_vs_no_ad_late,theta_power_db_uv2,secondary_global,3.922890073088526
lab_subject_1,block_late_vs_no_ad_late,theta_power_db_uv2,secondary_global,1.0831009944459078
lab_subject_10,block_late_vs_no_ad_late,theta_power_db_uv2,secondary_global,-3.431144381542489
lab_subject_11,block_late_vs_no_ad_late,theta_power_db_uv2,secondary_global,1.229472725115781
lab_subject_12,block_late_vs_no_ad_late,theta_power_db_uv2,secondary_global,0.5356216176165924
lab_subject_13,block_late_vs_no_ad_late,theta_power_db_uv2,secondary_global,6.8266371539157635
lab_subject_14,block_late_vs_no_ad_late,theta_power_db_uv2,secondary_global,5.61526617150205
lab_subject_15,block_late_vs_no_ad_late,theta_power_db_uv2,secondary_global,-1.1601563446289536
lab_subject_16,block_late_vs_no_ad_late,theta_power_db_uv2,secondary_global,2.788821067572071
lab_subject_17,block_late_vs_no_ad_late,theta_power_db_uv2,secondary_global,-3.1143560493446634
lab_subject_18,block_late_vs_no_ad_late,theta_power_db_uv2,secondary_global,1.8418468538748662
lab_subject_19,block_late_vs_no_ad_late,theta_power_db_uv2,secondary_global,-2.1041913151403566
lab_subject_2,block_late_vs_no_ad_late,theta_power_db_uv2,secondary_global,2.84088569113033
lab_subject_3,block_late_vs_no_ad_late,theta_power_db_uv2,secondary_global,0.1723132430413008
lab_subject_5,block_late_vs_no_ad_late,theta_power_db_uv2,secondary_global,-4.257032557434753
lab_subject_6,block_late_vs_no_ad_late,theta_power_db_uv2,secondary_global,2.619031377736757
lab_subject_7,block_late_vs_no_ad_late,theta_power_db_uv2,secondary_global,4.4169537400621515
lab_subject_8,block_late_vs_no_ad_late,theta_power_db_uv2,secondary_global,0.5344574166248117
lab_subject_9,block_late_vs_no_ad_late,theta_power_db_uv2,secondary_global,-2.054711042788168
lab_subject_1,any_ad_vs_matched_no_ad,theta_power_db_uv2,secondary_global,0.9919007862499558
lab_subject_10,any_ad_vs_matched_no_ad,theta_power_db_uv2,secondary_global,-1.8736386280416018
lab_subject_11,any_ad_vs_matched_no_ad,theta_power_db_uv2,secondary_global,1.1732808480912662
lab_subject_12,any_ad_vs_matched_no_ad,theta_power_db_uv2,secondary_global,2.2415815775265546
lab_subject_13,any_ad_vs_matched_no_ad,theta_power_db_uv2,secondary_global,0.2241207060825645
lab_subject_14,any_ad_vs_matched_no_ad,theta_power_db_uv2,secondary_global,0.018814537960075817
lab_subject_15,any_ad_vs_matched_no_ad,theta_power_db_uv2,secondary_global,0.23514051901438393
lab_subject_16,any_ad_vs_matched_no_ad,theta_power_db_uv2,secondary_global,1.4894357830841691
lab_subject_17,any_ad_vs_matched_no_ad,theta_power_db_uv2,secondary_global,-1.0147730543711944
lab_subject_18,any_ad_vs_matched_no_ad,theta_power_db_uv2,secondary_global,1.518789527790685
lab_subject_19,any_ad_vs_matched_no_ad,theta_power_db_uv2,secondary_global,-0.4297167585368271
lab_subject_2,any_ad_vs_matched_no_ad,theta_power_db_uv2,secondary_global,-0.141237715992796
lab_subject_3,any_ad_vs_matched_no_ad,theta_power_db_uv2,secondary_global,3.518655091204567
lab_subject_5,any_ad_vs_matched_no_ad,theta_power_db_uv2,secondary_global,-1.993090636831698
lab_subject_6,any_ad_vs_matched_no_ad,theta_power_db_uv2,secondary_global,1.5646925691847273
lab_subject_7,any_ad_vs_matched_no_ad,theta_power_db_uv2,secondary_global,2.7988564155498947
lab_subject_8,any_ad_vs_matched_no_ad,theta_power_db_uv2,secondary_global,0.8578849994450215
lab_subject_9,any_ad_vs_matched_no_ad,theta_power_db_uv2,secondary_global,1.1448471056092688
lab_subject_1,inline_vs_block,theta_power_db_uv2,secondary_global,-2.6995352290554666
lab_subject_10,inline_vs_block,theta_power_db_uv2,secondary_global,-2.151523593093543
lab_subject_11,inline_vs_block,theta_power_db_uv2,secondary_global,-1.0759228954441387
lab_subject_12,inline_vs_block,theta_power_db_uv2,secondary_global,0.22359581678249407
lab_subject_13,inline_vs_block,theta_power_db_uv2,secondary_global,-4.030134806280682
lab_subject_14,inline_vs_block,theta_power_db_uv2,secondary_global,-0.4993446572238909
lab_subject_15,inline_vs_block,theta_power_db_uv2,secondary_global,-4.012675912164996
lab_subject_16,inline_vs_block,theta_power_db_uv2,secondary_global,-1.6934368800677064
lab_subject_17,inline_vs_block,theta_power_db_uv2,secondary_global,0.6128555621286638
lab_subject_18,inline_vs_block,theta_power_db_uv2,secondary_global,0.06099875875906546
lab_subject_19,inline_vs_block,theta_power_db_uv2,secondary_global,2.4552202272217176
lab_subject_2,inline_vs_block,theta_power_db_uv2,secondary_global,-2.8358344420073403
lab_subject_3,inline_vs_block,theta_power_db_uv2,secondary_global,-0.15125558386690852
lab_subject_5,inline_vs_block,theta_power_db_uv2,secondary_global,2.5029278577046754
lab_subject_6,inline_vs_block,theta_power_db_uv2,secondary_global,-1.1570911173651908
lab_subject_7,inline_vs_block,theta_power_db_uv2,secondary_global,0.2478348689721892
lab_subject_8,inline_vs_block,theta_power_db_uv2,secondary_global,-0.004013024894212069
lab_subject_9,inline_vs_block,theta_power_db_uv2,secondary_global,1.15137008831812
lab_subject_1,early_vs_late,theta_power_db_uv2,secondary_global,-0.8085627368731676
lab_subject_10,early_vs_late,theta_power_db_uv2,secondary_global,2.822262827417044
lab_subject_11,early_vs_late,theta_power_db_uv2,secondary_global,1.1380998454690925
lab_subject_12,early_vs_late,theta_power_db_uv2,secondary_global,0.27430377326981104
lab_subject_13,early_vs_late,theta_power_db_uv2,secondary_global,-3.468622501456779
lab_subject_14,early_vs_late,theta_power_db_uv2,secondary_global,0.47229199539601807
lab_subject_15,early_vs_late,theta_power_db_uv2,secondary_global,1.8278286910013477
lab_subject_16,early_vs_late,theta_power_db_uv2,secondary_global,-4.249761233955251
lab_subject_17,early_vs_late,theta_power_db_uv2,secondary_global,0.9467789094474779
lab_subject_18,early_vs_late,theta_power_db_uv2,secondary_global,-1.1391722300427918
lab_subject_19,early_vs_late,theta_power_db_uv2,secondary_global,-1.8594162236632172
lab_subject_2,early_vs_late,theta_power_db_uv2,secondary_global,1.2670579435438452
lab_subject_3,early_vs_late,theta_power_db_uv2,secondary_global,1.3390853427107308
lab_subject_5,early_vs_late,theta_power_db_uv2,secondary_global,0.34862952318776097
lab_subject_6,early_vs_late,theta_power_db_uv2,secondary_global,0.7574598494344649
lab_subject_7,early_vs_late,theta_power_db_uv2,secondary_global,2.192618380828838
lab_subject_8,early_vs_late,theta_power_db_uv2,secondary_global,1.2407540717270922
lab_subject_9,early_vs_late,theta_power_db_uv2,secondary_global,3.0268261043788165
lab_subject_1,format_x_timing,theta_power_db_uv2,secondary_global,-0.9958930457102353
lab_subject_10,format_x_timing,theta_power_db_uv2,secondary_global,4.501841413859451
lab_subject_11,format_x_timing,theta_power_db_uv2,secondary_global,1.8036547256247744
lab_subject_12,format_x_timing,theta_power_db_uv2,secondary_global,-1.8349044674671502
lab_subject_13,format_x_timing,theta_power_db_uv2,secondary_global,7.238161437302919
lab_subject_14,format_x_timing,theta_power_db_uv2,secondary_global,-1.4499467491045759
lab_subject_15,format_x_timing,theta_power_db_uv2,secondary_global,-1.26937576572637
lab_subject_16,format_x_timing,theta_power_db_uv2,secondary_global,-2.617125532714529
lab_subject_17,format_x_timing,theta_power_db_uv2,secondary_global,0.45869187240452103
lab_subject_18,format_x_timing,theta_power_db_uv2,secondary_global,0.29997128924806393
lab_subject_19,format_x_timing,theta_power_db_uv2,secondary_global,-0.9680419801697973
lab_subject_2,format_x_timing,theta_power_db_uv2,secondary_global,5.088808030090407
lab_subject_3,format_x_timing,theta_power_db_uv2,secondary_global,-4.517205427515682
lab_subject_5,format_x_timing,theta_power_db_uv2,secondary_global,-3.1348560165680963
lab_subject_6,format_x_timing,theta_power_db_uv2,secondary_global,6.96521876346427
lab_subject_7,format_x_timing,theta_power_db_uv2,secondary_global,0.6934601172724251
lab_subject_8,format_x_timing,theta_power_db_uv2,secondary_global,-1.5921137439575181
lab_subject_9,format_x_timing,theta_power_db_uv2,secondary_global,-9.652462055117148
lab_subject_1,inline_early_vs_no_ad_early,alpha_power_db_uv2,secondary_global,-1.2709709296166487
lab_subject_10,inline_early_vs_no_ad_early,alpha_power_db_uv2,secondary_global,-4.37854365107476
lab_subject_11,inline_early_vs_no_ad_early,alpha_power_db_uv2,secondary_global,-0.8548129090223444
lab_subject_12,inline_early_vs_no_ad_early,alpha_power_db_uv2,secondary_global,6.3382783042692
lab_subject_13,inline_early_vs_no_ad_early,alpha_power_db_uv2,secondary_global,-4.443590568836335
lab_subject_14,inline_early_vs_no_ad_early,alpha_power_db_uv2,secondary_global,-10.094870494676158
lab_subject_15,inline_early_vs_no_ad_early,alpha_power_db_uv2,secondary_global,1.2681439667626475
lab_subject_16,inline_early_vs_no_ad_early,alpha_power_db_uv2,secondary_global,-1.1808050579435694
lab_subject_17,inline_early_vs_no_ad_early,alpha_power_db_uv2,secondary_global,3.2939324288397342
lab_subject_18,inline_early_vs_no_ad_early,alpha_power_db_uv2,secondary_global,1.999562096380635
lab_subject_19,inline_early_vs_no_ad_early,alpha_power_db_uv2,secondary_global,-0.6028146977807083
lab_subject_2,inline_early_vs_no_ad_early,alpha_power_db_uv2,secondary_global,3.138728275075497
lab_subject_3,inline_early_vs_no_ad_early,alpha_power_db_uv2,secondary_global,0.7590690224170249
lab_subject_5,inline_early_vs_no_ad_early,alpha_power_db_uv2,secondary_global,0.7131976111142317
lab_subject_6,inline_early_vs_no_ad_early,alpha_power_db_uv2,secondary_global,4.1226775799845115
lab_subject_7,inline_early_vs_no_ad_early,alpha_power_db_uv2,secondary_global,0.9703667541619758
lab_subject_8,inline_early_vs_no_ad_early,alpha_power_db_uv2,secondary_global,2.2640275090343334
lab_subject_9,inline_early_vs_no_ad_early,alpha_power_db_uv2,secondary_global,-1.9883502831102406
lab_subject_1,block_early_vs_no_ad_early,alpha_power_db_uv2,secondary_global,0.2887984404288737
lab_subject_10,block_early_vs_no_ad_early,alpha_power_db_uv2,secondary_global,-0.7892874477278431
lab_subject_11,block_early_vs_no_ad_early,alpha_power_db_uv2,secondary_global,0.512465500936651
lab_subject_12,block_early_vs_no_ad_early,alpha_power_db_uv2,secondary_global,4.695491706477439
lab_subject_13,block_early_vs_no_ad_early,alpha_power_db_uv2,secondary_global,-5.112828819393888
lab_subject_14,block_early_vs_no_ad_early,alpha_power_db_uv2,secondary_global,-6.099092039217561
lab_subject_15,block_early_vs_no_ad_early,alpha_power_db_uv2,secondary_global,1.1521017323109275
lab_subject_16,block_early_vs_no_ad_early,alpha_power_db_uv2,secondary_global,-1.7386435587197369
lab_subject_17,block_early_vs_no_ad_early,alpha_power_db_uv2,secondary_global,2.6991985629104285
lab_subject_18,block_early_vs_no_ad_early,alpha_power_db_uv2,secondary_global,-1.036224928082885
lab_subject_19,block_early_vs_no_ad_early,alpha_power_db_uv2,secondary_global,-7.5551123339083315
lab_subject_2,block_early_vs_no_ad_early,alpha_power_db_uv2,secondary_global,2.698111389957882
lab_subject_3,block_early_vs_no_ad_early,alpha_power_db_uv2,secondary_global,0.11117708507967539
lab_subject_5,block_early_vs_no_ad_early,alpha_power_db_uv2,secondary_global,1.511900494892663
lab_subject_6,block_early_vs_no_ad_early,alpha_power_db_uv2,secondary_global,2.28097701194727
lab_subject_7,block_early_vs_no_ad_early,alpha_power_db_uv2,secondary_global,0.59112419233626
lab_subject_8,block_early_vs_no_ad_early,alpha_power_db_uv2,secondary_global,-0.4538928780651261
lab_subject_9,block_early_vs_no_ad_early,alpha_power_db_uv2,secondary_global,1.7979164481343473
lab_subject_1,inline_late_vs_no_ad_late,alpha_power_db_uv2,secondary_global,-2.128449903473648
lab_subject_10,inline_late_vs_no_ad_late,alpha_power_db_uv2,secondary_global,-4.83965856549954
lab_subject_11,inline_late_vs_no_ad_late,alpha_power_db_uv2,secondary_global,-0.33045981781935563
lab_subject_12,inline_late_vs_no_ad_late,alpha_power_db_uv2,secondary_global,-4.219572543477879
lab_subject_13,inline_late_vs_no_ad_late,alpha_power_db_uv2,secondary_global,-3.3079775182333995
lab_subject_14,inline_late_vs_no_ad_late,alpha_power_db_uv2,secondary_global,4.7621344579660505
lab_subject_15,inline_late_vs_no_ad_late,alpha_power_db_uv2,secondary_global,-0.1124974371989309
lab_subject_16,inline_late_vs_no_ad_late,alpha_power_db_uv2,secondary_global,-2.0048743236472006
lab_subject_17,inline_late_vs_no_ad_late,alpha_power_db_uv2,secondary_global,-0.8620040320649087
lab_subject_18,inline_late_vs_no_ad_late,alpha_power_db_uv2,secondary_global,0.6685911622782075
lab_subject_19,inline_late_vs_no_ad_late,alpha_power_db_uv2,secondary_global,-0.1259156199780569
lab_subject_2,inline_late_vs_no_ad_late,alpha_power_db_uv2,secondary_global,2.9835847196862373
lab_subject_3,inline_late_vs_no_ad_late,alpha_power_db_uv2,secondary_global,-0.44715476177864044
lab_subject_5,inline_late_vs_no_ad_late,alpha_power_db_uv2,secondary_global,0.08879051864632848
lab_subject_6,inline_late_vs_no_ad_late,alpha_power_db_uv2,secondary_global,-1.1813878089834837
lab_subject_7,inline_late_vs_no_ad_late,alpha_power_db_uv2,secondary_global,0.7993346359131253
lab_subject_8,inline_late_vs_no_ad_late,alpha_power_db_uv2,secondary_global,-2.870627185688071
lab_subject_9,inline_late_vs_no_ad_late,alpha_power_db_uv2,secondary_global,2.504113090231691
lab_subject_1,block_late_vs_no_ad_late,alpha_power_db_uv2,secondary_global,-1.7221020950457544
lab_subject_10,block_late_vs_no_ad_late,alpha_power_db_uv2,secondary_global,-5.024091541090335
lab_subject_11,block_late_vs_no_ad_late,alpha_power_db_uv2,secondary_global,-0.5185158138824457
lab_subject_12,block_late_vs_no_ad_late,alpha_power_db_uv2,secondary_global,-3.4036549660887054
lab_subject_13,block_late_vs_no_ad_late,alpha_power_db_uv2,secondary_global,-0.5068840158306829
lab_subject_14,block_late_vs_no_ad_late,alpha_power_db_uv2,secondary_global,4.188182164711719
lab_subject_15,block_late_vs_no_ad_late,alpha_power_db_uv2,secondary_global,-0.5984976034526726
lab_subject_16,block_late_vs_no_ad_late,alpha_power_db_uv2,secondary_global,0.6588112929468704
lab_subject_17,block_late_vs_no_ad_late,alpha_power_db_uv2,secondary_global,-1.3191058457187665
lab_subject_18,block_late_vs_no_ad_late,alpha_power_db_uv2,secondary_global,-1.111917709854096
lab_subject_19,block_late_vs_no_ad_late,alpha_power_db_uv2,secondary_global,-3.1209889213675552
lab_subject_2,block_late_vs_no_ad_late,alpha_power_db_uv2,secondary_global,5.666163361141511
lab_subject_3,block_late_vs_no_ad_late,alpha_power_db_uv2,secondary_global,-2.064488806136236
lab_subject_5,block_late_vs_no_ad_late,alpha_power_db_uv2,secondary_global,-3.3719409001168277
lab_subject_6,block_late_vs_no_ad_late,alpha_power_db_uv2,secondary_global,0.4304132416820883
lab_subject_7,block_late_vs_no_ad_late,alpha_power_db_uv2,secondary_global,0.5548647459298306
lab_subject_8,block_late_vs_no_ad_late,alpha_power_db_uv2,secondary_global,-1.9445817334992235
lab_subject_9,block_late_vs_no_ad_late,alpha_power_db_uv2,secondary_global,-2.306853573942278
lab_subject_1,any_ad_vs_matched_no_ad,alpha_power_db_uv2,secondary_global,-1.2081811219267944
lab_subject_10,any_ad_vs_matched_no_ad,alpha_power_db_uv2,secondary_global,-3.7578953013481193
lab_subject_11,any_ad_vs_matched_no_ad,alpha_power_db_uv2,secondary_global,-0.2978307599468737
lab_subject_12,any_ad_vs_matched_no_ad,alpha_power_db_uv2,secondary_global,0.8526356252950136
lab_subject_13,any_ad_vs_matched_no_ad,alpha_power_db_uv2,secondary_global,-3.3428202305735764
lab_subject_14,any_ad_vs_matched_no_ad,alpha_power_db_uv2,secondary_global,-1.8109114778039874
lab_subject_15,any_ad_vs_matched_no_ad,alpha_power_db_uv2,secondary_global,0.4273126646054929
lab_subject_16,any_ad_vs_matched_no_ad,alpha_power_db_uv2,secondary_global,-1.0663779118409091
lab_subject_17,any_ad_vs_matched_no_ad,alpha_power_db_uv2,secondary_global,0.9530052784916219
lab_subject_18,any_ad_vs_matched_no_ad,alpha_power_db_uv2,secondary_global,0.1300026551804654
lab_subject_19,any_ad_vs_matched_no_ad,alpha_power_db_uv2,secondary_global,-2.851207893258663
lab_subject_2,any_ad_vs_matched_no_ad,alpha_power_db_uv2,secondary_global,3.621646936465282
lab_subject_3,any_ad_vs_matched_no_ad,alpha_power_db_uv2,secondary_global,-0.410349365104544
lab_subject_5,any_ad_vs_matched_no_ad,alpha_power_db_uv2,secondary_global,-0.2645130688659011
lab_subject_6,any_ad_vs_matched_no_ad,alpha_power_db_uv2,secondary_global,1.4131700061575965
lab_subject_7,any_ad_vs_matched_no_ad,alpha_power_db_uv2,secondary_global,0.7289225820852979
lab_subject_8,any_ad_vs_matched_no_ad,alpha_power_db_uv2,secondary_global,-0.7512685720545218
lab_subject_9,any_ad_vs_matched_no_ad,alpha_power_db_uv2,secondary_global,0.0017064203283798651
lab_subject_1,inline_vs_block,alpha_power_db_uv2,secondary_global,-0.9830585892367081
lab_subject_10,inline_vs_block,alpha_power_db_uv2,secondary_global,-1.702411613878061
lab_subject_11,inline_vs_block,alpha_power_db_uv2,secondary_global,-0.5896112069479527
lab_subject_12,inline_vs_block,alpha_power_db_uv2,secondary_global,0.41343451020129374
lab_subject_13,inline_vs_block,alpha_power_db_uv2,secondary_global,-1.0659276259225818
lab_subject_14,inline_vs_block,alpha_power_db_uv2,secondary_global,-1.710913081102132
lab_subject_15,inline_vs_block,alpha_power_db_uv2,secondary_global,0.3010212003527308
lab_subject_16,inline_vs_block,alpha_power_db_uv2,secondary_global,-1.0529235579089518
lab_subject_17,inline_vs_block,alpha_power_db_uv2,secondary_global,0.5259178397915818
lab_subject_18,inline_vs_block,alpha_power_db_uv2,secondary_global,2.408147948297912
lab_subject_19,inline_vs_block,alpha_power_db_uv2,secondary_global,4.9736854687585605
lab_subject_2,inline_vs_block,alpha_power_db_uv2,secondary_global,-1.1209808781688295
lab_subject_3,inline_vs_block,alpha_power_db_uv2,secondary_global,1.1326129908474725
lab_subject_5,inline_vs_block,alpha_power_db_uv2,secondary_global,1.3310142674923624
lab_subject_6,inline_vs_block,alpha_power_db_uv2,secondary_global,0.11494975868583479
lab_subject_7,inline_vs_block,alpha_power_db_uv2,secondary_global,0.31185622590450524
lab_subject_8,inline_vs_block,alpha_power_db_uv2,secondary_global,0.895937467455306
lab_subject_9,inline_vs_block,alpha_power_db_uv2,secondary_global,0.5123499664646904
lab_subject_1,early_vs_late,alpha_power_db_uv2,secondary_global,-0.04760426997235445
lab_subject_10,early_vs_late,alpha_power_db_uv2,secondary_global,2.032105389818809
lab_subject_11,early_vs_late,alpha_power_db_uv2,secondary_global,2.326416222334055
lab_subject_12,early_vs_late,alpha_power_db_uv2,secondary_global,4.807411662628487
lab_subject_13,early_vs_late,alpha_power_db_uv2,secondary_global,-0.5313030520923532
lab_subject_14,early_vs_late,alpha_power_db_uv2,secondary_global,-0.47435948466229527
lab_subject_15,early_vs_late,alpha_power_db_uv2,secondary_global,-1.9082328327960945
lab_subject_16,early_vs_late,alpha_power_db_uv2,secondary_global,-0.5334867338021354
lab_subject_17,early_vs_late,alpha_power_db_uv2,secondary_global,0.839777294160708
lab_subject_18,early_vs_late,alpha_power_db_uv2,secondary_global,0.3471395392236398
lab_subject_19,early_vs_late,alpha_power_db_uv2,secondary_global,-2.689524524667675
lab_subject_2,early_vs_late,alpha_power_db_uv2,secondary_global,3.801825648363672
lab_subject_3,early_vs_late,alpha_power_db_uv2,secondary_global,0.5250348064817079
lab_subject_5,early_vs_late,alpha_power_db_uv2,secondary_global,3.2330656456298597
lab_subject_6,early_vs_late,alpha_power_db_uv2,secondary_global,-1.1184520903103752
lab_subject_7,early_vs_late,alpha_power_db_uv2,secondary_global,1.366099362359037
lab_subject_8,early_vs_late,alpha_power_db_uv2,secondary_global,2.2408178581763525
lab_subject_9,early_vs_late,alpha_power_db_uv2,secondary_global,-2.1346502884604024
lab_subject_1,format_x_timing,alpha_power_db_uv2,secondary_global,-1.1534215616176287
lab_subject_10,format_x_timing,alpha_power_db_uv2,secondary_global,-3.773689178937712
lab_subject_11,format_x_timing,alpha_power_db_uv2,secondary_global,-1.5553344060220855
lab_subject_12,format_x_timing,alpha_power_db_uv2,secondary_global,2.4587041751809346
lab_subject_13,format_x_timing,alpha_power_db_uv2,secondary_global,3.4703317529602695
lab_subject_14,format_x_timing,alpha_power_db_uv2,secondary_global,-4.569730748712928
lab_subject_15,format_x_timing,alpha_power_db_uv2,secondary_global,-0.36995793180202186
lab_subject_16,format_x_timing,alpha_power_db_uv2,secondary_global,3.2215241173702385
lab_subject_17,format_x_timing,alpha_power_db_uv2,secondary_global,0.13763205227544795
lab_subject_18,format_x_timing,alpha_power_db_uv2,secondary_global,1.2552781523312166
lab_subject_19,format_x_timing,alpha_power_db_uv2,secondary_global,3.957224334738125
lab_subject_2,format_x_timing,alpha_power_db_uv2,secondary_global,3.1231955265728892
lab_subject_3,format_x_timing,alpha_power_db_uv2,secondary_global,-0.9694421070202459
lab_subject_5,format_x_timing,alpha_power_db_uv2,secondary_global,-4.259434302541587
lab_subject_6,format_x_timing,alpha_power_db_uv2,secondary_global,3.4535016187028136
lab_subject_7,format_x_timing,alpha_power_db_uv2,secondary_global,0.13477267184242114
lab_subject_8,format_x_timing,alpha_power_db_uv2,secondary_global,3.643965839288307
lab_subject_9,format_x_timing,alpha_power_db_uv2,secondary_global,-8.597233395418556
lab_subject_1,inline_early_vs_no_ad_early,beta_power_db_uv2,secondary,1.3220377463383066
lab_subject_10,inline_early_vs_no_ad_early,beta_power_db_uv2,secondary,8.475903594739464
lab_subject_11,inline_early_vs_no_ad_early,beta_power_db_uv2,secondary,0.0022431539743994477
lab_subject_12,inline_early_vs_no_ad_early,beta_power_db_uv2,secondary,3.902251811899858
lab_subject_13,inline_early_vs_no_ad_early,beta_power_db_uv2,secondary,-6.233914686015723
lab_subject_14,inline_early_vs_no_ad_early,beta_power_db_uv2,secondary,-20.190572394580684
lab_subject_15,inline_early_vs_no_ad_early,beta_power_db_uv2,secondary,-1.2215853170741657
lab_subject_16,inline_early_vs_no_ad_early,beta_power_db_uv2,secondary,-1.0963557816853662
lab_subject_17,inline_early_vs_no_ad_early,beta_power_db_uv2,secondary,4.300617888399221
lab_subject_18,inline_early_vs_no_ad_early,beta_power_db_uv2,secondary,-2.8237168696096155
lab_subject_19,inline_early_vs_no_ad_early,beta_power_db_uv2,secondary,-2.380338278725082
lab_subject_2,inline_early_vs_no_ad_early,beta_power_db_uv2,secondary,11.379015041387515
lab_subject_3,inline_early_vs_no_ad_early,beta_power_db_uv2,secondary,-1.224174004322398
lab_subject_5,inline_early_vs_no_ad_early,beta_power_db_uv2,secondary,-1.5244186165631115
lab_subject_6,inline_early_vs_no_ad_early,beta_power_db_uv2,secondary,3.318058115756431
lab_subject_7,inline_early_vs_no_ad_early,beta_power_db_uv2,secondary,-0.02714187064239315
lab_subject_8,inline_early_vs_no_ad_early,beta_power_db_uv2,secondary,1.006302960848707
lab_subject_9,inline_early_vs_no_ad_early,beta_power_db_uv2,secondary,0.238108053930274
lab_subject_1,block_early_vs_no_ad_early,beta_power_db_uv2,secondary,2.505080307585878
lab_subject_10,block_early_vs_no_ad_early,beta_power_db_uv2,secondary,7.63864226113732
lab_subject_11,block_early_vs_no_ad_early,beta_power_db_uv2,secondary,2.1872939375521625
lab_subject_12,block_early_vs_no_ad_early,beta_power_db_uv2,secondary,3.4807612997522437
lab_subject_13,block_early_vs_no_ad_early,beta_power_db_uv2,secondary,-7.404723734580013
lab_subject_14,block_early_vs_no_ad_early,beta_power_db_uv2,secondary,-17.582879038916353
lab_subject_15,block_early_vs_no_ad_early,beta_power_db_uv2,secondary,-0.8424284965490649
lab_subject_16,block_early_vs_no_ad_early,beta_power_db_uv2,secondary,-0.6546685364948246
lab_subject_17,block_early_vs_no_ad_early,beta_power_db_uv2,secondary,3.0623630125765287
lab_subject_18,block_early_vs_no_ad_early,beta_power_db_uv2,secondary,-2.113170786019233
lab_subject_19,block_early_vs_no_ad_early,beta_power_db_uv2,secondary,-2.1037931336529194
lab_subject_2,block_early_vs_no_ad_early,beta_power_db_uv2,secondary,-1.551154926649124
lab_subject_3,block_early_vs_no_ad_early,beta_power_db_uv2,secondary,-2.1759529860340745
lab_subject_5,block_early_vs_no_ad_early,beta_power_db_uv2,secondary,-0.7169977743397462
lab_subject_6,block_early_vs_no_ad_early,beta_power_db_uv2,secondary,2.167501791925994
lab_subject_7,block_early_vs_no_ad_early,beta_power_db_uv2,secondary,-0.35710329607377567
lab_subject_8,block_early_vs_no_ad_early,beta_power_db_uv2,secondary,-2.3625640251181004
lab_subject_9,block_early_vs_no_ad_early,beta_power_db_uv2,secondary,0.9043463561289133
lab_subject_1,inline_late_vs_no_ad_late,beta_power_db_uv2,secondary,-1.19323553194927
lab_subject_10,inline_late_vs_no_ad_late,beta_power_db_uv2,secondary,-0.17177531568075732
lab_subject_11,inline_late_vs_no_ad_late,beta_power_db_uv2,secondary,-0.12244918868775834
lab_subject_12,inline_late_vs_no_ad_late,beta_power_db_uv2,secondary,-2.366336416250956
lab_subject_13,inline_late_vs_no_ad_late,beta_power_db_uv2,secondary,-0.1135915513764747
lab_subject_14,inline_late_vs_no_ad_late,beta_power_db_uv2,secondary,3.33721052396512
lab_subject_15,inline_late_vs_no_ad_late,beta_power_db_uv2,secondary,-3.260935964508446
lab_subject_16,inline_late_vs_no_ad_late,beta_power_db_uv2,secondary,-0.25927952142260047
lab_subject_17,inline_late_vs_no_ad_late,beta_power_db_uv2,secondary,-1.3041387946027898
lab_subject_18,inline_late_vs_no_ad_late,beta_power_db_uv2,secondary,1.453277115488377
lab_subject_19,inline_late_vs_no_ad_late,beta_power_db_uv2,secondary,-0.3753203607940092
lab_subject_2,inline_late_vs_no_ad_late,beta_power_db_uv2,secondary,2.8115362555742447
lab_subject_3,inline_late_vs_no_ad_late,beta_power_db_uv2,secondary,-0.7167601876830947
lab_subject_5,inline_late_vs_no_ad_late,beta_power_db_uv2,secondary,-0.19440892321048953
lab_subject_6,inline_late_vs_no_ad_late,beta_power_db_uv2,secondary,-0.20455768776762984
lab_subject_7,inline_late_vs_no_ad_late,beta_power_db_uv2,secondary,-0.3675323798726948
lab_subject_8,inline_late_vs_no_ad_late,beta_power_db_uv2,secondary,-1.0313961208210127
lab_subject_9,inline_late_vs_no_ad_late,beta_power_db_uv2,secondary,6.9627093693587
lab_subject_1,block_late_vs_no_ad_late,beta_power_db_uv2,secondary,-0.3795711877393746
lab_subject_10,block_late_vs_no_ad_late,beta_power_db_uv2,secondary,-2.7869355023480447
lab_subject_11,block_late_vs_no_ad_late,beta_power_db_uv2,secondary,0.26815053091967656
lab_subject_12,block_late_vs_no_ad_late,beta_power_db_uv2,secondary,-2.457673814910306
lab_subject_13,block_late_vs_no_ad_late,beta_power_db_uv2,secondary,-0.26988279475131005
lab_subject_14,block_late_vs_no_ad_late,beta_power_db_uv2,secondary,2.2461131898291615
lab_subject_15,block_late_vs_no_ad_late,beta_power_db_uv2,secondary,-2.8107450631593327
lab_subject_16,block_late_vs_no_ad_late,beta_power_db_uv2,secondary,-1.1942955860215747
lab_subject_17,block_late_vs_no_ad_late,beta_power_db_uv2,secondary,0.5673204926475774
lab_subject_18,block_late_vs_no_ad_late,beta_power_db_uv2,secondary,-6.805709258652803
lab_subject_19,block_late_vs_no_ad_late,beta_power_db_uv2,secondary,-2.4280220630208884
lab_subject_2,block_late_vs_no_ad_late,beta_power_db_uv2,secondary,3.5279603316640813
lab_subject_3,block_late_vs_no_ad_late,beta_power_db_uv2,secondary,-1.948287735665148
lab_subject_5,block_late_vs_no_ad_late,beta_power_db_uv2,secondary,-1.1926042462709043
lab_subject_6,block_late_vs_no_ad_late,beta_power_db_uv2,secondary,2.1053126642802065
lab_subject_7,block_late_vs_no_ad_late,beta_power_db_uv2,secondary,0.33112968589473546
lab_subject_8,block_late_vs_no_ad_late,beta_power_db_uv2,secondary,-0.7500999023863688
lab_subject_9,block_late_vs_no_ad_late,beta_power_db_uv2,secondary,-0.7503595432569838
lab_subject_1,any_ad_vs_matched_no_ad,beta_power_db_uv2,secondary,0.563577833558885
lab_subject_10,any_ad_vs_matched_no_ad,beta_power_db_uv2,secondary,3.288958759461995
lab_subject_11,any_ad_vs_matched_no_ad,beta_power_db_uv2,secondary,0.58380960843962
lab_subject_12,any_ad_vs_matched_no_ad,beta_power_db_uv2,secondary,0.63975072012271
lab_subject_13,any_ad_vs_matched_no_ad,beta_power_db_uv2,secondary,-3.50552819168088
lab_subject_14,any_ad_vs_matched_no_ad,beta_power_db_uv2,secondary,-8.047531929925688
lab_subject_15,any_ad_vs_matched_no_ad,beta_power_db_uv2,secondary,-2.0339237103227523
lab_subject_16,any_ad_vs_matched_no_ad,beta_power_db_uv2,secondary,-0.8011498564060915
lab_subject_17,any_ad_vs_matched_no_ad,beta_power_db_uv2,secondary,1.6565406497551343
lab_subject_18,any_ad_vs_matched_no_ad,beta_power_db_uv2,secondary,-2.5723299496983185
lab_subject_19,any_ad_vs_matched_no_ad,beta_power_db_uv2,secondary,-1.8218684590482248
lab_subject_2,any_ad_vs_matched_no_ad,beta_power_db_uv2,secondary,4.041839175494179
lab_subject_3,any_ad_vs_matched_no_ad,beta_power_db_uv2,secondary,-1.5162937284261788
lab_subject_5,any_ad_vs_matched_no_ad,beta_power_db_uv2,secondary,-0.9071073900960629
lab_subject_6,any_ad_vs_matched_no_ad,beta_power_db_uv2,secondary,1.8465787210487503
lab_subject_7,any_ad_vs_matched_no_ad,beta_power_db_uv2,secondary,-0.10516196517353205
lab_subject_8,any_ad_vs_matched_no_ad,beta_power_db_uv2,secondary,-0.7844392718691937
lab_subject_9,any_ad_vs_matched_no_ad,beta_power_db_uv2,secondary,1.838701059040226
lab_subject_1,inline_vs_block,beta_power_db_uv2,secondary,-0.9983534527287334
lab_subject_10,inline_vs_block,beta_power_db_uv2,secondary,1.7262107601347152
lab_subject_11,inline_vs_block,beta_power_db_uv2,secondary,-1.287825251592599
lab_subject_12,inline_vs_block,beta_power_db_uv2,secondary,0.25641395540348233
lab_subject_13,inline_vs_block,beta_power_db_uv2,secondary,0.663550145969563
lab_subject_14,inline_vs_block,beta_power_db_uv2,secondary,-0.758298010764185
lab_subject_15,inline_vs_block,beta_power_db_uv2,secondary,-0.414673860937107
lab_subject_16,inline_vs_block,beta_power_db_uv2,secondary,0.24666440970421633
lab_subject_17,inline_vs_block,beta_power_db_uv2,secondary,-0.31660220571383757
lab_subject_18,inline_vs_block,beta_power_db_uv2,secondary,3.7742201452753985
lab_subject_19,inline_vs_block,beta_power_db_uv2,secondary,0.8880782785773582
lab_subject_2,inline_vs_block,beta_power_db_uv2,secondary,6.106872945973401
lab_subject_3,inline_vs_block,beta_power_db_uv2,secondary,1.0916532648468649
lab_subject_5,inline_vs_block,beta_power_db_uv2,secondary,0.09538724041852475
lab_subject_6,inline_vs_block,beta_power_db_uv2,secondary,-0.5796570141086996
lab_subject_7,inline_vs_block,beta_power_db_uv2,secondary,-0.18435032016802388
lab_subject_8,inline_vs_block,beta_power_db_uv2,secondary,1.5437853837660818
lab_subject_9,inline_vs_block,beta_power_db_uv2,secondary,3.5234153052085224
lab_subject_1,early_vs_late,beta_power_db_uv2,secondary,0.4796404973503998
lab_subject_10,early_vs_late,beta_power_db_uv2,secondary,1.2678751173647012
lab_subject_11,early_vs_late,beta_power_db_uv2,secondary,1.6468426067735678
lab_subject_12,early_vs_late,beta_power_db_uv2,secondary,3.580320226449621
lab_subject_13,early_vs_late,beta_power_db_uv2,secondary,0.5156199274483382
lab_subject_14,early_vs_late,beta_power_db_uv2,secondary,-0.44955953298649387
lab_subject_15,early_vs_late,beta_power_db_uv2,secondary,-1.712114767700561
lab_subject_16,early_vs_late,beta_power_db_uv2,secondary,0.08678562605020801
lab_subject_17,early_vs_late,beta_power_db_uv2,secondary,0.7580628735437314
lab_subject_18,early_vs_late,beta_power_db_uv2,secondary,-0.549819988315575
lab_subject_19,early_vs_late,beta_power_db_uv2,secondary,-0.9391267453347223
lab_subject_2,early_vs_late,beta_power_db_uv2,secondary,4.539618436572643
lab_subject_3,early_vs_late,beta_power_db_uv2,secondary,-0.04245560301002316
lab_subject_5,early_vs_late,beta_power_db_uv2,secondary,0.095470840786116
lab_subject_6,early_vs_late,beta_power_db_uv2,secondary,-0.5495416442438246
lab_subject_7,early_vs_late,beta_power_db_uv2,secondary,0.25583842325537365
lab_subject_8,early_vs_late,beta_power_db_uv2,secondary,0.8157683396743192
lab_subject_9,early_vs_late,beta_power_db_uv2,secondary,-2.634255849629292
lab_subject_1,format_x_timing,beta_power_db_uv2,secondary,-0.36937821703767604
lab_subject_10,format_x_timing,beta_power_db_uv2,secondary,-1.7778988530651443
lab_subject_11,format_x_timing,beta_power_db_uv2,secondary,-1.7944510639703282
lab_subject_12,format_x_timing,beta_power_db_uv2,secondary,0.33015311348826426
lab_subject_13,format_x_timing,beta_power_db_uv2,secondary,1.0145178051894552
lab_subject_14,format_x_timing,beta_power_db_uv2,secondary,-3.698790689800287
lab_subject_15,format_x_timing,beta_power_db_uv2,secondary,0.07103408082401241
lab_subject_16,format_x_timing,beta_power_db_uv2,secondary,-1.3767033097895158
lab_subject_17,format_x_timing,beta_power_db_uv2,secondary,3.1097141630730594
lab_subject_18,format_x_timing,beta_power_db_uv2,secondary,-8.969532457731564
lab_subject_19,format_x_timing,beta_power_db_uv2,secondary,-2.329246847299042
lab_subject_2,format_x_timing,beta_power_db_uv2,secondary,13.646594044126475
lab_subject_3,format_x_timing,beta_power_db_uv2,secondary,-0.2797485662703769
lab_subject_5,format_x_timing,beta_power_db_uv2,secondary,-1.80561616528378
lab_subject_6,format_x_timing,beta_power_db_uv2,secondary,3.4604266758782734
lab_subject_7,format_x_timing,beta_power_db_uv2,secondary,1.0286234911988128
lab_subject_8,format_x_timing,beta_power_db_uv2,secondary,3.6501632044014514
lab_subject_9,format_x_timing,beta_power_db_uv2,secondary,-8.379307214814324
lab_subject_1,inline_early_vs_no_ad_early,faa_log_f4_minus_f3,secondary,0.009496407885677627
lab_subject_10,inline_early_vs_no_ad_early,faa_log_f4_minus_f3,secondary,0.2056637241983168
lab_subject_11,inline_early_vs_no_ad_early,faa_log_f4_minus_f3,secondary,0.03137394849675701
lab_subject_12,inline_early_vs_no_ad_early,faa_log_f4_minus_f3,secondary,-0.6320536059862825
lab_subject_13,inline_early_vs_no_ad_early,faa_log_f4_minus_f3,secondary,0.6071299385510223
lab_subject_14,inline_early_vs_no_ad_early,faa_log_f4_minus_f3,secondary,0.26611834485806796
lab_subject_15,inline_early_vs_no_ad_early,faa_log_f4_minus_f3,secondary,-1.0606259286468962
lab_subject_16,inline_early_vs_no_ad_early,faa_log_f4_minus_f3,secondary,0.1013172130487412
lab_subject_17,inline_early_vs_no_ad_early,faa_log_f4_minus_f3,secondary,-1.1039015390934637
lab_subject_18,inline_early_vs_no_ad_early,faa_log_f4_minus_f3,secondary,0.5912402763649354
lab_subject_19,inline_early_vs_no_ad_early,faa_log_f4_minus_f3,secondary,-0.1350504698827919
lab_subject_2,inline_early_vs_no_ad_early,faa_log_f4_minus_f3,secondary,-1.0367376640076849
lab_subject_3,inline_early_vs_no_ad_early,faa_log_f4_minus_f3,secondary,2.0990459494848075
lab_subject_5,inline_early_vs_no_ad_early,faa_log_f4_minus_f3,secondary,0.09712068779260008
lab_subject_6,inline_early_vs_no_ad_early,faa_log_f4_minus_f3,secondary,-0.1253266082818918
lab_subject_7,inline_early_vs_no_ad_early,faa_log_f4_minus_f3,secondary,-0.12155514609103335
lab_subject_8,inline_early_vs_no_ad_early,faa_log_f4_minus_f3,secondary,-1.2224299928860134
lab_subject_9,inline_early_vs_no_ad_early,faa_log_f4_minus_f3,secondary,-0.20390094443524376
lab_subject_1,block_early_vs_no_ad_early,faa_log_f4_minus_f3,secondary,0.08013534412072332
lab_subject_10,block_early_vs_no_ad_early,faa_log_f4_minus_f3,secondary,0.3311381782284357
lab_subject_11,block_early_vs_no_ad_early,faa_log_f4_minus_f3,secondary,-0.2408411272770543
lab_subject_12,block_early_vs_no_ad_early,faa_log_f4_minus_f3,secondary,0.138489620147066
lab_subject_13,block_early_vs_no_ad_early,faa_log_f4_minus_f3,secondary,0.970127433015147
lab_subject_14,block_early_vs_no_ad_early,faa_log_f4_minus_f3,secondary,-0.3817431416746011
lab_subject_15,block_early_vs_no_ad_early,faa_log_f4_minus_f3,secondary,0.08214186261502832
lab_subject_16,block_early_vs_no_ad_early,faa_log_f4_minus_f3,secondary,0.773623976002682
lab_subject_17,block_early_vs_no_ad_early,faa_log_f4_minus_f3,secondary,-0.15595826520578981
lab_subject_18,block_early_vs_no_ad_early,faa_log_f4_minus_f3,secondary,1.4220858349945438
lab_subject_19,block_early_vs_no_ad_early,faa_log_f4_minus_f3,secondary,-0.3418002911877629
lab_subject_2,block_early_vs_no_ad_early,faa_log_f4_minus_f3,secondary,-1.083864268474347
lab_subject_3,block_early_vs_no_ad_early,faa_log_f4_minus_f3,secondary,1.3111559892029767
lab_subject_5,block_early_vs_no_ad_early,faa_log_f4_minus_f3,secondary,0.7348129365238627
lab_subject_6,block_early_vs_no_ad_early,faa_log_f4_minus_f3,secondary,-0.5393562178412914
lab_subject_7,block_early_vs_no_ad_early,faa_log_f4_minus_f3,secondary,0.6389026366642092
lab_subject_8,block_early_vs_no_ad_early,faa_log_f4_minus_f3,secondary,-2.431658409125852
lab_subject_9,block_early_vs_no_ad_early,faa_log_f4_minus_f3,secondary,-0.2913049104356418
lab_subject_1,inline_late_vs_no_ad_late,faa_log_f4_minus_f3,secondary,-0.46766680667790794
lab_subject_10,inline_late_vs_no_ad_late,faa_log_f4_minus_f3,secondary,0.5559243378151919
lab_subject_11,inline_late_vs_no_ad_late,faa_log_f4_minus_f3,secondary,-2.179992960522341
lab_subject_12,inline_late_vs_no_ad_late,faa_log_f4_minus_f3,secondary,-0.45023264096717597
lab_subject_13,inline_late_vs_no_ad_late,faa_log_f4_minus_f3,secondary,0.8836673843277154
lab_subject_14,inline_late_vs_no_ad_late,faa_log_f4_minus_f3,secondary,-0.12383885049918675
lab_subject_15,inline_late_vs_no_ad_late,faa_log_f4_minus_f3,secondary,1.5236381753952024
lab_subject_16,inline_late_vs_no_ad_late,faa_log_f4_minus_f3,secondary,0.4260516571184674
lab_subject_17,inline_late_vs_no_ad_late,faa_log_f4_minus_f3,secondary,-0.47729760705347246
lab_subject_18,inline_late_vs_no_ad_late,faa_log_f4_minus_f3,secondary,1.332523453958867
lab_subject_19,inline_late_vs_no_ad_late,faa_log_f4_minus_f3,secondary,0.5405054171057131
lab_subject_2,inline_late_vs_no_ad_late,faa_log_f4_minus_f3,secondary,0.3784788903216132
lab_subject_3,inline_late_vs_no_ad_late,faa_log_f4_minus_f3,secondary,0.9490228459888677
lab_subject_5,inline_late_vs_no_ad_late,faa_log_f4_minus_f3,secondary,0.15592403518994047
lab_subject_6,inline_late_vs_no_ad_late,faa_log_f4_minus_f3,secondary,0.7914219456913578
lab_subject_7,inline_late_vs_no_ad_late,faa_log_f4_minus_f3,secondary,0.1115544302529834
lab_subject_8,inline_late_vs_no_ad_late,faa_log_f4_minus_f3,secondary,1.6484251916932315
lab_subject_9,inline_late_vs_no_ad_late,faa_log_f4_minus_f3,secondary,0.18014912580261466
lab_subject_1,block_late_vs_no_ad_late,faa_log_f4_minus_f3,secondary,-0.5754489989508293
lab_subject_10,block_late_vs_no_ad_late,faa_log_f4_minus_f3,secondary,0.04599140538148916
lab_subject_11,block_late_vs_no_ad_late,faa_log_f4_minus_f3,secondary,-1.6241613058914943
lab_subject_12,block_late_vs_no_ad_late,faa_log_f4_minus_f3,secondary,-1.3640831984203707
lab_subject_13,block_late_vs_no_ad_late,faa_log_f4_minus_f3,secondary,1.6791486856511177
lab_subject_14,block_late_vs_no_ad_late,faa_log_f4_minus_f3,secondary,-0.13156441579005929
lab_subject_15,block_late_vs_no_ad_late,faa_log_f4_minus_f3,secondary,1.1372442536502128
lab_subject_16,block_late_vs_no_ad_late,faa_log_f4_minus_f3,secondary,0.9824172605484947
lab_subject_17,block_late_vs_no_ad_late,faa_log_f4_minus_f3,secondary,-0.19698013354401311
lab_subject_18,block_late_vs_no_ad_late,faa_log_f4_minus_f3,secondary,0.722056846309183
lab_subject_19,block_late_vs_no_ad_late,faa_log_f4_minus_f3,secondary,-0.3959828384882371
lab_subject_2,block_late_vs_no_ad_late,faa_log_f4_minus_f3,secondary,0.8883013933558992
lab_subject_3,block_late_vs_no_ad_late,faa_log_f4_minus_f3,secondary,-0.3231636781044287
lab_subject_5,block_late_vs_no_ad_late,faa_log_f4_minus_f3,secondary,-0.36711226129624563
lab_subject_6,block_late_vs_no_ad_late,faa_log_f4_minus_f3,secondary,0.5834765234184829
lab_subject_7,block_late_vs_no_ad_late,faa_log_f4_minus_f3,secondary,0.25714234798113367
lab_subject_8,block_late_vs_no_ad_late,faa_log_f4_minus_f3,secondary,0.4344315865863564
lab_subject_9,block_late_vs_no_ad_late,faa_log_f4_minus_f3,secondary,-0.7927982022137101
lab_subject_1,any_ad_vs_matched_no_ad,faa_log_f4_minus_f3,secondary,-0.2383710134055841
lab_subject_10,any_ad_vs_matched_no_ad,faa_log_f4_minus_f3,secondary,0.2846794114058584
lab_subject_11,any_ad_vs_matched_no_ad,faa_log_f4_minus_f3,secondary,-1.0034053612985332
lab_subject_12,any_ad_vs_matched_no_ad,faa_log_f4_minus_f3,secondary,-0.5769699563066908
lab_subject_13,any_ad_vs_matched_no_ad,faa_log_f4_minus_f3,secondary,1.0350183603862506
lab_subject_14,any_ad_vs_matched_no_ad,faa_log_f4_minus_f3,secondary,-0.0927570157764448
lab_subject_15,any_ad_vs_matched_no_ad,faa_log_f4_minus_f3,secondary,0.4205995907533868
lab_subject_16,any_ad_vs_matched_no_ad,faa_log_f4_minus_f3,secondary,0.5708525266795963
lab_subject_17,any_ad_vs_matched_no_ad,faa_log_f4_minus_f3,secondary,-0.48353438622418476
lab_subject_18,any_ad_vs_matched_no_ad,faa_log_f4_minus_f3,secondary,1.0169766029068823
lab_subject_19,any_ad_vs_matched_no_ad,faa_log_f4_minus_f3,secondary,-0.0830820456132697
lab_subject_2,any_ad_vs_matched_no_ad,faa_log_f4_minus_f3,secondary,-0.21345541220112985
lab_subject_3,any_ad_vs_matched_no_ad,faa_log_f4_minus_f3,secondary,1.0090152766430558
lab_subject_5,any_ad_vs_matched_no_ad,faa_log_f4_minus_f3,secondary,0.1551863495525394
lab_subject_6,any_ad_vs_matched_no_ad,faa_log_f4_minus_f3,secondary,0.17755391074666438
lab_subject_7,any_ad_vs_matched_no_ad,faa_log_f4_minus_f3,secondary,0.22151106720182323
lab_subject_8,any_ad_vs_matched_no_ad,faa_log_f4_minus_f3,secondary,-0.39280790593306936
lab_subject_9,any_ad_vs_matched_no_ad,faa_log_f4_minus_f3,secondary,-0.27696373282049525
lab_subject_1,inline_vs_block,faa_log_f4_minus_f3,secondary,0.018571628018937858
lab_subject_10,inline_vs_block,faa_log_f4_minus_f3,secondary,0.1922292392017919
lab_subject_11,inline_vs_block,faa_log_f4_minus_f3,secondary,-0.14180828942851775
lab_subject_12,inline_vs_block,faa_log_f4_minus_f3,secondary,0.07165366565992315
lab_subject_13,inline_vs_block,faa_log_f4_minus_f3,secondary,-0.5792393978937636
lab_subject_14,inline_vs_block,faa_log_f4_minus_f3,secondary,0.3277935259117708
lab_subject_15,inline_vs_block,faa_log_f4_minus_f3,secondary,-0.37818693475846743
lab_subject_16,inline_vs_block,faa_log_f4_minus_f3,secondary,-0.614336183191984
lab_subject_17,inline_vs_block,faa_log_f4_minus_f3,secondary,-0.6141303736985666
lab_subject_18,inline_vs_block,faa_log_f4_minus_f3,secondary,-0.11018947548996216
lab_subject_19,inline_vs_block,faa_log_f4_minus_f3,secondary,0.5716190384494606
lab_subject_2,inline_vs_block,faa_log_f4_minus_f3,secondary,-0.23134794928381197
lab_subject_3,inline_vs_block,faa_log_f4_minus_f3,secondary,1.0300382421875636
lab_subject_5,inline_vs_block,faa_log_f4_minus_f3,secondary,-0.05732797612253826
lab_subject_6,inline_vs_block,faa_log_f4_minus_f3,secondary,0.31098751591613727
lab_subject_7,inline_vs_block,faa_log_f4_minus_f3,secondary,-0.4530228502416964
lab_subject_8,inline_vs_block,faa_log_f4_minus_f3,secondary,1.2116110106733569
lab_subject_9,inline_vs_block,faa_log_f4_minus_f3,secondary,0.5301756470083614
lab_subject_1,early_vs_late,faa_log_f4_minus_f3,secondary,-0.6701907138997871
lab_subject_10,early_vs_late,faa_log_f4_minus_f3,secondary,-0.2362789423443008
lab_subject_11,early_vs_late,faa_log_f4_minus_f3,secondary,0.7468633545650611
lab_subject_12,early_vs_late,faa_log_f4_minus_f3,secondary,0.258536853765964
lab_subject_13,early_vs_late,faa_log_f4_minus_f3,secondary,-1.3230283680484884
lab_subject_14,early_vs_late,faa_log_f4_minus_f3,secondary,-0.36447676525079054
lab_subject_15,early_vs_late,faa_log_f4_minus_f3,secondary,-0.5356942071419155
lab_subject_16,early_vs_late,faa_log_f4_minus_f3,secondary,-0.9051849263617449
lab_subject_17,early_vs_late,faa_log_f4_minus_f3,secondary,0.01906531242446796
lab_subject_18,early_vs_late,faa_log_f4_minus_f3,secondary,0.16792724324692365
lab_subject_19,early_vs_late,faa_log_f4_minus_f3,secondary,-0.35108312662761243
lab_subject_2,early_vs_late,faa_log_f4_minus_f3,secondary,-0.5200197590339144
lab_subject_3,early_vs_late,faa_log_f4_minus_f3,secondary,-0.11084617790237594
lab_subject_5,early_vs_late,faa_log_f4_minus_f3,secondary,-0.09901972162217199
lab_subject_6,early_vs_late,faa_log_f4_minus_f3,secondary,-0.7032027014226774
lab_subject_7,early_vs_late,faa_log_f4_minus_f3,secondary,0.3315480050341808
lab_subject_8,early_vs_late,faa_log_f4_minus_f3,secondary,-1.1879356637981306
lab_subject_9,early_vs_late,faa_log_f4_minus_f3,secondary,0.5345593252733298
lab_subject_1,format_x_timing,faa_log_f4_minus_f3,secondary,-0.1784211285079671
lab_subject_10,format_x_timing,faa_log_f4_minus_f3,secondary,-0.6354073864638217
lab_subject_11,format_x_timing,faa_log_f4_minus_f3,secondary,0.8280467304046581
lab_subject_12,format_x_timing,faa_log_f4_minus_f3,secondary,-1.6843937835865432
lab_subject_13,format_x_timing,faa_log_f4_minus_f3,secondary,0.43248380685927756
lab_subject_14,format_x_timing,faa_log_f4_minus_f3,secondary,0.6401359212417965
lab_subject_15,format_x_timing,faa_log_f4_minus_f3,secondary,-1.5291617130069142
lab_subject_16,format_x_timing,faa_log_f4_minus_f3,secondary,-0.11594115952391348
lab_subject_17,format_x_timing,faa_log_f4_minus_f3,secondary,-0.6676258003782145
lab_subject_18,format_x_timing,faa_log_f4_minus_f3,secondary,-1.4413121662792925
lab_subject_19,format_x_timing,faa_log_f4_minus_f3,secondary,-0.7297384342889792
lab_subject_2,format_x_timing,faa_log_f4_minus_f3,secondary,0.5569491075009481
lab_subject_3,format_x_timing,faa_log_f4_minus_f3,secondary,-0.4842965638114656
lab_subject_5,format_x_timing,faa_log_f4_minus_f3,secondary,-1.1607285452174487
lab_subject_6,format_x_timing,faa_log_f4_minus_f3,secondary,0.20608418728652467
lab_subject_7,format_x_timing,faa_log_f4_minus_f3,secondary,-0.6148698650270923
lab_subject_8,format_x_timing,faa_log_f4_minus_f3,secondary,-0.004765188867036585
lab_subject_9,format_x_timing,faa_log_f4_minus_f3,secondary,-0.8855433620159268
lab_subject_1,inline_early_vs_no_ad_early,delta_power_db_uv2,exploratory,-0.2824264187718626
lab_subject_10,inline_early_vs_no_ad_early,delta_power_db_uv2,exploratory,5.939687221837694
lab_subject_11,inline_early_vs_no_ad_early,delta_power_db_uv2,exploratory,6.903887086235681
lab_subject_12,inline_early_vs_no_ad_early,delta_power_db_uv2,exploratory,2.427199520796588
lab_subject_13,inline_early_vs_no_ad_early,delta_power_db_uv2,exploratory,-4.415133665671371
lab_subject_14,inline_early_vs_no_ad_early,delta_power_db_uv2,exploratory,-19.190239696687314
lab_subject_15,inline_early_vs_no_ad_early,delta_power_db_uv2,exploratory,-2.4591369637024165
lab_subject_16,inline_early_vs_no_ad_early,delta_power_db_uv2,exploratory,1.4889376844899012
lab_subject_17,inline_early_vs_no_ad_early,delta_power_db_uv2,exploratory,9.629941365648374
lab_subject_18,inline_early_vs_no_ad_early,delta_power_db_uv2,exploratory,1.8359450700649234
lab_subject_19,inline_early_vs_no_ad_early,delta_power_db_uv2,exploratory,-6.591000837432734
lab_subject_2,inline_early_vs_no_ad_early,delta_power_db_uv2,exploratory,7.59044731725597
lab_subject_3,inline_early_vs_no_ad_early,delta_power_db_uv2,exploratory,10.942117528496025
lab_subject_5,inline_early_vs_no_ad_early,delta_power_db_uv2,exploratory,-3.748613274934023
lab_subject_6,inline_early_vs_no_ad_early,delta_power_db_uv2,exploratory,10.538997089635629
lab_subject_7,inline_early_vs_no_ad_early,delta_power_db_uv2,exploratory,4.825687746518062
lab_subject_8,inline_early_vs_no_ad_early,delta_power_db_uv2,exploratory,3.8732325137707875
lab_subject_9,inline_early_vs_no_ad_early,delta_power_db_uv2,exploratory,-5.075121254608922
lab_subject_1,block_early_vs_no_ad_early,delta_power_db_uv2,exploratory,4.594977304690035
lab_subject_10,block_early_vs_no_ad_early,delta_power_db_uv2,exploratory,1.7731071268414702
lab_subject_11,block_early_vs_no_ad_early,delta_power_db_uv2,exploratory,7.013873421712134
lab_subject_12,block_early_vs_no_ad_early,delta_power_db_uv2,exploratory,8.703071821670003
lab_subject_13,block_early_vs_no_ad_early,delta_power_db_uv2,exploratory,-0.10964730448330862
lab_subject_14,block_early_vs_no_ad_early,delta_power_db_uv2,exploratory,-3.149057891233035
lab_subject_15,block_early_vs_no_ad_early,delta_power_db_uv2,exploratory,13.173590261435294
lab_subject_16,block_early_vs_no_ad_early,delta_power_db_uv2,exploratory,9.287892020127211
lab_subject_17,block_early_vs_no_ad_early,delta_power_db_uv2,exploratory,2.394445293606644
lab_subject_18,block_early_vs_no_ad_early,delta_power_db_uv2,exploratory,3.99830955845027
lab_subject_19,block_early_vs_no_ad_early,delta_power_db_uv2,exploratory,-0.9818648038197075
lab_subject_2,block_early_vs_no_ad_early,delta_power_db_uv2,exploratory,-2.6175541367841095
lab_subject_3,block_early_vs_no_ad_early,delta_power_db_uv2,exploratory,10.788215347220472
lab_subject_5,block_early_vs_no_ad_early,delta_power_db_uv2,exploratory,1.9355159770173742
lab_subject_6,block_early_vs_no_ad_early,delta_power_db_uv2,exploratory,-3.178131139229585
lab_subject_7,block_early_vs_no_ad_early,delta_power_db_uv2,exploratory,1.385980040283732
lab_subject_8,block_early_vs_no_ad_early,delta_power_db_uv2,exploratory,3.6076568860285967
lab_subject_9,block_early_vs_no_ad_early,delta_power_db_uv2,exploratory,3.070935875928088
lab_subject_1,inline_late_vs_no_ad_late,delta_power_db_uv2,exploratory,-6.433882552566047
lab_subject_10,inline_late_vs_no_ad_late,delta_power_db_uv2,exploratory,-9.900169561725312
lab_subject_11,inline_late_vs_no_ad_late,delta_power_db_uv2,exploratory,-5.9847892788884085
lab_subject_12,inline_late_vs_no_ad_late,delta_power_db_uv2,exploratory,3.267879249345702
lab_subject_13,inline_late_vs_no_ad_late,delta_power_db_uv2,exploratory,-0.04963817109133828
lab_subject_14,inline_late_vs_no_ad_late,delta_power_db_uv2,exploratory,20.77418009715467
lab_subject_15,inline_late_vs_no_ad_late,delta_power_db_uv2,exploratory,-11.502435386144937
lab_subject_16,inline_late_vs_no_ad_late,delta_power_db_uv2,exploratory,5.4909991240894325
lab_subject_17,inline_late_vs_no_ad_late,delta_power_db_uv2,exploratory,-8.158346489331667
lab_subject_18,inline_late_vs_no_ad_late,delta_power_db_uv2,exploratory,4.084413688197973
lab_subject_19,inline_late_vs_no_ad_late,delta_power_db_uv2,exploratory,0.04602299819589639
lab_subject_2,inline_late_vs_no_ad_late,delta_power_db_uv2,exploratory,-10.781535509491203
lab_subject_3,inline_late_vs_no_ad_late,delta_power_db_uv2,exploratory,2.6246901585231015
lab_subject_5,inline_late_vs_no_ad_late,delta_power_db_uv2,exploratory,-2.1808987150434263
lab_subject_6,inline_late_vs_no_ad_late,delta_power_db_uv2,exploratory,2.8052971056851046
lab_subject_7,inline_late_vs_no_ad_late,delta_power_db_uv2,exploratory,10.840500656540048
lab_subject_8,inline_late_vs_no_ad_late,delta_power_db_uv2,exploratory,6.326824641412218
lab_subject_9,inline_late_vs_no_ad_late,delta_power_db_uv2,exploratory,10.858503875309319
lab_subject_1,block_late_vs_no_ad_late,delta_power_db_uv2,exploratory,0.33071007599356506
lab_subject_10,block_late_vs_no_ad_late,delta_power_db_uv2,exploratory,-3.3850654129473483
lab_subject_11,block_late_vs_no_ad_late,delta_power_db_uv2,exploratory,2.016109040574049
lab_subject_12,block_late_vs_no_ad_late,delta_power_db_uv2,exploratory,1.272475183083726
lab_subject_13,block_late_vs_no_ad_late,delta_power_db_uv2,exploratory,7.37008908523957
lab_subject_14,block_late_vs_no_ad_late,delta_power_db_uv2,exploratory,13.51524258879489
lab_subject_15,block_late_vs_no_ad_late,delta_power_db_uv2,exploratory,-0.9469821411391166
lab_subject_16,block_late_vs_no_ad_late,delta_power_db_uv2,exploratory,10.230609613870937
lab_subject_17,block_late_vs_no_ad_late,delta_power_db_uv2,exploratory,-8.00118815655982
lab_subject_18,block_late_vs_no_ad_late,delta_power_db_uv2,exploratory,-1.3127847305066798
lab_subject_19,block_late_vs_no_ad_late,delta_power_db_uv2,exploratory,-10.12035518782046
lab_subject_2,block_late_vs_no_ad_late,delta_power_db_uv2,exploratory,2.235149588544136
lab_subject_3,block_late_vs_no_ad_late,delta_power_db_uv2,exploratory,5.513742127782178
lab_subject_5,block_late_vs_no_ad_late,delta_power_db_uv2,exploratory,-18.121883661841615
lab_subject_6,block_late_vs_no_ad_late,delta_power_db_uv2,exploratory,10.1278264143264
lab_subject_7,block_late_vs_no_ad_late,delta_power_db_uv2,exploratory,7.700855678028589
lab_subject_8,block_late_vs_no_ad_late,delta_power_db_uv2,exploratory,6.35495444133387
lab_subject_9,block_late_vs_no_ad_late,delta_power_db_uv2,exploratory,-1.4122485494203456
lab_subject_1,any_ad_vs_matched_no_ad,delta_power_db_uv2,exploratory,-0.4476553976635773
lab_subject_10,any_ad_vs_matched_no_ad,delta_power_db_uv2,exploratory,-1.3931101564983739
lab_subject_11,any_ad_vs_matched_no_ad,delta_power_db_uv2,exploratory,2.487270067408364
lab_subject_12,any_ad_vs_matched_no_ad,delta_power_db_uv2,exploratory,3.9176564437240047
lab_subject_13,any_ad_vs_matched_no_ad,delta_power_db_uv2,exploratory,0.698917485998388
lab_subject_14,any_ad_vs_matched_no_ad,delta_power_db_uv2,exploratory,2.9875312745073033
lab_subject_15,any_ad_vs_matched_no_ad,delta_power_db_uv2,exploratory,-0.433741057387794
lab_subject_16,any_ad_vs_matched_no_ad,delta_power_db_uv2,exploratory,6.62460961064437
lab_subject_17,any_ad_vs_matched_no_ad,delta_power_db_uv2,exploratory,-1.033786996659117
lab_subject_18,any_ad_vs_matched_no_ad,delta_power_db_uv2,exploratory,2.1514708965516216
lab_subject_19,any_ad_vs_matched_no_ad,delta_power_db_uv2,exploratory,-4.411799457719251
lab_subject_2,any_ad_vs_matched_no_ad,delta_power_db_uv2,exploratory,-0.8933731851188016
lab_subject_3,any_ad_vs_matched_no_ad,delta_power_db_uv2,exploratory,7.467191290505444
lab_subject_5,any_ad_vs_matched_no_ad,delta_power_db_uv2,exploratory,-5.528969918700422
lab_subject_6,any_ad_vs_matched_no_ad,delta_power_db_uv2,exploratory,5.0734973676043875
lab_subject_7,any_ad_vs_matched_no_ad,delta_power_db_uv2,exploratory,6.1882560303426075
lab_subject_8,any_ad_vs_matched_no_ad,delta_power_db_uv2,exploratory,5.040667120636368
lab_subject_9,any_ad_vs_matched_no_ad,delta_power_db_uv2,exploratory,1.8605174868020349
lab_subject_1,inline_vs_block,delta_power_db_uv2,exploratory,-5.820998176010755
lab_subject_10,inline_vs_block,delta_power_db_uv2,exploratory,-1.1742620268908697
lab_subject_11,inline_vs_block,delta_power_db_uv2,exploratory,-4.055442327469455
lab_subject_12,inline_vs_block,delta_power_db_uv2,exploratory,-2.1402341173057193
lab_subject_13,inline_vs_block,delta_power_db_uv2,exploratory,-5.862606808759486
lab_subject_14,inline_vs_block,delta_power_db_uv2,exploratory,-4.391122148547249
lab_subject_15,inline_vs_block,delta_power_db_uv2,exploratory,-13.094090235071764
lab_subject_16,inline_vs_block,delta_power_db_uv2,exploratory,-6.269282412709408
lab_subject_17,inline_vs_block,delta_power_db_uv2,exploratory,3.539168869634942
lab_subject_18,inline_vs_block,delta_power_db_uv2,exploratory,1.617416965159653
lab_subject_19,inline_vs_block,delta_power_db_uv2,exploratory,2.2786210762016648
lab_subject_2,inline_vs_block,delta_power_db_uv2,exploratory,-1.4043418219976296
lab_subject_3,inline_vs_block,delta_power_db_uv2,exploratory,-1.3675748939917618
lab_subject_5,inline_vs_block,delta_power_db_uv2,exploratory,5.128427847423396
lab_subject_6,inline_vs_block,delta_power_db_uv2,exploratory,3.1972994601119593
lab_subject_7,inline_vs_block,delta_power_db_uv2,exploratory,3.2896763423728945
lab_subject_8,inline_vs_block,delta_power_db_uv2,exploratory,0.11872291391026923
lab_subject_9,inline_vs_block,delta_power_db_uv2,exploratory,2.0623476470963276
lab_subject_1,early_vs_late,delta_power_db_uv2,exploratory,2.9108368009051615
lab_subject_10,early_vs_late,delta_power_db_uv2,exploratory,4.034042367422081
lab_subject_11,early_vs_late,delta_power_db_uv2,exploratory,0.9636438123156825
lab_subject_12,early_vs_late,delta_power_db_uv2,exploratory,-3.1707863200581246
lab_subject_13,early_vs_late,delta_power_db_uv2,exploratory,-4.3858733092738635
lab_subject_14,early_vs_late,delta_power_db_uv2,exploratory,-8.868801013931915
lab_subject_15,early_vs_late,delta_power_db_uv2,exploratory,-0.01566028986120127
lab_subject_16,early_vs_late,delta_power_db_uv2,exploratory,-2.8923732096967596
lab_subject_17,early_vs_late,delta_power_db_uv2,exploratory,2.741919985255949
lab_subject_18,early_vs_late,delta_power_db_uv2,exploratory,2.3266500272309836
lab_subject_19,early_vs_late,delta_power_db_uv2,exploratory,-0.23858029589586494
lab_subject_2,early_vs_late,delta_power_db_uv2,exploratory,1.523914745716091
lab_subject_3,early_vs_late,delta_power_db_uv2,exploratory,-0.950681819594001
lab_subject_5,early_vs_late,delta_power_db_uv2,exploratory,4.805430153955069
lab_subject_6,early_vs_late,delta_power_db_uv2,exploratory,1.5062007105064135
lab_subject_7,early_vs_late,delta_power_db_uv2,exploratory,3.0107733436630078
lab_subject_8,early_vs_late,delta_power_db_uv2,exploratory,-3.1442029034094565
lab_subject_9,early_vs_late,delta_power_db_uv2,exploratory,4.358038958793255
lab_subject_1,format_x_timing,delta_power_db_uv2,exploratory,1.8871889050977142
lab_subject_10,format_x_timing,delta_power_db_uv2,exploratory,10.681684243774187
lab_subject_11,format_x_timing,delta_power_db_uv2,exploratory,7.890911983986005
lab_subject_12,format_x_timing,delta_power_db_uv2,exploratory,-8.27127636713539
lab_subject_13,format_x_timing,delta_power_db_uv2,exploratory,3.1142408951428457
lab_subject_14,format_x_timing,delta_power_db_uv2,exploratory,-23.300119313814058
lab_subject_15,format_x_timing,delta_power_db_uv2,exploratory,-5.07727398013189
lab_subject_16,format_x_timing,delta_power_db_uv2,exploratory,-3.059343845855805
lab_subject_17,format_x_timing,delta_power_db_uv2,exploratory,7.392654404813577
lab_subject_18,format_x_timing,delta_power_db_uv2,exploratory,-7.559562907089999
lab_subject_19,format_x_timing,delta_power_db_uv2,exploratory,-15.775514219629382
lab_subject_2,format_x_timing,delta_power_db_uv2,exploratory,23.22468655207542
lab_subject_3,format_x_timing,delta_power_db_uv2,exploratory,3.04295415053463
lab_subject_5,format_x_timing,delta_power_db_uv2,exploratory,-21.625114198749586
lab_subject_6,format_x_timing,delta_power_db_uv2,exploratory,21.039657537506507
lab_subject_7,format_x_timing,delta_power_db_uv2,exploratory,0.3000627277228709
lab_subject_8,format_x_timing,delta_power_db_uv2,exploratory,0.2937054276638431
lab_subject_9,format_x_timing,delta_power_db_uv2,exploratory,-20.416809555266674
lab_subject_1,inline_early_vs_no_ad_early,gamma_power_db_uv2,exploratory,2.5433201230224567
lab_subject_10,inline_early_vs_no_ad_early,gamma_power_db_uv2,exploratory,13.020227003110236
lab_subject_11,inline_early_vs_no_ad_early,gamma_power_db_uv2,exploratory,0.13959191958031014
lab_subject_12,inline_early_vs_no_ad_early,gamma_power_db_uv2,exploratory,0.7297711870984758
lab_subject_13,inline_early_vs_no_ad_early,gamma_power_db_uv2,exploratory,-4.37905640331036
lab_subject_14,inline_early_vs_no_ad_early,gamma_power_db_uv2,exploratory,-16.28091092320852
lab_subject_15,inline_early_vs_no_ad_early,gamma_power_db_uv2,exploratory,-0.8141864686064078
lab_subject_16,inline_early_vs_no_ad_early,gamma_power_db_uv2,exploratory,-2.645412443926718
lab_subject_17,inline_early_vs_no_ad_early,gamma_power_db_uv2,exploratory,5.585596180253582
lab_subject_18,inline_early_vs_no_ad_early,gamma_power_db_uv2,exploratory,-6.519831048784118
lab_subject_19,inline_early_vs_no_ad_early,gamma_power_db_uv2,exploratory,-3.16911141280341
lab_subject_2,inline_early_vs_no_ad_early,gamma_power_db_uv2,exploratory,8.294121791783635
lab_subject_3,inline_early_vs_no_ad_early,gamma_power_db_uv2,exploratory,-0.48188506203865966
lab_subject_5,inline_early_vs_no_ad_early,gamma_power_db_uv2,exploratory,0.6752414499080024
lab_subject_6,inline_early_vs_no_ad_early,gamma_power_db_uv2,exploratory,7.359816045749163
lab_subject_7,inline_early_vs_no_ad_early,gamma_power_db_uv2,exploratory,-2.4752545599283557
lab_subject_8,inline_early_vs_no_ad_early,gamma_power_db_uv2,exploratory,1.5022915018139809
lab_subject_9,inline_early_vs_no_ad_early,gamma_power_db_uv2,exploratory,0.17425058105334124
lab_subject_1,block_early_vs_no_ad_early,gamma_power_db_uv2,exploratory,3.6496877627050974
lab_subject_10,block_early_vs_no_ad_early,gamma_power_db_uv2,exploratory,9.722071299058316
lab_subject_11,block_early_vs_no_ad_early,gamma_power_db_uv2,exploratory,-1.3955951157544058
lab_subject_12,block_early_vs_no_ad_early,gamma_power_db_uv2,exploratory,0.7493289800560092
lab_subject_13,block_early_vs_no_ad_early,gamma_power_db_uv2,exploratory,-2.8842368950624944
lab_subject_14,block_early_vs_no_ad_early,gamma_power_db_uv2,exploratory,-12.672694039472926
lab_subject_15,block_early_vs_no_ad_early,gamma_power_db_uv2,exploratory,-1.8344075739974208
lab_subject_16,block_early_vs_no_ad_early,gamma_power_db_uv2,exploratory,-1.543370712622476
lab_subject_17,block_early_vs_no_ad_early,gamma_power_db_uv2,exploratory,4.296225898373646
lab_subject_18,block_early_vs_no_ad_early,gamma_power_db_uv2,exploratory,-2.5237401121877596
lab_subject_19,block_early_vs_no_ad_early,gamma_power_db_uv2,exploratory,-1.55471698553688
lab_subject_2,block_early_vs_no_ad_early,gamma_power_db_uv2,exploratory,-2.5776274568284254
lab_subject_3,block_early_vs_no_ad_early,gamma_power_db_uv2,exploratory,-0.735415225994386
lab_subject_5,block_early_vs_no_ad_early,gamma_power_db_uv2,exploratory,0.08266282013332638
lab_subject_6,block_early_vs_no_ad_early,gamma_power_db_uv2,exploratory,1.1103935990174651
lab_subject_7,block_early_vs_no_ad_early,gamma_power_db_uv2,exploratory,-1.281023165777036
lab_subject_8,block_early_vs_no_ad_early,gamma_power_db_uv2,exploratory,0.5050885520057207
lab_subject_9,block_early_vs_no_ad_early,gamma_power_db_uv2,exploratory,-0.43068090583534513
lab_subject_1,inline_late_vs_no_ad_late,gamma_power_db_uv2,exploratory,-1.727040778506188
lab_subject_10,inline_late_vs_no_ad_late,gamma_power_db_uv2,exploratory,5.8969198480779195
lab_subject_11,inline_late_vs_no_ad_late,gamma_power_db_uv2,exploratory,-0.6274038477258561
lab_subject_12,inline_late_vs_no_ad_late,gamma_power_db_uv2,exploratory,0.6935681559463193
lab_subject_13,inline_late_vs_no_ad_late,gamma_power_db_uv2,exploratory,2.2316198119748214
lab_subject_14,inline_late_vs_no_ad_late,gamma_power_db_uv2,exploratory,3.390268036377206
lab_subject_15,inline_late_vs_no_ad_late,gamma_power_db_uv2,exploratory,-8.597128753553056
lab_subject_16,inline_late_vs_no_ad_late,gamma_power_db_uv2,exploratory,-0.49599339860309044
lab_subject_17,inline_late_vs_no_ad_late,gamma_power_db_uv2,exploratory,-0.7916417610456787
lab_subject_18,inline_late_vs_no_ad_late,gamma_power_db_uv2,exploratory,0.2825814527982877
lab_subject_19,inline_late_vs_no_ad_late,gamma_power_db_uv2,exploratory,-0.6269254986799673
lab_subject_2,inline_late_vs_no_ad_late,gamma_power_db_uv2,exploratory,0.41631399682751447
lab_subject_3,inline_late_vs_no_ad_late,gamma_power_db_uv2,exploratory,-1.5071890413734912
lab_subject_5,inline_late_vs_no_ad_late,gamma_power_db_uv2,exploratory,-1.2904980126682064
lab_subject_6,inline_late_vs_no_ad_late,gamma_power_db_uv2,exploratory,0.407435313743427
lab_subject_7,inline_late_vs_no_ad_late,gamma_power_db_uv2,exploratory,-0.20888591896824327
lab_subject_8,inline_late_vs_no_ad_late,gamma_power_db_uv2,exploratory,-0.05644258536200075
lab_subject_9,inline_late_vs_no_ad_late,gamma_power_db_uv2,exploratory,5.151229411292813
lab_subject_1,block_late_vs_no_ad_late,gamma_power_db_uv2,exploratory,0.50295232412644
lab_subject_10,block_late_vs_no_ad_late,gamma_power_db_uv2,exploratory,-3.737646112559206
lab_subject_11,block_late_vs_no_ad_late,gamma_power_db_uv2,exploratory,0.8016203621542646
lab_subject_12,block_late_vs_no_ad_late,gamma_power_db_uv2,exploratory,0.17925313262569542
lab_subject_13,block_late_vs_no_ad_late,gamma_power_db_uv2,exploratory,1.2876158365928427
lab_subject_14,block_late_vs_no_ad_late,gamma_power_db_uv2,exploratory,2.355450927023506
lab_subject_15,block_late_vs_no_ad_late,gamma_power_db_uv2,exploratory,-5.0378622348760995
lab_subject_16,block_late_vs_no_ad_late,gamma_power_db_uv2,exploratory,-2.2808747878293785
lab_subject_17,block_late_vs_no_ad_late,gamma_power_db_uv2,exploratory,0.8025336484909875
lab_subject_18,block_late_vs_no_ad_late,gamma_power_db_uv2,exploratory,-10.22977463591711
lab_subject_19,block_late_vs_no_ad_late,gamma_power_db_uv2,exploratory,-0.6559764040967087
lab_subject_2,block_late_vs_no_ad_late,gamma_power_db_uv2,exploratory,-1.3925890423896066
lab_subject_3,block_late_vs_no_ad_late,gamma_power_db_uv2,exploratory,-2.189338024154854
lab_subject_5,block_late_vs_no_ad_late,gamma_power_db_uv2,exploratory,0.21994180308980948
lab_subject_6,block_late_vs_no_ad_late,gamma_power_db_uv2,exploratory,2.109824337258562
lab_subject_7,block_late_vs_no_ad_late,gamma_power_db_uv2,exploratory,-0.14374223223146831
lab_subject_8,block_late_vs_no_ad_late,gamma_power_db_uv2,exploratory,0.3166192367429743
lab_subject_9,block_late_vs_no_ad_late,gamma_power_db_uv2,exploratory,-0.6812577238933457
lab_subject_1,any_ad_vs_matched_no_ad,gamma_power_db_uv2,exploratory,1.2422298578369515
lab_subject_10,any_ad_vs_matched_no_ad,gamma_power_db_uv2,exploratory,6.225393009421817
lab_subject_11,any_ad_vs_matched_no_ad,gamma_power_db_uv2,exploratory,-0.2704466704364218
lab_subject_12,any_ad_vs_matched_no_ad,gamma_power_db_uv2,exploratory,0.5879803639316249
lab_subject_13,any_ad_vs_matched_no_ad,gamma_power_db_uv2,exploratory,-0.9360144124512976
lab_subject_14,any_ad_vs_matched_no_ad,gamma_power_db_uv2,exploratory,-5.8019714998201835
lab_subject_15,any_ad_vs_matched_no_ad,gamma_power_db_uv2,exploratory,-4.070896257758246
lab_subject_16,any_ad_vs_matched_no_ad,gamma_power_db_uv2,exploratory,-1.7414128357454157
lab_subject_17,any_ad_vs_matched_no_ad,gamma_power_db_uv2,exploratory,2.473178491518134
lab_subject_18,any_ad_vs_matched_no_ad,gamma_power_db_uv2,exploratory,-4.747691086022675
lab_subject_19,any_ad_vs_matched_no_ad,gamma_power_db_uv2,exploratory,-1.5016825752792415
lab_subject_2,any_ad_vs_matched_no_ad,gamma_power_db_uv2,exploratory,1.1850548223482795
lab_subject_3,any_ad_vs_matched_no_ad,gamma_power_db_uv2,exploratory,-1.2284568383903478
lab_subject_5,any_ad_vs_matched_no_ad,gamma_power_db_uv2,exploratory,-0.07816298488426698
lab_subject_6,any_ad_vs_matched_no_ad,gamma_power_db_uv2,exploratory,2.7468673239421544
lab_subject_7,any_ad_vs_matched_no_ad,gamma_power_db_uv2,exploratory,-1.0272264692262758
lab_subject_8,any_ad_vs_matched_no_ad,gamma_power_db_uv2,exploratory,0.5668891763001688
lab_subject_9,any_ad_vs_matched_no_ad,gamma_power_db_uv2,exploratory,1.0533853406543658
lab_subject_1,inline_vs_block,gamma_power_db_uv2,exploratory,-1.6681803711576344
lab_subject_10,inline_vs_block,gamma_power_db_uv2,exploratory,6.466360832344524
lab_subject_11,inline_vs_block,gamma_power_db_uv2,exploratory,0.053081412727297606
lab_subject_12,inline_vs_block,gamma_power_db_uv2,exploratory,0.2473786151815452
lab_subject_13,inline_vs_block,gamma_power_db_uv2,exploratory,-0.2754077664329434
lab_subject_14,inline_vs_block,gamma_power_db_uv2,exploratory,-1.2866998871909463
lab_subject_15,inline_vs_block,gamma_power_db_uv2,exploratory,-1.269522706642972
lab_subject_16,inline_vs_block,gamma_power_db_uv2,exploratory,0.3414198289610231
lab_subject_17,inline_vs_block,gamma_power_db_uv2,exploratory,-0.15240256382836526
lab_subject_18,inline_vs_block,gamma_power_db_uv2,exploratory,3.25813257605952
lab_subject_19,inline_vs_block,gamma_power_db_uv2,exploratory,-0.7926717609248944
lab_subject_2,inline_vs_block,gamma_power_db_uv2,exploratory,6.3403261439145915
lab_subject_3,inline_vs_block,gamma_power_db_uv2,exploratory,0.46783957336854454
lab_subject_5,inline_vs_block,gamma_power_db_uv2,exploratory,-0.45893059299166994
lab_subject_6,inline_vs_block,gamma_power_db_uv2,exploratory,2.273516711608281
lab_subject_7,inline_vs_block,gamma_power_db_uv2,exploratory,-0.6296875404440474
lab_subject_8,inline_vs_block,gamma_power_db_uv2,exploratory,0.31207056385164256
lab_subject_9,inline_vs_block,gamma_power_db_uv2,exploratory,3.2187093110374225
lab_subject_1,early_vs_late,gamma_power_db_uv2,exploratory,1.5079635709620907
lab_subject_10,early_vs_late,gamma_power_db_uv2,exploratory,-0.2817082669303912
lab_subject_11,early_vs_late,gamma_power_db_uv2,exploratory,-0.8508886733051928
lab_subject_12,early_vs_late,gamma_power_db_uv2,exploratory,1.293862740127374
lab_subject_13,early_vs_late,gamma_power_db_uv2,exploratory,0.16704136180192053
lab_subject_14,early_vs_late,gamma_power_db_uv2,exploratory,-0.4661041021908423
lab_subject_15,early_vs_late,gamma_power_db_uv2,exploratory,-3.327142523736434
lab_subject_16,early_vs_late,gamma_power_db_uv2,exploratory,-1.0533075449684834
lab_subject_17,early_vs_late,gamma_power_db_uv2,exploratory,0.18428167539432794
lab_subject_18,early_vs_late,gamma_power_db_uv2,exploratory,-1.4836420227120577
lab_subject_19,early_vs_late,gamma_power_db_uv2,exploratory,-2.481505909372104
lab_subject_2,early_vs_late,gamma_power_db_uv2,exploratory,1.4985937332146357
lab_subject_3,early_vs_late,gamma_power_db_uv2,exploratory,1.1052223283261504
lab_subject_5,early_vs_late,gamma_power_db_uv2,exploratory,0.25428358340286794
lab_subject_6,early_vs_late,gamma_power_db_uv2,exploratory,-0.23714820653291935
lab_subject_7,early_vs_late,gamma_power_db_uv2,exploratory,-0.38156778392893553
lab_subject_8,early_vs_late,gamma_power_db_uv2,exploratory,0.2078325763438036
lab_subject_9,early_vs_late,gamma_power_db_uv2,exploratory,-2.8446672045099484
lab_subject_1,format_x_timing,gamma_power_db_uv2,exploratory,1.1236254629499873
lab_subject_10,format_x_timing,gamma_power_db_uv2,exploratory,-6.3364102565852045
lab_subject_11,format_x_timing,gamma_power_db_uv2,exploratory,2.9642112452148366
lab_subject_12,format_x_timing,gamma_power_db_uv2,exploratory,-0.5338728162781574
lab_subject_13,format_x_timing,gamma_power_db_uv2,exploratory,-2.438823483629844
lab_subject_14,format_x_timing,gamma_power_db_uv2,exploratory,-4.643033993089293
lab_subject_15,format_x_timing,gamma_power_db_uv2,exploratory,4.579487624067969
lab_subject_16,format_x_timing,gamma_power_db_uv2,exploratory,-2.88692312053053
lab_subject_17,format_x_timing,gamma_power_db_uv2,exploratory,2.883545691416602
lab_subject_18,format_x_timing,gamma_power_db_uv2,exploratory,-14.508447025311757
lab_subject_19,format_x_timing,gamma_power_db_uv2,exploratory,-1.6434453326832712
lab_subject_2,format_x_timing,gamma_power_db_uv2,exploratory,9.062846209394941
lab_subject_3,format_x_timing,gamma_power_db_uv2,exploratory,-0.42861881882563635
lab_subject_5,format_x_timing,gamma_power_db_uv2,exploratory,2.103018445532692
lab_subject_6,format_x_timing,gamma_power_db_uv2,exploratory,7.951811470246833
lab_subject_7,format_x_timing,gamma_power_db_uv2,exploratory,-1.129087707414545
lab_subject_8,format_x_timing,gamma_power_db_uv2,exploratory,1.3702647719132353
lab_subject_9,format_x_timing,gamma_power_db_uv2,exploratory,-5.227555648297472
lab_subject_1,inline_early_vs_no_ad_early,delta_relative_power,exploratory,-0.0801164699574557
lab_subject_10,inline_early_vs_no_ad_early,delta_relative_power,exploratory,0.05499903876812201
lab_subject_11,inline_early_vs_no_ad_early,delta_relative_power,exploratory,0.3676487495199984
lab_subject_12,inline_early_vs_no_ad_early,delta_relative_power,exploratory,-0.09537817903536167
lab_subject_13,inline_early_vs_no_ad_early,delta_relative_power,exploratory,0.07183350639125297
lab_subject_14,inline_early_vs_no_ad_early,delta_relative_power,exploratory,0.2524691952120429
lab_subject_15,inline_early_vs_no_ad_early,delta_relative_power,exploratory,-0.15525456016186223
lab_subject_16,inline_early_vs_no_ad_early,delta_relative_power,exploratory,0.03911642826844752
lab_subject_17,inline_early_vs_no_ad_early,delta_relative_power,exploratory,0.2985751734241158
lab_subject_18,inline_early_vs_no_ad_early,delta_relative_power,exploratory,0.17267352764890842
lab_subject_19,inline_early_vs_no_ad_early,delta_relative_power,exploratory,-0.21036473241299236
lab_subject_2,inline_early_vs_no_ad_early,delta_relative_power,exploratory,-0.0019123028846328438
lab_subject_3,inline_early_vs_no_ad_early,delta_relative_power,exploratory,0.49894662209927826
lab_subject_5,inline_early_vs_no_ad_early,delta_relative_power,exploratory,-0.18511817232527078
lab_subject_6,inline_early_vs_no_ad_early,delta_relative_power,exploratory,0.3279334581191855
lab_subject_7,inline_early_vs_no_ad_early,delta_relative_power,exploratory,0.2772381464462645
lab_subject_8,inline_early_vs_no_ad_early,delta_relative_power,exploratory,0.1096361103113479
lab_subject_9,inline_early_vs_no_ad_early,delta_relative_power,exploratory,-0.26524560450289103
lab_subject_1,block_early_vs_no_ad_early,delta_relative_power,exploratory,0.09712280428651432
lab_subject_10,block_early_vs_no_ad_early,delta_relative_power,exploratory,-0.21707459123015233
lab_subject_11,block_early_vs_no_ad_early,delta_relative_power,exploratory,0.30660853691869905
lab_subject_12,block_early_vs_no_ad_early,delta_relative_power,exploratory,0.27172157319160856
lab_subject_13,block_early_vs_no_ad_early,delta_relative_power,exploratory,0.28243626385700693
lab_subject_14,block_early_vs_no_ad_early,delta_relative_power,exploratory,0.5804179283618731
lab_subject_15,block_early_vs_no_ad_early,delta_relative_power,exploratory,0.28938825167644855
lab_subject_16,block_early_vs_no_ad_early,delta_relative_power,exploratory,0.4008056643585801
lab_subject_17,block_early_vs_no_ad_early,delta_relative_power,exploratory,-0.012772037582345908
lab_subject_18,block_early_vs_no_ad_early,delta_relative_power,exploratory,0.27166435358602353
lab_subject_19,block_early_vs_no_ad_early,delta_relative_power,exploratory,0.10913846407325478
lab_subject_2,block_early_vs_no_ad_early,delta_relative_power,exploratory,0.10127318116172856
lab_subject_3,block_early_vs_no_ad_early,delta_relative_power,exploratory,0.47701757751998425
lab_subject_5,block_early_vs_no_ad_early,delta_relative_power,exploratory,0.11245990087649882
lab_subject_6,block_early_vs_no_ad_early,delta_relative_power,exploratory,-0.29190410249064785
lab_subject_7,block_early_vs_no_ad_early,delta_relative_power,exploratory,0.09022191315453998
lab_subject_8,block_early_vs_no_ad_early,delta_relative_power,exploratory,0.2130997710677643
lab_subject_9,block_early_vs_no_ad_early,delta_relative_power,exploratory,0.034438688526282846
lab_subject_1,inline_late_vs_no_ad_late,delta_relative_power,exploratory,-0.2770798126177367
lab_subject_10,inline_late_vs_no_ad_late,delta_relative_power,exploratory,-0.24863511318768783
lab_subject_11,inline_late_vs_no_ad_late,delta_relative_power,exploratory,-0.30838486721613095
lab_subject_12,inline_late_vs_no_ad_late,delta_relative_power,exploratory,0.26696509087258596
lab_subject_13,inline_late_vs_no_ad_late,delta_relative_power,exploratory,0.02328635250138611
lab_subject_14,inline_late_vs_no_ad_late,delta_relative_power,exploratory,0.8304097187681398
lab_subject_15,inline_late_vs_no_ad_late,delta_relative_power,exploratory,-0.2736697506096343
lab_subject_16,inline_late_vs_no_ad_late,delta_relative_power,exploratory,0.2571016252767544
lab_subject_17,inline_late_vs_no_ad_late,delta_relative_power,exploratory,-0.25002460860398085
lab_subject_18,inline_late_vs_no_ad_late,delta_relative_power,exploratory,0.1678115368645377
lab_subject_19,inline_late_vs_no_ad_late,delta_relative_power,exploratory,0.054120235822530005
lab_subject_2,inline_late_vs_no_ad_late,delta_relative_power,exploratory,-0.5227235098360495
lab_subject_3,inline_late_vs_no_ad_late,delta_relative_power,exploratory,0.15717296155852595
lab_subject_5,inline_late_vs_no_ad_late,delta_relative_power,exploratory,-0.013766153493782074
lab_subject_6,inline_late_vs_no_ad_late,delta_relative_power,exploratory,0.1917075734034948
lab_subject_7,inline_late_vs_no_ad_late,delta_relative_power,exploratory,0.4973647298407727
lab_subject_8,inline_late_vs_no_ad_late,delta_relative_power,exploratory,0.3384919413099712
lab_subject_9,inline_late_vs_no_ad_late,delta_relative_power,exploratory,0.2859565576973873
lab_subject_1,block_late_vs_no_ad_late,delta_relative_power,exploratory,0.025172360916791425
lab_subject_10,block_late_vs_no_ad_late,delta_relative_power,exploratory,0.07993999120428724
lab_subject_11,block_late_vs_no_ad_late,delta_relative_power,exploratory,0.08944551478393775
lab_subject_12,block_late_vs_no_ad_late,delta_relative_power,exploratory,0.15674340233640027
lab_subject_13,block_late_vs_no_ad_late,delta_relative_power,exploratory,0.1399680363985245
lab_subject_14,block_late_vs_no_ad_late,delta_relative_power,exploratory,0.4793444331562726
lab_subject_15,block_late_vs_no_ad_late,delta_relative_power,exploratory,0.06084258480443194
lab_subject_16,block_late_vs_no_ad_late,delta_relative_power,exploratory,0.5021788036346466
lab_subject_17,block_late_vs_no_ad_late,delta_relative_power,exploratory,-0.28696067311258333
lab_subject_18,block_late_vs_no_ad_late,delta_relative_power,exploratory,0.20979616506331505
lab_subject_19,block_late_vs_no_ad_late,delta_relative_power,exploratory,-0.2975220812430527
lab_subject_2,block_late_vs_no_ad_late,delta_relative_power,exploratory,-0.025148699467293922
lab_subject_3,block_late_vs_no_ad_late,delta_relative_power,exploratory,0.39297800282685086
lab_subject_5,block_late_vs_no_ad_late,delta_relative_power,exploratory,-0.4622599700895046
lab_subject_6,block_late_vs_no_ad_late,delta_relative_power,exploratory,0.43877598861621453
lab_subject_7,block_late_vs_no_ad_late,delta_relative_power,exploratory,0.29922611686361794
lab_subject_8,block_late_vs_no_ad_late,delta_relative_power,exploratory,0.33227358624565073
lab_subject_9,block_late_vs_no_ad_late,delta_relative_power,exploratory,0.018485242027486637
lab_subject_1,any_ad_vs_matched_no_ad,delta_relative_power,exploratory,-0.058725279342971656
lab_subject_10,any_ad_vs_matched_no_ad,delta_relative_power,exploratory,-0.08269266861135773
lab_subject_11,any_ad_vs_matched_no_ad,delta_relative_power,exploratory,0.11382948350162606
lab_subject_12,any_ad_vs_matched_no_ad,delta_relative_power,exploratory,0.1500129718413083
lab_subject_13,any_ad_vs_matched_no_ad,delta_relative_power,exploratory,0.12938103978704263
lab_subject_14,any_ad_vs_matched_no_ad,delta_relative_power,exploratory,0.5356603188745822
lab_subject_15,any_ad_vs_matched_no_ad,delta_relative_power,exploratory,-0.019673368572654004
lab_subject_16,any_ad_vs_matched_no_ad,delta_relative_power,exploratory,0.29980063038460714
lab_subject_17,any_ad_vs_matched_no_ad,delta_relative_power,exploratory,-0.06279553646869857
lab_subject_18,any_ad_vs_matched_no_ad,delta_relative_power,exploratory,0.20548639579069616
lab_subject_19,any_ad_vs_matched_no_ad,delta_relative_power,exploratory,-0.08615702844006506
lab_subject_2,any_ad_vs_matched_no_ad,delta_relative_power,exploratory,-0.11212783275656193
lab_subject_3,any_ad_vs_matched_no_ad,delta_relative_power,exploratory,0.38152879100115983
lab_subject_5,any_ad_vs_matched_no_ad,delta_relative_power,exploratory,-0.13717109875801464
lab_subject_6,any_ad_vs_matched_no_ad,delta_relative_power,exploratory,0.16662822941206173
lab_subject_7,any_ad_vs_matched_no_ad,delta_relative_power,exploratory,0.2910127265762988
lab_subject_8,any_ad_vs_matched_no_ad,delta_relative_power,exploratory,0.2483753522336835
lab_subject_9,any_ad_vs_matched_no_ad,delta_relative_power,exploratory,0.018408720937066442
lab_subject_1,inline_vs_block,delta_relative_power,exploratory,-0.23974572388924906
lab_subject_10,inline_vs_block,delta_relative_power,exploratory,-0.028250737196850367
lab_subject_11,inline_vs_block,delta_relative_power,exploratory,-0.1683950846993847
lab_subject_12,inline_vs_block,delta_relative_power,exploratory,-0.12843903184539227
lab_subject_13,inline_vs_block,delta_relative_power,exploratory,-0.16364222068144618
lab_subject_14,inline_vs_block,delta_relative_power,exploratory,0.011558276231018572
lab_subject_15,inline_vs_block,delta_relative_power,exploratory,-0.3895775736261885
lab_subject_16,inline_vs_block,delta_relative_power,exploratory,-0.3033832072240124
lab_subject_17,inline_vs_block,delta_relative_power,exploratory,0.1741416377575321
lab_subject_18,inline_vs_block,delta_relative_power,exploratory,-0.07048772706794623
lab_subject_19,inline_vs_block,delta_relative_power,exploratory,0.016069560289667773
lab_subject_2,inline_vs_block,delta_relative_power,exploratory,-0.3003801472075585
lab_subject_3,inline_vs_block,delta_relative_power,exploratory,-0.10693799834451545
lab_subject_5,inline_vs_block,delta_relative_power,exploratory,0.07545787169697646
lab_subject_6,inline_vs_block,delta_relative_power,exploratory,0.18638457269855682
lab_subject_7,inline_vs_block,delta_relative_power,exploratory,0.19257742313443962
lab_subject_8,inline_vs_block,delta_relative_power,exploratory,-0.04862265284604797
lab_subject_9,inline_vs_block,delta_relative_power,exploratory,-0.0161064886796366
lab_subject_1,early_vs_late,delta_relative_power,exploratory,0.14231591713953493
lab_subject_10,early_vs_late,delta_relative_power,exploratory,0.08737612265982928
lab_subject_11,early_vs_late,delta_relative_power,exploratory,-0.03239448656614463
lab_subject_12,early_vs_late,delta_relative_power,exploratory,-0.33369395386158873
lab_subject_13,early_vs_late,delta_relative_power,exploratory,-0.09327500757587737
lab_subject_14,early_vs_late,delta_relative_power,exploratory,-0.2721698209198541
lab_subject_15,early_vs_late,delta_relative_power,exploratory,-0.02541152000605451
lab_subject_16,early_vs_late,delta_relative_power,exploratory,-0.10545080672197144
lab_subject_17,early_vs_late,delta_relative_power,exploratory,0.0899127921099186
lab_subject_18,early_vs_late,delta_relative_power,exploratory,0.1287172286741776
lab_subject_19,early_vs_late,delta_relative_power,exploratory,0.0671200299569834
lab_subject_2,early_vs_late,delta_relative_power,exploratory,-0.040400549922444295
lab_subject_3,early_vs_late,delta_relative_power,exploratory,-0.08177799747582148
lab_subject_5,early_vs_late,delta_relative_power,exploratory,0.05451287813928993
lab_subject_6,early_vs_late,delta_relative_power,exploratory,0.07825610354496434
lab_subject_7,early_vs_late,delta_relative_power,exploratory,0.1364233195922603
lab_subject_8,early_vs_late,delta_relative_power,exploratory,-0.22239867033627206
lab_subject_9,early_vs_late,delta_relative_power,exploratory,0.17664276103327559
lab_subject_1,format_x_timing,delta_relative_power,exploratory,0.1250128992905581
lab_subject_10,format_x_timing,delta_relative_power,exploratory,0.6006487343902494
lab_subject_11,format_x_timing,delta_relative_power,exploratory,0.45887059460136803
lab_subject_12,format_x_timing,delta_relative_power,exploratory,-0.4773214407631559
lab_subject_13,format_x_timing,delta_relative_power,exploratory,-0.09392107356861557
lab_subject_14,format_x_timing,delta_relative_power,exploratory,-0.6790140187616973
lab_subject_15,format_x_timing,delta_relative_power,exploratory,-0.11013047642424456
lab_subject_16,format_x_timing,delta_relative_power,exploratory,-0.11661205773224037
lab_subject_17,format_x_timing,delta_relative_power,exploratory,0.27441114649785925
lab_subject_18,format_x_timing,delta_relative_power,exploratory,-0.05700619773833776
lab_subject_19,format_x_timing,delta_relative_power,exploratory,-0.6711455135518298
lab_subject_2,format_x_timing,delta_relative_power,exploratory,0.3943893263223942
lab_subject_3,format_x_timing,delta_relative_power,exploratory,0.2577340858476189
lab_subject_5,format_x_timing,delta_relative_power,exploratory,-0.7460718897974921
lab_subject_6,format_x_timing,delta_relative_power,exploratory,0.866905975822553
lab_subject_7,format_x_timing,delta_relative_power,exploratory,-0.011122379685430228
lab_subject_8,format_x_timing,delta_relative_power,exploratory,-0.10968201582073683
lab_subject_9,format_x_timing,delta_relative_power,exploratory,-0.5671556086990746
lab_subject_1,inline_early_vs_no_ad_early,theta_relative_power,exploratory,-0.0055057703780918635
lab_subject_10,inline_early_vs_no_ad_early,theta_relative_power,exploratory,-0.08379027851403492
lab_subject_11,inline_early_vs_no_ad_early,theta_relative_power,exploratory,-0.05344588376606427
lab_subject_12,inline_early_vs_no_ad_early,theta_relative_power,exploratory,-0.016533787974060146
lab_subject_13,inline_early_vs_no_ad_early,theta_relative_power,exploratory,0.0426042858102381
lab_subject_14,inline_early_vs_no_ad_early,theta_relative_power,exploratory,0.10177952127522472
lab_subject_15,inline_early_vs_no_ad_early,theta_relative_power,exploratory,0.05733074554005389
lab_subject_16,inline_early_vs_no_ad_early,theta_relative_power,exploratory,-0.024230138425824877
lab_subject_17,inline_early_vs_no_ad_early,theta_relative_power,exploratory,-0.15025969487193214
lab_subject_18,inline_early_vs_no_ad_early,theta_relative_power,exploratory,0.03886670122034827
lab_subject_19,inline_early_vs_no_ad_early,theta_relative_power,exploratory,0.12087998853201443
lab_subject_2,inline_early_vs_no_ad_early,theta_relative_power,exploratory,-0.08196523866746325
lab_subject_3,inline_early_vs_no_ad_early,theta_relative_power,exploratory,-0.04262159863817784
lab_subject_5,inline_early_vs_no_ad_early,theta_relative_power,exploratory,0.051136459825802436
lab_subject_6,inline_early_vs_no_ad_early,theta_relative_power,exploratory,-0.11831259566497941
lab_subject_7,inline_early_vs_no_ad_early,theta_relative_power,exploratory,-0.02193746120593354
lab_subject_8,inline_early_vs_no_ad_early,theta_relative_power,exploratory,-0.03610640626158271
lab_subject_9,inline_early_vs_no_ad_early,theta_relative_power,exploratory,0.03796012049445213
lab_subject_1,block_early_vs_no_ad_early,theta_relative_power,exploratory,-0.010358329190668557
lab_subject_10,block_early_vs_no_ad_early,theta_relative_power,exploratory,-0.021348107532327076
lab_subject_11,block_early_vs_no_ad_early,theta_relative_power,exploratory,-0.06429995453796435
lab_subject_12,block_early_vs_no_ad_early,theta_relative_power,exploratory,-0.075975993587935
lab_subject_13,block_early_vs_no_ad_early,theta_relative_power,exploratory,-0.00017905505472584626
lab_subject_14,block_early_vs_no_ad_early,theta_relative_power,exploratory,0.011588594281880082
lab_subject_15,block_early_vs_no_ad_early,theta_relative_power,exploratory,-0.06557867171572954
lab_subject_16,block_early_vs_no_ad_early,theta_relative_power,exploratory,-0.05607952296264958
lab_subject_17,block_early_vs_no_ad_early,theta_relative_power,exploratory,-0.04337581516626483
lab_subject_18,block_early_vs_no_ad_early,theta_relative_power,exploratory,-0.011318765586381563
lab_subject_19,block_early_vs_no_ad_early,theta_relative_power,exploratory,-0.011087662099535212
lab_subject_2,block_early_vs_no_ad_early,theta_relative_power,exploratory,-0.02004883828614193
lab_subject_3,block_early_vs_no_ad_early,theta_relative_power,exploratory,0.005471123372021741
lab_subject_5,block_early_vs_no_ad_early,theta_relative_power,exploratory,-0.06210170421318337
lab_subject_6,block_early_vs_no_ad_early,theta_relative_power,exploratory,0.07012345316062467
lab_subject_7,block_early_vs_no_ad_early,theta_relative_power,exploratory,0.0024514907873939423
lab_subject_8,block_early_vs_no_ad_early,theta_relative_power,exploratory,-0.037196181230106484
lab_subject_9,block_early_vs_no_ad_early,theta_relative_power,exploratory,0.008044050068695262
lab_subject_1,inline_late_vs_no_ad_late,theta_relative_power,exploratory,0.0679372114422907
lab_subject_10,inline_late_vs_no_ad_late,theta_relative_power,exploratory,0.01487474627398025
lab_subject_11,inline_late_vs_no_ad_late,theta_relative_power,exploratory,0.07803850572035166
lab_subject_12,inline_late_vs_no_ad_late,theta_relative_power,exploratory,0.022131927672524518
lab_subject_13,inline_late_vs_no_ad_late,theta_relative_power,exploratory,-0.01509508659845836
lab_subject_14,inline_late_vs_no_ad_late,theta_relative_power,exploratory,-0.15202350725645913
lab_subject_15,inline_late_vs_no_ad_late,theta_relative_power,exploratory,0.0856761309275173
lab_subject_16,inline_late_vs_no_ad_late,theta_relative_power,exploratory,-0.0029557784560354447
lab_subject_17,inline_late_vs_no_ad_late,theta_relative_power,exploratory,0.08367554028991948
lab_subject_18,inline_late_vs_no_ad_late,theta_relative_power,exploratory,-0.029959100478468004
lab_subject_19,inline_late_vs_no_ad_late,theta_relative_power,exploratory,-0.013251063385960264
lab_subject_2,inline_late_vs_no_ad_late,theta_relative_power,exploratory,0.07315654595165194
lab_subject_3,inline_late_vs_no_ad_late,theta_relative_power,exploratory,0.027987913700541267
lab_subject_5,inline_late_vs_no_ad_late,theta_relative_power,exploratory,0.040842811095962425
lab_subject_6,inline_late_vs_no_ad_late,theta_relative_power,exploratory,-0.0846681172392701
lab_subject_7,inline_late_vs_no_ad_late,theta_relative_power,exploratory,-0.05003569903703596
lab_subject_8,inline_late_vs_no_ad_late,theta_relative_power,exploratory,-0.05039369248707071
lab_subject_9,inline_late_vs_no_ad_late,theta_relative_power,exploratory,-0.08098234899806916
lab_subject_1,block_late_vs_no_ad_late,theta_relative_power,exploratory,0.018476901727042583
lab_subject_10,block_late_vs_no_ad_late,theta_relative_power,exploratory,0.03378443696156795
lab_subject_11,block_late_vs_no_ad_late,theta_relative_power,exploratory,0.007101905064189021
lab_subject_12,block_late_vs_no_ad_late,theta_relative_power,exploratory,0.03691125317753986
lab_subject_13,block_late_vs_no_ad_late,theta_relative_power,exploratory,0.002156125772601894
lab_subject_14,block_late_vs_no_ad_late,theta_relative_power,exploratory,-0.07467307678966265
lab_subject_15,block_late_vs_no_ad_late,theta_relative_power,exploratory,-0.0008201676000432201
lab_subject_16,block_late_vs_no_ad_late,theta_relative_power,exploratory,-0.05019076654868583
lab_subject_17,block_late_vs_no_ad_late,theta_relative_power,exploratory,0.05724351340798518
lab_subject_18,block_late_vs_no_ad_late,theta_relative_power,exploratory,0.09286115510591941
lab_subject_19,block_late_vs_no_ad_late,theta_relative_power,exploratory,0.13686868845514213
lab_subject_2,block_late_vs_no_ad_late,theta_relative_power,exploratory,0.001425882684003968
lab_subject_3,block_late_vs_no_ad_late,theta_relative_power,exploratory,-0.050464278535131774
lab_subject_5,block_late_vs_no_ad_late,theta_relative_power,exploratory,0.1604593498799293
lab_subject_6,block_late_vs_no_ad_late,theta_relative_power,exploratory,-0.11511950558090421
lab_subject_7,block_late_vs_no_ad_late,theta_relative_power,exploratory,-0.026641468009986624
lab_subject_8,block_late_vs_no_ad_late,theta_relative_power,exploratory,-0.07651593909037921
lab_subject_9,block_late_vs_no_ad_late,theta_relative_power,exploratory,-0.02781094985585328
lab_subject_1,any_ad_vs_matched_no_ad,theta_relative_power,exploratory,0.017637503400143216
lab_subject_10,any_ad_vs_matched_no_ad,theta_relative_power,exploratory,-0.01411980070270345
lab_subject_11,any_ad_vs_matched_no_ad,theta_relative_power,exploratory,-0.008151356879871983
lab_subject_12,any_ad_vs_matched_no_ad,theta_relative_power,exploratory,-0.00836665017798269
lab_subject_13,any_ad_vs_matched_no_ad,theta_relative_power,exploratory,0.007371567482413946
lab_subject_14,any_ad_vs_matched_no_ad,theta_relative_power,exploratory,-0.028332117122254245
lab_subject_15,any_ad_vs_matched_no_ad,theta_relative_power,exploratory,0.019152009287949613
lab_subject_16,any_ad_vs_matched_no_ad,theta_relative_power,exploratory,-0.03336405159829893
lab_subject_17,any_ad_vs_matched_no_ad,theta_relative_power,exploratory,-0.01317911408507308
lab_subject_18,any_ad_vs_matched_no_ad,theta_relative_power,exploratory,0.02261249756535453
lab_subject_19,any_ad_vs_matched_no_ad,theta_relative_power,exploratory,0.058352487875415276
lab_subject_2,any_ad_vs_matched_no_ad,theta_relative_power,exploratory,-0.006857912079487317
lab_subject_3,any_ad_vs_matched_no_ad,theta_relative_power,exploratory,-0.014906710025186651
lab_subject_5,any_ad_vs_matched_no_ad,theta_relative_power,exploratory,0.0475842291471277
lab_subject_6,any_ad_vs_matched_no_ad,theta_relative_power,exploratory,-0.061994191331132265
lab_subject_7,any_ad_vs_matched_no_ad,theta_relative_power,exploratory,-0.024040784366390545
lab_subject_8,any_ad_vs_matched_no_ad,theta_relative_power,exploratory,-0.050053054767284784
lab_subject_9,any_ad_vs_matched_no_ad,theta_relative_power,exploratory,-0.015697282072693764
lab_subject_1,inline_vs_block,theta_relative_power,exploratory,0.027156434263912406
lab_subject_10,inline_vs_block,theta_relative_power,exploratory,-0.040675930834647774
lab_subject_11,inline_vs_block,theta_relative_power,exploratory,0.04089533571403136
lab_subject_12,inline_vs_block,theta_relative_power,exploratory,0.022331440054429753
lab_subject_13,inline_vs_block,theta_relative_power,exploratory,0.012766064246951845
lab_subject_14,inline_vs_block,theta_relative_power,exploratory,0.006420248263274073
lab_subject_15,inline_vs_block,theta_relative_power,exploratory,0.10470285789167197
lab_subject_16,inline_vs_block,theta_relative_power,exploratory,0.03954218631473755
lab_subject_17,inline_vs_block,theta_relative_power,exploratory,-0.04022592641186651
lab_subject_18,inline_vs_block,theta_relative_power,exploratory,-0.03631739438882879
lab_subject_19,inline_vs_block,theta_relative_power,exploratory,-0.009076050604776377
lab_subject_2,inline_vs_block,theta_relative_power,exploratory,0.0049071314431633276
lab_subject_3,inline_vs_block,theta_relative_power,exploratory,0.01517973511273673
lab_subject_5,inline_vs_block,theta_relative_power,exploratory,-0.0031891873724905345
lab_subject_6,inline_vs_block,theta_relative_power,exploratory,-0.07899233024198499
lab_subject_7,inline_vs_block,theta_relative_power,exploratory,-0.02389159151018841
lab_subject_8,inline_vs_block,theta_relative_power,exploratory,0.01360601078591614
lab_subject_9,inline_vs_block,theta_relative_power,exploratory,-0.011627664358229511
lab_subject_1,early_vs_late,theta_relative_power,exploratory,-0.058520275923994024
lab_subject_10,early_vs_late,theta_relative_power,exploratory,-0.023302460809145158
lab_subject_11,early_vs_late,theta_relative_power,exploratory,-0.007315261621626205
lab_subject_12,early_vs_late,theta_relative_power,exploratory,0.002152545902269272
lab_subject_13,early_vs_late,theta_relative_power,exploratory,0.005556027748531495
lab_subject_14,early_vs_late,theta_relative_power,exploratory,0.06496942928448109
lab_subject_15,early_vs_late,theta_relative_power,exploratory,0.03468033982569578
lab_subject_16,early_vs_late,theta_relative_power,exploratory,-0.03769207890985854
lab_subject_17,early_vs_late,theta_relative_power,exploratory,-0.030551246470824883
lab_subject_18,early_vs_late,theta_relative_power,exploratory,-0.03870883105293858
lab_subject_19,early_vs_late,theta_relative_power,exploratory,-0.030632179912943085
lab_subject_2,early_vs_late,theta_relative_power,exploratory,-0.021659855667869717
lab_subject_3,early_vs_late,theta_relative_power,exploratory,0.03670129594978342
lab_subject_5,early_vs_late,theta_relative_power,exploratory,-0.0534324088402879
lab_subject_6,early_vs_late,theta_relative_power,exploratory,-0.0027176216144852716
lab_subject_7,early_vs_late,theta_relative_power,exploratory,0.007633734256260807
lab_subject_8,early_vs_late,theta_relative_power,exploratory,0.059513741425995484
lab_subject_9,early_vs_late,theta_relative_power,exploratory,-0.006036698025629936
lab_subject_1,format_x_timing,theta_relative_power,exploratory,-0.044607750902671425
lab_subject_10,format_x_timing,theta_relative_power,exploratory,-0.04353248029412014
lab_subject_11,format_x_timing,theta_relative_power,exploratory,-0.06008252988426256
lab_subject_12,format_x_timing,theta_relative_power,exploratory,0.0742215311188902
lab_subject_13,format_x_timing,theta_relative_power,exploratory,0.0600345532360242
lab_subject_14,format_x_timing,theta_relative_power,exploratory,0.16754135746014112
lab_subject_15,format_x_timing,theta_relative_power,exploratory,0.03641311872822289
lab_subject_16,format_x_timing,theta_relative_power,exploratory,-0.015385603555825682
lab_subject_17,format_x_timing,theta_relative_power,exploratory,-0.13331590658760162
lab_subject_18,format_x_timing,theta_relative_power,exploratory,0.17300572239111725
lab_subject_19,format_x_timing,theta_relative_power,exploratory,0.282087402472652
lab_subject_2,format_x_timing,theta_relative_power,exploratory,-0.13364706364896928
lab_subject_3,format_x_timing,theta_relative_power,exploratory,-0.1265449142458726
lab_subject_5,format_x_timing,theta_relative_power,exploratory,0.23285470282295267
lab_subject_6,format_x_timing,theta_relative_power,exploratory,-0.21888743716723819
lab_subject_7,format_x_timing,theta_relative_power,exploratory,-0.0009947209662781453
lab_subject_8,format_x_timing,theta_relative_power,exploratory,-0.025032471634784725
lab_subject_9,format_x_timing,theta_relative_power,exploratory,0.08308746956797276
lab_subject_1,inline_early_vs_no_ad_early,alpha_relative_power,exploratory,-0.017312735901078388
lab_subject_10,inline_early_vs_no_ad_early,alpha_relative_power,exploratory,-0.23707168999326578
lab_subject_11,inline_early_vs_no_ad_early,alpha_relative_power,exploratory,-0.13521046180376897
lab_subject_12,inline_early_vs_no_ad_early,alpha_relative_power,exploratory,0.1298456025316985
lab_subject_13,inline_early_vs_no_ad_early,alpha_relative_power,exploratory,0.001107099285928323
lab_subject_14,inline_early_vs_no_ad_early,alpha_relative_power,exploratory,0.058166442295410736
lab_subject_15,inline_early_vs_no_ad_early,alpha_relative_power,exploratory,0.03807546162421607
lab_subject_16,inline_early_vs_no_ad_early,alpha_relative_power,exploratory,0.008904314027489528
lab_subject_17,inline_early_vs_no_ad_early,alpha_relative_power,exploratory,-0.058604099015143504
lab_subject_18,inline_early_vs_no_ad_early,alpha_relative_power,exploratory,0.037200676443943315
lab_subject_19,inline_early_vs_no_ad_early,alpha_relative_power,exploratory,0.04381852119338036
lab_subject_2,inline_early_vs_no_ad_early,alpha_relative_power,exploratory,-0.0390397570992847
lab_subject_3,inline_early_vs_no_ad_early,alpha_relative_power,exploratory,-0.09218316329989767
lab_subject_5,inline_early_vs_no_ad_early,alpha_relative_power,exploratory,0.05853186174237202
lab_subject_6,inline_early_vs_no_ad_early,alpha_relative_power,exploratory,-0.08203665556468022
lab_subject_7,inline_early_vs_no_ad_early,alpha_relative_power,exploratory,-0.024880155689695496
lab_subject_8,inline_early_vs_no_ad_early,alpha_relative_power,exploratory,-0.004452525947859998
lab_subject_9,inline_early_vs_no_ad_early,alpha_relative_power,exploratory,0.017358592062334845
lab_subject_1,block_early_vs_no_ad_early,alpha_relative_power,exploratory,-0.033158064486397444
lab_subject_10,block_early_vs_no_ad_early,alpha_relative_power,exploratory,-0.04970568619210859
lab_subject_11,block_early_vs_no_ad_early,alpha_relative_power,exploratory,-0.11240819837831725
lab_subject_12,block_early_vs_no_ad_early,alpha_relative_power,exploratory,-0.03028600210818011
lab_subject_13,block_early_vs_no_ad_early,alpha_relative_power,exploratory,-0.05658116315551767
lab_subject_14,block_early_vs_no_ad_early,alpha_relative_power,exploratory,0.01711977537245558
lab_subject_15,block_early_vs_no_ad_early,alpha_relative_power,exploratory,-0.05378585685157058
lab_subject_16,block_early_vs_no_ad_early,alpha_relative_power,exploratory,-0.06482124400915362
lab_subject_17,block_early_vs_no_ad_early,alpha_relative_power,exploratory,0.005029473622376435
lab_subject_18,block_early_vs_no_ad_early,alpha_relative_power,exploratory,-0.06783387482595037
lab_subject_19,block_early_vs_no_ad_early,alpha_relative_power,exploratory,-0.08496246099886152
lab_subject_2,block_early_vs_no_ad_early,alpha_relative_power,exploratory,0.013016820741185008
lab_subject_3,block_early_vs_no_ad_early,alpha_relative_power,exploratory,-0.10468486184009614
lab_subject_5,block_early_vs_no_ad_early,alpha_relative_power,exploratory,0.014038443165161722
lab_subject_6,block_early_vs_no_ad_early,alpha_relative_power,exploratory,0.06639207645425846
lab_subject_7,block_early_vs_no_ad_early,alpha_relative_power,exploratory,-0.001527308311033454
lab_subject_8,block_early_vs_no_ad_early,alpha_relative_power,exploratory,-0.04315555533158169
lab_subject_9,block_early_vs_no_ad_early,alpha_relative_power,exploratory,-0.0019941563383476836
lab_subject_1,inline_late_vs_no_ad_late,alpha_relative_power,exploratory,0.030125199390443627
lab_subject_10,inline_late_vs_no_ad_late,alpha_relative_power,exploratory,0.050517584784561094
lab_subject_11,inline_late_vs_no_ad_late,alpha_relative_power,exploratory,0.08455494592085869
lab_subject_12,inline_late_vs_no_ad_late,alpha_relative_power,exploratory,-0.16779319933808826
lab_subject_13,inline_late_vs_no_ad_late,alpha_relative_power,exploratory,-0.058664951879410926
lab_subject_14,inline_late_vs_no_ad_late,alpha_relative_power,exploratory,-0.1183782900615047
lab_subject_15,inline_late_vs_no_ad_late,alpha_relative_power,exploratory,0.09723176711886208
lab_subject_16,inline_late_vs_no_ad_late,alpha_relative_power,exploratory,-0.06357885219726092
lab_subject_17,inline_late_vs_no_ad_late,alpha_relative_power,exploratory,0.0674740602226502
lab_subject_18,inline_late_vs_no_ad_late,alpha_relative_power,exploratory,-0.03752027560917898
lab_subject_19,inline_late_vs_no_ad_late,alpha_relative_power,exploratory,-0.011491246376265023
lab_subject_2,inline_late_vs_no_ad_late,alpha_relative_power,exploratory,0.1350603320845131
lab_subject_3,inline_late_vs_no_ad_late,alpha_relative_power,exploratory,-0.031100028761455317
lab_subject_5,inline_late_vs_no_ad_late,alpha_relative_power,exploratory,0.004335336011336229
lab_subject_6,inline_late_vs_no_ad_late,alpha_relative_power,exploratory,-0.04286227111327361
lab_subject_7,inline_late_vs_no_ad_late,alpha_relative_power,exploratory,-0.055424093686395455
lab_subject_8,inline_late_vs_no_ad_late,alpha_relative_power,exploratory,-0.12667028097197522
lab_subject_9,inline_late_vs_no_ad_late,alpha_relative_power,exploratory,-0.09747272113422693
lab_subject_1,block_late_vs_no_ad_late,alpha_relative_power,exploratory,-0.02402315434882741
lab_subject_10,block_late_vs_no_ad_late,alpha_relative_power,exploratory,-0.07959114732670032
lab_subject_11,block_late_vs_no_ad_late,alpha_relative_power,exploratory,-0.04683330610055032
lab_subject_12,block_late_vs_no_ad_late,alpha_relative_power,exploratory,-0.10114676678040115
lab_subject_13,block_late_vs_no_ad_late,alpha_relative_power,exploratory,-0.07514219756323531
lab_subject_14,block_late_vs_no_ad_late,alpha_relative_power,exploratory,-0.06298671498713335
lab_subject_15,block_late_vs_no_ad_late,alpha_relative_power,exploratory,0.005352041390145119
lab_subject_16,block_late_vs_no_ad_late,alpha_relative_power,exploratory,-0.06022414994901689
lab_subject_17,block_late_vs_no_ad_late,alpha_relative_power,exploratory,0.044594323226415294
lab_subject_18,block_late_vs_no_ad_late,alpha_relative_power,exploratory,0.021558963433604417
lab_subject_19,block_late_vs_no_ad_late,alpha_relative_power,exploratory,0.05641241452179946
lab_subject_2,block_late_vs_no_ad_late,alpha_relative_power,exploratory,0.05324101690285252
lab_subject_3,block_late_vs_no_ad_late,alpha_relative_power,exploratory,-0.08591329182070809
lab_subject_5,block_late_vs_no_ad_late,alpha_relative_power,exploratory,0.09254162961562566
lab_subject_6,block_late_vs_no_ad_late,alpha_relative_power,exploratory,-0.12637527181166197
lab_subject_7,block_late_vs_no_ad_late,alpha_relative_power,exploratory,-0.04372078314892117
lab_subject_8,block_late_vs_no_ad_late,alpha_relative_power,exploratory,-0.10875217964256245
lab_subject_9,block_late_vs_no_ad_late,alpha_relative_power,exploratory,-0.009693698757243699
lab_subject_1,any_ad_vs_matched_no_ad,alpha_relative_power,exploratory,-0.011092188836464904
lab_subject_10,any_ad_vs_matched_no_ad,alpha_relative_power,exploratory,-0.0789627346818784
lab_subject_11,any_ad_vs_matched_no_ad,alpha_relative_power,exploratory,-0.05247425509044447
lab_subject_12,any_ad_vs_matched_no_ad,alpha_relative_power,exploratory,-0.04234509142374275
lab_subject_13,any_ad_vs_matched_no_ad,alpha_relative_power,exploratory,-0.047320303328058894
lab_subject_14,any_ad_vs_matched_no_ad,alpha_relative_power,exploratory,-0.026519696845192932
lab_subject_15,any_ad_vs_matched_no_ad,alpha_relative_power,exploratory,0.021718353320413174
lab_subject_16,any_ad_vs_matched_no_ad,alpha_relative_power,exploratory,-0.04492998303198548
lab_subject_17,any_ad_vs_matched_no_ad,alpha_relative_power,exploratory,0.014623439514074608
lab_subject_18,any_ad_vs_matched_no_ad,alpha_relative_power,exploratory,-0.011648627639395403
lab_subject_19,any_ad_vs_matched_no_ad,alpha_relative_power,exploratory,0.0009443070850133177
lab_subject_2,any_ad_vs_matched_no_ad,alpha_relative_power,exploratory,0.040569603157316475
lab_subject_3,any_ad_vs_matched_no_ad,alpha_relative_power,exploratory,-0.07847033643053931
lab_subject_5,any_ad_vs_matched_no_ad,alpha_relative_power,exploratory,0.042361817633623906
lab_subject_6,any_ad_vs_matched_no_ad,alpha_relative_power,exploratory,-0.046220530508839335
lab_subject_7,any_ad_vs_matched_no_ad,alpha_relative_power,exploratory,-0.031388085209011395
lab_subject_8,any_ad_vs_matched_no_ad,alpha_relative_power,exploratory,-0.07075763547349484
lab_subject_9,any_ad_vs_matched_no_ad,alpha_relative_power,exploratory,-0.02295049604187087
lab_subject_1,inline_vs_block,alpha_relative_power,exploratory,0.034996841162295046
lab_subject_10,inline_vs_block,alpha_relative_power,exploratory,-0.028628635844947875
lab_subject_11,inline_vs_block,alpha_relative_power,exploratory,0.054292994297978646
lab_subject_12,inline_vs_block,alpha_relative_power,exploratory,0.04674258604109575
lab_subject_13,inline_vs_block,alpha_relative_power,exploratory,0.03708275406263519
lab_subject_14,inline_vs_block,alpha_relative_power,exploratory,-0.007172454075708101
lab_subject_15,inline_vs_block,alpha_relative_power,exploratory,0.09187052210225181
lab_subject_16,inline_vs_block,alpha_relative_power,exploratory,0.03518542789419957
lab_subject_17,inline_vs_block,alpha_relative_power,exploratory,-0.020376917820642514
lab_subject_18,inline_vs_block,alpha_relative_power,exploratory,0.022977656113555144
lab_subject_19,inline_vs_block,alpha_relative_power,exploratory,0.0304386606470887
lab_subject_2,inline_vs_block,alpha_relative_power,exploratory,0.014881368670595436
lab_subject_3,inline_vs_block,alpha_relative_power,exploratory,0.03365748079972561
lab_subject_5,inline_vs_block,alpha_relative_power,exploratory,-0.021856437513539564
lab_subject_6,inline_vs_block,alpha_relative_power,exploratory,-0.032457865660275156
lab_subject_7,inline_vs_block,alpha_relative_power,exploratory,-0.017528078958068162
lab_subject_8,inline_vs_block,alpha_relative_power,exploratory,0.010392464027154463
lab_subject_9,inline_vs_block,alpha_relative_power,exploratory,-0.03421313698815036
lab_subject_1,early_vs_late,alpha_relative_power,exploratory,-0.02578002301025198
lab_subject_10,early_vs_late,alpha_relative_power,exploratory,-0.0035653778786171597
lab_subject_11,early_vs_late,alpha_relative_power,exploratory,0.02672001094006276
lab_subject_12,early_vs_late,alpha_relative_power,exploratory,0.1761567070516757
lab_subject_13,early_vs_late,alpha_relative_power,exploratory,0.023200915026148176
lab_subject_14,early_vs_late,alpha_relative_power,exploratory,0.04215249925852217
lab_subject_15,early_vs_late,alpha_relative_power,exploratory,-0.0053503590727287074
lab_subject_16,early_vs_late,alpha_relative_power,exploratory,0.026823190998593992
lab_subject_17,early_vs_late,alpha_relative_power,exploratory,-0.012507078553609392
lab_subject_18,early_vs_late,alpha_relative_power,exploratory,-0.015097814084390405
lab_subject_19,early_vs_late,alpha_relative_power,exploratory,-0.030381389795043238
lab_subject_2,early_vs_late,alpha_relative_power,exploratory,0.0010573907049503603
lab_subject_3,early_vs_late,alpha_relative_power,exploratory,0.014101402738412403
lab_subject_5,early_vs_late,alpha_relative_power,exploratory,0.01706957027801609
lab_subject_6,early_vs_late,alpha_relative_power,exploratory,-0.041116203994041145
lab_subject_7,early_vs_late,alpha_relative_power,exploratory,-0.006702801063789628
lab_subject_8,early_vs_late,alpha_relative_power,exploratory,0.06214049235097817
lab_subject_9,early_vs_late,alpha_relative_power,exploratory,-0.05659439781083056
lab_subject_1,format_x_timing,alpha_relative_power,exploratory,-0.03830302515395198
lab_subject_10,format_x_timing,alpha_relative_power,exploratory,-0.3174747359124186
lab_subject_11,format_x_timing,alpha_relative_power,exploratory,-0.15419051544686074
lab_subject_12,format_x_timing,alpha_relative_power,exploratory,0.22677803719756573
lab_subject_13,format_x_timing,alpha_relative_power,exploratory,0.04121101675762161
lab_subject_14,format_x_timing,alpha_relative_power,exploratory,0.09643824199732651
lab_subject_15,format_x_timing,alpha_relative_power,exploratory,-1.8407252930320583e-05
lab_subject_16,format_x_timing,alpha_relative_power,exploratory,0.07708026028488718
lab_subject_17,format_x_timing,alpha_relative_power,exploratory,-0.08651330963375485
lab_subject_18,format_x_timing,alpha_relative_power,exploratory,0.1641137903126771
lab_subject_19,format_x_timing,alpha_relative_power,exploratory,0.19668464309030637
lab_subject_2,format_x_timing,alpha_relative_power,exploratory,-0.13387589302213027
lab_subject_3,format_x_timing,alpha_relative_power,exploratory,-0.0423115645190543
lab_subject_5,format_x_timing,alpha_relative_power,exploratory,0.13269971218149973
lab_subject_6,format_x_timing,alpha_relative_power,exploratory,-0.23194173271732704
lab_subject_7,format_x_timing,alpha_relative_power,exploratory,-0.01164953684118776
lab_subject_8,format_x_timing,alpha_relative_power,exploratory,0.05662113071313446
lab_subject_9,format_x_timing,alpha_relative_power,exploratory,0.10713177077766577
lab_subject_1,inline_early_vs_no_ad_early,beta_relative_power,exploratory,0.05126050517064451
lab_subject_10,inline_early_vs_no_ad_early,beta_relative_power,exploratory,0.1435331323569301
lab_subject_11,inline_early_vs_no_ad_early,beta_relative_power,exploratory,-0.15004258465630535
lab_subject_12,inline_early_vs_no_ad_early,beta_relative_power,exploratory,0.00715637395467944
lab_subject_13,inline_early_vs_no_ad_early,beta_relative_power,exploratory,-0.11538862374330944
lab_subject_14,inline_early_vs_no_ad_early,beta_relative_power,exploratory,-0.38431603619114973
lab_subject_15,inline_early_vs_no_ad_early,beta_relative_power,exploratory,0.04079727030206774
lab_subject_16,inline_early_vs_no_ad_early,beta_relative_power,exploratory,0.017530901651569578
lab_subject_17,inline_early_vs_no_ad_early,beta_relative_power,exploratory,-0.07879248940256359
lab_subject_18,inline_early_vs_no_ad_early,beta_relative_power,exploratory,-0.13931799351571594
lab_subject_19,inline_early_vs_no_ad_early,beta_relative_power,exploratory,0.03962899771512233
lab_subject_2,inline_early_vs_no_ad_early,beta_relative_power,exploratory,0.12400663288967165
lab_subject_3,inline_early_vs_no_ad_early,beta_relative_power,exploratory,-0.26516897247480836
lab_subject_5,inline_early_vs_no_ad_early,beta_relative_power,exploratory,0.042920298876171645
lab_subject_6,inline_early_vs_no_ad_early,beta_relative_power,exploratory,-0.14406125827552035
lab_subject_7,inline_early_vs_no_ad_early,beta_relative_power,exploratory,-0.1141313369396941
lab_subject_8,inline_early_vs_no_ad_early,beta_relative_power,exploratory,-0.062198042358683855
lab_subject_9,inline_early_vs_no_ad_early,beta_relative_power,exploratory,0.13407298883116847
lab_subject_1,block_early_vs_no_ad_early,beta_relative_power,exploratory,-0.06344579589296603
lab_subject_10,block_early_vs_no_ad_early,beta_relative_power,exploratory,0.17451636297075057
lab_subject_11,block_early_vs_no_ad_early,beta_relative_power,exploratory,-0.09081490998865618
lab_subject_12,block_early_vs_no_ad_early,beta_relative_power,exploratory,-0.11440547528085782
lab_subject_13,block_early_vs_no_ad_early,beta_relative_power,exploratory,-0.2179574394640364
lab_subject_14,block_early_vs_no_ad_early,beta_relative_power,exploratory,-0.5303008702092065
lab_subject_15,block_early_vs_no_ad_early,beta_relative_power,exploratory,-0.11585640160117691
lab_subject_16,block_early_vs_no_ad_early,beta_relative_power,exploratory,-0.1744266777203159
lab_subject_17,block_early_vs_no_ad_early,beta_relative_power,exploratory,0.018938264784705477
lab_subject_18,block_early_vs_no_ad_early,beta_relative_power,exploratory,-0.14027115093302905
lab_subject_19,block_early_vs_no_ad_early,beta_relative_power,exploratory,-0.012090959133560737
lab_subject_2,block_early_vs_no_ad_early,beta_relative_power,exploratory,-0.06416517990213849
lab_subject_3,block_early_vs_no_ad_early,beta_relative_power,exploratory,-0.2758300173614601
lab_subject_5,block_early_vs_no_ad_early,beta_relative_power,exploratory,-0.051320041550149395
lab_subject_6,block_early_vs_no_ad_early,beta_relative_power,exploratory,0.12334993545435788
lab_subject_7,block_early_vs_no_ad_early,beta_relative_power,exploratory,-0.040543058176431
lab_subject_8,block_early_vs_no_ad_early,beta_relative_power,exploratory,-0.13483928389422425
lab_subject_9,block_early_vs_no_ad_early,beta_relative_power,exploratory,-0.019593903201109236
lab_subject_1,inline_late_vs_no_ad_late,beta_relative_power,exploratory,0.1354234561380894
lab_subject_10,inline_late_vs_no_ad_late,beta_relative_power,exploratory,0.1003072530981396
lab_subject_11,inline_late_vs_no_ad_late,beta_relative_power,exploratory,0.1270891090571315
lab_subject_12,inline_late_vs_no_ad_late,beta_relative_power,exploratory,-0.1206313363310911
lab_subject_13,inline_late_vs_no_ad_late,beta_relative_power,exploratory,0.022450693386204187
lab_subject_14,inline_late_vs_no_ad_late,beta_relative_power,exploratory,-0.3567999733028605
lab_subject_15,inline_late_vs_no_ad_late,beta_relative_power,exploratory,0.09119464426714305
lab_subject_16,inline_late_vs_no_ad_late,beta_relative_power,exploratory,-0.13202008180385366
lab_subject_17,inline_late_vs_no_ad_late,beta_relative_power,exploratory,0.06575806229904554
lab_subject_18,inline_late_vs_no_ad_late,beta_relative_power,exploratory,-0.06220218756725343
lab_subject_19,inline_late_vs_no_ad_late,beta_relative_power,exploratory,-0.023238279971387305
lab_subject_2,inline_late_vs_no_ad_late,beta_relative_power,exploratory,0.23574346518754302
lab_subject_3,inline_late_vs_no_ad_late,beta_relative_power,exploratory,-0.10267836182263879
lab_subject_5,inline_late_vs_no_ad_late,beta_relative_power,exploratory,-0.005974443125369912
lab_subject_6,inline_late_vs_no_ad_late,beta_relative_power,exploratory,-0.05270838615053597
lab_subject_7,inline_late_vs_no_ad_late,beta_relative_power,exploratory,-0.24862358715899932
lab_subject_8,inline_late_vs_no_ad_late,beta_relative_power,exploratory,-0.13998721432612143
lab_subject_9,inline_late_vs_no_ad_late,beta_relative_power,exploratory,-0.061762697317941886
lab_subject_1,block_late_vs_no_ad_late,beta_relative_power,exploratory,-0.025664681825865565
lab_subject_10,block_late_vs_no_ad_late,beta_relative_power,exploratory,-0.02230398803153562
lab_subject_11,block_late_vs_no_ad_late,beta_relative_power,exploratory,-0.04149084258053162
lab_subject_12,block_late_vs_no_ad_late,beta_relative_power,exploratory,-0.09833477039821711
lab_subject_13,block_late_vs_no_ad_late,beta_relative_power,exploratory,-0.055235317478524115
lab_subject_14,block_late_vs_no_ad_late,beta_relative_power,exploratory,-0.21963250395031197
lab_subject_15,block_late_vs_no_ad_late,beta_relative_power,exploratory,-0.03176623013041667
lab_subject_16,block_late_vs_no_ad_late,beta_relative_power,exploratory,-0.24797839846588043
lab_subject_17,block_late_vs_no_ad_late,beta_relative_power,exploratory,0.13051523966112538
lab_subject_18,block_late_vs_no_ad_late,beta_relative_power,exploratory,-0.1478795573786869
lab_subject_19,block_late_vs_no_ad_late,beta_relative_power,exploratory,0.08094764697437463
lab_subject_2,block_late_vs_no_ad_late,beta_relative_power,exploratory,0.0186868892970304
lab_subject_3,block_late_vs_no_ad_late,beta_relative_power,exploratory,-0.1820326737307653
lab_subject_5,block_late_vs_no_ad_late,beta_relative_power,exploratory,0.14786345745930582
lab_subject_6,block_late_vs_no_ad_late,beta_relative_power,exploratory,-0.15517083732442966
lab_subject_7,block_late_vs_no_ad_late,beta_relative_power,exploratory,-0.13278832735506738
lab_subject_8,block_late_vs_no_ad_late,beta_relative_power,exploratory,-0.12748359436783951
lab_subject_9,block_late_vs_no_ad_late,beta_relative_power,exploratory,0.006310474985559533
lab_subject_1,any_ad_vs_matched_no_ad,beta_relative_power,exploratory,0.024393370897475578
lab_subject_10,any_ad_vs_matched_no_ad,beta_relative_power,exploratory,0.09901319009857117
lab_subject_11,any_ad_vs_matched_no_ad,beta_relative_power,exploratory,-0.03881480704209042
lab_subject_12,any_ad_vs_matched_no_ad,beta_relative_power,exploratory,-0.08155380201387165
lab_subject_13,any_ad_vs_matched_no_ad,beta_relative_power,exploratory,-0.09153267182491644
lab_subject_14,any_ad_vs_matched_no_ad,beta_relative_power,exploratory,-0.37276234591338214
lab_subject_15,any_ad_vs_matched_no_ad,beta_relative_power,exploratory,-0.003907679290595701
lab_subject_16,any_ad_vs_matched_no_ad,beta_relative_power,exploratory,-0.1342235640846201
lab_subject_17,any_ad_vs_matched_no_ad,beta_relative_power,exploratory,0.034104769335578204
lab_subject_18,any_ad_vs_matched_no_ad,beta_relative_power,exploratory,-0.12241772234867133
lab_subject_19,any_ad_vs_matched_no_ad,beta_relative_power,exploratory,0.02131185139613723
lab_subject_2,any_ad_vs_matched_no_ad,beta_relative_power,exploratory,0.07856795186802665
lab_subject_3,any_ad_vs_matched_no_ad,beta_relative_power,exploratory,-0.20642750634741813
lab_subject_5,any_ad_vs_matched_no_ad,beta_relative_power,exploratory,0.03337231791498954
lab_subject_6,any_ad_vs_matched_no_ad,beta_relative_power,exploratory,-0.05714763657403203
lab_subject_7,any_ad_vs_matched_no_ad,beta_relative_power,exploratory,-0.13402157740754794
lab_subject_8,any_ad_vs_matched_no_ad,beta_relative_power,exploratory,-0.11612703373671728
lab_subject_9,any_ad_vs_matched_no_ad,beta_relative_power,exploratory,0.014756715824419217
lab_subject_1,inline_vs_block,beta_relative_power,exploratory,0.13789721951378275
lab_subject_10,inline_vs_block,beta_relative_power,exploratory,0.045814005257927386
lab_subject_11,inline_vs_block,beta_relative_power,exploratory,0.05467613848500697
lab_subject_12,inline_vs_block,beta_relative_power,exploratory,0.04963264165133163
lab_subject_13,inline_vs_block,beta_relative_power,exploratory,0.09012741329272764
lab_subject_14,inline_vs_block,beta_relative_power,exploratory,0.004408682332754078
lab_subject_15,inline_vs_block,beta_relative_power,exploratory,0.13980727315040217
lab_subject_16,inline_vs_block,beta_relative_power,exploratory,0.15395794801695611
lab_subject_17,inline_vs_block,beta_relative_power,exploratory,-0.08124396577467445
lab_subject_18,inline_vs_block,beta_relative_power,exploratory,0.043315263614373295
lab_subject_19,inline_vs_block,beta_relative_power,exploratory,-0.026232985048539433
lab_subject_2,inline_vs_block,beta_relative_power,exploratory,0.20261419434116135
lab_subject_3,inline_vs_block,beta_relative_power,exploratory,0.04500767839738913
lab_subject_5,inline_vs_block,beta_relative_power,exploratory,-0.02979878007917735
lab_subject_6,inline_vs_block,beta_relative_power,exploratory,-0.08247437127799226
lab_subject_7,inline_vs_block,beta_relative_power,exploratory,-0.09471176928359752
lab_subject_8,inline_vs_block,beta_relative_power,exploratory,0.030068810788629226
lab_subject_9,inline_vs_block,beta_relative_power,exploratory,0.04279685986438815
lab_subject_1,early_vs_late,beta_relative_power,exploratory,-0.05510127115684066
lab_subject_10,early_vs_late,beta_relative_power,exploratory,-0.03285327668735396
lab_subject_11,early_vs_late,beta_relative_power,exploratory,0.02342774266958985
lab_subject_12,early_vs_late,beta_relative_power,exploratory,0.14551214178383373
lab_subject_13,early_vs_late,beta_relative_power,exploratory,0.04575217672332359
lab_subject_14,early_vs_late,beta_relative_power,exploratory,0.1023101267121517
lab_subject_15,early_vs_late,beta_relative_power,exploratory,0.006843713749433253
lab_subject_16,early_vs_late,beta_relative_power,exploratory,0.09190466117268017
lab_subject_17,early_vs_late,beta_relative_power,exploratory,-0.02512016405647559
lab_subject_18,early_vs_late,beta_relative_power,exploratory,-0.06267054787168774
lab_subject_19,early_vs_late,beta_relative_power,exploratory,-0.0022686082258122284
lab_subject_2,early_vs_late,beta_relative_power,exploratory,0.06933247841829274
lab_subject_3,early_vs_late,beta_relative_power,exploratory,0.010082515412286705
lab_subject_5,early_vs_late,beta_relative_power,exploratory,-0.023438300933635796
lab_subject_6,early_vs_late,beta_relative_power,exploratory,-0.03024904756245799
lab_subject_7,early_vs_late,beta_relative_power,exploratory,-0.08079210108847383
lab_subject_8,early_vs_late,beta_relative_power,exploratory,0.0827203546239409
lab_subject_9,early_vs_late,beta_relative_power,exploratory,-0.08455873929241227
lab_subject_1,format_x_timing,beta_relative_power,exploratory,-0.04638183690034442
lab_subject_10,format_x_timing,beta_relative_power,exploratory,-0.15359447174349566
lab_subject_11,format_x_timing,beta_relative_power,exploratory,-0.22780762630531226
lab_subject_12,format_x_timing,beta_relative_power,exploratory,0.14385841516841125
lab_subject_13,format_x_timing,beta_relative_power,exploratory,0.02488280485599865
lab_subject_14,format_x_timing,beta_relative_power,exploratory,0.28315230337060526
lab_subject_15,format_x_timing,beta_relative_power,exploratory,0.033692797505684935
lab_subject_16,format_x_timing,beta_relative_power,exploratory,0.07599926270985868
lab_subject_17,format_x_timing,beta_relative_power,exploratory,-0.03297357682518923
lab_subject_18,format_x_timing,beta_relative_power,exploratory,-0.0847242123941204
lab_subject_19,format_x_timing,beta_relative_power,exploratory,0.155905883794445
lab_subject_2,format_x_timing,beta_relative_power,exploratory,-0.02888476309870247
lab_subject_3,format_x_timing,beta_relative_power,exploratory,-0.06869326702147474
lab_subject_5,format_x_timing,beta_relative_power,exploratory,0.24807824101099676
lab_subject_6,format_x_timing,beta_relative_power,exploratory,-0.36987364490377195
lab_subject_7,format_x_timing,beta_relative_power,exploratory,0.042246981040668846
lab_subject_8,format_x_timing,beta_relative_power,exploratory,0.08514486149382236
lab_subject_9,format_x_timing,beta_relative_power,exploratory,0.22174006433577914
lab_subject_1,inline_early_vs_no_ad_early,gamma_relative_power,exploratory,0.051674471065981414
lab_subject_10,inline_early_vs_no_ad_early,gamma_relative_power,exploratory,0.12232979738224858
lab_subject_11,inline_early_vs_no_ad_early,gamma_relative_power,exploratory,-0.02894981929385968
lab_subject_12,inline_early_vs_no_ad_early,gamma_relative_power,exploratory,-0.025090009476956096
lab_subject_13,inline_early_vs_no_ad_early,gamma_relative_power,exploratory,-0.00015626774410993846
lab_subject_14,inline_early_vs_no_ad_early,gamma_relative_power,exploratory,-0.02809912259152928
lab_subject_15,inline_early_vs_no_ad_early,gamma_relative_power,exploratory,0.019051082695524572
lab_subject_16,inline_early_vs_no_ad_early,gamma_relative_power,exploratory,-0.041321505521681935
lab_subject_17,inline_early_vs_no_ad_early,gamma_relative_power,exploratory,-0.010918890134476764
lab_subject_18,inline_early_vs_no_ad_early,gamma_relative_power,exploratory,-0.10942291179748401
lab_subject_19,inline_early_vs_no_ad_early,gamma_relative_power,exploratory,0.006037224972475091
lab_subject_2,inline_early_vs_no_ad_early,gamma_relative_power,exploratory,-0.0010893342382904125
lab_subject_3,inline_early_vs_no_ad_early,gamma_relative_power,exploratory,-0.09897288768639423
lab_subject_5,inline_early_vs_no_ad_early,gamma_relative_power,exploratory,0.0325295518809245
lab_subject_6,inline_early_vs_no_ad_early,gamma_relative_power,exploratory,0.016477051385994597
lab_subject_7,inline_early_vs_no_ad_early,gamma_relative_power,exploratory,-0.11628919261094131
lab_subject_8,inline_early_vs_no_ad_early,gamma_relative_power,exploratory,-0.00687913574322184
lab_subject_9,inline_early_vs_no_ad_early,gamma_relative_power,exploratory,0.07585390311493526
lab_subject_1,block_early_vs_no_ad_early,gamma_relative_power,exploratory,0.009839385283518125
lab_subject_10,block_early_vs_no_ad_early,gamma_relative_power,exploratory,0.11361202198383753
lab_subject_11,block_early_vs_no_ad_early,gamma_relative_power,exploratory,-0.03908547401376099
lab_subject_12,block_early_vs_no_ad_early,gamma_relative_power,exploratory,-0.05105410221463549
lab_subject_13,block_early_vs_no_ad_early,gamma_relative_power,exploratory,-0.00771860618272751
lab_subject_14,block_early_vs_no_ad_early,gamma_relative_power,exploratory,-0.07882542780700236
lab_subject_15,block_early_vs_no_ad_early,gamma_relative_power,exploratory,-0.05416732150797105
lab_subject_16,block_early_vs_no_ad_early,gamma_relative_power,exploratory,-0.10547821966646094
lab_subject_17,block_early_vs_no_ad_early,gamma_relative_power,exploratory,0.032180114341528884
lab_subject_18,block_early_vs_no_ad_early,gamma_relative_power,exploratory,-0.052240562240662876
lab_subject_19,block_early_vs_no_ad_early,gamma_relative_power,exploratory,-0.0009973818412975198
lab_subject_2,block_early_vs_no_ad_early,gamma_relative_power,exploratory,-0.03007598371463336
lab_subject_3,block_early_vs_no_ad_early,gamma_relative_power,exploratory,-0.10197382169044963
lab_subject_5,block_early_vs_no_ad_early,gamma_relative_power,exploratory,-0.013076598278327883
lab_subject_6,block_early_vs_no_ad_early,gamma_relative_power,exploratory,0.03203863742140719
lab_subject_7,block_early_vs_no_ad_early,gamma_relative_power,exploratory,-0.050603037454469715
lab_subject_8,block_early_vs_no_ad_early,gamma_relative_power,exploratory,0.002091249388147587
lab_subject_9,block_early_vs_no_ad_early,gamma_relative_power,exploratory,-0.0208946790555212
lab_subject_1,inline_late_vs_no_ad_late,gamma_relative_power,exploratory,0.04359394564691327
lab_subject_10,inline_late_vs_no_ad_late,gamma_relative_power,exploratory,0.0829355290310066
lab_subject_11,inline_late_vs_no_ad_late,gamma_relative_power,exploratory,0.018702306517788855
lab_subject_12,inline_late_vs_no_ad_late,gamma_relative_power,exploratory,-0.0006724828759310693
lab_subject_13,inline_late_vs_no_ad_late,gamma_relative_power,exploratory,0.028022992590279266
lab_subject_14,inline_late_vs_no_ad_late,gamma_relative_power,exploratory,-0.20320794814731613
lab_subject_15,inline_late_vs_no_ad_late,gamma_relative_power,exploratory,-0.0004327917038886124
lab_subject_16,inline_late_vs_no_ad_late,gamma_relative_power,exploratory,-0.05854691281960428
lab_subject_17,inline_late_vs_no_ad_late,gamma_relative_power,exploratory,0.03311694579236591
lab_subject_18,inline_late_vs_no_ad_late,gamma_relative_power,exploratory,-0.03812997320963757
lab_subject_19,inline_late_vs_no_ad_late,gamma_relative_power,exploratory,-0.006139646088917476
lab_subject_2,inline_late_vs_no_ad_late,gamma_relative_power,exploratory,0.07876316661234213
lab_subject_3,inline_late_vs_no_ad_late,gamma_relative_power,exploratory,-0.051382484674973056
lab_subject_5,inline_late_vs_no_ad_late,gamma_relative_power,exploratory,-0.025437550488146894
lab_subject_6,inline_late_vs_no_ad_late,gamma_relative_power,exploratory,-0.011468798900415002
lab_subject_7,inline_late_vs_no_ad_late,gamma_relative_power,exploratory,-0.14328134995834207
lab_subject_8,inline_late_vs_no_ad_late,gamma_relative_power,exploratory,-0.02144075352480416
lab_subject_9,inline_late_vs_no_ad_late,gamma_relative_power,exploratory,-0.04573879024714951
lab_subject_1,block_late_vs_no_ad_late,gamma_relative_power,exploratory,0.006038573530858932
lab_subject_10,block_late_vs_no_ad_late,gamma_relative_power,exploratory,-0.011829292807619064
lab_subject_11,block_late_vs_no_ad_late,gamma_relative_power,exploratory,-0.008223271167044792
lab_subject_12,block_late_vs_no_ad_late,gamma_relative_power,exploratory,0.005826881664678152
lab_subject_13,block_late_vs_no_ad_late,gamma_relative_power,exploratory,-0.011746647129366551
lab_subject_14,block_late_vs_no_ad_late,gamma_relative_power,exploratory,-0.12205213742916474
lab_subject_15,block_late_vs_no_ad_late,gamma_relative_power,exploratory,-0.033608228464117304
lab_subject_16,block_late_vs_no_ad_late,gamma_relative_power,exploratory,-0.14378548867106344
lab_subject_17,block_late_vs_no_ad_late,gamma_relative_power,exploratory,0.054607596817058075
lab_subject_18,block_late_vs_no_ad_late,gamma_relative_power,exploratory,-0.1763367262241521
lab_subject_19,block_late_vs_no_ad_late,gamma_relative_power,exploratory,0.023293331291736222
lab_subject_2,block_late_vs_no_ad_late,gamma_relative_power,exploratory,-0.048205089416592475
lab_subject_3,block_late_vs_no_ad_late,gamma_relative_power,exploratory,-0.07456775874024568
lab_subject_5,block_late_vs_no_ad_late,gamma_relative_power,exploratory,0.06139553313464367
lab_subject_6,block_late_vs_no_ad_late,gamma_relative_power,exploratory,-0.04211037389921865
lab_subject_7,block_late_vs_no_ad_late,gamma_relative_power,exploratory,-0.09607553834964286
lab_subject_8,block_late_vs_no_ad_late,gamma_relative_power,exploratory,-0.01952187314486996
lab_subject_9,block_late_vs_no_ad_late,gamma_relative_power,exploratory,0.012708931600050696
lab_subject_1,any_ad_vs_matched_no_ad,gamma_relative_power,exploratory,0.027786593881817936
lab_subject_10,any_ad_vs_matched_no_ad,gamma_relative_power,exploratory,0.07676201389736842
lab_subject_11,any_ad_vs_matched_no_ad,gamma_relative_power,exploratory,-0.014389064489219151
lab_subject_12,any_ad_vs_matched_no_ad,gamma_relative_power,exploratory,-0.017747428225711126
lab_subject_13,any_ad_vs_matched_no_ad,gamma_relative_power,exploratory,0.002100367883518816
lab_subject_14,any_ad_vs_matched_no_ad,gamma_relative_power,exploratory,-0.10804615899375312
lab_subject_15,any_ad_vs_matched_no_ad,gamma_relative_power,exploratory,-0.017289314745113103
lab_subject_16,any_ad_vs_matched_no_ad,gamma_relative_power,exploratory,-0.08728303166970264
lab_subject_17,any_ad_vs_matched_no_ad,gamma_relative_power,exploratory,0.02724644170411903
lab_subject_18,any_ad_vs_matched_no_ad,gamma_relative_power,exploratory,-0.09403254336798414
lab_subject_19,any_ad_vs_matched_no_ad,gamma_relative_power,exploratory,0.005548382083499079
lab_subject_2,any_ad_vs_matched_no_ad,gamma_relative_power,exploratory,-0.000151810189293531
lab_subject_3,any_ad_vs_matched_no_ad,gamma_relative_power,exploratory,-0.08172423819801565
lab_subject_5,any_ad_vs_matched_no_ad,gamma_relative_power,exploratory,0.013852734062273348
lab_subject_6,any_ad_vs_matched_no_ad,gamma_relative_power,exploratory,-0.0012658709980579675
lab_subject_7,any_ad_vs_matched_no_ad,gamma_relative_power,exploratory,-0.10156227959334899
lab_subject_8,any_ad_vs_matched_no_ad,gamma_relative_power,exploratory,-0.011437628256187092
lab_subject_9,any_ad_vs_matched_no_ad,gamma_relative_power,exploratory,0.005482341353078811
lab_subject_1,inline_vs_block,gamma_relative_power,exploratory,0.03969522894925881
lab_subject_10,inline_vs_block,gamma_relative_power,exploratory,0.05174129861851835
lab_subject_11,inline_vs_block,gamma_relative_power,exploratory,0.018530616202367477
lab_subject_12,inline_vs_block,gamma_relative_power,exploratory,0.009732364098535085
lab_subject_13,inline_vs_block,gamma_relative_power,exploratory,0.023665989079131693
lab_subject_14,inline_vs_block,gamma_relative_power,exploratory,-0.015214752751339166
lab_subject_15,inline_vs_block,gamma_relative_power,exploratory,0.05319692048186216
lab_subject_16,inline_vs_block,gamma_relative_power,exploratory,0.07469764499811908
lab_subject_17,inline_vs_block,gamma_relative_power,exploratory,-0.032294827750348906
lab_subject_18,inline_vs_block,gamma_relative_power,exploratory,0.0405122017288467
lab_subject_19,inline_vs_block,gamma_relative_power,exploratory,-0.011199185283440544
lab_subject_2,inline_vs_block,gamma_relative_power,exploratory,0.07797745275263877
lab_subject_3,inline_vs_block,gamma_relative_power,exploratory,0.013093104034664026
lab_subject_5,inline_vs_block,gamma_relative_power,exploratory,-0.020613466731769094
lab_subject_6,inline_vs_block,gamma_relative_power,exploratory,0.00753999448169553
lab_subject_7,inline_vs_block,gamma_relative_power,exploratory,-0.056445983382585406
lab_subject_8,inline_vs_block,gamma_relative_power,exploratory,-0.005444632755651813
lab_subject_9,inline_vs_block,gamma_relative_power,exploratory,0.019150430161628124
lab_subject_1,early_vs_late,gamma_relative_power,exploratory,-0.002914347048448302
lab_subject_10,early_vs_late,gamma_relative_power,exploratory,-0.027655007284713144
lab_subject_11,early_vs_late,gamma_relative_power,exploratory,-0.010438005421881587
lab_subject_12,early_vs_late,gamma_relative_power,exploratory,0.00987255912381017
lab_subject_13,early_vs_late,gamma_relative_power,exploratory,0.01876588807787382
lab_subject_14,early_vs_late,gamma_relative_power,exploratory,0.06273776566469902
lab_subject_15,early_vs_late,gamma_relative_power,exploratory,-0.0107621744963458
lab_subject_16,early_vs_late,gamma_relative_power,exploratory,0.02441503346055569
lab_subject_17,early_vs_late,gamma_relative_power,exploratory,-0.02173430302900868
lab_subject_18,early_vs_late,gamma_relative_power,exploratory,-0.01224003566516102
lab_subject_19,early_vs_late,gamma_relative_power,exploratory,-0.0038378520231851006
lab_subject_2,early_vs_late,gamma_relative_power,exploratory,-0.008329463532929116
lab_subject_3,early_vs_late,gamma_relative_power,exploratory,0.020892783375338956
lab_subject_5,early_vs_late,gamma_relative_power,exploratory,0.005288261356617648
lab_subject_6,early_vs_late,gamma_relative_power,exploratory,-0.004173230373980234
lab_subject_7,early_vs_late,gamma_relative_power,exploratory,-0.056562151696257786
lab_subject_8,early_vs_late,gamma_relative_power,exploratory,0.018024081935357757
lab_subject_9,early_vs_late,gamma_relative_power,exploratory,-0.02945292590440289
lab_subject_1,format_x_timing,gamma_relative_power,exploratory,0.004279713666408953
lab_subject_10,format_x_timing,gamma_relative_power,exploratory,-0.0860470464402146
lab_subject_11,format_x_timing,gamma_relative_power,exploratory,-0.016789922964932338
lab_subject_12,format_x_timing,gamma_relative_power,exploratory,0.032463457278288615
lab_subject_13,format_x_timing,gamma_relative_power,exploratory,-0.03220730128102825
lab_subject_14,format_x_timing,gamma_relative_power,exploratory,0.13188211593362448
lab_subject_15,format_x_timing,gamma_relative_power,exploratory,0.04004296744326693
lab_subject_16,format_x_timing,gamma_relative_power,exploratory,-0.02108186170668016
lab_subject_17,format_x_timing,gamma_relative_power,exploratory,-0.021608353451313483
lab_subject_18,format_x_timing,gamma_relative_power,exploratory,-0.19538910257133568
lab_subject_19,format_x_timing,gamma_relative_power,exploratory,0.036467584194426306
lab_subject_2,format_x_timing,gamma_relative_power,exploratory,-0.09798160655259167
lab_subject_3,format_x_timing,gamma_relative_power,exploratory,-0.020184340061217214
lab_subject_5,format_x_timing,gamma_relative_power,exploratory,0.13243923378204295
lab_subject_6,format_x_timing,gamma_relative_power,exploratory,-0.04620316103421625
lab_subject_7,format_x_timing,gamma_relative_power,exploratory,-0.01848034354777238
lab_subject_8,format_x_timing,gamma_relative_power,exploratory,-0.007051504751435227
lab_subject_9,format_x_timing,gamma_relative_power,exploratory,0.15519630401765666
lab_subject_1,inline_early_vs_no_ad_early,engagement_beta_over_alpha_theta,exploratory,0.5421902980947497
lab_subject_10,inline_early_vs_no_ad_early,engagement_beta_over_alpha_theta,exploratory,2.451683050560187
lab_subject_11,inline_early_vs_no_ad_early,engagement_beta_over_alpha_theta,exploratory,-0.08460195271786985
lab_subject_12,inline_early_vs_no_ad_early,engagement_beta_over_alpha_theta,exploratory,-0.12870487039374656
lab_subject_13,inline_early_vs_no_ad_early,engagement_beta_over_alpha_theta,exploratory,-0.8177729539902086
lab_subject_14,inline_early_vs_no_ad_early,engagement_beta_over_alpha_theta,exploratory,-15.787855005567023
lab_subject_15,inline_early_vs_no_ad_early,engagement_beta_over_alpha_theta,exploratory,-0.32200596013029253
lab_subject_16,inline_early_vs_no_ad_early,engagement_beta_over_alpha_theta,exploratory,0.015303428655062401
lab_subject_17,inline_early_vs_no_ad_early,engagement_beta_over_alpha_theta,exploratory,0.4438525208059535
lab_subject_18,inline_early_vs_no_ad_early,engagement_beta_over_alpha_theta,exploratory,-0.8809017452506483
lab_subject_19,inline_early_vs_no_ad_early,engagement_beta_over_alpha_theta,exploratory,-0.298788635264954
lab_subject_2,inline_early_vs_no_ad_early,engagement_beta_over_alpha_theta,exploratory,6.756475528705979
lab_subject_3,inline_early_vs_no_ad_early,engagement_beta_over_alpha_theta,exploratory,-0.9132441780369724
lab_subject_5,inline_early_vs_no_ad_early,engagement_beta_over_alpha_theta,exploratory,-0.2029141631026805
lab_subject_6,inline_early_vs_no_ad_early,engagement_beta_over_alpha_theta,exploratory,-0.1455158204280702
lab_subject_7,inline_early_vs_no_ad_early,engagement_beta_over_alpha_theta,exploratory,-0.3788359219025641
lab_subject_8,inline_early_vs_no_ad_early,engagement_beta_over_alpha_theta,exploratory,-0.021021187594169044
lab_subject_9,inline_early_vs_no_ad_early,engagement_beta_over_alpha_theta,exploratory,0.5576653388543095
lab_subject_1,block_early_vs_no_ad_early,engagement_beta_over_alpha_theta,exploratory,0.09943619113424296
lab_subject_10,block_early_vs_no_ad_early,engagement_beta_over_alpha_theta,exploratory,2.227905017953423
lab_subject_11,block_early_vs_no_ad_early,engagement_beta_over_alpha_theta,exploratory,0.13050568146911212
lab_subject_12,block_early_vs_no_ad_early,engagement_beta_over_alpha_theta,exploratory,-0.08195788191013992
lab_subject_13,block_early_vs_no_ad_early,engagement_beta_over_alpha_theta,exploratory,-0.9989895223900547
lab_subject_14,block_early_vs_no_ad_early,engagement_beta_over_alpha_theta,exploratory,-15.732055048222962
lab_subject_15,block_early_vs_no_ad_early,engagement_beta_over_alpha_theta,exploratory,-0.7102726611468031
lab_subject_16,block_early_vs_no_ad_early,engagement_beta_over_alpha_theta,exploratory,-0.291604159258426
lab_subject_17,block_early_vs_no_ad_early,engagement_beta_over_alpha_theta,exploratory,0.368018802638605
lab_subject_18,block_early_vs_no_ad_early,engagement_beta_over_alpha_theta,exploratory,-0.3818416812895399
lab_subject_19,block_early_vs_no_ad_early,engagement_beta_over_alpha_theta,exploratory,0.09723945245616306
lab_subject_2,block_early_vs_no_ad_early,engagement_beta_over_alpha_theta,exploratory,-0.34890877196111053
lab_subject_3,block_early_vs_no_ad_early,engagement_beta_over_alpha_theta,exploratory,-1.2041862996848056
lab_subject_5,block_early_vs_no_ad_early,engagement_beta_over_alpha_theta,exploratory,-0.011066762959241916
lab_subject_6,block_early_vs_no_ad_early,engagement_beta_over_alpha_theta,exploratory,0.02850990592182623
lab_subject_7,block_early_vs_no_ad_early,engagement_beta_over_alpha_theta,exploratory,-0.388593662504209
lab_subject_8,block_early_vs_no_ad_early,engagement_beta_over_alpha_theta,exploratory,-0.7985714937564931
lab_subject_9,block_early_vs_no_ad_early,engagement_beta_over_alpha_theta,exploratory,-0.3317664221600569
lab_subject_1,inline_late_vs_no_ad_late,engagement_beta_over_alpha_theta,exploratory,0.060843001429134125
lab_subject_10,inline_late_vs_no_ad_late,engagement_beta_over_alpha_theta,exploratory,0.46848317999240074
lab_subject_11,inline_late_vs_no_ad_late,engagement_beta_over_alpha_theta,exploratory,0.06930826382311017
lab_subject_12,inline_late_vs_no_ad_late,engagement_beta_over_alpha_theta,exploratory,-0.12487085677211435
lab_subject_13,inline_late_vs_no_ad_late,engagement_beta_over_alpha_theta,exploratory,0.3497262672450844
lab_subject_14,inline_late_vs_no_ad_late,engagement_beta_over_alpha_theta,exploratory,-0.39085358772298273
lab_subject_15,inline_late_vs_no_ad_late,engagement_beta_over_alpha_theta,exploratory,-0.07911162606864386
lab_subject_16,inline_late_vs_no_ad_late,engagement_beta_over_alpha_theta,exploratory,-0.10644645696371602
lab_subject_17,inline_late_vs_no_ad_late,engagement_beta_over_alpha_theta,exploratory,-0.02296937724902992
lab_subject_18,inline_late_vs_no_ad_late,engagement_beta_over_alpha_theta,exploratory,-0.08379952189533124
lab_subject_19,inline_late_vs_no_ad_late,engagement_beta_over_alpha_theta,exploratory,-0.0565543450533294
lab_subject_2,inline_late_vs_no_ad_late,engagement_beta_over_alpha_theta,exploratory,0.3930505899884722
lab_subject_3,inline_late_vs_no_ad_late,engagement_beta_over_alpha_theta,exploratory,-0.3829056250171975
lab_subject_5,inline_late_vs_no_ad_late,engagement_beta_over_alpha_theta,exploratory,-0.07011975511738316
lab_subject_6,inline_late_vs_no_ad_late,engagement_beta_over_alpha_theta,exploratory,0.2222432022625468
lab_subject_7,inline_late_vs_no_ad_late,engagement_beta_over_alpha_theta,exploratory,-0.8881312809984137
lab_subject_8,inline_late_vs_no_ad_late,engagement_beta_over_alpha_theta,exploratory,-0.12727339672570348
lab_subject_9,inline_late_vs_no_ad_late,engagement_beta_over_alpha_theta,exploratory,1.275360282468046
lab_subject_1,block_late_vs_no_ad_late,engagement_beta_over_alpha_theta,exploratory,-0.2276887878409426
lab_subject_10,block_late_vs_no_ad_late,engagement_beta_over_alpha_theta,exploratory,0.046915588068710906
lab_subject_11,block_late_vs_no_ad_late,engagement_beta_over_alpha_theta,exploratory,-0.017345967589345035
lab_subject_12,block_late_vs_no_ad_late,engagement_beta_over_alpha_theta,exploratory,-0.13600179166157278
lab_subject_13,block_late_vs_no_ad_late,engagement_beta_over_alpha_theta,exploratory,-0.3562076637155712
lab_subject_14,block_late_vs_no_ad_late,engagement_beta_over_alpha_theta,exploratory,-0.6225378022911782
lab_subject_15,block_late_vs_no_ad_late,engagement_beta_over_alpha_theta,exploratory,-0.27106208079361027
lab_subject_16,block_late_vs_no_ad_late,engagement_beta_over_alpha_theta,exploratory,-0.8135664651778396
lab_subject_17,block_late_vs_no_ad_late,engagement_beta_over_alpha_theta,exploratory,0.44779404153786406
lab_subject_18,block_late_vs_no_ad_late,engagement_beta_over_alpha_theta,exploratory,-2.0536862934106117
lab_subject_19,block_late_vs_no_ad_late,engagement_beta_over_alpha_theta,exploratory,0.006327194822488502
lab_subject_2,block_late_vs_no_ad_late,engagement_beta_over_alpha_theta,exploratory,-0.2364434449743985
lab_subject_3,block_late_vs_no_ad_late,engagement_beta_over_alpha_theta,exploratory,-0.2550663805461214
lab_subject_5,block_late_vs_no_ad_late,engagement_beta_over_alpha_theta,exploratory,0.2948587588383917
lab_subject_6,block_late_vs_no_ad_late,engagement_beta_over_alpha_theta,exploratory,0.06382530184594992
lab_subject_7,block_late_vs_no_ad_late,engagement_beta_over_alpha_theta,exploratory,-0.47640998925002087
lab_subject_8,block_late_vs_no_ad_late,engagement_beta_over_alpha_theta,exploratory,-0.04202864527676975
lab_subject_9,block_late_vs_no_ad_late,engagement_beta_over_alpha_theta,exploratory,0.20147506007611193
lab_subject_1,any_ad_vs_matched_no_ad,engagement_beta_over_alpha_theta,exploratory,0.11869517570429605
lab_subject_10,any_ad_vs_matched_no_ad,engagement_beta_over_alpha_theta,exploratory,1.2987467091436806
lab_subject_11,any_ad_vs_matched_no_ad,engagement_beta_over_alpha_theta,exploratory,0.02446650624625185
lab_subject_12,any_ad_vs_matched_no_ad,engagement_beta_over_alpha_theta,exploratory,-0.1178838501843934
lab_subject_13,any_ad_vs_matched_no_ad,engagement_beta_over_alpha_theta,exploratory,-0.4558109682126875
lab_subject_14,any_ad_vs_matched_no_ad,engagement_beta_over_alpha_theta,exploratory,-8.133325360951037
lab_subject_15,any_ad_vs_matched_no_ad,engagement_beta_over_alpha_theta,exploratory,-0.3456130820348374
lab_subject_16,any_ad_vs_matched_no_ad,engagement_beta_over_alpha_theta,exploratory,-0.2990784131862298
lab_subject_17,any_ad_vs_matched_no_ad,engagement_beta_over_alpha_theta,exploratory,0.3091739969333481
lab_subject_18,any_ad_vs_matched_no_ad,engagement_beta_over_alpha_theta,exploratory,-0.8500573104615328
lab_subject_19,any_ad_vs_matched_no_ad,engagement_beta_over_alpha_theta,exploratory,-0.06294408325990795
lab_subject_2,any_ad_vs_matched_no_ad,engagement_beta_over_alpha_theta,exploratory,1.6410434754397356
lab_subject_3,any_ad_vs_matched_no_ad,engagement_beta_over_alpha_theta,exploratory,-0.6888506208212742
lab_subject_5,any_ad_vs_matched_no_ad,engagement_beta_over_alpha_theta,exploratory,0.002689519414771524
lab_subject_6,any_ad_vs_matched_no_ad,engagement_beta_over_alpha_theta,exploratory,0.04226564740056318
lab_subject_7,any_ad_vs_matched_no_ad,engagement_beta_over_alpha_theta,exploratory,-0.532992713663802
lab_subject_8,any_ad_vs_matched_no_ad,engagement_beta_over_alpha_theta,exploratory,-0.24722368083828383
lab_subject_9,any_ad_vs_matched_no_ad,engagement_beta_over_alpha_theta,exploratory,0.4256835648096026
lab_subject_1,inline_vs_block,engagement_beta_over_alpha_theta,exploratory,0.36564294811529174
lab_subject_10,inline_vs_block,engagement_beta_over_alpha_theta,exploratory,0.3226728122652271
lab_subject_11,inline_vs_block,engagement_beta_over_alpha_theta,exploratory,-0.06422670138726339
lab_subject_12,inline_vs_block,engagement_beta_over_alpha_theta,exploratory,-0.017808026797074106
lab_subject_13,inline_vs_block,engagement_beta_over_alpha_theta,exploratory,0.44357524968025086
lab_subject_14,inline_vs_block,engagement_beta_over_alpha_theta,exploratory,0.08794212861206752
lab_subject_15,inline_vs_block,engagement_beta_over_alpha_theta,exploratory,0.29010857787073846
lab_subject_16,inline_vs_block,engagement_beta_over_alpha_theta,exploratory,0.507013798063806
lab_subject_17,inline_vs_block,engagement_beta_over_alpha_theta,exploratory,-0.19746485030977273
lab_subject_18,inline_vs_block,engagement_beta_over_alpha_theta,exploratory,0.735413353777086
lab_subject_19,inline_vs_block,engagement_beta_over_alpha_theta,exploratory,-0.22945481379846747
lab_subject_2,inline_vs_block,engagement_beta_over_alpha_theta,exploratory,3.8674391678149798
lab_subject_3,inline_vs_block,engagement_beta_over_alpha_theta,exploratory,0.08155143858837854
lab_subject_5,inline_vs_block,engagement_beta_over_alpha_theta,exploratory,-0.2784129570496067
lab_subject_6,inline_vs_block,engagement_beta_over_alpha_theta,exploratory,-0.007803912966649784
lab_subject_7,inline_vs_block,engagement_beta_over_alpha_theta,exploratory,-0.20098177557337393
lab_subject_8,inline_vs_block,engagement_beta_over_alpha_theta,exploratory,0.34615277735669514
lab_subject_9,inline_vs_block,engagement_beta_over_alpha_theta,exploratory,0.9816584917031501
lab_subject_1,early_vs_late,engagement_beta_over_alpha_theta,exploratory,0.3027266270572623
lab_subject_10,early_vs_late,engagement_beta_over_alpha_theta,exploratory,-0.09744434495597294
lab_subject_11,early_vs_late,engagement_beta_over_alpha_theta,exploratory,-0.0041298419868252
lab_subject_12,early_vs_late,engagement_beta_over_alpha_theta,exploratory,0.12906422255858424
lab_subject_13,early_vs_late,engagement_beta_over_alpha_theta,exploratory,0.3320181116340014
lab_subject_14,early_vs_late,engagement_beta_over_alpha_theta,exploratory,-0.13511825271357514
lab_subject_15,early_vs_late,engagement_beta_over_alpha_theta,exploratory,-0.32667145488907773
lab_subject_16,early_vs_late,engagement_beta_over_alpha_theta,exploratory,0.7367449164466132
lab_subject_17,early_vs_late,engagement_beta_over_alpha_theta,exploratory,0.012020342206497225
lab_subject_18,early_vs_late,engagement_beta_over_alpha_theta,exploratory,0.41606283854603054
lab_subject_19,early_vs_late,engagement_beta_over_alpha_theta,exploratory,0.09087303951899875
lab_subject_2,early_vs_late,engagement_beta_over_alpha_theta,exploratory,2.9048946838359937
lab_subject_3,early_vs_late,engagement_beta_over_alpha_theta,exploratory,-0.24029822980608162
lab_subject_5,early_vs_late,engagement_beta_over_alpha_theta,exploratory,-0.1955277621505232
lab_subject_6,early_vs_late,engagement_beta_over_alpha_theta,exploratory,-0.05712177972987126
lab_subject_7,early_vs_late,engagement_beta_over_alpha_theta,exploratory,-0.6426171628271783
lab_subject_8,early_vs_late,engagement_beta_over_alpha_theta,exploratory,-0.2787750003928262
lab_subject_9,early_vs_late,engagement_beta_over_alpha_theta,exploratory,-0.7727715536549877
lab_subject_1,format_x_timing,engagement_beta_over_alpha_theta,exploratory,0.15422231769043004
lab_subject_10,format_x_timing,engagement_beta_over_alpha_theta,exploratory,-0.19778955931692552
lab_subject_11,format_x_timing,engagement_beta_over_alpha_theta,exploratory,-0.3017618655994372
lab_subject_12,format_x_timing,engagement_beta_over_alpha_theta,exploratory,-0.05787792337306508
lab_subject_13,format_x_timing,engagement_beta_over_alpha_theta,exploratory,-0.5247173625608095
lab_subject_14,format_x_timing,engagement_beta_over_alpha_theta,exploratory,-0.28748417191225584
lab_subject_15,format_x_timing,engagement_beta_over_alpha_theta,exploratory,0.1963162462915441
lab_subject_16,format_x_timing,engagement_beta_over_alpha_theta,exploratory,-0.4002124203006352
lab_subject_17,format_x_timing,engagement_beta_over_alpha_theta,exploratory,0.5465971369542425
lab_subject_18,format_x_timing,engagement_beta_over_alpha_theta,exploratory,-2.468946835476389
lab_subject_19,format_x_timing,engagement_beta_over_alpha_theta,exploratory,-0.3331465478452991
lab_subject_2,format_x_timing,engagement_beta_over_alpha_theta,exploratory,6.475890265704218
lab_subject_3,format_x_timing,engagement_beta_over_alpha_theta,exploratory,0.41878136611890926
lab_subject_5,format_x_timing,engagement_beta_over_alpha_theta,exploratory,0.17313111381233626
lab_subject_6,format_x_timing,engagement_beta_over_alpha_theta,exploratory,-0.3324436267664933
lab_subject_7,format_x_timing,engagement_beta_over_alpha_theta,exploratory,0.4214790323500377
lab_subject_8,format_x_timing,engagement_beta_over_alpha_theta,exploratory,0.8627950576112577
lab_subject_9,format_x_timing,engagement_beta_over_alpha_theta,exploratory,-0.18445346137756757
lab_subject_1,inline_early_vs_no_ad_early,engagement_pope_frontocentral_beta_over_alpha_theta,exploratory,1.6489666129845961
lab_subject_10,inline_early_vs_no_ad_early,engagement_pope_frontocentral_beta_over_alpha_theta,exploratory,1.0570017612699825
lab_subject_11,inline_early_vs_no_ad_early,engagement_pope_frontocentral_beta_over_alpha_theta,exploratory,-0.19444214905607649
lab_subject_12,inline_early_vs_no_ad_early,engagement_pope_frontocentral_beta_over_alpha_theta,exploratory,-0.044686488630542254
lab_subject_13,inline_early_vs_no_ad_early,engagement_pope_frontocentral_beta_over_alpha_theta,exploratory,-0.3691320048668087
lab_subject_14,inline_early_vs_no_ad_early,engagement_pope_frontocentral_beta_over_alpha_theta,exploratory,-16.898815890158488
lab_subject_15,inline_early_vs_no_ad_early,engagement_pope_frontocentral_beta_over_alpha_theta,exploratory,-0.2566980438846431
lab_subject_16,inline_early_vs_no_ad_early,engagement_pope_frontocentral_beta_over_alpha_theta,exploratory,-0.10833256803567037
lab_subject_17,inline_early_vs_no_ad_early,engagement_pope_frontocentral_beta_over_alpha_theta,exploratory,0.565052500858554
lab_subject_18,inline_early_vs_no_ad_early,engagement_pope_frontocentral_beta_over_alpha_theta,exploratory,-1.2988043017863151
lab_subject_19,inline_early_vs_no_ad_early,engagement_pope_frontocentral_beta_over_alpha_theta,exploratory,-0.07855482999064323
lab_subject_2,inline_early_vs_no_ad_early,engagement_pope_frontocentral_beta_over_alpha_theta,exploratory,3.591714403892536
lab_subject_3,inline_early_vs_no_ad_early,engagement_pope_frontocentral_beta_over_alpha_theta,exploratory,-1.244162007318379
lab_subject_5,inline_early_vs_no_ad_early,engagement_pope_frontocentral_beta_over_alpha_theta,exploratory,-0.28891292812980773
lab_subject_6,inline_early_vs_no_ad_early,engagement_pope_frontocentral_beta_over_alpha_theta,exploratory,-0.2982119822761561
lab_subject_7,inline_early_vs_no_ad_early,engagement_pope_frontocentral_beta_over_alpha_theta,exploratory,-0.4440164569647709
lab_subject_8,inline_early_vs_no_ad_early,engagement_pope_frontocentral_beta_over_alpha_theta,exploratory,-0.14432036183879904
lab_subject_9,inline_early_vs_no_ad_early,engagement_pope_frontocentral_beta_over_alpha_theta,exploratory,-0.13033321026296096
lab_subject_1,block_early_vs_no_ad_early,engagement_pope_frontocentral_beta_over_alpha_theta,exploratory,1.4391760382921532
lab_subject_10,block_early_vs_no_ad_early,engagement_pope_frontocentral_beta_over_alpha_theta,exploratory,0.8408000136930509
lab_subject_11,block_early_vs_no_ad_early,engagement_pope_frontocentral_beta_over_alpha_theta,exploratory,0.3121121787539246
lab_subject_12,block_early_vs_no_ad_early,engagement_pope_frontocentral_beta_over_alpha_theta,exploratory,-0.08382181897057223
lab_subject_13,block_early_vs_no_ad_early,engagement_pope_frontocentral_beta_over_alpha_theta,exploratory,-0.637417693367937
lab_subject_14,block_early_vs_no_ad_early,engagement_pope_frontocentral_beta_over_alpha_theta,exploratory,-17.526261988035298
lab_subject_15,block_early_vs_no_ad_early,engagement_pope_frontocentral_beta_over_alpha_theta,exploratory,-0.7021800262129207
lab_subject_16,block_early_vs_no_ad_early,engagement_pope_frontocentral_beta_over_alpha_theta,exploratory,-0.23758958489308024
lab_subject_17,block_early_vs_no_ad_early,engagement_pope_frontocentral_beta_over_alpha_theta,exploratory,0.40029954067690887
lab_subject_18,block_early_vs_no_ad_early,engagement_pope_frontocentral_beta_over_alpha_theta,exploratory,-0.49003665202756896
lab_subject_19,block_early_vs_no_ad_early,engagement_pope_frontocentral_beta_over_alpha_theta,exploratory,0.5824785403348077
lab_subject_2,block_early_vs_no_ad_early,engagement_pope_frontocentral_beta_over_alpha_theta,exploratory,-0.3486012001791544
lab_subject_3,block_early_vs_no_ad_early,engagement_pope_frontocentral_beta_over_alpha_theta,exploratory,-1.4560538764373894
lab_subject_5,block_early_vs_no_ad_early,engagement_pope_frontocentral_beta_over_alpha_theta,exploratory,-0.00226076509536699
lab_subject_6,block_early_vs_no_ad_early,engagement_pope_frontocentral_beta_over_alpha_theta,exploratory,-0.25076451840828107
lab_subject_7,block_early_vs_no_ad_early,engagement_pope_frontocentral_beta_over_alpha_theta,exploratory,-0.03667946039920422
lab_subject_8,block_early_vs_no_ad_early,engagement_pope_frontocentral_beta_over_alpha_theta,exploratory,-0.5151046508546159
lab_subject_9,block_early_vs_no_ad_early,engagement_pope_frontocentral_beta_over_alpha_theta,exploratory,-0.356637473614155
lab_subject_1,inline_late_vs_no_ad_late,engagement_pope_frontocentral_beta_over_alpha_theta,exploratory,-0.04765744917669168
lab_subject_10,inline_late_vs_no_ad_late,engagement_pope_frontocentral_beta_over_alpha_theta,exploratory,0.49532638442581045
lab_subject_11,inline_late_vs_no_ad_late,engagement_pope_frontocentral_beta_over_alpha_theta,exploratory,0.17108980899531168
lab_subject_12,inline_late_vs_no_ad_late,engagement_pope_frontocentral_beta_over_alpha_theta,exploratory,-0.26790216912175996
lab_subject_13,inline_late_vs_no_ad_late,engagement_pope_frontocentral_beta_over_alpha_theta,exploratory,0.1066130656983193
lab_subject_14,inline_late_vs_no_ad_late,engagement_pope_frontocentral_beta_over_alpha_theta,exploratory,-0.24015850483072698
lab_subject_15,inline_late_vs_no_ad_late,engagement_pope_frontocentral_beta_over_alpha_theta,exploratory,0.1447245327109084
lab_subject_16,inline_late_vs_no_ad_late,engagement_pope_frontocentral_beta_over_alpha_theta,exploratory,0.27410359261480366
lab_subject_17,inline_late_vs_no_ad_late,engagement_pope_frontocentral_beta_over_alpha_theta,exploratory,0.6456428362701876
lab_subject_18,inline_late_vs_no_ad_late,engagement_pope_frontocentral_beta_over_alpha_theta,exploratory,-0.08415748938667389
lab_subject_19,inline_late_vs_no_ad_late,engagement_pope_frontocentral_beta_over_alpha_theta,exploratory,0.3455443111103434
lab_subject_2,inline_late_vs_no_ad_late,engagement_pope_frontocentral_beta_over_alpha_theta,exploratory,0.4503725214105667
lab_subject_3,inline_late_vs_no_ad_late,engagement_pope_frontocentral_beta_over_alpha_theta,exploratory,-0.8201184665568028
lab_subject_5,inline_late_vs_no_ad_late,engagement_pope_frontocentral_beta_over_alpha_theta,exploratory,-0.10178137258461384
lab_subject_6,inline_late_vs_no_ad_late,engagement_pope_frontocentral_beta_over_alpha_theta,exploratory,0.12102051798348545
lab_subject_7,inline_late_vs_no_ad_late,engagement_pope_frontocentral_beta_over_alpha_theta,exploratory,-1.068540692705569
lab_subject_8,inline_late_vs_no_ad_late,engagement_pope_frontocentral_beta_over_alpha_theta,exploratory,-0.05933764236396877
lab_subject_9,inline_late_vs_no_ad_late,engagement_pope_frontocentral_beta_over_alpha_theta,exploratory,1.1556638236055905
lab_subject_1,block_late_vs_no_ad_late,engagement_pope_frontocentral_beta_over_alpha_theta,exploratory,-0.4057651258090582
lab_subject_10,block_late_vs_no_ad_late,engagement_pope_frontocentral_beta_over_alpha_theta,exploratory,-0.029850334339104
lab_subject_11,block_late_vs_no_ad_late,engagement_pope_frontocentral_beta_over_alpha_theta,exploratory,-0.024146647290324896
lab_subject_12,block_late_vs_no_ad_late,engagement_pope_frontocentral_beta_over_alpha_theta,exploratory,-0.10143739241368288
lab_subject_13,block_late_vs_no_ad_late,engagement_pope_frontocentral_beta_over_alpha_theta,exploratory,-0.5122938174297138
lab_subject_14,block_late_vs_no_ad_late,engagement_pope_frontocentral_beta_over_alpha_theta,exploratory,-1.0568444408736264
lab_subject_15,block_late_vs_no_ad_late,engagement_pope_frontocentral_beta_over_alpha_theta,exploratory,-0.12235569358011633
lab_subject_16,block_late_vs_no_ad_late,engagement_pope_frontocentral_beta_over_alpha_theta,exploratory,-0.5358141951959265
lab_subject_17,block_late_vs_no_ad_late,engagement_pope_frontocentral_beta_over_alpha_theta,exploratory,0.575317893868351
lab_subject_18,block_late_vs_no_ad_late,engagement_pope_frontocentral_beta_over_alpha_theta,exploratory,-2.7291954878349114
lab_subject_19,block_late_vs_no_ad_late,engagement_pope_frontocentral_beta_over_alpha_theta,exploratory,0.39039910895215735
lab_subject_2,block_late_vs_no_ad_late,engagement_pope_frontocentral_beta_over_alpha_theta,exploratory,-0.24050990777352388
lab_subject_3,block_late_vs_no_ad_late,engagement_pope_frontocentral_beta_over_alpha_theta,exploratory,-0.7041680362219563
lab_subject_5,block_late_vs_no_ad_late,engagement_pope_frontocentral_beta_over_alpha_theta,exploratory,0.3533569769813443
lab_subject_6,block_late_vs_no_ad_late,engagement_pope_frontocentral_beta_over_alpha_theta,exploratory,-0.10171636073537327
lab_subject_7,block_late_vs_no_ad_late,engagement_pope_frontocentral_beta_over_alpha_theta,exploratory,-0.6267209671723819
lab_subject_8,block_late_vs_no_ad_late,engagement_pope_frontocentral_beta_over_alpha_theta,exploratory,0.26259549464972787
lab_subject_9,block_late_vs_no_ad_late,engagement_pope_frontocentral_beta_over_alpha_theta,exploratory,0.42051887067958316
lab_subject_1,any_ad_vs_matched_no_ad,engagement_pope_frontocentral_beta_over_alpha_theta,exploratory,0.6586800190727499
lab_subject_10,any_ad_vs_matched_no_ad,engagement_pope_frontocentral_beta_over_alpha_theta,exploratory,0.5908194562624349
lab_subject_11,any_ad_vs_matched_no_ad,engagement_pope_frontocentral_beta_over_alpha_theta,exploratory,0.06615329785070873
lab_subject_12,any_ad_vs_matched_no_ad,engagement_pope_frontocentral_beta_over_alpha_theta,exploratory,-0.12446196728413933
lab_subject_13,any_ad_vs_matched_no_ad,engagement_pope_frontocentral_beta_over_alpha_theta,exploratory,-0.353057612491535
lab_subject_14,any_ad_vs_matched_no_ad,engagement_pope_frontocentral_beta_over_alpha_theta,exploratory,-8.930520205974535
lab_subject_15,any_ad_vs_matched_no_ad,engagement_pope_frontocentral_beta_over_alpha_theta,exploratory,-0.23412730774169294
lab_subject_16,any_ad_vs_matched_no_ad,engagement_pope_frontocentral_beta_over_alpha_theta,exploratory,-0.15190818887746838
lab_subject_17,any_ad_vs_matched_no_ad,engagement_pope_frontocentral_beta_over_alpha_theta,exploratory,0.5465781929185003
lab_subject_18,any_ad_vs_matched_no_ad,engagement_pope_frontocentral_beta_over_alpha_theta,exploratory,-1.1505484827588675
lab_subject_19,any_ad_vs_matched_no_ad,engagement_pope_frontocentral_beta_over_alpha_theta,exploratory,0.3099667826016663
lab_subject_2,any_ad_vs_matched_no_ad,engagement_pope_frontocentral_beta_over_alpha_theta,exploratory,0.863243954337606
lab_subject_3,any_ad_vs_matched_no_ad,engagement_pope_frontocentral_beta_over_alpha_theta,exploratory,-1.056125596633632
lab_subject_5,any_ad_vs_matched_no_ad,engagement_pope_frontocentral_beta_over_alpha_theta,exploratory,-0.009899522207111072
lab_subject_6,any_ad_vs_matched_no_ad,engagement_pope_frontocentral_beta_over_alpha_theta,exploratory,-0.13241808585908124
lab_subject_7,any_ad_vs_matched_no_ad,engagement_pope_frontocentral_beta_over_alpha_theta,exploratory,-0.5439893943104814
lab_subject_8,any_ad_vs_matched_no_ad,engagement_pope_frontocentral_beta_over_alpha_theta,exploratory,-0.11404179010191395
lab_subject_9,any_ad_vs_matched_no_ad,engagement_pope_frontocentral_beta_over_alpha_theta,exploratory,0.2723030026020144
lab_subject_1,inline_vs_block,engagement_pope_frontocentral_beta_over_alpha_theta,exploratory,0.2839491256624047
lab_subject_10,inline_vs_block,engagement_pope_frontocentral_beta_over_alpha_theta,exploratory,0.37068923317092295
lab_subject_11,inline_vs_block,engagement_pope_frontocentral_beta_over_alpha_theta,exploratory,-0.15565893576218226
lab_subject_12,inline_vs_block,engagement_pope_frontocentral_beta_over_alpha_theta,exploratory,-0.06366472318402355
lab_subject_13,inline_vs_block,engagement_pope_frontocentral_beta_over_alpha_theta,exploratory,0.44359628581458066
lab_subject_14,inline_vs_block,engagement_pope_frontocentral_beta_over_alpha_theta,exploratory,0.7220660169598548
lab_subject_15,inline_vs_block,engagement_pope_frontocentral_beta_over_alpha_theta,exploratory,0.3562811043096512
lab_subject_16,inline_vs_block,engagement_pope_frontocentral_beta_over_alpha_theta,exploratory,0.46958740233407004
lab_subject_17,inline_vs_block,engagement_pope_frontocentral_beta_over_alpha_theta,exploratory,0.11753895129174086
lab_subject_18,inline_vs_block,engagement_pope_frontocentral_beta_over_alpha_theta,exploratory,0.9181351743447457
lab_subject_19,inline_vs_block,engagement_pope_frontocentral_beta_over_alpha_theta,exploratory,-0.3529440840836324
lab_subject_2,inline_vs_block,engagement_pope_frontocentral_beta_over_alpha_theta,exploratory,2.3155990166278904
lab_subject_3,inline_vs_block,engagement_pope_frontocentral_beta_over_alpha_theta,exploratory,0.04797071939208197
lab_subject_5,inline_vs_block,engagement_pope_frontocentral_beta_over_alpha_theta,exploratory,-0.3708952563001994
lab_subject_6,inline_vs_block,engagement_pope_frontocentral_beta_over_alpha_theta,exploratory,0.08764470742549185
lab_subject_7,inline_vs_block,engagement_pope_frontocentral_beta_over_alpha_theta,exploratory,-0.42457836104937685
lab_subject_8,inline_vs_block,engagement_pope_frontocentral_beta_over_alpha_theta,exploratory,0.0244255760010601
lab_subject_9,inline_vs_block,engagement_pope_frontocentral_beta_over_alpha_theta,exploratory,0.48072460813860063
lab_subject_1,early_vs_late,engagement_pope_frontocentral_beta_over_alpha_theta,exploratory,0.37718365516481245
lab_subject_10,early_vs_late,engagement_pope_frontocentral_beta_over_alpha_theta,exploratory,-0.07966729107637849
lab_subject_11,early_vs_late,engagement_pope_frontocentral_beta_over_alpha_theta,exploratory,0.14945509985779326
lab_subject_12,early_vs_late,engagement_pope_frontocentral_beta_over_alpha_theta,exploratory,0.17874152109200211
lab_subject_13,early_vs_late,engagement_pope_frontocentral_beta_over_alpha_theta,exploratory,0.09681560948394832
lab_subject_14,early_vs_late,engagement_pope_frontocentral_beta_over_alpha_theta,exploratory,-0.5658848040786856
lab_subject_15,early_vs_late,engagement_pope_frontocentral_beta_over_alpha_theta,exploratory,-0.33450106860488316
lab_subject_16,early_vs_late,engagement_pope_frontocentral_beta_over_alpha_theta,exploratory,0.8199072249925683
lab_subject_17,early_vs_late,engagement_pope_frontocentral_beta_over_alpha_theta,exploratory,-0.004106180823814309
lab_subject_18,early_vs_late,engagement_pope_frontocentral_beta_over_alpha_theta,exploratory,0.4981612612968168
lab_subject_19,early_vs_late,engagement_pope_frontocentral_beta_over_alpha_theta,exploratory,0.1009441742466082
lab_subject_2,early_vs_late,engagement_pope_frontocentral_beta_over_alpha_theta,exploratory,1.3629030760930114
lab_subject_3,early_vs_late,engagement_pope_frontocentral_beta_over_alpha_theta,exploratory,-0.08274647902119636
lab_subject_5,early_vs_late,engagement_pope_frontocentral_beta_over_alpha_theta,exploratory,-0.264285084500488
lab_subject_6,early_vs_late,engagement_pope_frontocentral_beta_over_alpha_theta,exploratory,-0.011806365926449736
lab_subject_7,early_vs_late,engagement_pope_frontocentral_beta_over_alpha_theta,exploratory,-0.37584361221538176
lab_subject_8,early_vs_late,engagement_pope_frontocentral_beta_over_alpha_theta,exploratory,-0.3943778983874907
lab_subject_9,early_vs_late,engagement_pope_frontocentral_beta_over_alpha_theta,exploratory,-1.2892045845064417
lab_subject_1,format_x_timing,engagement_pope_frontocentral_beta_over_alpha_theta,exploratory,-0.14831710193992365
lab_subject_10,format_x_timing,engagement_pope_frontocentral_beta_over_alpha_theta,exploratory,-0.308974971187983
lab_subject_11,format_x_timing,engagement_pope_frontocentral_beta_over_alpha_theta,exploratory,-0.7017907840956377
lab_subject_12,format_x_timing,engagement_pope_frontocentral_beta_over_alpha_theta,exploratory,0.20560010704810705
lab_subject_13,format_x_timing,engagement_pope_frontocentral_beta_over_alpha_theta,exploratory,-0.3506211946269048
lab_subject_14,format_x_timing,engagement_pope_frontocentral_beta_over_alpha_theta,exploratory,-0.18923983816608891
lab_subject_15,format_x_timing,engagement_pope_frontocentral_beta_over_alpha_theta,exploratory,0.1784017560372529
lab_subject_16,format_x_timing,engagement_pope_frontocentral_beta_over_alpha_theta,exploratory,-0.6806607709533203
lab_subject_17,format_x_timing,engagement_pope_frontocentral_beta_over_alpha_theta,exploratory,0.09442801777980847
lab_subject_18,format_x_timing,engagement_pope_frontocentral_beta_over_alpha_theta,exploratory,-3.4538056482069837
lab_subject_19,format_x_timing,engagement_pope_frontocentral_beta_over_alpha_theta,exploratory,-0.616178572483637
lab_subject_2,format_x_timing,engagement_pope_frontocentral_beta_over_alpha_theta,exploratory,3.2494331748875998
lab_subject_3,format_x_timing,engagement_pope_frontocentral_beta_over_alpha_theta,exploratory,0.3278422994538568
lab_subject_5,format_x_timing,engagement_pope_frontocentral_beta_over_alpha_theta,exploratory,0.16848618653151737
lab_subject_6,format_x_timing,engagement_pope_frontocentral_beta_over_alpha_theta,exploratory,-0.27018434258673374
lab_subject_7,format_x_timing,engagement_pope_frontocentral_beta_over_alpha_theta,exploratory,0.03448272896762039
lab_subject_8,format_x_timing,engagement_pope_frontocentral_beta_over_alpha_theta,exploratory,0.6927174260295135
lab_subject_9,format_x_timing,engagement_pope_frontocentral_beta_over_alpha_theta,exploratory,-0.5088406895748132
lab_subject_1,inline_early_vs_no_ad_early,engagement_kislov_central_beta16_24_over_alpha8_12,exploratory,1.98369954640096
lab_subject_10,inline_early_vs_no_ad_early,engagement_kislov_central_beta16_24_over_alpha8_12,exploratory,0.41793658137538386
lab_subject_11,inline_early_vs_no_ad_early,engagement_kislov_central_beta16_24_over_alpha8_12,exploratory,0.5011394484976937
lab_subject_12,inline_early_vs_no_ad_early,engagement_kislov_central_beta16_24_over_alpha8_12,exploratory,-0.2404318931121962
lab_subject_13,inline_early_vs_no_ad_early,engagement_kislov_central_beta16_24_over_alpha8_12,exploratory,-2.287218515298229
lab_subject_14,inline_early_vs_no_ad_early,engagement_kislov_central_beta16_24_over_alpha8_12,exploratory,-17.82246901867109
lab_subject_15,inline_early_vs_no_ad_early,engagement_kislov_central_beta16_24_over_alpha8_12,exploratory,-1.1867065933058478
lab_subject_16,inline_early_vs_no_ad_early,engagement_kislov_central_beta16_24_over_alpha8_12,exploratory,0.40510435341145357
lab_subject_17,inline_early_vs_no_ad_early,engagement_kislov_central_beta16_24_over_alpha8_12,exploratory,-0.41357230122863886
lab_subject_18,inline_early_vs_no_ad_early,engagement_kislov_central_beta16_24_over_alpha8_12,exploratory,-0.423736052216824
lab_subject_19,inline_early_vs_no_ad_early,engagement_kislov_central_beta16_24_over_alpha8_12,exploratory,-0.7498674824196375
lab_subject_2,inline_early_vs_no_ad_early,engagement_kislov_central_beta16_24_over_alpha8_12,exploratory,6.3757524756833766
lab_subject_3,inline_early_vs_no_ad_early,engagement_kislov_central_beta16_24_over_alpha8_12,exploratory,-0.9466641740215267
lab_subject_5,inline_early_vs_no_ad_early,engagement_kislov_central_beta16_24_over_alpha8_12,exploratory,-0.6809119202973796
lab_subject_6,inline_early_vs_no_ad_early,engagement_kislov_central_beta16_24_over_alpha8_12,exploratory,0.9581587648434741
lab_subject_7,inline_early_vs_no_ad_early,engagement_kislov_central_beta16_24_over_alpha8_12,exploratory,-2.88892307173448
lab_subject_8,inline_early_vs_no_ad_early,engagement_kislov_central_beta16_24_over_alpha8_12,exploratory,-0.45030853269659255
lab_subject_9,inline_early_vs_no_ad_early,engagement_kislov_central_beta16_24_over_alpha8_12,exploratory,2.121057202622464
lab_subject_1,block_early_vs_no_ad_early,engagement_kislov_central_beta16_24_over_alpha8_12,exploratory,-2.0185042675595803
lab_subject_10,block_early_vs_no_ad_early,engagement_kislov_central_beta16_24_over_alpha8_12,exploratory,0.23245880010816392
lab_subject_11,block_early_vs_no_ad_early,engagement_kislov_central_beta16_24_over_alpha8_12,exploratory,0.2525179983078427
lab_subject_12,block_early_vs_no_ad_early,engagement_kislov_central_beta16_24_over_alpha8_12,exploratory,-0.27846464238831
lab_subject_13,block_early_vs_no_ad_early,engagement_kislov_central_beta16_24_over_alpha8_12,exploratory,-3.7154128052732323
lab_subject_14,block_early_vs_no_ad_early,engagement_kislov_central_beta16_24_over_alpha8_12,exploratory,-18.585385550028946
lab_subject_15,block_early_vs_no_ad_early,engagement_kislov_central_beta16_24_over_alpha8_12,exploratory,-0.4371790739950826
lab_subject_16,block_early_vs_no_ad_early,engagement_kislov_central_beta16_24_over_alpha8_12,exploratory,0.2044103437216478
lab_subject_17,block_early_vs_no_ad_early,engagement_kislov_central_beta16_24_over_alpha8_12,exploratory,0.09984681434993431
lab_subject_18,block_early_vs_no_ad_early,engagement_kislov_central_beta16_24_over_alpha8_12,exploratory,0.8551838004633947
lab_subject_19,block_early_vs_no_ad_early,engagement_kislov_central_beta16_24_over_alpha8_12,exploratory,0.7183406408003752
lab_subject_2,block_early_vs_no_ad_early,engagement_kislov_central_beta16_24_over_alpha8_12,exploratory,-0.07439622557229353
lab_subject_3,block_early_vs_no_ad_early,engagement_kislov_central_beta16_24_over_alpha8_12,exploratory,-0.7111295200861625
lab_subject_5,block_early_vs_no_ad_early,engagement_kislov_central_beta16_24_over_alpha8_12,exploratory,-1.097746879303425
lab_subject_6,block_early_vs_no_ad_early,engagement_kislov_central_beta16_24_over_alpha8_12,exploratory,1.3978973959782648
lab_subject_7,block_early_vs_no_ad_early,engagement_kislov_central_beta16_24_over_alpha8_12,exploratory,-1.8176867170057498
lab_subject_8,block_early_vs_no_ad_early,engagement_kislov_central_beta16_24_over_alpha8_12,exploratory,0.1024647473404301
lab_subject_9,block_early_vs_no_ad_early,engagement_kislov_central_beta16_24_over_alpha8_12,exploratory,-0.3894037596035247
lab_subject_1,inline_late_vs_no_ad_late,engagement_kislov_central_beta16_24_over_alpha8_12,exploratory,2.219878136783551
lab_subject_10,inline_late_vs_no_ad_late,engagement_kislov_central_beta16_24_over_alpha8_12,exploratory,0.36194604555781296
lab_subject_11,inline_late_vs_no_ad_late,engagement_kislov_central_beta16_24_over_alpha8_12,exploratory,0.029144877724970042
lab_subject_12,inline_late_vs_no_ad_late,engagement_kislov_central_beta16_24_over_alpha8_12,exploratory,0.48806062677166023
lab_subject_13,inline_late_vs_no_ad_late,engagement_kislov_central_beta16_24_over_alpha8_12,exploratory,0.25871822099610176
lab_subject_14,inline_late_vs_no_ad_late,engagement_kislov_central_beta16_24_over_alpha8_12,exploratory,1.044376008493158
lab_subject_15,inline_late_vs_no_ad_late,engagement_kislov_central_beta16_24_over_alpha8_12,exploratory,-0.7570550120813764
lab_subject_16,inline_late_vs_no_ad_late,engagement_kislov_central_beta16_24_over_alpha8_12,exploratory,1.1338256763179169
lab_subject_17,inline_late_vs_no_ad_late,engagement_kislov_central_beta16_24_over_alpha8_12,exploratory,0.24854894310065734
lab_subject_18,inline_late_vs_no_ad_late,engagement_kislov_central_beta16_24_over_alpha8_12,exploratory,-0.15409594277721533
lab_subject_19,inline_late_vs_no_ad_late,engagement_kislov_central_beta16_24_over_alpha8_12,exploratory,-0.6426075133718585
lab_subject_2,inline_late_vs_no_ad_late,engagement_kislov_central_beta16_24_over_alpha8_12,exploratory,-0.4620752864012849
lab_subject_3,inline_late_vs_no_ad_late,engagement_kislov_central_beta16_24_over_alpha8_12,exploratory,-2.72636951860797
lab_subject_5,inline_late_vs_no_ad_late,engagement_kislov_central_beta16_24_over_alpha8_12,exploratory,0.04562307679964839
lab_subject_6,inline_late_vs_no_ad_late,engagement_kislov_central_beta16_24_over_alpha8_12,exploratory,0.7348530285349042
lab_subject_7,inline_late_vs_no_ad_late,engagement_kislov_central_beta16_24_over_alpha8_12,exploratory,-0.7948017093140847
lab_subject_8,inline_late_vs_no_ad_late,engagement_kislov_central_beta16_24_over_alpha8_12,exploratory,0.23259358719197398
lab_subject_9,inline_late_vs_no_ad_late,engagement_kislov_central_beta16_24_over_alpha8_12,exploratory,4.554263399323324
lab_subject_1,block_late_vs_no_ad_late,engagement_kislov_central_beta16_24_over_alpha8_12,exploratory,0.039864737359278646
lab_subject_10,block_late_vs_no_ad_late,engagement_kislov_central_beta16_24_over_alpha8_12,exploratory,0.08577072188608056
lab_subject_11,block_late_vs_no_ad_late,engagement_kislov_central_beta16_24_over_alpha8_12,exploratory,0.2797187055901417
lab_subject_12,block_late_vs_no_ad_late,engagement_kislov_central_beta16_24_over_alpha8_12,exploratory,0.41332551660915856
lab_subject_13,block_late_vs_no_ad_late,engagement_kislov_central_beta16_24_over_alpha8_12,exploratory,-0.005437012613754844
lab_subject_14,block_late_vs_no_ad_late,engagement_kislov_central_beta16_24_over_alpha8_12,exploratory,-0.16265671309701357
lab_subject_15,block_late_vs_no_ad_late,engagement_kislov_central_beta16_24_over_alpha8_12,exploratory,0.0763418202125441
lab_subject_16,block_late_vs_no_ad_late,engagement_kislov_central_beta16_24_over_alpha8_12,exploratory,0.5937792161991511
lab_subject_17,block_late_vs_no_ad_late,engagement_kislov_central_beta16_24_over_alpha8_12,exploratory,0.4517696208706903
lab_subject_18,block_late_vs_no_ad_late,engagement_kislov_central_beta16_24_over_alpha8_12,exploratory,-2.4976942126407433
lab_subject_19,block_late_vs_no_ad_late,engagement_kislov_central_beta16_24_over_alpha8_12,exploratory,0.17644443469485216
lab_subject_2,block_late_vs_no_ad_late,engagement_kislov_central_beta16_24_over_alpha8_12,exploratory,-0.7965250848433555
lab_subject_3,block_late_vs_no_ad_late,engagement_kislov_central_beta16_24_over_alpha8_12,exploratory,-1.291252481950908
lab_subject_5,block_late_vs_no_ad_late,engagement_kislov_central_beta16_24_over_alpha8_12,exploratory,0.4468703908217526
lab_subject_6,block_late_vs_no_ad_late,engagement_kislov_central_beta16_24_over_alpha8_12,exploratory,0.5881267040562462
lab_subject_7,block_late_vs_no_ad_late,engagement_kislov_central_beta16_24_over_alpha8_12,exploratory,-1.1507152219433352
lab_subject_8,block_late_vs_no_ad_late,engagement_kislov_central_beta16_24_over_alpha8_12,exploratory,0.7761082474695404
lab_subject_9,block_late_vs_no_ad_late,engagement_kislov_central_beta16_24_over_alpha8_12,exploratory,1.3910959768961269
lab_subject_1,any_ad_vs_matched_no_ad,engagement_kislov_central_beta16_24_over_alpha8_12,exploratory,0.5562345382460523
lab_subject_10,any_ad_vs_matched_no_ad,engagement_kislov_central_beta16_24_over_alpha8_12,exploratory,0.2745280372318603
lab_subject_11,any_ad_vs_matched_no_ad,engagement_kislov_central_beta16_24_over_alpha8_12,exploratory,0.265630257530162
lab_subject_12,any_ad_vs_matched_no_ad,engagement_kislov_central_beta16_24_over_alpha8_12,exploratory,0.09562240197007815
lab_subject_13,any_ad_vs_matched_no_ad,engagement_kislov_central_beta16_24_over_alpha8_12,exploratory,-1.4373375280472787
lab_subject_14,any_ad_vs_matched_no_ad,engagement_kislov_central_beta16_24_over_alpha8_12,exploratory,-8.881533818325972
lab_subject_15,any_ad_vs_matched_no_ad,engagement_kislov_central_beta16_24_over_alpha8_12,exploratory,-0.5761497147924407
lab_subject_16,any_ad_vs_matched_no_ad,engagement_kislov_central_beta16_24_over_alpha8_12,exploratory,0.5842798974125423
lab_subject_17,any_ad_vs_matched_no_ad,engagement_kislov_central_beta16_24_over_alpha8_12,exploratory,0.09664826927316077
lab_subject_18,any_ad_vs_matched_no_ad,engagement_kislov_central_beta16_24_over_alpha8_12,exploratory,-0.5550856017928469
lab_subject_19,any_ad_vs_matched_no_ad,engagement_kislov_central_beta16_24_over_alpha8_12,exploratory,-0.12442248007406717
lab_subject_2,any_ad_vs_matched_no_ad,engagement_kislov_central_beta16_24_over_alpha8_12,exploratory,1.2606889697166106
lab_subject_3,any_ad_vs_matched_no_ad,engagement_kislov_central_beta16_24_over_alpha8_12,exploratory,-1.4188539236666418
lab_subject_5,any_ad_vs_matched_no_ad,engagement_kislov_central_beta16_24_over_alpha8_12,exploratory,-0.3215413329948509
lab_subject_6,any_ad_vs_matched_no_ad,engagement_kislov_central_beta16_24_over_alpha8_12,exploratory,0.9197589733532223
lab_subject_7,any_ad_vs_matched_no_ad,engagement_kislov_central_beta16_24_over_alpha8_12,exploratory,-1.6630316799994125
lab_subject_8,any_ad_vs_matched_no_ad,engagement_kislov_central_beta16_24_over_alpha8_12,exploratory,0.165214512326338
lab_subject_9,any_ad_vs_matched_no_ad,engagement_kislov_central_beta16_24_over_alpha8_12,exploratory,1.9192532048095974
lab_subject_1,inline_vs_block,engagement_kislov_central_beta16_24_over_alpha8_12,exploratory,3.0911086066924063
lab_subject_10,inline_vs_block,engagement_kislov_central_beta16_24_over_alpha8_12,exploratory,0.2308265524694762
lab_subject_11,inline_vs_block,engagement_kislov_central_beta16_24_over_alpha8_12,exploratory,-0.0009761888376604022
lab_subject_12,inline_vs_block,engagement_kislov_central_beta16_24_over_alpha8_12,exploratory,0.056383929719307724
lab_subject_13,inline_vs_block,engagement_kislov_central_beta16_24_over_alpha8_12,exploratory,0.8461747617924298
lab_subject_14,inline_vs_block,engagement_kislov_central_beta16_24_over_alpha8_12,exploratory,0.9849746264740133
lab_subject_15,inline_vs_block,engagement_kislov_central_beta16_24_over_alpha8_12,exploratory,-0.7914621758023428
lab_subject_16,inline_vs_block,engagement_kislov_central_beta16_24_over_alpha8_12,exploratory,0.3703702349042858
lab_subject_17,inline_vs_block,engagement_kislov_central_beta16_24_over_alpha8_12,exploratory,-0.3583198966743031
lab_subject_18,inline_vs_block,engagement_kislov_central_beta16_24_over_alpha8_12,exploratory,0.5323392085916546
lab_subject_19,inline_vs_block,engagement_kislov_central_beta16_24_over_alpha8_12,exploratory,-1.1436300356433617
lab_subject_2,inline_vs_block,engagement_kislov_central_beta16_24_over_alpha8_12,exploratory,3.3922992498488704
lab_subject_3,inline_vs_block,engagement_kislov_central_beta16_24_over_alpha8_12,exploratory,-0.835325845296213
lab_subject_5,inline_vs_block,engagement_kislov_central_beta16_24_over_alpha8_12,exploratory,0.007793822491970581
lab_subject_6,inline_vs_block,engagement_kislov_central_beta16_24_over_alpha8_12,exploratory,-0.14650615332806638
lab_subject_7,inline_vs_block,engagement_kislov_central_beta16_24_over_alpha8_12,exploratory,-0.35766142104973975
lab_subject_8,inline_vs_block,engagement_kislov_central_beta16_24_over_alpha8_12,exploratory,-0.5481439701572945
lab_subject_9,inline_vs_block,engagement_kislov_central_beta16_24_over_alpha8_12,exploratory,2.836814192326593
lab_subject_1,early_vs_late,engagement_kislov_central_beta16_24_over_alpha8_12,exploratory,-0.7433487338336888
lab_subject_10,early_vs_late,engagement_kislov_central_beta16_24_over_alpha8_12,exploratory,-0.20553020101359248
lab_subject_11,early_vs_late,engagement_kislov_central_beta16_24_over_alpha8_12,exploratory,-0.1639310279578258
lab_subject_12,early_vs_late,engagement_kislov_central_beta16_24_over_alpha8_12,exploratory,-0.4091353563715919
lab_subject_13,early_vs_late,engagement_kislov_central_beta16_24_over_alpha8_12,exploratory,0.061529082355525344
lab_subject_14,early_vs_late,engagement_kislov_central_beta16_24_over_alpha8_12,exploratory,-0.6608320073168648
lab_subject_15,early_vs_late,engagement_kislov_central_beta16_24_over_alpha8_12,exploratory,-0.3571213182668604
lab_subject_16,early_vs_late,engagement_kislov_central_beta16_24_over_alpha8_12,exploratory,0.20065871979227679
lab_subject_17,early_vs_late,engagement_kislov_central_beta16_24_over_alpha8_12,exploratory,-0.43124156995069574
lab_subject_18,early_vs_late,engagement_kislov_central_beta16_24_over_alpha8_12,exploratory,0.5240936378686036
lab_subject_19,early_vs_late,engagement_kislov_central_beta16_24_over_alpha8_12,exploratory,0.021366154726501774
lab_subject_2,early_vs_late,engagement_kislov_central_beta16_24_over_alpha8_12,exploratory,2.4385147234251154
lab_subject_3,early_vs_late,engagement_kislov_central_beta16_24_over_alpha8_12,exploratory,0.9549627171716176
lab_subject_5,early_vs_late,engagement_kislov_central_beta16_24_over_alpha8_12,exploratory,-0.5847073984192709
lab_subject_6,early_vs_late,engagement_kislov_central_beta16_24_over_alpha8_12,exploratory,1.2119382020752651
lab_subject_7,early_vs_late,engagement_kislov_central_beta16_24_over_alpha8_12,exploratory,-0.580538536829851
lab_subject_8,early_vs_late,engagement_kislov_central_beta16_24_over_alpha8_12,exploratory,0.2963533881497531
lab_subject_9,early_vs_late,engagement_kislov_central_beta16_24_over_alpha8_12,exploratory,-0.455818795527674
lab_subject_1,format_x_timing,engagement_kislov_central_beta16_24_over_alpha8_12,exploratory,1.822190414536268
lab_subject_10,format_x_timing,engagement_kislov_central_beta16_24_over_alpha8_12,exploratory,-0.09069754240451247
lab_subject_11,format_x_timing,engagement_kislov_central_beta16_24_over_alpha8_12,exploratory,0.49919527805502256
lab_subject_12,format_x_timing,engagement_kislov_central_beta16_24_over_alpha8_12,exploratory,-0.0367023608863879
lab_subject_13,format_x_timing,engagement_kislov_central_beta16_24_over_alpha8_12,exploratory,1.1640390563651466
lab_subject_14,format_x_timing,engagement_kislov_central_beta16_24_over_alpha8_12,exploratory,-0.4441161902323163
lab_subject_15,format_x_timing,engagement_kislov_central_beta16_24_over_alpha8_12,exploratory,0.08386931298315525
lab_subject_16,format_x_timing,engagement_kislov_central_beta16_24_over_alpha8_12,exploratory,-0.33935245042896
lab_subject_17,format_x_timing,engagement_kislov_central_beta16_24_over_alpha8_12,exploratory,-0.31019843780854023
lab_subject_18,format_x_timing,engagement_kislov_central_beta16_24_over_alpha8_12,exploratory,-3.6225181225437466
lab_subject_19,format_x_timing,engagement_kislov_central_beta16_24_over_alpha8_12,exploratory,-0.649156175153302
lab_subject_2,format_x_timing,engagement_kislov_central_beta16_24_over_alpha8_12,exploratory,6.1156989028136
lab_subject_3,format_x_timing,engagement_kislov_central_beta16_24_over_alpha8_12,exploratory,1.1995823827216976
lab_subject_5,format_x_timing,engagement_kislov_central_beta16_24_over_alpha8_12,exploratory,0.8180822730281496
lab_subject_6,format_x_timing,engagement_kislov_central_beta16_24_over_alpha8_12,exploratory,-0.5864649556134486
lab_subject_7,format_x_timing,engagement_kislov_central_beta16_24_over_alpha8_12,exploratory,-1.4271498673579806
lab_subject_8,format_x_timing,engagement_kislov_central_beta16_24_over_alpha8_12,exploratory,-0.009258619759456188
lab_subject_9,format_x_timing,engagement_kislov_central_beta16_24_over_alpha8_12,exploratory,-0.6527064602012087
