subject_id,contrast_id,feature,feature_tier,difference
lab_subject_1,any_ad_vs_no_ads,fz_theta_power_db_uv2,primary,-0.16662473088064633
lab_subject_1,inline_vs_block,fz_theta_power_db_uv2,primary,-0.21416331190667837
lab_subject_1,early_vs_late,fz_theta_power_db_uv2,primary,-0.11139233896394796
lab_subject_1,format_x_timing,fz_theta_power_db_uv2,primary,0.7162752677113833
lab_subject_10,any_ad_vs_no_ads,fz_theta_power_db_uv2,primary,-0.5563108550999267
lab_subject_10,inline_vs_block,fz_theta_power_db_uv2,primary,0.453998504875587
lab_subject_10,early_vs_late,fz_theta_power_db_uv2,primary,-0.19963250703981394
lab_subject_10,format_x_timing,fz_theta_power_db_uv2,primary,0.19446586297309842
lab_subject_11,any_ad_vs_no_ads,fz_theta_power_db_uv2,primary,0.23641963004014244
lab_subject_11,inline_vs_block,fz_theta_power_db_uv2,primary,0.04009045530264288
lab_subject_11,early_vs_late,fz_theta_power_db_uv2,primary,-0.12543609278422707
lab_subject_11,format_x_timing,fz_theta_power_db_uv2,primary,0.9839948926011708
lab_subject_12,any_ad_vs_no_ads,fz_theta_power_db_uv2,primary,0.002196290049404581
lab_subject_12,inline_vs_block,fz_theta_power_db_uv2,primary,-0.06326314130678412
lab_subject_12,early_vs_late,fz_theta_power_db_uv2,primary,0.1529523212322843
lab_subject_12,format_x_timing,fz_theta_power_db_uv2,primary,0.3960170640352363
lab_subject_13,any_ad_vs_no_ads,fz_theta_power_db_uv2,primary,-0.20747302607732543
lab_subject_13,inline_vs_block,fz_theta_power_db_uv2,primary,-0.6503042204177074
lab_subject_13,early_vs_late,fz_theta_power_db_uv2,primary,0.052954826333481364
lab_subject_13,format_x_timing,fz_theta_power_db_uv2,primary,0.35078018970095837
lab_subject_14,any_ad_vs_no_ads,fz_theta_power_db_uv2,primary,0.05974175682137872
lab_subject_14,inline_vs_block,fz_theta_power_db_uv2,primary,0.35648209108822027
lab_subject_14,early_vs_late,fz_theta_power_db_uv2,primary,0.08331891635349375
lab_subject_14,format_x_timing,fz_theta_power_db_uv2,primary,-0.5029879602460128
lab_subject_15,any_ad_vs_no_ads,fz_theta_power_db_uv2,primary,-0.28094755198769406
lab_subject_15,inline_vs_block,fz_theta_power_db_uv2,primary,0.1273520093217151
lab_subject_15,early_vs_late,fz_theta_power_db_uv2,primary,-0.0039146594383576705
lab_subject_15,format_x_timing,fz_theta_power_db_uv2,primary,-0.44153760642333273
lab_subject_16,any_ad_vs_no_ads,fz_theta_power_db_uv2,primary,0.06708604646242655
lab_subject_16,inline_vs_block,fz_theta_power_db_uv2,primary,-0.10153132248902708
lab_subject_16,early_vs_late,fz_theta_power_db_uv2,primary,-0.016842690357215417
lab_subject_16,format_x_timing,fz_theta_power_db_uv2,primary,-0.28484653647498703
lab_subject_17,any_ad_vs_no_ads,fz_theta_power_db_uv2,primary,-0.5274111854650174
lab_subject_17,inline_vs_block,fz_theta_power_db_uv2,primary,-0.02475045853664959
lab_subject_17,early_vs_late,fz_theta_power_db_uv2,primary,-0.474527955153226
lab_subject_17,format_x_timing,fz_theta_power_db_uv2,primary,0.6257037533928154
lab_subject_18,any_ad_vs_no_ads,fz_theta_power_db_uv2,primary,0.6932660840103315
lab_subject_18,inline_vs_block,fz_theta_power_db_uv2,primary,-0.03793728637563554
lab_subject_18,early_vs_late,fz_theta_power_db_uv2,primary,-0.23633231546004474
lab_subject_18,format_x_timing,fz_theta_power_db_uv2,primary,-0.02995097883104325
lab_subject_19,any_ad_vs_no_ads,fz_theta_power_db_uv2,primary,0.2179648556633058
lab_subject_19,inline_vs_block,fz_theta_power_db_uv2,primary,-0.07646432760456179
lab_subject_19,early_vs_late,fz_theta_power_db_uv2,primary,0.0890378059979895
lab_subject_19,format_x_timing,fz_theta_power_db_uv2,primary,-0.14674518226840583
lab_subject_2,any_ad_vs_no_ads,fz_theta_power_db_uv2,primary,-0.22483484726273595
lab_subject_2,inline_vs_block,fz_theta_power_db_uv2,primary,-0.105945980667002
lab_subject_2,early_vs_late,fz_theta_power_db_uv2,primary,-0.22549685601300418
lab_subject_2,format_x_timing,fz_theta_power_db_uv2,primary,0.01954686139581341
lab_subject_3,any_ad_vs_no_ads,fz_theta_power_db_uv2,primary,0.01274828291279917
lab_subject_3,inline_vs_block,fz_theta_power_db_uv2,primary,0.09244636952155538
lab_subject_3,early_vs_late,fz_theta_power_db_uv2,primary,-0.04273066139245607
lab_subject_3,format_x_timing,fz_theta_power_db_uv2,primary,0.31928383508301295
lab_subject_5,any_ad_vs_no_ads,fz_theta_power_db_uv2,primary,-0.23506351930152292
lab_subject_5,inline_vs_block,fz_theta_power_db_uv2,primary,-0.08823414943889851
lab_subject_5,early_vs_late,fz_theta_power_db_uv2,primary,0.14629229400344812
lab_subject_5,format_x_timing,fz_theta_power_db_uv2,primary,0.2591656200873853
lab_subject_6,any_ad_vs_no_ads,fz_theta_power_db_uv2,primary,-0.06866865987527326
lab_subject_6,inline_vs_block,fz_theta_power_db_uv2,primary,-0.1670508393570005
lab_subject_6,early_vs_late,fz_theta_power_db_uv2,primary,0.12609785197244072
lab_subject_6,format_x_timing,fz_theta_power_db_uv2,primary,0.645121175712319
lab_subject_7,any_ad_vs_no_ads,fz_theta_power_db_uv2,primary,-0.43558754227037744
lab_subject_7,inline_vs_block,fz_theta_power_db_uv2,primary,0.07733867133158845
lab_subject_7,early_vs_late,fz_theta_power_db_uv2,primary,-1.089458390765527
lab_subject_7,format_x_timing,fz_theta_power_db_uv2,primary,1.0482744873223708
lab_subject_8,any_ad_vs_no_ads,fz_theta_power_db_uv2,primary,-0.06597108394554851
lab_subject_8,inline_vs_block,fz_theta_power_db_uv2,primary,0.2571872134003357
lab_subject_8,early_vs_late,fz_theta_power_db_uv2,primary,-0.056307801824658554
lab_subject_8,format_x_timing,fz_theta_power_db_uv2,primary,0.45785784188252165
lab_subject_9,any_ad_vs_no_ads,fz_theta_power_db_uv2,primary,-0.04549096657368512
lab_subject_9,inline_vs_block,fz_theta_power_db_uv2,primary,-0.1545612381827688
lab_subject_9,early_vs_late,fz_theta_power_db_uv2,primary,-0.10209765267786963
lab_subject_9,format_x_timing,fz_theta_power_db_uv2,primary,-0.501098870424963
lab_subject_1,any_ad_vs_no_ads,posterior_alpha_power_db_uv2,primary,0.265285106600019
lab_subject_1,inline_vs_block,posterior_alpha_power_db_uv2,primary,-0.7513660058309091
lab_subject_1,early_vs_late,posterior_alpha_power_db_uv2,primary,-0.08752764103330346
lab_subject_1,format_x_timing,posterior_alpha_power_db_uv2,primary,0.39741762854951723
lab_subject_10,any_ad_vs_no_ads,posterior_alpha_power_db_uv2,primary,-0.39831670752968407
lab_subject_10,inline_vs_block,posterior_alpha_power_db_uv2,primary,-0.1838669187164328
lab_subject_10,early_vs_late,posterior_alpha_power_db_uv2,primary,0.161699658155241
lab_subject_10,format_x_timing,posterior_alpha_power_db_uv2,primary,1.3987064475911382
lab_subject_11,any_ad_vs_no_ads,posterior_alpha_power_db_uv2,primary,-0.29693065945187413
lab_subject_11,inline_vs_block,posterior_alpha_power_db_uv2,primary,0.04161825172664102
lab_subject_11,early_vs_late,posterior_alpha_power_db_uv2,primary,0.14147306792882475
lab_subject_11,format_x_timing,posterior_alpha_power_db_uv2,primary,-0.985417825434558
lab_subject_12,any_ad_vs_no_ads,posterior_alpha_power_db_uv2,primary,0.25461905769045146
lab_subject_12,inline_vs_block,posterior_alpha_power_db_uv2,primary,0.17677943416760478
lab_subject_12,early_vs_late,posterior_alpha_power_db_uv2,primary,-0.20479105556920807
lab_subject_12,format_x_timing,posterior_alpha_power_db_uv2,primary,0.21926899455580084
lab_subject_13,any_ad_vs_no_ads,posterior_alpha_power_db_uv2,primary,0.40695834837523304
lab_subject_13,inline_vs_block,posterior_alpha_power_db_uv2,primary,-0.30948995388628786
lab_subject_13,early_vs_late,posterior_alpha_power_db_uv2,primary,-0.5418853477450911
lab_subject_13,format_x_timing,posterior_alpha_power_db_uv2,primary,0.0896845285904111
lab_subject_14,any_ad_vs_no_ads,posterior_alpha_power_db_uv2,primary,0.900889607237775
lab_subject_14,inline_vs_block,posterior_alpha_power_db_uv2,primary,0.2666629746953504
lab_subject_14,early_vs_late,posterior_alpha_power_db_uv2,primary,0.2722429868397338
lab_subject_14,format_x_timing,posterior_alpha_power_db_uv2,primary,-1.2020658408408753
lab_subject_15,any_ad_vs_no_ads,posterior_alpha_power_db_uv2,primary,0.03746119646587509
lab_subject_15,inline_vs_block,posterior_alpha_power_db_uv2,primary,0.3046885454068655
lab_subject_15,early_vs_late,posterior_alpha_power_db_uv2,primary,-0.14283211271451668
lab_subject_15,format_x_timing,posterior_alpha_power_db_uv2,primary,-0.1940229922079293
lab_subject_16,any_ad_vs_no_ads,posterior_alpha_power_db_uv2,primary,0.7996053776055021
lab_subject_16,inline_vs_block,posterior_alpha_power_db_uv2,primary,0.38080830302491187
lab_subject_16,early_vs_late,posterior_alpha_power_db_uv2,primary,-0.031236393880448077
lab_subject_16,format_x_timing,posterior_alpha_power_db_uv2,primary,-0.33812925988679865
lab_subject_17,any_ad_vs_no_ads,posterior_alpha_power_db_uv2,primary,-0.1430436491484608
lab_subject_17,inline_vs_block,posterior_alpha_power_db_uv2,primary,0.0016192205244802693
lab_subject_17,early_vs_late,posterior_alpha_power_db_uv2,primary,-0.23993758947765276
lab_subject_17,format_x_timing,posterior_alpha_power_db_uv2,primary,-1.6959898017861272
lab_subject_18,any_ad_vs_no_ads,posterior_alpha_power_db_uv2,primary,-0.10779806548805926
lab_subject_18,inline_vs_block,posterior_alpha_power_db_uv2,primary,0.5350472662323602
lab_subject_18,early_vs_late,posterior_alpha_power_db_uv2,primary,-0.38232757185283717
lab_subject_18,format_x_timing,posterior_alpha_power_db_uv2,primary,0.07648943016924736
lab_subject_19,any_ad_vs_no_ads,posterior_alpha_power_db_uv2,primary,-0.10874360140955996
lab_subject_19,inline_vs_block,posterior_alpha_power_db_uv2,primary,-0.051239737087684034
lab_subject_19,early_vs_late,posterior_alpha_power_db_uv2,primary,0.12684493476612602
lab_subject_19,format_x_timing,posterior_alpha_power_db_uv2,primary,0.48413551321060844
lab_subject_2,any_ad_vs_no_ads,posterior_alpha_power_db_uv2,primary,-0.14283127554669495
lab_subject_2,inline_vs_block,posterior_alpha_power_db_uv2,primary,-0.08476786535442749
lab_subject_2,early_vs_late,posterior_alpha_power_db_uv2,primary,-0.10689435728711505
lab_subject_2,format_x_timing,posterior_alpha_power_db_uv2,primary,3.530568031167129
lab_subject_3,any_ad_vs_no_ads,posterior_alpha_power_db_uv2,primary,-0.6118840992952173
lab_subject_3,inline_vs_block,posterior_alpha_power_db_uv2,primary,0.22533133937654704
lab_subject_3,early_vs_late,posterior_alpha_power_db_uv2,primary,-0.26121864802274253
lab_subject_3,format_x_timing,posterior_alpha_power_db_uv2,primary,0.9990626196469634
lab_subject_5,any_ad_vs_no_ads,posterior_alpha_power_db_uv2,primary,-0.01586099488772863
lab_subject_5,inline_vs_block,posterior_alpha_power_db_uv2,primary,-0.07725566352485824
lab_subject_5,early_vs_late,posterior_alpha_power_db_uv2,primary,0.010486898031897951
lab_subject_5,format_x_timing,posterior_alpha_power_db_uv2,primary,-0.20171626285319721
lab_subject_6,any_ad_vs_no_ads,posterior_alpha_power_db_uv2,primary,0.3803937361867442
lab_subject_6,inline_vs_block,posterior_alpha_power_db_uv2,primary,0.13725836282790738
lab_subject_6,early_vs_late,posterior_alpha_power_db_uv2,primary,0.09189738478043008
lab_subject_6,format_x_timing,posterior_alpha_power_db_uv2,primary,0.017587252395609987
lab_subject_7,any_ad_vs_no_ads,posterior_alpha_power_db_uv2,primary,-0.5021800509224197
lab_subject_7,inline_vs_block,posterior_alpha_power_db_uv2,primary,-0.05187511105673126
lab_subject_7,early_vs_late,posterior_alpha_power_db_uv2,primary,-0.8071916815856821
lab_subject_7,format_x_timing,posterior_alpha_power_db_uv2,primary,1.012590655087476
lab_subject_8,any_ad_vs_no_ads,posterior_alpha_power_db_uv2,primary,-0.025685118473441904
lab_subject_8,inline_vs_block,posterior_alpha_power_db_uv2,primary,0.04920390248652318
lab_subject_8,early_vs_late,posterior_alpha_power_db_uv2,primary,0.2245829865757205
lab_subject_8,format_x_timing,posterior_alpha_power_db_uv2,primary,0.1915193506028281
lab_subject_9,any_ad_vs_no_ads,posterior_alpha_power_db_uv2,primary,0.5871091995123923
lab_subject_9,inline_vs_block,posterior_alpha_power_db_uv2,primary,0.2838886803464806
lab_subject_9,early_vs_late,posterior_alpha_power_db_uv2,primary,0.15333834585595874
lab_subject_9,format_x_timing,posterior_alpha_power_db_uv2,primary,-0.31035050742292025
lab_subject_1,any_ad_vs_no_ads,theta_power_db_uv2,secondary_global,-0.40559082450295225
lab_subject_1,inline_vs_block,theta_power_db_uv2,secondary_global,-0.324260514388623
lab_subject_1,early_vs_late,theta_power_db_uv2,secondary_global,0.0025523443495707454
lab_subject_1,format_x_timing,theta_power_db_uv2,secondary_global,-0.688934605315243
lab_subject_10,any_ad_vs_no_ads,theta_power_db_uv2,secondary_global,-0.4400855902984677
lab_subject_10,inline_vs_block,theta_power_db_uv2,secondary_global,0.18038905400113858
lab_subject_10,early_vs_late,theta_power_db_uv2,secondary_global,-0.1716125315997994
lab_subject_10,format_x_timing,theta_power_db_uv2,secondary_global,0.01919077565882965
lab_subject_11,any_ad_vs_no_ads,theta_power_db_uv2,secondary_global,0.10610297118292156
lab_subject_11,inline_vs_block,theta_power_db_uv2,secondary_global,-0.18062078138706106
lab_subject_11,early_vs_late,theta_power_db_uv2,secondary_global,0.073077758883076
lab_subject_11,format_x_timing,theta_power_db_uv2,secondary_global,0.4423508516644725
lab_subject_12,any_ad_vs_no_ads,theta_power_db_uv2,secondary_global,-0.2114244454301799
lab_subject_12,inline_vs_block,theta_power_db_uv2,secondary_global,-0.02863279992442802
lab_subject_12,early_vs_late,theta_power_db_uv2,secondary_global,0.23078458629701526
lab_subject_12,format_x_timing,theta_power_db_uv2,secondary_global,0.19624862251857245
lab_subject_13,any_ad_vs_no_ads,theta_power_db_uv2,secondary_global,0.34121831689317794
lab_subject_13,inline_vs_block,theta_power_db_uv2,secondary_global,-0.40806225390147244
lab_subject_13,early_vs_late,theta_power_db_uv2,secondary_global,-0.29067396159448267
lab_subject_13,format_x_timing,theta_power_db_uv2,secondary_global,0.7452896645465827
lab_subject_14,any_ad_vs_no_ads,theta_power_db_uv2,secondary_global,0.13388750748543643
lab_subject_14,inline_vs_block,theta_power_db_uv2,secondary_global,-0.010434198728902722
lab_subject_14,early_vs_late,theta_power_db_uv2,secondary_global,-0.13719118063800462
lab_subject_14,format_x_timing,theta_power_db_uv2,secondary_global,-1.2307533893238003
lab_subject_15,any_ad_vs_no_ads,theta_power_db_uv2,secondary_global,0.08862328753006565
lab_subject_15,inline_vs_block,theta_power_db_uv2,secondary_global,0.11947526036834644
lab_subject_15,early_vs_late,theta_power_db_uv2,secondary_global,-0.24332489348477937
lab_subject_15,format_x_timing,theta_power_db_uv2,secondary_global,0.06475655339581765
lab_subject_16,any_ad_vs_no_ads,theta_power_db_uv2,secondary_global,-0.08468919502037231
lab_subject_16,inline_vs_block,theta_power_db_uv2,secondary_global,-0.6060047742539667
lab_subject_16,early_vs_late,theta_power_db_uv2,secondary_global,-0.014843389653349526
lab_subject_16,format_x_timing,theta_power_db_uv2,secondary_global,0.1835254678179652
lab_subject_17,any_ad_vs_no_ads,theta_power_db_uv2,secondary_global,-0.39553067098821293
lab_subject_17,inline_vs_block,theta_power_db_uv2,secondary_global,-0.07712427549898981
lab_subject_17,early_vs_late,theta_power_db_uv2,secondary_global,-0.07277948465799611
lab_subject_17,format_x_timing,theta_power_db_uv2,secondary_global,0.7158030051022202
lab_subject_18,any_ad_vs_no_ads,theta_power_db_uv2,secondary_global,0.013992866733624432
lab_subject_18,inline_vs_block,theta_power_db_uv2,secondary_global,-0.11579646368813945
lab_subject_18,early_vs_late,theta_power_db_uv2,secondary_global,0.1090865304491655
lab_subject_18,format_x_timing,theta_power_db_uv2,secondary_global,-0.3046982766765156
lab_subject_19,any_ad_vs_no_ads,theta_power_db_uv2,secondary_global,0.06337149317710189
lab_subject_19,inline_vs_block,theta_power_db_uv2,secondary_global,-0.23074122737689606
lab_subject_19,early_vs_late,theta_power_db_uv2,secondary_global,0.07752887836353661
lab_subject_19,format_x_timing,theta_power_db_uv2,secondary_global,-0.5482141962716609
lab_subject_2,any_ad_vs_no_ads,theta_power_db_uv2,secondary_global,0.06120711002976709
lab_subject_2,inline_vs_block,theta_power_db_uv2,secondary_global,-0.1310940529889546
lab_subject_2,early_vs_late,theta_power_db_uv2,secondary_global,-0.2685030402612574
lab_subject_2,format_x_timing,theta_power_db_uv2,secondary_global,-0.045961491169322244
lab_subject_3,any_ad_vs_no_ads,theta_power_db_uv2,secondary_global,-0.20207230765692596
lab_subject_3,inline_vs_block,theta_power_db_uv2,secondary_global,-0.23533095621919653
lab_subject_3,early_vs_late,theta_power_db_uv2,secondary_global,-0.3131129228981995
lab_subject_3,format_x_timing,theta_power_db_uv2,secondary_global,-0.12837360978601575
lab_subject_5,any_ad_vs_no_ads,theta_power_db_uv2,secondary_global,-0.5432967847810897
lab_subject_5,inline_vs_block,theta_power_db_uv2,secondary_global,0.18021510351717396
lab_subject_5,early_vs_late,theta_power_db_uv2,secondary_global,0.4489893924477357
lab_subject_5,format_x_timing,theta_power_db_uv2,secondary_global,0.9205523244175566
lab_subject_6,any_ad_vs_no_ads,theta_power_db_uv2,secondary_global,0.0034610076903689446
lab_subject_6,inline_vs_block,theta_power_db_uv2,secondary_global,0.04767920517941704
lab_subject_6,early_vs_late,theta_power_db_uv2,secondary_global,-0.2465488712290247
lab_subject_6,format_x_timing,theta_power_db_uv2,secondary_global,-0.05551585195389652
lab_subject_7,any_ad_vs_no_ads,theta_power_db_uv2,secondary_global,-1.2265123164607368
lab_subject_7,inline_vs_block,theta_power_db_uv2,secondary_global,-0.4503157607627345
lab_subject_7,early_vs_late,theta_power_db_uv2,secondary_global,-1.0872671207934128
lab_subject_7,format_x_timing,theta_power_db_uv2,secondary_global,0.4147826915191257
lab_subject_8,any_ad_vs_no_ads,theta_power_db_uv2,secondary_global,-0.32012542321402826
lab_subject_8,inline_vs_block,theta_power_db_uv2,secondary_global,-0.1295717516282311
lab_subject_8,early_vs_late,theta_power_db_uv2,secondary_global,0.12203930548677899
lab_subject_8,format_x_timing,theta_power_db_uv2,secondary_global,-0.2344737661734273
lab_subject_9,any_ad_vs_no_ads,theta_power_db_uv2,secondary_global,0.11851009575674176
lab_subject_9,inline_vs_block,theta_power_db_uv2,secondary_global,0.2501743208682452
lab_subject_9,early_vs_late,theta_power_db_uv2,secondary_global,-0.053320449583241114
lab_subject_9,format_x_timing,theta_power_db_uv2,secondary_global,-0.4939345988723387
lab_subject_1,any_ad_vs_no_ads,alpha_power_db_uv2,secondary_global,0.5772818426173565
lab_subject_1,inline_vs_block,alpha_power_db_uv2,secondary_global,-1.2042128447979161
lab_subject_1,early_vs_late,alpha_power_db_uv2,secondary_global,-0.11845166026823595
lab_subject_1,format_x_timing,alpha_power_db_uv2,secondary_global,0.8472571299312772
lab_subject_10,any_ad_vs_no_ads,alpha_power_db_uv2,secondary_global,0.14676010293485842
lab_subject_10,inline_vs_block,alpha_power_db_uv2,secondary_global,-0.1323632012375917
lab_subject_10,early_vs_late,alpha_power_db_uv2,secondary_global,-0.4035381050691127
lab_subject_10,format_x_timing,alpha_power_db_uv2,secondary_global,1.45972288378253
lab_subject_11,any_ad_vs_no_ads,alpha_power_db_uv2,secondary_global,-0.07487187397232375
lab_subject_11,inline_vs_block,alpha_power_db_uv2,secondary_global,0.04144322596808081
lab_subject_11,early_vs_late,alpha_power_db_uv2,secondary_global,0.03770693863413754
lab_subject_11,format_x_timing,alpha_power_db_uv2,secondary_global,-0.9193459816974752
lab_subject_12,any_ad_vs_no_ads,alpha_power_db_uv2,secondary_global,0.2963985969807812
lab_subject_12,inline_vs_block,alpha_power_db_uv2,secondary_global,0.1520595523970023
lab_subject_12,early_vs_late,alpha_power_db_uv2,secondary_global,-0.130173783439389
lab_subject_12,format_x_timing,alpha_power_db_uv2,secondary_global,0.5213569106082865
lab_subject_13,any_ad_vs_no_ads,alpha_power_db_uv2,secondary_global,0.3747398202128065
lab_subject_13,inline_vs_block,alpha_power_db_uv2,secondary_global,-0.5070029185926068
lab_subject_13,early_vs_late,alpha_power_db_uv2,secondary_global,-0.6749064743595525
lab_subject_13,format_x_timing,alpha_power_db_uv2,secondary_global,0.4608423805144235
lab_subject_14,any_ad_vs_no_ads,alpha_power_db_uv2,secondary_global,0.9964707644293203
lab_subject_14,inline_vs_block,alpha_power_db_uv2,secondary_global,0.10329966610763108
lab_subject_14,early_vs_late,alpha_power_db_uv2,secondary_global,0.7253289772298483
lab_subject_14,format_x_timing,alpha_power_db_uv2,secondary_global,-1.7548112549944221
lab_subject_15,any_ad_vs_no_ads,alpha_power_db_uv2,secondary_global,0.015492694773069582
lab_subject_15,inline_vs_block,alpha_power_db_uv2,secondary_global,0.4476248229417763
lab_subject_15,early_vs_late,alpha_power_db_uv2,secondary_global,-0.32237346120225774
lab_subject_15,format_x_timing,alpha_power_db_uv2,secondary_global,-0.5311075905452443
lab_subject_16,any_ad_vs_no_ads,alpha_power_db_uv2,secondary_global,1.2176093707022755
lab_subject_16,inline_vs_block,alpha_power_db_uv2,secondary_global,0.5614727478157278
lab_subject_16,early_vs_late,alpha_power_db_uv2,secondary_global,-0.07344258773680679
lab_subject_16,format_x_timing,alpha_power_db_uv2,secondary_global,-1.1741340386831602
lab_subject_17,any_ad_vs_no_ads,alpha_power_db_uv2,secondary_global,-0.4564811082369422
lab_subject_17,inline_vs_block,alpha_power_db_uv2,secondary_global,-0.11081444074055291
lab_subject_17,early_vs_late,alpha_power_db_uv2,secondary_global,-0.1845951345848693
lab_subject_17,format_x_timing,alpha_power_db_uv2,secondary_global,-1.0476465506847514
lab_subject_18,any_ad_vs_no_ads,alpha_power_db_uv2,secondary_global,-0.19078286749696183
lab_subject_18,inline_vs_block,alpha_power_db_uv2,secondary_global,0.6540795725746404
lab_subject_18,early_vs_late,alpha_power_db_uv2,secondary_global,-0.533293214330409
lab_subject_18,format_x_timing,alpha_power_db_uv2,secondary_global,0.1461787576470206
lab_subject_19,any_ad_vs_no_ads,alpha_power_db_uv2,secondary_global,-0.39161651201769043
lab_subject_19,inline_vs_block,alpha_power_db_uv2,secondary_global,0.043941561903141135
lab_subject_19,early_vs_late,alpha_power_db_uv2,secondary_global,0.2688936299123359
lab_subject_19,format_x_timing,alpha_power_db_uv2,secondary_global,0.7060202690073503
lab_subject_2,any_ad_vs_no_ads,alpha_power_db_uv2,secondary_global,-0.5961407833873311
lab_subject_2,inline_vs_block,alpha_power_db_uv2,secondary_global,0.07310116702464775
lab_subject_2,early_vs_late,alpha_power_db_uv2,secondary_global,0.24835577054459534
lab_subject_2,format_x_timing,alpha_power_db_uv2,secondary_global,3.885123656481758
lab_subject_3,any_ad_vs_no_ads,alpha_power_db_uv2,secondary_global,-0.20450835301426729
lab_subject_3,inline_vs_block,alpha_power_db_uv2,secondary_global,0.29149391121872625
lab_subject_3,early_vs_late,alpha_power_db_uv2,secondary_global,-0.6561568877456665
lab_subject_3,format_x_timing,alpha_power_db_uv2,secondary_global,0.8915819755512402
lab_subject_5,any_ad_vs_no_ads,alpha_power_db_uv2,secondary_global,-0.016505297260661855
lab_subject_5,inline_vs_block,alpha_power_db_uv2,secondary_global,-0.1475443401611889
lab_subject_5,early_vs_late,alpha_power_db_uv2,secondary_global,0.14741794485276927
lab_subject_5,format_x_timing,alpha_power_db_uv2,secondary_global,-0.1758640517834671
lab_subject_6,any_ad_vs_no_ads,alpha_power_db_uv2,secondary_global,0.2745251635355066
lab_subject_6,inline_vs_block,alpha_power_db_uv2,secondary_global,0.20056280513213398
lab_subject_6,early_vs_late,alpha_power_db_uv2,secondary_global,-0.09413030224656183
lab_subject_6,format_x_timing,alpha_power_db_uv2,secondary_global,0.23991063280650948
lab_subject_7,any_ad_vs_no_ads,alpha_power_db_uv2,secondary_global,-0.5982848110786598
lab_subject_7,inline_vs_block,alpha_power_db_uv2,secondary_global,0.05972351283387933
lab_subject_7,early_vs_late,alpha_power_db_uv2,secondary_global,-0.6513076637482262
lab_subject_7,format_x_timing,alpha_power_db_uv2,secondary_global,1.0580328577175373
lab_subject_8,any_ad_vs_no_ads,alpha_power_db_uv2,secondary_global,-0.0019445377877591596
lab_subject_8,inline_vs_block,alpha_power_db_uv2,secondary_global,0.03435582247559843
lab_subject_8,early_vs_late,alpha_power_db_uv2,secondary_global,0.4140235695184149
lab_subject_8,format_x_timing,alpha_power_db_uv2,secondary_global,0.24016797539284696
lab_subject_9,any_ad_vs_no_ads,alpha_power_db_uv2,secondary_global,0.8552051600096986
lab_subject_9,inline_vs_block,alpha_power_db_uv2,secondary_global,0.3805349256016761
lab_subject_9,early_vs_late,alpha_power_db_uv2,secondary_global,0.15023404773898008
lab_subject_9,format_x_timing,alpha_power_db_uv2,secondary_global,-0.586897804066119
lab_subject_1,any_ad_vs_no_ads,beta_power_db_uv2,secondary,1.7171263844644749
lab_subject_1,inline_vs_block,beta_power_db_uv2,secondary,-0.5339211826562682
lab_subject_1,early_vs_late,beta_power_db_uv2,secondary,0.0771931476220864
lab_subject_1,format_x_timing,beta_power_db_uv2,secondary,-0.6499497923830404
lab_subject_10,any_ad_vs_no_ads,beta_power_db_uv2,secondary,-0.48778521556679966
lab_subject_10,inline_vs_block,beta_power_db_uv2,secondary,0.3789696764706951
lab_subject_10,early_vs_late,beta_power_db_uv2,secondary,0.3172594967277105
lab_subject_10,format_x_timing,beta_power_db_uv2,secondary,0.07636324462436583
lab_subject_11,any_ad_vs_no_ads,beta_power_db_uv2,secondary,0.09905845751401188
lab_subject_11,inline_vs_block,beta_power_db_uv2,secondary,-0.45294500715892383
lab_subject_11,early_vs_late,beta_power_db_uv2,secondary,-0.27886175743193675
lab_subject_11,format_x_timing,beta_power_db_uv2,secondary,1.4032142388766786
lab_subject_12,any_ad_vs_no_ads,beta_power_db_uv2,secondary,-0.43827803528492915
lab_subject_12,inline_vs_block,beta_power_db_uv2,secondary,0.18548591045261986
lab_subject_12,early_vs_late,beta_power_db_uv2,secondary,0.2905386200582427
lab_subject_12,format_x_timing,beta_power_db_uv2,secondary,0.565522436575062
lab_subject_13,any_ad_vs_no_ads,beta_power_db_uv2,secondary,0.07195891882378902
lab_subject_13,inline_vs_block,beta_power_db_uv2,secondary,-0.7489927338355677
lab_subject_13,early_vs_late,beta_power_db_uv2,secondary,-1.1175487577985415
lab_subject_13,format_x_timing,beta_power_db_uv2,secondary,0.6612593223263081
lab_subject_14,any_ad_vs_no_ads,beta_power_db_uv2,secondary,-0.7664761458080029
lab_subject_14,inline_vs_block,beta_power_db_uv2,secondary,0.360523128423095
lab_subject_14,early_vs_late,beta_power_db_uv2,secondary,0.566076419787418
lab_subject_14,format_x_timing,beta_power_db_uv2,secondary,-1.8363312813893327
lab_subject_15,any_ad_vs_no_ads,beta_power_db_uv2,secondary,0.38871057764291095
lab_subject_15,inline_vs_block,beta_power_db_uv2,secondary,0.9932872351130366
lab_subject_15,early_vs_late,beta_power_db_uv2,secondary,-0.377800545524428
lab_subject_15,format_x_timing,beta_power_db_uv2,secondary,0.08031363424708493
lab_subject_16,any_ad_vs_no_ads,beta_power_db_uv2,secondary,-0.843298492034041
lab_subject_16,inline_vs_block,beta_power_db_uv2,secondary,-0.28918394134385217
lab_subject_16,early_vs_late,beta_power_db_uv2,secondary,0.6537846905056899
lab_subject_16,format_x_timing,beta_power_db_uv2,secondary,0.41582218843948127
lab_subject_17,any_ad_vs_no_ads,beta_power_db_uv2,secondary,0.1320358569650235
lab_subject_17,inline_vs_block,beta_power_db_uv2,secondary,0.14249153516520074
lab_subject_17,early_vs_late,beta_power_db_uv2,secondary,0.10924864401503331
lab_subject_17,format_x_timing,beta_power_db_uv2,secondary,-0.7644901062709453
lab_subject_18,any_ad_vs_no_ads,beta_power_db_uv2,secondary,-0.5496643474841818
lab_subject_18,inline_vs_block,beta_power_db_uv2,secondary,0.6107170715466959
lab_subject_18,early_vs_late,beta_power_db_uv2,secondary,0.4956222345761363
lab_subject_18,format_x_timing,beta_power_db_uv2,secondary,0.5842924639968441
lab_subject_19,any_ad_vs_no_ads,beta_power_db_uv2,secondary,-0.7321444822580432
lab_subject_19,inline_vs_block,beta_power_db_uv2,secondary,-0.11795580687056173
lab_subject_19,early_vs_late,beta_power_db_uv2,secondary,0.13776561822499467
lab_subject_19,format_x_timing,beta_power_db_uv2,secondary,0.06862938203265578
lab_subject_2,any_ad_vs_no_ads,beta_power_db_uv2,secondary,-0.001791830745147216
lab_subject_2,inline_vs_block,beta_power_db_uv2,secondary,-0.4314225826252711
lab_subject_2,early_vs_late,beta_power_db_uv2,secondary,-0.10517366454701538
lab_subject_2,format_x_timing,beta_power_db_uv2,secondary,1.0575415349454138
lab_subject_3,any_ad_vs_no_ads,beta_power_db_uv2,secondary,-0.3094297863926716
lab_subject_3,inline_vs_block,beta_power_db_uv2,secondary,0.2891400293320867
lab_subject_3,early_vs_late,beta_power_db_uv2,secondary,-0.11746090757641703
lab_subject_3,format_x_timing,beta_power_db_uv2,secondary,0.24647502364711915
lab_subject_5,any_ad_vs_no_ads,beta_power_db_uv2,secondary,-0.29847401171871546
lab_subject_5,inline_vs_block,beta_power_db_uv2,secondary,0.5117779777632023
lab_subject_5,early_vs_late,beta_power_db_uv2,secondary,-0.07986731521149881
lab_subject_5,format_x_timing,beta_power_db_uv2,secondary,0.48601537842793263
lab_subject_6,any_ad_vs_no_ads,beta_power_db_uv2,secondary,0.034222499480565105
lab_subject_6,inline_vs_block,beta_power_db_uv2,secondary,0.0876129149632856
lab_subject_6,early_vs_late,beta_power_db_uv2,secondary,-0.20883395447097985
lab_subject_6,format_x_timing,beta_power_db_uv2,secondary,0.5591220644742734
lab_subject_7,any_ad_vs_no_ads,beta_power_db_uv2,secondary,-0.454309460908366
lab_subject_7,inline_vs_block,beta_power_db_uv2,secondary,-0.6768785387582765
lab_subject_7,early_vs_late,beta_power_db_uv2,secondary,-1.5674678508979696
lab_subject_7,format_x_timing,beta_power_db_uv2,secondary,-0.8648045097441548
lab_subject_8,any_ad_vs_no_ads,beta_power_db_uv2,secondary,0.31005186403103124
lab_subject_8,inline_vs_block,beta_power_db_uv2,secondary,-0.3677768432372517
lab_subject_8,early_vs_late,beta_power_db_uv2,secondary,0.8248769602460726
lab_subject_8,format_x_timing,beta_power_db_uv2,secondary,-1.6955391686767172
lab_subject_9,any_ad_vs_no_ads,beta_power_db_uv2,secondary,1.59434304533778
lab_subject_9,inline_vs_block,beta_power_db_uv2,secondary,1.5954389811131406
lab_subject_9,early_vs_late,beta_power_db_uv2,secondary,0.22274514453433447
lab_subject_9,format_x_timing,beta_power_db_uv2,secondary,0.9295175731394121
lab_subject_1,any_ad_vs_no_ads,faa_log_f4_minus_f3,secondary,0.07261758486403513
lab_subject_1,inline_vs_block,faa_log_f4_minus_f3,secondary,-0.009835231366699837
lab_subject_1,early_vs_late,faa_log_f4_minus_f3,secondary,0.00044348796246485023
lab_subject_1,format_x_timing,faa_log_f4_minus_f3,secondary,0.0985271605260234
lab_subject_10,any_ad_vs_no_ads,faa_log_f4_minus_f3,secondary,-0.05101736965509218
lab_subject_10,inline_vs_block,faa_log_f4_minus_f3,secondary,0.1538359382843879
lab_subject_10,early_vs_late,faa_log_f4_minus_f3,secondary,0.16468517875606814
lab_subject_10,format_x_timing,faa_log_f4_minus_f3,secondary,-0.2450365241675847
lab_subject_11,any_ad_vs_no_ads,faa_log_f4_minus_f3,secondary,-0.10027084959957833
lab_subject_11,inline_vs_block,faa_log_f4_minus_f3,secondary,-0.013897499801627688
lab_subject_11,early_vs_late,faa_log_f4_minus_f3,secondary,0.21029773550548292
lab_subject_11,format_x_timing,faa_log_f4_minus_f3,secondary,-0.03216318323163847
lab_subject_12,any_ad_vs_no_ads,faa_log_f4_minus_f3,secondary,0.07864728241600139
lab_subject_12,inline_vs_block,faa_log_f4_minus_f3,secondary,0.18104779549836625
lab_subject_12,early_vs_late,faa_log_f4_minus_f3,secondary,0.009065167800270224
lab_subject_12,format_x_timing,faa_log_f4_minus_f3,secondary,0.24635900016761347
lab_subject_13,any_ad_vs_no_ads,faa_log_f4_minus_f3,secondary,0.1413092258428148
lab_subject_13,inline_vs_block,faa_log_f4_minus_f3,secondary,-0.18091763652508863
lab_subject_13,early_vs_late,faa_log_f4_minus_f3,secondary,-0.1641821370519727
lab_subject_13,format_x_timing,faa_log_f4_minus_f3,secondary,0.06186152166485037
lab_subject_14,any_ad_vs_no_ads,faa_log_f4_minus_f3,secondary,-0.10415650270863708
lab_subject_14,inline_vs_block,faa_log_f4_minus_f3,secondary,-0.14652339945775594
lab_subject_14,early_vs_late,faa_log_f4_minus_f3,secondary,0.04309187519439206
lab_subject_14,format_x_timing,faa_log_f4_minus_f3,secondary,-0.3064603217118389
lab_subject_15,any_ad_vs_no_ads,faa_log_f4_minus_f3,secondary,-0.05780375355437872
lab_subject_15,inline_vs_block,faa_log_f4_minus_f3,secondary,0.036473094419468666
lab_subject_15,early_vs_late,faa_log_f4_minus_f3,secondary,0.024115712041082205
lab_subject_15,format_x_timing,faa_log_f4_minus_f3,secondary,-0.11550640537236134
lab_subject_16,any_ad_vs_no_ads,faa_log_f4_minus_f3,secondary,-0.13456244370231074
lab_subject_16,inline_vs_block,faa_log_f4_minus_f3,secondary,-0.046829452345849454
lab_subject_16,early_vs_late,faa_log_f4_minus_f3,secondary,0.043342475712978334
lab_subject_16,format_x_timing,faa_log_f4_minus_f3,secondary,-0.1021624271338144
lab_subject_17,any_ad_vs_no_ads,faa_log_f4_minus_f3,secondary,0.022551812253484016
lab_subject_17,inline_vs_block,faa_log_f4_minus_f3,secondary,-0.0373466374696676
lab_subject_17,early_vs_late,faa_log_f4_minus_f3,secondary,-0.15119549896732565
lab_subject_17,format_x_timing,faa_log_f4_minus_f3,secondary,0.1281572748618558
lab_subject_18,any_ad_vs_no_ads,faa_log_f4_minus_f3,secondary,0.017398015123730293
lab_subject_18,inline_vs_block,faa_log_f4_minus_f3,secondary,0.04532546800802084
lab_subject_18,early_vs_late,faa_log_f4_minus_f3,secondary,0.03756158727783987
lab_subject_18,format_x_timing,faa_log_f4_minus_f3,secondary,-0.1394100415786479
lab_subject_19,any_ad_vs_no_ads,faa_log_f4_minus_f3,secondary,0.008428479207764905
lab_subject_19,inline_vs_block,faa_log_f4_minus_f3,secondary,0.014028168397019591
lab_subject_19,early_vs_late,faa_log_f4_minus_f3,secondary,-0.03335256998908509
lab_subject_19,format_x_timing,faa_log_f4_minus_f3,secondary,0.03106569874409537
lab_subject_2,any_ad_vs_no_ads,faa_log_f4_minus_f3,secondary,0.18447499491041874
lab_subject_2,inline_vs_block,faa_log_f4_minus_f3,secondary,-0.03989125020653361
lab_subject_2,early_vs_late,faa_log_f4_minus_f3,secondary,0.027762720538586194
lab_subject_2,format_x_timing,faa_log_f4_minus_f3,secondary,0.14379086138887942
lab_subject_3,any_ad_vs_no_ads,faa_log_f4_minus_f3,secondary,0.16117995962671028
lab_subject_3,inline_vs_block,faa_log_f4_minus_f3,secondary,-0.07412666904938625
lab_subject_3,early_vs_late,faa_log_f4_minus_f3,secondary,-0.11726523077110862
lab_subject_3,format_x_timing,faa_log_f4_minus_f3,secondary,-0.14953541880772647
lab_subject_5,any_ad_vs_no_ads,faa_log_f4_minus_f3,secondary,0.030321135320744208
lab_subject_5,inline_vs_block,faa_log_f4_minus_f3,secondary,-0.03537247010806066
lab_subject_5,early_vs_late,faa_log_f4_minus_f3,secondary,0.11074800933273021
lab_subject_5,format_x_timing,faa_log_f4_minus_f3,secondary,-0.10851102549075087
lab_subject_6,any_ad_vs_no_ads,faa_log_f4_minus_f3,secondary,-0.006924619538535737
lab_subject_6,inline_vs_block,faa_log_f4_minus_f3,secondary,0.09734897603675563
lab_subject_6,early_vs_late,faa_log_f4_minus_f3,secondary,0.024514561531528756
lab_subject_6,format_x_timing,faa_log_f4_minus_f3,secondary,-0.04176408378259566
lab_subject_7,any_ad_vs_no_ads,faa_log_f4_minus_f3,secondary,-0.25503439641283476
lab_subject_7,inline_vs_block,faa_log_f4_minus_f3,secondary,0.03677576327133192
lab_subject_7,early_vs_late,faa_log_f4_minus_f3,secondary,0.3048499025324345
lab_subject_7,format_x_timing,faa_log_f4_minus_f3,secondary,-0.11711838854314571
lab_subject_8,any_ad_vs_no_ads,faa_log_f4_minus_f3,secondary,-0.060303824497383474
lab_subject_8,inline_vs_block,faa_log_f4_minus_f3,secondary,-0.04050344886913493
lab_subject_8,early_vs_late,faa_log_f4_minus_f3,secondary,0.05967503035822297
lab_subject_8,format_x_timing,faa_log_f4_minus_f3,secondary,-0.03341506500796143
lab_subject_9,any_ad_vs_no_ads,faa_log_f4_minus_f3,secondary,-0.06745689976922264
lab_subject_9,inline_vs_block,faa_log_f4_minus_f3,secondary,-0.04745980861879495
lab_subject_9,early_vs_late,faa_log_f4_minus_f3,secondary,-0.048784670585044765
lab_subject_9,format_x_timing,faa_log_f4_minus_f3,secondary,-0.14543090981280216
lab_subject_1,any_ad_vs_no_ads,delta_power_db_uv2,exploratory,-1.921715036482702
lab_subject_1,inline_vs_block,delta_power_db_uv2,exploratory,-0.07683554213303267
lab_subject_1,early_vs_late,delta_power_db_uv2,exploratory,0.03934012349627736
lab_subject_1,format_x_timing,delta_power_db_uv2,exploratory,-0.5227649183201777
lab_subject_10,any_ad_vs_no_ads,delta_power_db_uv2,exploratory,0.13396368135570214
lab_subject_10,inline_vs_block,delta_power_db_uv2,exploratory,-0.5394299076430418
lab_subject_10,early_vs_late,delta_power_db_uv2,exploratory,-0.3840013747003912
lab_subject_10,format_x_timing,delta_power_db_uv2,exploratory,-1.7818167969004346
lab_subject_11,any_ad_vs_no_ads,delta_power_db_uv2,exploratory,-0.1828801227309782
lab_subject_11,inline_vs_block,delta_power_db_uv2,exploratory,-0.4787299860767149
lab_subject_11,early_vs_late,delta_power_db_uv2,exploratory,0.46215725994198564
lab_subject_11,format_x_timing,delta_power_db_uv2,exploratory,1.579083747094499
lab_subject_12,any_ad_vs_no_ads,delta_power_db_uv2,exploratory,0.07799311187326552
lab_subject_12,inline_vs_block,delta_power_db_uv2,exploratory,-0.26530493645262254
lab_subject_12,early_vs_late,delta_power_db_uv2,exploratory,0.14343174339106923
lab_subject_12,format_x_timing,delta_power_db_uv2,exploratory,-1.4291057484522316
lab_subject_13,any_ad_vs_no_ads,delta_power_db_uv2,exploratory,1.8252740188723457
lab_subject_13,inline_vs_block,delta_power_db_uv2,exploratory,-2.1301035443204057
lab_subject_13,early_vs_late,delta_power_db_uv2,exploratory,-0.4599554620560724
lab_subject_13,format_x_timing,delta_power_db_uv2,exploratory,3.2749569037466664
lab_subject_14,any_ad_vs_no_ads,delta_power_db_uv2,exploratory,0.37062633344454454
lab_subject_14,inline_vs_block,delta_power_db_uv2,exploratory,0.3951445600486245
lab_subject_14,early_vs_late,delta_power_db_uv2,exploratory,1.4233539693100887
lab_subject_14,format_x_timing,delta_power_db_uv2,exploratory,-3.0337629792069762
lab_subject_15,any_ad_vs_no_ads,delta_power_db_uv2,exploratory,-0.25626669604935515
lab_subject_15,inline_vs_block,delta_power_db_uv2,exploratory,-0.33496909969971966
lab_subject_15,early_vs_late,delta_power_db_uv2,exploratory,-1.5128903616529659
lab_subject_15,format_x_timing,delta_power_db_uv2,exploratory,-3.923410319784452
lab_subject_16,any_ad_vs_no_ads,delta_power_db_uv2,exploratory,-0.12311958087075325
lab_subject_16,inline_vs_block,delta_power_db_uv2,exploratory,-0.7264236946984042
lab_subject_16,early_vs_late,delta_power_db_uv2,exploratory,-0.2830210317070083
lab_subject_16,format_x_timing,delta_power_db_uv2,exploratory,2.3829404131182415
lab_subject_17,any_ad_vs_no_ads,delta_power_db_uv2,exploratory,-1.0234681286050602
lab_subject_17,inline_vs_block,delta_power_db_uv2,exploratory,-0.1104483888004939
lab_subject_17,early_vs_late,delta_power_db_uv2,exploratory,-0.20633322441686097
lab_subject_17,format_x_timing,delta_power_db_uv2,exploratory,-1.1675505348602009
lab_subject_18,any_ad_vs_no_ads,delta_power_db_uv2,exploratory,0.49813771009764274
lab_subject_18,inline_vs_block,delta_power_db_uv2,exploratory,0.2364434697108031
lab_subject_18,early_vs_late,delta_power_db_uv2,exploratory,0.6613762010149102
lab_subject_18,format_x_timing,delta_power_db_uv2,exploratory,-1.20167099803151
lab_subject_19,any_ad_vs_no_ads,delta_power_db_uv2,exploratory,0.34241941593311864
lab_subject_19,inline_vs_block,delta_power_db_uv2,exploratory,0.04610428662229893
lab_subject_19,early_vs_late,delta_power_db_uv2,exploratory,0.5727965672537643
lab_subject_19,format_x_timing,delta_power_db_uv2,exploratory,-0.11819942340409995
lab_subject_2,any_ad_vs_no_ads,delta_power_db_uv2,exploratory,1.0127147066534832
lab_subject_2,inline_vs_block,delta_power_db_uv2,exploratory,-1.0727296357101714
lab_subject_2,early_vs_late,delta_power_db_uv2,exploratory,-0.009495846133685149
lab_subject_2,format_x_timing,delta_power_db_uv2,exploratory,0.47329530187347757
lab_subject_3,any_ad_vs_no_ads,delta_power_db_uv2,exploratory,0.01966821942531638
lab_subject_3,inline_vs_block,delta_power_db_uv2,exploratory,-0.9441955270389712
lab_subject_3,early_vs_late,delta_power_db_uv2,exploratory,-1.402501580470684
lab_subject_3,format_x_timing,delta_power_db_uv2,exploratory,0.5173480030192508
lab_subject_5,any_ad_vs_no_ads,delta_power_db_uv2,exploratory,-1.5797998492789915
lab_subject_5,inline_vs_block,delta_power_db_uv2,exploratory,-0.45304799429037246
lab_subject_5,early_vs_late,delta_power_db_uv2,exploratory,0.8399909990528016
lab_subject_5,format_x_timing,delta_power_db_uv2,exploratory,1.740422721349855
lab_subject_6,any_ad_vs_no_ads,delta_power_db_uv2,exploratory,0.7111488441928557
lab_subject_6,inline_vs_block,delta_power_db_uv2,exploratory,1.4163430518923796
lab_subject_6,early_vs_late,delta_power_db_uv2,exploratory,-0.8549963117795691
lab_subject_6,format_x_timing,delta_power_db_uv2,exploratory,-1.4599006522258708
lab_subject_7,any_ad_vs_no_ads,delta_power_db_uv2,exploratory,-0.7236726989746174
lab_subject_7,inline_vs_block,delta_power_db_uv2,exploratory,-0.885497458342595
lab_subject_7,early_vs_late,delta_power_db_uv2,exploratory,-0.572961759867237
lab_subject_7,format_x_timing,delta_power_db_uv2,exploratory,-0.6501080348015709
lab_subject_8,any_ad_vs_no_ads,delta_power_db_uv2,exploratory,-0.22309316925196043
lab_subject_8,inline_vs_block,delta_power_db_uv2,exploratory,-0.09061907750675147
lab_subject_8,early_vs_late,delta_power_db_uv2,exploratory,0.2115546528737653
lab_subject_8,format_x_timing,delta_power_db_uv2,exploratory,-0.5262064746692481
lab_subject_9,any_ad_vs_no_ads,delta_power_db_uv2,exploratory,1.0340349369218558
lab_subject_9,inline_vs_block,delta_power_db_uv2,exploratory,1.1402444110760968
lab_subject_9,early_vs_late,delta_power_db_uv2,exploratory,0.15911220904794732
lab_subject_9,format_x_timing,delta_power_db_uv2,exploratory,-2.50156724294159
lab_subject_1,any_ad_vs_no_ads,gamma_power_db_uv2,exploratory,2.3431553407001453
lab_subject_1,inline_vs_block,gamma_power_db_uv2,exploratory,-0.6916397397627536
lab_subject_1,early_vs_late,gamma_power_db_uv2,exploratory,0.19014653886916122
lab_subject_1,format_x_timing,gamma_power_db_uv2,exploratory,-0.7706821915207174
lab_subject_10,any_ad_vs_no_ads,gamma_power_db_uv2,exploratory,-1.728676713584739
lab_subject_10,inline_vs_block,gamma_power_db_uv2,exploratory,1.1783770664350097
lab_subject_10,early_vs_late,gamma_power_db_uv2,exploratory,1.6052814610103225
lab_subject_10,format_x_timing,gamma_power_db_uv2,exploratory,0.8615954879208885
lab_subject_11,any_ad_vs_no_ads,gamma_power_db_uv2,exploratory,0.36115183574850024
lab_subject_11,inline_vs_block,gamma_power_db_uv2,exploratory,-0.9163048147817576
lab_subject_11,early_vs_late,gamma_power_db_uv2,exploratory,-1.5428252259008992
lab_subject_11,format_x_timing,gamma_power_db_uv2,exploratory,4.6246828446935915
lab_subject_12,any_ad_vs_no_ads,gamma_power_db_uv2,exploratory,-0.7979775417032942
lab_subject_12,inline_vs_block,gamma_power_db_uv2,exploratory,0.1380493237132594
lab_subject_12,early_vs_late,gamma_power_db_uv2,exploratory,0.8486607689031729
lab_subject_12,format_x_timing,gamma_power_db_uv2,exploratory,1.3526562451878548
lab_subject_13,any_ad_vs_no_ads,gamma_power_db_uv2,exploratory,0.5715909264976569
lab_subject_13,inline_vs_block,gamma_power_db_uv2,exploratory,-0.9265388827314194
lab_subject_13,early_vs_late,gamma_power_db_uv2,exploratory,-1.8790482701328206
lab_subject_13,format_x_timing,gamma_power_db_uv2,exploratory,0.6407217011020947
lab_subject_14,any_ad_vs_no_ads,gamma_power_db_uv2,exploratory,-1.2110489386725902
lab_subject_14,inline_vs_block,gamma_power_db_uv2,exploratory,0.24017816957873706
lab_subject_14,early_vs_late,gamma_power_db_uv2,exploratory,0.6242344385331275
lab_subject_14,format_x_timing,gamma_power_db_uv2,exploratory,-1.995675581323054
lab_subject_15,any_ad_vs_no_ads,gamma_power_db_uv2,exploratory,0.903505099649926
lab_subject_15,inline_vs_block,gamma_power_db_uv2,exploratory,1.1475985437227638
lab_subject_15,early_vs_late,gamma_power_db_uv2,exploratory,-0.7187490904036924
lab_subject_15,format_x_timing,gamma_power_db_uv2,exploratory,1.1605549933043804
lab_subject_16,any_ad_vs_no_ads,gamma_power_db_uv2,exploratory,-0.7988098095620373
lab_subject_16,inline_vs_block,gamma_power_db_uv2,exploratory,-0.19119359838335104
lab_subject_16,early_vs_late,gamma_power_db_uv2,exploratory,0.8650805437169247
lab_subject_16,format_x_timing,gamma_power_db_uv2,exploratory,1.1050525366932886
lab_subject_17,any_ad_vs_no_ads,gamma_power_db_uv2,exploratory,0.4200842100374125
lab_subject_17,inline_vs_block,gamma_power_db_uv2,exploratory,-0.4493164817294353
lab_subject_17,early_vs_late,gamma_power_db_uv2,exploratory,0.31310542570225053
lab_subject_17,format_x_timing,gamma_power_db_uv2,exploratory,-1.109796219121507
lab_subject_18,any_ad_vs_no_ads,gamma_power_db_uv2,exploratory,-1.085310448285704
lab_subject_18,inline_vs_block,gamma_power_db_uv2,exploratory,1.4923844901009784
lab_subject_18,early_vs_late,gamma_power_db_uv2,exploratory,1.2135391618195999
lab_subject_18,format_x_timing,gamma_power_db_uv2,exploratory,0.6625272945321962
lab_subject_19,any_ad_vs_no_ads,gamma_power_db_uv2,exploratory,-1.8547448482807831
lab_subject_19,inline_vs_block,gamma_power_db_uv2,exploratory,0.7751740648450524
lab_subject_19,early_vs_late,gamma_power_db_uv2,exploratory,0.40258116543280054
lab_subject_19,format_x_timing,gamma_power_db_uv2,exploratory,0.5245287073889104
lab_subject_2,any_ad_vs_no_ads,gamma_power_db_uv2,exploratory,-0.10918957461684542
lab_subject_2,inline_vs_block,gamma_power_db_uv2,exploratory,-0.793286286020054
lab_subject_2,early_vs_late,gamma_power_db_uv2,exploratory,0.31719529561018156
lab_subject_2,format_x_timing,gamma_power_db_uv2,exploratory,3.4161371825264033
lab_subject_3,any_ad_vs_no_ads,gamma_power_db_uv2,exploratory,0.05071835296798488
lab_subject_3,inline_vs_block,gamma_power_db_uv2,exploratory,-0.26583422021445857
lab_subject_3,early_vs_late,gamma_power_db_uv2,exploratory,-0.6403076756542854
lab_subject_3,format_x_timing,gamma_power_db_uv2,exploratory,0.5079402444433954
lab_subject_5,any_ad_vs_no_ads,gamma_power_db_uv2,exploratory,-0.3557147519872508
lab_subject_5,inline_vs_block,gamma_power_db_uv2,exploratory,0.7711418388871984
lab_subject_5,early_vs_late,gamma_power_db_uv2,exploratory,-0.3237462602412402
lab_subject_5,format_x_timing,gamma_power_db_uv2,exploratory,1.1451281830689803
lab_subject_6,any_ad_vs_no_ads,gamma_power_db_uv2,exploratory,0.3013738903610621
lab_subject_6,inline_vs_block,gamma_power_db_uv2,exploratory,0.3559105569914074
lab_subject_6,early_vs_late,gamma_power_db_uv2,exploratory,-0.2810960016685402
lab_subject_6,format_x_timing,gamma_power_db_uv2,exploratory,0.3411923301769306
lab_subject_7,any_ad_vs_no_ads,gamma_power_db_uv2,exploratory,-0.401934749487344
lab_subject_7,inline_vs_block,gamma_power_db_uv2,exploratory,-0.668508990096071
lab_subject_7,early_vs_late,gamma_power_db_uv2,exploratory,-2.304305625618553
lab_subject_7,format_x_timing,gamma_power_db_uv2,exploratory,-1.5214381538410873
lab_subject_8,any_ad_vs_no_ads,gamma_power_db_uv2,exploratory,0.4148925073922447
lab_subject_8,inline_vs_block,gamma_power_db_uv2,exploratory,-0.5987635484563039
lab_subject_8,early_vs_late,gamma_power_db_uv2,exploratory,1.1386839159045334
lab_subject_8,format_x_timing,gamma_power_db_uv2,exploratory,-2.8773344957196954
lab_subject_9,any_ad_vs_no_ads,gamma_power_db_uv2,exploratory,2.0887115520104924
lab_subject_9,inline_vs_block,gamma_power_db_uv2,exploratory,1.575049220338789
lab_subject_9,early_vs_late,gamma_power_db_uv2,exploratory,0.3768515427476604
lab_subject_9,format_x_timing,gamma_power_db_uv2,exploratory,2.685969050487797
lab_subject_1,any_ad_vs_no_ads,delta_relative_power,exploratory,-0.05147130007958689
lab_subject_1,inline_vs_block,delta_relative_power,exploratory,-0.004875907482375652
lab_subject_1,early_vs_late,delta_relative_power,exploratory,0.004136185190706465
lab_subject_1,format_x_timing,delta_relative_power,exploratory,0.0322955335794235
lab_subject_10,any_ad_vs_no_ads,delta_relative_power,exploratory,0.025444558997345545
lab_subject_10,inline_vs_block,delta_relative_power,exploratory,-0.004193243507047306
lab_subject_10,early_vs_late,delta_relative_power,exploratory,-0.003056682086621687
lab_subject_10,format_x_timing,delta_relative_power,exploratory,-0.06787883718886822
lab_subject_11,any_ad_vs_no_ads,delta_relative_power,exploratory,-0.007846280911410486
lab_subject_11,inline_vs_block,delta_relative_power,exploratory,-0.012571020892316986
lab_subject_11,early_vs_late,delta_relative_power,exploratory,0.032715339877906424
lab_subject_11,format_x_timing,delta_relative_power,exploratory,0.024201123976832384
lab_subject_12,any_ad_vs_no_ads,delta_relative_power,exploratory,0.03487820802273178
lab_subject_12,inline_vs_block,delta_relative_power,exploratory,-0.023407329798685983
lab_subject_12,early_vs_late,delta_relative_power,exploratory,-0.011300803274677529
lab_subject_12,format_x_timing,delta_relative_power,exploratory,-0.07169318914312983
lab_subject_13,any_ad_vs_no_ads,delta_relative_power,exploratory,0.04183888957322357
lab_subject_13,inline_vs_block,delta_relative_power,exploratory,-0.04513412441241016
lab_subject_13,early_vs_late,delta_relative_power,exploratory,0.00844007703403582
lab_subject_13,format_x_timing,delta_relative_power,exploratory,0.06636377253801351
lab_subject_14,any_ad_vs_no_ads,delta_relative_power,exploratory,0.036194093370644054
lab_subject_14,inline_vs_block,delta_relative_power,exploratory,0.013340165616306354
lab_subject_14,early_vs_late,delta_relative_power,exploratory,0.02308374620119391
lab_subject_14,format_x_timing,delta_relative_power,exploratory,0.02163176397707156
lab_subject_15,any_ad_vs_no_ads,delta_relative_power,exploratory,-0.021556500412120982
lab_subject_15,inline_vs_block,delta_relative_power,exploratory,-0.032834315435090744
lab_subject_15,early_vs_late,delta_relative_power,exploratory,-0.022661597535054256
lab_subject_15,format_x_timing,delta_relative_power,exploratory,-0.10510823793741242
lab_subject_16,any_ad_vs_no_ads,delta_relative_power,exploratory,0.010638409368129098
lab_subject_16,inline_vs_block,delta_relative_power,exploratory,0.010773869847938933
lab_subject_16,early_vs_late,delta_relative_power,exploratory,-0.0419748356266918
lab_subject_16,format_x_timing,delta_relative_power,exploratory,0.08106306457200274
lab_subject_17,any_ad_vs_no_ads,delta_relative_power,exploratory,-0.03139497444627937
lab_subject_17,inline_vs_block,delta_relative_power,exploratory,-0.020155475975103254
lab_subject_17,early_vs_late,delta_relative_power,exploratory,-0.024485565511124685
lab_subject_17,format_x_timing,delta_relative_power,exploratory,0.030701406938343556
lab_subject_18,any_ad_vs_no_ads,delta_relative_power,exploratory,0.025560862092751102
lab_subject_18,inline_vs_block,delta_relative_power,exploratory,0.004407900052770808
lab_subject_18,early_vs_late,delta_relative_power,exploratory,0.023343035378392996
lab_subject_18,format_x_timing,delta_relative_power,exploratory,-0.059793811237065286
lab_subject_19,any_ad_vs_no_ads,delta_relative_power,exploratory,-0.004287671607583143
lab_subject_19,inline_vs_block,delta_relative_power,exploratory,-0.0036092024217488916
lab_subject_19,early_vs_late,delta_relative_power,exploratory,0.011335327449020438
lab_subject_19,format_x_timing,delta_relative_power,exploratory,-0.00511331537222115
lab_subject_2,any_ad_vs_no_ads,delta_relative_power,exploratory,0.003783008385385589
lab_subject_2,inline_vs_block,delta_relative_power,exploratory,-0.003471135871899955
lab_subject_2,early_vs_late,delta_relative_power,exploratory,0.007241544245726983
lab_subject_2,format_x_timing,delta_relative_power,exploratory,-0.007232477240348034
lab_subject_3,any_ad_vs_no_ads,delta_relative_power,exploratory,0.00015603491666404956
lab_subject_3,inline_vs_block,delta_relative_power,exploratory,-0.031175735331715027
lab_subject_3,early_vs_late,delta_relative_power,exploratory,-0.01386909210086995
lab_subject_3,format_x_timing,delta_relative_power,exploratory,-0.01037603290587652
lab_subject_5,any_ad_vs_no_ads,delta_relative_power,exploratory,-0.05447241630074162
lab_subject_5,inline_vs_block,delta_relative_power,exploratory,-0.050997600189129244
lab_subject_5,early_vs_late,delta_relative_power,exploratory,0.048942164970864344
lab_subject_5,format_x_timing,delta_relative_power,exploratory,0.047173119954255216
lab_subject_6,any_ad_vs_no_ads,delta_relative_power,exploratory,0.033210932905460955
lab_subject_6,inline_vs_block,delta_relative_power,exploratory,0.062254498750640486
lab_subject_6,early_vs_late,delta_relative_power,exploratory,-0.04727484587862185
lab_subject_6,format_x_timing,delta_relative_power,exploratory,-0.0961047696881997
lab_subject_7,any_ad_vs_no_ads,delta_relative_power,exploratory,-0.10683253059470066
lab_subject_7,inline_vs_block,delta_relative_power,exploratory,0.0008408679249077844
lab_subject_7,early_vs_late,delta_relative_power,exploratory,0.029965040350757866
lab_subject_7,format_x_timing,delta_relative_power,exploratory,0.013826965776260747
lab_subject_8,any_ad_vs_no_ads,delta_relative_power,exploratory,-0.026524857879404173
lab_subject_8,inline_vs_block,delta_relative_power,exploratory,0.0008219065057343267
lab_subject_8,early_vs_late,delta_relative_power,exploratory,-0.017871843950289623
lab_subject_8,format_x_timing,delta_relative_power,exploratory,0.01690842687309202
lab_subject_9,any_ad_vs_no_ads,delta_relative_power,exploratory,0.010541487634024405
lab_subject_9,inline_vs_block,delta_relative_power,exploratory,0.017522519802925185
lab_subject_9,early_vs_late,delta_relative_power,exploratory,-5.1330633590085384e-05
lab_subject_9,format_x_timing,delta_relative_power,exploratory,-0.07461583015598294
lab_subject_1,any_ad_vs_no_ads,theta_relative_power,exploratory,0.00196122757258399
lab_subject_1,inline_vs_block,theta_relative_power,exploratory,-0.005017665172131702
lab_subject_1,early_vs_late,theta_relative_power,exploratory,0.0001092137467605947
lab_subject_1,format_x_timing,theta_relative_power,exploratory,-0.022309947580382433
lab_subject_10,any_ad_vs_no_ads,theta_relative_power,exploratory,0.008702375540041607
lab_subject_10,inline_vs_block,theta_relative_power,exploratory,-0.0009472969333567949
lab_subject_10,early_vs_late,theta_relative_power,exploratory,-0.007977701412475224
lab_subject_10,format_x_timing,theta_relative_power,exploratory,0.01035573131041781
lab_subject_11,any_ad_vs_no_ads,theta_relative_power,exploratory,0.0024420194834011977
lab_subject_11,inline_vs_block,theta_relative_power,exploratory,0.002959344065384284
lab_subject_11,early_vs_late,theta_relative_power,exploratory,0.01061303057789835
lab_subject_11,format_x_timing,theta_relative_power,exploratory,-0.013229698991129121
lab_subject_12,any_ad_vs_no_ads,theta_relative_power,exploratory,0.0023037316936693197
lab_subject_12,inline_vs_block,theta_relative_power,exploratory,0.005440737646894567
lab_subject_12,early_vs_late,theta_relative_power,exploratory,-0.00587884391384938
lab_subject_12,format_x_timing,theta_relative_power,exploratory,0.013442001210595689
lab_subject_13,any_ad_vs_no_ads,theta_relative_power,exploratory,-0.020524218713353873
lab_subject_13,inline_vs_block,theta_relative_power,exploratory,0.02667122136496644
lab_subject_13,early_vs_late,theta_relative_power,exploratory,0.006376900853114681
lab_subject_13,format_x_timing,theta_relative_power,exploratory,-0.04245481271326748
lab_subject_14,any_ad_vs_no_ads,theta_relative_power,exploratory,0.0031737421404228194
lab_subject_14,inline_vs_block,theta_relative_power,exploratory,-0.009569705955843402
lab_subject_14,early_vs_late,theta_relative_power,exploratory,-0.013924877175073548
lab_subject_14,format_x_timing,theta_relative_power,exploratory,-0.012729666895236122
lab_subject_15,any_ad_vs_no_ads,theta_relative_power,exploratory,0.018147462606669128
lab_subject_15,inline_vs_block,theta_relative_power,exploratory,0.005113987931211955
lab_subject_15,early_vs_late,theta_relative_power,exploratory,0.006038308606296339
lab_subject_15,format_x_timing,theta_relative_power,exploratory,0.09344733236925434
lab_subject_16,any_ad_vs_no_ads,theta_relative_power,exploratory,-0.0011344556278552465
lab_subject_16,inline_vs_block,theta_relative_power,exploratory,-0.0010651775156326829
lab_subject_16,early_vs_late,theta_relative_power,exploratory,-0.0025900272348442013
lab_subject_16,format_x_timing,theta_relative_power,exploratory,-0.011363426457283034
lab_subject_17,any_ad_vs_no_ads,theta_relative_power,exploratory,0.003180204734522546
lab_subject_17,inline_vs_block,theta_relative_power,exploratory,0.007869928613411292
lab_subject_17,early_vs_late,theta_relative_power,exploratory,0.002047146241482889
lab_subject_17,format_x_timing,theta_relative_power,exploratory,0.024368127957011695
lab_subject_18,any_ad_vs_no_ads,theta_relative_power,exploratory,0.009339555242742228
lab_subject_18,inline_vs_block,theta_relative_power,exploratory,-0.02295897064002167
lab_subject_18,early_vs_late,theta_relative_power,exploratory,-0.010518239661590656
lab_subject_18,format_x_timing,theta_relative_power,exploratory,-0.017834918915595327
lab_subject_19,any_ad_vs_no_ads,theta_relative_power,exploratory,-0.008342243738988911
lab_subject_19,inline_vs_block,theta_relative_power,exploratory,0.00022938570199834696
lab_subject_19,early_vs_late,theta_relative_power,exploratory,-0.007425767663141486
lab_subject_19,format_x_timing,theta_relative_power,exploratory,-0.0070934724156909434
lab_subject_2,any_ad_vs_no_ads,theta_relative_power,exploratory,-0.010179346788044857
lab_subject_2,inline_vs_block,theta_relative_power,exploratory,0.010950778251193713
lab_subject_2,early_vs_late,theta_relative_power,exploratory,0.0012043323546136186
lab_subject_2,format_x_timing,theta_relative_power,exploratory,-0.024279528559248365
lab_subject_3,any_ad_vs_no_ads,theta_relative_power,exploratory,0.00099953719126189
lab_subject_3,inline_vs_block,theta_relative_power,exploratory,0.004869242736542004
lab_subject_3,early_vs_late,theta_relative_power,exploratory,0.00958407371330497
lab_subject_3,format_x_timing,theta_relative_power,exploratory,-0.012708473832492531
lab_subject_5,any_ad_vs_no_ads,theta_relative_power,exploratory,0.021043829262624617
lab_subject_5,inline_vs_block,theta_relative_power,exploratory,0.002914259623024884
lab_subject_5,early_vs_late,theta_relative_power,exploratory,-0.007195425541931186
lab_subject_5,format_x_timing,theta_relative_power,exploratory,-0.018297176591684186
lab_subject_6,any_ad_vs_no_ads,theta_relative_power,exploratory,-0.0051817774407756645
lab_subject_6,inline_vs_block,theta_relative_power,exploratory,-0.004997756141458337
lab_subject_6,early_vs_late,theta_relative_power,exploratory,-0.007412802208143526
lab_subject_6,format_x_timing,theta_relative_power,exploratory,0.0147481894154404
lab_subject_7,any_ad_vs_no_ads,theta_relative_power,exploratory,0.0021170793998696452
lab_subject_7,inline_vs_block,theta_relative_power,exploratory,0.014992176181167986
lab_subject_7,early_vs_late,theta_relative_power,exploratory,0.01020129602919212
lab_subject_7,format_x_timing,theta_relative_power,exploratory,0.01809277390618738
lab_subject_8,any_ad_vs_no_ads,theta_relative_power,exploratory,-0.007322850425790936
lab_subject_8,inline_vs_block,theta_relative_power,exploratory,-0.0012381939684836807
lab_subject_8,early_vs_late,theta_relative_power,exploratory,0.00021910904493915861
lab_subject_8,format_x_timing,theta_relative_power,exploratory,0.006734603867381561
lab_subject_9,any_ad_vs_no_ads,theta_relative_power,exploratory,-0.012773536085576687
lab_subject_9,inline_vs_block,theta_relative_power,exploratory,-0.0034909120678143224
lab_subject_9,early_vs_late,theta_relative_power,exploratory,-0.0036427619027906144
lab_subject_9,format_x_timing,theta_relative_power,exploratory,0.020996279081824422
lab_subject_1,any_ad_vs_no_ads,alpha_relative_power,exploratory,0.01110140276506226
lab_subject_1,inline_vs_block,alpha_relative_power,exploratory,-0.005638593835379721
lab_subject_1,early_vs_late,alpha_relative_power,exploratory,0.003403498502359284
lab_subject_1,format_x_timing,alpha_relative_power,exploratory,-0.010731381002626536
lab_subject_10,any_ad_vs_no_ads,alpha_relative_power,exploratory,0.012188426361698035
lab_subject_10,inline_vs_block,alpha_relative_power,exploratory,-0.018077347779382413
lab_subject_10,early_vs_late,alpha_relative_power,exploratory,-0.010404193061889222
lab_subject_10,format_x_timing,alpha_relative_power,exploratory,0.03548919380114779
lab_subject_11,any_ad_vs_no_ads,alpha_relative_power,exploratory,-0.01354874162285899
lab_subject_11,inline_vs_block,alpha_relative_power,exploratory,0.008233423079117702
lab_subject_11,early_vs_late,alpha_relative_power,exploratory,0.0031754942155137744
lab_subject_11,format_x_timing,alpha_relative_power,exploratory,-0.08042609888563002
lab_subject_12,any_ad_vs_no_ads,alpha_relative_power,exploratory,0.005350715527025984
lab_subject_12,inline_vs_block,alpha_relative_power,exploratory,0.0025497762295581816
lab_subject_12,early_vs_late,alpha_relative_power,exploratory,-0.005708588537634285
lab_subject_12,format_x_timing,alpha_relative_power,exploratory,-0.01648689107220333
lab_subject_13,any_ad_vs_no_ads,alpha_relative_power,exploratory,-0.002605620999557745
lab_subject_13,inline_vs_block,alpha_relative_power,exploratory,0.0330799548694239
lab_subject_13,early_vs_late,alpha_relative_power,exploratory,-0.003834478249337095
lab_subject_13,format_x_timing,alpha_relative_power,exploratory,-0.056622134130424585
lab_subject_14,any_ad_vs_no_ads,alpha_relative_power,exploratory,-0.012734052960840861
lab_subject_14,inline_vs_block,alpha_relative_power,exploratory,-0.01753979125599424
lab_subject_14,early_vs_late,alpha_relative_power,exploratory,-0.007554112456969818
lab_subject_14,format_x_timing,alpha_relative_power,exploratory,-0.07139345850236135
lab_subject_15,any_ad_vs_no_ads,alpha_relative_power,exploratory,0.01677956994993081
lab_subject_15,inline_vs_block,alpha_relative_power,exploratory,0.007646742494159017
lab_subject_15,early_vs_late,alpha_relative_power,exploratory,0.008966055058690664
lab_subject_15,format_x_timing,alpha_relative_power,exploratory,0.061185626911446675
lab_subject_16,any_ad_vs_no_ads,alpha_relative_power,exploratory,0.0018827965182111883
lab_subject_16,inline_vs_block,alpha_relative_power,exploratory,0.005207818486747617
lab_subject_16,early_vs_late,alpha_relative_power,exploratory,0.0023109268227733404
lab_subject_16,format_x_timing,alpha_relative_power,exploratory,-0.0365758543487605
lab_subject_17,any_ad_vs_no_ads,alpha_relative_power,exploratory,0.017439668838249434
lab_subject_17,inline_vs_block,alpha_relative_power,exploratory,-0.005494538820138617
lab_subject_17,early_vs_late,alpha_relative_power,exploratory,0.001728124047513685
lab_subject_17,format_x_timing,alpha_relative_power,exploratory,-0.004069421561679748
lab_subject_18,any_ad_vs_no_ads,alpha_relative_power,exploratory,0.020829590409333174
lab_subject_18,inline_vs_block,alpha_relative_power,exploratory,0.0019186416908751336
lab_subject_18,early_vs_late,alpha_relative_power,exploratory,0.006279343490510569
lab_subject_18,format_x_timing,alpha_relative_power,exploratory,0.011547486036157906
lab_subject_19,any_ad_vs_no_ads,alpha_relative_power,exploratory,-0.007199520159766368
lab_subject_19,inline_vs_block,alpha_relative_power,exploratory,-0.003837611585984703
lab_subject_19,early_vs_late,alpha_relative_power,exploratory,-0.0005601608669684663
lab_subject_19,format_x_timing,alpha_relative_power,exploratory,0.008253469010844706
lab_subject_2,any_ad_vs_no_ads,alpha_relative_power,exploratory,0.0014058843545202704
lab_subject_2,inline_vs_block,alpha_relative_power,exploratory,0.0012690078881764655
lab_subject_2,early_vs_late,alpha_relative_power,exploratory,-0.006576226202898605
lab_subject_2,format_x_timing,alpha_relative_power,exploratory,-0.019232734525529607
lab_subject_3,any_ad_vs_no_ads,alpha_relative_power,exploratory,-8.930029238327086e-05
lab_subject_3,inline_vs_block,alpha_relative_power,exploratory,0.010052285966830332
lab_subject_3,early_vs_late,alpha_relative_power,exploratory,0.0017461857595711394
lab_subject_3,format_x_timing,alpha_relative_power,exploratory,0.011189540129807274
lab_subject_5,any_ad_vs_no_ads,alpha_relative_power,exploratory,0.015040782608804842
lab_subject_5,inline_vs_block,alpha_relative_power,exploratory,-0.0012086894701518192
lab_subject_5,early_vs_late,alpha_relative_power,exploratory,-0.0062249302286808
lab_subject_5,format_x_timing,alpha_relative_power,exploratory,-0.004637872821902131
lab_subject_6,any_ad_vs_no_ads,alpha_relative_power,exploratory,0.0013271879647610563
lab_subject_6,inline_vs_block,alpha_relative_power,exploratory,0.006414520623185149
lab_subject_6,early_vs_late,alpha_relative_power,exploratory,0.0016075305707485554
lab_subject_6,format_x_timing,alpha_relative_power,exploratory,-0.009271822531445956
lab_subject_7,any_ad_vs_no_ads,alpha_relative_power,exploratory,0.015021952607779207
lab_subject_7,inline_vs_block,alpha_relative_power,exploratory,-0.0029337956238632
lab_subject_7,early_vs_late,alpha_relative_power,exploratory,0.004867475865389381
lab_subject_7,format_x_timing,alpha_relative_power,exploratory,-0.004672149933762318
lab_subject_8,any_ad_vs_no_ads,alpha_relative_power,exploratory,-0.0043053604879473295
lab_subject_8,inline_vs_block,alpha_relative_power,exploratory,0.00922574542895821
lab_subject_8,early_vs_late,alpha_relative_power,exploratory,0.0059099422680851665
lab_subject_8,format_x_timing,alpha_relative_power,exploratory,0.014754030732052448
lab_subject_9,any_ad_vs_no_ads,alpha_relative_power,exploratory,-0.01884022921298914
lab_subject_9,inline_vs_block,alpha_relative_power,exploratory,-0.009521461459712222
lab_subject_9,early_vs_late,alpha_relative_power,exploratory,-0.004781997115668263
lab_subject_9,format_x_timing,alpha_relative_power,exploratory,0.012562048061561498
lab_subject_1,any_ad_vs_no_ads,beta_relative_power,exploratory,0.07494561822992642
lab_subject_1,inline_vs_block,beta_relative_power,exploratory,-0.012023023514372205
lab_subject_1,early_vs_late,beta_relative_power,exploratory,0.006584521213805233
lab_subject_1,format_x_timing,beta_relative_power,exploratory,-0.033056385233933255
lab_subject_10,any_ad_vs_no_ads,beta_relative_power,exploratory,-0.007083814962935309
lab_subject_10,inline_vs_block,beta_relative_power,exploratory,0.004710072720920749
lab_subject_10,early_vs_late,beta_relative_power,exploratory,0.009926288048132323
lab_subject_10,format_x_timing,beta_relative_power,exploratory,0.001605245118488155
lab_subject_11,any_ad_vs_no_ads,beta_relative_power,exploratory,0.00386564681683646
lab_subject_11,inline_vs_block,beta_relative_power,exploratory,0.000949739133699723
lab_subject_11,early_vs_late,beta_relative_power,exploratory,-0.014447450829026473
lab_subject_11,format_x_timing,beta_relative_power,exploratory,-0.014863407118384131
lab_subject_12,any_ad_vs_no_ads,beta_relative_power,exploratory,-0.014664272369282416
lab_subject_12,inline_vs_block,beta_relative_power,exploratory,0.006208398959945183
lab_subject_12,early_vs_late,beta_relative_power,exploratory,0.0072192225377133434
lab_subject_12,format_x_timing,beta_relative_power,exploratory,0.021263606884027453
lab_subject_13,any_ad_vs_no_ads,beta_relative_power,exploratory,-0.010208768595802081
lab_subject_13,inline_vs_block,beta_relative_power,exploratory,0.01571955649746331
lab_subject_13,early_vs_late,beta_relative_power,exploratory,-0.008995771274685413
lab_subject_13,format_x_timing,beta_relative_power,exploratory,-0.022405192934333542
lab_subject_14,any_ad_vs_no_ads,beta_relative_power,exploratory,-0.025806584059054144
lab_subject_14,inline_vs_block,beta_relative_power,exploratory,-0.012999553681721579
lab_subject_14,early_vs_late,beta_relative_power,exploratory,-0.005640782356457291
lab_subject_14,format_x_timing,beta_relative_power,exploratory,0.009553394311639374
lab_subject_15,any_ad_vs_no_ads,beta_relative_power,exploratory,0.00830805577134347
lab_subject_15,inline_vs_block,beta_relative_power,exploratory,0.009505379724147202
lab_subject_15,early_vs_late,beta_relative_power,exploratory,0.012742944641399252
lab_subject_15,format_x_timing,beta_relative_power,exploratory,0.03521496614360685
lab_subject_16,any_ad_vs_no_ads,beta_relative_power,exploratory,-0.016132782662435355
lab_subject_16,inline_vs_block,beta_relative_power,exploratory,-0.0030809550487175402
lab_subject_16,early_vs_late,beta_relative_power,exploratory,0.022288610904136696
lab_subject_16,format_x_timing,beta_relative_power,exploratory,-0.04226492715383272
lab_subject_17,any_ad_vs_no_ads,beta_relative_power,exploratory,0.016370374374696225
lab_subject_17,inline_vs_block,beta_relative_power,exploratory,0.0042343852760820255
lab_subject_17,early_vs_late,beta_relative_power,exploratory,0.00624029145930384
lab_subject_17,format_x_timing,beta_relative_power,exploratory,0.00239675990775301
lab_subject_18,any_ad_vs_no_ads,beta_relative_power,exploratory,-0.01162957001759321
lab_subject_18,inline_vs_block,beta_relative_power,exploratory,0.01563378769021541
lab_subject_18,early_vs_late,beta_relative_power,exploratory,0.0009020261175852057
lab_subject_18,format_x_timing,beta_relative_power,exploratory,0.03347759382160724
lab_subject_19,any_ad_vs_no_ads,beta_relative_power,exploratory,-0.003890984059568184
lab_subject_19,inline_vs_block,beta_relative_power,exploratory,0.007491864701686474
lab_subject_19,early_vs_late,beta_relative_power,exploratory,-0.0039374624226586885
lab_subject_19,format_x_timing,beta_relative_power,exploratory,0.0009952315843894735
lab_subject_2,any_ad_vs_no_ads,beta_relative_power,exploratory,-0.006035478799511607
lab_subject_2,inline_vs_block,beta_relative_power,exploratory,-0.0025049238134879637
lab_subject_2,early_vs_late,beta_relative_power,exploratory,-0.01771073927323824
lab_subject_2,format_x_timing,beta_relative_power,exploratory,0.013900762029296604
lab_subject_3,any_ad_vs_no_ads,beta_relative_power,exploratory,-0.005765510213037506
lab_subject_3,inline_vs_block,beta_relative_power,exploratory,0.01743335935785907
lab_subject_3,early_vs_late,beta_relative_power,exploratory,0.010839074521831055
lab_subject_3,format_x_timing,beta_relative_power,exploratory,-0.012686425473037652
lab_subject_5,any_ad_vs_no_ads,beta_relative_power,exploratory,0.007717832901107606
lab_subject_5,inline_vs_block,beta_relative_power,exploratory,0.01549907972851483
lab_subject_5,early_vs_late,beta_relative_power,exploratory,-0.012384364034020753
lab_subject_5,format_x_timing,beta_relative_power,exploratory,-0.010151423628421384
lab_subject_6,any_ad_vs_no_ads,beta_relative_power,exploratory,-0.012726868176665185
lab_subject_6,inline_vs_block,beta_relative_power,exploratory,-0.021196046274368135
lab_subject_6,early_vs_late,beta_relative_power,exploratory,0.006989115269713464
lab_subject_6,format_x_timing,beta_relative_power,exploratory,0.05202585104887689
lab_subject_7,any_ad_vs_no_ads,beta_relative_power,exploratory,0.027304209910164162
lab_subject_7,inline_vs_block,beta_relative_power,exploratory,-0.01390887315776762
lab_subject_7,early_vs_late,beta_relative_power,exploratory,-0.002066875888821068
lab_subject_7,format_x_timing,beta_relative_power,exploratory,0.005405653718596665
lab_subject_8,any_ad_vs_no_ads,beta_relative_power,exploratory,0.012013235069380443
lab_subject_8,inline_vs_block,beta_relative_power,exploratory,-0.005332466573539182
lab_subject_8,early_vs_late,beta_relative_power,exploratory,0.016573048902414192
lab_subject_8,format_x_timing,beta_relative_power,exploratory,-0.020302430765955518
lab_subject_9,any_ad_vs_no_ads,beta_relative_power,exploratory,0.011659033848851114
lab_subject_9,inline_vs_block,beta_relative_power,exploratory,0.010937160285837966
lab_subject_9,early_vs_late,beta_relative_power,exploratory,0.010628462072818201
lab_subject_9,format_x_timing,beta_relative_power,exploratory,0.0552555018264025
lab_subject_1,any_ad_vs_no_ads,gamma_relative_power,exploratory,0.03582630289051589
lab_subject_1,inline_vs_block,gamma_relative_power,exploratory,-0.004323786872028182
lab_subject_1,early_vs_late,gamma_relative_power,exploratory,0.004388348510903403
lab_subject_1,format_x_timing,gamma_relative_power,exploratory,-0.015212842061483198
lab_subject_10,any_ad_vs_no_ads,gamma_relative_power,exploratory,-0.0033299915887553162
lab_subject_10,inline_vs_block,gamma_relative_power,exploratory,0.0012333576512938964
lab_subject_10,early_vs_late,gamma_relative_power,exploratory,0.003834870547342292
lab_subject_10,format_x_timing,gamma_relative_power,exploratory,0.003793899475010647
lab_subject_11,any_ad_vs_no_ads,gamma_relative_power,exploratory,0.0029610592005433582
lab_subject_11,inline_vs_block,gamma_relative_power,exploratory,-0.0050653339408286355
lab_subject_11,early_vs_late,gamma_relative_power,exploratory,-0.008994073210098739
lab_subject_11,format_x_timing,gamma_relative_power,exploratory,0.020125692992581268
lab_subject_12,any_ad_vs_no_ads,gamma_relative_power,exploratory,-0.01225379660972558
lab_subject_12,inline_vs_block,gamma_relative_power,exploratory,0.0062701810187364634
lab_subject_12,early_vs_late,gamma_relative_power,exploratory,0.004770221134263786
lab_subject_12,format_x_timing,gamma_relative_power,exploratory,0.011753672971152936
lab_subject_13,any_ad_vs_no_ads,gamma_relative_power,exploratory,-0.0019196687789147654
lab_subject_13,inline_vs_block,gamma_relative_power,exploratory,0.004819441608688751
lab_subject_13,early_vs_late,gamma_relative_power,exploratory,-0.004409948065668037
lab_subject_13,format_x_timing,gamma_relative_power,exploratory,-0.008529494806506105
lab_subject_14,any_ad_vs_no_ads,gamma_relative_power,exploratory,-0.021821161907957055
lab_subject_14,inline_vs_block,gamma_relative_power,exploratory,-0.00971670947136026
lab_subject_14,early_vs_late,gamma_relative_power,exploratory,-0.004375725777754927
lab_subject_14,format_x_timing,gamma_relative_power,exploratory,0.0037666020653603083
lab_subject_15,any_ad_vs_no_ads,gamma_relative_power,exploratory,0.006174263921586555
lab_subject_15,inline_vs_block,gamma_relative_power,exploratory,0.006085771185017828
lab_subject_15,early_vs_late,gamma_relative_power,exploratory,0.004912110086932035
lab_subject_15,format_x_timing,gamma_relative_power,exploratory,0.01923514323934727
lab_subject_16,any_ad_vs_no_ads,gamma_relative_power,exploratory,-0.014576155073060884
lab_subject_16,inline_vs_block,gamma_relative_power,exploratory,0.0009015285408766616
lab_subject_16,early_vs_late,gamma_relative_power,exploratory,0.013536556586215165
lab_subject_16,format_x_timing,gamma_relative_power,exploratory,-0.023562844855217417
lab_subject_17,any_ad_vs_no_ads,gamma_relative_power,exploratory,0.008769646719362374
lab_subject_17,inline_vs_block,gamma_relative_power,exploratory,-0.003985068628953384
lab_subject_17,early_vs_late,gamma_relative_power,exploratory,0.002175858988702088
lab_subject_17,format_x_timing,gamma_relative_power,exploratory,-0.007346849757157749
lab_subject_18,any_ad_vs_no_ads,gamma_relative_power,exploratory,-0.011508344443276593
lab_subject_18,inline_vs_block,gamma_relative_power,exploratory,0.009120958607435593
lab_subject_18,early_vs_late,gamma_relative_power,exploratory,0.0039239036253434015
lab_subject_18,format_x_timing,gamma_relative_power,exploratory,0.014870866407724673
lab_subject_19,any_ad_vs_no_ads,gamma_relative_power,exploratory,-0.003944096129108801
lab_subject_19,inline_vs_block,gamma_relative_power,exploratory,0.0031959382675714482
lab_subject_19,early_vs_late,gamma_relative_power,exploratory,0.00027806903918534305
lab_subject_19,format_x_timing,gamma_relative_power,exploratory,0.001287488042073853
lab_subject_2,any_ad_vs_no_ads,gamma_relative_power,exploratory,-0.0011823237997528255
lab_subject_2,inline_vs_block,gamma_relative_power,exploratory,-0.0017410647004793417
lab_subject_2,early_vs_late,gamma_relative_power,exploratory,-0.001767407484542502
lab_subject_2,format_x_timing,gamma_relative_power,exploratory,0.02491644520934589
lab_subject_3,any_ad_vs_no_ads,gamma_relative_power,exploratory,-0.00043130680585810183
lab_subject_3,inline_vs_block,gamma_relative_power,exploratory,0.0012337883962123403
lab_subject_3,early_vs_late,gamma_relative_power,exploratory,-0.0006308304072113816
lab_subject_3,format_x_timing,gamma_relative_power,exploratory,-0.004417291303955663
lab_subject_5,any_ad_vs_no_ads,gamma_relative_power,exploratory,0.004366236455047474
lab_subject_5,inline_vs_block,gamma_relative_power,exploratory,0.005879604212608983
lab_subject_5,early_vs_late,gamma_relative_power,exploratory,-0.005920672861258122
lab_subject_5,format_x_timing,gamma_relative_power,exploratory,-0.005222519160599636
lab_subject_6,any_ad_vs_no_ads,gamma_relative_power,exploratory,0.00015693396088397454
lab_subject_6,inline_vs_block,gamma_relative_power,exploratory,-0.0017245192708323712
lab_subject_6,early_vs_late,gamma_relative_power,exploratory,-0.00028683311509069415
lab_subject_6,format_x_timing,gamma_relative_power,exploratory,0.012575856838175699
lab_subject_7,any_ad_vs_no_ads,gamma_relative_power,exploratory,0.003850534093573277
lab_subject_7,inline_vs_block,gamma_relative_power,exploratory,-0.01509788690389599
lab_subject_7,early_vs_late,gamma_relative_power,exploratory,-0.00146645281316235
lab_subject_7,format_x_timing,gamma_relative_power,exploratory,-0.010537665808365515
lab_subject_8,any_ad_vs_no_ads,gamma_relative_power,exploratory,0.0031997402939409683
lab_subject_8,inline_vs_block,gamma_relative_power,exploratory,-0.003926638897762583
lab_subject_8,early_vs_late,gamma_relative_power,exploratory,0.006320861945860144
lab_subject_8,format_x_timing,gamma_relative_power,exploratory,-0.011678776003865063
lab_subject_9,any_ad_vs_no_ads,gamma_relative_power,exploratory,0.011236391449582842
lab_subject_9,inline_vs_block,gamma_relative_power,exploratory,0.007669039577026998
lab_subject_9,early_vs_late,gamma_relative_power,exploratory,0.005832097749860321
lab_subject_9,format_x_timing,gamma_relative_power,exploratory,0.046984793741115916
lab_subject_1,any_ad_vs_no_ads,engagement_beta_over_alpha_theta,exploratory,0.2386641441111178
lab_subject_1,inline_vs_block,engagement_beta_over_alpha_theta,exploratory,-0.018724949103819055
lab_subject_1,early_vs_late,engagement_beta_over_alpha_theta,exploratory,-0.010887694472203613
lab_subject_1,format_x_timing,engagement_beta_over_alpha_theta,exploratory,0.11562432458955274
lab_subject_10,any_ad_vs_no_ads,engagement_beta_over_alpha_theta,exploratory,-0.004093300293802615
lab_subject_10,inline_vs_block,engagement_beta_over_alpha_theta,exploratory,0.01794990311756206
lab_subject_10,early_vs_late,engagement_beta_over_alpha_theta,exploratory,0.013727502289015925
lab_subject_10,format_x_timing,engagement_beta_over_alpha_theta,exploratory,-0.04529949598338262
lab_subject_11,any_ad_vs_no_ads,engagement_beta_over_alpha_theta,exploratory,0.006778798155944843
lab_subject_11,inline_vs_block,engagement_beta_over_alpha_theta,exploratory,-0.058901657193143775
lab_subject_11,early_vs_late,engagement_beta_over_alpha_theta,exploratory,-0.11155770864355063
lab_subject_11,format_x_timing,engagement_beta_over_alpha_theta,exploratory,0.27651488282867
lab_subject_12,any_ad_vs_no_ads,engagement_beta_over_alpha_theta,exploratory,-0.03388603450018002
lab_subject_12,inline_vs_block,engagement_beta_over_alpha_theta,exploratory,0.01181199606297434
lab_subject_12,early_vs_late,engagement_beta_over_alpha_theta,exploratory,0.009260794349351453
lab_subject_12,format_x_timing,engagement_beta_over_alpha_theta,exploratory,-0.0018616094227257296
lab_subject_13,any_ad_vs_no_ads,engagement_beta_over_alpha_theta,exploratory,-0.029907422711640597
lab_subject_13,inline_vs_block,engagement_beta_over_alpha_theta,exploratory,0.05687327907877204
lab_subject_13,early_vs_late,engagement_beta_over_alpha_theta,exploratory,-0.06567607206197423
lab_subject_13,format_x_timing,engagement_beta_over_alpha_theta,exploratory,-0.11069261996884983
lab_subject_14,any_ad_vs_no_ads,engagement_beta_over_alpha_theta,exploratory,-0.06912698266647221
lab_subject_14,inline_vs_block,engagement_beta_over_alpha_theta,exploratory,-0.026287966556694187
lab_subject_14,early_vs_late,engagement_beta_over_alpha_theta,exploratory,0.11297535236251188
lab_subject_14,format_x_timing,engagement_beta_over_alpha_theta,exploratory,-0.08751604730921303
lab_subject_15,any_ad_vs_no_ads,engagement_beta_over_alpha_theta,exploratory,0.04473497556927247
lab_subject_15,inline_vs_block,engagement_beta_over_alpha_theta,exploratory,0.04298938144297293
lab_subject_15,early_vs_late,engagement_beta_over_alpha_theta,exploratory,-0.02248570782277115
lab_subject_15,format_x_timing,engagement_beta_over_alpha_theta,exploratory,-0.013620054752083222
lab_subject_16,any_ad_vs_no_ads,engagement_beta_over_alpha_theta,exploratory,-0.16294087733045193
lab_subject_16,inline_vs_block,engagement_beta_over_alpha_theta,exploratory,0.0719523009064944
lab_subject_16,early_vs_late,engagement_beta_over_alpha_theta,exploratory,0.22252023958474942
lab_subject_16,format_x_timing,engagement_beta_over_alpha_theta,exploratory,0.10275357891233772
lab_subject_17,any_ad_vs_no_ads,engagement_beta_over_alpha_theta,exploratory,0.05136217987344338
lab_subject_17,inline_vs_block,engagement_beta_over_alpha_theta,exploratory,-0.034285619674301326
lab_subject_17,early_vs_late,engagement_beta_over_alpha_theta,exploratory,0.08695815698541998
lab_subject_17,format_x_timing,engagement_beta_over_alpha_theta,exploratory,-0.17418591939665695
lab_subject_18,any_ad_vs_no_ads,engagement_beta_over_alpha_theta,exploratory,-0.1324671936199281
lab_subject_18,inline_vs_block,engagement_beta_over_alpha_theta,exploratory,0.12797642003795984
lab_subject_18,early_vs_late,engagement_beta_over_alpha_theta,exploratory,0.09033479350702134
lab_subject_18,format_x_timing,engagement_beta_over_alpha_theta,exploratory,0.11299701553825958
lab_subject_19,any_ad_vs_no_ads,engagement_beta_over_alpha_theta,exploratory,-0.0890150044607011
lab_subject_19,inline_vs_block,engagement_beta_over_alpha_theta,exploratory,0.012595010427458808
lab_subject_19,early_vs_late,engagement_beta_over_alpha_theta,exploratory,0.01309496663948917
lab_subject_19,format_x_timing,engagement_beta_over_alpha_theta,exploratory,0.003996192734908033
lab_subject_2,any_ad_vs_no_ads,engagement_beta_over_alpha_theta,exploratory,-0.01378539851753846
lab_subject_2,inline_vs_block,engagement_beta_over_alpha_theta,exploratory,-0.08858994124356279
lab_subject_2,early_vs_late,engagement_beta_over_alpha_theta,exploratory,0.018276754185385435
lab_subject_2,format_x_timing,engagement_beta_over_alpha_theta,exploratory,0.3287726972632953
lab_subject_3,any_ad_vs_no_ads,engagement_beta_over_alpha_theta,exploratory,7.927219906334049e-05
lab_subject_3,inline_vs_block,engagement_beta_over_alpha_theta,exploratory,0.06599438859937867
lab_subject_3,early_vs_late,engagement_beta_over_alpha_theta,exploratory,0.01216715812965985
lab_subject_3,format_x_timing,engagement_beta_over_alpha_theta,exploratory,-0.08318186640168135
lab_subject_5,any_ad_vs_no_ads,engagement_beta_over_alpha_theta,exploratory,-0.006762497111669874
lab_subject_5,inline_vs_block,engagement_beta_over_alpha_theta,exploratory,0.04701801630274216
lab_subject_5,early_vs_late,engagement_beta_over_alpha_theta,exploratory,-0.06441604532702316
lab_subject_5,format_x_timing,engagement_beta_over_alpha_theta,exploratory,0.04540580862528443
lab_subject_6,any_ad_vs_no_ads,engagement_beta_over_alpha_theta,exploratory,0.0030143131586779504
lab_subject_6,inline_vs_block,engagement_beta_over_alpha_theta,exploratory,-0.011405923068442014
lab_subject_6,early_vs_late,engagement_beta_over_alpha_theta,exploratory,-0.0029508450231758854
lab_subject_6,format_x_timing,engagement_beta_over_alpha_theta,exploratory,-0.04062001992279596
lab_subject_7,any_ad_vs_no_ads,engagement_beta_over_alpha_theta,exploratory,0.08467934883869188
lab_subject_7,inline_vs_block,engagement_beta_over_alpha_theta,exploratory,-0.2504785300043051
lab_subject_7,early_vs_late,engagement_beta_over_alpha_theta,exploratory,-0.018788408483304764
lab_subject_7,format_x_timing,engagement_beta_over_alpha_theta,exploratory,-0.3400164794363887
lab_subject_8,any_ad_vs_no_ads,engagement_beta_over_alpha_theta,exploratory,0.07184643929459422
lab_subject_8,inline_vs_block,engagement_beta_over_alpha_theta,exploratory,-0.04536472354395871
lab_subject_8,early_vs_late,engagement_beta_over_alpha_theta,exploratory,0.07947056555840093
lab_subject_8,format_x_timing,engagement_beta_over_alpha_theta,exploratory,-0.2062720605041255
lab_subject_9,any_ad_vs_no_ads,engagement_beta_over_alpha_theta,exploratory,0.2653167671767003
lab_subject_9,inline_vs_block,engagement_beta_over_alpha_theta,exploratory,0.09487597263831016
lab_subject_9,early_vs_late,engagement_beta_over_alpha_theta,exploratory,0.0921620218753495
lab_subject_9,format_x_timing,engagement_beta_over_alpha_theta,exploratory,0.17190517009491402
lab_subject_1,any_ad_vs_no_ads,engagement_pope_frontocentral_beta_over_alpha_theta,exploratory,0.425977343141951
lab_subject_1,inline_vs_block,engagement_pope_frontocentral_beta_over_alpha_theta,exploratory,-0.08711848678329948
lab_subject_1,early_vs_late,engagement_pope_frontocentral_beta_over_alpha_theta,exploratory,-0.007334641402798381
lab_subject_1,format_x_timing,engagement_pope_frontocentral_beta_over_alpha_theta,exploratory,-0.15785524254640992
lab_subject_10,any_ad_vs_no_ads,engagement_pope_frontocentral_beta_over_alpha_theta,exploratory,-0.005012586042620892
lab_subject_10,inline_vs_block,engagement_pope_frontocentral_beta_over_alpha_theta,exploratory,0.00687215607330835
lab_subject_10,early_vs_late,engagement_pope_frontocentral_beta_over_alpha_theta,exploratory,0.0062773630557292626
lab_subject_10,format_x_timing,engagement_pope_frontocentral_beta_over_alpha_theta,exploratory,-0.05077018604749037
lab_subject_11,any_ad_vs_no_ads,engagement_pope_frontocentral_beta_over_alpha_theta,exploratory,-0.003252477808657561
lab_subject_11,inline_vs_block,engagement_pope_frontocentral_beta_over_alpha_theta,exploratory,-0.013892680546177982
lab_subject_11,early_vs_late,engagement_pope_frontocentral_beta_over_alpha_theta,exploratory,-0.06310132700785076
lab_subject_11,format_x_timing,engagement_pope_frontocentral_beta_over_alpha_theta,exploratory,0.13147575176655335
lab_subject_12,any_ad_vs_no_ads,engagement_pope_frontocentral_beta_over_alpha_theta,exploratory,-0.03998945604593329
lab_subject_12,inline_vs_block,engagement_pope_frontocentral_beta_over_alpha_theta,exploratory,0.053678876893571315
lab_subject_12,early_vs_late,engagement_pope_frontocentral_beta_over_alpha_theta,exploratory,-0.057032534168686255
lab_subject_12,format_x_timing,engagement_pope_frontocentral_beta_over_alpha_theta,exploratory,0.04616886589409863
lab_subject_13,any_ad_vs_no_ads,engagement_pope_frontocentral_beta_over_alpha_theta,exploratory,-0.06405008784538635
lab_subject_13,inline_vs_block,engagement_pope_frontocentral_beta_over_alpha_theta,exploratory,0.049595729133625754
lab_subject_13,early_vs_late,engagement_pope_frontocentral_beta_over_alpha_theta,exploratory,-0.05414667960143982
lab_subject_13,format_x_timing,engagement_pope_frontocentral_beta_over_alpha_theta,exploratory,-0.11814624990331929
lab_subject_14,any_ad_vs_no_ads,engagement_pope_frontocentral_beta_over_alpha_theta,exploratory,-0.2569349204313398
lab_subject_14,inline_vs_block,engagement_pope_frontocentral_beta_over_alpha_theta,exploratory,-0.007342432246297381
lab_subject_14,early_vs_late,engagement_pope_frontocentral_beta_over_alpha_theta,exploratory,0.14357535250257492
lab_subject_14,format_x_timing,engagement_pope_frontocentral_beta_over_alpha_theta,exploratory,-0.03480951804609189
lab_subject_15,any_ad_vs_no_ads,engagement_pope_frontocentral_beta_over_alpha_theta,exploratory,0.03801073527782878
lab_subject_15,inline_vs_block,engagement_pope_frontocentral_beta_over_alpha_theta,exploratory,0.05719971827885323
lab_subject_15,early_vs_late,engagement_pope_frontocentral_beta_over_alpha_theta,exploratory,0.0005123050933081297
lab_subject_15,format_x_timing,engagement_pope_frontocentral_beta_over_alpha_theta,exploratory,0.004005969875947313
lab_subject_16,any_ad_vs_no_ads,engagement_pope_frontocentral_beta_over_alpha_theta,exploratory,-0.17239103568029335
lab_subject_16,inline_vs_block,engagement_pope_frontocentral_beta_over_alpha_theta,exploratory,0.049259873349997374
lab_subject_16,early_vs_late,engagement_pope_frontocentral_beta_over_alpha_theta,exploratory,0.20457727536027503
lab_subject_16,format_x_timing,engagement_pope_frontocentral_beta_over_alpha_theta,exploratory,0.07424300428575381
lab_subject_17,any_ad_vs_no_ads,engagement_pope_frontocentral_beta_over_alpha_theta,exploratory,0.15054870756202732
lab_subject_17,inline_vs_block,engagement_pope_frontocentral_beta_over_alpha_theta,exploratory,-0.06938119168362866
lab_subject_17,early_vs_late,engagement_pope_frontocentral_beta_over_alpha_theta,exploratory,0.13576556199387335
lab_subject_17,format_x_timing,engagement_pope_frontocentral_beta_over_alpha_theta,exploratory,-0.15106221665830422
lab_subject_18,any_ad_vs_no_ads,engagement_pope_frontocentral_beta_over_alpha_theta,exploratory,-0.027055962372062314
lab_subject_18,inline_vs_block,engagement_pope_frontocentral_beta_over_alpha_theta,exploratory,0.1771588085164938
lab_subject_18,early_vs_late,engagement_pope_frontocentral_beta_over_alpha_theta,exploratory,0.1648454978133871
lab_subject_18,format_x_timing,engagement_pope_frontocentral_beta_over_alpha_theta,exploratory,0.1311634465945627
lab_subject_19,any_ad_vs_no_ads,engagement_pope_frontocentral_beta_over_alpha_theta,exploratory,-0.04531033028730558
lab_subject_19,inline_vs_block,engagement_pope_frontocentral_beta_over_alpha_theta,exploratory,0.030365100230273445
lab_subject_19,early_vs_late,engagement_pope_frontocentral_beta_over_alpha_theta,exploratory,0.021058156629002955
lab_subject_19,format_x_timing,engagement_pope_frontocentral_beta_over_alpha_theta,exploratory,0.02056635522363942
lab_subject_2,any_ad_vs_no_ads,engagement_pope_frontocentral_beta_over_alpha_theta,exploratory,-0.00817615150408435
lab_subject_2,inline_vs_block,engagement_pope_frontocentral_beta_over_alpha_theta,exploratory,-0.04188303337301935
lab_subject_2,early_vs_late,engagement_pope_frontocentral_beta_over_alpha_theta,exploratory,-0.003964374635530787
lab_subject_2,format_x_timing,engagement_pope_frontocentral_beta_over_alpha_theta,exploratory,0.1732788680922287
lab_subject_3,any_ad_vs_no_ads,engagement_pope_frontocentral_beta_over_alpha_theta,exploratory,0.039355240866811414
lab_subject_3,inline_vs_block,engagement_pope_frontocentral_beta_over_alpha_theta,exploratory,0.08091247238189736
lab_subject_3,early_vs_late,engagement_pope_frontocentral_beta_over_alpha_theta,exploratory,-0.015635971167076823
lab_subject_3,format_x_timing,engagement_pope_frontocentral_beta_over_alpha_theta,exploratory,-0.05771169614895311
lab_subject_5,any_ad_vs_no_ads,engagement_pope_frontocentral_beta_over_alpha_theta,exploratory,0.0002053690950819531
lab_subject_5,inline_vs_block,engagement_pope_frontocentral_beta_over_alpha_theta,exploratory,0.03034643695023187
lab_subject_5,early_vs_late,engagement_pope_frontocentral_beta_over_alpha_theta,exploratory,-0.06770491288619274
lab_subject_5,format_x_timing,engagement_pope_frontocentral_beta_over_alpha_theta,exploratory,-0.013364321765924114
lab_subject_6,any_ad_vs_no_ads,engagement_pope_frontocentral_beta_over_alpha_theta,exploratory,0.013401424649366667
lab_subject_6,inline_vs_block,engagement_pope_frontocentral_beta_over_alpha_theta,exploratory,0.042972677253132696
lab_subject_6,early_vs_late,engagement_pope_frontocentral_beta_over_alpha_theta,exploratory,-0.0270836326589996
lab_subject_6,format_x_timing,engagement_pope_frontocentral_beta_over_alpha_theta,exploratory,0.039316384806824756
lab_subject_7,any_ad_vs_no_ads,engagement_pope_frontocentral_beta_over_alpha_theta,exploratory,0.1164198046730267
lab_subject_7,inline_vs_block,engagement_pope_frontocentral_beta_over_alpha_theta,exploratory,-0.22481505143534553
lab_subject_7,early_vs_late,engagement_pope_frontocentral_beta_over_alpha_theta,exploratory,0.07826224349683764
lab_subject_7,format_x_timing,engagement_pope_frontocentral_beta_over_alpha_theta,exploratory,-0.2662124237194614
lab_subject_8,any_ad_vs_no_ads,engagement_pope_frontocentral_beta_over_alpha_theta,exploratory,0.027319295686352385
lab_subject_8,inline_vs_block,engagement_pope_frontocentral_beta_over_alpha_theta,exploratory,-0.05721122288524849
lab_subject_8,early_vs_late,engagement_pope_frontocentral_beta_over_alpha_theta,exploratory,0.06748376985806692
lab_subject_8,format_x_timing,engagement_pope_frontocentral_beta_over_alpha_theta,exploratory,-0.1726597941085949
lab_subject_9,any_ad_vs_no_ads,engagement_pope_frontocentral_beta_over_alpha_theta,exploratory,0.3066095928982595
lab_subject_9,inline_vs_block,engagement_pope_frontocentral_beta_over_alpha_theta,exploratory,0.23657961002064964
lab_subject_9,early_vs_late,engagement_pope_frontocentral_beta_over_alpha_theta,exploratory,0.22993216442616526
lab_subject_9,format_x_timing,engagement_pope_frontocentral_beta_over_alpha_theta,exploratory,0.6585393312552019
lab_subject_1,any_ad_vs_no_ads,engagement_kislov_central_beta16_24_over_alpha8_12,exploratory,1.3451419358849737
lab_subject_1,inline_vs_block,engagement_kislov_central_beta16_24_over_alpha8_12,exploratory,-0.31282485312288655
lab_subject_1,early_vs_late,engagement_kislov_central_beta16_24_over_alpha8_12,exploratory,-0.3472660451315779
lab_subject_1,format_x_timing,engagement_kislov_central_beta16_24_over_alpha8_12,exploratory,-0.7848415069311181
lab_subject_10,any_ad_vs_no_ads,engagement_kislov_central_beta16_24_over_alpha8_12,exploratory,0.013219199482369298
lab_subject_10,inline_vs_block,engagement_kislov_central_beta16_24_over_alpha8_12,exploratory,0.034572339780283984
lab_subject_10,early_vs_late,engagement_kislov_central_beta16_24_over_alpha8_12,exploratory,-0.008963174282170527
lab_subject_10,format_x_timing,engagement_kislov_central_beta16_24_over_alpha8_12,exploratory,-0.09924605226039432
lab_subject_11,any_ad_vs_no_ads,engagement_kislov_central_beta16_24_over_alpha8_12,exploratory,0.057053777905005654
lab_subject_11,inline_vs_block,engagement_kislov_central_beta16_24_over_alpha8_12,exploratory,-0.06314676851325884
lab_subject_11,early_vs_late,engagement_kislov_central_beta16_24_over_alpha8_12,exploratory,-0.09009825013148987
lab_subject_11,format_x_timing,engagement_kislov_central_beta16_24_over_alpha8_12,exploratory,0.27093795279646016
lab_subject_12,any_ad_vs_no_ads,engagement_kislov_central_beta16_24_over_alpha8_12,exploratory,-0.10361980835282114
lab_subject_12,inline_vs_block,engagement_kislov_central_beta16_24_over_alpha8_12,exploratory,0.0008085895317855862
lab_subject_12,early_vs_late,engagement_kislov_central_beta16_24_over_alpha8_12,exploratory,0.0003559721044339992
lab_subject_12,format_x_timing,engagement_kislov_central_beta16_24_over_alpha8_12,exploratory,0.00362280452128394
lab_subject_13,any_ad_vs_no_ads,engagement_kislov_central_beta16_24_over_alpha8_12,exploratory,-0.0689657587293836
lab_subject_13,inline_vs_block,engagement_kislov_central_beta16_24_over_alpha8_12,exploratory,-0.01353578737665706
lab_subject_13,early_vs_late,engagement_kislov_central_beta16_24_over_alpha8_12,exploratory,-0.11082848484762853
lab_subject_13,format_x_timing,engagement_kislov_central_beta16_24_over_alpha8_12,exploratory,-0.09756351725574186
lab_subject_14,any_ad_vs_no_ads,engagement_kislov_central_beta16_24_over_alpha8_12,exploratory,-0.09645743100499171
lab_subject_14,inline_vs_block,engagement_kislov_central_beta16_24_over_alpha8_12,exploratory,-0.13569181653063755
lab_subject_14,early_vs_late,engagement_kislov_central_beta16_24_over_alpha8_12,exploratory,0.2984101432029125
lab_subject_14,format_x_timing,engagement_kislov_central_beta16_24_over_alpha8_12,exploratory,-0.3723537285960321
lab_subject_15,any_ad_vs_no_ads,engagement_kislov_central_beta16_24_over_alpha8_12,exploratory,0.02105160982633858
lab_subject_15,inline_vs_block,engagement_kislov_central_beta16_24_over_alpha8_12,exploratory,0.09861943147729879
lab_subject_15,early_vs_late,engagement_kislov_central_beta16_24_over_alpha8_12,exploratory,-0.11340994695652129
lab_subject_15,format_x_timing,engagement_kislov_central_beta16_24_over_alpha8_12,exploratory,-0.21385528630098738
lab_subject_16,any_ad_vs_no_ads,engagement_kislov_central_beta16_24_over_alpha8_12,exploratory,-0.22952676997688481
lab_subject_16,inline_vs_block,engagement_kislov_central_beta16_24_over_alpha8_12,exploratory,0.007143819735193624
lab_subject_16,early_vs_late,engagement_kislov_central_beta16_24_over_alpha8_12,exploratory,0.10241314044790695
lab_subject_16,format_x_timing,engagement_kislov_central_beta16_24_over_alpha8_12,exploratory,0.34867147985845515
lab_subject_17,any_ad_vs_no_ads,engagement_kislov_central_beta16_24_over_alpha8_12,exploratory,-0.00776871327997497
lab_subject_17,inline_vs_block,engagement_kislov_central_beta16_24_over_alpha8_12,exploratory,0.03542507718134291
lab_subject_17,early_vs_late,engagement_kislov_central_beta16_24_over_alpha8_12,exploratory,-0.030805677009389187
lab_subject_17,format_x_timing,engagement_kislov_central_beta16_24_over_alpha8_12,exploratory,0.012678831156361703
lab_subject_18,any_ad_vs_no_ads,engagement_kislov_central_beta16_24_over_alpha8_12,exploratory,0.013706422950497954
lab_subject_18,inline_vs_block,engagement_kislov_central_beta16_24_over_alpha8_12,exploratory,0.254300972147647
lab_subject_18,early_vs_late,engagement_kislov_central_beta16_24_over_alpha8_12,exploratory,0.1393574225931138
lab_subject_18,format_x_timing,engagement_kislov_central_beta16_24_over_alpha8_12,exploratory,0.4802793509448916
lab_subject_19,any_ad_vs_no_ads,engagement_kislov_central_beta16_24_over_alpha8_12,exploratory,-0.21121412286260544
lab_subject_19,inline_vs_block,engagement_kislov_central_beta16_24_over_alpha8_12,exploratory,0.010166789932807507
lab_subject_19,early_vs_late,engagement_kislov_central_beta16_24_over_alpha8_12,exploratory,0.05033354996169326
lab_subject_19,format_x_timing,engagement_kislov_central_beta16_24_over_alpha8_12,exploratory,0.3830094184518267
lab_subject_2,any_ad_vs_no_ads,engagement_kislov_central_beta16_24_over_alpha8_12,exploratory,-0.06706953559974538
lab_subject_2,inline_vs_block,engagement_kislov_central_beta16_24_over_alpha8_12,exploratory,0.0018873389958220521
lab_subject_2,early_vs_late,engagement_kislov_central_beta16_24_over_alpha8_12,exploratory,-0.07978595984078618
lab_subject_2,format_x_timing,engagement_kislov_central_beta16_24_over_alpha8_12,exploratory,0.13884735062349485
lab_subject_3,any_ad_vs_no_ads,engagement_kislov_central_beta16_24_over_alpha8_12,exploratory,0.040037214802710164
lab_subject_3,inline_vs_block,engagement_kislov_central_beta16_24_over_alpha8_12,exploratory,-0.015352040557487845
lab_subject_3,early_vs_late,engagement_kislov_central_beta16_24_over_alpha8_12,exploratory,-0.047128877826446924
lab_subject_3,format_x_timing,engagement_kislov_central_beta16_24_over_alpha8_12,exploratory,-0.06681201345552412
lab_subject_5,any_ad_vs_no_ads,engagement_kislov_central_beta16_24_over_alpha8_12,exploratory,-0.017144933484157132
lab_subject_5,inline_vs_block,engagement_kislov_central_beta16_24_over_alpha8_12,exploratory,0.0573297116151823
lab_subject_5,early_vs_late,engagement_kislov_central_beta16_24_over_alpha8_12,exploratory,-0.011531992928730417
lab_subject_5,format_x_timing,engagement_kislov_central_beta16_24_over_alpha8_12,exploratory,0.12794666962097567
lab_subject_6,any_ad_vs_no_ads,engagement_kislov_central_beta16_24_over_alpha8_12,exploratory,0.026849755490605975
lab_subject_6,inline_vs_block,engagement_kislov_central_beta16_24_over_alpha8_12,exploratory,-0.04431697982998517
lab_subject_6,early_vs_late,engagement_kislov_central_beta16_24_over_alpha8_12,exploratory,-0.0675433517812658
lab_subject_6,format_x_timing,engagement_kislov_central_beta16_24_over_alpha8_12,exploratory,-0.11681796462642224
lab_subject_7,any_ad_vs_no_ads,engagement_kislov_central_beta16_24_over_alpha8_12,exploratory,-0.592429004584222
lab_subject_7,inline_vs_block,engagement_kislov_central_beta16_24_over_alpha8_12,exploratory,-0.32975256020450194
lab_subject_7,early_vs_late,engagement_kislov_central_beta16_24_over_alpha8_12,exploratory,0.17717828898122745
lab_subject_7,format_x_timing,engagement_kislov_central_beta16_24_over_alpha8_12,exploratory,0.016139239295444474
lab_subject_8,any_ad_vs_no_ads,engagement_kislov_central_beta16_24_over_alpha8_12,exploratory,0.08379714366094859
lab_subject_8,inline_vs_block,engagement_kislov_central_beta16_24_over_alpha8_12,exploratory,-0.21928261528849502
lab_subject_8,early_vs_late,engagement_kislov_central_beta16_24_over_alpha8_12,exploratory,0.23593399403598303
lab_subject_8,format_x_timing,engagement_kislov_central_beta16_24_over_alpha8_12,exploratory,-0.49757306710363336
lab_subject_9,any_ad_vs_no_ads,engagement_kislov_central_beta16_24_over_alpha8_12,exploratory,1.274983228156613
lab_subject_9,inline_vs_block,engagement_kislov_central_beta16_24_over_alpha8_12,exploratory,1.3534448809376665
lab_subject_9,early_vs_late,engagement_kislov_central_beta16_24_over_alpha8_12,exploratory,0.5410637144548653
lab_subject_9,format_x_timing,engagement_kislov_central_beta16_24_over_alpha8_12,exploratory,1.643339410730851
