subject_id,contrast_id,feature,feature_tier,difference
lab_subject_1,inline_early_vs_no_ad_early,fz_theta_power_db_uv2,primary,0.09016853308412287
lab_subject_10,inline_early_vs_no_ad_early,fz_theta_power_db_uv2,primary,1.2753059036316783
lab_subject_11,inline_early_vs_no_ad_early,fz_theta_power_db_uv2,primary,-2.1322952315415025
lab_subject_12,inline_early_vs_no_ad_early,fz_theta_power_db_uv2,primary,-1.338435608046141
lab_subject_13,inline_early_vs_no_ad_early,fz_theta_power_db_uv2,primary,3.2732578356248796
lab_subject_14,inline_early_vs_no_ad_early,fz_theta_power_db_uv2,primary,-3.9297075745061765
lab_subject_15,inline_early_vs_no_ad_early,fz_theta_power_db_uv2,primary,2.750526005101044
lab_subject_16,inline_early_vs_no_ad_early,fz_theta_power_db_uv2,primary,1.3992252300932264
lab_subject_17,inline_early_vs_no_ad_early,fz_theta_power_db_uv2,primary,1.113277732452997
lab_subject_18,inline_early_vs_no_ad_early,fz_theta_power_db_uv2,primary,2.8338467082941436
lab_subject_19,inline_early_vs_no_ad_early,fz_theta_power_db_uv2,primary,1.0990936609381023
lab_subject_2,inline_early_vs_no_ad_early,fz_theta_power_db_uv2,primary,-5.126741070734612
lab_subject_3,inline_early_vs_no_ad_early,fz_theta_power_db_uv2,primary,-2.2818103757625305
lab_subject_5,inline_early_vs_no_ad_early,fz_theta_power_db_uv2,primary,5.915936946251941
lab_subject_6,inline_early_vs_no_ad_early,fz_theta_power_db_uv2,primary,4.399558850798217
lab_subject_7,inline_early_vs_no_ad_early,fz_theta_power_db_uv2,primary,-2.655411832253649
lab_subject_8,inline_early_vs_no_ad_early,fz_theta_power_db_uv2,primary,2.129542739416669
lab_subject_9,inline_early_vs_no_ad_early,fz_theta_power_db_uv2,primary,2.1530230423482477
lab_subject_1,block_early_vs_no_ad_early,fz_theta_power_db_uv2,primary,3.635965248941047
lab_subject_10,block_early_vs_no_ad_early,fz_theta_power_db_uv2,primary,-0.12386295185649576
lab_subject_11,block_early_vs_no_ad_early,fz_theta_power_db_uv2,primary,-0.18241264463952866
lab_subject_12,block_early_vs_no_ad_early,fz_theta_power_db_uv2,primary,5.930820357059938
lab_subject_13,block_early_vs_no_ad_early,fz_theta_power_db_uv2,primary,1.043766448165404
lab_subject_14,block_early_vs_no_ad_early,fz_theta_power_db_uv2,primary,-0.9034178367339085
lab_subject_15,block_early_vs_no_ad_early,fz_theta_power_db_uv2,primary,1.5202151040890532
lab_subject_16,block_early_vs_no_ad_early,fz_theta_power_db_uv2,primary,1.7191611653673595
lab_subject_17,block_early_vs_no_ad_early,fz_theta_power_db_uv2,primary,0.5955646579521021
lab_subject_18,block_early_vs_no_ad_early,fz_theta_power_db_uv2,primary,-0.3716275702033336
lab_subject_19,block_early_vs_no_ad_early,fz_theta_power_db_uv2,primary,-0.016103384727022885
lab_subject_2,block_early_vs_no_ad_early,fz_theta_power_db_uv2,primary,1.0491039421209996
lab_subject_3,block_early_vs_no_ad_early,fz_theta_power_db_uv2,primary,0.13040481727525055
lab_subject_5,block_early_vs_no_ad_early,fz_theta_power_db_uv2,primary,-1.31208319423349
lab_subject_6,block_early_vs_no_ad_early,fz_theta_power_db_uv2,primary,0.6172252056307856
lab_subject_7,block_early_vs_no_ad_early,fz_theta_power_db_uv2,primary,-1.7730382565118818
lab_subject_8,block_early_vs_no_ad_early,fz_theta_power_db_uv2,primary,3.571996624723175
lab_subject_9,block_early_vs_no_ad_early,fz_theta_power_db_uv2,primary,-1.897481108261605
lab_subject_1,inline_late_vs_no_ad_late,fz_theta_power_db_uv2,primary,-1.436997250895871
lab_subject_10,inline_late_vs_no_ad_late,fz_theta_power_db_uv2,primary,-6.35237323069069
lab_subject_11,inline_late_vs_no_ad_late,fz_theta_power_db_uv2,primary,0.9247867246192962
lab_subject_12,inline_late_vs_no_ad_late,fz_theta_power_db_uv2,primary,-1.8465966090569772
lab_subject_13,inline_late_vs_no_ad_late,fz_theta_power_db_uv2,primary,-2.336542477565541
lab_subject_14,inline_late_vs_no_ad_late,fz_theta_power_db_uv2,primary,-4.366755534702296
lab_subject_15,inline_late_vs_no_ad_late,fz_theta_power_db_uv2,primary,0.5874416437590906
lab_subject_16,inline_late_vs_no_ad_late,fz_theta_power_db_uv2,primary,-1.2397245844194988
lab_subject_17,inline_late_vs_no_ad_late,fz_theta_power_db_uv2,primary,-3.165146711987723
lab_subject_18,inline_late_vs_no_ad_late,fz_theta_power_db_uv2,primary,3.38688853450266
lab_subject_19,inline_late_vs_no_ad_late,fz_theta_power_db_uv2,primary,-5.326296197571808
lab_subject_2,inline_late_vs_no_ad_late,fz_theta_power_db_uv2,primary,-3.8389453192916534
lab_subject_3,inline_late_vs_no_ad_late,fz_theta_power_db_uv2,primary,-2.3326265138420457
lab_subject_5,inline_late_vs_no_ad_late,fz_theta_power_db_uv2,primary,-0.6571413410052465
lab_subject_6,inline_late_vs_no_ad_late,fz_theta_power_db_uv2,primary,3.0205290983342143
lab_subject_7,inline_late_vs_no_ad_late,fz_theta_power_db_uv2,primary,2.5648526170756347
lab_subject_8,inline_late_vs_no_ad_late,fz_theta_power_db_uv2,primary,-3.555800140021476
lab_subject_9,inline_late_vs_no_ad_late,fz_theta_power_db_uv2,primary,1.079794896128802
lab_subject_1,block_late_vs_no_ad_late,fz_theta_power_db_uv2,primary,2.8000798899733024
lab_subject_10,block_late_vs_no_ad_late,fz_theta_power_db_uv2,primary,-4.587521046261033
lab_subject_11,block_late_vs_no_ad_late,fz_theta_power_db_uv2,primary,1.1673573068194978
lab_subject_12,block_late_vs_no_ad_late,fz_theta_power_db_uv2,primary,0.09397180627136414
lab_subject_13,block_late_vs_no_ad_late,fz_theta_power_db_uv2,primary,0.14376284750354174
lab_subject_14,block_late_vs_no_ad_late,fz_theta_power_db_uv2,primary,2.253696528635402
lab_subject_15,block_late_vs_no_ad_late,fz_theta_power_db_uv2,primary,-1.470438518967131
lab_subject_16,block_late_vs_no_ad_late,fz_theta_power_db_uv2,primary,0.6936074836979618
lab_subject_17,block_late_vs_no_ad_late,fz_theta_power_db_uv2,primary,-3.170515335662401
lab_subject_18,block_late_vs_no_ad_late,fz_theta_power_db_uv2,primary,0.35363591622498447
lab_subject_19,block_late_vs_no_ad_late,fz_theta_power_db_uv2,primary,-1.6813905417267048
lab_subject_2,block_late_vs_no_ad_late,fz_theta_power_db_uv2,primary,0.9570129337468316
lab_subject_3,block_late_vs_no_ad_late,fz_theta_power_db_uv2,primary,-2.36686395583161
lab_subject_5,block_late_vs_no_ad_late,fz_theta_power_db_uv2,primary,-0.3627228300316645
lab_subject_6,block_late_vs_no_ad_late,fz_theta_power_db_uv2,primary,3.0562207320204218
lab_subject_7,block_late_vs_no_ad_late,fz_theta_power_db_uv2,primary,3.942193762881649
lab_subject_8,block_late_vs_no_ad_late,fz_theta_power_db_uv2,primary,-1.7467175299455615
lab_subject_9,block_late_vs_no_ad_late,fz_theta_power_db_uv2,primary,-2.3446077702555987
lab_subject_1,any_ad_vs_matched_no_ad,fz_theta_power_db_uv2,primary,1.2723041052756503
lab_subject_10,any_ad_vs_matched_no_ad,fz_theta_power_db_uv2,primary,-2.447112831294135
lab_subject_11,any_ad_vs_matched_no_ad,fz_theta_power_db_uv2,primary,-0.05564096118555928
lab_subject_12,any_ad_vs_matched_no_ad,fz_theta_power_db_uv2,primary,0.7099399865570459
lab_subject_13,any_ad_vs_matched_no_ad,fz_theta_power_db_uv2,primary,0.5310611634320711
lab_subject_14,any_ad_vs_matched_no_ad,fz_theta_power_db_uv2,primary,-1.7365461043267447
lab_subject_15,any_ad_vs_matched_no_ad,fz_theta_power_db_uv2,primary,0.846936058495514
lab_subject_16,any_ad_vs_matched_no_ad,fz_theta_power_db_uv2,primary,0.6430673236847619
lab_subject_17,any_ad_vs_matched_no_ad,fz_theta_power_db_uv2,primary,-1.1567049143112562
lab_subject_18,any_ad_vs_matched_no_ad,fz_theta_power_db_uv2,primary,1.5506858972046134
lab_subject_19,any_ad_vs_matched_no_ad,fz_theta_power_db_uv2,primary,-1.4811741157718583
lab_subject_2,any_ad_vs_matched_no_ad,fz_theta_power_db_uv2,primary,-1.7398923785396085
lab_subject_3,any_ad_vs_matched_no_ad,fz_theta_power_db_uv2,primary,-1.7127240070402339
lab_subject_5,any_ad_vs_matched_no_ad,fz_theta_power_db_uv2,primary,0.8959973952453848
lab_subject_6,any_ad_vs_matched_no_ad,fz_theta_power_db_uv2,primary,2.77338347169591
lab_subject_7,any_ad_vs_matched_no_ad,fz_theta_power_db_uv2,primary,0.5196490727979381
lab_subject_8,any_ad_vs_matched_no_ad,fz_theta_power_db_uv2,primary,0.09975542354320144
lab_subject_9,any_ad_vs_matched_no_ad,fz_theta_power_db_uv2,primary,-0.2523177350100385
lab_subject_1,inline_vs_block,fz_theta_power_db_uv2,primary,-3.8914369283630488
lab_subject_10,inline_vs_block,fz_theta_power_db_uv2,primary,-0.18284166447074135
lab_subject_11,inline_vs_block,fz_theta_power_db_uv2,primary,-1.0962265845510877
lab_subject_12,inline_vs_block,fz_theta_power_db_uv2,primary,-4.60491219021721
lab_subject_13,inline_vs_block,fz_theta_power_db_uv2,primary,-0.12540696880480362
lab_subject_14,inline_vs_block,fz_theta_power_db_uv2,primary,-4.823370900554983
lab_subject_15,inline_vs_block,fz_theta_power_db_uv2,primary,1.644095531869106
lab_subject_16,inline_vs_block,fz_theta_power_db_uv2,primary,-1.126634001695797
lab_subject_17,inline_vs_block,fz_theta_power_db_uv2,primary,0.2615408490877864
lab_subject_18,inline_vs_block,fz_theta_power_db_uv2,primary,3.1193634483875763
lab_subject_19,inline_vs_block,fz_theta_power_db_uv2,primary,-1.264854305089989
lab_subject_2,inline_vs_block,fz_theta_power_db_uv2,primary,-5.485901632947048
lab_subject_3,inline_vs_block,fz_theta_power_db_uv2,primary,-1.1889888755241085
lab_subject_5,inline_vs_block,fz_theta_power_db_uv2,primary,3.4668008147559246
lab_subject_6,inline_vs_block,fz_theta_power_db_uv2,primary,1.8733210057406118
lab_subject_7,inline_vs_block,fz_theta_power_db_uv2,primary,-1.1298573607738907
lab_subject_8,inline_vs_block,fz_theta_power_db_uv2,primary,-1.62576824769121
lab_subject_9,inline_vs_block,fz_theta_power_db_uv2,primary,3.7374534084971267
lab_subject_1,early_vs_late,fz_theta_power_db_uv2,primary,-0.5749706380052966
lab_subject_10,early_vs_late,fz_theta_power_db_uv2,primary,4.21464511249555
lab_subject_11,early_vs_late,fz_theta_power_db_uv2,primary,0.13959886975294156
lab_subject_12,early_vs_late,fz_theta_power_db_uv2,primary,0.22053425044558894
lab_subject_13,early_vs_late,fz_theta_power_db_uv2,primary,1.418795256506279
lab_subject_14,early_vs_late,fz_theta_power_db_uv2,primary,-0.37067013045828223
lab_subject_15,early_vs_late,fz_theta_power_db_uv2,primary,1.7250197664954423
lab_subject_16,early_vs_late,fz_theta_power_db_uv2,primary,-1.9082363315116995
lab_subject_17,early_vs_late,fz_theta_power_db_uv2,primary,1.3232178263251604
lab_subject_18,early_vs_late,fz_theta_power_db_uv2,primary,-2.3863598203875003
lab_subject_19,early_vs_late,fz_theta_power_db_uv2,primary,1.7871355062747054
lab_subject_2,early_vs_late,fz_theta_power_db_uv2,primary,0.3859109034717769
lab_subject_3,early_vs_late,fz_theta_power_db_uv2,primary,2.9916644069051896
lab_subject_5,early_vs_late,fz_theta_power_db_uv2,primary,-0.36907898402294625
lab_subject_6,early_vs_late,fz_theta_power_db_uv2,primary,-0.56274320068326
lab_subject_7,early_vs_late,fz_theta_power_db_uv2,primary,-0.06744636239490631
lab_subject_8,early_vs_late,fz_theta_power_db_uv2,primary,4.414354541989013
lab_subject_9,early_vs_late,fz_theta_power_db_uv2,primary,-0.32246263776394235
lab_subject_1,format_x_timing,fz_theta_power_db_uv2,primary,0.6912804250122493
lab_subject_10,format_x_timing,fz_theta_power_db_uv2,primary,3.164021039917831
lab_subject_11,format_x_timing,fz_theta_power_db_uv2,primary,-1.7073120047017722
lab_subject_12,format_x_timing,fz_theta_power_db_uv2,primary,-5.3286875497777375
lab_subject_13,format_x_timing,fz_theta_power_db_uv2,primary,4.709796712528558
lab_subject_14,format_x_timing,fz_theta_power_db_uv2,primary,3.59416232556543
lab_subject_15,format_x_timing,fz_theta_power_db_uv2,primary,-0.827569261714231
lab_subject_16,format_x_timing,fz_theta_power_db_uv2,primary,1.6133961328433275
lab_subject_17,format_x_timing,fz_theta_power_db_uv2,primary,0.5123444508262169
lab_subject_18,format_x_timing,fz_theta_power_db_uv2,primary,0.1722216602198019
lab_subject_19,format_x_timing,fz_theta_power_db_uv2,primary,4.760102701510228
lab_subject_2,format_x_timing,fz_theta_power_db_uv2,primary,-1.3798867598171265
lab_subject_3,format_x_timing,fz_theta_power_db_uv2,primary,-2.4464526350273452
lab_subject_5,format_x_timing,fz_theta_power_db_uv2,primary,7.522438651459013
lab_subject_6,format_x_timing,fz_theta_power_db_uv2,primary,3.8180252788536384
lab_subject_7,format_x_timing,fz_theta_power_db_uv2,primary,0.49496757006424663
lab_subject_8,format_x_timing,fz_theta_power_db_uv2,primary,0.36662872476940844
lab_subject_9,format_x_timing,fz_theta_power_db_uv2,primary,0.626101484225452
lab_subject_1,inline_early_vs_no_ad_early,posterior_alpha_power_db_uv2,primary,1.2894071886126026
lab_subject_10,inline_early_vs_no_ad_early,posterior_alpha_power_db_uv2,primary,-2.9245200818163672
lab_subject_11,inline_early_vs_no_ad_early,posterior_alpha_power_db_uv2,primary,-2.673835821128157
lab_subject_12,inline_early_vs_no_ad_early,posterior_alpha_power_db_uv2,primary,1.986462436542789
lab_subject_13,inline_early_vs_no_ad_early,posterior_alpha_power_db_uv2,primary,-11.400343374826644
lab_subject_14,inline_early_vs_no_ad_early,posterior_alpha_power_db_uv2,primary,-2.7334016408993955
lab_subject_15,inline_early_vs_no_ad_early,posterior_alpha_power_db_uv2,primary,3.3394001249723866
lab_subject_16,inline_early_vs_no_ad_early,posterior_alpha_power_db_uv2,primary,-1.4487858976536652
lab_subject_17,inline_early_vs_no_ad_early,posterior_alpha_power_db_uv2,primary,5.632099266636763
lab_subject_18,inline_early_vs_no_ad_early,posterior_alpha_power_db_uv2,primary,3.433608486149026
lab_subject_19,inline_early_vs_no_ad_early,posterior_alpha_power_db_uv2,primary,0.06971512573386196
lab_subject_2,inline_early_vs_no_ad_early,posterior_alpha_power_db_uv2,primary,5.544115065414608
lab_subject_3,inline_early_vs_no_ad_early,posterior_alpha_power_db_uv2,primary,-0.16785871549642462
lab_subject_5,inline_early_vs_no_ad_early,posterior_alpha_power_db_uv2,primary,1.4291158539740945
lab_subject_6,inline_early_vs_no_ad_early,posterior_alpha_power_db_uv2,primary,3.083453563386457
lab_subject_7,inline_early_vs_no_ad_early,posterior_alpha_power_db_uv2,primary,3.8498908929398157
lab_subject_8,inline_early_vs_no_ad_early,posterior_alpha_power_db_uv2,primary,0.18871413773433687
lab_subject_9,inline_early_vs_no_ad_early,posterior_alpha_power_db_uv2,primary,-0.635683734949799
lab_subject_1,block_early_vs_no_ad_early,posterior_alpha_power_db_uv2,primary,-2.7698505116798824
lab_subject_10,block_early_vs_no_ad_early,posterior_alpha_power_db_uv2,primary,-2.885958151491664
lab_subject_11,block_early_vs_no_ad_early,posterior_alpha_power_db_uv2,primary,3.1703029883794205
lab_subject_12,block_early_vs_no_ad_early,posterior_alpha_power_db_uv2,primary,5.310204418678838
lab_subject_13,block_early_vs_no_ad_early,posterior_alpha_power_db_uv2,primary,-7.596826678137388
lab_subject_14,block_early_vs_no_ad_early,posterior_alpha_power_db_uv2,primary,3.0549149471015946
lab_subject_15,block_early_vs_no_ad_early,posterior_alpha_power_db_uv2,primary,1.6455756552993586
lab_subject_16,block_early_vs_no_ad_early,posterior_alpha_power_db_uv2,primary,-1.190782355574087
lab_subject_17,block_early_vs_no_ad_early,posterior_alpha_power_db_uv2,primary,6.071441389029942
lab_subject_18,block_early_vs_no_ad_early,posterior_alpha_power_db_uv2,primary,-2.6111464008294094
lab_subject_19,block_early_vs_no_ad_early,posterior_alpha_power_db_uv2,primary,-6.860644136441826
lab_subject_2,block_early_vs_no_ad_early,posterior_alpha_power_db_uv2,primary,6.560832389236652
lab_subject_3,block_early_vs_no_ad_early,posterior_alpha_power_db_uv2,primary,-3.387868064454529
lab_subject_5,block_early_vs_no_ad_early,posterior_alpha_power_db_uv2,primary,2.5602555588844367
lab_subject_6,block_early_vs_no_ad_early,posterior_alpha_power_db_uv2,primary,0.8700909108194637
lab_subject_7,block_early_vs_no_ad_early,posterior_alpha_power_db_uv2,primary,5.916375684765962
lab_subject_8,block_early_vs_no_ad_early,posterior_alpha_power_db_uv2,primary,-0.29448225152089336
lab_subject_9,block_early_vs_no_ad_early,posterior_alpha_power_db_uv2,primary,3.998505594761272
lab_subject_1,inline_late_vs_no_ad_late,posterior_alpha_power_db_uv2,primary,-2.987214360909107
lab_subject_10,inline_late_vs_no_ad_late,posterior_alpha_power_db_uv2,primary,-5.224090858082787
lab_subject_11,inline_late_vs_no_ad_late,posterior_alpha_power_db_uv2,primary,2.983620544318283
lab_subject_12,inline_late_vs_no_ad_late,posterior_alpha_power_db_uv2,primary,-6.220733676753125
lab_subject_13,inline_late_vs_no_ad_late,posterior_alpha_power_db_uv2,primary,-0.7115407600735404
lab_subject_14,inline_late_vs_no_ad_late,posterior_alpha_power_db_uv2,primary,2.689403307341148
lab_subject_15,inline_late_vs_no_ad_late,posterior_alpha_power_db_uv2,primary,-0.5495575054227118
lab_subject_16,inline_late_vs_no_ad_late,posterior_alpha_power_db_uv2,primary,-0.4916460771151874
lab_subject_17,inline_late_vs_no_ad_late,posterior_alpha_power_db_uv2,primary,-1.2855464970731663
lab_subject_18,inline_late_vs_no_ad_late,posterior_alpha_power_db_uv2,primary,4.733529235250929
lab_subject_19,inline_late_vs_no_ad_late,posterior_alpha_power_db_uv2,primary,-7.580583403380072
lab_subject_2,inline_late_vs_no_ad_late,posterior_alpha_power_db_uv2,primary,4.421230846119713
lab_subject_3,inline_late_vs_no_ad_late,posterior_alpha_power_db_uv2,primary,-0.5957304989875736
lab_subject_5,inline_late_vs_no_ad_late,posterior_alpha_power_db_uv2,primary,-2.077425958614991
lab_subject_6,inline_late_vs_no_ad_late,posterior_alpha_power_db_uv2,primary,-1.1189241188309502
lab_subject_7,inline_late_vs_no_ad_late,posterior_alpha_power_db_uv2,primary,-0.1721406604547293
lab_subject_8,inline_late_vs_no_ad_late,posterior_alpha_power_db_uv2,primary,-6.029997942632665
lab_subject_9,inline_late_vs_no_ad_late,posterior_alpha_power_db_uv2,primary,0.1549464533943148
lab_subject_1,block_late_vs_no_ad_late,posterior_alpha_power_db_uv2,primary,-2.639240750385487
lab_subject_10,block_late_vs_no_ad_late,posterior_alpha_power_db_uv2,primary,-8.20850166511718
lab_subject_11,block_late_vs_no_ad_late,posterior_alpha_power_db_uv2,primary,1.689276626128402
lab_subject_12,block_late_vs_no_ad_late,posterior_alpha_power_db_uv2,primary,-0.8108682940244236
lab_subject_13,block_late_vs_no_ad_late,posterior_alpha_power_db_uv2,primary,-0.8924365950428004
lab_subject_14,block_late_vs_no_ad_late,posterior_alpha_power_db_uv2,primary,1.1611183498697817
lab_subject_15,block_late_vs_no_ad_late,posterior_alpha_power_db_uv2,primary,-0.099660145778246
lab_subject_16,block_late_vs_no_ad_late,posterior_alpha_power_db_uv2,primary,0.8472485224963533
lab_subject_17,block_late_vs_no_ad_late,posterior_alpha_power_db_uv2,primary,0.7562045733584486
lab_subject_18,block_late_vs_no_ad_late,posterior_alpha_power_db_uv2,primary,1.4616809624336948
lab_subject_19,block_late_vs_no_ad_late,posterior_alpha_power_db_uv2,primary,-2.5878040479344273
lab_subject_2,block_late_vs_no_ad_late,posterior_alpha_power_db_uv2,primary,3.211652102303983
lab_subject_3,block_late_vs_no_ad_late,posterior_alpha_power_db_uv2,primary,-3.1556653910933496
lab_subject_5,block_late_vs_no_ad_late,posterior_alpha_power_db_uv2,primary,-4.412015048593863
lab_subject_6,block_late_vs_no_ad_late,posterior_alpha_power_db_uv2,primary,-0.9957017264327988
lab_subject_7,block_late_vs_no_ad_late,posterior_alpha_power_db_uv2,primary,-0.5391384057418183
lab_subject_8,block_late_vs_no_ad_late,posterior_alpha_power_db_uv2,primary,-5.323434843167837
lab_subject_9,block_late_vs_no_ad_late,posterior_alpha_power_db_uv2,primary,-2.612036487714338
lab_subject_1,any_ad_vs_matched_no_ad,posterior_alpha_power_db_uv2,primary,-1.7767246085904684
lab_subject_10,any_ad_vs_matched_no_ad,posterior_alpha_power_db_uv2,primary,-4.810767689126999
lab_subject_11,any_ad_vs_matched_no_ad,posterior_alpha_power_db_uv2,primary,1.2923410844244871
lab_subject_12,any_ad_vs_matched_no_ad,posterior_alpha_power_db_uv2,primary,0.06626622111101965
lab_subject_13,any_ad_vs_matched_no_ad,posterior_alpha_power_db_uv2,primary,-5.150286852020094
lab_subject_14,any_ad_vs_matched_no_ad,posterior_alpha_power_db_uv2,primary,1.0430087408532822
lab_subject_15,any_ad_vs_matched_no_ad,posterior_alpha_power_db_uv2,primary,1.0839395322676968
lab_subject_16,any_ad_vs_matched_no_ad,posterior_alpha_power_db_uv2,primary,-0.5709914519616466
lab_subject_17,any_ad_vs_matched_no_ad,posterior_alpha_power_db_uv2,primary,2.793549682987997
lab_subject_18,any_ad_vs_matched_no_ad,posterior_alpha_power_db_uv2,primary,1.75441807075106
lab_subject_19,any_ad_vs_matched_no_ad,posterior_alpha_power_db_uv2,primary,-4.239829115505616
lab_subject_2,any_ad_vs_matched_no_ad,posterior_alpha_power_db_uv2,primary,4.934457600768739
lab_subject_3,any_ad_vs_matched_no_ad,posterior_alpha_power_db_uv2,primary,-1.8267806675079692
lab_subject_5,any_ad_vs_matched_no_ad,posterior_alpha_power_db_uv2,primary,-0.6250173985875808
lab_subject_6,any_ad_vs_matched_no_ad,posterior_alpha_power_db_uv2,primary,0.45972965723554293
lab_subject_7,any_ad_vs_matched_no_ad,posterior_alpha_power_db_uv2,primary,2.2637468778773076
lab_subject_8,any_ad_vs_matched_no_ad,posterior_alpha_power_db_uv2,primary,-2.8648002248967646
lab_subject_9,any_ad_vs_matched_no_ad,posterior_alpha_power_db_uv2,primary,0.22643295637286243
lab_subject_1,inline_vs_block,posterior_alpha_power_db_uv2,primary,1.8556420448844326
lab_subject_10,inline_vs_block,posterior_alpha_power_db_uv2,primary,1.4729244383548439
lab_subject_11,inline_vs_block,posterior_alpha_power_db_uv2,primary,-2.274897445658848
lab_subject_12,inline_vs_block,posterior_alpha_power_db_uv2,primary,-4.366803682432375
lab_subject_13,inline_vs_block,posterior_alpha_power_db_uv2,primary,-1.8113104308599974
lab_subject_14,inline_vs_block,posterior_alpha_power_db_uv2,primary,-2.130015815264812
lab_subject_15,inline_vs_block,posterior_alpha_power_db_uv2,primary,0.621963555014281
lab_subject_16,inline_vs_block,posterior_alpha_power_db_uv2,primary,-0.7984490708455594
lab_subject_17,inline_vs_block,posterior_alpha_power_db_uv2,primary,-1.2405465964123967
lab_subject_18,inline_vs_block,posterior_alpha_power_db_uv2,primary,4.658301579897834
lab_subject_19,inline_vs_block,posterior_alpha_power_db_uv2,primary,0.9687899533650213
lab_subject_2,inline_vs_block,posterior_alpha_power_db_uv2,primary,0.09643070999684289
lab_subject_3,inline_vs_block,posterior_alpha_power_db_uv2,primary,2.88997212053194
lab_subject_5,inline_vs_block,posterior_alpha_power_db_uv2,primary,0.6017246925342652
lab_subject_6,inline_vs_block,posterior_alpha_power_db_uv2,primary,1.045070130084421
lab_subject_7,inline_vs_block,posterior_alpha_power_db_uv2,primary,-0.8497435232695286
lab_subject_8,inline_vs_block,posterior_alpha_power_db_uv2,primary,-0.1116833551047991
lab_subject_9,inline_vs_block,posterior_alpha_power_db_uv2,primary,-0.9336031943012091
lab_subject_1,early_vs_late,posterior_alpha_power_db_uv2,primary,1.9286886522253281
lab_subject_10,early_vs_late,posterior_alpha_power_db_uv2,primary,4.852390846112684
lab_subject_11,early_vs_late,posterior_alpha_power_db_uv2,primary,1.317567723962703
lab_subject_12,early_vs_late,posterior_alpha_power_db_uv2,primary,4.066461048219692
lab_subject_13,early_vs_late,posterior_alpha_power_db_uv2,primary,-0.9155878625808362
lab_subject_14,early_vs_late,posterior_alpha_power_db_uv2,primary,-0.03418626787016876
lab_subject_15,early_vs_late,posterior_alpha_power_db_uv2,primary,0.2166964184246214
lab_subject_16,early_vs_late,posterior_alpha_power_db_uv2,primary,-0.8949564280459228
lab_subject_17,early_vs_late,posterior_alpha_power_db_uv2,primary,1.3070054353255165
lab_subject_18,early_vs_late,posterior_alpha_power_db_uv2,primary,-2.3116597661291047
lab_subject_19,early_vs_late,posterior_alpha_power_db_uv2,primary,2.1079738427094807
lab_subject_2,early_vs_late,posterior_alpha_power_db_uv2,primary,4.463641780092857
lab_subject_3,early_vs_late,posterior_alpha_power_db_uv2,primary,0.36279687368499847
lab_subject_5,early_vs_late,posterior_alpha_power_db_uv2,primary,3.5262023096394977
lab_subject_6,early_vs_late,posterior_alpha_power_db_uv2,primary,-0.6468371707542624
lab_subject_7,early_vs_late,posterior_alpha_power_db_uv2,primary,2.311833460880825
lab_subject_8,early_vs_late,posterior_alpha_power_db_uv2,primary,1.5859611285185062
lab_subject_9,early_vs_late,posterior_alpha_power_db_uv2,primary,-1.1332130368971254
lab_subject_1,format_x_timing,posterior_alpha_power_db_uv2,primary,4.407231310816105
lab_subject_10,format_x_timing,posterior_alpha_power_db_uv2,primary,-3.022972737359094
lab_subject_11,format_x_timing,posterior_alpha_power_db_uv2,primary,-7.1384827276974585
lab_subject_12,format_x_timing,posterior_alpha_power_db_uv2,primary,2.086123400592652
lab_subject_13,format_x_timing,posterior_alpha_power_db_uv2,primary,-3.984412531658515
lab_subject_14,format_x_timing,posterior_alpha_power_db_uv2,primary,-7.3166015454723565
lab_subject_15,format_x_timing,posterior_alpha_power_db_uv2,primary,2.1437218293174936
lab_subject_16,format_x_timing,posterior_alpha_power_db_uv2,primary,1.0808910575319626
lab_subject_17,format_x_timing,posterior_alpha_power_db_uv2,primary,1.6024089480384363
lab_subject_18,format_x_timing,posterior_alpha_power_db_uv2,primary,2.7729066141612013
lab_subject_19,format_x_timing,posterior_alpha_power_db_uv2,primary,11.923138617621333
lab_subject_2,format_x_timing,posterior_alpha_power_db_uv2,primary,-2.226296067637775
lab_subject_3,format_x_timing,posterior_alpha_power_db_uv2,primary,0.6600744568523282
lab_subject_5,format_x_timing,posterior_alpha_power_db_uv2,primary,-3.465728794889215
lab_subject_6,format_x_timing,posterior_alpha_power_db_uv2,primary,2.336585044965145
lab_subject_7,format_x_timing,posterior_alpha_power_db_uv2,primary,-2.4334825371132354
lab_subject_8,format_x_timing,posterior_alpha_power_db_uv2,primary,1.1897594887200587
lab_subject_9,format_x_timing,posterior_alpha_power_db_uv2,primary,-7.401172270819724
lab_subject_1,inline_early_vs_no_ad_early,theta_power_db_uv2,secondary_global,4.473705612182781
lab_subject_10,inline_early_vs_no_ad_early,theta_power_db_uv2,secondary_global,2.336654271898886
lab_subject_11,inline_early_vs_no_ad_early,theta_power_db_uv2,secondary_global,-0.8438085306612191
lab_subject_12,inline_early_vs_no_ad_early,theta_power_db_uv2,secondary_global,2.097513595159472
lab_subject_13,inline_early_vs_no_ad_early,theta_power_db_uv2,secondary_global,-2.3305521297508895
lab_subject_14,inline_early_vs_no_ad_early,theta_power_db_uv2,secondary_global,-3.516439986290367
lab_subject_15,inline_early_vs_no_ad_early,theta_power_db_uv2,secondary_global,-0.7297866208762525
lab_subject_16,inline_early_vs_no_ad_early,theta_power_db_uv2,secondary_global,-1.4446270572147872
lab_subject_17,inline_early_vs_no_ad_early,theta_power_db_uv2,secondary_global,1.675406529220135
lab_subject_18,inline_early_vs_no_ad_early,theta_power_db_uv2,secondary_global,5.03004247721314
lab_subject_19,inline_early_vs_no_ad_early,theta_power_db_uv2,secondary_global,0.9824277442291836
lab_subject_2,inline_early_vs_no_ad_early,theta_power_db_uv2,secondary_global,-5.8258970033411845
lab_subject_3,inline_early_vs_no_ad_early,theta_power_db_uv2,secondary_global,3.13997316219229
lab_subject_5,inline_early_vs_no_ad_early,theta_power_db_uv2,secondary_global,0.8348525969295943
lab_subject_6,inline_early_vs_no_ad_early,theta_power_db_uv2,secondary_global,2.979369230846525
lab_subject_7,inline_early_vs_no_ad_early,theta_power_db_uv2,secondary_global,-1.311877925509623
lab_subject_8,inline_early_vs_no_ad_early,theta_power_db_uv2,secondary_global,0.35456574825734766
lab_subject_9,inline_early_vs_no_ad_early,theta_power_db_uv2,secondary_global,0.7636422208483387
lab_subject_1,block_early_vs_no_ad_early,theta_power_db_uv2,secondary_global,2.7719878553931387
lab_subject_10,block_early_vs_no_ad_early,theta_power_db_uv2,secondary_global,2.070352622067044
lab_subject_11,block_early_vs_no_ad_early,theta_power_db_uv2,secondary_global,1.0190876088734608
lab_subject_12,block_early_vs_no_ad_early,theta_power_db_uv2,secondary_global,2.946283419669528
lab_subject_13,block_early_vs_no_ad_early,theta_power_db_uv2,secondary_global,-0.9893998379883091
lab_subject_14,block_early_vs_no_ad_early,theta_power_db_uv2,secondary_global,-4.872270328516816
lab_subject_15,block_early_vs_no_ad_early,theta_power_db_uv2,secondary_global,2.4843091837808786
lab_subject_16,block_early_vs_no_ad_early,theta_power_db_uv2,secondary_global,0.4922900134843653
lab_subject_17,block_early_vs_no_ad_early,theta_power_db_uv2,secondary_global,1.661100852994566
lab_subject_18,block_early_vs_no_ad_early,theta_power_db_uv2,secondary_global,3.3418734672073493
lab_subject_19,block_early_vs_no_ad_early,theta_power_db_uv2,secondary_global,-2.498720557874308
lab_subject_2,block_early_vs_no_ad_early,theta_power_db_uv2,secondary_global,-1.2591500235289743
lab_subject_3,block_early_vs_no_ad_early,theta_power_db_uv2,secondary_global,4.251298072277782
lab_subject_5,block_early_vs_no_ad_early,theta_power_db_uv2,secondary_global,-1.603294535940916
lab_subject_6,block_early_vs_no_ad_early,theta_power_db_uv2,secondary_global,0.744266329574073
lab_subject_7,block_early_vs_no_ad_early,theta_power_db_uv2,secondary_global,0.3974912375482269
lab_subject_8,block_early_vs_no_ad_early,theta_power_db_uv2,secondary_global,0.5467925980649513
lab_subject_9,block_early_vs_no_ad_early,theta_power_db_uv2,secondary_global,0.01788066995967874
lab_subject_1,inline_late_vs_no_ad_late,theta_power_db_uv2,secondary_global,-2.844164171810503
lab_subject_10,inline_late_vs_no_ad_late,theta_power_db_uv2,secondary_global,0.15259933035938777
lab_subject_11,inline_late_vs_no_ad_late,theta_power_db_uv2,secondary_global,2.3043976649263884
lab_subject_12,inline_late_vs_no_ad_late,theta_power_db_uv2,secondary_global,3.54442340420627
lab_subject_13,inline_late_vs_no_ad_late,theta_power_db_uv2,secondary_global,-0.18361986520655904
lab_subject_14,inline_late_vs_no_ad_late,theta_power_db_uv2,secondary_global,3.48677445652602
lab_subject_15,inline_late_vs_no_ad_late,theta_power_db_uv2,secondary_global,-0.9157849020172422
lab_subject_16,inline_late_vs_no_ad_late,theta_power_db_uv2,secondary_global,-1.1750965461020728
lab_subject_17,inline_late_vs_no_ad_late,theta_power_db_uv2,secondary_global,-1.1600356794227142
lab_subject_18,inline_late_vs_no_ad_late,theta_power_db_uv2,secondary_global,3.536205581498822
lab_subject_19,inline_late_vs_no_ad_late,theta_power_db_uv2,secondary_global,-5.928237892946305
lab_subject_2,inline_late_vs_no_ad_late,theta_power_db_uv2,secondary_global,-0.05222439772177445
lab_subject_3,inline_late_vs_no_ad_late,theta_power_db_uv2,secondary_global,1.0220260007782627
lab_subject_5,inline_late_vs_no_ad_late,theta_power_db_uv2,secondary_global,2.626093122562293
lab_subject_6,inline_late_vs_no_ad_late,theta_power_db_uv2,secondary_global,2.078913433721076
lab_subject_7,inline_late_vs_no_ad_late,theta_power_db_uv2,secondary_global,3.7026669922318547
lab_subject_8,inline_late_vs_no_ad_late,theta_power_db_uv2,secondary_global,-0.8063990112660857
lab_subject_9,inline_late_vs_no_ad_late,theta_power_db_uv2,secondary_global,0.6758697435489474
lab_subject_1,block_late_vs_no_ad_late,theta_power_db_uv2,secondary_global,3.6351352958938685
lab_subject_10,block_late_vs_no_ad_late,theta_power_db_uv2,secondary_global,-0.7361048434036235
lab_subject_11,block_late_vs_no_ad_late,theta_power_db_uv2,secondary_global,2.307488529453781
lab_subject_12,block_late_vs_no_ad_late,theta_power_db_uv2,secondary_global,1.8383582924008435
lab_subject_13,block_late_vs_no_ad_late,theta_power_db_uv2,secondary_global,6.640259781495334
lab_subject_14,block_late_vs_no_ad_late,theta_power_db_uv2,secondary_global,5.60560343845363
lab_subject_15,block_late_vs_no_ad_late,theta_power_db_uv2,secondary_global,-1.2634964228127163
lab_subject_16,block_late_vs_no_ad_late,theta_power_db_uv2,secondary_global,1.3827194529863887
lab_subject_17,block_late_vs_no_ad_late,theta_power_db_uv2,secondary_global,-2.8773796658368647
lab_subject_18,block_late_vs_no_ad_late,theta_power_db_uv2,secondary_global,1.7057520479774082
lab_subject_19,block_late_vs_no_ad_late,theta_power_db_uv2,secondary_global,-0.07080596418002205
lab_subject_2,block_late_vs_no_ad_late,theta_power_db_uv2,secondary_global,-0.12969829010601686
lab_subject_3,block_late_vs_no_ad_late,theta_power_db_uv2,secondary_global,0.5992703432218631
lab_subject_5,block_late_vs_no_ad_late,theta_power_db_uv2,secondary_global,0.5943157917339512
lab_subject_6,block_late_vs_no_ad_late,theta_power_db_uv2,secondary_global,3.4410618498683907
lab_subject_7,block_late_vs_no_ad_late,theta_power_db_uv2,secondary_global,0.193494559489371
lab_subject_8,block_late_vs_no_ad_late,theta_power_db_uv2,secondary_global,1.532694985274591
lab_subject_9,block_late_vs_no_ad_late,theta_power_db_uv2,secondary_global,-3.090295740467308
lab_subject_1,any_ad_vs_matched_no_ad,theta_power_db_uv2,secondary_global,2.0091661479148213
lab_subject_10,any_ad_vs_matched_no_ad,theta_power_db_uv2,secondary_global,0.9558753452304236
lab_subject_11,any_ad_vs_matched_no_ad,theta_power_db_uv2,secondary_global,1.1967913181481027
lab_subject_12,any_ad_vs_matched_no_ad,theta_power_db_uv2,secondary_global,2.606644677859028
lab_subject_13,any_ad_vs_matched_no_ad,theta_power_db_uv2,secondary_global,0.784171987137394
lab_subject_14,any_ad_vs_matched_no_ad,theta_power_db_uv2,secondary_global,0.17591689504311708
lab_subject_15,any_ad_vs_matched_no_ad,theta_power_db_uv2,secondary_global,-0.10618969048133309
lab_subject_16,any_ad_vs_matched_no_ad,theta_power_db_uv2,secondary_global,-0.18617853421152653
lab_subject_17,any_ad_vs_matched_no_ad,theta_power_db_uv2,secondary_global,-0.17522699076121961
lab_subject_18,any_ad_vs_matched_no_ad,theta_power_db_uv2,secondary_global,3.4034683934741796
lab_subject_19,any_ad_vs_matched_no_ad,theta_power_db_uv2,secondary_global,-1.8788341676928628
lab_subject_2,any_ad_vs_matched_no_ad,theta_power_db_uv2,secondary_global,-1.8167424286744875
lab_subject_3,any_ad_vs_matched_no_ad,theta_power_db_uv2,secondary_global,2.2531418946175497
lab_subject_5,any_ad_vs_matched_no_ad,theta_power_db_uv2,secondary_global,0.6129917438212307
lab_subject_6,any_ad_vs_matched_no_ad,theta_power_db_uv2,secondary_global,2.3109027110025164
lab_subject_7,any_ad_vs_matched_no_ad,theta_power_db_uv2,secondary_global,0.7454437159399575
lab_subject_8,any_ad_vs_matched_no_ad,theta_power_db_uv2,secondary_global,0.40691358008270107
lab_subject_9,any_ad_vs_matched_no_ad,theta_power_db_uv2,secondary_global,-0.40822577652758585
lab_subject_1,inline_vs_block,theta_power_db_uv2,secondary_global,-2.3887908554573647
lab_subject_10,inline_vs_block,theta_power_db_uv2,secondary_global,0.5775029117974266
lab_subject_11,inline_vs_block,theta_power_db_uv2,secondary_global,-0.9329935020310363
lab_subject_12,inline_vs_block,theta_power_db_uv2,secondary_global,0.4286476436476854
lab_subject_13,inline_vs_block,theta_power_db_uv2,secondary_global,-4.082515969232237
lab_subject_14,inline_vs_block,theta_power_db_uv2,secondary_global,-0.3814993198505806
lab_subject_15,inline_vs_block,theta_power_db_uv2,secondary_global,-1.4331921419308284
lab_subject_16,inline_vs_block,theta_power_db_uv2,secondary_global,-2.247366534893807
lab_subject_17,inline_vs_block,theta_power_db_uv2,secondary_global,0.8658248313198598
lab_subject_18,inline_vs_block,theta_power_db_uv2,secondary_global,1.7593112717636021
lab_subject_19,inline_vs_block,theta_power_db_uv2,secondary_global,-1.1881418133313955
lab_subject_2,inline_vs_block,theta_power_db_uv2,secondary_global,-2.244636543713984
lab_subject_3,inline_vs_block,theta_power_db_uv2,secondary_global,-0.3442846262645458
lab_subject_5,inline_vs_block,theta_power_db_uv2,secondary_global,2.234962231849426
lab_subject_6,inline_vs_block,theta_power_db_uv2,secondary_global,0.4364772425625687
lab_subject_7,inline_vs_block,theta_power_db_uv2,secondary_global,0.899901634842317
lab_subject_8,inline_vs_block,theta_power_db_uv2,secondary_global,-1.2656604231741402
lab_subject_9,inline_vs_block,theta_power_db_uv2,secondary_global,2.2559635174524577
lab_subject_1,early_vs_late,theta_power_db_uv2,secondary_global,1.1759543906128478
lab_subject_10,early_vs_late,theta_power_db_uv2,secondary_global,0.12918574508388248
lab_subject_11,early_vs_late,theta_power_db_uv2,secondary_global,-2.194423893295241
lab_subject_12,early_vs_late,theta_power_db_uv2,secondary_global,-1.7083774906052813
lab_subject_13,early_vs_late,theta_power_db_uv2,secondary_global,-4.223524776356655
lab_subject_14,early_vs_late,theta_power_db_uv2,secondary_global,0.329426497005214
lab_subject_15,early_vs_late,theta_power_db_uv2,secondary_global,-0.4253284267455535
lab_subject_16,early_vs_late,theta_power_db_uv2,secondary_global,-0.8858532664725409
lab_subject_17,early_vs_late,theta_power_db_uv2,secondary_global,1.3623200149392918
lab_subject_18,early_vs_late,theta_power_db_uv2,secondary_global,-0.27698764570092216
lab_subject_19,early_vs_late,theta_power_db_uv2,secondary_global,0.7126587396538606
lab_subject_2,early_vs_late,theta_power_db_uv2,secondary_global,-1.2691958619370478
lab_subject_3,early_vs_late,theta_power_db_uv2,secondary_global,-0.5001371486519661
lab_subject_5,early_vs_late,theta_power_db_uv2,secondary_global,-0.9468781436671705
lab_subject_6,early_vs_late,theta_power_db_uv2,secondary_global,-0.6838979964921541
lab_subject_7,early_vs_late,theta_power_db_uv2,secondary_global,-0.32479798106036195
lab_subject_8,early_vs_late,theta_power_db_uv2,secondary_global,1.153210929499925
lab_subject_9,early_vs_late,theta_power_db_uv2,secondary_global,1.3571266861649796
lab_subject_1,format_x_timing,theta_power_db_uv2,secondary_global,8.181017224494013
lab_subject_10,format_x_timing,theta_power_db_uv2,secondary_global,-0.6224025239311692
lab_subject_11,format_x_timing,theta_power_db_uv2,secondary_global,-1.8598052750072873
lab_subject_12,format_x_timing,theta_power_db_uv2,secondary_global,-2.554834936315482
lab_subject_13,format_x_timing,theta_power_db_uv2,secondary_global,5.482727354939312
lab_subject_14,format_x_timing,theta_power_db_uv2,secondary_global,3.4746593241540586
lab_subject_15,format_x_timing,theta_power_db_uv2,secondary_global,-3.5618073254526053
lab_subject_16,format_x_timing,theta_power_db_uv2,secondary_global,0.6208989283893089
lab_subject_17,format_x_timing,theta_power_db_uv2,secondary_global,-1.7030383101885813
lab_subject_18,format_x_timing,theta_power_db_uv2,secondary_global,-0.14228452351562293
lab_subject_19,format_x_timing,theta_power_db_uv2,secondary_global,9.338580230869773
lab_subject_2,format_x_timing,theta_power_db_uv2,secondary_global,-4.644220872196453
lab_subject_3,format_x_timing,theta_power_db_uv2,secondary_global,-1.5340805676418912
lab_subject_5,format_x_timing,theta_power_db_uv2,secondary_global,0.40636980204216844
lab_subject_6,format_x_timing,theta_power_db_uv2,secondary_global,3.597251317419767
lab_subject_7,format_x_timing,theta_power_db_uv2,secondary_global,-5.218541595800334
lab_subject_8,format_x_timing,theta_power_db_uv2,secondary_global,2.146867146733073
lab_subject_9,format_x_timing,theta_power_db_uv2,secondary_global,-3.0204039331275956
lab_subject_1,inline_early_vs_no_ad_early,alpha_power_db_uv2,secondary_global,-0.5814045621676831
lab_subject_10,inline_early_vs_no_ad_early,alpha_power_db_uv2,secondary_global,-1.507244250798614
lab_subject_11,inline_early_vs_no_ad_early,alpha_power_db_uv2,secondary_global,-3.975056643499973
lab_subject_12,inline_early_vs_no_ad_early,alpha_power_db_uv2,secondary_global,1.3460101652539418
lab_subject_13,inline_early_vs_no_ad_early,alpha_power_db_uv2,secondary_global,-9.99960739276446
lab_subject_14,inline_early_vs_no_ad_early,alpha_power_db_uv2,secondary_global,-1.8028826374789104
lab_subject_15,inline_early_vs_no_ad_early,alpha_power_db_uv2,secondary_global,2.673585828777176
lab_subject_16,inline_early_vs_no_ad_early,alpha_power_db_uv2,secondary_global,-0.6855803985971969
lab_subject_17,inline_early_vs_no_ad_early,alpha_power_db_uv2,secondary_global,6.501105855405512
lab_subject_18,inline_early_vs_no_ad_early,alpha_power_db_uv2,secondary_global,3.2259664705683004
lab_subject_19,inline_early_vs_no_ad_early,alpha_power_db_uv2,secondary_global,-2.0550985783747233
lab_subject_2,inline_early_vs_no_ad_early,alpha_power_db_uv2,secondary_global,6.894229082432938
lab_subject_3,inline_early_vs_no_ad_early,alpha_power_db_uv2,secondary_global,0.00205020185896565
lab_subject_5,inline_early_vs_no_ad_early,alpha_power_db_uv2,secondary_global,1.2344158357160708
lab_subject_6,inline_early_vs_no_ad_early,alpha_power_db_uv2,secondary_global,2.105302841578758
lab_subject_7,inline_early_vs_no_ad_early,alpha_power_db_uv2,secondary_global,2.3881255117222886
lab_subject_8,inline_early_vs_no_ad_early,alpha_power_db_uv2,secondary_global,0.4826361702617312
lab_subject_9,inline_early_vs_no_ad_early,alpha_power_db_uv2,secondary_global,0.43860476135009563
lab_subject_1,block_early_vs_no_ad_early,alpha_power_db_uv2,secondary_global,-2.5318237323524704
lab_subject_10,block_early_vs_no_ad_early,alpha_power_db_uv2,secondary_global,-4.311667503235107
lab_subject_11,block_early_vs_no_ad_early,alpha_power_db_uv2,secondary_global,1.344298699012862
lab_subject_12,block_early_vs_no_ad_early,alpha_power_db_uv2,secondary_global,2.2951964732408676
lab_subject_13,block_early_vs_no_ad_early,alpha_power_db_uv2,secondary_global,-5.79567799217778
lab_subject_14,block_early_vs_no_ad_early,alpha_power_db_uv2,secondary_global,4.963525369893189
lab_subject_15,block_early_vs_no_ad_early,alpha_power_db_uv2,secondary_global,2.575124936286975
lab_subject_16,block_early_vs_no_ad_early,alpha_power_db_uv2,secondary_global,-0.46358921950866616
lab_subject_17,block_early_vs_no_ad_early,alpha_power_db_uv2,secondary_global,7.3548797761705655
lab_subject_18,block_early_vs_no_ad_early,alpha_power_db_uv2,secondary_global,-1.7199662779507223
lab_subject_19,block_early_vs_no_ad_early,alpha_power_db_uv2,secondary_global,-5.787854841646199
lab_subject_2,block_early_vs_no_ad_early,alpha_power_db_uv2,secondary_global,10.70711503587259
lab_subject_3,block_early_vs_no_ad_early,alpha_power_db_uv2,secondary_global,-5.151387203903392
lab_subject_5,block_early_vs_no_ad_early,alpha_power_db_uv2,secondary_global,1.6184080497942075
lab_subject_6,block_early_vs_no_ad_early,alpha_power_db_uv2,secondary_global,0.9482963070637078
lab_subject_7,block_early_vs_no_ad_early,alpha_power_db_uv2,secondary_global,5.224921207101424
lab_subject_8,block_early_vs_no_ad_early,alpha_power_db_uv2,secondary_global,0.4027069588310592
lab_subject_9,block_early_vs_no_ad_early,alpha_power_db_uv2,secondary_global,4.226260729082616
lab_subject_1,inline_late_vs_no_ad_late,alpha_power_db_uv2,secondary_global,-2.245756661713239
lab_subject_10,inline_late_vs_no_ad_late,alpha_power_db_uv2,secondary_global,-7.532522758777751
lab_subject_11,inline_late_vs_no_ad_late,alpha_power_db_uv2,secondary_global,3.1735493291983428
lab_subject_12,inline_late_vs_no_ad_late,alpha_power_db_uv2,secondary_global,-5.978064640463964
lab_subject_13,inline_late_vs_no_ad_late,alpha_power_db_uv2,secondary_global,-0.6391381239325105
lab_subject_14,inline_late_vs_no_ad_late,alpha_power_db_uv2,secondary_global,2.5818569572809436
lab_subject_15,inline_late_vs_no_ad_late,alpha_power_db_uv2,secondary_global,-0.20190327397708163
lab_subject_16,inline_late_vs_no_ad_late,alpha_power_db_uv2,secondary_global,-0.31298948894112044
lab_subject_17,inline_late_vs_no_ad_late,alpha_power_db_uv2,secondary_global,-1.6451823780788377
lab_subject_18,inline_late_vs_no_ad_late,alpha_power_db_uv2,secondary_global,5.265249358327193
lab_subject_19,inline_late_vs_no_ad_late,alpha_power_db_uv2,secondary_global,-5.067314023957677
lab_subject_2,inline_late_vs_no_ad_late,alpha_power_db_uv2,secondary_global,5.6023910814784
lab_subject_3,inline_late_vs_no_ad_late,alpha_power_db_uv2,secondary_global,-0.8750777959456677
lab_subject_5,inline_late_vs_no_ad_late,alpha_power_db_uv2,secondary_global,-2.6782280526938997
lab_subject_6,inline_late_vs_no_ad_late,alpha_power_db_uv2,secondary_global,-1.2525066086196528
lab_subject_7,inline_late_vs_no_ad_late,alpha_power_db_uv2,secondary_global,-1.3724791991231724
lab_subject_8,inline_late_vs_no_ad_late,alpha_power_db_uv2,secondary_global,-3.059490233904576
lab_subject_9,inline_late_vs_no_ad_late,alpha_power_db_uv2,secondary_global,-1.0633761029183253
lab_subject_1,block_late_vs_no_ad_late,alpha_power_db_uv2,secondary_global,-2.3994125062807177
lab_subject_10,block_late_vs_no_ad_late,alpha_power_db_uv2,secondary_global,-11.101280058721597
lab_subject_11,block_late_vs_no_ad_late,alpha_power_db_uv2,secondary_global,2.319723538366528
lab_subject_12,block_late_vs_no_ad_late,alpha_power_db_uv2,secondary_global,0.33958904089868014
lab_subject_13,block_late_vs_no_ad_late,alpha_power_db_uv2,secondary_global,-0.24107719986246812
lab_subject_14,block_late_vs_no_ad_late,alpha_power_db_uv2,secondary_global,-0.11779320236343782
lab_subject_15,block_late_vs_no_ad_late,alpha_power_db_uv2,secondary_global,1.2252925813384232
lab_subject_16,block_late_vs_no_ad_late,alpha_power_db_uv2,secondary_global,1.1121849507069346
lab_subject_17,block_late_vs_no_ad_late,alpha_power_db_uv2,secondary_global,2.149143488818808
lab_subject_18,block_late_vs_no_ad_late,alpha_power_db_uv2,secondary_global,1.4923913596781313
lab_subject_19,block_late_vs_no_ad_late,alpha_power_db_uv2,secondary_global,-2.405891305669704
lab_subject_2,block_late_vs_no_ad_late,alpha_power_db_uv2,secondary_global,2.8407446527327007
lab_subject_3,block_late_vs_no_ad_late,alpha_power_db_uv2,secondary_global,-4.0071048795466435
lab_subject_5,block_late_vs_no_ad_late,alpha_power_db_uv2,secondary_global,-2.2116255385135197
lab_subject_6,block_late_vs_no_ad_late,alpha_power_db_uv2,secondary_global,-2.492097827086913
lab_subject_7,block_late_vs_no_ad_late,alpha_power_db_uv2,secondary_global,-1.0799850299393077
lab_subject_8,block_late_vs_no_ad_late,alpha_power_db_uv2,secondary_global,-3.386364867865762
lab_subject_9,block_late_vs_no_ad_late,alpha_power_db_uv2,secondary_global,-5.091247823881143
lab_subject_1,any_ad_vs_matched_no_ad,alpha_power_db_uv2,secondary_global,-1.9395993656285275
lab_subject_10,any_ad_vs_matched_no_ad,alpha_power_db_uv2,secondary_global,-6.113178642883267
lab_subject_11,any_ad_vs_matched_no_ad,alpha_power_db_uv2,secondary_global,0.71562873076944
lab_subject_12,any_ad_vs_matched_no_ad,alpha_power_db_uv2,secondary_global,-0.4993172402676187
lab_subject_13,any_ad_vs_matched_no_ad,alpha_power_db_uv2,secondary_global,-4.1688751771843044
lab_subject_14,any_ad_vs_matched_no_ad,alpha_power_db_uv2,secondary_global,1.4061766218329461
lab_subject_15,any_ad_vs_matched_no_ad,alpha_power_db_uv2,secondary_global,1.568025018106373
lab_subject_16,any_ad_vs_matched_no_ad,alpha_power_db_uv2,secondary_global,-0.08749353908501223
lab_subject_17,any_ad_vs_matched_no_ad,alpha_power_db_uv2,secondary_global,3.5899866855790115
lab_subject_18,any_ad_vs_matched_no_ad,alpha_power_db_uv2,secondary_global,2.0659102276557255
lab_subject_19,any_ad_vs_matched_no_ad,alpha_power_db_uv2,secondary_global,-3.829039687412076
lab_subject_2,any_ad_vs_matched_no_ad,alpha_power_db_uv2,secondary_global,6.511119963129158
lab_subject_3,any_ad_vs_matched_no_ad,alpha_power_db_uv2,secondary_global,-2.5078799193841843
lab_subject_5,any_ad_vs_matched_no_ad,alpha_power_db_uv2,secondary_global,-0.5092574264242853
lab_subject_6,any_ad_vs_matched_no_ad,alpha_power_db_uv2,secondary_global,-0.17275132176602503
lab_subject_7,any_ad_vs_matched_no_ad,alpha_power_db_uv2,secondary_global,1.2901456224403083
lab_subject_8,any_ad_vs_matched_no_ad,alpha_power_db_uv2,secondary_global,-1.3901279931693868
lab_subject_9,any_ad_vs_matched_no_ad,alpha_power_db_uv2,secondary_global,-0.37243960909168905
lab_subject_1,inline_vs_block,alpha_power_db_uv2,secondary_global,1.052037507376133
lab_subject_10,inline_vs_block,alpha_power_db_uv2,secondary_global,3.1865902761901697
lab_subject_11,inline_vs_block,alpha_power_db_uv2,secondary_global,-2.23276477584051
lab_subject_12,inline_vs_block,alpha_power_db_uv2,secondary_global,-3.633419994674785
lab_subject_13,inline_vs_block,alpha_power_db_uv2,secondary_global,-2.300995162328361
lab_subject_14,inline_vs_block,alpha_power_db_uv2,secondary_global,-2.033378923863859
lab_subject_15,inline_vs_block,alpha_power_db_uv2,secondary_global,-0.664367481412652
lab_subject_16,inline_vs_block,alpha_power_db_uv2,secondary_global,-0.8235828093682929
lab_subject_17,inline_vs_block,alpha_power_db_uv2,secondary_global,-2.32404989383135
lab_subject_18,inline_vs_block,alpha_power_db_uv2,secondary_global,4.359395373584042
lab_subject_19,inline_vs_block,alpha_power_db_uv2,secondary_global,0.5356667724917514
lab_subject_2,inline_vs_block,alpha_power_db_uv2,secondary_global,-0.525619762346976
lab_subject_3,inline_vs_block,alpha_power_db_uv2,secondary_global,4.142732244681667
lab_subject_5,inline_vs_block,alpha_power_db_uv2,secondary_global,-0.42529736412925834
lab_subject_6,inline_vs_block,alpha_power_db_uv2,secondary_global,1.198298876491155
lab_subject_7,inline_vs_block,alpha_power_db_uv2,secondary_global,-1.5646449322815004
lab_subject_8,inline_vs_block,alpha_power_db_uv2,secondary_global,0.20340192269592894
lab_subject_9,inline_vs_block,alpha_power_db_uv2,secondary_global,0.12010787661514843
lab_subject_1,early_vs_late,alpha_power_db_uv2,secondary_global,1.375286235252624
lab_subject_10,early_vs_late,alpha_power_db_uv2,secondary_global,5.987689452877365
lab_subject_11,early_vs_late,alpha_power_db_uv2,secondary_global,-0.941221552757963
lab_subject_12,early_vs_late,alpha_power_db_uv2,secondary_global,1.653090611487479
lab_subject_13,early_vs_late,alpha_power_db_uv2,secondary_global,-0.8550467762024787
lab_subject_14,early_vs_late,alpha_power_db_uv2,secondary_global,0.7542570899261005
lab_subject_15,early_vs_late,alpha_power_db_uv2,secondary_global,-1.0609217826974722
lab_subject_16,early_vs_late,alpha_power_db_uv2,secondary_global,-1.0599267064394575
lab_subject_17,early_vs_late,alpha_power_db_uv2,secondary_global,0.23033116964382128
lab_subject_18,early_vs_late,alpha_power_db_uv2,secondary_global,-2.056173354780822
lab_subject_19,early_vs_late,alpha_power_db_uv2,secondary_global,0.3814884869890367
lab_subject_2,early_vs_late,alpha_power_db_uv2,secondary_global,5.060313258265047
lab_subject_3,early_vs_late,alpha_power_db_uv2,secondary_global,1.1946379523382342
lab_subject_5,early_vs_late,alpha_power_db_uv2,secondary_global,2.9205196709144627
lab_subject_6,early_vs_late,alpha_power_db_uv2,secondary_global,-1.011392331615316
lab_subject_7,early_vs_late,alpha_power_db_uv2,secondary_global,3.1041874379834127
lab_subject_8,early_vs_late,alpha_power_db_uv2,secondary_global,0.01752959549451294
lab_subject_9,early_vs_late,alpha_power_db_uv2,secondary_global,-0.25802015383511634
lab_subject_1,format_x_timing,alpha_power_db_uv2,secondary_global,1.7967633256173086
lab_subject_10,format_x_timing,alpha_power_db_uv2,secondary_global,-0.7643340475073535
lab_subject_11,format_x_timing,alpha_power_db_uv2,secondary_global,-6.17318113334465
lab_subject_12,format_x_timing,alpha_power_db_uv2,secondary_global,5.368467373375719
lab_subject_13,format_x_timing,alpha_power_db_uv2,secondary_global,-3.8058684765166366
lab_subject_14,format_x_timing,alpha_power_db_uv2,secondary_global,-9.466058167016481
lab_subject_15,format_x_timing,alpha_power_db_uv2,secondary_global,1.5256567478057055
lab_subject_16,format_x_timing,alpha_power_db_uv2,secondary_global,1.2031832605595243
lab_subject_17,format_x_timing,alpha_power_db_uv2,secondary_global,2.940551946132592
lab_subject_18,format_x_timing,alpha_power_db_uv2,secondary_global,1.1730747498699614
lab_subject_19,format_x_timing,alpha_power_db_uv2,secondary_global,6.394178981559449
lab_subject_2,format_x_timing,alpha_power_db_uv2,secondary_global,-6.5745323821853505
lab_subject_3,format_x_timing,alpha_power_db_uv2,secondary_global,2.0214103221613815
lab_subject_5,format_x_timing,alpha_power_db_uv2,secondary_global,0.08261030010224335
lab_subject_6,format_x_timing,alpha_power_db_uv2,secondary_global,-0.08258468395221019
lab_subject_7,format_x_timing,alpha_power_db_uv2,secondary_global,-2.5443015261952713
lab_subject_8,format_x_timing,alpha_power_db_uv2,secondary_global,-0.24694542253051388
lab_subject_9,format_x_timing,alpha_power_db_uv2,secondary_global,-7.815527688695338
lab_subject_1,inline_early_vs_no_ad_early,beta_power_db_uv2,secondary,3.7579669696975184
lab_subject_10,inline_early_vs_no_ad_early,beta_power_db_uv2,secondary,5.015789314990177
lab_subject_11,inline_early_vs_no_ad_early,beta_power_db_uv2,secondary,-0.10109372882765566
lab_subject_12,inline_early_vs_no_ad_early,beta_power_db_uv2,secondary,3.796447958205338
lab_subject_13,inline_early_vs_no_ad_early,beta_power_db_uv2,secondary,-5.80757574632578
lab_subject_14,inline_early_vs_no_ad_early,beta_power_db_uv2,secondary,-9.029796706180614
lab_subject_15,inline_early_vs_no_ad_early,beta_power_db_uv2,secondary,3.343411817243321
lab_subject_16,inline_early_vs_no_ad_early,beta_power_db_uv2,secondary,-3.5308289742458516
lab_subject_17,inline_early_vs_no_ad_early,beta_power_db_uv2,secondary,2.251427744781892
lab_subject_18,inline_early_vs_no_ad_early,beta_power_db_uv2,secondary,-3.4223290857145807
lab_subject_19,inline_early_vs_no_ad_early,beta_power_db_uv2,secondary,0.5799807486207618
lab_subject_2,inline_early_vs_no_ad_early,beta_power_db_uv2,secondary,5.932061035706875
lab_subject_3,inline_early_vs_no_ad_early,beta_power_db_uv2,secondary,-3.3785805088686027
lab_subject_5,inline_early_vs_no_ad_early,beta_power_db_uv2,secondary,-3.211369082781262
lab_subject_6,inline_early_vs_no_ad_early,beta_power_db_uv2,secondary,1.9929680452690537
lab_subject_7,inline_early_vs_no_ad_early,beta_power_db_uv2,secondary,-2.7480288744078987
lab_subject_8,inline_early_vs_no_ad_early,beta_power_db_uv2,secondary,-2.0786930930601724
lab_subject_9,inline_early_vs_no_ad_early,beta_power_db_uv2,secondary,1.5790049619421467
lab_subject_1,block_early_vs_no_ad_early,beta_power_db_uv2,secondary,1.5659088157905092
lab_subject_10,block_early_vs_no_ad_early,beta_power_db_uv2,secondary,4.953181095094519
lab_subject_11,block_early_vs_no_ad_early,beta_power_db_uv2,secondary,2.777642073807109
lab_subject_12,block_early_vs_no_ad_early,beta_power_db_uv2,secondary,3.3806582362718824
lab_subject_13,block_early_vs_no_ad_early,beta_power_db_uv2,secondary,-5.806507780029008
lab_subject_14,block_early_vs_no_ad_early,beta_power_db_uv2,secondary,-6.716377250625305
lab_subject_15,block_early_vs_no_ad_early,beta_power_db_uv2,secondary,-0.31049367894144186
lab_subject_16,block_early_vs_no_ad_early,beta_power_db_uv2,secondary,-2.612601333329792
lab_subject_17,block_early_vs_no_ad_early,beta_power_db_uv2,secondary,3.0133690238399
lab_subject_18,block_early_vs_no_ad_early,beta_power_db_uv2,secondary,-2.8874536081572693
lab_subject_19,block_early_vs_no_ad_early,beta_power_db_uv2,secondary,-1.2829960681718369
lab_subject_2,block_early_vs_no_ad_early,beta_power_db_uv2,secondary,0.3353701862591887
lab_subject_3,block_early_vs_no_ad_early,beta_power_db_uv2,secondary,-1.285789387882124
lab_subject_5,block_early_vs_no_ad_early,beta_power_db_uv2,secondary,-0.44820815981454487
lab_subject_6,block_early_vs_no_ad_early,beta_power_db_uv2,secondary,-0.2267580633411468
lab_subject_7,block_early_vs_no_ad_early,beta_power_db_uv2,secondary,-2.3298273817753206
lab_subject_8,block_early_vs_no_ad_early,beta_power_db_uv2,secondary,-2.0139414539621825
lab_subject_9,block_early_vs_no_ad_early,beta_power_db_uv2,secondary,1.7003512389334645
lab_subject_1,inline_late_vs_no_ad_late,beta_power_db_uv2,secondary,-9.286782991596931
lab_subject_10,inline_late_vs_no_ad_late,beta_power_db_uv2,secondary,-3.2650760676902193
lab_subject_11,inline_late_vs_no_ad_late,beta_power_db_uv2,secondary,2.0031156590754096
lab_subject_12,inline_late_vs_no_ad_late,beta_power_db_uv2,secondary,-2.184135524037889
lab_subject_13,inline_late_vs_no_ad_late,beta_power_db_uv2,secondary,-1.7986475506606707
lab_subject_14,inline_late_vs_no_ad_late,beta_power_db_uv2,secondary,0.06178449854400725
lab_subject_15,inline_late_vs_no_ad_late,beta_power_db_uv2,secondary,-3.0157772347863046
lab_subject_16,inline_late_vs_no_ad_late,beta_power_db_uv2,secondary,-0.5443825957500925
lab_subject_17,inline_late_vs_no_ad_late,beta_power_db_uv2,secondary,-1.5656345378847822
lab_subject_18,inline_late_vs_no_ad_late,beta_power_db_uv2,secondary,0.15153827342888881
lab_subject_19,inline_late_vs_no_ad_late,beta_power_db_uv2,secondary,-4.205801632528658
lab_subject_2,inline_late_vs_no_ad_late,beta_power_db_uv2,secondary,1.4693217163760783
lab_subject_3,inline_late_vs_no_ad_late,beta_power_db_uv2,secondary,-2.3556469429838494
lab_subject_5,inline_late_vs_no_ad_late,beta_power_db_uv2,secondary,-0.5890843756276825
lab_subject_6,inline_late_vs_no_ad_late,beta_power_db_uv2,secondary,0.528592145596237
lab_subject_7,inline_late_vs_no_ad_late,beta_power_db_uv2,secondary,0.7880596488428466
lab_subject_8,inline_late_vs_no_ad_late,beta_power_db_uv2,secondary,-2.126322782745028
lab_subject_9,inline_late_vs_no_ad_late,beta_power_db_uv2,secondary,7.280375113979931
lab_subject_1,block_late_vs_no_ad_late,beta_power_db_uv2,secondary,0.9315549869973854
lab_subject_10,block_late_vs_no_ad_late,beta_power_db_uv2,secondary,-2.396789993417472
lab_subject_11,block_late_vs_no_ad_late,beta_power_db_uv2,secondary,1.3818979135839937
lab_subject_12,block_late_vs_no_ad_late,beta_power_db_uv2,secondary,-3.1292687707427147
lab_subject_13,block_late_vs_no_ad_late,beta_power_db_uv2,secondary,-1.727304766114227
lab_subject_14,block_late_vs_no_ad_late,beta_power_db_uv2,secondary,0.8436484435466607
lab_subject_15,block_late_vs_no_ad_late,beta_power_db_uv2,secondary,-1.8305681817427524
lab_subject_16,block_late_vs_no_ad_late,beta_power_db_uv2,secondary,-1.5958873486429024
lab_subject_17,block_late_vs_no_ad_late,beta_power_db_uv2,secondary,-1.261876921484963
lab_subject_18,block_late_vs_no_ad_late,beta_power_db_uv2,secondary,-9.69496829867046
lab_subject_19,block_late_vs_no_ad_late,beta_power_db_uv2,secondary,-2.672387738226326
lab_subject_2,block_late_vs_no_ad_late,beta_power_db_uv2,secondary,0.2843459959363255
lab_subject_3,block_late_vs_no_ad_late,beta_power_db_uv2,secondary,-2.95428180246663
lab_subject_5,block_late_vs_no_ad_late,beta_power_db_uv2,secondary,-1.425397833838007
lab_subject_6,block_late_vs_no_ad_late,beta_power_db_uv2,secondary,2.0564825611507507
lab_subject_7,block_late_vs_no_ad_late,beta_power_db_uv2,secondary,0.3196148274208017
lab_subject_8,block_late_vs_no_ad_late,beta_power_db_uv2,secondary,-2.7674761146084563
lab_subject_9,block_late_vs_no_ad_late,beta_power_db_uv2,secondary,-0.1309538729161943
lab_subject_1,any_ad_vs_matched_no_ad,beta_power_db_uv2,secondary,-0.7578380547778796
lab_subject_10,any_ad_vs_matched_no_ad,beta_power_db_uv2,secondary,1.0767760872442511
lab_subject_11,any_ad_vs_matched_no_ad,beta_power_db_uv2,secondary,1.5153904794097142
lab_subject_12,any_ad_vs_matched_no_ad,beta_power_db_uv2,secondary,0.46592547492415415
lab_subject_13,any_ad_vs_matched_no_ad,beta_power_db_uv2,secondary,-3.785008960782421
lab_subject_14,any_ad_vs_matched_no_ad,beta_power_db_uv2,secondary,-3.7101852536788127
lab_subject_15,any_ad_vs_matched_no_ad,beta_power_db_uv2,secondary,-0.4533568195567944
lab_subject_16,any_ad_vs_matched_no_ad,beta_power_db_uv2,secondary,-2.07092506299216
lab_subject_17,any_ad_vs_matched_no_ad,beta_power_db_uv2,secondary,0.6093213273130116
lab_subject_18,any_ad_vs_matched_no_ad,beta_power_db_uv2,secondary,-3.963303179778355
lab_subject_19,any_ad_vs_matched_no_ad,beta_power_db_uv2,secondary,-1.8953011725765148
lab_subject_2,any_ad_vs_matched_no_ad,beta_power_db_uv2,secondary,2.0052747335696166
lab_subject_3,any_ad_vs_matched_no_ad,beta_power_db_uv2,secondary,-2.4935746605503013
lab_subject_5,any_ad_vs_matched_no_ad,beta_power_db_uv2,secondary,-1.418514863015374
lab_subject_6,any_ad_vs_matched_no_ad,beta_power_db_uv2,secondary,1.0878211721687236
lab_subject_7,any_ad_vs_matched_no_ad,beta_power_db_uv2,secondary,-0.9925454449798927
lab_subject_8,any_ad_vs_matched_no_ad,beta_power_db_uv2,secondary,-2.24660836109396
lab_subject_9,any_ad_vs_matched_no_ad,beta_power_db_uv2,secondary,2.607194360484837
lab_subject_1,inline_vs_block,beta_power_db_uv2,secondary,-4.013139912343654
lab_subject_10,inline_vs_block,beta_power_db_uv2,secondary,-0.40283892718854464
lab_subject_11,inline_vs_block,beta_power_db_uv2,secondary,-1.1287590285716744
lab_subject_12,inline_vs_block,beta_power_db_uv2,secondary,0.6804614843191406
lab_subject_13,inline_vs_block,beta_power_db_uv2,secondary,-0.03620537542160718
lab_subject_14,inline_vs_block,beta_power_db_uv2,secondary,-1.547641700278981
lab_subject_15,inline_vs_block,beta_power_db_uv2,secondary,1.2343482215706054
lab_subject_16,inline_vs_block,beta_power_db_uv2,secondary,0.06663855598837509
lab_subject_17,inline_vs_block,beta_power_db_uv2,secondary,-0.5328494477289136
lab_subject_18,inline_vs_block,beta_power_db_uv2,secondary,4.655815547271019
lab_subject_19,inline_vs_block,beta_power_db_uv2,secondary,0.16478146124513326
lab_subject_2,inline_vs_block,beta_power_db_uv2,secondary,3.3908332849437195
lab_subject_3,inline_vs_block,beta_power_db_uv2,secondary,-0.747078130751849
lab_subject_5,inline_vs_block,beta_power_db_uv2,secondary,-0.9634237323781965
lab_subject_6,inline_vs_block,beta_power_db_uv2,secondary,0.3459178465278434
lab_subject_7,inline_vs_block,beta_power_db_uv2,secondary,0.0251216643947334
lab_subject_8,inline_vs_block,beta_power_db_uv2,secondary,0.28820084638271926
lab_subject_9,inline_vs_block,beta_power_db_uv2,secondary,3.6449913549524036
lab_subject_1,early_vs_late,beta_power_db_uv2,secondary,3.6780833769997106
lab_subject_10,early_vs_late,beta_power_db_uv2,secondary,2.804760017042006
lab_subject_11,early_vs_late,beta_power_db_uv2,secondary,1.4430616920293433
lab_subject_12,early_vs_late,beta_power_db_uv2,secondary,3.250826551917826
lab_subject_13,early_vs_late,beta_power_db_uv2,secondary,-0.08949817840541541
lab_subject_14,early_vs_late,beta_power_db_uv2,secondary,-0.15859451635874233
lab_subject_15,early_vs_late,beta_power_db_uv2,secondary,0.18801869795451043
lab_subject_16,early_vs_late,beta_power_db_uv2,secondary,-0.1110140495143086
lab_subject_17,early_vs_late,beta_power_db_uv2,secondary,1.0097350589144036
lab_subject_18,early_vs_late,beta_power_db_uv2,secondary,-0.7646370870961081
lab_subject_19,early_vs_late,beta_power_db_uv2,secondary,1.658967881505352
lab_subject_2,early_vs_late,beta_power_db_uv2,secondary,3.091288345935126
lab_subject_3,early_vs_late,beta_power_db_uv2,secondary,-0.7890106934360239
lab_subject_5,early_vs_late,beta_power_db_uv2,secondary,-1.1704680560600527
lab_subject_6,early_vs_late,beta_power_db_uv2,secondary,-0.8304619134986604
lab_subject_7,early_vs_late,beta_power_db_uv2,secondary,-0.18434186296076227
lab_subject_8,early_vs_late,beta_power_db_uv2,secondary,-1.7121968515035002
lab_subject_9,early_vs_late,beta_power_db_uv2,secondary,-2.6810725772402337
lab_subject_1,format_x_timing,beta_power_db_uv2,secondary,12.410396132501326
lab_subject_10,format_x_timing,beta_power_db_uv2,secondary,0.9308942941684055
lab_subject_11,format_x_timing,beta_power_db_uv2,secondary,-3.4999535481261805
lab_subject_12,format_x_timing,beta_power_db_uv2,secondary,-0.5293435247713703
lab_subject_13,format_x_timing,beta_power_db_uv2,secondary,0.0702748182496733
lab_subject_14,format_x_timing,beta_power_db_uv2,secondary,-1.5315555105526553
lab_subject_15,format_x_timing,beta_power_db_uv2,secondary,4.839114549228315
lab_subject_16,format_x_timing,beta_power_db_uv2,secondary,-1.9697323938088696
lab_subject_17,format_x_timing,beta_power_db_uv2,secondary,-0.4581836626581888
lab_subject_18,format_x_timing,beta_power_db_uv2,secondary,-10.381382049656661
lab_subject_19,format_x_timing,beta_power_db_uv2,secondary,3.3963907110949307
lab_subject_2,format_x_timing,beta_power_db_uv2,secondary,4.411715129007933
lab_subject_3,format_x_timing,beta_power_db_uv2,secondary,-2.6914259804692593
lab_subject_5,format_x_timing,beta_power_db_uv2,secondary,-3.5994743811770418
lab_subject_6,format_x_timing,beta_power_db_uv2,secondary,3.747616524164714
lab_subject_7,format_x_timing,beta_power_db_uv2,secondary,-0.886646314054623
lab_subject_8,format_x_timing,beta_power_db_uv2,secondary,-0.7059049709614182
lab_subject_9,format_x_timing,beta_power_db_uv2,secondary,-7.532675263887443
lab_subject_1,inline_early_vs_no_ad_early,faa_log_f4_minus_f3,secondary,1.7618117569972824
lab_subject_10,inline_early_vs_no_ad_early,faa_log_f4_minus_f3,secondary,-0.513483811811799
lab_subject_11,inline_early_vs_no_ad_early,faa_log_f4_minus_f3,secondary,0.33193791565018316
lab_subject_12,inline_early_vs_no_ad_early,faa_log_f4_minus_f3,secondary,0.5684824074823425
lab_subject_13,inline_early_vs_no_ad_early,faa_log_f4_minus_f3,secondary,-0.26888309072910843
lab_subject_14,inline_early_vs_no_ad_early,faa_log_f4_minus_f3,secondary,1.110074178984732
lab_subject_15,inline_early_vs_no_ad_early,faa_log_f4_minus_f3,secondary,-1.9039523154539388
lab_subject_16,inline_early_vs_no_ad_early,faa_log_f4_minus_f3,secondary,-0.5875797008607258
lab_subject_17,inline_early_vs_no_ad_early,faa_log_f4_minus_f3,secondary,-0.7969250102298808
lab_subject_18,inline_early_vs_no_ad_early,faa_log_f4_minus_f3,secondary,0.4466497138977843
lab_subject_19,inline_early_vs_no_ad_early,faa_log_f4_minus_f3,secondary,-0.22126389638747668
lab_subject_2,inline_early_vs_no_ad_early,faa_log_f4_minus_f3,secondary,-0.7304281097100294
lab_subject_3,inline_early_vs_no_ad_early,faa_log_f4_minus_f3,secondary,0.8312694128487834
lab_subject_5,inline_early_vs_no_ad_early,faa_log_f4_minus_f3,secondary,1.299337924005144
lab_subject_6,inline_early_vs_no_ad_early,faa_log_f4_minus_f3,secondary,1.0716935044395726
lab_subject_7,inline_early_vs_no_ad_early,faa_log_f4_minus_f3,secondary,-0.17673766081312436
lab_subject_8,inline_early_vs_no_ad_early,faa_log_f4_minus_f3,secondary,0.044864999562154395
lab_subject_9,inline_early_vs_no_ad_early,faa_log_f4_minus_f3,secondary,0.27790911002158225
lab_subject_1,block_early_vs_no_ad_early,faa_log_f4_minus_f3,secondary,2.0684036905825636
lab_subject_10,block_early_vs_no_ad_early,faa_log_f4_minus_f3,secondary,-0.5095799210310723
lab_subject_11,block_early_vs_no_ad_early,faa_log_f4_minus_f3,secondary,-0.01747489990022899
lab_subject_12,block_early_vs_no_ad_early,faa_log_f4_minus_f3,secondary,-0.19011039983618971
lab_subject_13,block_early_vs_no_ad_early,faa_log_f4_minus_f3,secondary,0.6026622391222993
lab_subject_14,block_early_vs_no_ad_early,faa_log_f4_minus_f3,secondary,0.4072636018784017
lab_subject_15,block_early_vs_no_ad_early,faa_log_f4_minus_f3,secondary,0.6546199684638552
lab_subject_16,block_early_vs_no_ad_early,faa_log_f4_minus_f3,secondary,-0.11119410107934513
lab_subject_17,block_early_vs_no_ad_early,faa_log_f4_minus_f3,secondary,-0.17600185352359787
lab_subject_18,block_early_vs_no_ad_early,faa_log_f4_minus_f3,secondary,0.7748188104548746
lab_subject_19,block_early_vs_no_ad_early,faa_log_f4_minus_f3,secondary,-0.6208362261989997
lab_subject_2,block_early_vs_no_ad_early,faa_log_f4_minus_f3,secondary,-1.076397013639685
lab_subject_3,block_early_vs_no_ad_early,faa_log_f4_minus_f3,secondary,-0.4993185015547539
lab_subject_5,block_early_vs_no_ad_early,faa_log_f4_minus_f3,secondary,1.447405917658788
lab_subject_6,block_early_vs_no_ad_early,faa_log_f4_minus_f3,secondary,-0.140777661818138
lab_subject_7,block_early_vs_no_ad_early,faa_log_f4_minus_f3,secondary,0.669770980009254
lab_subject_8,block_early_vs_no_ad_early,faa_log_f4_minus_f3,secondary,-1.8912677073531903
lab_subject_9,block_early_vs_no_ad_early,faa_log_f4_minus_f3,secondary,-0.2875781256284853
lab_subject_1,inline_late_vs_no_ad_late,faa_log_f4_minus_f3,secondary,-0.33758748623828794
lab_subject_10,inline_late_vs_no_ad_late,faa_log_f4_minus_f3,secondary,-0.9883847835753841
lab_subject_11,inline_late_vs_no_ad_late,faa_log_f4_minus_f3,secondary,-1.1895907585129066
lab_subject_12,inline_late_vs_no_ad_late,faa_log_f4_minus_f3,secondary,-0.6374706606232152
lab_subject_13,inline_late_vs_no_ad_late,faa_log_f4_minus_f3,secondary,0.3613449057619462
lab_subject_14,inline_late_vs_no_ad_late,faa_log_f4_minus_f3,secondary,-1.1352672310962397
lab_subject_15,inline_late_vs_no_ad_late,faa_log_f4_minus_f3,secondary,-0.5787965487538891
lab_subject_16,inline_late_vs_no_ad_late,faa_log_f4_minus_f3,secondary,-0.08222249895304756
lab_subject_17,inline_late_vs_no_ad_late,faa_log_f4_minus_f3,secondary,-0.035090593018964
lab_subject_18,inline_late_vs_no_ad_late,faa_log_f4_minus_f3,secondary,0.048875507651104044
lab_subject_19,inline_late_vs_no_ad_late,faa_log_f4_minus_f3,secondary,-1.542864931712888
lab_subject_2,inline_late_vs_no_ad_late,faa_log_f4_minus_f3,secondary,-0.5685212373970998
lab_subject_3,inline_late_vs_no_ad_late,faa_log_f4_minus_f3,secondary,-0.7430260845465746
lab_subject_5,inline_late_vs_no_ad_late,faa_log_f4_minus_f3,secondary,0.5529271458898322
lab_subject_6,inline_late_vs_no_ad_late,faa_log_f4_minus_f3,secondary,0.768199268963631
lab_subject_7,inline_late_vs_no_ad_late,faa_log_f4_minus_f3,secondary,1.110273739129564
lab_subject_8,inline_late_vs_no_ad_late,faa_log_f4_minus_f3,secondary,0.7151826936660548
lab_subject_9,inline_late_vs_no_ad_late,faa_log_f4_minus_f3,secondary,-0.08329153260252653
lab_subject_1,block_late_vs_no_ad_late,faa_log_f4_minus_f3,secondary,-0.8136721341405071
lab_subject_10,block_late_vs_no_ad_late,faa_log_f4_minus_f3,secondary,-0.1379147582440865
lab_subject_11,block_late_vs_no_ad_late,faa_log_f4_minus_f3,secondary,-0.815347803064828
lab_subject_12,block_late_vs_no_ad_late,faa_log_f4_minus_f3,secondary,-1.3504535922314638
lab_subject_13,block_late_vs_no_ad_late,faa_log_f4_minus_f3,secondary,1.6921651302093252
lab_subject_14,block_late_vs_no_ad_late,faa_log_f4_minus_f3,secondary,-0.16656952169122974
lab_subject_15,block_late_vs_no_ad_late,faa_log_f4_minus_f3,secondary,0.7243865839350363
lab_subject_16,block_late_vs_no_ad_late,faa_log_f4_minus_f3,secondary,0.6551433929361004
lab_subject_17,block_late_vs_no_ad_late,faa_log_f4_minus_f3,secondary,-0.3114995590436891
lab_subject_18,block_late_vs_no_ad_late,faa_log_f4_minus_f3,secondary,0.39844591894456016
lab_subject_19,block_late_vs_no_ad_late,faa_log_f4_minus_f3,secondary,-0.6426380747302751
lab_subject_2,block_late_vs_no_ad_late,faa_log_f4_minus_f3,secondary,-0.16789683257123045
lab_subject_3,block_late_vs_no_ad_late,faa_log_f4_minus_f3,secondary,-0.4221370037763208
lab_subject_5,block_late_vs_no_ad_late,faa_log_f4_minus_f3,secondary,0.35735003868247617
lab_subject_6,block_late_vs_no_ad_late,faa_log_f4_minus_f3,secondary,0.43655922315085505
lab_subject_7,block_late_vs_no_ad_late,faa_log_f4_minus_f3,secondary,0.3679431893672245
lab_subject_8,block_late_vs_no_ad_late,faa_log_f4_minus_f3,secondary,1.0959650313695057
lab_subject_9,block_late_vs_no_ad_late,faa_log_f4_minus_f3,secondary,-0.8990889252086269
lab_subject_1,any_ad_vs_matched_no_ad,faa_log_f4_minus_f3,secondary,0.6697389568002627
lab_subject_10,any_ad_vs_matched_no_ad,faa_log_f4_minus_f3,secondary,-0.5373408186655855
lab_subject_11,any_ad_vs_matched_no_ad,faa_log_f4_minus_f3,secondary,-0.4226188864569451
lab_subject_12,any_ad_vs_matched_no_ad,faa_log_f4_minus_f3,secondary,-0.40238806130213156
lab_subject_13,any_ad_vs_matched_no_ad,faa_log_f4_minus_f3,secondary,0.5968222960911156
lab_subject_14,any_ad_vs_matched_no_ad,faa_log_f4_minus_f3,secondary,0.053875257018916045
lab_subject_15,any_ad_vs_matched_no_ad,faa_log_f4_minus_f3,secondary,-0.2759355779522341
lab_subject_16,any_ad_vs_matched_no_ad,faa_log_f4_minus_f3,secondary,-0.03146322698925452
lab_subject_17,any_ad_vs_matched_no_ad,faa_log_f4_minus_f3,secondary,-0.32987925395403295
lab_subject_18,any_ad_vs_matched_no_ad,faa_log_f4_minus_f3,secondary,0.41719748773708076
lab_subject_19,any_ad_vs_matched_no_ad,faa_log_f4_minus_f3,secondary,-0.7569007822574099
lab_subject_2,any_ad_vs_matched_no_ad,faa_log_f4_minus_f3,secondary,-0.6358107983295112
lab_subject_3,any_ad_vs_matched_no_ad,faa_log_f4_minus_f3,secondary,-0.20830304425721646
lab_subject_5,any_ad_vs_matched_no_ad,faa_log_f4_minus_f3,secondary,0.91425525655906
lab_subject_6,any_ad_vs_matched_no_ad,faa_log_f4_minus_f3,secondary,0.5339185836839802
lab_subject_7,any_ad_vs_matched_no_ad,faa_log_f4_minus_f3,secondary,0.49281256192322953
lab_subject_8,any_ad_vs_matched_no_ad,faa_log_f4_minus_f3,secondary,-0.008813745688868835
lab_subject_9,any_ad_vs_matched_no_ad,faa_log_f4_minus_f3,secondary,-0.24801236835451412
lab_subject_1,inline_vs_block,faa_log_f4_minus_f3,secondary,0.08474635715846901
lab_subject_10,inline_vs_block,faa_log_f4_minus_f3,secondary,-0.42718695805601214
lab_subject_11,inline_vs_block,faa_log_f4_minus_f3,secondary,-0.012415069948833235
lab_subject_12,inline_vs_block,faa_log_f4_minus_f3,secondary,0.7357878694633904
lab_subject_13,inline_vs_block,faa_log_f4_minus_f3,secondary,-1.1011827771493934
lab_subject_14,inline_vs_block,faa_log_f4_minus_f3,secondary,-0.1329435661493399
lab_subject_15,inline_vs_block,faa_log_f4_minus_f3,secondary,-1.9308777083033597
lab_subject_16,inline_vs_block,faa_log_f4_minus_f3,secondary,-0.6068757458352643
lab_subject_17,inline_vs_block,faa_log_f4_minus_f3,secondary,-0.17225709534077893
lab_subject_18,inline_vs_block,faa_log_f4_minus_f3,secondary,-0.3388697539252732
lab_subject_19,inline_vs_block,faa_log_f4_minus_f3,secondary,-0.2503272635855449
lab_subject_2,inline_vs_block,faa_log_f4_minus_f3,secondary,-0.02732775044810687
lab_subject_3,inline_vs_block,faa_log_f4_minus_f3,secondary,0.5048494168166417
lab_subject_5,inline_vs_block,faa_log_f4_minus_f3,secondary,0.023754556776856006
lab_subject_6,inline_vs_block,faa_log_f4_minus_f3,secondary,0.7720556060352433
lab_subject_7,inline_vs_block,faa_log_f4_minus_f3,secondary,-0.05208904553001936
lab_subject_8,inline_vs_block,faa_log_f4_minus_f3,secondary,0.7776751846059469
lab_subject_9,inline_vs_block,faa_log_f4_minus_f3,secondary,0.690642314128084
lab_subject_1,early_vs_late,faa_log_f4_minus_f3,secondary,0.733624184585743
lab_subject_10,early_vs_late,faa_log_f4_minus_f3,secondary,0.2500357531515398
lab_subject_11,early_vs_late,faa_log_f4_minus_f3,secondary,0.5773220131415684
lab_subject_12,early_vs_late,faa_log_f4_minus_f3,secondary,0.9945791547891645
lab_subject_13,early_vs_late,faa_log_f4_minus_f3,secondary,-1.3287155418517642
lab_subject_14,early_vs_late,faa_log_f4_minus_f3,secondary,0.15448949411970503
lab_subject_15,early_vs_late,faa_log_f4_minus_f3,secondary,-0.4223669920426403
lab_subject_16,early_vs_late,faa_log_f4_minus_f3,secondary,-0.7649703465908289
lab_subject_17,early_vs_late,faa_log_f4_minus_f3,secondary,-0.06160609824737051
lab_subject_18,early_vs_late,faa_log_f4_minus_f3,secondary,0.8716354824761936
lab_subject_19,early_vs_late,faa_log_f4_minus_f3,secondary,0.690544708798873
lab_subject_2,early_vs_late,faa_log_f4_minus_f3,secondary,0.4096674196165839
lab_subject_3,early_vs_late,faa_log_f4_minus_f3,secondary,-0.5506276638320902
lab_subject_5,early_vs_late,faa_log_f4_minus_f3,secondary,0.3095220005560524
lab_subject_6,early_vs_late,faa_log_f4_minus_f3,secondary,-0.3658292348434724
lab_subject_7,early_vs_late,faa_log_f4_minus_f3,secondary,-0.155436657744632
lab_subject_8,early_vs_late,faa_log_f4_minus_f3,secondary,0.4152832665828541
lab_subject_9,early_vs_late,faa_log_f4_minus_f3,secondary,0.880560915518636
lab_subject_1,format_x_timing,faa_log_f4_minus_f3,secondary,-0.7826765814875003
lab_subject_10,format_x_timing,faa_log_f4_minus_f3,secondary,0.8465661345505708
lab_subject_11,format_x_timing,faa_log_f4_minus_f3,secondary,0.7236557709984908
lab_subject_12,format_x_timing,faa_log_f4_minus_f3,secondary,0.04560987571028363
lab_subject_13,format_x_timing,faa_log_f4_minus_f3,secondary,0.45927489459597126
lab_subject_14,format_x_timing,faa_log_f4_minus_f3,secondary,1.6715082865113402
lab_subject_15,format_x_timing,faa_log_f4_minus_f3,secondary,-1.2553891512288686
lab_subject_16,format_x_timing,faa_log_f4_minus_f3,secondary,0.2609802921077673
lab_subject_17,format_x_timing,faa_log_f4_minus_f3,secondary,-0.897332122731008
lab_subject_18,format_x_timing,faa_log_f4_minus_f3,secondary,0.021401314736365862
lab_subject_19,format_x_timing,faa_log_f4_minus_f3,secondary,1.2997991867941359
lab_subject_2,format_x_timing,faa_log_f4_minus_f3,secondary,0.746593308755525
lab_subject_3,format_x_timing,faa_log_f4_minus_f3,secondary,1.651476995173791
lab_subject_5,format_x_timing,faa_log_f4_minus_f3,secondary,-0.343645100861
lab_subject_6,format_x_timing,faa_log_f4_minus_f3,secondary,0.8808311204449346
lab_subject_7,format_x_timing,faa_log_f4_minus_f3,secondary,-1.588839190584718
lab_subject_8,format_x_timing,faa_log_f4_minus_f3,secondary,2.3169150446187956
lab_subject_9,format_x_timing,faa_log_f4_minus_f3,secondary,-0.25031015695603287
lab_subject_1,inline_early_vs_no_ad_early,delta_power_db_uv2,exploratory,-5.065930506859113
lab_subject_10,inline_early_vs_no_ad_early,delta_power_db_uv2,exploratory,6.289395093500222
lab_subject_11,inline_early_vs_no_ad_early,delta_power_db_uv2,exploratory,2.8251248866756153
lab_subject_12,inline_early_vs_no_ad_early,delta_power_db_uv2,exploratory,4.376847990751395
lab_subject_13,inline_early_vs_no_ad_early,delta_power_db_uv2,exploratory,-5.298881945432809
lab_subject_14,inline_early_vs_no_ad_early,delta_power_db_uv2,exploratory,-5.823440207597635
lab_subject_15,inline_early_vs_no_ad_early,delta_power_db_uv2,exploratory,-6.117505431417788
lab_subject_16,inline_early_vs_no_ad_early,delta_power_db_uv2,exploratory,3.1249332583373537
lab_subject_17,inline_early_vs_no_ad_early,delta_power_db_uv2,exploratory,5.648312115562243
lab_subject_18,inline_early_vs_no_ad_early,delta_power_db_uv2,exploratory,-2.0229403385046965
lab_subject_19,inline_early_vs_no_ad_early,delta_power_db_uv2,exploratory,-4.32117519348661
lab_subject_2,inline_early_vs_no_ad_early,delta_power_db_uv2,exploratory,2.930359460419094
lab_subject_3,inline_early_vs_no_ad_early,delta_power_db_uv2,exploratory,8.892645210203659
lab_subject_5,inline_early_vs_no_ad_early,delta_power_db_uv2,exploratory,-4.4305411342610785
lab_subject_6,inline_early_vs_no_ad_early,delta_power_db_uv2,exploratory,6.424715587265267
lab_subject_7,inline_early_vs_no_ad_early,delta_power_db_uv2,exploratory,-2.1285066913055584
lab_subject_8,inline_early_vs_no_ad_early,delta_power_db_uv2,exploratory,-4.604870321990209
lab_subject_9,inline_early_vs_no_ad_early,delta_power_db_uv2,exploratory,-3.1623296041752056
lab_subject_1,block_early_vs_no_ad_early,delta_power_db_uv2,exploratory,3.648787677187137
lab_subject_10,block_early_vs_no_ad_early,delta_power_db_uv2,exploratory,0.2827936871635508
lab_subject_11,block_early_vs_no_ad_early,delta_power_db_uv2,exploratory,11.240728164299
lab_subject_12,block_early_vs_no_ad_early,delta_power_db_uv2,exploratory,12.79753144954261
lab_subject_13,block_early_vs_no_ad_early,delta_power_db_uv2,exploratory,3.0160358817780324
lab_subject_14,block_early_vs_no_ad_early,delta_power_db_uv2,exploratory,1.7634829554793292
lab_subject_15,block_early_vs_no_ad_early,delta_power_db_uv2,exploratory,12.141656289618556
lab_subject_16,block_early_vs_no_ad_early,delta_power_db_uv2,exploratory,8.725301007094972
lab_subject_17,block_early_vs_no_ad_early,delta_power_db_uv2,exploratory,3.2769979827321283
lab_subject_18,block_early_vs_no_ad_early,delta_power_db_uv2,exploratory,0.8015634131261375
lab_subject_19,block_early_vs_no_ad_early,delta_power_db_uv2,exploratory,-0.28760599575207735
lab_subject_2,block_early_vs_no_ad_early,delta_power_db_uv2,exploratory,9.59571786566428
lab_subject_3,block_early_vs_no_ad_early,delta_power_db_uv2,exploratory,9.839648360282144
lab_subject_5,block_early_vs_no_ad_early,delta_power_db_uv2,exploratory,-0.7333620296929908
lab_subject_6,block_early_vs_no_ad_early,delta_power_db_uv2,exploratory,-2.4591011008008437
lab_subject_7,block_early_vs_no_ad_early,delta_power_db_uv2,exploratory,3.2051336112701527
lab_subject_8,block_early_vs_no_ad_early,delta_power_db_uv2,exploratory,-1.9225088670620671
lab_subject_9,block_early_vs_no_ad_early,delta_power_db_uv2,exploratory,-0.3886272287796828
lab_subject_1,inline_late_vs_no_ad_late,delta_power_db_uv2,exploratory,-9.727590826627031
lab_subject_10,inline_late_vs_no_ad_late,delta_power_db_uv2,exploratory,-5.221412487912575
lab_subject_11,inline_late_vs_no_ad_late,delta_power_db_uv2,exploratory,-1.664667913364612
lab_subject_12,inline_late_vs_no_ad_late,delta_power_db_uv2,exploratory,4.4279460037078096
lab_subject_13,inline_late_vs_no_ad_late,delta_power_db_uv2,exploratory,-0.37441955285770767
lab_subject_14,inline_late_vs_no_ad_late,delta_power_db_uv2,exploratory,16.282589250937754
lab_subject_15,inline_late_vs_no_ad_late,delta_power_db_uv2,exploratory,1.950369081935154
lab_subject_16,inline_late_vs_no_ad_late,delta_power_db_uv2,exploratory,-2.698806957749051
lab_subject_17,inline_late_vs_no_ad_late,delta_power_db_uv2,exploratory,-2.4044708253355367
lab_subject_18,inline_late_vs_no_ad_late,delta_power_db_uv2,exploratory,9.974197328193709
lab_subject_19,inline_late_vs_no_ad_late,delta_power_db_uv2,exploratory,-21.135453932176667
lab_subject_2,inline_late_vs_no_ad_late,delta_power_db_uv2,exploratory,3.876845762995977
lab_subject_3,inline_late_vs_no_ad_late,delta_power_db_uv2,exploratory,2.2287968353417504
lab_subject_5,inline_late_vs_no_ad_late,delta_power_db_uv2,exploratory,-0.8733332533699389
lab_subject_6,inline_late_vs_no_ad_late,delta_power_db_uv2,exploratory,8.204873835316269
lab_subject_7,inline_late_vs_no_ad_late,delta_power_db_uv2,exploratory,17.337653616175288
lab_subject_8,inline_late_vs_no_ad_late,delta_power_db_uv2,exploratory,6.899597347179331
lab_subject_9,inline_late_vs_no_ad_late,delta_power_db_uv2,exploratory,8.449613520264904
lab_subject_1,block_late_vs_no_ad_late,delta_power_db_uv2,exploratory,6.811282228731789
lab_subject_10,block_late_vs_no_ad_late,delta_power_db_uv2,exploratory,-4.087830752640594
lab_subject_11,block_late_vs_no_ad_late,delta_power_db_uv2,exploratory,5.685152113717059
lab_subject_12,block_late_vs_no_ad_late,delta_power_db_uv2,exploratory,2.133502954308165
lab_subject_13,block_late_vs_no_ad_late,delta_power_db_uv2,exploratory,8.480584724601156
lab_subject_14,block_late_vs_no_ad_late,delta_power_db_uv2,exploratory,17.643440881249614
lab_subject_15,block_late_vs_no_ad_late,delta_power_db_uv2,exploratory,-0.6813420387253188
lab_subject_16,block_late_vs_no_ad_late,delta_power_db_uv2,exploratory,13.630560800529707
lab_subject_17,block_late_vs_no_ad_late,delta_power_db_uv2,exploratory,-4.27225039763327
lab_subject_18,block_late_vs_no_ad_late,delta_power_db_uv2,exploratory,0.17961862941139373
lab_subject_19,block_late_vs_no_ad_late,delta_power_db_uv2,exploratory,-7.8851157029702605
lab_subject_2,block_late_vs_no_ad_late,delta_power_db_uv2,exploratory,-5.595515888973402
lab_subject_3,block_late_vs_no_ad_late,delta_power_db_uv2,exploratory,3.0355594943325137
lab_subject_5,block_late_vs_no_ad_late,delta_power_db_uv2,exploratory,-18.085463626630165
lab_subject_6,block_late_vs_no_ad_late,delta_power_db_uv2,exploratory,10.665713935112542
lab_subject_7,block_late_vs_no_ad_late,delta_power_db_uv2,exploratory,8.717951015048051
lab_subject_8,block_late_vs_no_ad_late,delta_power_db_uv2,exploratory,3.0317755745075274
lab_subject_9,block_late_vs_no_ad_late,delta_power_db_uv2,exploratory,-3.700627669978271
lab_subject_1,any_ad_vs_matched_no_ad,delta_power_db_uv2,exploratory,-1.0833628568918043
lab_subject_10,any_ad_vs_matched_no_ad,delta_power_db_uv2,exploratory,-0.6842636149723491
lab_subject_11,any_ad_vs_matched_no_ad,delta_power_db_uv2,exploratory,4.521584312831766
lab_subject_12,any_ad_vs_matched_no_ad,delta_power_db_uv2,exploratory,5.933957099577495
lab_subject_13,any_ad_vs_matched_no_ad,delta_power_db_uv2,exploratory,1.455829777022168
lab_subject_14,any_ad_vs_matched_no_ad,delta_power_db_uv2,exploratory,7.4665182200172655
lab_subject_15,any_ad_vs_matched_no_ad,delta_power_db_uv2,exploratory,1.8232944753526508
lab_subject_16,any_ad_vs_matched_no_ad,delta_power_db_uv2,exploratory,5.6954970270532455
lab_subject_17,any_ad_vs_matched_no_ad,delta_power_db_uv2,exploratory,0.5621472188313912
lab_subject_18,any_ad_vs_matched_no_ad,delta_power_db_uv2,exploratory,2.233109758056636
lab_subject_19,any_ad_vs_matched_no_ad,delta_power_db_uv2,exploratory,-8.407337706096403
lab_subject_2,any_ad_vs_matched_no_ad,delta_power_db_uv2,exploratory,2.7018518000264873
lab_subject_3,any_ad_vs_matched_no_ad,delta_power_db_uv2,exploratory,5.999162475040016
lab_subject_5,any_ad_vs_matched_no_ad,delta_power_db_uv2,exploratory,-6.030675010988544
lab_subject_6,any_ad_vs_matched_no_ad,delta_power_db_uv2,exploratory,5.7090505642233085
lab_subject_7,any_ad_vs_matched_no_ad,delta_power_db_uv2,exploratory,6.783057887796984
lab_subject_8,any_ad_vs_matched_no_ad,delta_power_db_uv2,exploratory,0.8509984331586455
lab_subject_9,any_ad_vs_matched_no_ad,delta_power_db_uv2,exploratory,0.29950725433293623
lab_subject_1,inline_vs_block,delta_power_db_uv2,exploratory,-12.626795619702534
lab_subject_10,inline_vs_block,delta_power_db_uv2,exploratory,2.4365098355323447
lab_subject_11,inline_vs_block,delta_power_db_uv2,exploratory,-7.882711652352528
lab_subject_12,inline_vs_block,delta_power_db_uv2,exploratory,-3.0631202046957853
lab_subject_13,inline_vs_block,delta_power_db_uv2,exploratory,-8.584961052334853
lab_subject_14,inline_vs_block,delta_power_db_uv2,exploratory,-4.473887396694412
lab_subject_15,inline_vs_block,delta_power_db_uv2,exploratory,-7.813725300187936
lab_subject_16,inline_vs_block,delta_power_db_uv2,exploratory,-10.964867753518188
lab_subject_17,inline_vs_block,delta_power_db_uv2,exploratory,2.119546852563924
lab_subject_18,inline_vs_block,delta_power_db_uv2,exploratory,3.4850374735757406
lab_subject_19,inline_vs_block,delta_power_db_uv2,exploratory,-8.64195371347047
lab_subject_2,inline_vs_block,delta_power_db_uv2,exploratory,1.4035016233620965
lab_subject_3,inline_vs_block,delta_power_db_uv2,exploratory,-0.8768829045346243
lab_subject_5,inline_vs_block,delta_power_db_uv2,exploratory,6.757475634346069
lab_subject_6,inline_vs_block,delta_power_db_uv2,exploratory,3.2114882941349183
lab_subject_7,inline_vs_block,delta_power_db_uv2,exploratory,1.643031149275763
lab_subject_8,inline_vs_block,delta_power_db_uv2,exploratory,0.5927301588718308
lab_subject_9,inline_vs_block,delta_power_db_uv2,exploratory,4.688269407423826
lab_subject_1,early_vs_late,delta_power_db_uv2,exploratory,-0.6437163025852923
lab_subject_10,early_vs_late,delta_power_db_uv2,exploratory,2.2970544631035192
lab_subject_11,early_vs_late,delta_power_db_uv2,exploratory,-3.1548527591705486
lab_subject_12,early_vs_late,delta_power_db_uv2,exploratory,-4.543861981985351
lab_subject_13,early_vs_late,delta_power_db_uv2,exploratory,-5.208195520114815
lab_subject_14,early_vs_late,delta_power_db_uv2,exploratory,-2.843889492558631
lab_subject_15,early_vs_late,delta_power_db_uv2,exploratory,-7.08260970706914
lab_subject_16,early_vs_late,delta_power_db_uv2,exploratory,3.7375280376681523
lab_subject_17,early_vs_late,delta_power_db_uv2,exploratory,-0.8065232958131299
lab_subject_18,early_vs_late,delta_power_db_uv2,exploratory,0.833181384845739
lab_subject_19,early_vs_late,delta_power_db_uv2,exploratory,13.159843146001757
lab_subject_2,early_vs_late,delta_power_db_uv2,exploratory,0.6597540329121365
lab_subject_3,early_vs_late,delta_power_db_uv2,exploratory,-0.6572523298718869
lab_subject_5,early_vs_late,delta_power_db_uv2,exploratory,5.6044123178306195
lab_subject_6,early_vs_late,delta_power_db_uv2,exploratory,-3.4144547471936875
lab_subject_7,early_vs_late,delta_power_db_uv2,exploratory,-4.4895400045001645
lab_subject_8,early_vs_late,delta_power_db_uv2,exploratory,-6.5405457839606065
lab_subject_9,early_vs_late,delta_power_db_uv2,exploratory,8.845360100728827
lab_subject_1,format_x_timing,delta_power_db_uv2,exploratory,7.824154871312571
lab_subject_10,format_x_timing,delta_power_db_uv2,exploratory,7.140183141608652
lab_subject_11,format_x_timing,delta_power_db_uv2,exploratory,-1.0657832505417133
lab_subject_12,format_x_timing,delta_power_db_uv2,exploratory,-10.71512650819086
lab_subject_13,format_x_timing,delta_power_db_uv2,exploratory,0.5400864502480225
lab_subject_14,format_x_timing,delta_power_db_uv2,exploratory,-6.226071532765104
lab_subject_15,format_x_timing,delta_power_db_uv2,exploratory,-20.89087284169682
lab_subject_16,format_x_timing,delta_power_db_uv2,exploratory,10.72900000952114
lab_subject_17,format_x_timing,delta_power_db_uv2,exploratory,0.5035345605323815
lab_subject_18,format_x_timing,delta_power_db_uv2,exploratory,-12.61908245041315
lab_subject_19,format_x_timing,delta_power_db_uv2,exploratory,9.216769031471873
lab_subject_2,format_x_timing,delta_power_db_uv2,exploratory,-16.137720057214565
lab_subject_3,format_x_timing,delta_power_db_uv2,exploratory,-0.14024049108772196
lab_subject_5,format_x_timing,delta_power_db_uv2,exploratory,-20.909309477828316
lab_subject_6,format_x_timing,delta_power_db_uv2,exploratory,11.344656787862384
lab_subject_7,format_x_timing,delta_power_db_uv2,exploratory,-13.953342903702948
lab_subject_8,format_x_timing,delta_power_db_uv2,exploratory,-6.550183227599945
lab_subject_9,format_x_timing,delta_power_db_uv2,exploratory,-14.923943565638698
lab_subject_1,inline_early_vs_no_ad_early,gamma_power_db_uv2,exploratory,2.260391872518799
lab_subject_10,inline_early_vs_no_ad_early,gamma_power_db_uv2,exploratory,8.160581486620611
lab_subject_11,inline_early_vs_no_ad_early,gamma_power_db_uv2,exploratory,-0.5300262820235633
lab_subject_12,inline_early_vs_no_ad_early,gamma_power_db_uv2,exploratory,1.1547540113554646
lab_subject_13,inline_early_vs_no_ad_early,gamma_power_db_uv2,exploratory,0.6605830814071187
lab_subject_14,inline_early_vs_no_ad_early,gamma_power_db_uv2,exploratory,-10.688044746690501
lab_subject_15,inline_early_vs_no_ad_early,gamma_power_db_uv2,exploratory,6.883140441800034
lab_subject_16,inline_early_vs_no_ad_early,gamma_power_db_uv2,exploratory,-5.842837311124422
lab_subject_17,inline_early_vs_no_ad_early,gamma_power_db_uv2,exploratory,5.360705714300568
lab_subject_18,inline_early_vs_no_ad_early,gamma_power_db_uv2,exploratory,-4.784221177942316
lab_subject_19,inline_early_vs_no_ad_early,gamma_power_db_uv2,exploratory,4.6158956804716675
lab_subject_2,inline_early_vs_no_ad_early,gamma_power_db_uv2,exploratory,5.267081719853991
lab_subject_3,inline_early_vs_no_ad_early,gamma_power_db_uv2,exploratory,-0.4138033445721909
lab_subject_5,inline_early_vs_no_ad_early,gamma_power_db_uv2,exploratory,-4.665633065703927
lab_subject_6,inline_early_vs_no_ad_early,gamma_power_db_uv2,exploratory,0.9622060021726702
lab_subject_7,inline_early_vs_no_ad_early,gamma_power_db_uv2,exploratory,-5.334919924448137
lab_subject_8,inline_early_vs_no_ad_early,gamma_power_db_uv2,exploratory,-2.157907853575259
lab_subject_9,inline_early_vs_no_ad_early,gamma_power_db_uv2,exploratory,0.7627582211055053
lab_subject_1,block_early_vs_no_ad_early,gamma_power_db_uv2,exploratory,2.2505354647083857
lab_subject_10,block_early_vs_no_ad_early,gamma_power_db_uv2,exploratory,8.218874707770063
lab_subject_11,block_early_vs_no_ad_early,gamma_power_db_uv2,exploratory,-0.8713289088276948
lab_subject_12,block_early_vs_no_ad_early,gamma_power_db_uv2,exploratory,-0.07224739487538523
lab_subject_13,block_early_vs_no_ad_early,gamma_power_db_uv2,exploratory,0.6232007418705026
lab_subject_14,block_early_vs_no_ad_early,gamma_power_db_uv2,exploratory,-7.1861912406332875
lab_subject_15,block_early_vs_no_ad_early,gamma_power_db_uv2,exploratory,-2.4192843321268507
lab_subject_16,block_early_vs_no_ad_early,gamma_power_db_uv2,exploratory,-3.5196289559743974
lab_subject_17,block_early_vs_no_ad_early,gamma_power_db_uv2,exploratory,6.479122909678115
lab_subject_18,block_early_vs_no_ad_early,gamma_power_db_uv2,exploratory,-3.5469826085753633
lab_subject_19,block_early_vs_no_ad_early,gamma_power_db_uv2,exploratory,-1.111781373731593
lab_subject_2,block_early_vs_no_ad_early,gamma_power_db_uv2,exploratory,3.3511738892008087
lab_subject_3,block_early_vs_no_ad_early,gamma_power_db_uv2,exploratory,-2.3118903469637466
lab_subject_5,block_early_vs_no_ad_early,gamma_power_db_uv2,exploratory,-0.5042444871132807
lab_subject_6,block_early_vs_no_ad_early,gamma_power_db_uv2,exploratory,-2.4460786769863265
lab_subject_7,block_early_vs_no_ad_early,gamma_power_db_uv2,exploratory,-4.714971597210602
lab_subject_8,block_early_vs_no_ad_early,gamma_power_db_uv2,exploratory,2.1371614273775457
lab_subject_9,block_early_vs_no_ad_early,gamma_power_db_uv2,exploratory,-0.9538165456922902
lab_subject_1,inline_late_vs_no_ad_late,gamma_power_db_uv2,exploratory,-14.271881788961998
lab_subject_10,inline_late_vs_no_ad_late,gamma_power_db_uv2,exploratory,-6.815638078470249
lab_subject_11,inline_late_vs_no_ad_late,gamma_power_db_uv2,exploratory,2.616959846215708
lab_subject_12,inline_late_vs_no_ad_late,gamma_power_db_uv2,exploratory,0.5327206118212173
lab_subject_13,inline_late_vs_no_ad_late,gamma_power_db_uv2,exploratory,-1.6514757418254982
lab_subject_14,inline_late_vs_no_ad_late,gamma_power_db_uv2,exploratory,-0.8845807109106776
lab_subject_15,inline_late_vs_no_ad_late,gamma_power_db_uv2,exploratory,-4.920639137012344
lab_subject_16,inline_late_vs_no_ad_late,gamma_power_db_uv2,exploratory,-2.0996997392491457
lab_subject_17,inline_late_vs_no_ad_late,gamma_power_db_uv2,exploratory,-1.3248430613645876
lab_subject_18,inline_late_vs_no_ad_late,gamma_power_db_uv2,exploratory,-0.8513125393859211
lab_subject_19,inline_late_vs_no_ad_late,gamma_power_db_uv2,exploratory,-1.4824966206675767
lab_subject_2,inline_late_vs_no_ad_late,gamma_power_db_uv2,exploratory,1.608993442158238
lab_subject_3,inline_late_vs_no_ad_late,gamma_power_db_uv2,exploratory,-3.1532603784432087
lab_subject_5,inline_late_vs_no_ad_late,gamma_power_db_uv2,exploratory,-1.2201589018260823
lab_subject_6,inline_late_vs_no_ad_late,gamma_power_db_uv2,exploratory,0.733523909484495
lab_subject_7,inline_late_vs_no_ad_late,gamma_power_db_uv2,exploratory,1.248753100852487
lab_subject_8,inline_late_vs_no_ad_late,gamma_power_db_uv2,exploratory,-0.11083819208952628
lab_subject_9,inline_late_vs_no_ad_late,gamma_power_db_uv2,exploratory,4.697370156443744
lab_subject_1,block_late_vs_no_ad_late,gamma_power_db_uv2,exploratory,0.8242961960081421
lab_subject_10,block_late_vs_no_ad_late,gamma_power_db_uv2,exploratory,-2.507723773652054
lab_subject_11,block_late_vs_no_ad_late,gamma_power_db_uv2,exploratory,1.3263266650409582
lab_subject_12,block_late_vs_no_ad_late,gamma_power_db_uv2,exploratory,0.2058845346029441
lab_subject_13,block_late_vs_no_ad_late,gamma_power_db_uv2,exploratory,0.8216088985381902
lab_subject_14,block_late_vs_no_ad_late,gamma_power_db_uv2,exploratory,0.6559074194111028
lab_subject_15,block_late_vs_no_ad_late,gamma_power_db_uv2,exploratory,-4.0736445314868215
lab_subject_16,block_late_vs_no_ad_late,gamma_power_db_uv2,exploratory,-3.7053920758594234
lab_subject_17,block_late_vs_no_ad_late,gamma_power_db_uv2,exploratory,1.154487437374981
lab_subject_18,block_late_vs_no_ad_late,gamma_power_db_uv2,exploratory,-14.478543293478115
lab_subject_19,block_late_vs_no_ad_late,gamma_power_db_uv2,exploratory,-1.8757977990785415
lab_subject_2,block_late_vs_no_ad_late,gamma_power_db_uv2,exploratory,0.4362747417627859
lab_subject_3,block_late_vs_no_ad_late,gamma_power_db_uv2,exploratory,-4.5136643169512025
lab_subject_5,block_late_vs_no_ad_late,gamma_power_db_uv2,exploratory,-0.05144082954217266
lab_subject_6,block_late_vs_no_ad_late,gamma_power_db_uv2,exploratory,1.7090740757877212
lab_subject_7,block_late_vs_no_ad_late,gamma_power_db_uv2,exploratory,0.10287462381739587
lab_subject_8,block_late_vs_no_ad_late,gamma_power_db_uv2,exploratory,-1.1245550816905405
lab_subject_9,block_late_vs_no_ad_late,gamma_power_db_uv2,exploratory,-0.28311550579277256
lab_subject_1,any_ad_vs_matched_no_ad,gamma_power_db_uv2,exploratory,-2.2341645639316683
lab_subject_10,any_ad_vs_matched_no_ad,gamma_power_db_uv2,exploratory,1.7640235855670925
lab_subject_11,any_ad_vs_matched_no_ad,gamma_power_db_uv2,exploratory,0.6354828301013521
lab_subject_12,any_ad_vs_matched_no_ad,gamma_power_db_uv2,exploratory,0.4552779407260602
lab_subject_13,any_ad_vs_matched_no_ad,gamma_power_db_uv2,exploratory,0.11347924499757833
lab_subject_14,any_ad_vs_matched_no_ad,gamma_power_db_uv2,exploratory,-4.525727319705841
lab_subject_15,any_ad_vs_matched_no_ad,gamma_power_db_uv2,exploratory,-1.1326068897064958
lab_subject_16,any_ad_vs_matched_no_ad,gamma_power_db_uv2,exploratory,-3.7918895205518472
lab_subject_17,any_ad_vs_matched_no_ad,gamma_power_db_uv2,exploratory,2.917368249997269
lab_subject_18,any_ad_vs_matched_no_ad,gamma_power_db_uv2,exploratory,-5.915264904845428
lab_subject_19,any_ad_vs_matched_no_ad,gamma_power_db_uv2,exploratory,0.03645497174848916
lab_subject_2,any_ad_vs_matched_no_ad,gamma_power_db_uv2,exploratory,2.665880948243956
lab_subject_3,any_ad_vs_matched_no_ad,gamma_power_db_uv2,exploratory,-2.598154596732587
lab_subject_5,any_ad_vs_matched_no_ad,gamma_power_db_uv2,exploratory,-1.6103693210463659
lab_subject_6,any_ad_vs_matched_no_ad,gamma_power_db_uv2,exploratory,0.2396813276146399
lab_subject_7,any_ad_vs_matched_no_ad,gamma_power_db_uv2,exploratory,-2.174565949247214
lab_subject_8,any_ad_vs_matched_no_ad,gamma_power_db_uv2,exploratory,-0.3140349249944452
lab_subject_9,any_ad_vs_matched_no_ad,gamma_power_db_uv2,exploratory,1.0557990815160465
lab_subject_1,inline_vs_block,gamma_power_db_uv2,exploratory,-7.543160788579864
lab_subject_10,inline_vs_block,gamma_power_db_uv2,exploratory,-2.1831037629838232
lab_subject_11,inline_vs_block,gamma_power_db_uv2,exploratory,0.8159679039894407
lab_subject_12,inline_vs_block,gamma_power_db_uv2,exploratory,0.7769187417245615
lab_subject_13,inline_vs_block,gamma_power_db_uv2,exploratory,-1.217851150413536
lab_subject_14,inline_vs_block,gamma_power_db_uv2,exploratory,-2.521170818189497
lab_subject_15,inline_vs_block,gamma_power_db_uv2,exploratory,4.22771508420068
lab_subject_16,inline_vs_block,gamma_power_db_uv2,exploratory,-0.3587580092698732
lab_subject_17,inline_vs_block,gamma_power_db_uv2,exploratory,-1.798873847058558
lab_subject_18,inline_vs_block,gamma_power_db_uv2,exploratory,6.194996092362621
lab_subject_19,inline_vs_block,gamma_power_db_uv2,exploratory,3.060489116307113
lab_subject_2,inline_vs_block,gamma_power_db_uv2,exploratory,1.5443132655243175
lab_subject_3,inline_vs_block,gamma_power_db_uv2,exploratory,1.6292454704497747
lab_subject_5,inline_vs_block,gamma_power_db_uv2,exploratory,-2.665053325437278
lab_subject_6,inline_vs_block,gamma_power_db_uv2,exploratory,1.2163672564278851
lab_subject_7,inline_vs_block,gamma_power_db_uv2,exploratory,0.2629650748987782
lab_subject_8,inline_vs_block,gamma_power_db_uv2,exploratory,-1.6406761956758953
lab_subject_9,inline_vs_block,gamma_power_db_uv2,exploratory,3.348530214517156
lab_subject_1,early_vs_late,gamma_power_db_uv2,exploratory,7.187512830438386
lab_subject_10,early_vs_late,gamma_power_db_uv2,exploratory,5.246704051031152
lab_subject_11,early_vs_late,gamma_power_db_uv2,exploratory,-2.079323523819867
lab_subject_12,early_vs_late,gamma_power_db_uv2,exploratory,1.6169873146759008
lab_subject_13,early_vs_late,gamma_power_db_uv2,exploratory,3.1456915710536757
lab_subject_14,early_vs_late,gamma_power_db_uv2,exploratory,0.564083188710579
lab_subject_15,early_vs_late,gamma_power_db_uv2,exploratory,-0.0880990440187337
lab_subject_16,early_vs_late,gamma_power_db_uv2,exploratory,-0.712004644272652
lab_subject_17,early_vs_late,gamma_power_db_uv2,exploratory,-0.7592520094613608
lab_subject_18,early_vs_late,gamma_power_db_uv2,exploratory,-0.7073505879759123
lab_subject_19,early_vs_late,gamma_power_db_uv2,exploratory,2.3226049412592724
lab_subject_2,early_vs_late,gamma_power_db_uv2,exploratory,2.087818954287105
lab_subject_3,early_vs_late,gamma_power_db_uv2,exploratory,0.4134493836786435
lab_subject_5,early_vs_late,gamma_power_db_uv2,exploratory,-3.053288742152312
lab_subject_6,early_vs_late,gamma_power_db_uv2,exploratory,-1.4464941525092332
lab_subject_7,early_vs_late,gamma_power_db_uv2,exploratory,-0.14354570800487743
lab_subject_8,early_vs_late,gamma_power_db_uv2,exploratory,-2.0048612887611394
lab_subject_9,early_vs_late,gamma_power_db_uv2,exploratory,-3.2667166784289186
lab_subject_1,format_x_timing,gamma_power_db_uv2,exploratory,15.106034392780554
lab_subject_10,format_x_timing,gamma_power_db_uv2,exploratory,4.249621083668743
lab_subject_11,format_x_timing,gamma_power_db_uv2,exploratory,-0.9493305543706188
lab_subject_12,format_x_timing,gamma_power_db_uv2,exploratory,0.9001653290125766
lab_subject_13,format_x_timing,gamma_power_db_uv2,exploratory,2.510466979900305
lab_subject_14,format_x_timing,gamma_power_db_uv2,exploratory,-1.9613653757354332
lab_subject_15,format_x_timing,gamma_power_db_uv2,exploratory,10.149419379452407
lab_subject_16,format_x_timing,gamma_power_db_uv2,exploratory,-3.928900691760302
lab_subject_17,format_x_timing,gamma_power_db_uv2,exploratory,1.3609133033620213
lab_subject_18,format_x_timing,gamma_power_db_uv2,exploratory,-14.864469323459147
lab_subject_19,format_x_timing,gamma_power_db_uv2,exploratory,5.334375875792295
lab_subject_2,format_x_timing,gamma_power_db_uv2,exploratory,0.7431891302577305
lab_subject_3,format_x_timing,gamma_power_db_uv2,exploratory,0.5376830638835619
lab_subject_5,format_x_timing,gamma_power_db_uv2,exploratory,-2.9926705063067365
lab_subject_6,format_x_timing,gamma_power_db_uv2,exploratory,4.383834845462223
lab_subject_7,format_x_timing,gamma_power_db_uv2,exploratory,-1.765826804272626
lab_subject_8,format_x_timing,gamma_power_db_uv2,exploratory,-5.3087861705538195
lab_subject_9,format_x_timing,gamma_power_db_uv2,exploratory,-3.2639108954387206
lab_subject_1,inline_early_vs_no_ad_early,delta_relative_power,exploratory,-0.3499295403262272
lab_subject_10,inline_early_vs_no_ad_early,delta_relative_power,exploratory,0.006960106388754328
lab_subject_11,inline_early_vs_no_ad_early,delta_relative_power,exploratory,0.1617494230546327
lab_subject_12,inline_early_vs_no_ad_early,delta_relative_power,exploratory,0.09972029862164666
lab_subject_13,inline_early_vs_no_ad_early,delta_relative_power,exploratory,-0.09548083432407084
lab_subject_14,inline_early_vs_no_ad_early,delta_relative_power,exploratory,0.2718128163284554
lab_subject_15,inline_early_vs_no_ad_early,delta_relative_power,exploratory,-0.1866053349408242
lab_subject_16,inline_early_vs_no_ad_early,delta_relative_power,exploratory,0.22799019410929539
lab_subject_17,inline_early_vs_no_ad_early,delta_relative_power,exploratory,0.13567791002532492
lab_subject_18,inline_early_vs_no_ad_early,delta_relative_power,exploratory,-0.05716760308782415
lab_subject_19,inline_early_vs_no_ad_early,delta_relative_power,exploratory,-0.09507357775330727
lab_subject_2,inline_early_vs_no_ad_early,delta_relative_power,exploratory,0.04939917917819031
lab_subject_3,inline_early_vs_no_ad_early,delta_relative_power,exploratory,0.32878909051290517
lab_subject_5,inline_early_vs_no_ad_early,delta_relative_power,exploratory,-0.10869240466950475
lab_subject_6,inline_early_vs_no_ad_early,delta_relative_power,exploratory,0.14541241178346292
lab_subject_7,inline_early_vs_no_ad_early,delta_relative_power,exploratory,-0.09071069231732731
lab_subject_8,inline_early_vs_no_ad_early,delta_relative_power,exploratory,-0.13701370877871366
lab_subject_9,inline_early_vs_no_ad_early,delta_relative_power,exploratory,-0.23278649079412728
lab_subject_1,block_early_vs_no_ad_early,delta_relative_power,exploratory,0.10058146469399654
lab_subject_10,block_early_vs_no_ad_early,delta_relative_power,exploratory,-0.17970467204109286
lab_subject_11,block_early_vs_no_ad_early,delta_relative_power,exploratory,0.5377059638757001
lab_subject_12,block_early_vs_no_ad_early,delta_relative_power,exploratory,0.4569816915237478
lab_subject_13,block_early_vs_no_ad_early,delta_relative_power,exploratory,0.20883256712830656
lab_subject_14,block_early_vs_no_ad_early,delta_relative_power,exploratory,0.35697359205530604
lab_subject_15,block_early_vs_no_ad_early,delta_relative_power,exploratory,0.26438887079800477
lab_subject_16,block_early_vs_no_ad_early,delta_relative_power,exploratory,0.39262893042031666
lab_subject_17,block_early_vs_no_ad_early,delta_relative_power,exploratory,0.011879910818299533
lab_subject_18,block_early_vs_no_ad_early,delta_relative_power,exploratory,0.11283652948087558
lab_subject_19,block_early_vs_no_ad_early,delta_relative_power,exploratory,0.06604068461801094
lab_subject_2,block_early_vs_no_ad_early,delta_relative_power,exploratory,0.4825143340669675
lab_subject_3,block_early_vs_no_ad_early,delta_relative_power,exploratory,0.30724536623553245
lab_subject_5,block_early_vs_no_ad_early,delta_relative_power,exploratory,0.013329054427482778
lab_subject_6,block_early_vs_no_ad_early,delta_relative_power,exploratory,-0.11496588550004089
lab_subject_7,block_early_vs_no_ad_early,delta_relative_power,exploratory,0.1548010677905668
lab_subject_8,block_early_vs_no_ad_early,delta_relative_power,exploratory,0.012473450513738826
lab_subject_9,block_early_vs_no_ad_early,delta_relative_power,exploratory,-0.1848550874829693
lab_subject_1,inline_late_vs_no_ad_late,delta_relative_power,exploratory,0.014284021717432371
lab_subject_10,inline_late_vs_no_ad_late,delta_relative_power,exploratory,-0.00983401370618242
lab_subject_11,inline_late_vs_no_ad_late,delta_relative_power,exploratory,-0.1680394164328023
lab_subject_12,inline_late_vs_no_ad_late,delta_relative_power,exploratory,0.3290015404027631
lab_subject_13,inline_late_vs_no_ad_late,delta_relative_power,exploratory,0.09712979711069603
lab_subject_14,inline_late_vs_no_ad_late,delta_relative_power,exploratory,0.626391533772463
lab_subject_15,inline_late_vs_no_ad_late,delta_relative_power,exploratory,0.04163556374348876
lab_subject_16,inline_late_vs_no_ad_late,delta_relative_power,exploratory,0.07296878753651836
lab_subject_17,inline_late_vs_no_ad_late,delta_relative_power,exploratory,0.06968509402845402
lab_subject_18,inline_late_vs_no_ad_late,delta_relative_power,exploratory,0.3693408205989993
lab_subject_19,inline_late_vs_no_ad_late,delta_relative_power,exploratory,-0.5584266050964525
lab_subject_2,inline_late_vs_no_ad_late,delta_relative_power,exploratory,0.16386977503885825
lab_subject_3,inline_late_vs_no_ad_late,delta_relative_power,exploratory,0.14899486440729331
lab_subject_5,inline_late_vs_no_ad_late,delta_relative_power,exploratory,-0.028726317365030618
lab_subject_6,inline_late_vs_no_ad_late,delta_relative_power,exploratory,0.3682854000722082
lab_subject_7,inline_late_vs_no_ad_late,delta_relative_power,exploratory,0.7028455502000432
lab_subject_8,inline_late_vs_no_ad_late,delta_relative_power,exploratory,0.5258709339729285
lab_subject_9,inline_late_vs_no_ad_late,delta_relative_power,exploratory,0.21475104409257295
lab_subject_1,block_late_vs_no_ad_late,delta_relative_power,exploratory,0.3337495932845821
lab_subject_10,block_late_vs_no_ad_late,delta_relative_power,exploratory,0.03776848295967106
lab_subject_11,block_late_vs_no_ad_late,delta_relative_power,exploratory,0.2145898813138336
lab_subject_12,block_late_vs_no_ad_late,delta_relative_power,exploratory,0.20615912149965826
lab_subject_13,block_late_vs_no_ad_late,delta_relative_power,exploratory,0.15623516175542596
lab_subject_14,block_late_vs_no_ad_late,delta_relative_power,exploratory,0.6732075984039814
lab_subject_15,block_late_vs_no_ad_late,delta_relative_power,exploratory,0.003183301429874774
lab_subject_16,block_late_vs_no_ad_late,delta_relative_power,exploratory,0.523969085957753
lab_subject_17,block_late_vs_no_ad_late,delta_relative_power,exploratory,-0.004645874961013985
lab_subject_18,block_late_vs_no_ad_late,delta_relative_power,exploratory,0.37067222583311854
lab_subject_19,block_late_vs_no_ad_late,delta_relative_power,exploratory,-0.2059023201002511
lab_subject_2,block_late_vs_no_ad_late,delta_relative_power,exploratory,-0.30211204525720986
lab_subject_3,block_late_vs_no_ad_late,delta_relative_power,exploratory,0.20421059633388855
lab_subject_5,block_late_vs_no_ad_late,delta_relative_power,exploratory,-0.3776514229172252
lab_subject_6,block_late_vs_no_ad_late,delta_relative_power,exploratory,0.38431894584938375
lab_subject_7,block_late_vs_no_ad_late,delta_relative_power,exploratory,0.2863949816572548
lab_subject_8,block_late_vs_no_ad_late,delta_relative_power,exploratory,0.31761020107241433
lab_subject_9,block_late_vs_no_ad_late,delta_relative_power,exploratory,-0.06451919680049323
lab_subject_1,any_ad_vs_matched_no_ad,delta_relative_power,exploratory,0.02467138484244595
lab_subject_10,any_ad_vs_matched_no_ad,delta_relative_power,exploratory,-0.036202524099712474
lab_subject_11,any_ad_vs_matched_no_ad,delta_relative_power,exploratory,0.18650146295284104
lab_subject_12,any_ad_vs_matched_no_ad,delta_relative_power,exploratory,0.27296566301195396
lab_subject_13,any_ad_vs_matched_no_ad,delta_relative_power,exploratory,0.09167917291758942
lab_subject_14,any_ad_vs_matched_no_ad,delta_relative_power,exploratory,0.4820963851400515
lab_subject_15,any_ad_vs_matched_no_ad,delta_relative_power,exploratory,0.030650600257636024
lab_subject_16,any_ad_vs_matched_no_ad,delta_relative_power,exploratory,0.30438924950597085
lab_subject_17,any_ad_vs_matched_no_ad,delta_relative_power,exploratory,0.05314925997776612
lab_subject_18,any_ad_vs_matched_no_ad,delta_relative_power,exploratory,0.19892049320629232
lab_subject_19,any_ad_vs_matched_no_ad,delta_relative_power,exploratory,-0.19834045458299998
lab_subject_2,any_ad_vs_matched_no_ad,delta_relative_power,exploratory,0.09841781075670154
lab_subject_3,any_ad_vs_matched_no_ad,delta_relative_power,exploratory,0.24730997937240484
lab_subject_5,any_ad_vs_matched_no_ad,delta_relative_power,exploratory,-0.12543527263106946
lab_subject_6,any_ad_vs_matched_no_ad,delta_relative_power,exploratory,0.19576271805125353
lab_subject_7,any_ad_vs_matched_no_ad,delta_relative_power,exploratory,0.2633327268326344
lab_subject_8,any_ad_vs_matched_no_ad,delta_relative_power,exploratory,0.179735219195092
lab_subject_9,any_ad_vs_matched_no_ad,delta_relative_power,exploratory,-0.06685243274625421
lab_subject_1,inline_vs_block,delta_relative_power,exploratory,-0.3849882882936867
lab_subject_10,inline_vs_block,delta_relative_power,exploratory,0.06953114088199686
lab_subject_11,inline_vs_block,delta_relative_power,exploratory,-0.37929291928385167
lab_subject_12,inline_vs_block,delta_relative_power,exploratory,-0.11720948699949815
lab_subject_13,inline_vs_block,delta_relative_power,exploratory,-0.18170938304855366
lab_subject_14,inline_vs_block,delta_relative_power,exploratory,-0.06598842017918449
lab_subject_15,inline_vs_block,delta_relative_power,exploratory,-0.2062709717126075
lab_subject_16,inline_vs_block,delta_relative_power,exploratory,-0.307819517366128
lab_subject_17,inline_vs_block,delta_relative_power,exploratory,0.0990644840982467
lab_subject_18,inline_vs_block,delta_relative_power,exploratory,-0.08566776890140948
lab_subject_19,inline_vs_block,delta_relative_power,exploratory,-0.2568192736837598
lab_subject_2,inline_vs_block,delta_relative_power,exploratory,0.01643333270364547
lab_subject_3,inline_vs_block,delta_relative_power,exploratory,-0.016836003824611256
lab_subject_5,inline_vs_block,delta_relative_power,exploratory,0.11345182322760353
lab_subject_6,inline_vs_block,delta_relative_power,exploratory,0.12217237575316414
lab_subject_7,inline_vs_block,delta_relative_power,exploratory,0.08546940421744717
lab_subject_8,inline_vs_block,delta_relative_power,exploratory,0.02938678680403084
lab_subject_9,inline_vs_block,delta_relative_power,exploratory,0.1156694187909541
lab_subject_1,early_vs_late,delta_relative_power,exploratory,-0.2195265853379708
lab_subject_10,early_vs_late,delta_relative_power,exploratory,-0.040198390941014184
lab_subject_11,early_vs_late,delta_relative_power,exploratory,-0.16974470845055084
lab_subject_12,early_vs_late,delta_relative_power,exploratory,-0.3320897228209298
lab_subject_13,early_vs_late,delta_relative_power,exploratory,-0.09533693431707224
lab_subject_14,early_vs_late,delta_relative_power,exploratory,-0.0854933869754142
lab_subject_15,early_vs_late,delta_relative_power,exploratory,-0.11133678104330563
lab_subject_16,early_vs_late,delta_relative_power,exploratory,0.1680928201019344
lab_subject_17,early_vs_late,delta_relative_power,exploratory,-0.10476277861792499
lab_subject_18,early_vs_late,delta_relative_power,exploratory,0.05651669412457855
lab_subject_19,early_vs_late,delta_relative_power,exploratory,0.4235398503766765
lab_subject_2,early_vs_late,delta_relative_power,exploratory,0.04080474630539824
lab_subject_3,early_vs_late,delta_relative_power,exploratory,-0.01355213223119811
lab_subject_5,early_vs_late,delta_relative_power,exploratory,0.11032703830118509
lab_subject_6,early_vs_late,delta_relative_power,exploratory,-0.1269384117431202
lab_subject_7,early_vs_late,delta_relative_power,exploratory,-0.20610064133869951
lab_subject_8,early_vs_late,delta_relative_power,exploratory,-0.2897322205229892
lab_subject_9,early_vs_late,delta_relative_power,exploratory,0.2032866362093691
lab_subject_1,format_x_timing,delta_relative_power,exploratory,-0.131045433453074
lab_subject_10,format_x_timing,delta_relative_power,exploratory,0.23426727509570067
lab_subject_11,format_x_timing,delta_relative_power,exploratory,0.006672756925568457
lab_subject_12,format_x_timing,delta_relative_power,exploratory,-0.480103811805206
lab_subject_13,format_x_timing,delta_relative_power,exploratory,-0.24520803680764747
lab_subject_14,format_x_timing,delta_relative_power,exploratory,-0.03834471109533233
lab_subject_15,format_x_timing,delta_relative_power,exploratory,-0.48944646805244296
lab_subject_16,format_x_timing,delta_relative_power,exploratory,0.2863615621102134
lab_subject_17,format_x_timing,delta_relative_power,exploratory,0.049467030217557384
lab_subject_18,format_x_timing,delta_relative_power,exploratory,-0.1686727273345805
lab_subject_19,format_x_timing,delta_relative_power,exploratory,0.19141002262488316
lab_subject_2,format_x_timing,delta_relative_power,exploratory,-0.8990969751848452
lab_subject_3,format_x_timing,delta_relative_power,exploratory,0.07675945620396796
lab_subject_5,format_x_timing,delta_relative_power,exploratory,-0.4709465646491821
lab_subject_6,format_x_timing,delta_relative_power,exploratory,0.27641184306067934
lab_subject_7,format_x_timing,delta_relative_power,exploratory,-0.6619623286506825
lab_subject_8,format_x_timing,delta_relative_power,exploratory,-0.35774789219296665
lab_subject_9,format_x_timing,delta_relative_power,exploratory,-0.32720164420422415
lab_subject_1,inline_early_vs_no_ad_early,theta_relative_power,exploratory,0.028266048474401957
lab_subject_10,inline_early_vs_no_ad_early,theta_relative_power,exploratory,-0.07552723083301954
lab_subject_11,inline_early_vs_no_ad_early,theta_relative_power,exploratory,-0.028659818253396474
lab_subject_12,inline_early_vs_no_ad_early,theta_relative_power,exploratory,0.008040531925755295
lab_subject_13,inline_early_vs_no_ad_early,theta_relative_power,exploratory,0.11960956298437568
lab_subject_14,inline_early_vs_no_ad_early,theta_relative_power,exploratory,0.03945982696445742
lab_subject_15,inline_early_vs_no_ad_early,theta_relative_power,exploratory,-0.04613162139369886
lab_subject_16,inline_early_vs_no_ad_early,theta_relative_power,exploratory,-0.02073113720155313
lab_subject_17,inline_early_vs_no_ad_early,theta_relative_power,exploratory,-0.04381792522805386
lab_subject_18,inline_early_vs_no_ad_early,theta_relative_power,exploratory,0.0758971802365404
lab_subject_19,inline_early_vs_no_ad_early,theta_relative_power,exploratory,0.06679668530483124
lab_subject_2,inline_early_vs_no_ad_early,theta_relative_power,exploratory,-0.16836492375601064
lab_subject_3,inline_early_vs_no_ad_early,theta_relative_power,exploratory,0.00041067770113941554
lab_subject_5,inline_early_vs_no_ad_early,theta_relative_power,exploratory,0.1618716975083856
lab_subject_6,inline_early_vs_no_ad_early,theta_relative_power,exploratory,-0.007980393657300078
lab_subject_7,inline_early_vs_no_ad_early,theta_relative_power,exploratory,0.032310562096373986
lab_subject_8,inline_early_vs_no_ad_early,theta_relative_power,exploratory,0.03659543478121895
lab_subject_9,inline_early_vs_no_ad_early,theta_relative_power,exploratory,-0.024753978067139262
lab_subject_1,block_early_vs_no_ad_early,theta_relative_power,exploratory,-0.01998573996614291
lab_subject_10,block_early_vs_no_ad_early,theta_relative_power,exploratory,-0.06966119475290142
lab_subject_11,block_early_vs_no_ad_early,theta_relative_power,exploratory,-0.10140841640724516
lab_subject_12,block_early_vs_no_ad_early,theta_relative_power,exploratory,-0.13006526346339065
lab_subject_13,block_early_vs_no_ad_early,theta_relative_power,exploratory,0.0506149825579567
lab_subject_14,block_early_vs_no_ad_early,theta_relative_power,exploratory,-0.07604226442168624
lab_subject_15,block_early_vs_no_ad_early,theta_relative_power,exploratory,-0.10249849794166341
lab_subject_16,block_early_vs_no_ad_early,theta_relative_power,exploratory,-0.05797575001198162
lab_subject_17,block_early_vs_no_ad_early,theta_relative_power,exploratory,-0.03445956636373326
lab_subject_18,block_early_vs_no_ad_early,theta_relative_power,exploratory,0.0796035009181193
lab_subject_19,block_early_vs_no_ad_early,theta_relative_power,exploratory,-0.047491980407077986
lab_subject_2,block_early_vs_no_ad_early,theta_relative_power,exploratory,-0.14811301956047251
lab_subject_3,block_early_vs_no_ad_early,theta_relative_power,exploratory,-0.007710391054937059
lab_subject_5,block_early_vs_no_ad_early,theta_relative_power,exploratory,-0.04514850014710334
lab_subject_6,block_early_vs_no_ad_early,theta_relative_power,exploratory,0.051498761384248665
lab_subject_7,block_early_vs_no_ad_early,theta_relative_power,exploratory,0.03297708083800137
lab_subject_8,block_early_vs_no_ad_early,theta_relative_power,exploratory,-0.019854734684457767
lab_subject_9,block_early_vs_no_ad_early,theta_relative_power,exploratory,-0.06249055454733173
lab_subject_1,inline_late_vs_no_ad_late,theta_relative_power,exploratory,0.14438635825402335
lab_subject_10,inline_late_vs_no_ad_late,theta_relative_power,exploratory,0.08809795000908294
lab_subject_11,inline_late_vs_no_ad_late,theta_relative_power,exploratory,0.03237623397085356
lab_subject_12,inline_late_vs_no_ad_late,theta_relative_power,exploratory,0.20118524105851268
lab_subject_13,inline_late_vs_no_ad_late,theta_relative_power,exploratory,0.03990392484862117
lab_subject_14,inline_late_vs_no_ad_late,theta_relative_power,exploratory,-0.08871842606320603
lab_subject_15,inline_late_vs_no_ad_late,theta_relative_power,exploratory,0.03835620662974257
lab_subject_16,inline_late_vs_no_ad_late,theta_relative_power,exploratory,-2.8015514390987428e-05
lab_subject_17,inline_late_vs_no_ad_late,theta_relative_power,exploratory,0.09986138515182309
lab_subject_18,inline_late_vs_no_ad_late,theta_relative_power,exploratory,0.03379899935396319
lab_subject_19,inline_late_vs_no_ad_late,theta_relative_power,exploratory,0.06471933466699563
lab_subject_2,inline_late_vs_no_ad_late,theta_relative_power,exploratory,-0.08930147925613334
lab_subject_3,inline_late_vs_no_ad_late,theta_relative_power,exploratory,0.0729126779405962
lab_subject_5,inline_late_vs_no_ad_late,theta_relative_power,exploratory,0.06438619996722555
lab_subject_6,inline_late_vs_no_ad_late,theta_relative_power,exploratory,0.0146737767695541
lab_subject_7,inline_late_vs_no_ad_late,theta_relative_power,exploratory,-0.011057467442151414
lab_subject_8,inline_late_vs_no_ad_late,theta_relative_power,exploratory,0.04856748667579068
lab_subject_9,inline_late_vs_no_ad_late,theta_relative_power,exploratory,-0.029759210467748237
lab_subject_1,block_late_vs_no_ad_late,theta_relative_power,exploratory,0.04510011104938792
lab_subject_10,block_late_vs_no_ad_late,theta_relative_power,exploratory,0.06896745272146813
lab_subject_11,block_late_vs_no_ad_late,theta_relative_power,exploratory,-0.011417057471965211
lab_subject_12,block_late_vs_no_ad_late,theta_relative_power,exploratory,0.10104636168937473
lab_subject_13,block_late_vs_no_ad_late,theta_relative_power,exploratory,0.022162443171424268
lab_subject_14,block_late_vs_no_ad_late,theta_relative_power,exploratory,-0.05995437761519841
lab_subject_15,block_late_vs_no_ad_late,theta_relative_power,exploratory,0.015567736142137883
lab_subject_16,block_late_vs_no_ad_late,theta_relative_power,exploratory,-0.028003107645691347
lab_subject_17,block_late_vs_no_ad_late,theta_relative_power,exploratory,0.004074005976530834
lab_subject_18,block_late_vs_no_ad_late,theta_relative_power,exploratory,0.09734876290976827
lab_subject_19,block_late_vs_no_ad_late,theta_relative_power,exploratory,0.1438993745555337
lab_subject_2,block_late_vs_no_ad_late,theta_relative_power,exploratory,-0.015064120978026438
lab_subject_3,block_late_vs_no_ad_late,theta_relative_power,exploratory,0.009251085201047754
lab_subject_5,block_late_vs_no_ad_late,theta_relative_power,exploratory,0.20564264419162817
lab_subject_6,block_late_vs_no_ad_late,theta_relative_power,exploratory,-0.01109563006051198
lab_subject_7,block_late_vs_no_ad_late,theta_relative_power,exploratory,-0.032304479266615636
lab_subject_8,block_late_vs_no_ad_late,theta_relative_power,exploratory,0.0849735087776343
lab_subject_9,block_late_vs_no_ad_late,theta_relative_power,exploratory,-0.0409810982667965
lab_subject_1,any_ad_vs_matched_no_ad,theta_relative_power,exploratory,0.04944169445291759
lab_subject_10,any_ad_vs_matched_no_ad,theta_relative_power,exploratory,0.002969244286157531
lab_subject_11,any_ad_vs_matched_no_ad,theta_relative_power,exploratory,-0.02727726454043832
lab_subject_12,any_ad_vs_matched_no_ad,theta_relative_power,exploratory,0.045051717802563014
lab_subject_13,any_ad_vs_matched_no_ad,theta_relative_power,exploratory,0.05807272839059445
lab_subject_14,any_ad_vs_matched_no_ad,theta_relative_power,exploratory,-0.04631381028390831
lab_subject_15,any_ad_vs_matched_no_ad,theta_relative_power,exploratory,-0.023676544140870455
lab_subject_16,any_ad_vs_matched_no_ad,theta_relative_power,exploratory,-0.02668450259340427
lab_subject_17,any_ad_vs_matched_no_ad,theta_relative_power,exploratory,0.006414474884141701
lab_subject_18,any_ad_vs_matched_no_ad,theta_relative_power,exploratory,0.07166211085459778
lab_subject_19,any_ad_vs_matched_no_ad,theta_relative_power,exploratory,0.056980853530070645
lab_subject_2,any_ad_vs_matched_no_ad,theta_relative_power,exploratory,-0.10521088588766073
lab_subject_3,any_ad_vs_matched_no_ad,theta_relative_power,exploratory,0.018716012446961576
lab_subject_5,any_ad_vs_matched_no_ad,theta_relative_power,exploratory,0.096688010380034
lab_subject_6,any_ad_vs_matched_no_ad,theta_relative_power,exploratory,0.011774128608997677
lab_subject_7,any_ad_vs_matched_no_ad,theta_relative_power,exploratory,0.005481424056402074
lab_subject_8,any_ad_vs_matched_no_ad,theta_relative_power,exploratory,0.03757042388754654
lab_subject_9,any_ad_vs_matched_no_ad,theta_relative_power,exploratory,-0.03949621033725394
lab_subject_1,inline_vs_block,theta_relative_power,exploratory,0.07376901782259015
lab_subject_10,inline_vs_block,theta_relative_power,exploratory,0.006632230603748339
lab_subject_11,inline_vs_block,theta_relative_power,exploratory,0.05827094479833374
lab_subject_12,inline_vs_block,theta_relative_power,exploratory,0.11912233737914195
lab_subject_13,inline_vs_block,theta_relative_power,exploratory,0.04336803105180794
lab_subject_14,inline_vs_block,theta_relative_power,exploratory,0.04336902146906802
lab_subject_15,inline_vs_block,theta_relative_power,exploratory,0.039577673517784615
lab_subject_16,inline_vs_block,theta_relative_power,exploratory,0.032609852470864426
lab_subject_17,inline_vs_block,theta_relative_power,exploratory,0.04321451015548583
lab_subject_18,inline_vs_block,theta_relative_power,exploratory,-0.033628042118691984
lab_subject_19,inline_vs_block,theta_relative_power,exploratory,0.01755431291168557
lab_subject_2,inline_vs_block,theta_relative_power,exploratory,-0.0472446312368225
lab_subject_3,inline_vs_block,theta_relative_power,exploratory,0.03589133074781246
lab_subject_5,inline_vs_block,theta_relative_power,exploratory,0.032881876715543164
lab_subject_6,inline_vs_block,theta_relative_power,exploratory,-0.01685487410574133
lab_subject_7,inline_vs_block,theta_relative_power,exploratory,0.01029024654141842
lab_subject_8,inline_vs_block,theta_relative_power,exploratory,0.01002207368191655
lab_subject_9,inline_vs_block,theta_relative_power,exploratory,0.024479232139620367
lab_subject_1,early_vs_late,theta_relative_power,exploratory,-0.041169255546184544
lab_subject_10,early_vs_late,theta_relative_power,exploratory,-0.05916260114361439
lab_subject_11,early_vs_late,theta_relative_power,exploratory,-0.024715498546815255
lab_subject_12,early_vs_late,theta_relative_power,exploratory,-0.10529050137658817
lab_subject_13,early_vs_late,theta_relative_power,exploratory,-0.005962311830970797
lab_subject_14,early_vs_late,theta_relative_power,exploratory,-0.0552209724316876
lab_subject_15,early_vs_late,theta_relative_power,exploratory,0.02385470433213556
lab_subject_16,early_vs_late,theta_relative_power,exploratory,-0.04850773395193792
lab_subject_17,early_vs_late,theta_relative_power,exploratory,0.0029425925332631775
lab_subject_18,early_vs_late,theta_relative_power,exploratory,-0.0479365979220453
lab_subject_19,early_vs_late,theta_relative_power,exploratory,-0.1180481639029017
lab_subject_2,early_vs_late,theta_relative_power,exploratory,-0.040785070396522
lab_subject_3,early_vs_late,theta_relative_power,exploratory,0.006827591866856227
lab_subject_5,early_vs_late,theta_relative_power,exploratory,-0.023779170968780523
lab_subject_6,early_vs_late,theta_relative_power,exploratory,0.020487253845623492
lab_subject_7,early_vs_late,theta_relative_power,exploratory,0.022542942368817306
lab_subject_8,early_vs_late,theta_relative_power,exploratory,0.027493072866005393
lab_subject_9,early_vs_late,theta_relative_power,exploratory,-0.027105333072510562
lab_subject_1,format_x_timing,theta_relative_power,exploratory,-0.05103445876409057
lab_subject_10,format_x_timing,theta_relative_power,exploratory,-0.02499653336773293
lab_subject_11,format_x_timing,theta_relative_power,exploratory,0.028955306711029916
lab_subject_12,format_x_timing,theta_relative_power,exploratory,0.037966916020007985
lab_subject_13,format_x_timing,theta_relative_power,exploratory,0.051253098749222084
lab_subject_14,format_x_timing,theta_relative_power,exploratory,0.14426613983415126
lab_subject_15,format_x_timing,theta_relative_power,exploratory,0.03357840606035986
lab_subject_16,format_x_timing,theta_relative_power,exploratory,0.009269520679128125
lab_subject_17,format_x_timing,theta_relative_power,exploratory,-0.10514573803961286
lab_subject_18,format_x_timing,theta_relative_power,exploratory,0.05984344287422619
lab_subject_19,format_x_timing,theta_relative_power,exploratory,0.19346870560044732
lab_subject_2,format_x_timing,theta_relative_power,exploratory,0.0539854540825688
lab_subject_3,format_x_timing,theta_relative_power,exploratory,-0.055540523983471965
lab_subject_5,format_x_timing,theta_relative_power,exploratory,0.3482766418798916
lab_subject_6,format_x_timing,theta_relative_power,exploratory,-0.08524856187161482
lab_subject_7,format_x_timing,theta_relative_power,exploratory,-0.021913530566091605
lab_subject_8,format_x_timing,theta_relative_power,exploratory,0.09285619156752033
lab_subject_9,format_x_timing,theta_relative_power,exploratory,0.026514688681144205
lab_subject_1,inline_early_vs_no_ad_early,alpha_relative_power,exploratory,-0.02141215520328344
lab_subject_10,inline_early_vs_no_ad_early,alpha_relative_power,exploratory,-0.16626673836263195
lab_subject_11,inline_early_vs_no_ad_early,alpha_relative_power,exploratory,-0.2814731378892553
lab_subject_12,inline_early_vs_no_ad_early,alpha_relative_power,exploratory,-0.04523392819050695
lab_subject_13,inline_early_vs_no_ad_early,alpha_relative_power,exploratory,-0.09900947630665997
lab_subject_14,inline_early_vs_no_ad_early,alpha_relative_power,exploratory,0.027622947880455627
lab_subject_15,inline_early_vs_no_ad_early,alpha_relative_power,exploratory,0.0036350095184795386
lab_subject_16,inline_early_vs_no_ad_early,alpha_relative_power,exploratory,-0.055856194012941604
lab_subject_17,inline_early_vs_no_ad_early,alpha_relative_power,exploratory,0.030082836297557786
lab_subject_18,inline_early_vs_no_ad_early,alpha_relative_power,exploratory,0.030842371869082535
lab_subject_19,inline_early_vs_no_ad_early,alpha_relative_power,exploratory,0.004397578321753845
lab_subject_2,inline_early_vs_no_ad_early,alpha_relative_power,exploratory,0.030638261414623877
lab_subject_3,inline_early_vs_no_ad_early,alpha_relative_power,exploratory,-0.05971249736439102
lab_subject_5,inline_early_vs_no_ad_early,alpha_relative_power,exploratory,0.017370069026168694
lab_subject_6,inline_early_vs_no_ad_early,alpha_relative_power,exploratory,-0.11357339238829234
lab_subject_7,inline_early_vs_no_ad_early,alpha_relative_power,exploratory,0.057420382612718854
lab_subject_8,inline_early_vs_no_ad_early,alpha_relative_power,exploratory,0.07156806937220611
lab_subject_9,inline_early_vs_no_ad_early,alpha_relative_power,exploratory,-0.001896003357083717
lab_subject_1,block_early_vs_no_ad_early,alpha_relative_power,exploratory,-0.08502967722726247
lab_subject_10,block_early_vs_no_ad_early,alpha_relative_power,exploratory,-0.3357896526160319
lab_subject_11,block_early_vs_no_ad_early,alpha_relative_power,exploratory,-0.04031720918819462
lab_subject_12,block_early_vs_no_ad_early,alpha_relative_power,exploratory,0.0339492533616742
lab_subject_13,block_early_vs_no_ad_early,alpha_relative_power,exploratory,-0.028301084428922568
lab_subject_14,block_early_vs_no_ad_early,alpha_relative_power,exploratory,0.05014720028267145
lab_subject_15,block_early_vs_no_ad_early,alpha_relative_power,exploratory,-0.060332359945121414
lab_subject_16,block_early_vs_no_ad_early,alpha_relative_power,exploratory,-0.14124423995021154
lab_subject_17,block_early_vs_no_ad_early,alpha_relative_power,exploratory,0.07025422310186709
lab_subject_18,block_early_vs_no_ad_early,alpha_relative_power,exploratory,-0.09145591427915034
lab_subject_19,block_early_vs_no_ad_early,alpha_relative_power,exploratory,-0.08210344883941031
lab_subject_2,block_early_vs_no_ad_early,alpha_relative_power,exploratory,0.051055938162566594
lab_subject_3,block_early_vs_no_ad_early,alpha_relative_power,exploratory,-0.15372536818812685
lab_subject_5,block_early_vs_no_ad_early,alpha_relative_power,exploratory,-0.047813639618240825
lab_subject_6,block_early_vs_no_ad_early,alpha_relative_power,exploratory,-0.05686934359808511
lab_subject_7,block_early_vs_no_ad_early,alpha_relative_power,exploratory,0.07916813215443705
lab_subject_8,block_early_vs_no_ad_early,alpha_relative_power,exploratory,-0.024490039978469033
lab_subject_9,block_early_vs_no_ad_early,alpha_relative_power,exploratory,0.08209814089340525
lab_subject_1,inline_late_vs_no_ad_late,alpha_relative_power,exploratory,-0.0022416620797041167
lab_subject_10,inline_late_vs_no_ad_late,alpha_relative_power,exploratory,-0.1471662224482002
lab_subject_11,inline_late_vs_no_ad_late,alpha_relative_power,exploratory,0.17071041290980093
lab_subject_12,inline_late_vs_no_ad_late,alpha_relative_power,exploratory,-0.13178767625466747
lab_subject_13,inline_late_vs_no_ad_late,alpha_relative_power,exploratory,-0.05302638827125411
lab_subject_14,inline_late_vs_no_ad_late,alpha_relative_power,exploratory,-0.031738809479036956
lab_subject_15,inline_late_vs_no_ad_late,alpha_relative_power,exploratory,0.09430078746784357
lab_subject_16,inline_late_vs_no_ad_late,alpha_relative_power,exploratory,-0.07633364000241394
lab_subject_17,inline_late_vs_no_ad_late,alpha_relative_power,exploratory,0.042449565596029706
lab_subject_18,inline_late_vs_no_ad_late,alpha_relative_power,exploratory,0.18820069846538745
lab_subject_19,inline_late_vs_no_ad_late,alpha_relative_power,exploratory,-0.01618669738594069
lab_subject_2,inline_late_vs_no_ad_late,alpha_relative_power,exploratory,0.02644620587456091
lab_subject_3,inline_late_vs_no_ad_late,alpha_relative_power,exploratory,0.039532196311356654
lab_subject_5,inline_late_vs_no_ad_late,alpha_relative_power,exploratory,-0.09172137742865591
lab_subject_6,inline_late_vs_no_ad_late,alpha_relative_power,exploratory,-0.12996734987065717
lab_subject_7,inline_late_vs_no_ad_late,alpha_relative_power,exploratory,-0.11580103690387422
lab_subject_8,inline_late_vs_no_ad_late,alpha_relative_power,exploratory,-0.19428362637330304
lab_subject_9,inline_late_vs_no_ad_late,alpha_relative_power,exploratory,-0.1325939341353818
lab_subject_1,block_late_vs_no_ad_late,alpha_relative_power,exploratory,-0.1216077817364592
lab_subject_10,block_late_vs_no_ad_late,alpha_relative_power,exploratory,-0.4887795578787456
lab_subject_11,block_late_vs_no_ad_late,alpha_relative_power,exploratory,0.10432124768610494
lab_subject_12,block_late_vs_no_ad_late,alpha_relative_power,exploratory,-0.002647896383026274
lab_subject_13,block_late_vs_no_ad_late,alpha_relative_power,exploratory,-0.06325915616161014
lab_subject_14,block_late_vs_no_ad_late,alpha_relative_power,exploratory,-0.011422914237055534
lab_subject_15,block_late_vs_no_ad_late,alpha_relative_power,exploratory,0.03045976777355544
lab_subject_16,block_late_vs_no_ad_late,alpha_relative_power,exploratory,-0.058823314135416915
lab_subject_17,block_late_vs_no_ad_late,alpha_relative_power,exploratory,0.03829089864550696
lab_subject_18,block_late_vs_no_ad_late,alpha_relative_power,exploratory,0.12292152690351901
lab_subject_19,block_late_vs_no_ad_late,alpha_relative_power,exploratory,-0.05598552426549876
lab_subject_2,block_late_vs_no_ad_late,alpha_relative_power,exploratory,-0.017141685220924227
lab_subject_3,block_late_vs_no_ad_late,alpha_relative_power,exploratory,-0.06262159990809144
lab_subject_5,block_late_vs_no_ad_late,alpha_relative_power,exploratory,0.04346566877328063
lab_subject_6,block_late_vs_no_ad_late,alpha_relative_power,exploratory,-0.20766401785843563
lab_subject_7,block_late_vs_no_ad_late,alpha_relative_power,exploratory,-0.14208644139603116
lab_subject_8,block_late_vs_no_ad_late,alpha_relative_power,exploratory,-0.12044272986639842
lab_subject_9,block_late_vs_no_ad_late,alpha_relative_power,exploratory,-0.14886617119381135
lab_subject_1,any_ad_vs_matched_no_ad,alpha_relative_power,exploratory,-0.0575728190616773
lab_subject_10,any_ad_vs_matched_no_ad,alpha_relative_power,exploratory,-0.2845005428264024
lab_subject_11,any_ad_vs_matched_no_ad,alpha_relative_power,exploratory,-0.011689671620386019
lab_subject_12,any_ad_vs_matched_no_ad,alpha_relative_power,exploratory,-0.03643006186663162
lab_subject_13,any_ad_vs_matched_no_ad,alpha_relative_power,exploratory,-0.06089902629211169
lab_subject_14,any_ad_vs_matched_no_ad,alpha_relative_power,exploratory,0.008652106111758647
lab_subject_15,any_ad_vs_matched_no_ad,alpha_relative_power,exploratory,0.017015801203689285
lab_subject_16,any_ad_vs_matched_no_ad,alpha_relative_power,exploratory,-0.08306434702524601
lab_subject_17,any_ad_vs_matched_no_ad,alpha_relative_power,exploratory,0.04526938091024038
lab_subject_18,any_ad_vs_matched_no_ad,alpha_relative_power,exploratory,0.06262717073970966
lab_subject_19,any_ad_vs_matched_no_ad,alpha_relative_power,exploratory,-0.03746952304227398
lab_subject_2,any_ad_vs_matched_no_ad,alpha_relative_power,exploratory,0.02274968005770679
lab_subject_3,any_ad_vs_matched_no_ad,alpha_relative_power,exploratory,-0.05913181728731316
lab_subject_5,any_ad_vs_matched_no_ad,alpha_relative_power,exploratory,-0.01967481981186185
lab_subject_6,any_ad_vs_matched_no_ad,alpha_relative_power,exploratory,-0.12701852592886756
lab_subject_7,any_ad_vs_matched_no_ad,alpha_relative_power,exploratory,-0.030324740883187373
lab_subject_8,any_ad_vs_matched_no_ad,alpha_relative_power,exploratory,-0.0669120817114911
lab_subject_9,any_ad_vs_matched_no_ad,alpha_relative_power,exploratory,-0.0503144919482179
lab_subject_1,inline_vs_block,alpha_relative_power,exploratory,0.09149182084036706
lab_subject_10,inline_vs_block,alpha_relative_power,exploratory,0.25556812484197267
lab_subject_11,inline_vs_block,alpha_relative_power,exploratory,-0.08738338173868238
lab_subject_12,inline_vs_block,alpha_relative_power,exploratory,-0.10416148071191117
lab_subject_13,inline_vs_block,alpha_relative_power,exploratory,-0.03023781199369069
lab_subject_14,inline_vs_block,alpha_relative_power,exploratory,-0.021420073822098623
lab_subject_15,inline_vs_block,alpha_relative_power,exploratory,0.06390419457894454
lab_subject_16,inline_vs_block,alpha_relative_power,exploratory,0.03393886003513646
lab_subject_17,inline_vs_block,alpha_relative_power,exploratory,-0.018006359926893277
lab_subject_18,inline_vs_block,alpha_relative_power,exploratory,0.09378872885505066
lab_subject_19,inline_vs_block,alpha_relative_power,exploratory,0.06314992702036111
lab_subject_2,inline_vs_block,alpha_relative_power,exploratory,0.01158510717377121
lab_subject_3,inline_vs_block,alpha_relative_power,exploratory,0.09808333352159196
lab_subject_5,inline_vs_block,alpha_relative_power,exploratory,-0.03500166877876351
lab_subject_6,inline_vs_block,alpha_relative_power,exploratory,0.0104963095987856
lab_subject_7,inline_vs_block,alpha_relative_power,exploratory,0.0022688274752193788
lab_subject_8,inline_vs_block,alpha_relative_power,exploratory,0.011108606421885273
lab_subject_9,inline_vs_block,alpha_relative_power,exploratory,-0.033860953596029725
lab_subject_1,early_vs_late,alpha_relative_power,exploratory,-0.0010705345811945384
lab_subject_10,early_vs_late,alpha_relative_power,exploratory,0.15755354892190734
lab_subject_11,early_vs_late,alpha_relative_power,exploratory,-0.09223178573791788
lab_subject_12,early_vs_late,alpha_relative_power,exploratory,0.05309144321934722
lab_subject_13,early_vs_late,alpha_relative_power,exploratory,-0.042089980710468114
lab_subject_14,early_vs_late,alpha_relative_power,exploratory,-0.012277155952854293
lab_subject_15,early_vs_late,alpha_relative_power,exploratory,-0.01861787960711665
lab_subject_16,early_vs_late,alpha_relative_power,exploratory,-0.06365312656158228
lab_subject_17,early_vs_late,alpha_relative_power,exploratory,0.0031460436510085885
lab_subject_18,early_vs_late,alpha_relative_power,exploratory,-0.08523336800931379
lab_subject_19,early_vs_late,alpha_relative_power,exploratory,-0.09193728142784847
lab_subject_2,early_vs_late,alpha_relative_power,exploratory,0.00934199133935313
lab_subject_3,early_vs_late,alpha_relative_power,exploratory,-0.03237523953366761
lab_subject_5,early_vs_late,alpha_relative_power,exploratory,0.015564434542929093
lab_subject_6,early_vs_late,alpha_relative_power,exploratory,-0.00884636086743816
lab_subject_7,early_vs_late,alpha_relative_power,exploratory,0.07545460993424875
lab_subject_8,early_vs_late,alpha_relative_power,exploratory,0.03622987414373567
lab_subject_9,early_vs_late,alpha_relative_power,exploratory,-0.020251816857986285
lab_subject_1,format_x_timing,alpha_relative_power,exploratory,-0.055748597632776044
lab_subject_10,format_x_timing,alpha_relative_power,exploratory,-0.17209042117714546
lab_subject_11,format_x_timing,alpha_relative_power,exploratory,-0.3075450939247567
lab_subject_12,format_x_timing,alpha_relative_power,exploratory,0.04995659831946003
lab_subject_13,format_x_timing,alpha_relative_power,exploratory,-0.08094115976809343
lab_subject_14,format_x_timing,alpha_relative_power,exploratory,-0.002208357160234403
lab_subject_15,format_x_timing,alpha_relative_power,exploratory,0.00012634976931282654
lab_subject_16,format_x_timing,alpha_relative_power,exploratory,0.10289837180426696
lab_subject_17,format_x_timing,alpha_relative_power,exploratory,-0.04433005375483205
lab_subject_18,format_x_timing,alpha_relative_power,exploratory,0.05701911458636445
lab_subject_19,format_x_timing,alpha_relative_power,exploratory,0.046702200281606085
lab_subject_2,format_x_timing,alpha_relative_power,exploratory,-0.06400556784342785
lab_subject_3,format_x_timing,alpha_relative_power,exploratory,-0.008140925395712262
lab_subject_5,format_x_timing,alpha_relative_power,exploratory,0.20037075484634606
lab_subject_6,format_x_timing,alpha_relative_power,exploratory,-0.13440071677798565
lab_subject_7,format_x_timing,alpha_relative_power,exploratory,-0.04803315403387515
lab_subject_8,format_x_timing,alpha_relative_power,exploratory,0.16989900585757975
lab_subject_9,format_x_timing,alpha_relative_power,exploratory,-0.10026638130891849
lab_subject_1,inline_early_vs_no_ad_early,beta_relative_power,exploratory,0.15284655889760237
lab_subject_10,inline_early_vs_no_ad_early,beta_relative_power,exploratory,0.03368453424819451
lab_subject_11,inline_early_vs_no_ad_early,beta_relative_power,exploratory,-0.03732581218561251
lab_subject_12,inline_early_vs_no_ad_early,beta_relative_power,exploratory,-0.015895144902321412
lab_subject_13,inline_early_vs_no_ad_early,beta_relative_power,exploratory,-0.08142840452383622
lab_subject_14,inline_early_vs_no_ad_early,beta_relative_power,exploratory,-0.13655857788306497
lab_subject_15,inline_early_vs_no_ad_early,beta_relative_power,exploratory,0.07029617488844131
lab_subject_16,inline_early_vs_no_ad_early,beta_relative_power,exploratory,-0.04939698415199695
lab_subject_17,inline_early_vs_no_ad_early,beta_relative_power,exploratory,-0.0435717396793609
lab_subject_18,inline_early_vs_no_ad_early,beta_relative_power,exploratory,-0.0563690711892669
lab_subject_19,inline_early_vs_no_ad_early,beta_relative_power,exploratory,0.08132524164132163
lab_subject_2,inline_early_vs_no_ad_early,beta_relative_power,exploratory,0.1141968435369248
lab_subject_3,inline_early_vs_no_ad_early,beta_relative_power,exploratory,-0.2274772259257686
lab_subject_5,inline_early_vs_no_ad_early,beta_relative_power,exploratory,0.006484970144773214
lab_subject_6,inline_early_vs_no_ad_early,beta_relative_power,exploratory,-0.09394952608841206
lab_subject_7,inline_early_vs_no_ad_early,beta_relative_power,exploratory,-0.006389862603710106
lab_subject_8,inline_early_vs_no_ad_early,beta_relative_power,exploratory,0.040647177828736544
lab_subject_9,inline_early_vs_no_ad_early,beta_relative_power,exploratory,0.08270762862288679
lab_subject_1,block_early_vs_no_ad_early,beta_relative_power,exploratory,-0.08277280516195665
lab_subject_10,block_early_vs_no_ad_early,beta_relative_power,exploratory,0.07790008723473936
lab_subject_11,block_early_vs_no_ad_early,beta_relative_power,exploratory,-0.18232606542880764
lab_subject_12,block_early_vs_no_ad_early,beta_relative_power,exploratory,-0.22323118398312702
lab_subject_13,block_early_vs_no_ad_early,beta_relative_power,exploratory,-0.1650591835047224
lab_subject_14,block_early_vs_no_ad_early,beta_relative_power,exploratory,-0.21406310513315707
lab_subject_15,block_early_vs_no_ad_early,beta_relative_power,exploratory,-0.10487848621265353
lab_subject_16,block_early_vs_no_ad_early,beta_relative_power,exploratory,-0.15364307543182754
lab_subject_17,block_early_vs_no_ad_early,beta_relative_power,exploratory,0.007862950180981279
lab_subject_18,block_early_vs_no_ad_early,beta_relative_power,exploratory,-0.07287058662543122
lab_subject_19,block_early_vs_no_ad_early,beta_relative_power,exploratory,0.0411639346305078
lab_subject_2,block_early_vs_no_ad_early,beta_relative_power,exploratory,-0.18869876317931383
lab_subject_3,block_early_vs_no_ad_early,beta_relative_power,exploratory,-0.19053405012544097
lab_subject_5,block_early_vs_no_ad_early,beta_relative_power,exploratory,-0.008734726442020085
lab_subject_6,block_early_vs_no_ad_early,beta_relative_power,exploratory,0.05252657019889734
lab_subject_7,block_early_vs_no_ad_early,beta_relative_power,exploratory,-0.11222606911540778
lab_subject_8,block_early_vs_no_ad_early,beta_relative_power,exploratory,-0.023312518628653578
lab_subject_9,block_early_vs_no_ad_early,beta_relative_power,exploratory,-0.0035653703938228615
lab_subject_1,inline_late_vs_no_ad_late,beta_relative_power,exploratory,0.07368759179970963
lab_subject_10,inline_late_vs_no_ad_late,beta_relative_power,exploratory,-0.03379602442556108
lab_subject_11,inline_late_vs_no_ad_late,beta_relative_power,exploratory,0.08149132929818928
lab_subject_12,inline_late_vs_no_ad_late,beta_relative_power,exploratory,-0.16126811899146207
lab_subject_13,inline_late_vs_no_ad_late,beta_relative_power,exploratory,-0.03964954704867095
lab_subject_14,inline_late_vs_no_ad_late,beta_relative_power,exploratory,-0.27510312357517386
lab_subject_15,inline_late_vs_no_ad_late,beta_relative_power,exploratory,-0.02793178366593706
lab_subject_16,inline_late_vs_no_ad_late,beta_relative_power,exploratory,-0.011404065893828252
lab_subject_17,inline_late_vs_no_ad_late,beta_relative_power,exploratory,-0.023693912467440924
lab_subject_18,inline_late_vs_no_ad_late,beta_relative_power,exploratory,-0.16703540961909807
lab_subject_19,inline_late_vs_no_ad_late,beta_relative_power,exploratory,0.2265660191382468
lab_subject_2,inline_late_vs_no_ad_late,beta_relative_power,exploratory,-0.017663158464331377
lab_subject_3,inline_late_vs_no_ad_late,beta_relative_power,exploratory,-0.09152921860202692
lab_subject_5,inline_late_vs_no_ad_late,beta_relative_power,exploratory,-0.031238833639660103
lab_subject_6,inline_late_vs_no_ad_late,beta_relative_power,exploratory,-0.12628122128785982
lab_subject_7,inline_late_vs_no_ad_late,beta_relative_power,exploratory,-0.33827578950010856
lab_subject_8,inline_late_vs_no_ad_late,beta_relative_power,exploratory,-0.17050862594020355
lab_subject_9,inline_late_vs_no_ad_late,beta_relative_power,exploratory,-0.02315467905029972
lab_subject_1,block_late_vs_no_ad_late,beta_relative_power,exploratory,-0.16083475970673616
lab_subject_10,block_late_vs_no_ad_late,beta_relative_power,exploratory,-0.03264794355533991
lab_subject_11,block_late_vs_no_ad_late,beta_relative_power,exploratory,-0.0606358730807052
lab_subject_12,block_late_vs_no_ad_late,beta_relative_power,exploratory,-0.15724344519837455
lab_subject_13,block_late_vs_no_ad_late,beta_relative_power,exploratory,-0.07044891389848953
lab_subject_14,block_late_vs_no_ad_late,beta_relative_power,exploratory,-0.30850447559522387
lab_subject_15,block_late_vs_no_ad_late,beta_relative_power,exploratory,-0.014367663382378437
lab_subject_16,block_late_vs_no_ad_late,beta_relative_power,exploratory,-0.28641588620450686
lab_subject_17,block_late_vs_no_ad_late,beta_relative_power,exploratory,0.014395099231726972
lab_subject_18,block_late_vs_no_ad_late,beta_relative_power,exploratory,-0.20054219097681147
lab_subject_19,block_late_vs_no_ad_late,beta_relative_power,exploratory,0.07132884747454274
lab_subject_2,block_late_vs_no_ad_late,beta_relative_power,exploratory,0.1166966912164929
lab_subject_3,block_late_vs_no_ad_late,beta_relative_power,exploratory,-0.19212569386582418
lab_subject_5,block_late_vs_no_ad_late,beta_relative_power,exploratory,0.0944699365082671
lab_subject_6,block_late_vs_no_ad_late,beta_relative_power,exploratory,-0.1612511810298063
lab_subject_7,block_late_vs_no_ad_late,beta_relative_power,exploratory,-0.11525690061335883
lab_subject_8,block_late_vs_no_ad_late,beta_relative_power,exploratory,-0.09839121729900074
lab_subject_9,block_late_vs_no_ad_late,beta_relative_power,exploratory,0.03178431311704685
lab_subject_1,any_ad_vs_matched_no_ad,beta_relative_power,exploratory,-0.004268353542845202
lab_subject_10,any_ad_vs_matched_no_ad,beta_relative_power,exploratory,0.011285163375508216
lab_subject_11,any_ad_vs_matched_no_ad,beta_relative_power,exploratory,-0.04969910534923402
lab_subject_12,any_ad_vs_matched_no_ad,beta_relative_power,exploratory,-0.13940947326882125
lab_subject_13,any_ad_vs_matched_no_ad,beta_relative_power,exploratory,-0.08914651224392978
lab_subject_14,any_ad_vs_matched_no_ad,beta_relative_power,exploratory,-0.23355732054665493
lab_subject_15,any_ad_vs_matched_no_ad,beta_relative_power,exploratory,-0.01922043959313193
lab_subject_16,any_ad_vs_matched_no_ad,beta_relative_power,exploratory,-0.12521500292053991
lab_subject_17,any_ad_vs_matched_no_ad,beta_relative_power,exploratory,-0.011251900683523396
lab_subject_18,any_ad_vs_matched_no_ad,beta_relative_power,exploratory,-0.12420431460265191
lab_subject_19,any_ad_vs_matched_no_ad,beta_relative_power,exploratory,0.10509601072115474
lab_subject_2,any_ad_vs_matched_no_ad,beta_relative_power,exploratory,0.006132903277443126
lab_subject_3,any_ad_vs_matched_no_ad,beta_relative_power,exploratory,-0.17541654712976518
lab_subject_5,any_ad_vs_matched_no_ad,beta_relative_power,exploratory,0.015245336642840033
lab_subject_6,any_ad_vs_matched_no_ad,beta_relative_power,exploratory,-0.0822388395517952
lab_subject_7,any_ad_vs_matched_no_ad,beta_relative_power,exploratory,-0.14303715545814633
lab_subject_8,any_ad_vs_matched_no_ad,beta_relative_power,exploratory,-0.06289129600978033
lab_subject_9,any_ad_vs_matched_no_ad,beta_relative_power,exploratory,0.021942973073952765
lab_subject_1,inline_vs_block,beta_relative_power,exploratory,0.2350708577830024
lab_subject_10,inline_vs_block,beta_relative_power,exploratory,-0.02268181692838301
lab_subject_11,inline_vs_block,beta_relative_power,exploratory,0.14356372781104482
lab_subject_12,inline_vs_block,beta_relative_power,exploratory,0.10165568264385905
lab_subject_13,inline_vs_block,beta_relative_power,exploratory,0.05721507291535238
lab_subject_14,inline_vs_block,beta_relative_power,exploratory,0.055452939635071065
lab_subject_15,inline_vs_block,beta_relative_power,exploratory,0.08080527040876812
lab_subject_16,inline_vs_block,beta_relative_power,exploratory,0.18962895579525463
lab_subject_17,inline_vs_block,beta_relative_power,exploratory,-0.04476185077975504
lab_subject_18,inline_vs_block,beta_relative_power,exploratory,0.02500414839693886
lab_subject_19,inline_vs_block,beta_relative_power,exploratory,0.09769923933725895
lab_subject_2,inline_vs_block,beta_relative_power,exploratory,0.08426787851770717
lab_subject_3,inline_vs_block,beta_relative_power,exploratory,0.03182664973173481
lab_subject_5,inline_vs_block,beta_relative_power,exploratory,-0.055244536780566955
lab_subject_6,inline_vs_block,beta_relative_power,exploratory,-0.055753068272681464
lab_subject_7,inline_vs_block,beta_relative_power,exploratory,-0.05859134118752603
lab_subject_8,inline_vs_block,beta_relative_power,exploratory,-0.0040788560919063355
lab_subject_9,inline_vs_block,beta_relative_power,exploratory,0.01566700342468154
lab_subject_1,early_vs_late,beta_relative_power,exploratory,-0.014255195237600743
lab_subject_10,early_vs_late,beta_relative_power,exploratory,0.023440663703143634
lab_subject_11,early_vs_late,beta_relative_power,exploratory,0.10348204612050858
lab_subject_12,early_vs_late,beta_relative_power,exploratory,0.17691091858538044
lab_subject_13,early_vs_late,beta_relative_power,exploratory,0.050598721614961
lab_subject_14,early_vs_late,beta_relative_power,exploratory,-0.009436020255415838
lab_subject_15,early_vs_late,beta_relative_power,exploratory,0.04309877914459058
lab_subject_16,early_vs_late,beta_relative_power,exploratory,-0.04317633580298521
lab_subject_17,early_vs_late,beta_relative_power,exploratory,0.03492100526068629
lab_subject_18,early_vs_late,beta_relative_power,exploratory,-0.07515298476382644
lab_subject_19,early_vs_late,beta_relative_power,exploratory,-0.10802551760369368
lab_subject_2,early_vs_late,beta_relative_power,exploratory,0.04830133730387379
lab_subject_3,early_vs_late,beta_relative_power,exploratory,-0.0190985389071424
lab_subject_5,early_vs_late,beta_relative_power,exploratory,-0.037013238054335415
lab_subject_6,early_vs_late,beta_relative_power,exploratory,0.05091647607259407
lab_subject_7,early_vs_late,beta_relative_power,exploratory,0.0820742462670324
lab_subject_8,early_vs_late,beta_relative_power,exploratory,0.09962740128775016
lab_subject_9,early_vs_late,beta_relative_power,exploratory,-0.1276933939476802
lab_subject_1,format_x_timing,beta_relative_power,exploratory,0.0010970125531132302
lab_subject_10,format_x_timing,beta_relative_power,exploratory,-0.04306747211632368
lab_subject_11,format_x_timing,beta_relative_power,exploratory,0.002873050864300647
lab_subject_12,format_x_timing,beta_relative_power,exploratory,0.21136071287389313
lab_subject_13,format_x_timing,beta_relative_power,exploratory,0.05283141213106759
lab_subject_14,format_x_timing,beta_relative_power,exploratory,0.044103175230042105
lab_subject_15,format_x_timing,beta_relative_power,exploratory,0.18873878138465347
lab_subject_16,format_x_timing,beta_relative_power,exploratory,-0.17076572903084802
lab_subject_17,format_x_timing,beta_relative_power,exploratory,-0.013345678161174282
lab_subject_18,format_x_timing,beta_relative_power,exploratory,-0.01700526592154908
lab_subject_19,format_x_timing,beta_relative_power,exploratory,-0.11507586465289024
lab_subject_2,format_x_timing,beta_relative_power,exploratory,0.4372554563970629
lab_subject_3,format_x_timing,beta_relative_power,exploratory,-0.13753965106412488
lab_subject_5,format_x_timing,beta_relative_power,exploratory,0.1409284667347205
lab_subject_6,format_x_timing,beta_relative_power,exploratory,-0.18144605602925587
lab_subject_7,format_x_timing,beta_relative_power,exploratory,0.3288550953984474
lab_subject_8,format_x_timing,beta_relative_power,exploratory,0.13607710509859294
lab_subject_9,format_x_timing,beta_relative_power,exploratory,0.14121199118405622
lab_subject_1,inline_early_vs_no_ad_early,gamma_relative_power,exploratory,0.026993040807292243
lab_subject_10,inline_early_vs_no_ad_early,gamma_relative_power,exploratory,0.0884990690523231
lab_subject_11,inline_early_vs_no_ad_early,gamma_relative_power,exploratory,-0.005303967286652226
lab_subject_12,inline_early_vs_no_ad_early,gamma_relative_power,exploratory,-0.012591295456046585
lab_subject_13,inline_early_vs_no_ad_early,gamma_relative_power,exploratory,0.016047356016677897
lab_subject_14,inline_early_vs_no_ad_early,gamma_relative_power,exploratory,-0.18037513492597876
lab_subject_15,inline_early_vs_no_ad_early,gamma_relative_power,exploratory,0.09157474798574425
lab_subject_16,inline_early_vs_no_ad_early,gamma_relative_power,exploratory,-0.12306234667240906
lab_subject_17,inline_early_vs_no_ad_early,gamma_relative_power,exploratory,0.015975592273099085
lab_subject_18,inline_early_vs_no_ad_early,gamma_relative_power,exploratory,-0.05397375293624673
lab_subject_19,inline_early_vs_no_ad_early,gamma_relative_power,exploratory,0.040576308711701675
lab_subject_2,inline_early_vs_no_ad_early,gamma_relative_power,exploratory,0.018434306177585867
lab_subject_3,inline_early_vs_no_ad_early,gamma_relative_power,exploratory,-0.0576883474962311
lab_subject_5,inline_early_vs_no_ad_early,gamma_relative_power,exploratory,-0.03745224470074072
lab_subject_6,inline_early_vs_no_ad_early,gamma_relative_power,exploratory,-0.052633443476138374
lab_subject_7,inline_early_vs_no_ad_early,gamma_relative_power,exploratory,-0.07444325776005367
lab_subject_8,inline_early_vs_no_ad_early,gamma_relative_power,exploratory,0.015418524509234664
lab_subject_9,inline_early_vs_no_ad_early,gamma_relative_power,exploratory,0.02147165953513997
lab_subject_1,block_early_vs_no_ad_early,gamma_relative_power,exploratory,-0.0019277038873884156
lab_subject_10,block_early_vs_no_ad_early,gamma_relative_power,exploratory,0.10205538977339008
lab_subject_11,block_early_vs_no_ad_early,gamma_relative_power,exploratory,-0.04313263863429293
lab_subject_12,block_early_vs_no_ad_early,gamma_relative_power,exploratory,-0.0848718053434436
lab_subject_13,block_early_vs_no_ad_early,gamma_relative_power,exploratory,6.810730081010727e-05
lab_subject_14,block_early_vs_no_ad_early,gamma_relative_power,exploratory,-0.18221664065082827
lab_subject_15,block_early_vs_no_ad_early,gamma_relative_power,exploratory,-0.07332964060016393
lab_subject_16,block_early_vs_no_ad_early,gamma_relative_power,exploratory,-0.09968848525143391
lab_subject_17,block_early_vs_no_ad_early,gamma_relative_power,exploratory,0.04203840676006562
lab_subject_18,block_early_vs_no_ad_early,gamma_relative_power,exploratory,-0.016414545173506878
lab_subject_19,block_early_vs_no_ad_early,gamma_relative_power,exploratory,0.01428280178242357
lab_subject_2,block_early_vs_no_ad_early,gamma_relative_power,exploratory,-0.030308244111003902
lab_subject_3,block_early_vs_no_ad_early,gamma_relative_power,exploratory,-0.07343664352586785
lab_subject_5,block_early_vs_no_ad_early,gamma_relative_power,exploratory,-0.003919710705784854
lab_subject_6,block_early_vs_no_ad_early,gamma_relative_power,exploratory,-0.020584535300355547
lab_subject_7,block_early_vs_no_ad_early,gamma_relative_power,exploratory,-0.12034922432464644
lab_subject_8,block_early_vs_no_ad_early,gamma_relative_power,exploratory,0.044954963214822875
lab_subject_9,block_early_vs_no_ad_early,gamma_relative_power,exploratory,-0.026636924849360845
lab_subject_1,inline_late_vs_no_ad_late,gamma_relative_power,exploratory,-0.1457184185696008
lab_subject_10,inline_late_vs_no_ad_late,gamma_relative_power,exploratory,-0.062018635538171746
lab_subject_11,inline_late_vs_no_ad_late,gamma_relative_power,exploratory,0.008270799551564241
lab_subject_12,inline_late_vs_no_ad_late,gamma_relative_power,exploratory,-0.020295624386092018
lab_subject_13,inline_late_vs_no_ad_late,gamma_relative_power,exploratory,-0.016178507643095526
lab_subject_14,inline_late_vs_no_ad_late,gamma_relative_power,exploratory,-0.18701410946267716
lab_subject_15,inline_late_vs_no_ad_late,gamma_relative_power,exploratory,-0.03353225387944076
lab_subject_16,inline_late_vs_no_ad_late,gamma_relative_power,exploratory,-0.043793042317101474
lab_subject_17,inline_late_vs_no_ad_late,gamma_relative_power,exploratory,-0.01920192518164525
lab_subject_18,inline_late_vs_no_ad_late,gamma_relative_power,exploratory,-0.08317975908342193
lab_subject_19,inline_late_vs_no_ad_late,gamma_relative_power,exploratory,0.05504630555887291
lab_subject_2,inline_late_vs_no_ad_late,gamma_relative_power,exploratory,-0.007911454055044793
lab_subject_3,inline_late_vs_no_ad_late,gamma_relative_power,exploratory,-0.050015797530156045
lab_subject_5,inline_late_vs_no_ad_late,gamma_relative_power,exploratory,-0.019784790615552064
lab_subject_6,inline_late_vs_no_ad_late,gamma_relative_power,exploratory,-0.040783680115100474
lab_subject_7,inline_late_vs_no_ad_late,gamma_relative_power,exploratory,-0.1676715148986436
lab_subject_8,inline_late_vs_no_ad_late,gamma_relative_power,exploratory,-0.023615924554505417
lab_subject_9,inline_late_vs_no_ad_late,gamma_relative_power,exploratory,-0.029796734596674326
lab_subject_1,block_late_vs_no_ad_late,gamma_relative_power,exploratory,-0.06745291172336547
lab_subject_10,block_late_vs_no_ad_late,gamma_relative_power,exploratory,-0.012531998301619265
lab_subject_11,block_late_vs_no_ad_late,gamma_relative_power,exploratory,-0.02059698434053749
lab_subject_12,block_late_vs_no_ad_late,gamma_relative_power,exploratory,-0.0011913019703410563
lab_subject_13,block_late_vs_no_ad_late,gamma_relative_power,exploratory,-0.012260983641222693
lab_subject_14,block_late_vs_no_ad_late,gamma_relative_power,exploratory,-0.1837919598198968
lab_subject_15,block_late_vs_no_ad_late,gamma_relative_power,exploratory,-0.02599005764041844
lab_subject_16,block_late_vs_no_ad_late,gamma_relative_power,exploratory,-0.19927115150099384
lab_subject_17,block_late_vs_no_ad_late,gamma_relative_power,exploratory,0.024043181557187272
lab_subject_18,block_late_vs_no_ad_late,gamma_relative_power,exploratory,-0.23424221105621953
lab_subject_19,block_late_vs_no_ad_late,gamma_relative_power,exploratory,0.02154818828042113
lab_subject_2,block_late_vs_no_ad_late,gamma_relative_power,exploratory,0.04476942021742652
lab_subject_3,block_late_vs_no_ad_late,gamma_relative_power,exploratory,-0.10258806937778292
lab_subject_5,block_late_vs_no_ad_late,gamma_relative_power,exploratory,0.03812541628537557
lab_subject_6,block_late_vs_no_ad_late,gamma_relative_power,exploratory,-0.05696156066062225
lab_subject_7,block_late_vs_no_ad_late,gamma_relative_power,exploratory,-0.07510726783204974
lab_subject_8,block_late_vs_no_ad_late,gamma_relative_power,exploratory,-0.011035346901022113
lab_subject_9,block_late_vs_no_ad_late,gamma_relative_power,exploratory,0.023262507622348202
lab_subject_1,any_ad_vs_matched_no_ad,gamma_relative_power,exploratory,-0.04702649834326561
lab_subject_10,any_ad_vs_matched_no_ad,gamma_relative_power,exploratory,0.029000956246480546
lab_subject_11,any_ad_vs_matched_no_ad,gamma_relative_power,exploratory,-0.015190697677479601
lab_subject_12,any_ad_vs_matched_no_ad,gamma_relative_power,exploratory,-0.029737506788980815
lab_subject_13,any_ad_vs_matched_no_ad,gamma_relative_power,exploratory,-0.0030810069917075536
lab_subject_14,any_ad_vs_matched_no_ad,gamma_relative_power,exploratory,-0.18334946121484524
lab_subject_15,any_ad_vs_matched_no_ad,gamma_relative_power,exploratory,-0.010319301033569723
lab_subject_16,any_ad_vs_matched_no_ad,gamma_relative_power,exploratory,-0.11645375643548458
lab_subject_17,any_ad_vs_matched_no_ad,gamma_relative_power,exploratory,0.015713813852176683
lab_subject_18,any_ad_vs_matched_no_ad,gamma_relative_power,exploratory,-0.09695256706234877
lab_subject_19,any_ad_vs_matched_no_ad,gamma_relative_power,exploratory,0.03286340108335482
lab_subject_2,any_ad_vs_matched_no_ad,gamma_relative_power,exploratory,0.006246007057240922
lab_subject_3,any_ad_vs_matched_no_ad,gamma_relative_power,exploratory,-0.07093221448250948
lab_subject_5,any_ad_vs_matched_no_ad,gamma_relative_power,exploratory,-0.005757832434175514
lab_subject_6,any_ad_vs_matched_no_ad,gamma_relative_power,exploratory,-0.042740804888054165
lab_subject_7,any_ad_vs_matched_no_ad,gamma_relative_power,exploratory,-0.10939281620384836
lab_subject_8,any_ad_vs_matched_no_ad,gamma_relative_power,exploratory,0.0064305540671325025
lab_subject_9,any_ad_vs_matched_no_ad,gamma_relative_power,exploratory,-0.0029248730721367494
lab_subject_1,inline_vs_block,gamma_relative_power,exploratory,-0.024672381075777336
lab_subject_10,inline_vs_block,gamma_relative_power,exploratory,-0.03152147897880973
lab_subject_11,inline_vs_block,gamma_relative_power,exploratory,0.03334822761987122
lab_subject_12,inline_vs_block,gamma_relative_power,exploratory,0.026588093735823028
lab_subject_13,inline_vs_block,gamma_relative_power,exploratory,0.006030862356997478
lab_subject_14,inline_vs_block,gamma_relative_power,exploratory,-0.0006903219589654251
lab_subject_15,inline_vs_block,gamma_relative_power,exploratory,0.07868109617344293
lab_subject_16,inline_vs_block,gamma_relative_power,exploratory,0.0660521238814586
lab_subject_17,inline_vs_block,gamma_relative_power,exploratory,-0.03465396061289953
lab_subject_18,inline_vs_block,gamma_relative_power,exploratory,0.056751622105028876
lab_subject_19,inline_vs_block,gamma_relative_power,exploratory,0.029895812103864945
lab_subject_2,inline_vs_block,gamma_relative_power,exploratory,-0.0019691619919407696
lab_subject_3,inline_vs_block,gamma_relative_power,exploratory,0.03416028393863182
lab_subject_5,inline_vs_block,gamma_relative_power,exploratory,-0.04572137044794175
lab_subject_6,inline_vs_block,gamma_relative_power,exploratory,-0.007935513815130524
lab_subject_7,inline_vs_block,gamma_relative_power,exploratory,-0.02332914025100055
lab_subject_8,inline_vs_block,gamma_relative_power,exploratory,-0.021058508179535758
lab_subject_9,inline_vs_block,gamma_relative_power,exploratory,-0.0024753289172608564
lab_subject_1,early_vs_late,gamma_relative_power,exploratory,0.10846652153216396
lab_subject_10,early_vs_late,gamma_relative_power,exploratory,0.032281007634734384
lab_subject_11,early_vs_late,gamma_relative_power,exploratory,0.010551361387712
lab_subject_12,early_vs_late,gamma_relative_power,exploratory,0.03249469529676981
lab_subject_13,early_vs_late,gamma_relative_power,exploratory,0.03640577182623427
lab_subject_14,early_vs_late,gamma_relative_power,exploratory,0.021335549871394136
lab_subject_15,early_vs_late,gamma_relative_power,exploratory,0.03480728998258334
lab_subject_16,early_vs_late,gamma_relative_power,exploratory,-0.03891324447004256
lab_subject_17,early_vs_late,gamma_relative_power,exploratory,0.0034984171035143917
lab_subject_18,early_vs_late,gamma_relative_power,exploratory,-0.009556578682475309
lab_subject_19,early_vs_late,gamma_relative_power,exploratory,-0.011341299191719896
lab_subject_2,early_vs_late,gamma_relative_power,exploratory,-0.00013613488195508144
lab_subject_3,early_vs_late,gamma_relative_power,exploratory,-0.005364611577844928
lab_subject_5,early_vs_late,gamma_relative_power,exploratory,-0.03271987054554492
lab_subject_6,early_vs_late,gamma_relative_power,exploratory,0.009295499587335228
lab_subject_7,early_vs_late,gamma_relative_power,exploratory,0.034681203879462
lab_subject_8,early_vs_late,gamma_relative_power,exploratory,0.02954745219752091
lab_subject_9,early_vs_late,gamma_relative_power,exploratory,-0.0648002525338563
lab_subject_1,format_x_timing,gamma_relative_power,exploratory,0.10718625154091597
lab_subject_10,format_x_timing,gamma_relative_power,exploratory,0.03593031651548549
lab_subject_11,format_x_timing,gamma_relative_power,exploratory,0.008960887455538975
lab_subject_12,format_x_timing,gamma_relative_power,exploratory,0.09138483230314798
lab_subject_13,format_x_timing,gamma_relative_power,exploratory,0.019896772717740624
lab_subject_14,format_x_timing,gamma_relative_power,exploratory,0.005063655367629878
lab_subject_15,format_x_timing,gamma_relative_power,exploratory,0.1724465848249305
lab_subject_16,format_x_timing,gamma_relative_power,exploratory,-0.17885197060486754
lab_subject_17,format_x_timing,gamma_relative_power,exploratory,0.017182292251865985
lab_subject_18,format_x_timing,gamma_relative_power,exploratory,-0.18862165973553746
lab_subject_19,format_x_timing,gamma_relative_power,exploratory,-0.0072046103491736815
lab_subject_2,format_x_timing,gamma_relative_power,exploratory,0.10142342456106108
lab_subject_3,format_x_timing,gamma_relative_power,exploratory,-0.03682397581799013
lab_subject_5,format_x_timing,gamma_relative_power,exploratory,0.024377672905971773
lab_subject_6,format_x_timing,gamma_relative_power,exploratory,-0.048226788721304606
lab_subject_7,format_x_timing,gamma_relative_power,exploratory,0.1384702136311866
lab_subject_8,format_x_timing,gamma_relative_power,exploratory,-0.016955861052104906
lab_subject_9,format_x_timing,gamma_relative_power,exploratory,0.10116782660352334
lab_subject_1,inline_early_vs_no_ad_early,engagement_beta_over_alpha_theta,exploratory,-0.3452620771549133
lab_subject_10,inline_early_vs_no_ad_early,engagement_beta_over_alpha_theta,exploratory,2.4812866709876324
lab_subject_11,inline_early_vs_no_ad_early,engagement_beta_over_alpha_theta,exploratory,0.24938347935533933
lab_subject_12,inline_early_vs_no_ad_early,engagement_beta_over_alpha_theta,exploratory,0.2288959480184512
lab_subject_13,inline_early_vs_no_ad_early,engagement_beta_over_alpha_theta,exploratory,-1.3795128225468982
lab_subject_14,inline_early_vs_no_ad_early,engagement_beta_over_alpha_theta,exploratory,-5.008652465599892
lab_subject_15,inline_early_vs_no_ad_early,engagement_beta_over_alpha_theta,exploratory,0.511541718424261
lab_subject_16,inline_early_vs_no_ad_early,engagement_beta_over_alpha_theta,exploratory,0.11372106415073335
lab_subject_17,inline_early_vs_no_ad_early,engagement_beta_over_alpha_theta,exploratory,0.04209949683498837
lab_subject_18,inline_early_vs_no_ad_early,engagement_beta_over_alpha_theta,exploratory,-1.4171843190230584
lab_subject_19,inline_early_vs_no_ad_early,engagement_beta_over_alpha_theta,exploratory,0.043402696369781835
lab_subject_2,inline_early_vs_no_ad_early,engagement_beta_over_alpha_theta,exploratory,5.952873332797889
lab_subject_3,inline_early_vs_no_ad_early,engagement_beta_over_alpha_theta,exploratory,-0.840129509900682
lab_subject_5,inline_early_vs_no_ad_early,engagement_beta_over_alpha_theta,exploratory,-1.513470993204691
lab_subject_6,inline_early_vs_no_ad_early,engagement_beta_over_alpha_theta,exploratory,-0.3229948377765014
lab_subject_7,inline_early_vs_no_ad_early,engagement_beta_over_alpha_theta,exploratory,-1.249135488452222
lab_subject_8,inline_early_vs_no_ad_early,engagement_beta_over_alpha_theta,exploratory,-0.28449718272461044
lab_subject_9,inline_early_vs_no_ad_early,engagement_beta_over_alpha_theta,exploratory,0.18943773839714861
lab_subject_1,block_early_vs_no_ad_early,engagement_beta_over_alpha_theta,exploratory,-0.6102335088935937
lab_subject_10,block_early_vs_no_ad_early,engagement_beta_over_alpha_theta,exploratory,2.5381761678687034
lab_subject_11,block_early_vs_no_ad_early,engagement_beta_over_alpha_theta,exploratory,0.138226497390455
lab_subject_12,block_early_vs_no_ad_early,engagement_beta_over_alpha_theta,exploratory,-0.24762457576666885
lab_subject_13,block_early_vs_no_ad_early,engagement_beta_over_alpha_theta,exploratory,-1.1116794381306265
lab_subject_14,block_early_vs_no_ad_early,engagement_beta_over_alpha_theta,exploratory,-4.805552779611794
lab_subject_15,block_early_vs_no_ad_early,engagement_beta_over_alpha_theta,exploratory,-0.6335570410509281
lab_subject_16,block_early_vs_no_ad_early,engagement_beta_over_alpha_theta,exploratory,-0.13884429371158702
lab_subject_17,block_early_vs_no_ad_early,engagement_beta_over_alpha_theta,exploratory,0.31818537345886344
lab_subject_18,block_early_vs_no_ad_early,engagement_beta_over_alpha_theta,exploratory,-0.30413596435008733
lab_subject_19,block_early_vs_no_ad_early,engagement_beta_over_alpha_theta,exploratory,0.2192230106107706
lab_subject_2,block_early_vs_no_ad_early,engagement_beta_over_alpha_theta,exploratory,-0.04854584456532207
lab_subject_3,block_early_vs_no_ad_early,engagement_beta_over_alpha_theta,exploratory,-0.695835683980528
lab_subject_5,block_early_vs_no_ad_early,engagement_beta_over_alpha_theta,exploratory,-0.02913974627376892
lab_subject_6,block_early_vs_no_ad_early,engagement_beta_over_alpha_theta,exploratory,-0.09191922207352166
lab_subject_7,block_early_vs_no_ad_early,engagement_beta_over_alpha_theta,exploratory,-1.4975501753827125
lab_subject_8,block_early_vs_no_ad_early,engagement_beta_over_alpha_theta,exploratory,-0.5588131443426305
lab_subject_9,block_early_vs_no_ad_early,engagement_beta_over_alpha_theta,exploratory,-0.42423257112710233
lab_subject_1,inline_late_vs_no_ad_late,engagement_beta_over_alpha_theta,exploratory,-2.254241764887161
lab_subject_10,inline_late_vs_no_ad_late,engagement_beta_over_alpha_theta,exploratory,-0.38827004533598397
lab_subject_11,inline_late_vs_no_ad_late,engagement_beta_over_alpha_theta,exploratory,-0.03547424174832392
lab_subject_12,inline_late_vs_no_ad_late,engagement_beta_over_alpha_theta,exploratory,-0.00545567811784875
lab_subject_13,inline_late_vs_no_ad_late,engagement_beta_over_alpha_theta,exploratory,0.01537402815421951
lab_subject_14,inline_late_vs_no_ad_late,engagement_beta_over_alpha_theta,exploratory,-0.9805207401061985
lab_subject_15,inline_late_vs_no_ad_late,engagement_beta_over_alpha_theta,exploratory,-0.478824571101971
lab_subject_16,inline_late_vs_no_ad_late,engagement_beta_over_alpha_theta,exploratory,0.3964867617207476
lab_subject_17,inline_late_vs_no_ad_late,engagement_beta_over_alpha_theta,exploratory,-0.3781213144555011
lab_subject_18,inline_late_vs_no_ad_late,engagement_beta_over_alpha_theta,exploratory,-0.6197878921748992
lab_subject_19,inline_late_vs_no_ad_late,engagement_beta_over_alpha_theta,exploratory,0.5426075447805518
lab_subject_2,inline_late_vs_no_ad_late,engagement_beta_over_alpha_theta,exploratory,0.05142545454972802
lab_subject_3,inline_late_vs_no_ad_late,engagement_beta_over_alpha_theta,exploratory,-0.5816694522355624
lab_subject_5,inline_late_vs_no_ad_late,engagement_beta_over_alpha_theta,exploratory,-0.36365387045074493
lab_subject_6,inline_late_vs_no_ad_late,engagement_beta_over_alpha_theta,exploratory,0.11504995732632628
lab_subject_7,inline_late_vs_no_ad_late,engagement_beta_over_alpha_theta,exploratory,-1.0475378607678496
lab_subject_8,inline_late_vs_no_ad_late,engagement_beta_over_alpha_theta,exploratory,-0.02657523936182704
lab_subject_9,inline_late_vs_no_ad_late,engagement_beta_over_alpha_theta,exploratory,1.0825387546759189
lab_subject_1,block_late_vs_no_ad_late,engagement_beta_over_alpha_theta,exploratory,-0.5462839470777421
lab_subject_10,block_late_vs_no_ad_late,engagement_beta_over_alpha_theta,exploratory,0.05913503186483801
lab_subject_11,block_late_vs_no_ad_late,engagement_beta_over_alpha_theta,exploratory,-0.08673578275400895
lab_subject_12,block_late_vs_no_ad_late,engagement_beta_over_alpha_theta,exploratory,-0.22410568534598257
lab_subject_13,block_late_vs_no_ad_late,engagement_beta_over_alpha_theta,exploratory,-0.47988287232888605
lab_subject_14,block_late_vs_no_ad_late,engagement_beta_over_alpha_theta,exploratory,-0.7977943711292538
lab_subject_15,block_late_vs_no_ad_late,engagement_beta_over_alpha_theta,exploratory,-0.3706612233336877
lab_subject_16,block_late_vs_no_ad_late,engagement_beta_over_alpha_theta,exploratory,-1.1940195324050227
lab_subject_17,block_late_vs_no_ad_late,engagement_beta_over_alpha_theta,exploratory,0.44376053050897557
lab_subject_18,block_late_vs_no_ad_late,engagement_beta_over_alpha_theta,exploratory,-2.2641984220021447
lab_subject_19,block_late_vs_no_ad_late,engagement_beta_over_alpha_theta,exploratory,-0.0846057903675475
lab_subject_2,block_late_vs_no_ad_late,engagement_beta_over_alpha_theta,exploratory,0.3805562713597983
lab_subject_3,block_late_vs_no_ad_late,engagement_beta_over_alpha_theta,exploratory,-0.5152754784952897
lab_subject_5,block_late_vs_no_ad_late,engagement_beta_over_alpha_theta,exploratory,0.17206702780995176
lab_subject_6,block_late_vs_no_ad_late,engagement_beta_over_alpha_theta,exploratory,0.051421616213516486
lab_subject_7,block_late_vs_no_ad_late,engagement_beta_over_alpha_theta,exploratory,-0.18332460260888073
lab_subject_8,block_late_vs_no_ad_late,engagement_beta_over_alpha_theta,exploratory,-0.10259816225246565
lab_subject_9,block_late_vs_no_ad_late,engagement_beta_over_alpha_theta,exploratory,0.26703349883108995
lab_subject_1,any_ad_vs_matched_no_ad,engagement_beta_over_alpha_theta,exploratory,-0.9390053245033525
lab_subject_10,any_ad_vs_matched_no_ad,engagement_beta_over_alpha_theta,exploratory,1.1725819563462976
lab_subject_11,any_ad_vs_matched_no_ad,engagement_beta_over_alpha_theta,exploratory,0.06634998806086537
lab_subject_12,any_ad_vs_matched_no_ad,engagement_beta_over_alpha_theta,exploratory,-0.062072497803012244
lab_subject_13,any_ad_vs_matched_no_ad,engagement_beta_over_alpha_theta,exploratory,-0.7389252762130478
lab_subject_14,any_ad_vs_matched_no_ad,engagement_beta_over_alpha_theta,exploratory,-2.8981300891117843
lab_subject_15,any_ad_vs_matched_no_ad,engagement_beta_over_alpha_theta,exploratory,-0.24287527926558145
lab_subject_16,any_ad_vs_matched_no_ad,engagement_beta_over_alpha_theta,exploratory,-0.2056640000612822
lab_subject_17,any_ad_vs_matched_no_ad,engagement_beta_over_alpha_theta,exploratory,0.10648102158683156
lab_subject_18,any_ad_vs_matched_no_ad,engagement_beta_over_alpha_theta,exploratory,-1.1513266493875474
lab_subject_19,any_ad_vs_matched_no_ad,engagement_beta_over_alpha_theta,exploratory,0.1801568653483892
lab_subject_2,any_ad_vs_matched_no_ad,engagement_beta_over_alpha_theta,exploratory,1.5840773035355233
lab_subject_3,any_ad_vs_matched_no_ad,engagement_beta_over_alpha_theta,exploratory,-0.6582275311530155
lab_subject_5,any_ad_vs_matched_no_ad,engagement_beta_over_alpha_theta,exploratory,-0.43354939552981336
lab_subject_6,any_ad_vs_matched_no_ad,engagement_beta_over_alpha_theta,exploratory,-0.06211062157754507
lab_subject_7,any_ad_vs_matched_no_ad,engagement_beta_over_alpha_theta,exploratory,-0.9943870318029162
lab_subject_8,any_ad_vs_matched_no_ad,engagement_beta_over_alpha_theta,exploratory,-0.2431209321703835
lab_subject_9,any_ad_vs_matched_no_ad,engagement_beta_over_alpha_theta,exploratory,0.2786943551942638
lab_subject_1,inline_vs_block,engagement_beta_over_alpha_theta,exploratory,-0.7214931930353694
lab_subject_10,inline_vs_block,engagement_beta_over_alpha_theta,exploratory,-0.25214728704094647
lab_subject_11,inline_vs_block,engagement_beta_over_alpha_theta,exploratory,0.08120926148528468
lab_subject_12,inline_vs_block,engagement_beta_over_alpha_theta,exploratory,0.34758526550662694
lab_subject_13,inline_vs_block,engagement_beta_over_alpha_theta,exploratory,0.11371175803341704
lab_subject_14,inline_vs_block,engagement_beta_over_alpha_theta,exploratory,-0.19291302748252115
lab_subject_15,inline_vs_block,engagement_beta_over_alpha_theta,exploratory,0.5184677058534528
lab_subject_16,inline_vs_block,engagement_beta_over_alpha_theta,exploratory,0.9215358259940454
lab_subject_17,inline_vs_block,engagement_beta_over_alpha_theta,exploratory,-0.5489838607941759
lab_subject_18,inline_vs_block,engagement_beta_over_alpha_theta,exploratory,0.26568108757713715
lab_subject_19,inline_vs_block,engagement_beta_over_alpha_theta,exploratory,0.22569651045355532
lab_subject_2,inline_vs_block,engagement_beta_over_alpha_theta,exploratory,2.8361441802765706
lab_subject_3,inline_vs_block,engagement_beta_over_alpha_theta,exploratory,-0.10534389983021342
lab_subject_5,inline_vs_block,engagement_beta_over_alpha_theta,exploratory,-1.0100260725958095
lab_subject_6,inline_vs_block,engagement_beta_over_alpha_theta,exploratory,-0.08372363729508497
lab_subject_7,inline_vs_block,engagement_beta_over_alpha_theta,exploratory,-0.3078992856142392
lab_subject_8,inline_vs_block,engagement_beta_over_alpha_theta,exploratory,0.17516944225432934
lab_subject_9,inline_vs_block,engagement_beta_over_alpha_theta,exploratory,0.7145877826845399
lab_subject_1,early_vs_late,engagement_beta_over_alpha_theta,exploratory,1.2928795125697092
lab_subject_10,early_vs_late,engagement_beta_over_alpha_theta,exploratory,0.20405904125760066
lab_subject_11,early_vs_late,engagement_beta_over_alpha_theta,exploratory,0.21149248263718595
lab_subject_12,early_vs_late,engagement_beta_over_alpha_theta,exploratory,0.25886347486655614
lab_subject_13,early_vs_late,engagement_beta_over_alpha_theta,exploratory,0.20760707507537368
lab_subject_14,early_vs_late,engagement_beta_over_alpha_theta,exploratory,-0.010020529216422491
lab_subject_15,early_vs_late,engagement_beta_over_alpha_theta,exploratory,0.20622540920631513
lab_subject_16,early_vs_late,engagement_beta_over_alpha_theta,exploratory,0.3147816079024535
lab_subject_17,early_vs_late,engagement_beta_over_alpha_theta,exploratory,0.0050753666861239055
lab_subject_18,early_vs_late,engagement_beta_over_alpha_theta,exploratory,0.2707313073222657
lab_subject_19,early_vs_late,engagement_beta_over_alpha_theta,exploratory,-0.13590770881304925
lab_subject_2,early_vs_late,engagement_beta_over_alpha_theta,exploratory,2.627412520173533
lab_subject_3,early_vs_late,engagement_beta_over_alpha_theta,exploratory,-0.023534204967478156
lab_subject_5,early_vs_late,engagement_beta_over_alpha_theta,exploratory,-0.7563984933918041
lab_subject_6,early_vs_late,engagement_beta_over_alpha_theta,exploratory,-0.038251944754519374
lab_subject_7,early_vs_late,engagement_beta_over_alpha_theta,exploratory,-0.29704270645746755
lab_subject_8,early_vs_late,engagement_beta_over_alpha_theta,exploratory,-0.5256693298990597
lab_subject_9,early_vs_late,engagement_beta_over_alpha_theta,exploratory,-0.7804748000475243
lab_subject_1,format_x_timing,engagement_beta_over_alpha_theta,exploratory,1.9729292495480992
lab_subject_10,format_x_timing,engagement_beta_over_alpha_theta,exploratory,0.39051558031975087
lab_subject_11,format_x_timing,engagement_beta_over_alpha_theta,exploratory,0.0598954409591993
lab_subject_12,format_x_timing,engagement_beta_over_alpha_theta,exploratory,0.25787051655698623
lab_subject_13,format_x_timing,engagement_beta_over_alpha_theta,exploratory,-0.763090284899377
lab_subject_14,format_x_timing,engagement_beta_over_alpha_theta,exploratory,-0.02037331701115286
lab_subject_15,format_x_timing,engagement_beta_over_alpha_theta,exploratory,1.2532621072434722
lab_subject_16,format_x_timing,engagement_beta_over_alpha_theta,exploratory,-1.33794093626345
lab_subject_17,format_x_timing,engagement_beta_over_alpha_theta,exploratory,0.5457959683406016
lab_subject_18,format_x_timing,engagement_beta_over_alpha_theta,exploratory,-2.757458884500217
lab_subject_19,format_x_timing,engagement_beta_over_alpha_theta,exploratory,-0.8030336493890882
lab_subject_2,format_x_timing,engagement_beta_over_alpha_theta,exploratory,6.330549994173282
lab_subject_3,format_x_timing,engagement_beta_over_alpha_theta,exploratory,-0.07789985217988127
lab_subject_5,format_x_timing,engagement_beta_over_alpha_theta,exploratory,-0.9486103486702254
lab_subject_6,format_x_timing,engagement_beta_over_alpha_theta,exploratory,-0.29470395681578954
lab_subject_7,format_x_timing,engagement_beta_over_alpha_theta,exploratory,1.1126279450894592
lab_subject_8,format_x_timing,engagement_beta_over_alpha_theta,exploratory,0.19829303872738147
lab_subject_9,format_x_timing,engagement_beta_over_alpha_theta,exploratory,-0.20183494632057797
lab_subject_1,inline_early_vs_no_ad_early,engagement_pope_frontocentral_beta_over_alpha_theta,exploratory,0.7724952010944184
lab_subject_10,inline_early_vs_no_ad_early,engagement_pope_frontocentral_beta_over_alpha_theta,exploratory,0.8637611597554676
lab_subject_11,inline_early_vs_no_ad_early,engagement_pope_frontocentral_beta_over_alpha_theta,exploratory,0.3223031686331203
lab_subject_12,inline_early_vs_no_ad_early,engagement_pope_frontocentral_beta_over_alpha_theta,exploratory,0.11301793174129415
lab_subject_13,inline_early_vs_no_ad_early,engagement_pope_frontocentral_beta_over_alpha_theta,exploratory,-0.45007697769368415
lab_subject_14,inline_early_vs_no_ad_early,engagement_pope_frontocentral_beta_over_alpha_theta,exploratory,-2.7629425714061835
lab_subject_15,inline_early_vs_no_ad_early,engagement_pope_frontocentral_beta_over_alpha_theta,exploratory,0.49228859895786936
lab_subject_16,inline_early_vs_no_ad_early,engagement_pope_frontocentral_beta_over_alpha_theta,exploratory,-0.21802335669202022
lab_subject_17,inline_early_vs_no_ad_early,engagement_pope_frontocentral_beta_over_alpha_theta,exploratory,-0.23175541325896276
lab_subject_18,inline_early_vs_no_ad_early,engagement_pope_frontocentral_beta_over_alpha_theta,exploratory,-2.5208378086606453
lab_subject_19,inline_early_vs_no_ad_early,engagement_pope_frontocentral_beta_over_alpha_theta,exploratory,0.266065627053521
lab_subject_2,inline_early_vs_no_ad_early,engagement_pope_frontocentral_beta_over_alpha_theta,exploratory,2.936162591360676
lab_subject_3,inline_early_vs_no_ad_early,engagement_pope_frontocentral_beta_over_alpha_theta,exploratory,-0.9850819209400283
lab_subject_5,inline_early_vs_no_ad_early,engagement_pope_frontocentral_beta_over_alpha_theta,exploratory,-0.9033499283543512
lab_subject_6,inline_early_vs_no_ad_early,engagement_pope_frontocentral_beta_over_alpha_theta,exploratory,-0.6276674631144471
lab_subject_7,inline_early_vs_no_ad_early,engagement_pope_frontocentral_beta_over_alpha_theta,exploratory,-1.412756479800408
lab_subject_8,inline_early_vs_no_ad_early,engagement_pope_frontocentral_beta_over_alpha_theta,exploratory,0.04314602240901022
lab_subject_9,inline_early_vs_no_ad_early,engagement_pope_frontocentral_beta_over_alpha_theta,exploratory,0.30675381075352304
lab_subject_1,block_early_vs_no_ad_early,engagement_pope_frontocentral_beta_over_alpha_theta,exploratory,0.25329658342098793
lab_subject_10,block_early_vs_no_ad_early,engagement_pope_frontocentral_beta_over_alpha_theta,exploratory,1.0658039953217113
lab_subject_11,block_early_vs_no_ad_early,engagement_pope_frontocentral_beta_over_alpha_theta,exploratory,0.3135003943909883
lab_subject_12,block_early_vs_no_ad_early,engagement_pope_frontocentral_beta_over_alpha_theta,exploratory,-0.34113279701739285
lab_subject_13,block_early_vs_no_ad_early,engagement_pope_frontocentral_beta_over_alpha_theta,exploratory,-0.7416216479606385
lab_subject_14,block_early_vs_no_ad_early,engagement_pope_frontocentral_beta_over_alpha_theta,exploratory,-3.329335623040774
lab_subject_15,block_early_vs_no_ad_early,engagement_pope_frontocentral_beta_over_alpha_theta,exploratory,-0.5642498343277158
lab_subject_16,block_early_vs_no_ad_early,engagement_pope_frontocentral_beta_over_alpha_theta,exploratory,-0.05265595259670586
lab_subject_17,block_early_vs_no_ad_early,engagement_pope_frontocentral_beta_over_alpha_theta,exploratory,0.18089694651781207
lab_subject_18,block_early_vs_no_ad_early,engagement_pope_frontocentral_beta_over_alpha_theta,exploratory,-0.37997227263816435
lab_subject_19,block_early_vs_no_ad_early,engagement_pope_frontocentral_beta_over_alpha_theta,exploratory,0.6431135878343369
lab_subject_2,block_early_vs_no_ad_early,engagement_pope_frontocentral_beta_over_alpha_theta,exploratory,-0.18903272129842463
lab_subject_3,block_early_vs_no_ad_early,engagement_pope_frontocentral_beta_over_alpha_theta,exploratory,-0.8803277690338581
lab_subject_5,block_early_vs_no_ad_early,engagement_pope_frontocentral_beta_over_alpha_theta,exploratory,-0.03606396969819059
lab_subject_6,block_early_vs_no_ad_early,engagement_pope_frontocentral_beta_over_alpha_theta,exploratory,-0.26088449951169834
lab_subject_7,block_early_vs_no_ad_early,engagement_pope_frontocentral_beta_over_alpha_theta,exploratory,-1.1430562854388848
lab_subject_8,block_early_vs_no_ad_early,engagement_pope_frontocentral_beta_over_alpha_theta,exploratory,-0.12630776923491882
lab_subject_9,block_early_vs_no_ad_early,engagement_pope_frontocentral_beta_over_alpha_theta,exploratory,-0.2846360430214421
lab_subject_1,inline_late_vs_no_ad_late,engagement_pope_frontocentral_beta_over_alpha_theta,exploratory,-3.5923486054776492
lab_subject_10,inline_late_vs_no_ad_late,engagement_pope_frontocentral_beta_over_alpha_theta,exploratory,-0.40643905409944103
lab_subject_11,inline_late_vs_no_ad_late,engagement_pope_frontocentral_beta_over_alpha_theta,exploratory,-0.002653469418649912
lab_subject_12,inline_late_vs_no_ad_late,engagement_pope_frontocentral_beta_over_alpha_theta,exploratory,-0.005519528991804523
lab_subject_13,inline_late_vs_no_ad_late,engagement_pope_frontocentral_beta_over_alpha_theta,exploratory,-0.049416415799857394
lab_subject_14,inline_late_vs_no_ad_late,engagement_pope_frontocentral_beta_over_alpha_theta,exploratory,-1.1421699538558612
lab_subject_15,inline_late_vs_no_ad_late,engagement_pope_frontocentral_beta_over_alpha_theta,exploratory,-0.30458481030518925
lab_subject_16,inline_late_vs_no_ad_late,engagement_pope_frontocentral_beta_over_alpha_theta,exploratory,0.8977287513831295
lab_subject_17,inline_late_vs_no_ad_late,engagement_pope_frontocentral_beta_over_alpha_theta,exploratory,0.520407522271374
lab_subject_18,inline_late_vs_no_ad_late,engagement_pope_frontocentral_beta_over_alpha_theta,exploratory,-0.6980008041383085
lab_subject_19,inline_late_vs_no_ad_late,engagement_pope_frontocentral_beta_over_alpha_theta,exploratory,0.754404828888537
lab_subject_2,inline_late_vs_no_ad_late,engagement_pope_frontocentral_beta_over_alpha_theta,exploratory,0.30870551037616123
lab_subject_3,inline_late_vs_no_ad_late,engagement_pope_frontocentral_beta_over_alpha_theta,exploratory,-0.7862900013103349
lab_subject_5,inline_late_vs_no_ad_late,engagement_pope_frontocentral_beta_over_alpha_theta,exploratory,-0.30319902170055385
lab_subject_6,inline_late_vs_no_ad_late,engagement_pope_frontocentral_beta_over_alpha_theta,exploratory,0.05283470326421802
lab_subject_7,inline_late_vs_no_ad_late,engagement_pope_frontocentral_beta_over_alpha_theta,exploratory,-1.141417002977406
lab_subject_8,inline_late_vs_no_ad_late,engagement_pope_frontocentral_beta_over_alpha_theta,exploratory,0.01127191031465824
lab_subject_9,inline_late_vs_no_ad_late,engagement_pope_frontocentral_beta_over_alpha_theta,exploratory,1.0200600812844773
lab_subject_1,block_late_vs_no_ad_late,engagement_pope_frontocentral_beta_over_alpha_theta,exploratory,-0.15700934803586808
lab_subject_10,block_late_vs_no_ad_late,engagement_pope_frontocentral_beta_over_alpha_theta,exploratory,-0.016686901097488605
lab_subject_11,block_late_vs_no_ad_late,engagement_pope_frontocentral_beta_over_alpha_theta,exploratory,-0.1380564856519747
lab_subject_12,block_late_vs_no_ad_late,engagement_pope_frontocentral_beta_over_alpha_theta,exploratory,-0.07091631950418009
lab_subject_13,block_late_vs_no_ad_late,engagement_pope_frontocentral_beta_over_alpha_theta,exploratory,-0.5503968373787578
lab_subject_14,block_late_vs_no_ad_late,engagement_pope_frontocentral_beta_over_alpha_theta,exploratory,-1.4272588020593986
lab_subject_15,block_late_vs_no_ad_late,engagement_pope_frontocentral_beta_over_alpha_theta,exploratory,-0.18547029067798632
lab_subject_16,block_late_vs_no_ad_late,engagement_pope_frontocentral_beta_over_alpha_theta,exploratory,-1.3746803689674607
lab_subject_17,block_late_vs_no_ad_late,engagement_pope_frontocentral_beta_over_alpha_theta,exploratory,0.49853162661637906
lab_subject_18,block_late_vs_no_ad_late,engagement_pope_frontocentral_beta_over_alpha_theta,exploratory,-3.001977485194959
lab_subject_19,block_late_vs_no_ad_late,engagement_pope_frontocentral_beta_over_alpha_theta,exploratory,0.26234860739215193
lab_subject_2,block_late_vs_no_ad_late,engagement_pope_frontocentral_beta_over_alpha_theta,exploratory,0.5412359952456356
lab_subject_3,block_late_vs_no_ad_late,engagement_pope_frontocentral_beta_over_alpha_theta,exploratory,-0.8992559363601493
lab_subject_5,block_late_vs_no_ad_late,engagement_pope_frontocentral_beta_over_alpha_theta,exploratory,0.27023325038313456
lab_subject_6,block_late_vs_no_ad_late,engagement_pope_frontocentral_beta_over_alpha_theta,exploratory,-0.15512123348571927
lab_subject_7,block_late_vs_no_ad_late,engagement_pope_frontocentral_beta_over_alpha_theta,exploratory,-0.3327777448355256
lab_subject_8,block_late_vs_no_ad_late,engagement_pope_frontocentral_beta_over_alpha_theta,exploratory,0.20265168970940817
lab_subject_9,block_late_vs_no_ad_late,engagement_pope_frontocentral_beta_over_alpha_theta,exploratory,0.4357278977256581
lab_subject_1,any_ad_vs_matched_no_ad,engagement_pope_frontocentral_beta_over_alpha_theta,exploratory,-0.6808915422495277
lab_subject_10,any_ad_vs_matched_no_ad,engagement_pope_frontocentral_beta_over_alpha_theta,exploratory,0.3766097999700624
lab_subject_11,any_ad_vs_matched_no_ad,engagement_pope_frontocentral_beta_over_alpha_theta,exploratory,0.123773401988371
lab_subject_12,any_ad_vs_matched_no_ad,engagement_pope_frontocentral_beta_over_alpha_theta,exploratory,-0.07613767844302083
lab_subject_13,any_ad_vs_matched_no_ad,engagement_pope_frontocentral_beta_over_alpha_theta,exploratory,-0.44787796970823446
lab_subject_14,any_ad_vs_matched_no_ad,engagement_pope_frontocentral_beta_over_alpha_theta,exploratory,-2.165426737590554
lab_subject_15,any_ad_vs_matched_no_ad,engagement_pope_frontocentral_beta_over_alpha_theta,exploratory,-0.1405040840882555
lab_subject_16,any_ad_vs_matched_no_ad,engagement_pope_frontocentral_beta_over_alpha_theta,exploratory,-0.18690773171826436
lab_subject_17,any_ad_vs_matched_no_ad,engagement_pope_frontocentral_beta_over_alpha_theta,exploratory,0.2420201705366506
lab_subject_18,any_ad_vs_matched_no_ad,engagement_pope_frontocentral_beta_over_alpha_theta,exploratory,-1.6501970926580194
lab_subject_19,any_ad_vs_matched_no_ad,engagement_pope_frontocentral_beta_over_alpha_theta,exploratory,0.48148316279213677
lab_subject_2,any_ad_vs_matched_no_ad,engagement_pope_frontocentral_beta_over_alpha_theta,exploratory,0.899267843921012
lab_subject_3,any_ad_vs_matched_no_ad,engagement_pope_frontocentral_beta_over_alpha_theta,exploratory,-0.8877389069110927
lab_subject_5,any_ad_vs_matched_no_ad,engagement_pope_frontocentral_beta_over_alpha_theta,exploratory,-0.2430949173424903
lab_subject_6,any_ad_vs_matched_no_ad,engagement_pope_frontocentral_beta_over_alpha_theta,exploratory,-0.24770962321191167
lab_subject_7,any_ad_vs_matched_no_ad,engagement_pope_frontocentral_beta_over_alpha_theta,exploratory,-1.0075018782630563
lab_subject_8,any_ad_vs_matched_no_ad,engagement_pope_frontocentral_beta_over_alpha_theta,exploratory,0.03269046329953945
lab_subject_9,any_ad_vs_matched_no_ad,engagement_pope_frontocentral_beta_over_alpha_theta,exploratory,0.36947643668555413
lab_subject_1,inline_vs_block,engagement_pope_frontocentral_beta_over_alpha_theta,exploratory,-1.4580703198841753
lab_subject_10,inline_vs_block,engagement_pope_frontocentral_beta_over_alpha_theta,exploratory,-0.29589749428409806
lab_subject_11,inline_vs_block,engagement_pope_frontocentral_beta_over_alpha_theta,exploratory,0.07210289523772839
lab_subject_12,inline_vs_block,engagement_pope_frontocentral_beta_over_alpha_theta,exploratory,0.2597737596355313
lab_subject_13,inline_vs_block,engagement_pope_frontocentral_beta_over_alpha_theta,exploratory,0.39626254592292737
lab_subject_14,inline_vs_block,engagement_pope_frontocentral_beta_over_alpha_theta,exploratory,0.42574094991906397
lab_subject_15,inline_vs_block,engagement_pope_frontocentral_beta_over_alpha_theta,exploratory,0.46871195682919115
lab_subject_16,inline_vs_block,engagement_pope_frontocentral_beta_over_alpha_theta,exploratory,1.053520858127638
lab_subject_17,inline_vs_block,engagement_pope_frontocentral_beta_over_alpha_theta,exploratory,-0.19538823206088995
lab_subject_18,inline_vs_block,engagement_pope_frontocentral_beta_over_alpha_theta,exploratory,0.08155557251708467
lab_subject_19,inline_vs_block,engagement_pope_frontocentral_beta_over_alpha_theta,exploratory,0.057504130357784594
lab_subject_2,inline_vs_block,engagement_pope_frontocentral_beta_over_alpha_theta,exploratory,1.446332413894813
lab_subject_3,inline_vs_block,engagement_pope_frontocentral_beta_over_alpha_theta,exploratory,0.004105891571822118
lab_subject_5,inline_vs_block,engagement_pope_frontocentral_beta_over_alpha_theta,exploratory,-0.7203591153699245
lab_subject_6,inline_vs_block,engagement_pope_frontocentral_beta_over_alpha_theta,exploratory,-0.07941351342640574
lab_subject_7,inline_vs_block,engagement_pope_frontocentral_beta_over_alpha_theta,exploratory,-0.5391697262517017
lab_subject_8,inline_vs_block,engagement_pope_frontocentral_beta_over_alpha_theta,exploratory,-0.010962993875410443
lab_subject_9,inline_vs_block,engagement_pope_frontocentral_beta_over_alpha_theta,exploratory,0.5878610186668922
lab_subject_1,early_vs_late,engagement_pope_frontocentral_beta_over_alpha_theta,exploratory,1.738919029381255
lab_subject_10,early_vs_late,engagement_pope_frontocentral_beta_over_alpha_theta,exploratory,0.1689697424227831
lab_subject_11,early_vs_late,engagement_pope_frontocentral_beta_over_alpha_theta,exploratory,0.48776930284073505
lab_subject_12,early_vs_late,engagement_pope_frontocentral_beta_over_alpha_theta,exploratory,0.24550946567985854
lab_subject_13,early_vs_late,engagement_pope_frontocentral_beta_over_alpha_theta,exploratory,0.15980614192170078
lab_subject_14,early_vs_late,engagement_pope_frontocentral_beta_over_alpha_theta,exploratory,-0.3473337871401537
lab_subject_15,early_vs_late,engagement_pope_frontocentral_beta_over_alpha_theta,exploratory,0.17438098244865455
lab_subject_16,early_vs_late,engagement_pope_frontocentral_beta_over_alpha_theta,exploratory,0.004474347241861909
lab_subject_17,early_vs_late,engagement_pope_frontocentral_beta_over_alpha_theta,exploratory,-0.27695226791327676
lab_subject_18,early_vs_late,engagement_pope_frontocentral_beta_over_alpha_theta,exploratory,0.006545857248848819
lab_subject_19,early_vs_late,engagement_pope_frontocentral_beta_over_alpha_theta,exploratory,-0.025620509487582016
lab_subject_2,early_vs_late,engagement_pope_frontocentral_beta_over_alpha_theta,exploratory,1.1101518890492876
lab_subject_3,early_vs_late,engagement_pope_frontocentral_beta_over_alpha_theta,exploratory,-0.1398393141829219
lab_subject_5,early_vs_late,engagement_pope_frontocentral_beta_over_alpha_theta,exploratory,-0.49545502105248274
lab_subject_6,early_vs_late,engagement_pope_frontocentral_beta_over_alpha_theta,exploratory,-0.1640836448094259
lab_subject_7,early_vs_late,engagement_pope_frontocentral_beta_over_alpha_theta,exploratory,-0.12361544480901338
lab_subject_8,early_vs_late,engagement_pope_frontocentral_beta_over_alpha_theta,exploratory,-0.5011692307706103
lab_subject_9,early_vs_late,engagement_pope_frontocentral_beta_over_alpha_theta,exploratory,-1.0106303490485897
lab_subject_1,format_x_timing,engagement_pope_frontocentral_beta_over_alpha_theta,exploratory,3.9545378751152116
lab_subject_10,format_x_timing,engagement_pope_frontocentral_beta_over_alpha_theta,exploratory,0.18770931743570868
lab_subject_11,format_x_timing,engagement_pope_frontocentral_beta_over_alpha_theta,exploratory,-0.1266002419911928
lab_subject_12,format_x_timing,engagement_pope_frontocentral_beta_over_alpha_theta,exploratory,0.38875393824631144
lab_subject_13,format_x_timing,engagement_pope_frontocentral_beta_over_alpha_theta,exploratory,-0.20943575131194614
lab_subject_14,format_x_timing,engagement_pope_frontocentral_beta_over_alpha_theta,exploratory,0.2813042034310531
lab_subject_15,format_x_timing,engagement_pope_frontocentral_beta_over_alpha_theta,exploratory,1.1756529529127882
lab_subject_16,format_x_timing,engagement_pope_frontocentral_beta_over_alpha_theta,exploratory,-2.437776524445905
lab_subject_17,format_x_timing,engagement_pope_frontocentral_beta_over_alpha_theta,exploratory,-0.43452825543176976
lab_subject_18,format_x_timing,engagement_pope_frontocentral_beta_over_alpha_theta,exploratory,-4.444842217079132
lab_subject_19,format_x_timing,engagement_pope_frontocentral_beta_over_alpha_theta,exploratory,-0.869104182277201
lab_subject_2,format_x_timing,engagement_pope_frontocentral_beta_over_alpha_theta,exploratory,3.357725797528575
lab_subject_3,format_x_timing,engagement_pope_frontocentral_beta_over_alpha_theta,exploratory,-0.21772008695598466
lab_subject_5,format_x_timing,engagement_pope_frontocentral_beta_over_alpha_theta,exploratory,-0.29385368657247224
lab_subject_6,format_x_timing,engagement_pope_frontocentral_beta_over_alpha_theta,exploratory,-0.574738900352686
lab_subject_7,format_x_timing,engagement_pope_frontocentral_beta_over_alpha_theta,exploratory,0.5389390637803572
lab_subject_8,format_x_timing,engagement_pope_frontocentral_beta_over_alpha_theta,exploratory,0.36083357103867897
lab_subject_9,format_x_timing,engagement_pope_frontocentral_beta_over_alpha_theta,exploratory,0.007057670216145784
lab_subject_1,inline_early_vs_no_ad_early,engagement_kislov_central_beta16_24_over_alpha8_12,exploratory,0.7681214332977904
lab_subject_10,inline_early_vs_no_ad_early,engagement_kislov_central_beta16_24_over_alpha8_12,exploratory,0.33393035684231565
lab_subject_11,inline_early_vs_no_ad_early,engagement_kislov_central_beta16_24_over_alpha8_12,exploratory,0.08244822305269722
lab_subject_12,inline_early_vs_no_ad_early,engagement_kislov_central_beta16_24_over_alpha8_12,exploratory,-0.07816828107916973
lab_subject_13,inline_early_vs_no_ad_early,engagement_kislov_central_beta16_24_over_alpha8_12,exploratory,-2.110820995191993
lab_subject_14,inline_early_vs_no_ad_early,engagement_kislov_central_beta16_24_over_alpha8_12,exploratory,-0.9239864023270286
lab_subject_15,inline_early_vs_no_ad_early,engagement_kislov_central_beta16_24_over_alpha8_12,exploratory,-0.20713865263919928
lab_subject_16,inline_early_vs_no_ad_early,engagement_kislov_central_beta16_24_over_alpha8_12,exploratory,0.7952227838895636
lab_subject_17,inline_early_vs_no_ad_early,engagement_kislov_central_beta16_24_over_alpha8_12,exploratory,-0.6409607655462027
lab_subject_18,inline_early_vs_no_ad_early,engagement_kislov_central_beta16_24_over_alpha8_12,exploratory,-0.918608979001369
lab_subject_19,inline_early_vs_no_ad_early,engagement_kislov_central_beta16_24_over_alpha8_12,exploratory,-0.4178462841645094
lab_subject_2,inline_early_vs_no_ad_early,engagement_kislov_central_beta16_24_over_alpha8_12,exploratory,6.485086713634202
lab_subject_3,inline_early_vs_no_ad_early,engagement_kislov_central_beta16_24_over_alpha8_12,exploratory,-1.0666753693683282
lab_subject_5,inline_early_vs_no_ad_early,engagement_kislov_central_beta16_24_over_alpha8_12,exploratory,-1.173092259059485
lab_subject_6,inline_early_vs_no_ad_early,engagement_kislov_central_beta16_24_over_alpha8_12,exploratory,-0.6892437730091485
lab_subject_7,inline_early_vs_no_ad_early,engagement_kislov_central_beta16_24_over_alpha8_12,exploratory,-2.2362570170079206
lab_subject_8,inline_early_vs_no_ad_early,engagement_kislov_central_beta16_24_over_alpha8_12,exploratory,-0.2987554621324531
lab_subject_9,inline_early_vs_no_ad_early,engagement_kislov_central_beta16_24_over_alpha8_12,exploratory,3.408519555068556
lab_subject_1,block_early_vs_no_ad_early,engagement_kislov_central_beta16_24_over_alpha8_12,exploratory,4.826172234983119
lab_subject_10,block_early_vs_no_ad_early,engagement_kislov_central_beta16_24_over_alpha8_12,exploratory,0.23070237770971036
lab_subject_11,block_early_vs_no_ad_early,engagement_kislov_central_beta16_24_over_alpha8_12,exploratory,-0.01132543035509681
lab_subject_12,block_early_vs_no_ad_early,engagement_kislov_central_beta16_24_over_alpha8_12,exploratory,-0.4321932441350029
lab_subject_13,block_early_vs_no_ad_early,engagement_kislov_central_beta16_24_over_alpha8_12,exploratory,-2.9728451602911816
lab_subject_14,block_early_vs_no_ad_early,engagement_kislov_central_beta16_24_over_alpha8_12,exploratory,-2.13355291609352
lab_subject_15,block_early_vs_no_ad_early,engagement_kislov_central_beta16_24_over_alpha8_12,exploratory,-0.21405068037911967
lab_subject_16,block_early_vs_no_ad_early,engagement_kislov_central_beta16_24_over_alpha8_12,exploratory,0.6766698569874874
lab_subject_17,block_early_vs_no_ad_early,engagement_kislov_central_beta16_24_over_alpha8_12,exploratory,0.0024938334994723532
lab_subject_18,block_early_vs_no_ad_early,engagement_kislov_central_beta16_24_over_alpha8_12,exploratory,0.9256628672384295
lab_subject_19,block_early_vs_no_ad_early,engagement_kislov_central_beta16_24_over_alpha8_12,exploratory,0.797894509867277
lab_subject_2,block_early_vs_no_ad_early,engagement_kislov_central_beta16_24_over_alpha8_12,exploratory,0.9503806072424292
lab_subject_3,block_early_vs_no_ad_early,engagement_kislov_central_beta16_24_over_alpha8_12,exploratory,-0.2929135254279235
lab_subject_5,block_early_vs_no_ad_early,engagement_kislov_central_beta16_24_over_alpha8_12,exploratory,-1.093579358108648
lab_subject_6,block_early_vs_no_ad_early,engagement_kislov_central_beta16_24_over_alpha8_12,exploratory,1.445801429199433
lab_subject_7,block_early_vs_no_ad_early,engagement_kislov_central_beta16_24_over_alpha8_12,exploratory,-2.7280898736990826
lab_subject_8,block_early_vs_no_ad_early,engagement_kislov_central_beta16_24_over_alpha8_12,exploratory,0.16097408339372588
lab_subject_9,block_early_vs_no_ad_early,engagement_kislov_central_beta16_24_over_alpha8_12,exploratory,-0.5641881813930303
lab_subject_1,inline_late_vs_no_ad_late,engagement_kislov_central_beta16_24_over_alpha8_12,exploratory,-0.9385323375779979
lab_subject_10,inline_late_vs_no_ad_late,engagement_kislov_central_beta16_24_over_alpha8_12,exploratory,0.1641332023729687
lab_subject_11,inline_late_vs_no_ad_late,engagement_kislov_central_beta16_24_over_alpha8_12,exploratory,0.10115994403530854
lab_subject_12,inline_late_vs_no_ad_late,engagement_kislov_central_beta16_24_over_alpha8_12,exploratory,0.4224672340317118
lab_subject_13,inline_late_vs_no_ad_late,engagement_kislov_central_beta16_24_over_alpha8_12,exploratory,-0.7910047820681221
lab_subject_14,inline_late_vs_no_ad_late,engagement_kislov_central_beta16_24_over_alpha8_12,exploratory,0.2537784651507564
lab_subject_15,inline_late_vs_no_ad_late,engagement_kislov_central_beta16_24_over_alpha8_12,exploratory,-1.0437168659513107
lab_subject_16,inline_late_vs_no_ad_late,engagement_kislov_central_beta16_24_over_alpha8_12,exploratory,-0.2735492276410556
lab_subject_17,inline_late_vs_no_ad_late,engagement_kislov_central_beta16_24_over_alpha8_12,exploratory,0.3794146490703669
lab_subject_18,inline_late_vs_no_ad_late,engagement_kislov_central_beta16_24_over_alpha8_12,exploratory,-0.8429892665099368
lab_subject_19,inline_late_vs_no_ad_late,engagement_kislov_central_beta16_24_over_alpha8_12,exploratory,0.6379142142994235
lab_subject_2,inline_late_vs_no_ad_late,engagement_kislov_central_beta16_24_over_alpha8_12,exploratory,-0.3685183188817991
lab_subject_3,inline_late_vs_no_ad_late,engagement_kislov_central_beta16_24_over_alpha8_12,exploratory,-1.7056995954202052
lab_subject_5,inline_late_vs_no_ad_late,engagement_kislov_central_beta16_24_over_alpha8_12,exploratory,-0.24380258605254812
lab_subject_6,inline_late_vs_no_ad_late,engagement_kislov_central_beta16_24_over_alpha8_12,exploratory,0.7989985738526131
lab_subject_7,inline_late_vs_no_ad_late,engagement_kislov_central_beta16_24_over_alpha8_12,exploratory,-0.12234057476114191
lab_subject_8,inline_late_vs_no_ad_late,engagement_kislov_central_beta16_24_over_alpha8_12,exploratory,0.9855145992114416
lab_subject_9,inline_late_vs_no_ad_late,engagement_kislov_central_beta16_24_over_alpha8_12,exploratory,2.8752216427398265
lab_subject_1,block_late_vs_no_ad_late,engagement_kislov_central_beta16_24_over_alpha8_12,exploratory,0.3027529062366652
lab_subject_10,block_late_vs_no_ad_late,engagement_kislov_central_beta16_24_over_alpha8_12,exploratory,0.17958899764278058
lab_subject_11,block_late_vs_no_ad_late,engagement_kislov_central_beta16_24_over_alpha8_12,exploratory,0.24191097716238674
lab_subject_12,block_late_vs_no_ad_late,engagement_kislov_central_beta16_24_over_alpha8_12,exploratory,0.2605497356942483
lab_subject_13,block_late_vs_no_ad_late,engagement_kislov_central_beta16_24_over_alpha8_12,exploratory,-0.10169350692163648
lab_subject_14,block_late_vs_no_ad_late,engagement_kislov_central_beta16_24_over_alpha8_12,exploratory,-0.06695805830372359
lab_subject_15,block_late_vs_no_ad_late,engagement_kislov_central_beta16_24_over_alpha8_12,exploratory,-0.1948191460546953
lab_subject_16,block_late_vs_no_ad_late,engagement_kislov_central_beta16_24_over_alpha8_12,exploratory,0.23090488906147644
lab_subject_17,block_late_vs_no_ad_late,engagement_kislov_central_beta16_24_over_alpha8_12,exploratory,0.6463423425012206
lab_subject_18,block_late_vs_no_ad_late,engagement_kislov_central_beta16_24_over_alpha8_12,exploratory,-2.7225473400917726
lab_subject_19,block_late_vs_no_ad_late,engagement_kislov_central_beta16_24_over_alpha8_12,exploratory,0.22248708435593478
lab_subject_2,block_late_vs_no_ad_late,engagement_kislov_central_beta16_24_over_alpha8_12,exploratory,-0.45906057254034793
lab_subject_3,block_late_vs_no_ad_late,engagement_kislov_central_beta16_24_over_alpha8_12,exploratory,-1.8956109406160546
lab_subject_5,block_late_vs_no_ad_late,engagement_kislov_central_beta16_24_over_alpha8_12,exploratory,0.5794664599329402
lab_subject_6,block_late_vs_no_ad_late,engagement_kislov_central_beta16_24_over_alpha8_12,exploratory,0.35075991108139204
lab_subject_7,block_late_vs_no_ad_late,engagement_kislov_central_beta16_24_over_alpha8_12,exploratory,-0.833495615039586
lab_subject_8,block_late_vs_no_ad_late,engagement_kislov_central_beta16_24_over_alpha8_12,exploratory,0.9187151086332117
lab_subject_9,block_late_vs_no_ad_late,engagement_kislov_central_beta16_24_over_alpha8_12,exploratory,1.0064047917092767
lab_subject_1,any_ad_vs_matched_no_ad,engagement_kislov_central_beta16_24_over_alpha8_12,exploratory,1.2396285592348941
lab_subject_10,any_ad_vs_matched_no_ad,engagement_kislov_central_beta16_24_over_alpha8_12,exploratory,0.22708873364194382
lab_subject_11,any_ad_vs_matched_no_ad,engagement_kislov_central_beta16_24_over_alpha8_12,exploratory,0.10354842847382392
lab_subject_12,any_ad_vs_matched_no_ad,engagement_kislov_central_beta16_24_over_alpha8_12,exploratory,0.04316386112794688
lab_subject_13,any_ad_vs_matched_no_ad,engagement_kislov_central_beta16_24_over_alpha8_12,exploratory,-1.4940911111182333
lab_subject_14,any_ad_vs_matched_no_ad,engagement_kislov_central_beta16_24_over_alpha8_12,exploratory,-0.717679727893379
lab_subject_15,any_ad_vs_matched_no_ad,engagement_kislov_central_beta16_24_over_alpha8_12,exploratory,-0.41493133625608125
lab_subject_16,any_ad_vs_matched_no_ad,engagement_kislov_central_beta16_24_over_alpha8_12,exploratory,0.35731207557436795
lab_subject_17,any_ad_vs_matched_no_ad,engagement_kislov_central_beta16_24_over_alpha8_12,exploratory,0.09682251488121427
lab_subject_18,any_ad_vs_matched_no_ad,engagement_kislov_central_beta16_24_over_alpha8_12,exploratory,-0.8896206795911623
lab_subject_19,any_ad_vs_matched_no_ad,engagement_kislov_central_beta16_24_over_alpha8_12,exploratory,0.3101123810895315
lab_subject_2,any_ad_vs_matched_no_ad,engagement_kislov_central_beta16_24_over_alpha8_12,exploratory,1.651972107363621
lab_subject_3,any_ad_vs_matched_no_ad,engagement_kislov_central_beta16_24_over_alpha8_12,exploratory,-1.2402248577081278
lab_subject_5,any_ad_vs_matched_no_ad,engagement_kislov_central_beta16_24_over_alpha8_12,exploratory,-0.4827519358219352
lab_subject_6,any_ad_vs_matched_no_ad,engagement_kislov_central_beta16_24_over_alpha8_12,exploratory,0.47657903528107237
lab_subject_7,any_ad_vs_matched_no_ad,engagement_kislov_central_beta16_24_over_alpha8_12,exploratory,-1.4800457701269327
lab_subject_8,any_ad_vs_matched_no_ad,engagement_kislov_central_beta16_24_over_alpha8_12,exploratory,0.4416120822764815
lab_subject_9,any_ad_vs_matched_no_ad,engagement_kislov_central_beta16_24_over_alpha8_12,exploratory,1.681489452031157
lab_subject_1,inline_vs_block,engagement_kislov_central_beta16_24_over_alpha8_12,exploratory,-2.649668022749996
lab_subject_10,inline_vs_block,engagement_kislov_central_beta16_24_over_alpha8_12,exploratory,0.0438860919313967
lab_subject_11,inline_vs_block,engagement_kislov_central_beta16_24_over_alpha8_12,exploratory,-0.023488689859642087
lab_subject_12,inline_vs_block,engagement_kislov_central_beta16_24_over_alpha8_12,exploratory,0.25797123069664835
lab_subject_13,inline_vs_block,engagement_kislov_central_beta16_24_over_alpha8_12,exploratory,0.08635644497635137
lab_subject_14,inline_vs_block,engagement_kislov_central_beta16_24_over_alpha8_12,exploratory,0.7651515186104859
lab_subject_15,inline_vs_block,engagement_kislov_central_beta16_24_over_alpha8_12,exploratory,-0.4209928460783475
lab_subject_16,inline_vs_block,engagement_kislov_central_beta16_24_over_alpha8_12,exploratory,-0.19295059490022792
lab_subject_17,inline_vs_block,engagement_kislov_central_beta16_24_over_alpha8_12,exploratory,-0.4551911462382644
lab_subject_18,inline_vs_block,engagement_kislov_central_beta16_24_over_alpha8_12,exploratory,0.017643113671018673
lab_subject_19,inline_vs_block,engagement_kislov_central_beta16_24_over_alpha8_12,exploratory,-0.4001568320441488
lab_subject_2,inline_vs_block,engagement_kislov_central_beta16_24_over_alpha8_12,exploratory,2.812624180025161
lab_subject_3,inline_vs_block,engagement_kislov_central_beta16_24_over_alpha8_12,exploratory,-0.29192524937227765
lab_subject_5,inline_vs_block,engagement_kislov_central_beta16_24_over_alpha8_12,exploratory,-0.4513909734681627
lab_subject_6,inline_vs_block,engagement_kislov_central_beta16_24_over_alpha8_12,exploratory,-0.8434032697186802
lab_subject_7,inline_vs_block,engagement_kislov_central_beta16_24_over_alpha8_12,exploratory,0.6014939484848029
lab_subject_8,inline_vs_block,engagement_kislov_central_beta16_24_over_alpha8_12,exploratory,-0.19646502747397454
lab_subject_9,inline_vs_block,engagement_kislov_central_beta16_24_over_alpha8_12,exploratory,2.920762293746068
lab_subject_1,early_vs_late,engagement_kislov_central_beta16_24_over_alpha8_12,exploratory,2.5065359745372566
lab_subject_10,early_vs_late,engagement_kislov_central_beta16_24_over_alpha8_12,exploratory,-0.07750915721018586
lab_subject_11,early_vs_late,engagement_kislov_central_beta16_24_over_alpha8_12,exploratory,-0.3265210774222319
lab_subject_12,early_vs_late,engagement_kislov_central_beta16_24_over_alpha8_12,exploratory,-0.3570023978388458
lab_subject_13,early_vs_late,engagement_kislov_central_beta16_24_over_alpha8_12,exploratory,0.2504844614477011
lab_subject_14,early_vs_late,engagement_kislov_central_beta16_24_over_alpha8_12,exploratory,0.03194547717800683
lab_subject_15,early_vs_late,engagement_kislov_central_beta16_24_over_alpha8_12,exploratory,0.005150813004094479
lab_subject_16,early_vs_late,engagement_kislov_central_beta16_24_over_alpha8_12,exploratory,0.6857885746397923
lab_subject_17,early_vs_late,engagement_kislov_central_beta16_24_over_alpha8_12,exploratory,-0.47863249291544036
lab_subject_18,early_vs_late,engagement_kislov_central_beta16_24_over_alpha8_12,exploratory,0.5029113312841169
lab_subject_19,early_vs_late,engagement_kislov_central_beta16_24_over_alpha8_12,exploratory,-0.4820076788513743
lab_subject_2,early_vs_late,engagement_kislov_central_beta16_24_over_alpha8_12,exploratory,2.9192390983435437
lab_subject_3,early_vs_late,engagement_kislov_central_beta16_24_over_alpha8_12,exploratory,0.13612718618559655
lab_subject_5,early_vs_late,engagement_kislov_central_beta16_24_over_alpha8_12,exploratory,-0.6218704624160201
lab_subject_6,early_vs_late,engagement_kislov_central_beta16_24_over_alpha8_12,exploratory,0.21352874739208832
lab_subject_7,early_vs_late,engagement_kislov_central_beta16_24_over_alpha8_12,exploratory,0.023375305055498008
lab_subject_8,early_vs_late,engagement_kislov_central_beta16_24_over_alpha8_12,exploratory,-0.15196024938489638
lab_subject_9,early_vs_late,engagement_kislov_central_beta16_24_over_alpha8_12,exploratory,0.9359077420961626
lab_subject_1,format_x_timing,engagement_kislov_central_beta16_24_over_alpha8_12,exploratory,-2.816765557870666
lab_subject_10,format_x_timing,engagement_kislov_central_beta16_24_over_alpha8_12,exploratory,0.11868377440241717
lab_subject_11,format_x_timing,engagement_kislov_central_beta16_24_over_alpha8_12,exploratory,0.23452468653487224
lab_subject_12,format_x_timing,engagement_kislov_central_beta16_24_over_alpha8_12,exploratory,0.1921074647183696
lab_subject_13,format_x_timing,engagement_kislov_central_beta16_24_over_alpha8_12,exploratory,1.5513354402456736
lab_subject_14,format_x_timing,engagement_kislov_central_beta16_24_over_alpha8_12,exploratory,0.8888299903120117
lab_subject_15,format_x_timing,engagement_kislov_central_beta16_24_over_alpha8_12,exploratory,0.8558097476365358
lab_subject_16,format_x_timing,engagement_kislov_central_beta16_24_over_alpha8_12,exploratory,0.6230070436046082
lab_subject_17,format_x_timing,engagement_kislov_central_beta16_24_over_alpha8_12,exploratory,-0.37652690561482144
lab_subject_18,format_x_timing,engagement_kislov_central_beta16_24_over_alpha8_12,exploratory,-3.7238299198216342
lab_subject_19,format_x_timing,engagement_kislov_central_beta16_24_over_alpha8_12,exploratory,-1.631167923975275
lab_subject_2,format_x_timing,engagement_kislov_central_beta16_24_over_alpha8_12,exploratory,5.444163852733224
lab_subject_3,format_x_timing,engagement_kislov_central_beta16_24_over_alpha8_12,exploratory,-0.9636731891362541
lab_subject_5,format_x_timing,engagement_kislov_central_beta16_24_over_alpha8_12,exploratory,0.7437561450346513
lab_subject_6,format_x_timing,engagement_kislov_central_beta16_24_over_alpha8_12,exploratory,-2.5832838649798022
lab_subject_7,format_x_timing,engagement_kislov_central_beta16_24_over_alpha8_12,exploratory,-0.2193221835872825
lab_subject_8,format_x_timing,engagement_kislov_central_beta16_24_over_alpha8_12,exploratory,-0.5265290361044088
lab_subject_9,format_x_timing,engagement_kislov_central_beta16_24_over_alpha8_12,exploratory,2.1038908854310368
