subject_id,experiment_id,reference_id,reference_kind,condition,ad_mode,matched_timing,matched_ad_conditions,primary_analysis_eligible,k_epochs,n_pre,n_post,fz_theta_power_db_uv2_pre,fz_theta_power_db_uv2_post,fz_theta_power_db_uv2_post_minus_pre,posterior_alpha_power_db_uv2_pre,posterior_alpha_power_db_uv2_post,posterior_alpha_power_db_uv2_post_minus_pre,theta_power_db_uv2_pre,theta_power_db_uv2_post,theta_power_db_uv2_post_minus_pre,alpha_power_db_uv2_pre,alpha_power_db_uv2_post,alpha_power_db_uv2_post_minus_pre,beta_power_db_uv2_pre,beta_power_db_uv2_post,beta_power_db_uv2_post_minus_pre,faa_log_f4_minus_f3_pre,faa_log_f4_minus_f3_post,faa_log_f4_minus_f3_post_minus_pre,delta_power_db_uv2_pre,delta_power_db_uv2_post,delta_power_db_uv2_post_minus_pre,gamma_power_db_uv2_pre,gamma_power_db_uv2_post,gamma_power_db_uv2_post_minus_pre,delta_relative_power_pre,delta_relative_power_post,delta_relative_power_post_minus_pre,theta_relative_power_pre,theta_relative_power_post,theta_relative_power_post_minus_pre,alpha_relative_power_pre,alpha_relative_power_post,alpha_relative_power_post_minus_pre,beta_relative_power_pre,beta_relative_power_post,beta_relative_power_post_minus_pre,gamma_relative_power_pre,gamma_relative_power_post,gamma_relative_power_post_minus_pre,engagement_beta_over_alpha_theta_pre,engagement_beta_over_alpha_theta_post,engagement_beta_over_alpha_theta_post_minus_pre,engagement_pope_frontocentral_beta_over_alpha_theta_pre,engagement_pope_frontocentral_beta_over_alpha_theta_post,engagement_pope_frontocentral_beta_over_alpha_theta_post_minus_pre,engagement_kislov_central_beta16_24_over_alpha8_12_pre,engagement_kislov_central_beta16_24_over_alpha8_12_post,engagement_kislov_central_beta16_24_over_alpha8_12_post_minus_pre
lab_subject_1,exp_20260721T091553Z_7b92ec42,lab_subject_1__ad_00,advertisement,block_late,explicit_ad_block,late,block_late,yes,3,3,3,5.4376516740549885,6.670525894609175,1.2328742205541863,5.639799990758377,3.5061717565378414,-2.1336282342205353,4.020757614909175,5.541643085771588,1.5208854708624129,3.9883141570584186,2.69939203176576,-1.2889221252926588,9.882320906734344,9.531019691543467,-0.35130121519087787,-0.17577384702582322,0.20365715254974504,0.37943099957556825,10.82438540674543,12.358954622330769,1.5345692155853392,4.981310543860405,4.7510089294764954,-0.23030161438390984,0.4030010305355431,0.5009523427828435,0.09795131224730041,0.08265656277418401,0.09239435543748252,0.009737792663298508,0.07411741116787447,0.04754951207551638,-0.026567899092358092,0.3244140888116849,0.26070778137086253,-0.06370630744082234,0.104953921549346,0.08341853632111076,-0.02153538522823524,1.93528743465296,1.5908465848796773,-0.3444408497732827,2.6794623343172903,2.2109731040231493,-0.468489230294141,6.323111675228165,6.933937520490718,0.6108258452625535
lab_subject_1,exp_20260721T091553Z_7b92ec42,lab_subject_1__ad_01,advertisement,block_early,explicit_ad_block,early,block_early,yes,3,3,3,5.835376209998008,6.71353671090581,0.8781605009078017,4.985256165457484,2.9402893690967153,-2.0449667963607685,5.669779081853492,7.4788843095404145,1.8091052276869224,4.207325793091391,2.8528124805900634,-1.3545133125013273,9.519697209380771,8.957305138352567,-0.5623920710282047,-0.2532267116408491,0.10370300670139088,0.35692971834223997,13.149557391839348,14.404523291954114,1.2549659001147653,4.999550092782368,5.168055521888096,0.1685054291057284,0.5174513205906183,0.5961485506904529,0.07869723009983465,0.09244675440030192,0.11853353717585181,0.02608678277554989,0.060362081049227544,0.04170454730125216,-0.018657533747975387,0.2505136542143326,0.1700719444643423,-0.08044170974999029,0.07922618974551981,0.07107350208664479,-0.00815268765887503,1.6393924701891571,1.3354178874203895,-0.30397458276876765,1.8966829979687625,2.017903292311232,0.12122029434246961,3.0381254686380474,6.560431548265324,3.5223060796272767
lab_subject_1,exp_20260721T091553Z_7b92ec42,lab_subject_1__ad_02,advertisement,inline_late,inline_persuasive,late,inline_late,yes,3,3,3,5.4698181955585845,7.4044806548061715,1.934662459247587,5.924020635243783,4.517796024749273,-1.40622461049451,8.254525159572154,5.700094870551798,-2.554430289020356,4.878923576252521,4.011003885521855,-0.8679196907306661,10.078319568804329,9.267935342865387,-0.8103842259389413,-0.3801598861484585,-0.056416612331009475,0.32374327381744905,16.685021815909135,11.738626253155873,-4.946395562753262,4.189325976792657,4.094792806325175,-0.09453317046748211,0.5542447606593202,0.42162947515425514,-0.13261528550506502,0.09670453271586137,0.10698033923639133,0.010275806520529965,0.04445152576521384,0.07016692228518612,0.025715396519972275,0.1779925317712361,0.2628632703002531,0.08487073852901697,0.08835150939659583,0.08430041391886849,-0.004051095477727348,1.5954430975708482,1.5225132247659594,-0.07292987280488883,2.6635369232592803,1.688718541389258,-0.9748183818700222,4.873707111140712,3.7335903748150416,-1.1401167363256706
lab_subject_1,exp_20260721T091553Z_7b92ec42,lab_subject_1__ad_03,advertisement,inline_early,inline_persuasive,early,inline_early,yes,3,3,3,5.83170168661466,5.803545291932233,-0.028156394682427255,5.0544139541157405,5.739082661255262,0.6846687071395214,4.316838598651875,4.699899228049971,0.3830606293980958,4.041061139017433,4.798713512662576,0.7576523736451426,9.564301506926698,9.205700877847784,-0.3586006290789143,0.04097654248483096,0.010844566801921474,-0.030131975682909484,15.892372957342712,11.370056276595337,-4.522316680747375,5.5228606269351035,4.6509224998741985,-0.871938127060905,0.689976752046053,0.4344730113158908,-0.25550374073016224,0.07711517778742989,0.09352917405808689,0.016413996270656997,0.04505087973383849,0.09357446380438439,0.0485235840705459,0.12887097940860312,0.2859430089877983,0.15707202957919517,0.07996300932163165,0.0924803418338397,0.012517332512208046,1.8723008044364042,1.528260018108135,-0.3440407863282693,2.115716436408477,1.5938240426690695,-0.5218923937394073,3.252041757661649,3.2301322123359597,-0.02190954532568945
lab_subject_2,exp_20260721T134702Z_ab38d57a,lab_subject_2__ad_00,advertisement,inline_early,inline_persuasive,early,inline_early,yes,3,3,3,6.298187591695136,6.3221980115879015,0.024010419892765533,7.404213625259296,7.82093626505848,0.41672263979918345,6.628802747272272,7.482384986931572,0.8535822396592998,5.6630739046627445,5.5556864650483355,-0.107387439614409,8.014720066525975,9.913196431445702,1.898476364919727,0.6215132178412688,0.13924959202394405,-0.48226362581732474,14.744810071601993,18.03861316135269,3.2938030897506962,4.028866808296659,7.7797696650233945,3.7509028567267357,0.6395100809687316,0.7395607324945113,0.10005065152577963,0.08933738021674396,0.027793750340339374,-0.06154362987640459,0.09077623710592678,0.03554054990273052,-0.05523568720319626,0.1258555754912677,0.10624030401005773,-0.019615271481209964,0.0523457731863004,0.044054706812493336,-0.008291066373807061,0.8185319662297,1.0660758015990899,0.24754383536938984,0.593179195829004,0.653108649148194,0.059929453319189974,0.7421720114254529,1.0861514173894136,0.3439794059639607
lab_subject_2,exp_20260721T134702Z_ab38d57a,lab_subject_2__ad_02,advertisement,block_late,explicit_ad_block,late,block_late,yes,3,3,3,4.8562623101920925,8.314968739195006,3.4587064290029135,6.917886299315627,5.810668001104318,-1.1072182982113086,5.653122526112896,6.920926705463887,1.2678041793509909,5.470367846980207,4.8759851184329275,-0.5943827285472798,9.945640081411133,9.832782579669265,-0.1128575017418676,0.5251589118633966,0.1804706446616713,-0.3446882672017253,14.031633171382223,16.171648593502194,2.140015422119971,5.855784151211683,7.429581440424123,1.5737972892124397,0.5314054803817816,0.6280109751376137,0.09660549475583213,0.09342170315386565,0.07914826125795862,-0.014273441895907027,0.07184682249630661,0.04875914255064805,-0.023087679945658558,0.20740858086999492,0.15266370774638421,-0.054744873123610704,0.09510676380875736,0.12056483585563897,0.025458072046881608,1.2488536322846784,1.2901674298008496,0.04131379751617126,1.0027973248570883,0.9155149641805771,-0.08728236067651118,1.099376698791527,1.5185508047673038,0.41917410597577676
lab_subject_2,exp_20260721T134702Z_ab38d57a,lab_subject_2__ad_03,advertisement,block_early,explicit_ad_block,early,block_early,yes,3,3,3,7.464761825239517,7.4058885313362275,-0.058873293903289436,4.760134308836673,7.788121787636416,3.0279874787997425,5.631791484770041,7.314241265955803,1.6824497811857624,4.704012517721622,8.281029641036719,3.5770171233150974,8.542649564275479,9.161221869460041,0.6185723051845624,0.4960113763336267,-0.2146724756677152,-0.7106838520013419,15.921834631743659,26.130292718946734,10.208458087203075,3.7188732001780838,5.673349462606151,1.954476262428067,0.6991658247686768,0.9500760198347108,0.25091019506603396,0.08312531832886788,0.012478236461794764,-0.07064708186707312,0.05281994935082124,0.010403392976037491,-0.04241655637478375,0.1394531333687675,0.019091993224809655,-0.12036114014395784,0.04646065586225865,0.008551927902851737,-0.03790872795940691,0.8488352566204371,0.8569094539904972,0.008074197370060099,0.6047983460929932,0.6830082542315118,0.07820990813851858,0.8042601203820432,0.724473786136676,-0.07978633424536719
lab_subject_2,exp_20260721T134702Z_ab38d57a,lab_subject_2__ad_04,advertisement,inline_late,inline_persuasive,late,inline_late,yes,3,3,3,7.088145153049946,8.066990412240733,0.9788452591907868,6.219443894840214,5.263077739409301,-0.9563661554309135,5.428149317926476,6.5781982101344845,1.1500488922080088,4.266359313368867,4.978919661690416,0.7125603483215484,8.702781376203559,8.547114630904016,-0.15566674529954305,0.44477430220510783,0.27763137822303463,-0.1671429239820732,14.650274897315821,15.39286649057683,0.7425915932610092,2.5377884467484346,5.44443600898188,2.906647562233445,0.6361754078058721,0.6763403069322788,0.04016489912640664,0.0760964363510268,0.06456052639587799,-0.011535909955148804,0.05823516609499027,0.050827780105715,-0.007407385989275268,0.18460937718310463,0.1398294606093518,-0.044779916573752826,0.044883612565005976,0.06844192595677603,0.023558313391770058,0.9726552454563787,0.9300475815074696,-0.042607663948909136,0.8341236801377102,0.7389899603569381,-0.09513371978077212,0.9481566934293475,1.0525258256354015,0.10436913220605404
lab_subject_3,exp_20260722T074803Z_c9a5b77e,lab_subject_3__ad_00,advertisement,block_late,explicit_ad_block,late,block_late,yes,3,3,3,7.033207016082668,7.351635787829373,0.3184287717467056,8.345078463372378,5.855938753497596,-2.489139709874782,6.648926671326539,5.255425912732907,-1.3935007585936319,6.186840929577645,5.140735575493296,-1.0461053540843492,8.640832841576865,7.587066948901889,-1.053765892674976,0.5329331269784703,0.628980110596018,0.09604698361754771,15.238337437686413,11.724072606267459,-3.514264831418954,4.397245830181094,3.1849284019089796,-1.2123174282721147,0.625391898682123,0.4959794738209789,-0.12941242486114407,0.08166332761392701,0.10678678581609327,0.025123458202166257,0.07687269235718401,0.10642760885956858,0.029554916502384565,0.1513003125703673,0.19992748773519625,0.04862717516482895,0.058964806876794486,0.06689723004381382,0.00793242316701933,0.9206375036409631,0.8634703617971565,-0.05716714184380656,1.0874705392275144,1.0350660147541189,-0.0524045244733955,1.2884759100808238,0.9310487460591537,-0.3574271640216702
lab_subject_3,exp_20260722T074803Z_c9a5b77e,lab_subject_3__ad_01,advertisement,block_early,explicit_ad_block,early,block_early,yes,3,3,3,6.08103838260193,5.214785135780156,-0.8662532468217741,7.718116118996724,5.533212788826582,-2.184903330170142,6.06665767170822,7.061372251573314,0.9947145798650938,6.2974855957537015,5.7274057798168325,-0.570079815936869,8.187650949434014,8.08509924765225,-0.10255170178176343,0.4870683140144081,1.0894046147214453,0.6023363007070373,15.66548534375168,15.833681051670576,0.16819570791889582,3.754118472340263,3.1445359823939296,-0.6095824899463334,0.6464411902091586,0.6759662721000721,0.029525081890913518,0.07565925107370788,0.07121931555128867,-0.004439935522419211,0.0747702867846757,0.06596255963388004,-0.008807727150795669,0.1434040739827227,0.11351855299539507,-0.029885520987327635,0.05972519794973497,0.04499022143890289,-0.014734976510832082,0.9532973113147848,0.6858093031813866,-0.26748800813339824,0.6541317010903239,0.514075525734989,-0.14005617535533488,0.828209187528342,1.1440273532034833,0.3158181656751412
lab_subject_3,exp_20260722T074803Z_c9a5b77e,lab_subject_3__ad_02,advertisement,inline_late,inline_persuasive,late,inline_late,yes,3,3,3,6.611505380018833,7.202917618669127,0.5914122386502942,7.881443122936829,8.807867878230224,0.9264247552933957,5.805002825568288,6.400547723559934,0.5955448979916458,5.913608265409318,6.975724688020454,1.0621164226111368,8.70072507439984,9.079295757351622,0.3785706829517821,0.2517086349789146,-0.13150464682463792,-0.3832132818035525,14.404022801593232,13.91068737929298,-0.49333542230025174,4.991755486545441,6.168250161373545,1.1764946748281044,0.595662697300594,0.5221901238463187,-0.07347257345427527,0.07877276920945263,0.11256087337274388,0.033788104163291255,0.09010136710774427,0.12097545208342514,0.030874084975680866,0.17117607402386315,0.18713206583038505,0.015955991806521908,0.06532078258113637,0.09266752297790949,0.027346740396773123,1.0702132741547432,0.9773237763223477,-0.09288949783239553,0.9906805737918767,0.8593108032920984,-0.13136977049977827,1.371216319151958,0.8952590993579165,-0.4759572197940415
lab_subject_3,exp_20260722T074803Z_c9a5b77e,lab_subject_3__ad_03,advertisement,inline_early,inline_persuasive,early,inline_early,yes,3,3,3,5.717585982473863,5.365235570314203,-0.3523504121596597,7.212918991960726,6.814997583547022,-0.39792140841370394,5.90801424631989,4.424613768068224,-1.4834004782516663,4.722012577585021,4.786595988752052,0.06458341116703092,8.374932185143184,8.811294464795507,0.43636227965232344,0.923963300509488,-0.5818029217794383,-1.5057662222889263,13.131820594701345,12.024039029125113,-1.1077815655762322,4.436437265511703,3.1083921108245507,-1.3280451546871523,0.5545706783472469,0.5067010410660657,-0.04786963728118121,0.10509359989327267,0.0818777316975287,-0.023215868195743977,0.07997902432503266,0.08899467568432644,0.009015651359293775,0.18546760446327626,0.24577418402080886,0.0603065795575326,0.07488909297117143,0.06516103334633437,-0.009728059624837054,1.0021341905462204,1.3477140900335929,0.34557989948737244,0.7777142489984766,1.3963998293713917,0.6186855803729151,1.2604479591528024,1.31862109038515,0.058173131232347686
lab_subject_5,exp_20260724T112220Z_6cc09f28,lab_subject_5__ad_01,advertisement,inline_early,inline_persuasive,early,inline_early,yes,3,3,3,3.80786138297349,3.5017018018835175,-0.30615958108997265,4.193947760782134,3.362476677301282,-0.8314710834808516,7.1523491556272205,4.315043005439268,-2.8373061501879526,4.180255011775984,2.9471170701697416,-1.233137941606242,7.500169586683818,6.852254747016486,-0.6479148396673313,1.1569756129369857,0.5965111699416319,-0.5604644429953538,15.920083063485587,9.77196462094044,-6.148118442545147,3.6675967046685765,1.1263918316818964,-2.54120487298668,0.6813664762388448,0.46031294725316824,-0.2210535289856766,0.08397247659604502,0.10913017798539618,0.025157701389351153,0.0555720534398601,0.10184508368739649,0.04627303024753639,0.1276629541567758,0.22411336481598762,0.09645041065921181,0.055404571420954264,0.06287759348199054,0.007473022061036276,0.8258634880060649,0.90895161110208,0.0830881230960151,0.6725132288268013,0.7285413733099694,0.05602814448316806,1.0542295554365015,1.1448908879791886,0.09066133254268705
lab_subject_5,exp_20260724T112220Z_6cc09f28,lab_subject_5__ad_02,advertisement,inline_late,inline_persuasive,late,inline_late,yes,3,3,3,4.899979286966251,4.179804716791676,-0.7201745701745752,4.6272167541066,3.911077416868033,-0.7161393372385669,5.081766420735601,5.375110555016099,0.2933441342804981,5.010992322296813,3.4965682784298595,-1.5144240438669536,7.103483906943264,6.767129500903639,-0.3363544060396251,1.3965092803805241,0.9664753916455915,-0.43003388873493265,11.779184462336653,13.106579465820063,1.32739500348341,3.421708830841121,3.374467594842132,-0.047241235998988884,0.5153073041085575,0.6185595236265006,0.10325221951794306,0.10429989784334343,0.10428806435980065,-1.1833483542778023e-05,0.10261396598170906,0.07622130249940502,-0.02639266348230404,0.1990226725122642,0.14369329426689756,-0.05532937824536663,0.0880638215074456,0.0739545886145963,-0.014109232892849294,0.9188281424427875,0.8356418274284694,-0.08318631501431817,0.9244330209780411,0.8203428247384529,-0.10409019623958826,0.7196433084704892,0.8837077864034634,0.16406447793297418
lab_subject_5,exp_20260724T112220Z_6cc09f28,lab_subject_5__ad_03,advertisement,block_late,explicit_ad_block,late,block_late,yes,3,3,3,4.5109481173705674,5.452228591162413,0.9412804737918457,4.5786168534022185,4.6556065098648505,0.076989656462632,9.595065486203284,6.0784567375458725,-3.5166087486574114,4.97516105660096,3.8326349805915254,-1.142526076009435,5.897329443801526,6.4677264625395825,0.5703970187380563,1.5415031213340988,0.834969452387881,-0.7065336689462178,19.860466033473717,14.441776420932783,-5.418689612540934,2.0981769044454137,2.1828884938559567,0.08471158941054302,0.8377821112859474,0.6680579494645783,-0.16972416182136907,0.07244716930943497,0.10186844610175672,0.029421276792321746,0.027136755174719234,0.06697940919180242,0.03984265401708319,0.0336370130650553,0.11348528014067472,0.07984826707561941,0.014024977395519713,0.04349742916855795,0.029472451773038234,0.3404114087127974,0.6328766650989357,0.2924652563861383,0.21599285093574935,0.558563952499109,0.34257110156335957,0.48801044758658074,0.6718756235911346,0.18386517600455388
lab_subject_5,exp_20260724T112220Z_6cc09f28,lab_subject_5__ad_04,advertisement,block_early,explicit_ad_block,early,block_early,yes,3,3,3,4.5835173792053,3.0813443049851754,-1.5021730742201242,5.269055630277563,3.487095945494248,-1.7819596847833155,6.260994686918049,4.768852342218624,-1.4921423446994249,4.523831052959655,3.5738723210799,-0.9499587318797547,6.758955554854492,6.0126427750530915,-0.7463127798014009,1.4333714426206043,1.1499597983363579,-0.2834116442842465,13.999463274542233,10.291972754082536,-3.7074905204596966,1.9125507863314184,-0.23249850269288763,-2.145049289024306,0.6463196524871563,0.5178675071972499,-0.12845214528990634,0.11107868301920155,0.11493709193037456,0.0038584089111730058,0.06923492444250016,0.11823708059413436,0.049002156151634196,0.12369626125150357,0.1725094882932038,0.04881322704170024,0.04005681447162572,0.04589565127811091,0.005838836806485191,0.7014337114680705,0.77427894715514,0.07284523568706947,0.5325951420112385,0.7240175569644612,0.19142241495322276,0.5921797884495641,0.9238830836694228,0.33170329521985875
lab_subject_6,exp_20260724T141230Z_1be52b79,lab_subject_6__ad_00,advertisement,inline_late,inline_persuasive,late,inline_late,yes,3,3,3,5.667361621971746,7.505453917009368,1.8380922950376224,6.670799003949412,6.307924756379051,-0.36287424757036124,6.00013532081744,7.858996469107721,1.8588611482902806,5.621791388900954,5.9032533724329985,0.28146198353204444,7.103536545512403,8.123316669265344,1.0197801237529411,0.31427453431451013,0.6853635001466785,0.3710889658321683,11.19683949440448,14.893495913263791,3.6966564188593107,0.27809686839696435,1.3065252239424097,1.0284283555454454,0.5093694357949197,0.6173188243540347,0.10794938855911507,0.13546557411692017,0.11970952433549753,-0.015756049781422643,0.11630644654626725,0.07789063893210384,-0.03841580761416341,0.19586810292939988,0.12986484336217372,-0.06600325956722616,0.03808475346341618,0.023975818586112297,-0.014108934877303882,0.6726907435599927,0.567490612845494,-0.10520013071449874,0.7051461614808804,0.6775442993165506,-0.027601862164329805,1.1619091997470954,1.2480001519490571,0.08609095220196172
lab_subject_6,exp_20260724T141230Z_1be52b79,lab_subject_6__ad_01,advertisement,block_late,explicit_ad_block,late,block_late,yes,3,3,3,7.750820802771332,8.876798986487248,1.1259781837159162,6.6857150648792025,6.730803960140205,0.045088895261002904,6.369617533881472,7.349906892684791,0.9802893588033186,5.643418233472744,5.364649689065639,-0.27876854440710463,7.989680769273009,7.735229417416742,-0.25445135185626633,0.17672013167079825,0.40715935423211747,0.2304392225613192,11.435358714595498,12.153830102169588,0.7184713875740893,0.7668256771041176,3.485919845766492,2.7190941686623744,0.4763674579977698,0.5085237418657497,0.03215628386797986,0.14381833792995216,0.16823599189813948,0.02441765396818732,0.12553014712559216,0.08289831682701576,-0.042631830298576395,0.1872105708793954,0.17123524090756512,-0.015975329971830293,0.032669889745827387,0.056089744934572645,0.02341985518874526,0.5759299836726334,0.681847262434251,0.1059172787616176,0.6796239871355488,0.7473164649981185,0.06769247786256971,0.9976402229450567,1.5653320011284644,0.5676917781834077
lab_subject_6,exp_20260724T141230Z_1be52b79,lab_subject_6__ad_02,advertisement,block_early,explicit_ad_block,early,block_early,yes,3,3,3,7.339566752493257,5.561555170770424,-1.7780115817228328,5.923301161349059,5.802241005557751,-0.1210601557913078,7.015587613916504,5.536763812588794,-1.4788238013277102,4.600596659458603,4.284698398973353,-0.31589826048525005,6.943958787508892,7.262956770122386,0.3189979826134941,0.34262502466857114,0.3538294891199385,0.011204464451367357,13.074930310603023,10.101007294373641,-2.9739230162293815,0.2957498205619248,1.0026003150595693,0.7068504944976445,0.5869146452523796,0.44383864549085944,-0.14307599976152013,0.15569363738835684,0.1557569068599621,6.326947160525953e-05,0.08339530117985003,0.12448247235522422,0.04108717117537419,0.14304668383413174,0.22167378084426587,0.07862709701013412,0.03935767788870641,0.06099461229304572,0.021636934404339316,0.7787365374562165,0.7758137711654054,-0.0029227662908111185,0.6562798685026129,0.7353857120306405,0.07910584352802763,1.2081285797660177,1.399874018397594,0.19174543863157623
lab_subject_6,exp_20260724T141230Z_1be52b79,lab_subject_6__ad_04,advertisement,inline_early,inline_persuasive,early,inline_early,yes,3,3,3,7.358357450730817,6.960674267894151,-0.3976831828366656,6.024218986317361,7.099185212133845,1.0749662258164836,6.10250178908614,7.588542245216738,1.4860404561305982,4.862776186709849,6.324288315011119,1.46151212830127,6.903141890811599,7.999384293358185,1.0962424025465856,0.3385594162225516,0.6764714813657378,0.33791206514318617,11.237562751103308,14.815027437104735,3.577464686001427,-0.07040089479574191,2.135982562269047,2.206383457064789,0.4870373845302545,0.6074465551066976,0.12040917057644313,0.17018028049940265,0.11504282938383807,-0.055137451115564576,0.11766277227214508,0.09576156526893913,-0.021901207003205955,0.20341470536851944,0.14896945504886444,-0.054445250319655,0.03749953118051114,0.03277959519166055,-0.004719935988850593,0.7109146980715475,0.7066714870638104,-0.004243211007737058,0.809057324487287,0.7186839054585075,-0.09037341902877949,1.3366909555363025,1.4249511641400399,0.0882602086037374
lab_subject_7,exp_20260727T073257Z_58270880,lab_subject_7__ad_01,advertisement,block_late,explicit_ad_block,late,block_late,yes,3,3,3,2.9447502257651563,1.3888089025550516,-1.5559413232101047,4.69645473620697,3.795753684864436,-0.900701051342534,4.926235695159087,3.3521176744375962,-1.5741180207214907,3.533741933539764,2.8644445010431587,-0.6692974324966054,9.954257130158584,10.029479316863688,0.07522218670510306,0.19199583048601454,-0.1357744285236464,-0.32777025900966095,13.60332487842194,8.550337883893263,-5.052986994528677,8.035842074451466,7.7998677206725215,-0.2359743537789445,0.514634962904198,0.27134656664833573,-0.24328839625586224,0.06732518111704439,0.07405887603831032,0.006733694921265937,0.04619720539625293,0.07092788020984636,0.02473067481359343,0.22212247954459974,0.3516339283943272,0.12951144884972748,0.14280749698925455,0.22098322251557403,0.07817572552631949,1.844334021240824,2.549721795837194,0.7053877745963699,1.6083892794127592,2.0777679545973844,0.46937867518462517,2.436750708356596,2.234533067147786,-0.20221764120881014
lab_subject_7,exp_20260727T073257Z_58270880,lab_subject_7__ad_02,advertisement,inline_late,inline_persuasive,late,inline_late,yes,3,3,3,2.8767763532158526,3.1152344665789027,0.23845811336305012,2.615373296427528,2.703270544569839,0.08789724814231104,4.739217745197638,5.124986369906443,0.38576862470880524,2.307573413766291,2.295899650778187,-0.011673762988104297,7.569796353284861,7.795298294076762,0.22550194079190078,-0.01993259493928079,0.2171411166935613,0.23707371163284208,12.393491829877913,14.367824722158083,1.9743328922801702,4.815817675058672,4.677941856360376,-0.13787581869829602,0.5682656316858712,0.6663607670980126,0.09809513541214143,0.08380812406884325,0.08650471002280267,0.0026965859539594267,0.05456328769799102,0.04519596069751775,-0.009367327000473269,0.1905350449843588,0.13754706928375257,-0.05298797570060623,0.08704269353400057,0.07156837112129917,-0.0154743224127014,1.2137998772367842,1.1045846462404947,-0.10921523099628949,1.0116787868893076,0.8780112532905123,-0.13366753359879524,1.416177741661106,1.3487331502379176,-0.06744459142318848
lab_subject_7,exp_20260727T073257Z_58270880,lab_subject_7__ad_03,advertisement,inline_early,inline_persuasive,early,inline_early,yes,3,3,3,-0.8777916947103457,1.7482803640770126,2.6260720587873583,2.8590616689697397,2.558005430967994,-0.30105623800174586,3.5196594356779567,3.5703029157864514,0.05064348010849473,1.73632809385175,1.4979070061791389,-0.23842108767261116,6.486973806380643,6.32030976388934,-0.16666404249130284,-0.0647081403176415,0.5203947147596075,0.585102855077249,13.09514896110268,11.736755927858603,-1.3583930332440772,3.8121435185300605,2.8073618418120088,-1.0047816767180517,0.6653608386709973,0.580191035473209,-0.08516980319778822,0.07336827079031777,0.0884964221923631,0.015128151402045334,0.061341223822824545,0.06103143786677322,-0.0003097859560513283,0.13829076971404214,0.1960421912488771,0.05775142153483495,0.061638897001818446,0.0742389132187773,0.01260001621695886,1.0310551219404376,1.3110746798044521,0.28001955786401456,0.7970700308590102,1.158237726394275,0.36116769553526473,1.721513212056811,1.7759714383593483,0.05445822630253727
lab_subject_7,exp_20260727T073257Z_58270880,lab_subject_7__ad_04,advertisement,block_early,explicit_ad_block,early,block_early,yes,3,3,3,1.3483271785609272,2.1168055728406623,0.7684783942797351,2.3968554647667837,1.7149652779907183,-0.6818901867760654,2.41465229731638,3.2893363836494425,0.8746840863330623,1.9015606990083507,1.335322667082901,-0.5662380319254496,7.626200387819393,7.502995564828585,-0.12320482299080826,0.6538527916804071,0.540431840905935,-0.11342095077447212,11.277550205995734,10.495082590050009,-0.7824676159457251,5.009239853961505,4.691880333997153,-0.3173595199643522,0.5334729263665323,0.47445615382763123,-0.059016772538901086,0.06931426032515887,0.09617900822488937,0.026864747899730493,0.061590457952001035,0.06250376170208517,0.0009133037500841379,0.23158035082034145,0.24204294537468335,0.010462594554341897,0.10404200453596636,0.12470270046422782,0.02066069592826146,1.7690756595191979,1.6554411691606665,-0.11363449035853135,1.3628200679932378,1.319430213587263,-0.04338985440597476,1.9387439734138048,1.736529875764093,-0.20221409764971177
lab_subject_8,exp_20260727T120838Z_83e10f68,lab_subject_8__ad_00,advertisement,block_early,explicit_ad_block,early,block_early,yes,3,3,3,6.595703566994816,10.871100310487572,4.275396743492756,8.818210918956112,10.609016618973758,1.7908057000176463,9.248332304953657,9.45234677393816,0.2040144689845036,7.437808501632636,8.564033686895394,1.1262251852627578,10.99724768573414,11.34639696380081,0.34914927806667073,0.5106805617460388,0.36963287141731627,-0.14104769032872255,20.337475830739038,16.344445905337217,-3.993029925401821,3.3100439322660256,4.1140550408862016,0.804011108620176,0.7625883197027103,0.5140558567858586,-0.24853246291685172,0.0615003427747325,0.14219844933626505,0.08069810656153255,0.04053453133405477,0.08569768489577748,0.04516315356172271,0.1168979101306655,0.1983760940513661,0.08147818392070061,0.042876355050137746,0.03866920805412554,-0.004207146996012205,0.9016135738882013,0.8704671306507582,-0.03114644323744309,0.9500015087341165,0.8307464236225542,-0.11925508511156224,1.663645905526746,1.1296099866835507,-0.5340359188431953
lab_subject_8,exp_20260727T120838Z_83e10f68,lab_subject_8__ad_01,advertisement,inline_early,inline_persuasive,early,inline_early,yes,3,3,3,10.82429951436831,9.275732780781318,-1.5485667335869913,7.230724965170502,8.763552549991493,1.532827584820991,9.400893514801766,8.530174484071376,-0.87071903073039,7.513651826251917,6.340040276027197,-1.1736115502247202,9.778137737600899,9.402262821496302,-0.3758749161045962,-0.18407393936015382,-0.32166443894473673,-0.13759049958458291,17.681972780682266,15.717196825436144,-1.9647759552461217,1.7753187619703772,2.479452118770489,0.704133356800112,0.6680294430346359,0.6097275586239712,-0.05830188441066464,0.09924021068565335,0.11652888492797851,0.017288674242325164,0.07188753351475323,0.06531913163811341,-0.006568401876639818,0.14369810044262066,0.1620049862953581,0.01830688585273743,0.017144712322336848,0.0464194385145787,0.029274726192241852,0.6882827323098609,0.7555880933407065,0.06730536103084561,0.6296732789721196,0.8901831100123924,0.2605098310402728,1.2887490098880343,1.7059845937736544,0.4172355838856201
lab_subject_8,exp_20260727T120838Z_83e10f68,lab_subject_8__ad_03,advertisement,inline_late,inline_persuasive,late,inline_late,yes,3,3,3,8.738602228072395,7.895564975609071,-0.8430372524633238,11.68124221184927,8.759435033013578,-2.9218071788356923,8.063916141367187,8.14957239496212,0.08565625359493367,9.661245144992822,7.546285238514081,-2.1149599064787417,10.658523133455187,10.241513749564033,-0.4170093838911537,-0.04541643795903738,0.15237969859565936,0.19779613655469674,12.573655105826077,14.584478327790066,2.0108232219639888,2.6870567149456095,2.5305744801132724,-0.15648223483233714,0.4169348639193362,0.5521513587970371,0.13521649487770093,0.15277011776513663,0.08976072928200861,-0.06300938848312802,0.17906894389350783,0.1123572923723351,-0.06671165152117273,0.26825944079170855,0.20312420915543095,-0.0651352316362776,0.03879290058735068,0.03309450950050139,-0.005698391086849289,0.7791898250214612,0.8764312815390093,0.09724145651754812,0.6152902476113854,0.9886784679296111,0.3733882203182257,0.7619250871493681,1.1893432520195304,0.42741816487016226
lab_subject_8,exp_20260727T120838Z_83e10f68,lab_subject_8__ad_04,advertisement,block_late,explicit_ad_block,late,block_late,yes,3,3,3,8.363614043845864,6.89388703122861,-1.4697270126172537,5.96319184538719,7.264039859010638,1.3008480136234484,7.891663614920725,7.5290938317079545,-0.3625697832127708,4.924301318361001,4.631329285069025,-0.2929720332919761,8.660478908300702,8.845892727441083,0.1854138191403809,0.0226897826885768,-0.5707951102844291,-0.5934848929730059,16.698621767026967,13.088938730031616,-3.609683036995351,2.208599554385855,2.2597366366023426,0.051137082216487606,0.66261122524939,0.5447054647923308,-0.11790576045705914,0.08713180203112446,0.13672269104555373,0.049590889014429276,0.054830819423275966,0.08008336940386704,0.025252549980591073,0.12721777213952068,0.17177457680366917,0.04455680466414849,0.023543460103741077,0.04452967318180293,0.020986213078061856,0.8443491698053417,0.7713940157345414,-0.07295515407080033,0.7022361394617275,0.8408315668943243,0.13859542743259678,1.2568637733974055,1.61124574086163,0.35438196746422457
lab_subject_9,exp_20260727T141010Z_f065c5c8,lab_subject_9__ad_00,advertisement,inline_late,inline_persuasive,late,inline_late,yes,3,3,3,7.457494026598781,3.8662487742706366,-3.591245252328144,8.414624903820199,7.293008656774046,-1.1216162470461528,9.299399326857774,7.842746038687012,-1.4566532881707621,7.047609096611096,7.273524636386217,0.22591553977512113,10.42090942348625,11.54475070276877,1.1238412792825194,0.640013913834462,0.5142559551376173,-0.1257579586968447,18.280117260201813,19.306862017633378,1.0267447574315653,7.2375154158736965,7.838405556140237,0.6008901402665403,0.7065651060217658,0.6266921833824797,-0.07987292263928614,0.07872462934023437,0.061205561011812265,-0.017519068328422108,0.05319874284493181,0.04998213772360319,-0.003216605121328625,0.10977341747137205,0.20369819644398884,0.0939247789726168,0.05173810432169602,0.07489297293326644,0.02315486861157042,0.7882185420340365,1.4066395765500483,0.6184210345160118,0.6962172892257339,1.4838744317870658,0.7876571425613319,3.5756820843794364,5.120057759721276,1.5443756753418398
lab_subject_9,exp_20260727T141010Z_f065c5c8,lab_subject_9__ad_01,advertisement,inline_early,inline_persuasive,early,inline_early,yes,3,3,3,6.226465199512019,6.072064407872516,-0.15440079163950227,8.329888441409082,8.379730511041238,0.04984206963215598,7.12667986437925,6.052941993123362,-1.0737378712558883,6.978416940752931,7.777187612821757,0.7987706720688266,11.738765371942318,11.468674486012047,-0.2700908859302711,-0.0713539845937774,0.5157475996264829,0.5871015842202603,14.707490917133299,14.648887252751184,-0.058603664382115284,9.107630658729658,9.043909911205487,-0.06372074752417056,0.493983270521167,0.4916800626382134,-0.002303207882953573,0.0668546424700272,0.06793413849462121,0.0010794960245940066,0.05533721349477026,0.05659308079564794,0.0012558673008776777,0.24625308407292693,0.23981851286816266,-0.006434571204764261,0.12681453246303614,0.1439742052033544,0.017159672740318266,1.3363052799792594,1.4220388621411117,0.08573358216185234,2.5185007139068922,1.8319366658860865,-0.6865640480208057,6.943268368284251,2.845902245071133,-4.097366123213118
lab_subject_9,exp_20260727T141010Z_f065c5c8,lab_subject_9__ad_02,advertisement,block_early,explicit_ad_block,early,block_early,yes,3,3,3,6.708022173819604,6.825245223215669,0.1172230493960651,8.14673067677482,8.736316813398957,0.5895861366241366,6.621113257121703,7.569149466106503,0.9480362089848002,7.355086429946358,7.383678582048264,0.028592152101906798,10.277577640830737,10.326189519847492,0.048611879016755566,0.7243625340223012,0.8453738107954685,0.12101127677316725,23.71431451313537,19.597429099579646,-4.116885413555725,7.4605211499229185,6.639619555665689,-0.8209015942572293,0.8903653369839298,0.7747763918877558,-0.11558894509617401,0.03511160556179023,0.04679316813056531,0.011681562568775082,0.02027347901827087,0.049039708211963406,0.028766229193692535,0.041239555767653174,0.09163310879851777,0.050393553030864596,0.018942405287782356,0.03598299287918571,0.017040587591403353,1.0462679733421885,0.9443748553353044,-0.10189311800688405,0.9278293754180771,0.9758686331166776,0.04803925769860051,1.6311312991728508,2.1268004356803267,0.4956691365074759
lab_subject_9,exp_20260727T141010Z_f065c5c8,lab_subject_9__ad_04,advertisement,block_late,explicit_ad_block,late,block_late,yes,3,3,3,6.711188146887803,5.158448268787863,-1.5527398780999402,8.537497466111533,6.991371426742185,-1.5461260393693488,7.561202220624791,6.229675432645295,-1.331526787979496,8.10647994951989,6.3323500004256585,-1.774129949094232,10.007521245628038,10.306938100364814,0.29941685473677637,0.31842540982772505,0.22019619976735072,-0.09822921006037433,16.3860787397978,13.64257616007502,-2.7435025797227794,5.516819181854345,6.792568550106854,1.2757493682525087,0.6690832053991802,0.497039738654721,-0.1720434667444592,0.08039221661491153,0.08575289449432555,0.005360677879414022,0.0652737652080433,0.08954417590379551,0.024270410695752212,0.12961287318925022,0.2174227662243365,0.0878098930350863,0.048331593265497214,0.09860138967843736,0.050269796412940146,0.8472962055299549,1.31206930291303,0.46477309738307504,0.828834354386368,1.3725001866306004,0.5436658322442324,1.4666381125079866,2.4484289893792877,0.9817908768713011
lab_subject_10,exp_20260728T091433Z_242026ac,lab_subject_10__ad_00,advertisement,inline_late,inline_persuasive,late,inline_late,yes,3,3,3,8.67007475180702,8.603836600146465,-0.06623815166055458,8.343769863260672,5.799172271107662,-2.5445975921530097,9.758211619652435,6.990546072996931,-2.767665546655504,7.3522427091992935,6.3467271827110565,-1.005515526488237,5.002991259912164,5.593684422015545,0.5906931621033804,0.6219981776341434,0.9297973697655699,0.3077991921314265,16.820301328490977,12.872861241525598,-3.947440086965379,-1.699651332004378,-1.105946172827093,0.5937051591772851,0.7300272268651766,0.5858297271926368,-0.1441974996725398,0.11668173627201496,0.15119585623075463,0.03451411995873967,0.08432479940370022,0.1303640967034026,0.04603929729970238,0.04412777867183291,0.10917393269021543,0.06504615401838251,0.011122778778229692,0.023436387182990494,0.012313608404760801,0.22179834589000103,0.38774666479556397,0.16594831890556294,0.21567580236025213,0.3390412777821292,0.12336547542187709,0.3473223050816072,0.5665704827620869,0.21924817768047966
lab_subject_10,exp_20260728T091433Z_242026ac,lab_subject_10__ad_01,advertisement,block_early,explicit_ad_block,early,block_early,yes,3,3,3,7.3307544050777675,7.970495746206741,0.6397413411289739,8.422707798209244,7.372808329672761,-1.0498994685364824,8.58855452899402,7.448552056115229,-1.1400024728787912,8.135635445708026,8.366214504558211,0.2305790588501857,4.626277547415135,4.81771436401826,0.19143681660312417,0.646327138287166,0.6716263030278427,0.025299164740676616,16.089916234049458,15.518708288540243,-0.5712079455092152,-3.7257916329967578,-3.9163999067115416,-0.19060827371478384,0.6777900248100287,0.6920056517843021,0.014215626974273365,0.12049221898799588,0.12004636999090906,-0.0004458489970868146,0.14747891452204537,0.1333092432418212,-0.014169671280224172,0.048860710261990015,0.06206993557492713,0.013209225312937119,0.007983432334945044,0.012131382424325675,0.004147950089380631,0.20764169114741515,0.24410902556032868,0.03646733441291353,0.16631050197908587,0.22910705633382852,0.06279655435474266,0.19307318669070084,0.20815790275073065,0.015084716060029812
lab_subject_10,exp_20260728T091433Z_242026ac,lab_subject_10__ad_02,advertisement,inline_early,inline_persuasive,early,inline_early,yes,3,3,3,9.268354777987458,8.547113185997926,-0.7212415919895321,9.197131535921834,7.750030856444418,-1.4471006794774155,7.691410730118411,6.763317169042763,-0.9280935610756487,9.07784650701955,8.052549508490529,-1.0252969985290221,4.6979191765991954,6.952768621696297,2.2548494450971015,0.7595377340922624,0.7836154345457906,0.024077700453528195,12.221739139186798,15.765883236955801,3.544144097769003,-2.6591878264450575,2.8931653889970206,5.5523532154420785,0.5317601714886621,0.6547985883329963,0.12303841684433425,0.1611407670474679,0.10720909975128878,-0.053931667296179125,0.2217425330287346,0.0897760268405103,-0.1319665061882243,0.10374020038529698,0.1127989276780609,0.009058727292763927,0.017874663101862576,0.0394231239416599,0.021548460839797324,0.21060811526368506,0.3646241020971775,0.15401598683349244,0.19805659267427145,0.312771554737323,0.11471496206305154,0.1630618261691673,0.355158272189716,0.1920964460205487
lab_subject_10,exp_20260728T091433Z_242026ac,lab_subject_10__ad_03,advertisement,block_late,explicit_ad_block,late,block_late,yes,3,3,3,11.091744794997718,8.069072018659858,-3.02267277633786,8.18555737813263,7.778508552500211,-0.40704882563241895,7.209589611013042,7.949801983912124,0.7402123728990819,7.734288913250618,7.991481251058512,0.2571923378078944,4.616863559563804,5.083606075520619,0.46674251595681504,0.4622258473869394,0.3154883534005748,-0.1467374939863646,10.266032483500924,15.604445336503439,5.338412853002515,-3.706453285680063,-2.135326240945163,1.5711270447349,0.42301915056101796,0.6580647146693593,0.23504556410834138,0.2092742246566898,0.11292868456838365,-0.09634554008830615,0.2361487612687558,0.15865446826207621,-0.0774942930066796,0.11407144100811305,0.05966482317774143,-0.054406617830371616,0.013536565497279086,0.010687309322439187,-0.002849256174839899,0.256096889052794,0.2394482895828512,-0.016648599469942793,0.21902061734817033,0.20741761263029285,-0.01160300471787748,0.23987660126393692,0.16386500821357913,-0.07601159305035779
lab_subject_11,exp_20260728T164420Z_99421c58,lab_subject_11__ad_00,advertisement,block_late,explicit_ad_block,late,block_late,yes,3,3,3,5.403292715023529,6.758089573616476,1.3547968585929473,7.137751321411954,6.483072763698879,-0.6546785577130745,6.5472250244478145,7.156537654597285,0.6093126301494705,6.462918377172614,6.825060222825442,0.36214184565282803,8.589387895985098,8.967595815295386,0.3782079193102881,0.3289564855686784,0.14289454072473262,-0.18606194484394578,13.755119186786072,14.898221634752758,1.1431024479666867,3.4992377836512127,3.9996122148746025,0.5003744312233898,0.5612599935301893,0.5964313274382389,0.03517133390804961,0.12502825917663435,0.1046365276887552,-0.02039173148787915,0.10469935493820734,0.10194575350547759,-0.0027536014327297492,0.1708405487915786,0.1522291648078508,-0.018611383983727803,0.058956414924047906,0.049072708963641895,-0.009883705960406011,0.8268789323215338,0.7526156824467178,-0.07426324987481592,0.6300564008164323,0.6570460257334885,0.026989624917056143,0.763257056102833,1.0892448714154273,0.32598781531259424
lab_subject_11,exp_20260728T164420Z_99421c58,lab_subject_11__ad_01,advertisement,inline_early,inline_persuasive,early,inline_early,yes,3,3,3,5.90545592805555,6.783988043136682,0.878532115081132,6.025176395186923,6.197842523698124,0.17266612851120033,6.799197516231045,7.080156997038561,0.28095948080751576,6.897837190086325,7.606314031414097,0.708476841327772,8.557297286109815,8.475452824635747,-0.0818444614740681,0.26378065110625926,0.30509239069616356,0.041311739589904306,13.876284701217877,15.390399602484008,1.5141149012661312,2.2266604095875833,2.2904741978635683,0.06381378827598505,0.5797778663192497,0.6357525232755478,0.05597465695629811,0.12289335713745188,0.105657990453538,-0.017235366683913872,0.11625640269992354,0.11001913314984613,-0.006237269550077418,0.16424430636035448,0.11745476729565305,-0.04678953906470143,0.039655113978645046,0.04144010914331391,0.0017849951646688664,0.8041227147630285,0.8074638680336803,0.0033411532706517644,0.6548444607341847,0.7184810194254914,0.06363655869130669,0.684288589520131,0.5103551031626984,-0.17393348635743267
lab_subject_11,exp_20260728T164420Z_99421c58,lab_subject_11__ad_03,advertisement,inline_late,inline_persuasive,late,inline_late,yes,3,3,3,6.31225602248147,5.178891643752335,-1.1333643787291345,8.565327541196746,7.028959284733506,-1.5363682564632404,6.900063806080109,7.563232717729998,0.6631689116498896,8.844539099761949,7.519333988001624,-1.325205111760325,9.02427455391985,8.344256131922558,-0.6800184219972927,0.17696020187812067,0.47317701163952464,0.29621680976140397,12.595928140886677,16.19242986576595,3.5965017248792712,0.853091586440481,1.3543864918563433,0.5012949054158623,0.4868143356945369,0.6768765572914311,0.19006222159689423,0.09753399583520643,0.09303417167456556,-0.004499824160640875,0.11145692729346195,0.09187553591784103,-0.019581391375620913,0.20109404604891523,0.11109438260794484,-0.08999966344097039,0.032715754689892455,0.027344595751999302,-0.005371158937893153,0.6682477481455126,0.6015361551918869,-0.06671159295362572,0.6557775307002416,0.5284892267745162,-0.12728830392572543,0.6802499011929326,0.6086117277138087,-0.07163817347912393
lab_subject_11,exp_20260728T164420Z_99421c58,lab_subject_11__ad_04,advertisement,block_early,explicit_ad_block,early,block_early,yes,3,3,3,5.376043630602785,5.636412448898916,0.260368818296131,7.561946530388005,8.149922719023062,0.5879761886350563,6.418465605172528,7.744398440144104,1.3259328349715753,7.815073175046222,8.386964321168781,0.5718911461225593,7.899132842981449,9.518300430188516,1.619167587207067,0.17975836044227833,0.5480464928224364,0.3682881323801581,11.03238434304579,15.174634595688863,4.142250252643073,0.8079041375643804,0.39717008179720303,-0.41073405576717736,0.43028780044526976,0.5897820137198047,0.1594942132745349,0.12451194874400096,0.10657808398285236,-0.017933864761148596,0.2096004060411919,0.125562386620909,-0.08403801942028291,0.2033884157506708,0.1603459914879485,-0.043042424262722284,0.03722632723021922,0.019720652940394715,-0.017505674289824507,0.6120528089898892,0.6952656098607264,0.08321280087083716,0.5430640159355686,0.6695296559007403,0.12646563996517168,0.624763155835347,0.7453416791061082,0.12057852327076113
lab_subject_12,exp_20260728T142237Z_262a5eab,lab_subject_12__ad_01,advertisement,block_early,explicit_ad_block,early,block_early,yes,3,3,3,8.896730745735596,9.419324677909271,0.5225939321736757,8.427137463723401,8.04440736865507,-0.38273009506833056,6.74117530578768,7.909761620738033,1.1685863149503533,7.504688130832148,9.609189814477183,2.1045016836450356,7.7497911026539885,8.215478435077886,0.46568733242389726,-0.5671503206419182,-0.6091036935843164,-0.041953372942398204,11.454632534061826,15.646793253886242,4.192160719824416,1.441174498888116,1.8793959377236569,0.43822143883554077,0.42202819119895335,0.6171303082736133,0.1951021170746599,0.16301825784778345,0.10380019449505255,-0.0592180633527309,0.19598559304901456,0.15367970985252827,-0.04230588319648629,0.19564392186502447,0.09974644487248045,-0.09589747699254401,0.04215621739139923,0.028339987315427043,-0.013816230075972186,0.5387220723218729,0.4221641630719439,-0.11655790924992898,0.5159740917151975,0.3503896643545514,-0.1655844273606461,0.49434320455692626,0.45280438187180305,-0.04153882268512321
lab_subject_12,exp_20260728T142237Z_262a5eab,lab_subject_12__ad_02,advertisement,inline_early,inline_persuasive,early,inline_early,yes,3,3,3,8.834229341080292,8.251900171517484,-0.5823291695628079,9.031961038730987,9.830334170826502,0.7983731320955147,7.14289779208154,6.892605465793813,-0.25029232628772746,7.5778523365070445,8.456977844747689,0.8791255082406444,7.36220879178312,8.788660488596587,1.4264516968134675,0.11169177994793245,-0.5474053238600618,-0.6590971038079942,13.134648427793007,11.394644523846047,-1.7400039039469597,0.7575074305356297,2.9203402462742662,2.1628328157386365,0.5329101832614762,0.3938331178132719,-0.1390770654482043,0.1341154946081176,0.14889374928820037,0.014778254680082759,0.14196635687077144,0.19754857099796877,0.05558221412719733,0.14594970145419872,0.21057196960383995,0.06462226814964123,0.03499355546334788,0.04999717116447988,0.015003615701132005,0.5168948919327842,0.6585762934833017,0.14168140155051756,0.5372495109008916,0.6277643376920193,0.09051482679112777,0.41306949746460825,0.36615959678121357,-0.04690990068339468
lab_subject_12,exp_20260728T142237Z_262a5eab,lab_subject_12__ad_03,advertisement,block_late,explicit_ad_block,late,block_late,yes,3,3,3,8.096688603715199,9.978090513828459,1.8814019101132597,8.196534826153998,7.906265956357204,-0.2902688697967939,6.879622576058177,7.4466833626292095,0.5670607865710329,7.705878194723192,7.865886422926103,0.16000822820291116,8.192463099880657,7.880973097523509,-0.3114900023571474,0.15727611116453133,-0.5767400899748836,-0.7340162011394149,10.359145582814735,11.414654150289428,1.0555085674746927,0.9632699606235312,0.7650107802250457,-0.19825918039848556,0.37131978905275076,0.44906901763038437,0.07774922857763361,0.13795511287756548,0.16079807593793155,0.022842963060366067,0.20354102743080443,0.1827968386977736,-0.020744188733030827,0.22546537010826562,0.17234231660609284,-0.05312305350217278,0.04309145306917371,0.03309157780102313,-0.009999875268150583,0.6318096645521813,0.5164700541493349,-0.11533961040284646,0.6167988394756971,0.4906163115461432,-0.12618252792955392,0.4885328485936049,0.5672717191632446,0.07873887056963969
lab_subject_12,exp_20260728T142237Z_262a5eab,lab_subject_12__ad_04,advertisement,inline_late,inline_persuasive,late,inline_late,yes,3,3,3,10.037367185744632,7.211129522849349,-2.8262376628952826,7.408990835115439,6.431188526714968,-0.977802308400471,8.220057154403856,7.221243325302589,-0.9988138291012669,5.695216024410811,8.18541390430606,2.4901978798952484,6.959719780910651,7.901816611482532,0.9420968305718818,0.06184002922597287,-0.09312590757460981,-0.15496593680058268,15.32403861377398,12.013802838747763,-3.310235775026218,0.6609779286946509,1.3490948779166148,0.6881169492219639,0.6348688928604631,0.4373136548357104,-0.19755523802475272,0.12310920995099747,0.11899047982064016,-0.004118730130357309,0.09147520578717347,0.1429942277717428,0.05151902198456934,0.09090719500744193,0.21003093288295985,0.11912373787551792,0.023868228797181534,0.04574460130486109,0.021876372507679556,0.4153102039983949,0.626767388158504,0.21145718416010906,0.34252079181845935,0.6429045305514408,0.30038373873298146,1.0697905254585784,0.4407232002737497,-0.6290673251848287
lab_subject_13,exp_20260729T085134Z_65b7fd8e,lab_subject_13__ad_00,advertisement,block_late,explicit_ad_block,late,block_late,yes,3,3,3,7.005092051723354,4.810416006475226,-2.194676045248128,4.978185004374699,3.1859021418746716,-1.792282862500027,7.735073279529168,6.703999712867477,-1.031073566661691,6.102511681883583,4.345822000445841,-1.7566896814377424,6.634731110088512,6.1334304908761,-0.5013006192124116,0.3185920648967624,0.39997514880856144,0.08138308391179905,18.573341404874558,16.541169004494783,-2.0321724003797748,2.5908702562429067,2.944016846046886,0.35314658980397917,0.8143835660632797,0.7652424386297798,-0.049141127433499854,0.06714322366457523,0.07944784431739853,0.012304620652823298,0.04610478794808107,0.046159845508304057,5.5057560222983304e-05,0.05182929976812013,0.07572391600529459,0.023894616237174454,0.020539122555943874,0.033425955539223055,0.012886832983279181,0.45766189648779515,0.6028605104541898,0.1451986139663946,0.3159419846197111,0.40167041544033133,0.0857284308206202,0.7094316812413137,0.8857836048196485,0.17635192357833473
lab_subject_13,exp_20260729T085134Z_65b7fd8e,lab_subject_13__ad_01,advertisement,inline_late,inline_persuasive,late,inline_late,yes,3,3,3,6.231773533002601,5.982796367742741,-0.24897716525986002,3.705335062064923,3.5033145379923236,-0.20202052407259918,5.1438549769020945,6.451559581672724,1.3077046047706293,4.382862715877377,4.213768633557522,-0.16909408231985523,7.138955093665775,6.041791062274584,-1.0971640313911912,0.37121097411484527,0.4927068446010878,0.12149587048624255,14.124709621494082,14.98393167561436,0.8592220541202771,3.3315189864125316,1.3957951594720208,-1.9357238269405108,0.666777501243865,0.6842092733342919,0.0174317720904269,0.08484097985891102,0.09576824129131802,0.010927261432406993,0.07017879385313994,0.07003381465515036,-0.0001449791979895726,0.14704400962148312,0.10668663698270386,-0.040357372638779254,0.0590357300128091,0.029898201864018342,-0.02913752814879076,0.8607260492542175,0.6137245594902894,-0.2470014897639281,0.5277551303363289,0.4612116318068267,-0.0665434985295022,0.9727754141446476,0.737000632190046,-0.23577478195460166
lab_subject_13,exp_20260729T085134Z_65b7fd8e,lab_subject_13__ad_03,advertisement,block_early,explicit_ad_block,early,block_early,yes,3,3,3,8.07033010111183,7.839512703557345,-0.23081739755448538,3.810226389044935,2.1499674431583897,-1.6602589458865453,8.650162254863838,6.948553477490966,-1.701608777372872,5.061528190461489,3.8939178065786306,-1.1676103838828586,6.959300399755711,6.155284520959478,-0.8040158787962328,0.6255128276533561,0.7448908507775833,0.11937802312422718,18.694794288507953,18.56977152464148,-0.12502276386647182,3.4704188701563043,2.314734030426619,-1.1556848397296853,0.803779277939995,0.8429301185264524,0.03915084058645735,0.07955612146893093,0.059353499660450684,-0.020202621808480245,0.03481851108006108,0.03496468129315059,0.00014617021308951234,0.05389983263709647,0.04278584967628982,-0.011113982960806651,0.027946256873916622,0.019965850843656617,-0.007980406030260005,0.4712568813194538,0.5788662415847257,0.10760936026527185,0.21824828614284508,0.3211546132243933,0.10290632708154823,1.2559958260822088,1.048386223264055,-0.20760960281815377
lab_subject_13,exp_20260729T085134Z_65b7fd8e,lab_subject_13__ad_04,advertisement,inline_early,inline_persuasive,early,inline_early,yes,3,3,3,3.5377774918393117,5.158083993575207,1.6203065017358957,2.90208722237883,2.953959155429752,0.05187193305092208,7.942155314064891,7.107514359774246,-0.834640954290645,4.108560248859464,4.07165953996743,-0.03690070889203412,5.750970442083445,5.600768426025313,-0.15020201605813188,0.6452783112952787,0.20598646085805683,-0.43929185043722185,18.770197034610003,19.027293473822688,0.25709643921268466,-0.3223959377761938,-0.4494112273375705,-0.1270152895613767,0.8414978719397814,0.8657541181708479,0.02425624623106648,0.05053306656581311,0.05564378381578507,0.005110717249971954,0.03191816545082179,0.027658662355033857,-0.004259503095787931,0.041988500253832904,0.03933164052852618,-0.002656859725306722,0.014241887919271518,0.01161179512980696,-0.0026300927894645585,0.4138411285051318,0.4721546885654861,0.05831356006035432,0.24950161029628884,0.2631468338933748,0.013645223597085948,0.9078407917723822,0.8881619156834201,-0.019678876088962127
lab_subject_14,exp_20260729T141534Z_a0790737,lab_subject_14__ad_00,advertisement,inline_early,inline_persuasive,early,inline_early,yes,3,3,3,-1.296356827942289,-4.251482611169929,-2.95512578322764,4.6397500870608,3.8194789756406426,-0.8202711114201571,5.703489821482515,3.1556796111225127,-2.5478102103600024,3.5911117081628694,3.0130123304310903,-0.5780993777317791,8.801798031024116,5.962067113941271,-2.8397309170828455,1.4075712667672917,1.323445526864461,-0.08412573990283079,25.19028339731777,14.099975850250308,-11.090307547067463,6.874086182843371,2.447959426066494,-4.426126756776877,0.9114010482308372,0.728089757969154,-0.18331129026168325,0.02430972199317628,0.057437705839527266,0.03312798384635099,0.01173881883683323,0.04287294733660171,0.031134128499768484,0.03254590105928052,0.11452310846723981,0.0819772074079593,0.020004509879872664,0.05707648038747703,0.037071970507604364,1.1549251640926779,0.947979909690066,-0.2069452544026119,1.4574853607498348,1.6181276678023846,0.16064230705254978,1.4112327176695205,0.8936808633089862,-0.5175518543605343
lab_subject_14,exp_20260729T141534Z_a0790737,lab_subject_14__ad_01,advertisement,inline_late,inline_persuasive,late,inline_late,yes,3,3,3,-1.3138920450566962,-2.0322747701251074,-0.7183827250684112,4.553989645875764,5.349525718425871,0.7955360725501066,7.0399885323588665,3.79601328332412,-3.2439752490347464,3.363193154875151,3.327463991454933,-0.0357291634202177,7.882678793694784,8.015112748659329,0.13243395496454458,1.6923737874544535,1.102152729933703,-0.5902210575207505,17.469160168699844,18.332383734838327,0.8632235661384833,4.939620769919447,5.867400374796151,0.9277796048767044,0.7479173047459436,0.7515537214300028,0.0036364166840591183,0.07118082985006224,0.04091979657566627,-0.03026103327439597,0.02905740859526639,0.03505937183201318,0.006001963236746788,0.09609590894667595,0.10295679844035338,0.006860889493677427,0.05574854786205173,0.06951031172196422,0.013761763859912485,0.9586751566777387,1.3892561644209196,0.43058100774318087,0.9169736201313982,1.6626929622465536,0.7457193421151554,1.680628349694858,1.8830532155114936,0.20242486581663566
lab_subject_14,exp_20260729T141534Z_a0790737,lab_subject_14__ad_03,advertisement,block_early,explicit_ad_block,early,block_early,yes,3,3,3,-1.5710402935143186,-1.8829297411191241,-0.3118894476048055,4.468893814524262,4.978190595578853,0.5092967810545908,3.55226476385081,3.773182096327167,0.22091733247635714,2.2756318960288704,3.095251330320177,0.8196194342913068,8.335920604804842,6.8958598346672275,-1.440060770137615,2.1711366118130364,1.5104056267959258,-0.6607309850171106,10.538092240481877,11.026849670960795,0.48875743047891795,5.780438081276733,3.5804084388796475,-2.2000296423970855,0.4795148366863636,0.4947878552736683,0.015273018587304732,0.09222689124706848,0.09736874007605935,0.0051418488289908665,0.0635376564359899,0.08174959950764892,0.01821194307165902,0.23388121605531306,0.22393351298196104,-0.009947703073352021,0.12707776949159033,0.12240383631095199,-0.004673933180638343,1.4660992905960915,1.1185402730733394,-0.3475590175227521,2.3740152151505187,1.6739372438411864,-0.7000779713093324,1.925730440219638,1.1624801306276757,-0.7632503095919623
lab_subject_14,exp_20260729T141534Z_a0790737,lab_subject_14__ad_04,advertisement,block_late,explicit_ad_block,late,block_late,yes,3,3,3,-1.6215535465644306,-3.223540014386206,-1.6019864678217752,3.577689294540992,3.4947538114098893,-0.08293548313110266,4.862322164163975,4.5627743738836575,-0.2995477902803172,1.5485883142105492,3.0750218344816096,1.5264335202710604,6.434356289121409,6.802242525345562,0.3678862362241535,1.181300715127069,1.2298110279307082,0.048510312803639266,14.767527210612705,14.285136949095422,-0.48239026151728304,3.876977606656937,5.026659174204737,1.1496815675478005,0.6992183070106224,0.6759355153295303,-0.02328279168109204,0.0714648169878579,0.07205581064072085,0.0005909936528629561,0.05051377601787959,0.051155667335238665,0.0006418913173590751,0.11397148266884631,0.12067458767408204,0.006703105005235729,0.06483161731479356,0.08017841902042822,0.015346801705634655,0.9343564297670285,1.1268648804897643,0.1925084507227358,0.8497598311176624,1.0121008615601315,0.16234103044246906,1.4175283988079592,1.0813922350894565,-0.33613616371850275
lab_subject_15,exp_20260730T074927Z_347e077f,lab_subject_15__ad_00,advertisement,inline_late,inline_persuasive,late,inline_late,yes,3,3,3,2.850723941375768,1.4352318365987822,-1.4154921047769857,1.0473030702087123,2.0862123950958797,1.0389093248871675,3.487662395153162,4.957187679995783,1.4695252848426206,0.9916337824781075,1.5513314704299064,0.5596976879517989,2.600418726466412,3.1567238066405032,0.5563050801740914,1.2811192587442193,1.6899842054286651,0.40886494668444584,12.60786606482251,14.614004589299117,2.006138524476608,-1.150202800778764,-0.6314366655969629,0.518766135181801,0.7500182345088638,0.8022444442602402,0.05222620975137637,0.09184414068660852,0.08682104868631593,-0.005023092000292592,0.05169500645496865,0.039631399270828316,-0.012063607184140332,0.07487331955846392,0.05130606193517721,-0.023567257623286715,0.0315692987910953,0.019997045847438288,-0.011572252943657015,0.5303649259858794,0.4234843617700546,-0.10688056421582476,0.5123483228801229,0.3443832458551884,-0.16796507702493446,0.7702915293243028,0.5319885135079679,-0.23830301581633484
lab_subject_15,exp_20260730T074927Z_347e077f,lab_subject_15__ad_02,advertisement,block_early,explicit_ad_block,early,block_early,yes,3,3,3,3.155727546287985,2.694463756682748,-0.46126378960523695,2.890306377878917,1.8283573512242333,-1.0619490266546836,3.593487149669339,4.5376996547308615,0.9442125050615227,1.903823294244139,2.0626443703816006,0.15882107613746155,4.746566810733089,2.0315929996942876,-2.7149738110388015,1.0635694018167179,1.3044460956474886,0.2408766938307707,21.31222816170983,14.412407219922816,-6.899820941787013,1.907319093368986,-2.2915991532221436,-4.19891824659113,0.9413190302259657,0.8052720468531227,-0.13604698337284304,0.029912038948042605,0.08296984493716529,0.053057805989122686,0.010786892532406936,0.047116113259188484,0.03632922072678155,0.0216405854707925,0.0510682118675632,0.029427626396770698,0.010878942110596526,0.01957652185101743,0.008697579740420904,0.7277147028438611,0.411564207496032,-0.3161504953478291,0.5622099237426568,0.38675975085795467,-0.1754501728847021,1.017763569102584,0.9412753164994694,-0.07648825260311454
lab_subject_15,exp_20260730T074927Z_347e077f,lab_subject_15__ad_03,advertisement,block_late,explicit_ad_block,late,block_late,yes,3,3,3,1.1909068956965128,0.19197603709437022,-0.9989308586021426,1.62419584688984,1.7016039693142304,0.07740812242439032,5.727332183950759,6.822759786991602,1.095427603040843,1.6943117433455859,2.7552973984023654,1.0609856550567796,3.7484906832031233,9.3739481565614,5.625457473358278,1.3710284204670877,1.4785404630381116,0.10751204257102387,14.764900832058757,18.42644985679828,3.6615490247395215,-0.708887784555863,7.227240315234092,7.936128099789955,0.7802211945520551,0.7531614131443927,-0.02705978140766241,0.09737800634815351,0.05398788668394469,-0.04339011966420882,0.03847324647579644,0.03300784928419869,-0.005465397191597748,0.06180481431901831,0.08940084107836613,0.027596026759347816,0.022122738304976207,0.054534435311788816,0.03241169700681261,0.45494475048464483,1.216953162013155,0.7620084115285102,0.39426295811503725,0.8343248264956288,0.4400618683805915,0.8159372905671479,1.5620112043046166,0.7460739137374687
lab_subject_15,exp_20260730T074927Z_347e077f,lab_subject_15__ad_04,advertisement,inline_early,inline_persuasive,early,inline_early,yes,3,3,3,2.3054464850091563,1.4434594970246089,-0.8619869879845474,0.8761993772381536,1.4747029215942151,0.5985035443560616,3.1861964343536187,3.6146719118339403,0.42847547748032166,0.188748566109687,0.8910064585204363,0.7022578924107492,2.537149610576939,3.2390517037069833,0.7019020931300441,0.8856790241234904,0.5409361333721989,-0.3447428907512915,10.0540580259105,9.845818032021798,-0.20823999388870185,-0.5895020949592172,-2.1289373545918195,-1.5394352596326022,0.6378421499592778,0.6000268195361235,-0.037815330423154325,0.13119795201278128,0.13553342276999847,0.004335470757217186,0.06474699635872488,0.07632898815044094,0.011581991791716054,0.11238582163451738,0.13106720244101572,0.018681380806498338,0.05382708003469864,0.05384553642281028,1.8456388111640076e-05,0.5735581476764432,0.6814578891228172,0.10789974144637404,0.593991311167424,0.615661962839928,0.021670651672504038,0.845826884080282,1.1167379411059368,0.2709110570256549
lab_subject_16,exp_20260730T110035Z_a5786cb8,lab_subject_16__ad_01,advertisement,inline_early,inline_persuasive,early,inline_early,yes,3,3,3,4.3642382681000855,2.3418127407629705,-2.022425527337115,8.204958799388972,5.083086808836475,-3.1218719905524974,5.6537574719145205,2.9174059047939838,-2.7363515671205367,5.064134827572361,2.664577696040593,-2.399557131531768,10.445176368997437,9.081936793056054,-1.3632395759413836,0.5488144025876984,1.3299949597938756,0.7811805572061772,19.69271271109163,11.46446595414786,-8.22824675694377,6.815810504612626,5.933520895623205,-0.8822896089894217,0.8021211364018918,0.4649913432506937,-0.33712979315119807,0.03164786639576638,0.06497388909063793,0.03332602269487155,0.029487558418475352,0.07125971895782957,0.04177216053935422,0.09538637099235091,0.2686531589607397,0.1732667879683888,0.04135706779151554,0.13012188974009897,0.08876482194858343,1.5602471281123786,1.9720035519074093,0.41175642379503063,0.9808644812150403,1.8689037409859304,0.88803925977089,2.210045943491645,2.3018664475025714,0.09182050401092656
lab_subject_16,exp_20260730T110035Z_a5786cb8,lab_subject_16__ad_02,advertisement,block_late,explicit_ad_block,late,block_late,yes,3,3,3,4.121714873364484,4.429265323697761,0.3075504503332773,5.515717969164459,7.0184606731232435,1.5027427039587842,4.107139842611358,7.436072522673419,3.328932680062061,3.7582439063285147,3.9648643520678313,0.2066204457393166,11.594611125499954,9.241170566054672,-2.353440559445282,0.3537656485900662,0.914138801318952,0.5603731527288858,19.386560645545988,17.34827731806248,-2.0382833274835086,9.761110280757133,5.6073667602478,-4.153743520509334,0.6103807722710899,0.723856870147854,0.11347609787676416,0.02858095987424711,0.07287174774039001,0.044290787866142906,0.03387242924691384,0.0381319309949577,0.004259501748043862,0.1665966394911165,0.11297638730604086,-0.05362025218507564,0.13493760006355435,0.05432367164561914,-0.08061392841793522,2.2147265031010446,1.051348472457849,-1.1633780306431956,1.6867101791905497,0.8564624798278163,-0.8302476993627333,3.735802213150974,1.9400018322442427,-1.795800380906731
lab_subject_16,exp_20260730T110035Z_a5786cb8,lab_subject_16__ad_03,advertisement,inline_late,inline_persuasive,late,inline_late,yes,3,3,3,3.5490672433716073,3.8706320139286534,0.32156477055704613,6.910731702012329,5.862022221674666,-1.0487094803376635,6.454879388713213,4.333718346066262,-2.1211610426469507,5.13623768221586,3.7078821729738394,-1.4283555092420208,9.38392708411567,8.963754004593527,-0.42017307952214367,0.9371912471453889,0.04125256845763303,-0.8959386786877559,18.198338161668612,11.746036678411446,-6.452301483257166,6.490053239224469,5.290323788166611,-1.1997294510578582,0.7567078135131221,0.4875675437282436,-0.2691402697848785,0.05065033721092603,0.08847141118952266,0.03782107397859663,0.04188464868339429,0.07659833637262316,0.03471368768922887,0.09942305658415336,0.2370911537003639,0.13766809711621053,0.05133414400840405,0.10744051075515959,0.05610636674675554,1.0744374748994892,1.4542164122106263,0.3797789373111371,0.7088313216646895,1.47230082882011,0.7634695071554205,1.8254964079031777,2.600686347744762,0.7751899398415842
lab_subject_16,exp_20260730T110035Z_a5786cb8,lab_subject_16__ad_04,advertisement,block_early,explicit_ad_block,early,block_early,yes,3,3,3,4.640934184326061,4.4851417254137,-0.1557924589123605,4.815546828969408,6.031407453005747,1.2158606240363392,4.792568290508338,4.951979714812348,0.15941142430400923,3.323499721817641,3.5111786529969082,0.18767893117926704,8.703245987717423,8.7171110961157,0.01386510839827615,0.9872988078421585,0.8191086002828492,-0.16819020755930936,16.686015889594334,14.07039289180567,-2.6156229977886643,4.697873592349305,4.97792295567847,0.28004936332916497,0.7377016785171451,0.6027164142518323,-0.13498526426531277,0.05438990142507028,0.07383660189818657,0.019446700473116287,0.036259837097749416,0.05298971640587342,0.016729879308124,0.12767896651730876,0.18467600461574865,0.056997038098439895,0.04621768970466219,0.08578126282835934,0.03956357312369715,1.3449567716063082,1.4561331361287082,0.11117636452239998,1.1324173437834812,1.4966867960841421,0.3642694523006609,2.3411886066238865,2.328630619115929,-0.012557987507957336
lab_subject_17,exp_20260730T143127Z_9fcb5eb7,lab_subject_17__ad_00,advertisement,block_early,explicit_ad_block,early,block_early,yes,3,3,3,6.332764399707286,5.114894583425635,-1.2178698162816506,6.705612000500173,4.992737343886931,-1.7128746566132413,5.790994927723611,6.280955213024684,0.4899602853010725,6.480410009192008,4.791870092336783,-1.688539916855225,9.131846245145566,8.605243003708543,-0.526603241437023,0.13264534928571337,0.40632139295697556,0.2736760436712622,12.837516263795223,13.31636232832215,0.4788460645269268,4.95003605412969,5.0759123507122625,0.1258762965825726,0.4897421229268537,0.5135133863062407,0.023771263379386953,0.09569783158588321,0.13366667561341544,0.03796884402753223,0.11330702426856222,0.09486688376687001,-0.01844014050169221,0.19542539351533816,0.17355608176019505,-0.021869311755143117,0.0796561732151748,0.06763449441072598,-0.012021678804448821,1.0602473664910923,0.8517087301270752,-0.20853863636401715,1.3337795106843777,1.00722273180679,-0.3265567788775878,0.4111507569416774,0.5067334754561882,0.09558271851451078
lab_subject_17,exp_20260730T143127Z_9fcb5eb7,lab_subject_17__ad_01,advertisement,inline_early,inline_persuasive,early,inline_early,yes,3,3,3,6.4721851672759945,7.8311014903891785,1.358916323113184,3.693257906481419,5.715285480914794,2.022027574433375,6.233928963221857,6.597972972151851,0.36404400892999433,4.3038939732090755,5.366049903533176,1.0621559303241002,7.943244147523265,7.772585614530247,-0.17065853299301725,0.22453813236163,0.2067861530740096,-0.0177519792876204,11.215031635974073,14.631997570314253,3.4169659343401797,4.444740503787095,4.031407704054607,-0.4133327997324878,0.4817073205989829,0.6374126094399893,0.15570528884100643,0.12787682408057904,0.10023472211893128,-0.027642101961647764,0.07646930429231784,0.07547895588519377,-0.0009903484071240726,0.18217693728051396,0.13136493490576434,-0.050812002374749615,0.08502213563360127,0.055508777650121056,-0.02951335798348021,0.7367187769286592,0.7476079062136554,0.01088912928499619,1.0055534025198787,0.8983353811505034,-0.1072180213693753,0.9496154538005673,0.5646383041195788,-0.3849771496809885
lab_subject_17,exp_20260730T143127Z_9fcb5eb7,lab_subject_17__ad_03,advertisement,inline_late,inline_persuasive,late,inline_late,yes,3,3,3,6.431786278048339,6.125798035833698,-0.3059882422146405,5.1400981805770645,2.805862420341709,-2.3342357602353556,6.238468533643074,6.9815203566528385,0.7430518230097647,5.025898218345919,4.1398928619868745,-0.8860053563590444,7.695050494816011,8.095057248426423,0.4000067536104117,-0.22751348885075373,0.6458246116416788,0.8733381004924325,11.893115381801067,13.96916053458277,2.0760451527817025,4.555554126703839,5.529764783352205,0.9742106566483653,0.4821086631302971,0.6053127252288542,0.12320406209855705,0.11223148181458405,0.10914157971858299,-0.00308990209600106,0.08948751272270687,0.059344961200922426,-0.030142551521784446,0.21338069677760754,0.1338833182203519,-0.07949737855725564,0.1040954305016153,0.07672567134861279,-0.027369759153002507,1.064693129895782,0.734683328987017,-0.33000980090876497,1.2360140003162765,1.1632866623720828,-0.07272733794419373,0.8330283090270434,0.845226697049052,0.012198388022008566
lab_subject_17,exp_20260730T143127Z_9fcb5eb7,lab_subject_17__ad_04,advertisement,block_late,explicit_ad_block,late,block_late,yes,3,3,3,5.512470365261214,6.125903495947133,0.6134331306859195,4.690270285881993,3.6003211103367767,-1.089949175545216,5.520104146993832,5.675099900524105,0.15499575353027328,4.548338878397061,4.290636699904569,-0.257702178492492,6.840777415406127,7.742320890210717,0.9015434748045896,0.8698144100563425,0.20151118329759754,-0.668303226758745,11.675685114104471,12.534697711076927,0.8590125969724554,2.766756909910659,4.877148942440112,2.110392032529453,0.555876293198219,0.5697863360383281,0.013910042840109105,0.12519321613146073,0.11123698122799494,-0.013956234903465786,0.10172854397416933,0.06382421542665112,-0.03790432854751821,0.15514683835522566,0.16468210493196317,0.009535266576737506,0.07110456867772727,0.09301786725402614,0.021913298576298867,0.7040021516467808,0.9743486135649501,0.27034646191816925,1.0905913169256107,1.145606873196952,0.05501555627134125,0.62594104495686,0.9162971061196024,0.2903560611627424
lab_subject_18,exp_20260731T134108Z_a4a5b76b,lab_subject_18__ad_00,advertisement,inline_early,inline_persuasive,early,inline_early,yes,3,3,3,8.990842239350286,7.6618550513746335,-1.3289871879756525,3.490758705893505,5.3729224374337825,1.8821637315402775,5.846227427693074,5.734447004211905,-0.11178042348116879,3.443431458543,3.0323386860405055,-0.41109277250249443,6.671275027536577,4.966437388965962,-1.7048376385706154,0.39963457475571573,-0.12284580543387946,-0.5224803801895952,11.56758246180593,10.867279370972634,-0.7003030908332963,2.984721639137951,-1.5675876715937573,-4.552309310731708,0.5007769466903524,0.5467799179325457,0.046002971242193214,0.12984903251339625,0.16847985083313333,0.03863081831973708,0.07638184482433238,0.09917397712817229,0.022792132303839904,0.16679808315765868,0.14542698714784638,-0.021371096009812296,0.06872569835094176,0.03261278414819514,-0.03611291420274662,0.8740333185493381,0.5379213931190835,-0.3361119254302546,1.09021826674973,0.6646105925734126,-0.4256076741763174,1.5192014666822469,1.2024485675800276,-0.31675289910221927
lab_subject_18,exp_20260731T134108Z_a4a5b76b,lab_subject_18__ad_02,advertisement,inline_late,inline_persuasive,late,inline_late,yes,3,3,3,7.622421352792617,8.921854344828676,1.299432992036059,4.151503359457997,5.336801965504049,1.185298606046052,5.3943788178914716,6.092133397262478,0.697754579371006,2.788462258458564,3.479094338829836,0.6906320803712722,4.597641291929346,4.946550271625304,0.3489089796959579,0.31353454535487657,0.23952489692021572,-0.07400964843466085,13.829314111030932,12.173066452421619,-1.6562476586093133,-0.1880131747911593,0.07280996707583128,0.26082314186699057,0.7082774438522278,0.6033472588860408,-0.104930184966187,0.10521883071653036,0.15282632056882953,0.047607489852299165,0.05283840472652841,0.08373253725652474,0.03089413252999633,0.10239731802206739,0.11901770325997844,0.016620385237911053,0.03126800268264615,0.036400443425719846,0.005132440743073695,0.6167177550782483,0.522886528113883,-0.0938312269643653,0.5613178065285301,0.514691834923254,-0.04662597160527615,0.8301808753916375,0.7570496094166924,-0.07313126597494513
lab_subject_18,exp_20260731T134108Z_a4a5b76b,lab_subject_18__ad_03,advertisement,block_late,explicit_ad_block,late,block_late,yes,3,3,3,7.689860033872748,9.116472776768168,1.4266127428954203,5.0511413070450555,5.127527814200835,0.07638650715577988,6.627109129553741,6.305388878548631,-0.32172025100511004,4.1419119241488405,3.4017683893742836,-0.7401435347745569,6.339511162191314,5.8127977549476135,-0.5267134072437001,0.38122381913450454,0.2732579613414181,-0.10796585779308643,15.001502027840367,11.802480582434852,-3.1990214454055153,2.151744876381294,2.037241316175215,-0.11450356020607888,0.42496832585471217,0.5422005499648702,0.11723222411015805,0.09355089552173981,0.15688589301960087,0.06333499749786106,0.05073585178606222,0.07383946467453736,0.023103612888475143,0.18392360418989323,0.15751041991314538,-0.026413184276747853,0.07012305690972762,0.07257400482799106,0.0024509479182634464,0.5729974818597721,0.6334451604326092,0.06044767857283717,0.6098551796801733,0.7026234571497891,0.0927682774696158,0.7828658615673412,1.0542483360746817,0.27138247450734054
lab_subject_18,exp_20260731T134108Z_a4a5b76b,lab_subject_18__ad_04,advertisement,block_early,explicit_ad_block,early,block_early,yes,3,3,3,9.515072933221955,8.79833830297658,-0.7167346302453748,3.7120935969998783,3.6574556903047313,-0.05463790669514701,6.965811536576387,5.990339364945506,-0.975472171630881,2.809303152347768,2.8055567775821544,-0.0037463747656136803,4.463109968630756,5.080704739170629,0.6175947705398723,0.177882773784674,0.47016472951418464,0.29228195572951066,10.161111461060612,11.54971956290142,1.3886081018408074,0.6441831718156061,-0.5058323964815329,-1.150015568297139,0.5179218855576811,0.5899504775494535,0.07202859199177236,0.18056289182634827,0.1334121414494329,-0.04715075037691538,0.09404902629904335,0.06171115490204431,-0.03233787139699904,0.1466133558582962,0.11278322540608894,-0.03383013045220727,0.06085284045863106,0.03675025535503454,-0.024102585103596523,0.5338929091611767,0.6419059468139592,0.10801303765278247,0.6329730250275567,0.7524209119897947,0.11944788696223796,0.954428128560504,1.0271839237623577,0.07275579520185371
lab_subject_19,exp_20260731T171043Z_61871403,lab_subject_19__ad_01,advertisement,inline_early,inline_persuasive,early,inline_early,yes,3,3,3,9.158637546413765,6.850518307616754,-2.30811923879701,5.991660485471266,8.198278369739601,2.2066178842683346,11.1849586463015,10.322599988794789,-0.8623586575067108,6.6438659361734755,7.25250691022043,0.6086409740469545,8.008248221752229,7.362797928949469,-0.6454502928027601,0.9220080212169712,0.37080351410242685,-0.5512045071145444,22.596197915825194,17.66640378068443,-4.929794135140764,0.7794741794759417,0.1600507692280387,-0.6194234102479029,0.8951860633776824,0.7219744520305296,-0.1732116113471528,0.061095809664045354,0.09667864867270756,0.03558283900866221,0.016015764446474897,0.0656344941937863,0.049618729747311394,0.022537236386451085,0.0673226565074068,0.044785420120955724,0.005165126125346341,0.015325805175296478,0.010160679049950137,0.29226788126707887,0.41337911799711113,0.12111123673003227,0.2842900915875346,0.606615337179527,0.3223252455919924,1.0555496501821875,0.4762248801921994,-0.5793247699899882
lab_subject_19,exp_20260731T171043Z_61871403,lab_subject_19__ad_02,advertisement,inline_late,inline_persuasive,late,inline_late,yes,3,3,3,9.629650954713725,7.621852940015853,-2.0077980146978716,7.51831587719172,3.955802742374731,-3.5625131348169887,12.06221364650348,9.091426365861729,-2.9707872806417512,7.849352320092278,3.8943758924371825,-3.954976427655095,7.919848306891115,6.773323973945194,-1.146524332945921,0.10173024587828294,-0.027231283953401686,-0.12896152983168463,21.68463456773526,15.950645031328968,-5.733989536406291,-0.04568126843169435,0.07251070324447921,0.11819197167617357,0.8404850257048876,0.7053716845929763,-0.1351133411119113,0.09490774062186572,0.1453771516190428,0.05046941099717708,0.032601121119210645,0.04393302505594737,0.011331903936736727,0.03313463065392967,0.08524833711902109,0.05211370646509142,0.006243745965114882,0.02006980161301229,0.013826055647897406,0.25986139474144104,0.39089595414708705,0.131034559405646,0.448368770113908,0.5444895362216176,0.09612076610770953,0.6647221159071774,0.9445066417925607,0.2797845258853833
lab_subject_19,exp_20260731T171043Z_61871403,lab_subject_19__ad_03,advertisement,block_early,explicit_ad_block,early,block_early,yes,3,3,3,10.58793227916065,7.908874292729605,-2.6790579864310455,8.348662113593615,7.681115761501043,-0.6675463520925726,12.973957407624637,10.362878939159364,-2.611078468465273,8.20689823664184,6.708030964845695,-1.4988672717961444,8.11122791156248,7.6840556128764925,-0.4271722986859876,0.6399379009946529,0.8575275017484749,0.21758960075382205,19.984939022074354,18.02732591984464,-1.9576131022297147,1.7788818885238113,2.148948138995613,0.37006625047180175,0.7051323278848749,0.7484191724958547,0.04328684461097976,0.14033708927102972,0.11193434852125082,-0.0284027407497789,0.08529812832929391,0.039288629750265834,-0.04600949857902808,0.058574719632869754,0.0691540904663747,0.01057937083350495,0.010657734881931676,0.019333350583737793,0.008675615701806118,0.2595991895938223,0.42401529559180134,0.16441610599797907,0.3000237725076626,0.5747788566858957,0.2747550841782331,0.6133849461271261,0.5911966190607454,-0.022188327066380742
lab_subject_19,exp_20260731T171043Z_61871403,lab_subject_19__ad_04,advertisement,block_late,explicit_ad_block,late,block_late,yes,3,3,3,8.125676797422596,7.898838823447721,-0.2268379739748747,5.74352873905857,6.323226790630806,0.5796980515722359,10.419251219768974,9.412040887178337,-1.0072103325906365,6.309039856174956,6.164318539574161,-0.144721316600795,7.878177832728516,6.8406872230403435,-1.0374906096881729,0.9714888813010205,0.3206237091947699,-0.6508651721062506,21.450481279401117,17.58901505083446,-3.861466228566659,0.558058301118519,-0.8171799179496636,-1.3752382190681827,0.8542153790726906,0.7497574379324249,-0.10445794114026574,0.08013005316822294,0.12897147762944886,0.04884142446122591,0.03176292769477776,0.054659369941058036,0.022896442246280277,0.03952017345018685,0.057766031917013044,0.018245858466826193,0.006795017546203836,0.011259216822680409,0.004464199276476573,0.39826971018003604,0.36416625568102245,-0.034103454499013586,0.45966186885404736,0.5174844919348068,0.05782262308075947,1.007665104884065,0.7062895114639212,-0.30137559342014386
lab_subject_1,exp_20260721T091553Z_7b92ec42,lab_subject_1__no_ad_early,matched_no_ad_reply,no_ads,none,early,inline_early;block_early,yes,3,3,3,9.061981634140682,3.8475372005505015,-5.214444433590181,5.745423567794212,4.398848164886325,-1.3465754029078871,10.433146382405969,5.949907933137222,-4.483238449268747,4.408484072093362,3.6420428960971005,-0.7664411759962615,8.014326685538455,10.507014358840149,2.4926876733016936,0.11507524720673956,-0.07343638738779745,-0.18851163459453701,19.978291507223787,16.179112651931284,-3.799178855292503,3.439350770675087,4.442606831863597,1.0032560611885102,0.7939187410515514,0.6786250030499503,-0.11529373800160103,0.10198260296593564,0.08386129453063446,-0.018121308435301187,0.02000238729994669,0.031480477388173174,0.011478090088226485,0.05405483020405816,0.14125176698339742,0.08719693677933926,0.025455947148947358,0.09888330502463337,0.07342735787568601,0.45291856876381403,1.8627490213532005,1.4098304525893866,0.7198095525489647,2.560334929389888,1.840525376840923,1.922669702446444,3.2053615784643097,1.2826918760178656
lab_subject_1,exp_20260721T091553Z_7b92ec42,lab_subject_1__no_ad_late,matched_no_ad_reply,no_ads,none,late,inline_late;block_late,yes,3,3,3,7.7349740592796055,7.127986611908411,-0.6069874473711945,4.56784235709047,4.451034601539668,-0.11680775555080203,9.592954015353882,5.549314536375798,-4.0436394789780845,3.9610251989377887,3.2388303602596014,-0.7221948386781873,7.890928293710843,8.116270114919487,0.22534182120864443,-0.22291186017818276,0.6788907854460362,0.901802645624219,18.99352098017062,11.911205927635812,-7.082315052534806,3.75599620815858,4.589439734863403,0.8334435267048228,0.784574646478161,0.5070403523090028,-0.2775342941691582,0.09361284337420986,0.11761050955349979,0.02399766617928993,0.023962762191455458,0.06883431055440359,0.04487154836294813,0.05863030340366305,0.2116162150362184,0.15298591163255537,0.022627101919198814,0.08659666381070978,0.06396956189151097,0.47312701842858434,1.1376342385767868,0.6645072201482025,0.846461661900083,1.19620254818263,0.34974088628254696,1.4621677101921484,1.7996173354635059,0.33744962527135747
lab_subject_2,exp_20260721T134702Z_ab38d57a,lab_subject_2__no_ad_early,matched_no_ad_reply,no_ads,none,early,inline_early;block_early,yes,3,3,3,6.945972468215102,6.708380195824009,-0.23759227239109304,7.410601722587193,5.2374549324237085,-2.173146790163485,5.746647045058695,6.848951542425532,1.1023044973668368,5.271310533513949,4.829563261666923,-0.4417472718470261,8.773461432637824,8.822277671317986,0.04881623868016227,-0.412461260112682,0.11304680393644517,0.5255080640491272,12.35043002678724,13.59714466736121,1.2467146405739697,5.173847193260908,4.5308492649856404,-0.6429979282752676,0.4868125532829673,0.5574813720393273,0.07066881875636005,0.10329880518063264,0.11803631484161856,0.014737509660985915,0.10299559486687389,0.08167323148093177,-0.021322363385942122,0.21363131279694375,0.16783572873930216,-0.045795584057641586,0.0811528535641735,0.061908509016923345,-0.01924434454725015,1.0355652540628715,0.9899716075044628,-0.045593646558408696,0.7311142363158786,0.7415421729916526,0.010427936675774019,1.275755039918963,0.6077585894717037,-0.6679964504472593
lab_subject_2,exp_20260721T134702Z_ab38d57a,lab_subject_2__no_ad_late,matched_no_ad_reply,no_ads,none,late,inline_late;block_late,yes,3,3,3,6.20414328807426,7.204214350375583,1.0000710623013234,5.557146620081528,6.368113564307305,0.8109669442257772,5.639467189896223,6.638999741555727,0.9995325516595042,4.4121204527379305,5.406648035036654,0.9945275822987236,7.748152634878397,9.553406581088502,1.8052539462101054,0.0587874119345031,0.36941852928438834,0.31063111734988524,12.010229401252996,18.687891850669157,6.677662449416161,2.988828573717437,5.789979765378166,2.801151191660729,0.545779782556956,0.7857046895510107,0.23992490699405467,0.1223633100382667,0.04340539334359679,-0.07895791669466991,0.10892415564487568,0.034676500306228264,-0.07424765533864741,0.1917516972334788,0.08109097990414324,-0.11066071732933555,0.06275961871490353,0.040315136701183966,-0.022444482013719562,0.9506789128478118,1.1679408553965989,0.21726194254878706,0.6917984216667009,0.8429967602381367,0.15119833857143583,0.9299072882378624,1.0303649752330737,0.10045768699521129
lab_subject_3,exp_20260722T074803Z_c9a5b77e,lab_subject_3__no_ad_early,matched_no_ad_reply,no_ads,none,early,inline_early;block_early,yes,3,3,3,7.642823814233624,5.056369330931744,-2.586454483301879,8.6360367119946,6.84485777009701,-1.7911789418975905,7.447686128950202,3.7121663231702446,-3.735519805779957,6.4974635366593345,4.642059525390333,-1.8554040112690018,9.285861402012587,9.505706720285486,0.219845318272899,0.18529493149926424,-0.24368206904989265,-0.4289770005491569,19.144215908330942,10.870693579036883,-8.273522329294059,5.734955739540978,5.015915397262298,-0.7190403422786797,0.7796231268810048,0.421990135600491,-0.3576329912805138,0.04958100275520078,0.08629869892720983,0.03671769617200905,0.052121766488215676,0.10056315581965287,0.0484413893314372,0.08750791629168897,0.28872335053713427,0.2012154342454453,0.035559749812616254,0.109416720669313,0.07385697085669675,0.846652133948667,1.760037880313385,0.9133857463647179,0.5594973883679633,1.7213244988717031,1.1618271105037399,1.0324350209723105,2.663650382155476,1.6312153611831652
lab_subject_3,exp_20260722T074803Z_c9a5b77e,lab_subject_3__no_ad_late,matched_no_ad_reply,no_ads,none,late,inline_late;block_late,yes,3,3,3,5.102245175738094,6.362903511200262,1.2606583354621677,6.392938719548587,8.39347201618517,2.0005332966365827,5.5034132530434725,4.500701214358703,-1.0027120386847699,5.427607275028095,5.271062610686441,-0.15654466434165393,9.036541571263179,9.834687536926248,0.7981459656630694,0.5536632038720839,0.6688101156454493,0.11514691177336545,14.130285190454765,9.221926232562163,-4.908358957892602,4.549919377399272,5.822792897588167,1.2728735201888952,0.6021085379602089,0.3166496165088931,-0.2854589214513158,0.08740126199228924,0.09696362115178184,0.009562359159492592,0.08378353075370548,0.10905179114890276,0.02526826039519728,0.16725517647935326,0.3280273774313511,0.16077220095199782,0.05952745953791277,0.12191104110735142,0.06238358156943865,0.9774783707377862,1.601381077794897,0.6239027070571107,0.7699920123949046,1.680342286589404,0.9103502741944994,1.1219965883714842,2.2502320968191505,1.1282355084476663
lab_subject_5,exp_20260724T112220Z_6cc09f28,lab_subject_5__no_ad_early,matched_no_ad_reply,no_ads,none,early,inline_early;block_early,yes,3,3,3,3.3932979522421225,2.4248668270275333,-0.9684311252145892,5.728496766337106,3.495933126489397,-2.2325636398477084,6.181478333096097,4.099851106800736,-2.0816272262953603,4.8245311742721695,2.8449150500017266,-1.9796161242704429,6.98731475918777,6.318034147372645,-0.6692806118151253,1.0492682398221618,0.7334600347699407,-0.31580820505222107,17.52316730036682,16.858072353162385,-0.6650949472044339,2.101026498006097,1.4845938964254448,-0.616432601580652,0.7891927127115217,0.8206846252435226,0.0314919125320009,0.08503792368413887,0.05871779746182075,-0.02632012622231812,0.04239546995343932,0.03257321059151467,-0.00982225936192465,0.0692045972249112,0.07839211455416636,0.009187517329255171,0.02561440802188262,0.02486357787048916,-0.0007508301513934577,0.6236990250209498,0.9599377412610894,0.3362387162401397,0.5008497942073064,0.8696229008686114,0.36877310666130503,0.4112367402837471,0.8790546609998515,0.4678179207161044
lab_subject_5,exp_20260724T112220Z_6cc09f28,lab_subject_5__no_ad_late,matched_no_ad_reply,no_ads,none,late,inline_late;block_late,yes,3,3,3,4.991621628585826,6.774958726226902,1.783337097641076,4.140933532602156,5.489202849875802,1.3482693172736466,5.542113388784089,8.524489945549636,2.982376556765547,3.7771680596483166,4.949907232211555,1.1727391725632388,7.406918042307833,7.121146410870219,-0.28577163143761375,1.1826842682767555,1.3423427890263895,0.15965852074963394,13.2528677490149,16.08127779173907,2.828410042724169,3.4142565742692135,3.028790231196931,-0.38546634307228267,0.6211871502247535,0.7188845549841771,0.09769740475942368,0.10398679877594143,0.0974402048910011,-0.006546593884940333,0.06687063423073564,0.05000751777514117,-0.01686311645559447,0.16166927574164358,0.08937695366254426,-0.07229232207909932,0.055664896395987394,0.03289235733901954,-0.022772539056967855,0.9780718850813261,0.515337750604681,-0.46273413447664513,0.7088059597271495,0.4141411498942025,-0.29466480983294707,0.7833678204979092,0.5263852374762361,-0.2569825830216731
lab_subject_6,exp_20260724T141230Z_1be52b79,lab_subject_6__no_ad_early,matched_no_ad_reply,no_ads,none,early,inline_early;block_early,yes,3,3,3,7.06705340217497,8.105730596148359,1.0386771939733883,6.118526182804435,5.2443089220795756,-0.8742172607248593,6.609388888959876,6.2323525009910385,-0.37703638796883787,5.054864986856229,4.140524930719137,-0.9143400561370916,6.7416793018184045,6.932173843742074,0.19049454192366966,0.6027714469406646,0.31863490857794474,-0.2841365383627199,12.368909114512213,11.312220708809559,-1.0566884057026549,0.63195107734559,1.845230513908893,1.2132794365633028,0.56719759510427,0.5211627850458377,-0.04603481005843235,0.13107154891508563,0.13877379405423088,0.007702245139145247,0.11121806874585327,0.10501180884807945,-0.006206259897773819,0.155242775810569,0.18723471196454308,0.03199193615397408,0.0401683468538805,0.05268066576144966,0.01251231890756916,0.6234840190387976,0.75805920891421,0.1345751898754124,0.5838615662546529,0.8639437799027523,0.2800822136480994,0.9072576509317811,1.1732387395541024,0.2659810886223213
lab_subject_6,exp_20260724T141230Z_1be52b79,lab_subject_6__no_ad_late,matched_no_ad_reply,no_ads,none,late,inline_late;block_late,yes,3,3,3,7.664982911881087,8.23738967189309,0.5724067600120035,5.0175618259144885,7.388826299507343,2.3712644735928547,6.741660796041524,5.941526228080097,-0.8001345679614271,4.613961821393007,6.3474573357330275,1.7334955143400208,7.026273409529585,7.46997712284619,0.4437037133166051,0.18495641623094272,0.28598110455864756,0.10102468832770484,9.587112153443126,14.626142894540969,5.039030741097843,-0.6161333404654095,0.9562547391036615,1.572388079569071,0.4713119419667033,0.6846942653857387,0.21338232341903546,0.17132953512918186,0.11030856860708836,-0.0610209665220935,0.12167718075828608,0.06089227237710229,-0.06078490838118379,0.1907050245981257,0.11894484823863752,-0.07176017635948817,0.038377643249478545,0.037792620709490216,-0.0005850225399883294,0.6508554727850258,0.742137626007729,0.09128215322270328,0.586772797148565,0.8653054664161935,0.27853266926762854,1.036735936590222,1.087131092314164,0.05039515572394193
lab_subject_7,exp_20260727T073257Z_58270880,lab_subject_7__no_ad_early,matched_no_ad_reply,no_ads,none,early,inline_early;block_early,yes,3,3,3,2.3121586222307027,2.9836184587573915,0.6714598365266888,3.7084915046882823,3.3315758566562947,-0.3769156480319875,5.553141617647492,4.511080916842388,-1.042060700805104,3.373277348985339,2.8736364080236427,-0.4996409409616964,8.50814281037514,8.738598900836404,0.23045609046126359,0.8866739218182111,0.703279189587807,-0.18339473223040414,15.858449836752806,12.0685956677914,-3.7898541689614067,6.115435008325186,5.9583134984317985,-0.15712150989338713,0.6547515378043712,0.49972108697034073,-0.1550304508340305,0.06371997367019398,0.0841248959484902,0.02040492227829621,0.0376274189970333,0.05753281642267218,0.019905397425638884,0.14658094581606146,0.23192940588560554,0.08534846006954408,0.08815119994038695,0.12143681032895884,0.03328561038857189,1.482843924929775,1.5429549884264293,0.060111063496654404,1.1991703999843322,1.1233443660179758,-0.07582603396635634,2.4853140417414337,2.7246641740076143,0.23935013226618063
lab_subject_7,exp_20260727T073257Z_58270880,lab_subject_7__no_ad_late,matched_no_ad_reply,no_ads,none,late,inline_late;block_late,yes,3,3,3,0.3892451972854713,1.1594149882360532,0.7701697909505818,2.6483315366013422,3.011108298150322,0.36277676154897964,4.5151548644682515,3.303795893555934,-1.2113589709123174,1.530483102045043,2.3211351007318153,0.7906519986867724,8.283463893431703,8.456930020142476,0.17346612671077288,-0.2734532536965979,0.3165207287657523,0.5899739824623502,10.656742506286648,10.58732035198995,-0.06942215429669751,6.330419739555081,6.338864046816114,0.008444307261032513,0.4385554292582096,0.43955526848574444,0.0009998392275348267,0.09452861329940734,0.0803314559101859,-0.014197157389221449,0.04797181557701403,0.06552317971183542,0.017551364134821397,0.24489191423951345,0.261263621588013,0.01637170734849952,0.16195420001859037,0.15149781416743152,-0.01045638585115885,1.5991585289620984,1.7690803841126055,0.16992185515050706,1.5196628557513505,1.4512208085474332,-0.06844204720391733,3.0156066834183406,3.0477959984968708,0.03218931507853018
lab_subject_8,exp_20260727T120838Z_83e10f68,lab_subject_8__no_ad_early,matched_no_ad_reply,no_ads,none,early,inline_early;block_early,yes,3,3,3,8.1342076701241,9.175147838681813,1.0409401685577127,8.125879442990476,8.408892973781185,0.28301353079070957,8.831932485834841,8.355960924456276,-0.47597156137856445,6.939388742470422,6.696862699112374,-0.2425260433580485,9.425927887403926,10.611115899401419,1.185188011997493,0.25373326200906376,0.5200336898217941,0.26630042781273033,17.060093797260393,13.087355877638437,-3.972737919621956,2.4893497851611093,2.1885608704111705,-0.30078891474993874,0.6915500363100602,0.470494131951099,-0.22105590435896116,0.09675359022785052,0.1474057750142015,0.05065218478635097,0.06558605912928325,0.11221914995453847,0.04663309082525521,0.1249411806917113,0.22707196255713544,0.10213078186542414,0.023785628279679664,0.0377856007344847,0.013999972454805033,0.7696282527803856,0.8360756797738077,0.0664474269934221,0.853660220285428,0.8732184748404882,0.019558254555060217,1.3751675532941638,1.7038349682392404,0.32866741494507656
lab_subject_8,exp_20260727T120838Z_83e10f68,lab_subject_8__no_ad_late,matched_no_ad_reply,no_ads,none,late,inline_late;block_late,yes,3,3,3,9.705148484057538,9.530733799532559,-0.17441468452497944,7.054467831626427,9.715165453691231,2.660697622064804,8.786024227305978,8.04798957060541,-0.7380346567005684,5.860950138768103,7.425423666102153,1.5644735273340507,8.865016697821261,10.261547618856298,1.396530921035037,0.3312252768850179,-0.11393241686642241,-0.4451576937514403,15.735114180586127,14.312079284135311,-1.4230348964508153,1.9754071017949093,2.1944253200460135,0.21901821825110424,0.6563621858491369,0.4942443480627622,-0.16211783778637467,0.13250569896145334,0.1432292470914185,0.01072354812996515,0.08387721901085954,0.12995563213976555,0.04607841312890601,0.12103871984141214,0.20585567089452764,0.0848169510531155,0.0225275603188893,0.03737527648135662,0.014847716162467321,0.7242485590741257,0.8007303461358793,0.07648178706175368,0.7027920069972721,0.8277137969795713,0.12492178998229919,0.8696722384525897,0.9822932478055625,0.11262100935297281
lab_subject_9,exp_20260727T141010Z_f065c5c8,lab_subject_9__no_ad_early,matched_no_ad_reply,no_ads,none,early,inline_early;block_early,yes,3,3,3,6.513153224234793,6.348224367766018,-0.16492885646877564,7.102769193323089,6.248135846320626,-0.8546333470024639,7.34701271463798,6.752059785094549,-0.5949529295434308,7.320010557139465,5.709824070744379,-1.6101864863950865,8.786999138291971,8.540246658873615,-0.24675247941835643,0.6013829233753931,0.6848574239286336,0.08347450055324046,16.43884072550842,17.08261169559338,0.6437709700849581,4.688451959674314,5.097157299225444,0.40870533955112975,0.6781976052796777,0.6807598952393303,0.002562289959652686,0.0776956800107499,0.06865927960802161,-0.009036400402728295,0.07682702396963292,0.06134689087054797,-0.015480133099084956,0.11675332632242624,0.10233213957537951,-0.014421186747046733,0.04191390749928918,0.047548077361695286,0.005634169862406106,0.7426735924268811,0.8448535966895646,0.10218000426268348,0.7156915338635067,0.8645607840103182,0.14886925014681152,1.18200586969274,1.0289373876838694,-0.15306848200887058
lab_subject_9,exp_20260727T141010Z_f065c5c8,lab_subject_9__no_ad_late,matched_no_ad_reply,no_ads,none,late,inline_late;block_late,yes,3,3,3,6.1941072180886305,7.429327416468117,1.2352201983794862,7.580485879995278,7.874111060941827,0.2936251809465489,7.208738080432145,6.982400451684979,-0.22633762874716545,7.528988835575749,6.864931620010795,-0.664057215564954,9.531658084629196,9.46634811627733,-0.06530996835186542,0.8972932337025874,0.6098150299881517,-0.28747820371443567,17.147094357478693,13.366367304098947,-3.7807270533797457,5.807893445413496,5.9107827703551274,0.10288932494163117,0.6786116448142144,0.48507279891049004,-0.1935388459037244,0.06064583978971375,0.10419098922016064,0.043545149430446885,0.07409872846968718,0.11008496701289114,0.03598623854320396,0.13210819343241487,0.19739289830129714,0.06528470486888227,0.05453559349396993,0.08930531058422013,0.0347697170902502,0.8712508075595196,0.8714555102680331,0.0002047027085135822,0.8456779361665316,0.8870648065108481,0.04138687034431643,1.1354337854357064,1.4191382087945472,0.28370442335884083
lab_subject_10,exp_20260728T091433Z_242026ac,lab_subject_10__no_ad_early,matched_no_ad_reply,no_ads,none,early,inline_early;block_early,yes,3,3,3,7.082767058840385,7.976134811488103,0.8933677526477188,6.180424679544138,8.852449085435252,2.672024405891114,7.769360529031902,8.076357314703149,0.306996785671247,6.744867766801291,8.731737581490101,1.9868698146888102,4.9279534003797805,7.6130074115148965,2.685054011135116,0.8030327167047595,0.3721901345809506,-0.4308425821238089,13.921767175273024,15.349928429879453,1.4281612546064295,-1.9644361833192359,3.1361367036870025,5.100572887006239,0.6012973470778641,0.5850438082975159,-0.016253538780348187,0.1438455419195279,0.10960522953850656,-0.034240312381021334,0.11203225413222975,0.14084630162444792,0.028814047492218164,0.11857291408508361,0.10988685507992528,-0.008686059005158328,0.024251942785294824,0.05461780545960424,0.030365862674309418,0.46339665228748217,0.4387549741447905,-0.024641678142691692,0.4596886746657502,0.35837274210466413,-0.10131593256108606,0.7144110290536986,0.2617990954237948,-0.45261193362990376
lab_subject_10,exp_20260728T091433Z_242026ac,lab_subject_10__no_ad_late,matched_no_ad_reply,no_ads,none,late,inline_late;block_late,yes,3,3,3,7.348432947846502,7.964409530821589,0.6159765829750876,8.133341904415762,10.038513644523412,1.905171740107651,7.624399806383365,9.68365067024669,2.0592508638633253,8.605083374201097,10.240941988747261,1.635858614546164,4.915323282662905,5.505885268754883,0.590561986091978,0.9177593270774373,1.1509001908497893,0.233140863772352,11.877241192198637,19.272787383736222,7.395546191537585,-1.7417432160913968,-0.8371317971296219,0.9046114189617749,0.5311329025000283,0.7636991252173515,0.2325662227173232,0.19084772145545176,0.10561190825249113,-0.08523581320296063,0.15481352576487334,0.09544160930165245,-0.05937191646322089,0.10012218517421216,0.031405254451566327,-0.06871693072264584,0.021471962563393912,0.007289548165693886,-0.014182414397700027,0.23782961006131295,0.1813941238395768,-0.056435486221736164,0.18656220519983596,0.14916837253620713,-0.037393832663628834,0.1721562957574295,0.10116924559338039,-0.0709870501640491
lab_subject_11,exp_20260728T164420Z_99421c58,lab_subject_11__no_ad_early,matched_no_ad_reply,no_ads,none,early,inline_early;block_early,yes,3,3,3,6.321273892946817,5.950776901405646,-0.3704969915411702,7.866389219794155,9.417251464412901,1.550862244618746,7.721896506403319,6.915294918180319,-0.8066015882230007,7.098426662566723,9.453444938184782,2.3550182756180593,8.565506830562343,8.617134714740386,0.05162788417804265,0.753338070105805,0.5651511483204246,-0.18818692178538043,16.47156935028455,13.161023709578139,-3.3105456407064118,1.9819836206918349,1.6120520695260292,-0.36993155116580567,0.6880631703023737,0.504696882967107,-0.18336628733526672,0.09739695068597441,0.11980025525081003,0.02240330456483562,0.07110123455953486,0.1662556758220429,0.09515444126250804,0.12342121924221411,0.1739180140090358,0.0504967947668217,0.029244839311450405,0.03532917195100438,0.006084332639553974,0.6840772678149424,0.5525496149076401,-0.13152765290730228,0.6481622152093979,0.5020135645810465,-0.14614865062835136,0.7551466493984808,0.4529498448050424,-0.30219680459343834
lab_subject_11,exp_20260728T164420Z_99421c58,lab_subject_11__no_ad_late,matched_no_ad_reply,no_ads,none,late,inline_late;block_late,yes,3,3,3,5.9026922733163705,6.605119581703817,0.7024273083874464,4.837655230982829,6.134416256481543,1.2967610254987143,6.273068739789972,7.464493589358168,1.1914248495681958,5.815388795835226,6.752572430847089,0.9371836350118636,8.494508662922168,8.557333442850211,0.06282477992804303,-0.09466983815530128,0.25813098706187887,0.35280082521718015,11.836966709368879,13.694476071686692,1.8575093623178134,1.9232782349352524,1.6716241262645508,-0.2516541086707016,0.48205837287871145,0.5634296399206513,0.08137126704193987,0.13061075440001346,0.13422748149759958,0.00361672709758612,0.12048745724680658,0.10387596756092349,-0.016611489685883093,0.22328205773043605,0.1587455889869856,-0.06453646874345045,0.043710461313497935,0.03972132203383995,-0.003989139279657987,0.8197464624721115,0.7354591616762476,-0.08428730079586388,0.7304884148896673,0.715472649125819,-0.015015765763848332,0.8698390428869158,0.7317708850359618,-0.13806815785095405
lab_subject_12,exp_20260728T142237Z_262a5eab,lab_subject_12__no_ad_early,matched_no_ad_reply,no_ads,none,early,inline_early;block_early,yes,3,3,3,9.15690975677679,7.896295847452057,-1.2606139093247322,6.6516885399490935,8.466579954998267,1.814891415049173,7.3886010361602565,6.9699666437001895,-0.41863439246006706,5.931664139882442,8.775485345932365,2.843821206049923,7.780770227639767,8.08977734933334,0.3090071216935737,-0.4710326940188061,-0.16056844303669848,0.3104642509821076,13.699168874105341,9.875070622502252,-3.8240982516030897,1.2884399502072612,1.2981259588916214,0.009686008684360203,0.5415109045572679,0.31625526676349275,-0.22525563779377517,0.1289888672213325,0.1620046084713747,0.033015741250042224,0.09977137197821706,0.24551568300053148,0.14574431102231442,0.1658948992266115,0.22987279403141872,0.06397789480480723,0.033927753727753,0.046351647733182386,0.012423894005429384,0.642997290100138,0.5640769278043809,-0.07892036229575705,0.6801912551873074,0.5881375050463137,-0.0920537501409937,1.1500504787276082,0.4816764669232242,-0.668374011804384
lab_subject_12,exp_20260728T142237Z_262a5eab,lab_subject_12__no_ad_late,matched_no_ad_reply,no_ads,none,late,inline_late;block_late,yes,3,3,3,9.03985138847833,7.554319769324351,-1.4855316191539778,7.798219565848102,8.640590624599866,0.8423710587517643,7.876895187136287,6.769698864418176,-1.107196322718111,8.474068342064818,8.566609269382708,0.09254092731788965,8.536311007846855,8.16341579025648,-0.3728952175903757,0.1559819563359035,-0.6605349589319438,-0.8165169152678473,13.633042484542601,11.181357009993878,-2.4516854745487233,0.48953949152813925,0.9208064886127594,0.43126699708462013,0.5193619044372979,0.447344400378479,-0.0720175040588189,0.13799246127230347,0.14026535496044898,0.002272893688145511,0.15613918342126068,0.20254872717799205,0.04640954375673137,0.1592864349185293,0.1860670735633319,0.026780638644802596,0.026338902712627493,0.03648053321316801,0.010141630500540514,0.5420349788736353,0.5559952507217675,0.0139602718481322,0.5208995017433721,0.5889782440733508,0.06807874232997868,0.5850461316206101,0.5770264230743044,-0.008019708546305737
lab_subject_13,exp_20260729T085134Z_65b7fd8e,lab_subject_13__no_ad_early,matched_no_ad_reply,no_ads,none,early,inline_early;block_early,yes,3,3,3,8.117006117783276,6.92158644332406,-1.1954196744592167,2.1346470541861824,2.3419432066418215,0.20729615245563915,6.332825000220394,6.554429569569593,0.22160456934919903,4.134568289255769,3.425793737377667,-0.7087745518781023,6.0883492201347655,6.015497908525882,-0.07285131160888358,0.2090326283542332,0.19671236309527274,-0.012320265258960461,12.692263729137395,16.10769525609398,3.415431526956585,1.5456149601763813,1.0621182902870319,-0.4834966698893495,0.6102136730089505,0.7863226386475882,0.17610896563863776,0.1134357074852186,0.07313751478236764,-0.040298192702850955,0.07401980932444839,0.03895317347198843,-0.03506663585245996,0.15425185350827827,0.07698055620425806,-0.07727129730402021,0.04474563008460067,0.024606116893797547,-0.02013951319080312,0.7416891694970488,0.6867703053939135,-0.05491886410313529,0.4927409482141824,0.5474077353864513,0.05466678717226886,1.3230142760309875,1.3070381412368264,-0.015976134794161156
lab_subject_13,exp_20260729T085134Z_65b7fd8e,lab_subject_13__no_ad_late,matched_no_ad_reply,no_ads,none,late,inline_late;block_late,yes,3,3,3,7.122640530400268,8.443921111412799,1.3212805810125303,2.719502193793792,3.7784733690754106,1.0589711752816187,5.90231165836655,5.583762375291781,-0.31854928307476893,3.4562076356003946,4.303744608626282,0.8475369730258873,5.886957228903702,6.5696492315357835,0.6826920026320815,0.25584563677332284,0.49432107567784556,0.23847543890452272,15.560568369737462,13.467437438638381,-2.093130931099081,2.0613232077815073,0.9912430571646026,-1.0700801506169046,0.7686113146461877,0.6187479072739543,-0.14986340737223336,0.08315360884681466,0.12648691519734684,0.043333306350532175,0.04734462706649616,0.09419846466847123,0.04685383760197507,0.07576049906852575,0.14165447237730994,0.06589397330878419,0.025129950371975653,0.043933284133364496,0.018803333761388843,0.5805480705413749,0.7192182913823782,0.13867022084100333,0.2598327361726647,0.44449167863993105,0.18465894246726633,1.0350086659035536,0.8751518263368864,-0.15985683956666719
lab_subject_14,exp_20260729T141534Z_a0790737,lab_subject_14__no_ad_early,matched_no_ad_reply,no_ads,none,early,inline_early;block_early,yes,3,3,3,-1.9595996795906026,-1.5847005488651664,0.3748991307254361,4.766090370166454,3.9634314050986807,-0.8026589650677733,5.792658312180157,3.631375095176921,-2.161283217003236,4.077627692316122,4.003066422864312,-0.0745612694518103,8.991169917211593,7.732293723266791,-1.2588761939448023,1.960938084882006,1.6393300502069117,-0.32160803467509425,17.426747396127528,10.601279253404366,-6.825468142723162,7.069780758764555,5.596636992446173,-1.4731437663183815,0.7360840857963189,0.4359112858489659,-0.300172799947353,0.05507678198439688,0.08753297956254563,0.03245619757814875,0.0389078430539456,0.09717855556168699,0.058270712507741386,0.10552847944514519,0.24076570950072335,0.13523723005557814,0.06895317261964672,0.13648028756060016,0.06752711494095344,1.179955834837239,1.2886009861712848,0.10864515133404584,1.6929851378203589,1.7031672721950888,0.010182134374729923,1.8194107982817238,1.2123722240721844,-0.6070385742095394
lab_subject_14,exp_20260729T141534Z_a0790737,lab_subject_14__no_ad_late,matched_no_ad_reply,no_ads,none,late,inline_late;block_late,yes,3,3,3,-2.43153328613044,-1.4518846037505473,0.9796486823798929,4.350425475207241,3.264697741004076,-1.0857277342031653,6.754139081642837,4.327723483026706,-2.4264155986161304,5.955160488403118,3.4129024525329212,-2.542258035870197,7.142569782931317,7.4264196781564396,0.2838498952251225,1.570840161023515,1.8057707045515947,0.23493054352807974,21.214835220544334,11.468873633483913,-9.745961587060421,5.0422849381884385,5.36469876414412,0.3224138259556817,0.7481228300155071,0.4865897126342757,-0.26153311738123136,0.057016133724640795,0.08380538193010674,0.026789248205465944,0.0262053157354449,0.06700920306906218,0.04080388733361728,0.09403463277530609,0.21136618902884777,0.11733155625354168,0.05916640470019004,0.1314811293165459,0.07231472461635587,0.9529622856543603,1.2392267222063509,0.28626443655199063,1.07929698146859,1.7394039451812415,0.6601069637126515,1.2514475452416833,1.5419955788391795,0.29054803359749615
lab_subject_15,exp_20260730T074927Z_347e077f,lab_subject_15__no_ad_early,matched_no_ad_reply,no_ads,none,early,inline_early;block_early,yes,3,3,3,3.009947074278569,2.5398896241514777,-0.4700574501270913,2.1440159077465495,2.5530182785376554,0.4090023707911059,4.346229556362569,3.386201915467576,-0.9600276408949924,1.0371250195520074,1.0531596827141663,0.016034663162158846,3.403210212264635,2.9940392506389903,-0.4091709616256445,0.9999024218165005,1.1388230733527003,0.1389206515361998,18.028630327692547,16.200901977321426,-1.827728350371121,-0.3706107594045999,-0.574292503753645,-0.20368174434904512,0.8994819022619823,0.8360416998856709,-0.06344020237631143,0.038525860926372495,0.05451132250196472,0.015985461575592226,0.017982161710062138,0.03396734426445663,0.01598518255439449,0.03080747288673764,0.04852598924796396,0.01771851636122632,0.013003741301201813,0.02695364409994357,0.013949902798741757,0.4964768000193013,0.5766658354090769,0.08018903538977562,0.5509830426522276,0.5281930820483156,-0.02278996060391203,0.9781661317532973,1.042024381164674,0.06385824941137686
lab_subject_15,exp_20260730T074927Z_347e077f,lab_subject_15__no_ad_late,matched_no_ad_reply,no_ads,none,late,inline_late;block_late,yes,3,3,3,3.399091050705338,3.359995202239188,-0.039095848466149885,1.8527509352504854,2.5758873432678433,0.7231364080173579,4.769655840638257,4.421721252558952,-0.3479345880793048,1.3453066485546512,2.447642780025431,1.1023361314707798,3.8514349158802412,3.2230340792282526,-0.6284008366519886,0.9660336735246418,0.7311784941532409,-0.23485517937140088,15.829254603365431,15.09556944108973,-0.7336851622757017,-0.02384987590183779,-1.3669380348667006,-1.3430881589648629,0.7334779178870844,0.8166573018055858,0.08317938391850144,0.06984489772231889,0.06965098272368586,-0.00019391499863302686,0.02966082907694259,0.039054517203140855,0.009393688126198264,0.08670232465227103,0.048428153775482666,-0.03827417087678836,0.027348023075437138,0.01443310962841143,-0.012914913447025708,0.5686452312087215,0.45257765707048414,-0.11606757413823732,0.5935775463759684,0.5276169280537246,-0.06596061832224376,0.9106509922106555,0.7531517519156758,-0.15749924029497964
lab_subject_16,exp_20260730T110035Z_a5786cb8,lab_subject_16__no_ad_early,matched_no_ad_reply,no_ads,none,early,inline_early;block_early,yes,3,3,3,5.119993915598428,4.941240127649817,-0.17875378794861163,6.276526402060243,6.166085026973873,-0.11044137508637064,7.718668422000331,5.94741040481283,-1.7712580171875008,4.690596927482006,4.9207513301028385,0.23015440262083242,9.983787163487582,9.837121516979883,-0.14666564650769942,1.5693198274678082,1.61692776984734,0.04760794237953192,18.860218938601044,15.28415573555473,-3.5760632030463135,6.706530190671323,8.221331028101641,1.5148008374303181,0.7731497988818642,0.5915654687675143,-0.18158433011434993,0.0585682482413757,0.06891730436306828,0.010349056121692582,0.02842340460694799,0.05309000685437824,0.024666602247430246,0.08591610181948447,0.16877160997045212,0.08285550815096765,0.04708632245936592,0.10268084870636246,0.05559452624699654,1.1246365456675225,1.368508087053564,0.2438715413860415,0.7536714231941887,1.0235683378793916,0.26989691468520294,2.623016297447029,1.963349519306414,-0.6596667781406149
lab_subject_16,exp_20260730T110035Z_a5786cb8,lab_subject_16__no_ad_late,matched_no_ad_reply,no_ads,none,late,inline_late;block_late,yes,3,3,3,3.0476527476043183,2.866904489350517,-0.18074825825380136,5.4527495713538805,6.014343878063051,0.5615943067091704,4.364062356615882,4.918916648277078,0.5548542916611954,4.220717610767639,3.6886634605506172,-0.5320541502170215,10.278440288289222,9.761188185836332,-0.5172521024528898,0.9263056601475448,0.8634955272807474,-0.06281013286679737,15.181325320035805,12.674872427892044,-2.506452892143761,7.1493051920573265,6.4983889590133606,-0.650916233043966,0.5408175990745844,0.4932419042779184,-0.04757569479666596,0.04355203206937824,0.06032099557026139,0.016768963500883152,0.0489583071692432,0.06229297450628852,0.013334667337045317,0.19715726117927457,0.24281003049992342,0.04565276932064885,0.10186521249201295,0.11896292090115863,0.01709770840914568,1.8594253112119314,1.674723514861204,-0.18470179635072737,1.831328061468278,2.038796739584128,0.20746867811585012,2.4913274159540357,2.187791987318942,-0.30353542863509375
lab_subject_17,exp_20260730T143127Z_9fcb5eb7,lab_subject_17__no_ad_early,matched_no_ad_reply,no_ads,none,early,inline_early;block_early,yes,3,3,3,7.032447670998872,7.26599984707693,0.23355217607805834,6.108051533715361,5.326423761884475,-0.7816277718308866,6.945100316073799,5.619296929034247,-1.325803387039552,5.315461994500281,4.4950167281684426,-0.8204452663318387,8.507974861384728,7.505369336095461,-1.0026055252892672,-0.04434295766558094,0.27583443453197987,0.3201773921975608,12.677744182319055,12.672809598975627,-0.0049345833434273345,5.176936390215068,3.934483041921264,-1.2424533482938038,0.4893100932005472,0.542186120876115,0.05287602767556776,0.14807558608374508,0.12321743552114717,-0.024858150562597908,0.08981646445356324,0.08248388518347338,-0.007332579270089859,0.1873299607516403,0.18611225414970092,-0.0012177066019393723,0.11119809918474999,0.08236217869409661,-0.02883592049065338,0.923132936653755,0.8068574007516167,-0.11627553590213824,1.0484627128408721,1.2310166608314626,0.18255394799059044,0.5721618067738056,0.6789253636487291,0.10676355687492356
lab_subject_17,exp_20260730T143127Z_9fcb5eb7,lab_subject_17__no_ad_late,matched_no_ad_reply,no_ads,none,late,inline_late;block_late,yes,3,3,3,6.8969583357573905,8.29194773929078,1.3949894035333896,6.676385096003752,4.802149535541971,-1.8742355604617815,6.106446714351787,8.506779718055467,2.4003330037036807,4.854470660824185,4.751379164559567,-0.10309149626461789,7.730189658516337,7.989455483833683,0.2592658253173461,0.9925069892184695,0.6731460164972383,-0.3193609727212312,12.74522608083913,17.171281124214637,4.4260550433755075,4.210167043289042,4.790551779819248,0.5803847365302062,0.5369425743169831,0.7256271457070783,0.1886845713900952,0.11933796862042373,0.09868778026045434,-0.020650188359969388,0.08304873132256967,0.0415645731976663,-0.041484158124903366,0.17896144381536674,0.09217932645050876,-0.08678211736485798,0.0768830341703825,0.04194117438429234,-0.034941859786090164,0.8129585544542531,0.6572390707014661,-0.155719483752787,0.9588425177557363,0.6961163284846082,-0.262726189271128,0.5541042675686255,0.6613493804102006,0.10724511284157512
lab_subject_18,exp_20260731T134108Z_a4a5b76b,lab_subject_18__no_ad_early,matched_no_ad_reply,no_ads,none,early,inline_early;block_early,yes,3,3,3,6.261522121792133,8.447723315251196,2.1862011934590626,4.7764629769919305,4.064241084462239,-0.7122218925296915,6.645436596412057,6.108437163178976,-0.5369994332330812,3.907431962334182,2.5138303936731354,-1.3936015686610466,9.852577827565973,7.424831500604542,-2.4277463269614312,0.8339342612477765,0.5413522724604434,-0.2925819887873331,12.392099146430478,10.703213412203796,-1.688885734226682,7.874068078251748,4.434856395189249,-3.4392116830624984,0.4252308181675751,0.44378518863668026,0.018554370469105186,0.1019091585300809,0.15402986329739776,0.05212070476731687,0.066125814699189,0.06590206733072283,-0.0002237473684661706,0.2369586681306358,0.21786784209982982,-0.019090826030805974,0.16452244326489432,0.10944492333137616,-0.05507751993351816,1.3674263181141912,1.03846103188304,-0.3289652862311512,2.2594096130489216,1.2893167499248643,-0.9700928631240573,2.6865841176671847,1.8105373935400029,-0.8760467241271819
lab_subject_18,exp_20260731T134108Z_a4a5b76b,lab_subject_18__no_ad_late,matched_no_ad_reply,no_ads,none,late,inline_late;block_late,yes,3,3,3,9.25351981955034,8.23415651978037,-1.019363299769969,6.205417620043447,5.387867937462486,-0.8175496825809612,6.744064355226102,6.0468709184686045,-0.6971934367574972,5.274286766192243,3.540078552176502,-1.7342082140157409,6.875933454770241,6.555078970824722,-0.32085448394551896,0.44893409952090835,-0.14537595957363791,-0.5943100590945463,13.605690397612689,10.801047895670354,-2.804642501942334,3.53334394904116,2.5361261485597684,-0.9972178004813914,0.6015954215395314,0.44762055445710963,-0.15397486708242175,0.12392014649029234,0.1638055060871119,0.03988535959681955,0.0862943451312723,0.09085020364193071,0.004555858510658414,0.12774056364047268,0.19704830263969464,0.06930773899922196,0.06044952319843131,0.072988429479097,0.012538906280665695,0.5998279856107341,0.6974322832617673,0.09760429765103318,0.424952808971797,0.6934472592782723,0.26849445030647534,0.7014970478066933,1.0419609217478465,0.3404638739411532
lab_subject_19,exp_20260731T171043Z_61871403,lab_subject_19__no_ad_early,matched_no_ad_reply,no_ads,none,early,inline_early;block_early,yes,3,3,3,7.86695544375733,7.194101754147546,-0.6728536896097843,5.891231018446299,5.622178499749598,-0.269052518696701,8.715375899185728,8.728237128945,0.012861229759272064,5.282673339190072,6.428004376245192,1.1453310370551195,8.044895691547802,7.1750976347436,-0.8697980568042025,0.3404819789330631,0.44426117616088234,0.10377919722781925,15.690908484593912,21.427387501451477,5.736479016857565,1.0799554268771367,1.0655728043892352,-0.014382622487901564,0.6760790019068956,0.8679870148904686,0.19190801298357296,0.11385452105737368,0.04750881503676333,-0.06634570602061035,0.06154232976563274,0.029278156730390466,-0.032264173035242275,0.10333794676657147,0.04000381703199857,-0.0633341297345729,0.02338310295127455,0.008137814124756042,-0.015245288826518509,0.5240262364061381,0.457317871374221,-0.06670836503191713,0.5550081268719391,0.4625002172487019,-0.09250790962323724,1.2368552658374776,1.0911575995627485,-0.14569766627472913
lab_subject_19,exp_20260731T171043Z_61871403,lab_subject_19__no_ad_late,matched_no_ad_reply,no_ads,none,late,inline_late;block_late,yes,3,3,3,7.478816613292494,7.176312964800705,-0.3025036484917889,5.474331869086741,5.422572296830728,-0.05175957225601291,11.349777443031117,7.98666345046474,-3.363113992566377,5.834068915122628,5.223676800315262,-0.6103921148073654,7.192415899546757,6.911750396403226,-0.28066550314353034,0.6389001121066897,0.6519852684952987,0.013085156388608965,22.395383144923038,17.815990947439957,-4.579392197483081,0.9317980098058504,0.527058504348382,-0.4047395054574684,0.8868164412922126,0.7999971791910798,-0.08681926210113278,0.06372747515352441,0.08130523870852553,0.017577763555001125,0.016361904489180158,0.04404098675585162,0.027679082266671463,0.026763136656115856,0.05782097510637037,0.03105783845025451,0.006331042408966946,0.01493465557685637,0.008603613167889424,0.3341658628835907,0.5220674045293199,0.1879015416457292,0.46590544820447033,0.3607355144466103,-0.10516993375786005,1.2392047043424932,0.8261724814402241,-0.41303222290226904
