subject_id,contrast_id,feature,feature_tier,difference
lab_subject_1,inline_early_vs_no_ad_early,fz_theta_power_db_uv2,primary,5.186288038907754
lab_subject_10,inline_early_vs_no_ad_early,fz_theta_power_db_uv2,primary,-1.614609344637251
lab_subject_11,inline_early_vs_no_ad_early,fz_theta_power_db_uv2,primary,1.2490291066223023
lab_subject_12,inline_early_vs_no_ad_early,fz_theta_power_db_uv2,primary,0.6782847397619243
lab_subject_13,inline_early_vs_no_ad_early,fz_theta_power_db_uv2,primary,2.8157261761951125
lab_subject_14,inline_early_vs_no_ad_early,fz_theta_power_db_uv2,primary,-3.3300249139530758
lab_subject_15,inline_early_vs_no_ad_early,fz_theta_power_db_uv2,primary,-0.3919295378574561
lab_subject_16,inline_early_vs_no_ad_early,fz_theta_power_db_uv2,primary,-1.8436717393885034
lab_subject_17,inline_early_vs_no_ad_early,fz_theta_power_db_uv2,primary,1.1253641470351257
lab_subject_18,inline_early_vs_no_ad_early,fz_theta_power_db_uv2,primary,-3.515188381434715
lab_subject_19,inline_early_vs_no_ad_early,fz_theta_power_db_uv2,primary,-1.6352655491872259
lab_subject_2,inline_early_vs_no_ad_early,fz_theta_power_db_uv2,primary,0.2616026922838586
lab_subject_3,inline_early_vs_no_ad_early,fz_theta_power_db_uv2,primary,2.2341040711422195
lab_subject_5,inline_early_vs_no_ad_early,fz_theta_power_db_uv2,primary,0.6622715441246165
lab_subject_6,inline_early_vs_no_ad_early,fz_theta_power_db_uv2,primary,-1.436360376810054
lab_subject_7,inline_early_vs_no_ad_early,fz_theta_power_db_uv2,primary,1.9546122222606694
lab_subject_8,inline_early_vs_no_ad_early,fz_theta_power_db_uv2,primary,-2.589506902144704
lab_subject_9,inline_early_vs_no_ad_early,fz_theta_power_db_uv2,primary,0.010528064829273376
lab_subject_1,block_early_vs_no_ad_early,fz_theta_power_db_uv2,primary,6.092604934497983
lab_subject_10,block_early_vs_no_ad_early,fz_theta_power_db_uv2,primary,-0.253626411518745
lab_subject_11,block_early_vs_no_ad_early,fz_theta_power_db_uv2,primary,0.6308658098373012
lab_subject_12,block_early_vs_no_ad_early,fz_theta_power_db_uv2,primary,1.7832078414984078
lab_subject_13,block_early_vs_no_ad_early,fz_theta_power_db_uv2,primary,0.9646022769047313
lab_subject_14,block_early_vs_no_ad_early,fz_theta_power_db_uv2,primary,-0.6867885783302417
lab_subject_15,block_early_vs_no_ad_early,fz_theta_power_db_uv2,primary,0.008793660521854374
lab_subject_16,block_early_vs_no_ad_early,fz_theta_power_db_uv2,primary,0.022961329036251144
lab_subject_17,block_early_vs_no_ad_early,fz_theta_power_db_uv2,primary,-1.451421992359709
lab_subject_18,block_early_vs_no_ad_early,fz_theta_power_db_uv2,primary,-2.9029358237044374
lab_subject_19,block_early_vs_no_ad_early,fz_theta_power_db_uv2,primary,-2.0062042968212612
lab_subject_2,block_early_vs_no_ad_early,fz_theta_power_db_uv2,primary,0.1787189784878036
lab_subject_3,block_early_vs_no_ad_early,fz_theta_power_db_uv2,primary,1.7202012364801051
lab_subject_5,block_early_vs_no_ad_early,fz_theta_power_db_uv2,primary,-0.5337419490055351
lab_subject_6,block_early_vs_no_ad_early,fz_theta_power_db_uv2,primary,-2.816688775696221
lab_subject_7,block_early_vs_no_ad_early,fz_theta_power_db_uv2,primary,0.09701855775304624
lab_subject_8,block_early_vs_no_ad_early,fz_theta_power_db_uv2,primary,3.2344565749350433
lab_subject_9,block_early_vs_no_ad_early,fz_theta_power_db_uv2,primary,0.28215190586484074
lab_subject_1,inline_late_vs_no_ad_late,fz_theta_power_db_uv2,primary,2.5416499066187814
lab_subject_10,inline_late_vs_no_ad_late,fz_theta_power_db_uv2,primary,-0.6822147346356422
lab_subject_11,inline_late_vs_no_ad_late,fz_theta_power_db_uv2,primary,-1.835791687116581
lab_subject_12,inline_late_vs_no_ad_late,fz_theta_power_db_uv2,primary,-1.3407060437413048
lab_subject_13,inline_late_vs_no_ad_late,fz_theta_power_db_uv2,primary,-1.5702577462723903
lab_subject_14,inline_late_vs_no_ad_late,fz_theta_power_db_uv2,primary,-1.698031407448304
lab_subject_15,inline_late_vs_no_ad_late,fz_theta_power_db_uv2,primary,-1.3763962563108358
lab_subject_16,inline_late_vs_no_ad_late,fz_theta_power_db_uv2,primary,0.5023130288108475
lab_subject_17,inline_late_vs_no_ad_late,fz_theta_power_db_uv2,primary,-1.7009776457480301
lab_subject_18,inline_late_vs_no_ad_late,fz_theta_power_db_uv2,primary,2.318796291806028
lab_subject_19,inline_late_vs_no_ad_late,fz_theta_power_db_uv2,primary,-1.7052943662060827
lab_subject_2,inline_late_vs_no_ad_late,fz_theta_power_db_uv2,primary,-0.021225803110536567
lab_subject_3,inline_late_vs_no_ad_late,fz_theta_power_db_uv2,primary,-0.6692460968118734
lab_subject_5,inline_late_vs_no_ad_late,fz_theta_power_db_uv2,primary,-2.5035116678156513
lab_subject_6,inline_late_vs_no_ad_late,fz_theta_power_db_uv2,primary,1.2656855350256189
lab_subject_7,inline_late_vs_no_ad_late,fz_theta_power_db_uv2,primary,-0.5317116775875317
lab_subject_8,inline_late_vs_no_ad_late,fz_theta_power_db_uv2,primary,-0.6686225679383444
lab_subject_9,inline_late_vs_no_ad_late,fz_theta_power_db_uv2,primary,-4.82646545070763
lab_subject_1,block_late_vs_no_ad_late,fz_theta_power_db_uv2,primary,1.8398616679253808
lab_subject_10,block_late_vs_no_ad_late,fz_theta_power_db_uv2,primary,-3.6386493593129474
lab_subject_11,block_late_vs_no_ad_late,fz_theta_power_db_uv2,primary,0.6523695502055009
lab_subject_12,block_late_vs_no_ad_late,fz_theta_power_db_uv2,primary,3.3669335292672375
lab_subject_13,block_late_vs_no_ad_late,fz_theta_power_db_uv2,primary,-3.5159566262606585
lab_subject_14,block_late_vs_no_ad_late,fz_theta_power_db_uv2,primary,-2.5816351502016683
lab_subject_15,block_late_vs_no_ad_late,fz_theta_power_db_uv2,primary,-0.9598350101359927
lab_subject_16,block_late_vs_no_ad_late,fz_theta_power_db_uv2,primary,0.4882987085870787
lab_subject_17,block_late_vs_no_ad_late,fz_theta_power_db_uv2,primary,-0.7815562728474701
lab_subject_18,block_late_vs_no_ad_late,fz_theta_power_db_uv2,primary,2.4459760426653894
lab_subject_19,block_late_vs_no_ad_late,fz_theta_power_db_uv2,primary,0.0756656745169142
lab_subject_2,block_late_vs_no_ad_late,fz_theta_power_db_uv2,primary,2.45863536670159
lab_subject_3,block_late_vs_no_ad_late,fz_theta_power_db_uv2,primary,-0.9422295637154621
lab_subject_5,block_late_vs_no_ad_late,fz_theta_power_db_uv2,primary,-0.8420566238492304
lab_subject_6,block_late_vs_no_ad_late,fz_theta_power_db_uv2,primary,0.5535714237039127
lab_subject_7,block_late_vs_no_ad_late,fz_theta_power_db_uv2,primary,-2.3261111141606863
lab_subject_8,block_late_vs_no_ad_late,fz_theta_power_db_uv2,primary,-1.2953123280922743
lab_subject_9,block_late_vs_no_ad_late,fz_theta_power_db_uv2,primary,-2.7879600764794263
lab_subject_1,any_ad_vs_matched_no_ad,fz_theta_power_db_uv2,primary,3.9151011369874746
lab_subject_10,any_ad_vs_matched_no_ad,fz_theta_power_db_uv2,primary,-1.5472749625261464
lab_subject_11,any_ad_vs_matched_no_ad,fz_theta_power_db_uv2,primary,0.17411819488713087
lab_subject_12,any_ad_vs_matched_no_ad,fz_theta_power_db_uv2,primary,1.1219300166965662
lab_subject_13,any_ad_vs_matched_no_ad,fz_theta_power_db_uv2,primary,-0.3264714798583013
lab_subject_14,any_ad_vs_matched_no_ad,fz_theta_power_db_uv2,primary,-2.0741200124833226
lab_subject_15,any_ad_vs_matched_no_ad,fz_theta_power_db_uv2,primary,-0.6798417859456076
lab_subject_16,any_ad_vs_matched_no_ad,fz_theta_power_db_uv2,primary,-0.2075246682385815
lab_subject_17,any_ad_vs_matched_no_ad,fz_theta_power_db_uv2,primary,-0.7021479409800209
lab_subject_18,any_ad_vs_matched_no_ad,fz_theta_power_db_uv2,primary,-0.41333796766693376
lab_subject_19,any_ad_vs_matched_no_ad,fz_theta_power_db_uv2,primary,-1.317774634424414
lab_subject_2,any_ad_vs_matched_no_ad,fz_theta_power_db_uv2,primary,0.7194328085906789
lab_subject_3,any_ad_vs_matched_no_ad,fz_theta_power_db_uv2,primary,0.5857074117737473
lab_subject_5,any_ad_vs_matched_no_ad,fz_theta_power_db_uv2,primary,-0.80425967413645
lab_subject_6,any_ad_vs_matched_no_ad,fz_theta_power_db_uv2,primary,-0.6084480484441859
lab_subject_7,any_ad_vs_matched_no_ad,fz_theta_power_db_uv2,primary,-0.20154800293362563
lab_subject_8,any_ad_vs_matched_no_ad,fz_theta_power_db_uv2,primary,-0.3297463058100698
lab_subject_9,any_ad_vs_matched_no_ad,fz_theta_power_db_uv2,primary,-1.8304363891232356
lab_subject_1,inline_vs_block,fz_theta_power_db_uv2,primary,-0.10226432844841415
lab_subject_10,inline_vs_block,fz_theta_power_db_uv2,primary,0.7977258457793996
lab_subject_11,inline_vs_block,fz_theta_power_db_uv2,primary,-0.9349989702685404
lab_subject_12,inline_vs_block,fz_theta_power_db_uv2,primary,-2.906281337372513
lab_subject_13,inline_vs_block,fz_theta_power_db_uv2,primary,1.8984113896393247
lab_subject_14,inline_vs_block,fz_theta_power_db_uv2,primary,-0.8798162964347351
lab_subject_15,inline_vs_block,fz_theta_power_db_uv2,primary,-0.4086422222770768
lab_subject_16,inline_vs_block,fz_theta_power_db_uv2,primary,-0.9263093741004929
lab_subject_17,inline_vs_block,fz_theta_power_db_uv2,primary,0.8286823832471373
lab_subject_18,inline_vs_block,fz_theta_power_db_uv2,primary,-0.3697161542948195
lab_subject_19,inline_vs_block,fz_theta_power_db_uv2,primary,-0.7050106465444808
lab_subject_2,inline_vs_block,fz_theta_power_db_uv2,primary,-1.1984887280080359
lab_subject_3,inline_vs_block,fz_theta_power_db_uv2,primary,0.3934431507828515
lab_subject_5,inline_vs_block,fz_theta_power_db_uv2,primary,-0.23272077541813463
lab_subject_6,inline_vs_block,fz_theta_power_db_uv2,primary,1.0462212551039367
lab_subject_7,inline_vs_block,fz_theta_power_db_uv2,primary,1.825996550540389
lab_subject_8,inline_vs_block,fz_theta_power_db_uv2,primary,-2.5986368584629087
lab_subject_9,inline_vs_block,fz_theta_power_db_uv2,primary,-1.1550646076318856
lab_subject_1,early_vs_late,fz_theta_power_db_uv2,primary,-1.1587662867881994
lab_subject_10,early_vs_late,fz_theta_power_db_uv2,primary,1.503705338568928
lab_subject_11,early_vs_late,fz_theta_power_db_uv2,primary,0.45873422675672515
lab_subject_12,early_vs_late,fz_theta_power_db_uv2,primary,0.4425502576964453
lab_subject_13,early_vs_late,fz_theta_power_db_uv2,primary,1.9165711573446993
lab_subject_14,early_vs_late,fz_theta_power_db_uv2,primary,-0.4733230189711295
lab_subject_15,early_vs_late,fz_theta_power_db_uv2,primary,0.5455860928946721
lab_subject_16,early_vs_late,fz_theta_power_db_uv2,primary,-1.4036666035698995
lab_subject_17,early_vs_late,fz_theta_power_db_uv2,primary,-0.08319919081987281
lab_subject_18,early_vs_late,fz_theta_power_db_uv2,primary,-2.3858837765762533
lab_subject_19,early_vs_late,fz_theta_power_db_uv2,primary,-1.3762706182776547
lab_subject_2,early_vs_late,fz_theta_power_db_uv2,primary,-2.236207281102112
lab_subject_3,early_vs_late,fz_theta_power_db_uv2,primary,-1.0642223346892168
lab_subject_5,early_vs_late,fz_theta_power_db_uv2,primary,-1.0147192794636837
lab_subject_6,early_vs_late,fz_theta_power_db_uv2,primary,-2.5698826216565185
lab_subject_7,early_vs_late,fz_theta_power_db_uv2,primary,2.356016831457074
lab_subject_8,early_vs_late,fz_theta_power_db_uv2,primary,2.519797137493171
lab_subject_9,early_vs_late,fz_theta_power_db_uv2,primary,2.5534036940923235
lab_subject_1,format_x_timing,fz_theta_power_db_uv2,primary,-1.6081051342836297
lab_subject_10,format_x_timing,fz_theta_power_db_uv2,primary,-4.317417557795811
lab_subject_11,format_x_timing,fz_theta_power_db_uv2,primary,3.106324534107083
lab_subject_12,format_x_timing,fz_theta_power_db_uv2,primary,3.6027164712720587
lab_subject_13,format_x_timing,fz_theta_power_db_uv2,primary,-0.09457498069788706
lab_subject_14,format_x_timing,fz_theta_power_db_uv2,primary,-3.5268400783761984
lab_subject_15,format_x_timing,fz_theta_power_db_uv2,primary,0.01583804779553266
lab_subject_16,format_x_timing,fz_theta_power_db_uv2,primary,-1.8806473886485233
lab_subject_17,format_x_timing,fz_theta_power_db_uv2,primary,3.4962075122953946
lab_subject_18,format_x_timing,fz_theta_power_db_uv2,primary,-0.4850728068709165
lab_subject_19,format_x_timing,fz_theta_power_db_uv2,primary,2.151898788357032
lab_subject_2,format_x_timing,fz_theta_power_db_uv2,primary,2.5627448836081816
lab_subject_3,format_x_timing,fz_theta_power_db_uv2,primary,0.24091936775852574
lab_subject_5,format_x_timing,fz_theta_power_db_uv2,primary,2.8574685370965724
lab_subject_6,format_x_timing,fz_theta_power_db_uv2,primary,0.668214287564461
lab_subject_7,format_x_timing,fz_theta_power_db_uv2,primary,0.06319422793446838
lab_subject_8,format_x_timing,fz_theta_power_db_uv2,primary,-6.450653237233677
lab_subject_9,format_x_timing,fz_theta_power_db_uv2,primary,1.7668815331926364
lab_subject_1,inline_early_vs_no_ad_early,posterior_alpha_power_db_uv2,primary,2.0312441100474086
lab_subject_10,inline_early_vs_no_ad_early,posterior_alpha_power_db_uv2,primary,-4.1191250853685295
lab_subject_11,inline_early_vs_no_ad_early,posterior_alpha_power_db_uv2,primary,-1.3781961161075458
lab_subject_12,inline_early_vs_no_ad_early,posterior_alpha_power_db_uv2,primary,-1.0165182829536583
lab_subject_13,inline_early_vs_no_ad_early,posterior_alpha_power_db_uv2,primary,-0.15542421940471707
lab_subject_14,inline_early_vs_no_ad_early,posterior_alpha_power_db_uv2,primary,-0.01761214635238373
lab_subject_15,inline_early_vs_no_ad_early,posterior_alpha_power_db_uv2,primary,0.18950117356495566
lab_subject_16,inline_early_vs_no_ad_early,posterior_alpha_power_db_uv2,primary,-3.011430615466127
lab_subject_17,inline_early_vs_no_ad_early,posterior_alpha_power_db_uv2,primary,2.8036553462642617
lab_subject_18,inline_early_vs_no_ad_early,posterior_alpha_power_db_uv2,primary,2.594385624069969
lab_subject_19,inline_early_vs_no_ad_early,posterior_alpha_power_db_uv2,primary,2.4756704029650356
lab_subject_2,inline_early_vs_no_ad_early,posterior_alpha_power_db_uv2,primary,2.5898694299626683
lab_subject_3,inline_early_vs_no_ad_early,posterior_alpha_power_db_uv2,primary,1.3932575334838866
lab_subject_5,inline_early_vs_no_ad_early,posterior_alpha_power_db_uv2,primary,1.4010925563668568
lab_subject_6,inline_early_vs_no_ad_early,posterior_alpha_power_db_uv2,primary,1.9491834865413429
lab_subject_7,inline_early_vs_no_ad_early,posterior_alpha_power_db_uv2,primary,0.07585941003024166
lab_subject_8,inline_early_vs_no_ad_early,posterior_alpha_power_db_uv2,primary,1.2498140540302813
lab_subject_9,inline_early_vs_no_ad_early,posterior_alpha_power_db_uv2,primary,0.9044754166346198
lab_subject_1,block_early_vs_no_ad_early,posterior_alpha_power_db_uv2,primary,-0.6983913934528814
lab_subject_10,block_early_vs_no_ad_early,posterior_alpha_power_db_uv2,primary,-3.7219238744275964
lab_subject_11,block_early_vs_no_ad_early,posterior_alpha_power_db_uv2,primary,-0.9628860559836898
lab_subject_12,block_early_vs_no_ad_early,posterior_alpha_power_db_uv2,primary,-2.1976215101175036
lab_subject_13,block_early_vs_no_ad_early,posterior_alpha_power_db_uv2,primary,-1.8675550983421845
lab_subject_14,block_early_vs_no_ad_early,posterior_alpha_power_db_uv2,primary,1.311955746122364
lab_subject_15,block_early_vs_no_ad_early,posterior_alpha_power_db_uv2,primary,-1.4709513974457895
lab_subject_16,block_early_vs_no_ad_early,posterior_alpha_power_db_uv2,primary,1.3263019991227099
lab_subject_17,block_early_vs_no_ad_early,posterior_alpha_power_db_uv2,primary,-0.9312468847823547
lab_subject_18,block_early_vs_no_ad_early,posterior_alpha_power_db_uv2,primary,0.6575839858345445
lab_subject_19,block_early_vs_no_ad_early,posterior_alpha_power_db_uv2,primary,-0.39849383339587163
lab_subject_2,block_early_vs_no_ad_early,posterior_alpha_power_db_uv2,primary,5.201134268963227
lab_subject_3,block_early_vs_no_ad_early,posterior_alpha_power_db_uv2,primary,-0.39372438827255163
lab_subject_5,block_early_vs_no_ad_early,posterior_alpha_power_db_uv2,primary,0.450603955064393
lab_subject_6,block_early_vs_no_ad_early,posterior_alpha_power_db_uv2,primary,0.7531571049335515
lab_subject_7,block_early_vs_no_ad_early,posterior_alpha_power_db_uv2,primary,-0.30497453874407787
lab_subject_8,block_early_vs_no_ad_early,posterior_alpha_power_db_uv2,primary,1.5077921692269367
lab_subject_9,block_early_vs_no_ad_early,posterior_alpha_power_db_uv2,primary,1.4442194836266005
lab_subject_1,inline_late_vs_no_ad_late,posterior_alpha_power_db_uv2,primary,-1.289416854943708
lab_subject_10,inline_late_vs_no_ad_late,posterior_alpha_power_db_uv2,primary,-4.449769332260661
lab_subject_11,inline_late_vs_no_ad_late,posterior_alpha_power_db_uv2,primary,-2.8331292819619547
lab_subject_12,inline_late_vs_no_ad_late,posterior_alpha_power_db_uv2,primary,-1.8201733671522353
lab_subject_13,inline_late_vs_no_ad_late,posterior_alpha_power_db_uv2,primary,-1.2609916993542178
lab_subject_14,inline_late_vs_no_ad_late,posterior_alpha_power_db_uv2,primary,1.8812638067532719
lab_subject_15,inline_late_vs_no_ad_late,posterior_alpha_power_db_uv2,primary,0.3157729168698096
lab_subject_16,inline_late_vs_no_ad_late,posterior_alpha_power_db_uv2,primary,-1.610303787046834
lab_subject_17,inline_late_vs_no_ad_late,posterior_alpha_power_db_uv2,primary,-0.4600001997735741
lab_subject_18,inline_late_vs_no_ad_late,posterior_alpha_power_db_uv2,primary,2.002848288627013
lab_subject_19,inline_late_vs_no_ad_late,posterior_alpha_power_db_uv2,primary,-3.510753562560976
lab_subject_2,inline_late_vs_no_ad_late,posterior_alpha_power_db_uv2,primary,-1.7673330996566907
lab_subject_3,inline_late_vs_no_ad_late,posterior_alpha_power_db_uv2,primary,-1.074108541343187
lab_subject_5,inline_late_vs_no_ad_late,posterior_alpha_power_db_uv2,primary,-2.0644086545122136
lab_subject_6,inline_late_vs_no_ad_late,posterior_alpha_power_db_uv2,primary,-2.734138721163216
lab_subject_7,inline_late_vs_no_ad_late,posterior_alpha_power_db_uv2,primary,-0.2748795134066686
lab_subject_8,inline_late_vs_no_ad_late,posterior_alpha_power_db_uv2,primary,-5.582504800900496
lab_subject_9,inline_late_vs_no_ad_late,posterior_alpha_power_db_uv2,primary,-1.4152414279927017
lab_subject_1,block_late_vs_no_ad_late,posterior_alpha_power_db_uv2,primary,-2.0168204786697332
lab_subject_10,block_late_vs_no_ad_late,posterior_alpha_power_db_uv2,primary,-2.31222056574007
lab_subject_11,block_late_vs_no_ad_late,posterior_alpha_power_db_uv2,primary,-1.9514395832117888
lab_subject_12,block_late_vs_no_ad_late,posterior_alpha_power_db_uv2,primary,-1.1326399285485582
lab_subject_13,block_late_vs_no_ad_late,posterior_alpha_power_db_uv2,primary,-2.8512540377816458
lab_subject_14,block_late_vs_no_ad_late,posterior_alpha_power_db_uv2,primary,1.0027922510720626
lab_subject_15,block_late_vs_no_ad_late,posterior_alpha_power_db_uv2,primary,-0.6457282855929676
lab_subject_16,block_late_vs_no_ad_late,posterior_alpha_power_db_uv2,primary,0.9411483972496137
lab_subject_17,block_late_vs_no_ad_late,posterior_alpha_power_db_uv2,primary,0.7842863849165655
lab_subject_18,block_late_vs_no_ad_late,posterior_alpha_power_db_uv2,primary,0.893936189736741
lab_subject_19,block_late_vs_no_ad_late,posterior_alpha_power_db_uv2,primary,0.6314576238282488
lab_subject_2,block_late_vs_no_ad_late,posterior_alpha_power_db_uv2,primary,-1.9181852424370858
lab_subject_3,block_late_vs_no_ad_late,posterior_alpha_power_db_uv2,primary,-4.489673006511365
lab_subject_5,block_late_vs_no_ad_late,posterior_alpha_power_db_uv2,primary,-1.2712796608110146
lab_subject_6,block_late_vs_no_ad_late,posterior_alpha_power_db_uv2,primary,-2.326175578331852
lab_subject_7,block_late_vs_no_ad_late,posterior_alpha_power_db_uv2,primary,-1.2634778128915136
lab_subject_8,block_late_vs_no_ad_late,posterior_alpha_power_db_uv2,primary,-1.3598496084413556
lab_subject_9,block_late_vs_no_ad_late,posterior_alpha_power_db_uv2,primary,-1.8397512203158977
lab_subject_1,any_ad_vs_matched_no_ad,posterior_alpha_power_db_uv2,primary,-0.4933461542547284
lab_subject_10,any_ad_vs_matched_no_ad,posterior_alpha_power_db_uv2,primary,-3.6507597144492143
lab_subject_11,any_ad_vs_matched_no_ad,posterior_alpha_power_db_uv2,primary,-1.7814127593162448
lab_subject_12,any_ad_vs_matched_no_ad,posterior_alpha_power_db_uv2,primary,-1.5417382721929889
lab_subject_13,any_ad_vs_matched_no_ad,posterior_alpha_power_db_uv2,primary,-1.5338062637206913
lab_subject_14,any_ad_vs_matched_no_ad,posterior_alpha_power_db_uv2,primary,1.0445999143988287
lab_subject_15,any_ad_vs_matched_no_ad,posterior_alpha_power_db_uv2,primary,-0.40285139815099796
lab_subject_16,any_ad_vs_matched_no_ad,posterior_alpha_power_db_uv2,primary,-0.5885710015351593
lab_subject_17,any_ad_vs_matched_no_ad,posterior_alpha_power_db_uv2,primary,0.5491736616562246
lab_subject_18,any_ad_vs_matched_no_ad,posterior_alpha_power_db_uv2,primary,1.537188522067067
lab_subject_19,any_ad_vs_matched_no_ad,posterior_alpha_power_db_uv2,primary,-0.20052984229089077
lab_subject_2,any_ad_vs_matched_no_ad,posterior_alpha_power_db_uv2,primary,1.0263713392080298
lab_subject_3,any_ad_vs_matched_no_ad,posterior_alpha_power_db_uv2,primary,-1.1410621006608042
lab_subject_5,any_ad_vs_matched_no_ad,posterior_alpha_power_db_uv2,primary,-0.3709979509729946
lab_subject_6,any_ad_vs_matched_no_ad,posterior_alpha_power_db_uv2,primary,-0.5894934270050434
lab_subject_7,any_ad_vs_matched_no_ad,posterior_alpha_power_db_uv2,primary,-0.4418681137530046
lab_subject_8,any_ad_vs_matched_no_ad,posterior_alpha_power_db_uv2,primary,-1.0461870465211585
lab_subject_9,any_ad_vs_matched_no_ad,posterior_alpha_power_db_uv2,primary,-0.22657443701184476
lab_subject_1,inline_vs_block,posterior_alpha_power_db_uv2,primary,1.7285195636131578
lab_subject_10,inline_vs_block,posterior_alpha_power_db_uv2,primary,-1.267374988730762
lab_subject_11,inline_vs_block,posterior_alpha_power_db_uv2,primary,-0.6484998794370109
lab_subject_12,inline_vs_block,posterior_alpha_power_db_uv2,primary,0.2467848942800841
lab_subject_13,inline_vs_block,posterior_alpha_power_db_uv2,primary,1.6511966086824477
lab_subject_14,inline_vs_block,posterior_alpha_power_db_uv2,primary,-0.22554816839676928
lab_subject_15,inline_vs_block,posterior_alpha_power_db_uv2,primary,1.310976886736761
lab_subject_16,inline_vs_block,posterior_alpha_power_db_uv2,primary,-3.444592399442642
lab_subject_17,inline_vs_block,posterior_alpha_power_db_uv2,primary,1.2453078231782384
lab_subject_18,inline_vs_block,posterior_alpha_power_db_uv2,primary,1.5228568685628483
lab_subject_19,inline_vs_block,posterior_alpha_power_db_uv2,primary,-0.6340234750141587
lab_subject_2,inline_vs_block,posterior_alpha_power_db_uv2,primary,-1.230206348110082
lab_subject_3,inline_vs_block,posterior_alpha_power_db_uv2,primary,2.601273193462308
lab_subject_5,inline_vs_block,posterior_alpha_power_db_uv2,primary,0.07867980380063244
lab_subject_6,inline_vs_block,posterior_alpha_power_db_uv2,primary,0.3940316193882136
lab_subject_7,inline_vs_block,posterior_alpha_power_db_uv2,primary,0.6847161241295823
lab_subject_8,inline_vs_block,posterior_alpha_power_db_uv2,primary,-2.240316653827898
lab_subject_9,inline_vs_block,posterior_alpha_power_db_uv2,primary,-0.05761713733439233
lab_subject_1,early_vs_late,posterior_alpha_power_db_uv2,primary,1.089777377746899
lab_subject_10,early_vs_late,posterior_alpha_power_db_uv2,primary,0.2273231348857654
lab_subject_11,early_vs_late,posterior_alpha_power_db_uv2,primary,1.4758445656612857
lab_subject_12,early_vs_late,posterior_alpha_power_db_uv2,primary,0.8418571076122245
lab_subject_13,early_vs_late,posterior_alpha_power_db_uv2,primary,0.19295818686850152
lab_subject_14,early_vs_late,posterior_alpha_power_db_uv2,primary,-0.5117874598922851
lab_subject_15,early_vs_late,posterior_alpha_power_db_uv2,primary,-0.7898814648050899
lab_subject_16,early_vs_late,posterior_alpha_power_db_uv2,primary,-1.1800222950686394
lab_subject_17,early_vs_late,posterior_alpha_power_db_uv2,primary,1.8666689268003527
lab_subject_18,early_vs_late,posterior_alpha_power_db_uv2,primary,0.2829203558216493
lab_subject_19,early_vs_late,posterior_alpha_power_db_uv2,primary,2.2609433077102574
lab_subject_2,early_vs_late,posterior_alpha_power_db_uv2,primary,2.754147286120574
lab_subject_3,early_vs_late,posterior_alpha_power_db_uv2,primary,-0.51005489200123
lab_subject_5,early_vs_late,posterior_alpha_power_db_uv2,primary,-0.9871405437441161
lab_subject_6,early_vs_late,posterior_alpha_power_db_uv2,primary,0.6358457111672671
lab_subject_7,early_vs_late,posterior_alpha_power_db_uv2,primary,-0.08507131078879415
lab_subject_8,early_vs_late,posterior_alpha_power_db_uv2,primary,2.4722962250254406
lab_subject_9,early_vs_late,posterior_alpha_power_db_uv2,primary,1.653585246335897
lab_subject_1,format_x_timing,posterior_alpha_power_db_uv2,primary,2.0022318797742646
lab_subject_10,format_x_timing,posterior_alpha_power_db_uv2,primary,1.7403475555796577
lab_subject_11,format_x_timing,posterior_alpha_power_db_uv2,primary,0.46637963862630993
lab_subject_12,format_x_timing,posterior_alpha_power_db_uv2,primary,1.8686366657675224
lab_subject_13,format_x_timing,posterior_alpha_power_db_uv2,primary,0.12186854051003948
lab_subject_14,format_x_timing,posterior_alpha_power_db_uv2,primary,-2.208039448155957
lab_subject_15,format_x_timing,posterior_alpha_power_db_uv2,primary,0.698951368547968
lab_subject_16,format_x_timing,posterior_alpha_power_db_uv2,primary,-1.786280430292389
lab_subject_17,format_x_timing,posterior_alpha_power_db_uv2,primary,4.979188815736755
lab_subject_18,format_x_timing,posterior_alpha_power_db_uv2,primary,0.8278895393451524
lab_subject_19,format_x_timing,posterior_alpha_power_db_uv2,primary,7.016375422750132
lab_subject_2,format_x_timing,posterior_alpha_power_db_uv2,primary,-2.762116981780954
lab_subject_3,format_x_timing,posterior_alpha_power_db_uv2,primary,-1.6285825434117394
lab_subject_5,format_x_timing,posterior_alpha_power_db_uv2,primary,1.7436175950036628
lab_subject_6,format_x_timing,posterior_alpha_power_db_uv2,primary,1.6039895244391555
lab_subject_7,format_x_timing,posterior_alpha_power_db_uv2,primary,-0.6077643507105255
lab_subject_8,format_x_timing,posterior_alpha_power_db_uv2,primary,3.9646770772624853
lab_subject_9,format_x_timing,posterior_alpha_power_db_uv2,primary,-0.9642538593151766
lab_subject_1,inline_early_vs_no_ad_early,theta_power_db_uv2,secondary_global,4.8662990786668425
lab_subject_10,inline_early_vs_no_ad_early,theta_power_db_uv2,secondary_global,-1.2350903467468957
lab_subject_11,inline_early_vs_no_ad_early,theta_power_db_uv2,secondary_global,1.0875610690305164
lab_subject_12,inline_early_vs_no_ad_early,theta_power_db_uv2,secondary_global,0.1683420661723396
lab_subject_13,inline_early_vs_no_ad_early,theta_power_db_uv2,secondary_global,-1.056245523639844
lab_subject_14,inline_early_vs_no_ad_early,theta_power_db_uv2,secondary_global,-0.38652699335676655
lab_subject_15,inline_early_vs_no_ad_early,theta_power_db_uv2,secondary_global,1.388503118375314
lab_subject_16,inline_early_vs_no_ad_early,theta_power_db_uv2,secondary_global,-0.965093549933036
lab_subject_17,inline_early_vs_no_ad_early,theta_power_db_uv2,secondary_global,1.6898473959695464
lab_subject_18,inline_early_vs_no_ad_early,theta_power_db_uv2,secondary_global,0.4252190097519124
lab_subject_19,inline_early_vs_no_ad_early,theta_power_db_uv2,secondary_global,-0.8752198872659829
lab_subject_2,inline_early_vs_no_ad_early,theta_power_db_uv2,secondary_global,-0.24872225770753698
lab_subject_3,inline_early_vs_no_ad_early,theta_power_db_uv2,secondary_global,2.2521193275282907
lab_subject_5,inline_early_vs_no_ad_early,theta_power_db_uv2,secondary_global,-0.7556789238925923
lab_subject_6,inline_early_vs_no_ad_early,theta_power_db_uv2,secondary_global,1.863076844099436
lab_subject_7,inline_early_vs_no_ad_early,theta_power_db_uv2,secondary_global,1.0927041809135987
lab_subject_8,inline_early_vs_no_ad_early,theta_power_db_uv2,secondary_global,-0.3947474693518256
lab_subject_9,inline_early_vs_no_ad_early,theta_power_db_uv2,secondary_global,-0.47878494171245745
lab_subject_1,block_early_vs_no_ad_early,theta_power_db_uv2,secondary_global,6.292343676955669
lab_subject_10,block_early_vs_no_ad_early,theta_power_db_uv2,secondary_global,-1.4469992585500382
lab_subject_11,block_early_vs_no_ad_early,theta_power_db_uv2,secondary_global,2.132534423194576
lab_subject_12,block_early_vs_no_ad_early,theta_power_db_uv2,secondary_global,1.5872207074104203
lab_subject_13,block_early_vs_no_ad_early,theta_power_db_uv2,secondary_global,-1.9232133467220711
lab_subject_14,block_early_vs_no_ad_early,theta_power_db_uv2,secondary_global,2.382200549479593
lab_subject_15,block_early_vs_no_ad_early,theta_power_db_uv2,secondary_global,1.904240145956515
lab_subject_16,block_early_vs_no_ad_early,theta_power_db_uv2,secondary_global,1.93066944149151
lab_subject_17,block_early_vs_no_ad_early,theta_power_db_uv2,secondary_global,1.8157636723406245
lab_subject_18,block_early_vs_no_ad_early,theta_power_db_uv2,secondary_global,-0.43847273839779977
lab_subject_19,block_early_vs_no_ad_early,theta_power_db_uv2,secondary_global,-2.623939698224545
lab_subject_2,block_early_vs_no_ad_early,theta_power_db_uv2,secondary_global,0.5801452838189256
lab_subject_3,block_early_vs_no_ad_early,theta_power_db_uv2,secondary_global,4.730234385645051
lab_subject_5,block_early_vs_no_ad_early,theta_power_db_uv2,secondary_global,0.5894848815959355
lab_subject_6,block_early_vs_no_ad_early,theta_power_db_uv2,secondary_global,-1.1017874133588723
lab_subject_7,block_early_vs_no_ad_early,theta_power_db_uv2,secondary_global,1.9167447871381662
lab_subject_8,block_early_vs_no_ad_early,theta_power_db_uv2,secondary_global,0.679986030363068
lab_subject_9,block_early_vs_no_ad_early,theta_power_db_uv2,secondary_global,1.542989138528231
lab_subject_1,inline_late_vs_no_ad_late,theta_power_db_uv2,secondary_global,1.4892091899577284
lab_subject_10,inline_late_vs_no_ad_late,theta_power_db_uv2,secondary_global,-4.826916410518829
lab_subject_11,inline_late_vs_no_ad_late,theta_power_db_uv2,secondary_global,-0.5282559379183063
lab_subject_12,inline_late_vs_no_ad_late,theta_power_db_uv2,secondary_global,0.10838249361684404
lab_subject_13,inline_late_vs_no_ad_late,theta_power_db_uv2,secondary_global,1.6262538878453983
lab_subject_14,inline_late_vs_no_ad_late,theta_power_db_uv2,secondary_global,-0.817559650418616
lab_subject_15,inline_late_vs_no_ad_late,theta_power_db_uv2,secondary_global,1.8174598729219253
lab_subject_16,inline_late_vs_no_ad_late,theta_power_db_uv2,secondary_global,-2.676015334308146
lab_subject_17,inline_late_vs_no_ad_late,theta_power_db_uv2,secondary_global,-1.657281180693916
lab_subject_18,inline_late_vs_no_ad_late,theta_power_db_uv2,secondary_global,1.3949480161285033
lab_subject_19,inline_late_vs_no_ad_late,theta_power_db_uv2,secondary_global,0.39232671192462565
lab_subject_2,inline_late_vs_no_ad_late,theta_power_db_uv2,secondary_global,0.1505163405485046
lab_subject_3,inline_late_vs_no_ad_late,theta_power_db_uv2,secondary_global,1.5982569366764157
lab_subject_5,inline_late_vs_no_ad_late,theta_power_db_uv2,secondary_global,-2.689032422485049
lab_subject_6,inline_late_vs_no_ad_late,theta_power_db_uv2,secondary_global,2.6589957162517077
lab_subject_7,inline_late_vs_no_ad_late,theta_power_db_uv2,secondary_global,1.5971275956211226
lab_subject_8,inline_late_vs_no_ad_late,theta_power_db_uv2,secondary_global,0.8236909102955021
lab_subject_9,inline_late_vs_no_ad_late,theta_power_db_uv2,secondary_global,-1.2303156594235967
lab_subject_1,block_late_vs_no_ad_late,theta_power_db_uv2,secondary_global,5.564524949840497
lab_subject_10,block_late_vs_no_ad_late,theta_power_db_uv2,secondary_global,-1.3190384909642434
lab_subject_11,block_late_vs_no_ad_late,theta_power_db_uv2,secondary_global,-0.5821122194187254
lab_subject_12,block_late_vs_no_ad_late,theta_power_db_uv2,secondary_global,1.6742571092891438
lab_subject_13,block_late_vs_no_ad_late,theta_power_db_uv2,secondary_global,-0.7125242835869221
lab_subject_14,block_late_vs_no_ad_late,theta_power_db_uv2,secondary_global,2.1268678083358132
lab_subject_15,block_late_vs_no_ad_late,theta_power_db_uv2,secondary_global,1.4433621911201477
lab_subject_16,block_late_vs_no_ad_late,theta_power_db_uv2,secondary_global,2.7740783884008655
lab_subject_17,block_late_vs_no_ad_late,theta_power_db_uv2,secondary_global,-2.2453372501734075
lab_subject_18,block_late_vs_no_ad_late,theta_power_db_uv2,secondary_global,0.3754731857523872
lab_subject_19,block_late_vs_no_ad_late,theta_power_db_uv2,secondary_global,2.3559036599757404
lab_subject_2,block_late_vs_no_ad_late,theta_power_db_uv2,secondary_global,0.2682716276914867
lab_subject_3,block_late_vs_no_ad_late,theta_power_db_uv2,secondary_global,-0.390788719908862
lab_subject_5,block_late_vs_no_ad_late,theta_power_db_uv2,secondary_global,-6.498985305422958
lab_subject_6,block_late_vs_no_ad_late,theta_power_db_uv2,secondary_global,1.7804239267647457
lab_subject_7,block_late_vs_no_ad_late,theta_power_db_uv2,secondary_global,-0.3627590498091733
lab_subject_8,block_late_vs_no_ad_late,theta_power_db_uv2,secondary_global,0.37546487348779767
lab_subject_9,block_late_vs_no_ad_late,theta_power_db_uv2,secondary_global,-1.1051891592323306
lab_subject_1,any_ad_vs_matched_no_ad,theta_power_db_uv2,secondary_global,4.553094223855185
lab_subject_10,any_ad_vs_matched_no_ad,theta_power_db_uv2,secondary_global,-2.2070111266950017
lab_subject_11,any_ad_vs_matched_no_ad,theta_power_db_uv2,secondary_global,0.5274318337220152
lab_subject_12,any_ad_vs_matched_no_ad,theta_power_db_uv2,secondary_global,0.884550594122187
lab_subject_13,any_ad_vs_matched_no_ad,theta_power_db_uv2,secondary_global,-0.5164323165258597
lab_subject_14,any_ad_vs_matched_no_ad,theta_power_db_uv2,secondary_global,0.826245428510006
lab_subject_15,any_ad_vs_matched_no_ad,theta_power_db_uv2,secondary_global,1.6383913320934755
lab_subject_16,any_ad_vs_matched_no_ad,theta_power_db_uv2,secondary_global,0.26590973641279825
lab_subject_17,any_ad_vs_matched_no_ad,theta_power_db_uv2,secondary_global,-0.09925184063928816
lab_subject_18,any_ad_vs_matched_no_ad,theta_power_db_uv2,secondary_global,0.4392918683087508
lab_subject_19,any_ad_vs_matched_no_ad,theta_power_db_uv2,secondary_global,-0.18773230339754043
lab_subject_2,any_ad_vs_matched_no_ad,theta_power_db_uv2,secondary_global,0.187552748587845
lab_subject_3,any_ad_vs_matched_no_ad,theta_power_db_uv2,secondary_global,2.0474554824852236
lab_subject_5,any_ad_vs_matched_no_ad,theta_power_db_uv2,secondary_global,-2.338552942551166
lab_subject_6,any_ad_vs_matched_no_ad,theta_power_db_uv2,secondary_global,1.3001772684392543
lab_subject_7,any_ad_vs_matched_no_ad,theta_power_db_uv2,secondary_global,1.0609543784659285
lab_subject_8,any_ad_vs_matched_no_ad,theta_power_db_uv2,secondary_global,0.37109858619863556
lab_subject_9,any_ad_vs_matched_no_ad,theta_power_db_uv2,secondary_global,-0.3178251554600384
lab_subject_1,inline_vs_block,theta_power_db_uv2,secondary_global,-2.7506801790857978
lab_subject_10,inline_vs_block,theta_power_db_uv2,secondary_global,-1.6479845038757217
lab_subject_11,inline_vs_block,theta_power_db_uv2,secondary_global,-0.49555853633182023
lab_subject_12,inline_vs_block,theta_power_db_uv2,secondary_global,-1.4923766284551903
lab_subject_13,inline_vs_block,theta_power_db_uv2,secondary_global,1.6028729972572737
lab_subject_14,inline_vs_block,theta_power_db_uv2,secondary_global,-2.856577500795394
lab_subject_15,inline_vs_block,theta_power_db_uv2,secondary_global,-0.0708196728897117
lab_subject_16,inline_vs_block,theta_power_db_uv2,secondary_global,-4.172928357066779
lab_subject_17,inline_vs_block,theta_power_db_uv2,secondary_global,0.23106989655420662
lab_subject_18,inline_vs_block,theta_power_db_uv2,secondary_global,0.9415832892629141
lab_subject_19,inline_vs_block,theta_power_db_uv2,secondary_global,-0.10742856854627636
lab_subject_2,inline_vs_block,theta_power_db_uv2,secondary_global,-0.47331141433472235
lab_subject_3,inline_vs_block,theta_power_db_uv2,secondary_global,-0.24453470076574124
lab_subject_5,inline_vs_block,theta_power_db_uv2,secondary_global,1.2323945387246908
lab_subject_6,inline_vs_block,theta_power_db_uv2,secondary_global,1.9217180234726352
lab_subject_7,inline_vs_block,theta_power_db_uv2,secondary_global,0.5679230196028642
lab_subject_8,inline_vs_block,theta_power_db_uv2,secondary_global,-0.3132537314535946
lab_subject_9,inline_vs_block,theta_power_db_uv2,secondary_global,-1.0734502902159773
lab_subject_1,early_vs_late,theta_power_db_uv2,secondary_global,1.6128553376214807
lab_subject_10,early_vs_late,theta_power_db_uv2,secondary_global,-0.020321430099008886
lab_subject_11,early_vs_late,theta_power_db_uv2,secondary_global,0.16720538698986553
lab_subject_12,early_vs_late,theta_power_db_uv2,secondary_global,0.6750235155964299
lab_subject_13,early_vs_late,theta_power_db_uv2,secondary_global,-1.4064403848862277
lab_subject_14,early_vs_late,theta_power_db_uv2,secondary_global,0.6083150807157092
lab_subject_15,early_vs_late,theta_power_db_uv2,secondary_global,-0.5961324526708096
lab_subject_16,early_vs_late,theta_power_db_uv2,secondary_global,-1.8923558901158188
lab_subject_17,early_vs_late,theta_power_db_uv2,secondary_global,-0.02202164115448557
lab_subject_18,early_vs_late,theta_power_db_uv2,secondary_global,-0.7316434617389729
lab_subject_19,early_vs_late,theta_power_db_uv2,secondary_global,0.2522802436302021
lab_subject_2,early_vs_late,theta_power_db_uv2,secondary_global,0.05908947464303127
lab_subject_3,early_vs_late,theta_power_db_uv2,secondary_global,0.1546349811077068
lab_subject_5,early_vs_late,theta_power_db_uv2,secondary_global,-0.5530919402552321
lab_subject_6,early_vs_late,theta_power_db_uv2,secondary_global,-1.4159669261453556
lab_subject_7,early_vs_late,theta_power_db_uv2,secondary_global,1.0568384812271212
lab_subject_8,early_vs_late,theta_power_db_uv2,secondary_global,-0.19489551606402467
lab_subject_9,early_vs_late,theta_power_db_uv2,secondary_global,1.331239206939585
lab_subject_1,format_x_timing,theta_power_db_uv2,secondary_global,2.6492711615939424
lab_subject_10,format_x_timing,theta_power_db_uv2,secondary_global,3.7197868313577285
lab_subject_11,format_x_timing,theta_power_db_uv2,secondary_global,-1.0988296356644787
lab_subject_12,format_x_timing,theta_power_db_uv2,secondary_global,0.14699597443421908
lab_subject_13,format_x_timing,theta_power_db_uv2,secondary_global,-1.4718103483500933
lab_subject_14,format_x_timing,theta_power_db_uv2,secondary_global,0.17569991591806966
lab_subject_15,format_x_timing,theta_power_db_uv2,secondary_global,-0.8898347093829786
lab_subject_16,format_x_timing,theta_power_db_uv2,secondary_global,2.5543307312844656
lab_subject_17,format_x_timing,theta_power_db_uv2,secondary_global,-0.7139723458505696
lab_subject_18,format_x_timing,theta_power_db_uv2,secondary_global,-0.1557830822264039
lab_subject_19,format_x_timing,theta_power_db_uv2,secondary_global,3.7122967590096767
lab_subject_2,format_x_timing,theta_power_db_uv2,secondary_global,-0.7111122543834805
lab_subject_3,format_x_timing,theta_power_db_uv2,secondary_global,-4.467160714702038
lab_subject_5,format_x_timing,theta_power_db_uv2,secondary_global,-5.155116688426437
lab_subject_6,format_x_timing,theta_power_db_uv2,secondary_global,2.0862924679713464
lab_subject_7,format_x_timing,theta_power_db_uv2,secondary_global,-2.7839272516548634
lab_subject_8,format_x_timing,theta_power_db_uv2,secondary_global,-1.522959536522598
lab_subject_9,format_x_timing,theta_power_db_uv2,secondary_global,-1.8966475800494225
lab_subject_1,inline_early_vs_no_ad_early,alpha_power_db_uv2,secondary_global,1.524093549641404
lab_subject_10,inline_early_vs_no_ad_early,alpha_power_db_uv2,secondary_global,-3.0121668132178323
lab_subject_11,inline_early_vs_no_ad_early,alpha_power_db_uv2,secondary_global,-1.6465414342902873
lab_subject_12,inline_early_vs_no_ad_early,alpha_power_db_uv2,secondary_global,-1.9646956978092787
lab_subject_13,inline_early_vs_no_ad_early,alpha_power_db_uv2,secondary_global,0.6718738429860682
lab_subject_14,inline_early_vs_no_ad_early,alpha_power_db_uv2,secondary_global,-0.5035381082799688
lab_subject_15,inline_early_vs_no_ad_early,alpha_power_db_uv2,secondary_global,0.6862232292485904
lab_subject_16,inline_early_vs_no_ad_early,alpha_power_db_uv2,secondary_global,-2.6297115341526003
lab_subject_17,inline_early_vs_no_ad_early,alpha_power_db_uv2,secondary_global,1.8826011966559388
lab_subject_18,inline_early_vs_no_ad_early,alpha_power_db_uv2,secondary_global,0.9825087961585521
lab_subject_19,inline_early_vs_no_ad_early,alpha_power_db_uv2,secondary_global,-0.536690063008165
lab_subject_2,inline_early_vs_no_ad_early,alpha_power_db_uv2,secondary_global,0.3343598322326171
lab_subject_3,inline_early_vs_no_ad_early,alpha_power_db_uv2,secondary_global,1.9199874224360327
lab_subject_5,inline_early_vs_no_ad_early,alpha_power_db_uv2,secondary_global,0.7464781826642009
lab_subject_6,inline_early_vs_no_ad_early,alpha_power_db_uv2,secondary_global,2.3758521844383615
lab_subject_7,inline_early_vs_no_ad_early,alpha_power_db_uv2,secondary_global,0.26121985328908526
lab_subject_8,inline_early_vs_no_ad_early,alpha_power_db_uv2,secondary_global,-0.9310855068666717
lab_subject_9,inline_early_vs_no_ad_early,alpha_power_db_uv2,secondary_global,2.408957158463913
lab_subject_1,block_early_vs_no_ad_early,alpha_power_db_uv2,secondary_global,-0.5880721365050658
lab_subject_10,block_early_vs_no_ad_early,alpha_power_db_uv2,secondary_global,-1.7562907558386245
lab_subject_11,block_early_vs_no_ad_early,alpha_power_db_uv2,secondary_global,-1.7831271294955
lab_subject_12,block_early_vs_no_ad_early,alpha_power_db_uv2,secondary_global,-0.7393195224048874
lab_subject_13,block_early_vs_no_ad_early,alpha_power_db_uv2,secondary_global,-0.4588358320047563
lab_subject_14,block_early_vs_no_ad_early,alpha_power_db_uv2,secondary_global,0.8941807037431171
lab_subject_15,block_early_vs_no_ad_early,alpha_power_db_uv2,secondary_global,0.1427864129753027
lab_subject_16,block_early_vs_no_ad_early,alpha_power_db_uv2,secondary_global,-0.04247547144156538
lab_subject_17,block_early_vs_no_ad_early,alpha_power_db_uv2,secondary_global,-0.8680946505233864
lab_subject_18,block_early_vs_no_ad_early,alpha_power_db_uv2,secondary_global,1.3898551938954329
lab_subject_19,block_early_vs_no_ad_early,alpha_power_db_uv2,secondary_global,-2.644198308851264
lab_subject_2,block_early_vs_no_ad_early,alpha_power_db_uv2,secondary_global,4.0187643951621235
lab_subject_3,block_early_vs_no_ad_early,alpha_power_db_uv2,secondary_global,1.2853241953321328
lab_subject_5,block_early_vs_no_ad_early,alpha_power_db_uv2,secondary_global,1.0296573923906882
lab_subject_6,block_early_vs_no_ad_early,alpha_power_db_uv2,secondary_global,0.5984417956518415
lab_subject_7,block_early_vs_no_ad_early,alpha_power_db_uv2,secondary_global,-0.06659709096375321
lab_subject_8,block_early_vs_no_ad_early,alpha_power_db_uv2,secondary_global,1.3687512286208063
lab_subject_9,block_early_vs_no_ad_early,alpha_power_db_uv2,secondary_global,1.6387786384969933
lab_subject_1,inline_late_vs_no_ad_late,alpha_power_db_uv2,secondary_global,-0.14572485205247876
lab_subject_10,inline_late_vs_no_ad_late,alpha_power_db_uv2,secondary_global,-2.641374141034401
lab_subject_11,inline_late_vs_no_ad_late,alpha_power_db_uv2,secondary_global,-2.2623887467721886
lab_subject_12,inline_late_vs_no_ad_late,alpha_power_db_uv2,secondary_global,2.397656952577359
lab_subject_13,inline_late_vs_no_ad_late,alpha_power_db_uv2,secondary_global,-1.0166310553457425
lab_subject_14,inline_late_vs_no_ad_late,alpha_power_db_uv2,secondary_global,2.5065288724499792
lab_subject_15,inline_late_vs_no_ad_late,alpha_power_db_uv2,secondary_global,-0.5426384435189809
lab_subject_16,inline_late_vs_no_ad_late,alpha_power_db_uv2,secondary_global,-0.8963013590249993
lab_subject_17,inline_late_vs_no_ad_late,alpha_power_db_uv2,secondary_global,-0.7829138600944265
lab_subject_18,inline_late_vs_no_ad_late,alpha_power_db_uv2,secondary_global,2.424840294387013
lab_subject_19,inline_late_vs_no_ad_late,alpha_power_db_uv2,secondary_global,-3.3445843128477297
lab_subject_2,inline_late_vs_no_ad_late,alpha_power_db_uv2,secondary_global,-0.28196723397717527
lab_subject_3,inline_late_vs_no_ad_late,alpha_power_db_uv2,secondary_global,1.2186610869527907
lab_subject_5,inline_late_vs_no_ad_late,alpha_power_db_uv2,secondary_global,-2.6871632164301924
lab_subject_6,inline_late_vs_no_ad_late,alpha_power_db_uv2,secondary_global,-1.4520335308079764
lab_subject_7,inline_late_vs_no_ad_late,alpha_power_db_uv2,secondary_global,-0.8023257616748767
lab_subject_8,inline_late_vs_no_ad_late,alpha_power_db_uv2,secondary_global,-3.6794334338127923
lab_subject_9,inline_late_vs_no_ad_late,alpha_power_db_uv2,secondary_global,0.8899727553400751
lab_subject_1,block_late_vs_no_ad_late,alpha_power_db_uv2,secondary_global,-0.5667272866144715
lab_subject_10,block_late_vs_no_ad_late,alpha_power_db_uv2,secondary_global,-1.3786662767382696
lab_subject_11,block_late_vs_no_ad_late,alpha_power_db_uv2,secondary_global,-0.5750417893590356
lab_subject_12,block_late_vs_no_ad_late,alpha_power_db_uv2,secondary_global,0.06746730088502151
lab_subject_13,block_late_vs_no_ad_late,alpha_power_db_uv2,secondary_global,-2.6042266544636297
lab_subject_14,block_late_vs_no_ad_late,alpha_power_db_uv2,secondary_global,4.068691556141257
lab_subject_15,block_late_vs_no_ad_late,alpha_power_db_uv2,secondary_global,-0.04135047641400025
lab_subject_16,block_late_vs_no_ad_late,alpha_power_db_uv2,secondary_global,0.7386745959563381
lab_subject_17,block_late_vs_no_ad_late,alpha_power_db_uv2,secondary_global,-0.1546106822278741
lab_subject_18,block_late_vs_no_ad_late,alpha_power_db_uv2,secondary_global,0.994064679241184
lab_subject_19,block_late_vs_no_ad_late,alpha_power_db_uv2,secondary_global,0.4656707982065704
lab_subject_2,block_late_vs_no_ad_late,alpha_power_db_uv2,secondary_global,-1.5889103108460034
lab_subject_3,block_late_vs_no_ad_late,alpha_power_db_uv2,secondary_global,-0.8895606897426953
lab_subject_5,block_late_vs_no_ad_late,alpha_power_db_uv2,secondary_global,-2.3152652485726737
lab_subject_6,block_late_vs_no_ad_late,alpha_power_db_uv2,secondary_global,-2.0122640587471254
lab_subject_7,block_late_vs_no_ad_late,alpha_power_db_uv2,secondary_global,-1.4599494311833778
lab_subject_8,block_late_vs_no_ad_late,alpha_power_db_uv2,secondary_global,-1.8574455606260267
lab_subject_9,block_late_vs_no_ad_late,alpha_power_db_uv2,secondary_global,-1.110072733529278
lab_subject_1,any_ad_vs_matched_no_ad,alpha_power_db_uv2,secondary_global,0.055892318617347
lab_subject_10,any_ad_vs_matched_no_ad,alpha_power_db_uv2,secondary_global,-2.197124496707282
lab_subject_11,any_ad_vs_matched_no_ad,alpha_power_db_uv2,secondary_global,-1.5667747749792529
lab_subject_12,any_ad_vs_matched_no_ad,alpha_power_db_uv2,secondary_global,-0.059722741687946446
lab_subject_13,any_ad_vs_matched_no_ad,alpha_power_db_uv2,secondary_global,-0.8519549247070151
lab_subject_14,any_ad_vs_matched_no_ad,alpha_power_db_uv2,secondary_global,1.7414657560135962
lab_subject_15,any_ad_vs_matched_no_ad,alpha_power_db_uv2,secondary_global,0.06125518057272794
lab_subject_16,any_ad_vs_matched_no_ad,alpha_power_db_uv2,secondary_global,-0.7074534421657067
lab_subject_17,any_ad_vs_matched_no_ad,alpha_power_db_uv2,secondary_global,0.019245500952562944
lab_subject_18,any_ad_vs_matched_no_ad,alpha_power_db_uv2,secondary_global,1.4478172409205454
lab_subject_19,any_ad_vs_matched_no_ad,alpha_power_db_uv2,secondary_global,-1.514950471625147
lab_subject_2,any_ad_vs_matched_no_ad,alpha_power_db_uv2,secondary_global,0.6205616706428905
lab_subject_3,any_ad_vs_matched_no_ad,alpha_power_db_uv2,secondary_global,0.8836030037445652
lab_subject_5,any_ad_vs_matched_no_ad,alpha_power_db_uv2,secondary_global,-0.8065732224869941
lab_subject_6,any_ad_vs_matched_no_ad,alpha_power_db_uv2,secondary_global,-0.12250090236622468
lab_subject_7,any_ad_vs_matched_no_ad,alpha_power_db_uv2,secondary_global,-0.5169131076332306
lab_subject_8,any_ad_vs_matched_no_ad,alpha_power_db_uv2,secondary_global,-1.274803318171171
lab_subject_9,any_ad_vs_matched_no_ad,alpha_power_db_uv2,secondary_global,0.9569089546929259
lab_subject_1,inline_vs_block,alpha_power_db_uv2,secondary_global,1.2665840603542313
lab_subject_10,inline_vs_block,alpha_power_db_uv2,secondary_global,-1.2592919608376696
lab_subject_11,inline_vs_block,alpha_power_db_uv2,secondary_global,-0.7753806311039702
lab_subject_12,inline_vs_block,alpha_power_db_uv2,secondary_global,0.552406738143973
lab_subject_13,inline_vs_block,alpha_power_db_uv2,secondary_global,1.3591526370543558
lab_subject_14,inline_vs_block,alpha_power_db_uv2,secondary_global,-1.479940747857182
lab_subject_15,inline_vs_block,alpha_power_db_uv2,secondary_global,0.02107442458415354
lab_subject_16,inline_vs_block,alpha_power_db_uv2,secondary_global,-2.1111060088461864
lab_subject_17,inline_vs_block,alpha_power_db_uv2,secondary_global,1.0611963346563864
lab_subject_18,inline_vs_block,alpha_power_db_uv2,secondary_global,0.5117146087044742
lab_subject_19,inline_vs_block,alpha_power_db_uv2,secondary_global,-0.8513734326056006
lab_subject_2,inline_vs_block,alpha_power_db_uv2,secondary_global,-1.188730743030339
lab_subject_3,inline_vs_block,alpha_power_db_uv2,secondary_global,1.371442501899693
lab_subject_5,inline_vs_block,alpha_power_db_uv2,secondary_global,-0.32753858879200304
lab_subject_6,inline_vs_block,alpha_power_db_uv2,secondary_global,1.1688204583628345
lab_subject_7,inline_vs_block,alpha_power_db_uv2,secondary_global,0.4927203068806698
lab_subject_8,inline_vs_block,alpha_power_db_uv2,secondary_global,-2.060912304337122
lab_subject_9,inline_vs_block,alpha_power_db_uv2,secondary_global,1.3851120044181364
lab_subject_1,early_vs_late,alpha_power_db_uv2,secondary_global,0.7799904385835701
lab_subject_10,early_vs_late,alpha_power_db_uv2,secondary_global,-0.02319737549924694
lab_subject_11,early_vs_late,alpha_power_db_uv2,secondary_global,1.1217156267789141
lab_subject_12,early_vs_late,alpha_power_db_uv2,secondary_global,0.16671054189376022
lab_subject_13,early_vs_late,alpha_power_db_uv2,secondary_global,0.36063633549135243
lab_subject_14,early_vs_late,alpha_power_db_uv2,secondary_global,-0.6245921501456575
lab_subject_15,early_vs_late,alpha_power_db_uv2,secondary_global,-0.3798021872301839
lab_subject_16,early_vs_late,alpha_power_db_uv2,secondary_global,-0.4950715684248983
lab_subject_17,early_vs_late,alpha_power_db_uv2,secondary_global,0.25866177416020575
lab_subject_18,early_vs_late,alpha_power_db_uv2,secondary_global,-0.18266384643241174
lab_subject_19,early_vs_late,alpha_power_db_uv2,secondary_global,1.60473572325335
lab_subject_2,early_vs_late,alpha_power_db_uv2,secondary_global,1.67572603196321
lab_subject_3,early_vs_late,alpha_power_db_uv2,secondary_global,-0.2607537366483128
lab_subject_5,early_vs_late,alpha_power_db_uv2,secondary_global,0.23692672319519592
lab_subject_6,early_vs_late,alpha_power_db_uv2,secondary_global,0.5714602143455401
lab_subject_7,early_vs_late,alpha_power_db_uv2,secondary_global,-0.06184396205667553
lab_subject_8,early_vs_late,alpha_power_db_uv2,secondary_global,1.1802727874043777
lab_subject_9,early_vs_late,alpha_power_db_uv2,secondary_global,1.187788616744922
lab_subject_1,format_x_timing,alpha_power_db_uv2,secondary_global,1.6911632515844772
lab_subject_10,format_x_timing,alpha_power_db_uv2,secondary_global,0.006831806916923533
lab_subject_11,format_x_timing,alpha_power_db_uv2,secondary_global,1.8239326526183657
lab_subject_12,format_x_timing,alpha_power_db_uv2,secondary_global,-3.5555658270967285
lab_subject_13,format_x_timing,alpha_power_db_uv2,secondary_global,-0.45688592412706264
lab_subject_14,format_x_timing,alpha_power_db_uv2,secondary_global,0.1644438716681922
lab_subject_15,format_x_timing,alpha_power_db_uv2,secondary_global,1.0447247833782685
lab_subject_16,format_x_timing,alpha_power_db_uv2,secondary_global,-0.9522601077296975
lab_subject_17,format_x_timing,alpha_power_db_uv2,secondary_global,3.3789990250458777
lab_subject_18,format_x_timing,alpha_power_db_uv2,secondary_global,-1.8381220128827098
lab_subject_19,format_x_timing,alpha_power_db_uv2,secondary_global,5.9177633568973995
lab_subject_2,format_x_timing,alpha_power_db_uv2,secondary_global,-4.9913476397983345
lab_subject_3,format_x_timing,alpha_power_db_uv2,secondary_global,-1.4735585495915862
lab_subject_5,format_x_timing,alpha_power_db_uv2,secondary_global,0.08871875813103136
lab_subject_6,format_x_timing,alpha_power_db_uv2,secondary_global,1.217179860847371
lab_subject_7,format_x_timing,alpha_power_db_uv2,secondary_global,-0.3298067252556627
lab_subject_8,format_x_timing,alpha_power_db_uv2,secondary_global,-0.47784886230071244
lab_subject_9,format_x_timing,alpha_power_db_uv2,secondary_global,-1.2298669689024333
lab_subject_1,inline_early_vs_no_ad_early,beta_power_db_uv2,secondary,-2.851288302380608
lab_subject_10,inline_early_vs_no_ad_early,beta_power_db_uv2,secondary,-0.4302045660380145
lab_subject_11,inline_early_vs_no_ad_early,beta_power_db_uv2,secondary,-0.13347234565211075
lab_subject_12,inline_early_vs_no_ad_early,beta_power_db_uv2,secondary,1.1174445751198938
lab_subject_13,inline_early_vs_no_ad_early,beta_power_db_uv2,secondary,-0.0773507044492483
lab_subject_14,inline_early_vs_no_ad_early,beta_power_db_uv2,secondary,-1.5808547231380432
lab_subject_15,inline_early_vs_no_ad_early,beta_power_db_uv2,secondary,1.1110730547556886
lab_subject_16,inline_early_vs_no_ad_early,beta_power_db_uv2,secondary,-1.2165739294336841
lab_subject_17,inline_early_vs_no_ad_early,beta_power_db_uv2,secondary,0.8319469922962499
lab_subject_18,inline_early_vs_no_ad_early,beta_power_db_uv2,secondary,0.7229086883908158
lab_subject_19,inline_early_vs_no_ad_early,beta_power_db_uv2,secondary,0.2243477640014424
lab_subject_2,inline_early_vs_no_ad_early,beta_power_db_uv2,secondary,1.8496601262395647
lab_subject_3,inline_early_vs_no_ad_early,beta_power_db_uv2,secondary,0.21651696137942444
lab_subject_5,inline_early_vs_no_ad_early,beta_power_db_uv2,secondary,0.021365772147794004
lab_subject_6,inline_early_vs_no_ad_early,beta_power_db_uv2,secondary,0.9057478606229159
lab_subject_7,inline_early_vs_no_ad_early,beta_power_db_uv2,secondary,-0.39712013295256643
lab_subject_8,inline_early_vs_no_ad_early,beta_power_db_uv2,secondary,-1.5610629281020891
lab_subject_9,inline_early_vs_no_ad_early,beta_power_db_uv2,secondary,-0.023338406511914656
lab_subject_1,block_early_vs_no_ad_early,beta_power_db_uv2,secondary,-3.0550797443298983
lab_subject_10,block_early_vs_no_ad_early,beta_power_db_uv2,secondary,-2.493617194531992
lab_subject_11,block_early_vs_no_ad_early,beta_power_db_uv2,secondary,1.5675397030290243
lab_subject_12,block_early_vs_no_ad_early,beta_power_db_uv2,secondary,0.15668021073032357
lab_subject_13,block_early_vs_no_ad_early,beta_power_db_uv2,secondary,-0.7311645671873492
lab_subject_14,block_early_vs_no_ad_early,beta_power_db_uv2,secondary,-0.18118457619281259
lab_subject_15,block_early_vs_no_ad_early,beta_power_db_uv2,secondary,-2.305802849413157
lab_subject_16,block_early_vs_no_ad_early,beta_power_db_uv2,secondary,0.16053075490597557
lab_subject_17,block_early_vs_no_ad_early,beta_power_db_uv2,secondary,0.4760022838522442
lab_subject_18,block_early_vs_no_ad_early,beta_power_db_uv2,secondary,3.0453410975013036
lab_subject_19,block_early_vs_no_ad_early,beta_power_db_uv2,secondary,0.4426257581182149
lab_subject_2,block_early_vs_no_ad_early,beta_power_db_uv2,secondary,0.5697560665044001
lab_subject_3,block_early_vs_no_ad_early,beta_power_db_uv2,secondary,-0.3223970200546624
lab_subject_5,block_early_vs_no_ad_early,beta_power_db_uv2,secondary,-0.07703216798627555
lab_subject_6,block_early_vs_no_ad_early,beta_power_db_uv2,secondary,0.12850344068982444
lab_subject_7,block_early_vs_no_ad_early,beta_power_db_uv2,secondary,-0.35366091345207185
lab_subject_8,block_early_vs_no_ad_early,beta_power_db_uv2,secondary,-0.8360387339308222
lab_subject_9,block_early_vs_no_ad_early,beta_power_db_uv2,secondary,0.295364358435112
lab_subject_1,inline_late_vs_no_ad_late,beta_power_db_uv2,secondary,-1.0357260471475858
lab_subject_10,inline_late_vs_no_ad_late,beta_power_db_uv2,secondary,0.00013117601140244517
lab_subject_11,inline_late_vs_no_ad_late,beta_power_db_uv2,secondary,-0.7428432019253357
lab_subject_12,inline_late_vs_no_ad_late,beta_power_db_uv2,secondary,1.3149920481622575
lab_subject_13,inline_late_vs_no_ad_late,beta_power_db_uv2,secondary,-1.7798560340232727
lab_subject_14,inline_late_vs_no_ad_late,beta_power_db_uv2,secondary,-0.15141594026057792
lab_subject_15,inline_late_vs_no_ad_late,beta_power_db_uv2,secondary,1.18470591682608
lab_subject_16,inline_late_vs_no_ad_late,beta_power_db_uv2,secondary,0.0970790229307461
lab_subject_17,inline_late_vs_no_ad_late,beta_power_db_uv2,secondary,0.14074092829306561
lab_subject_18,inline_late_vs_no_ad_late,beta_power_db_uv2,secondary,0.6697634636414769
lab_subject_19,inline_late_vs_no_ad_late,beta_power_db_uv2,secondary,-0.8658588298023906
lab_subject_2,inline_late_vs_no_ad_late,beta_power_db_uv2,secondary,-1.9609206915096484
lab_subject_3,inline_late_vs_no_ad_late,beta_power_db_uv2,secondary,-0.4195752827112873
lab_subject_5,inline_late_vs_no_ad_late,beta_power_db_uv2,secondary,-0.05058277460201133
lab_subject_6,inline_late_vs_no_ad_late,beta_power_db_uv2,secondary,0.5760764104363361
lab_subject_7,inline_late_vs_no_ad_late,beta_power_db_uv2,secondary,0.052035814081127896
lab_subject_8,inline_late_vs_no_ad_late,beta_power_db_uv2,secondary,-1.8135403049261907
lab_subject_9,inline_late_vs_no_ad_late,beta_power_db_uv2,secondary,1.1891512476343848
lab_subject_1,block_late_vs_no_ad_late,beta_power_db_uv2,secondary,-0.5766430363995223
lab_subject_10,block_late_vs_no_ad_late,beta_power_db_uv2,secondary,-0.12381947013516292
lab_subject_11,block_late_vs_no_ad_late,beta_power_db_uv2,secondary,0.31538313938224505
lab_subject_12,block_late_vs_no_ad_late,beta_power_db_uv2,secondary,0.06140521523322828
lab_subject_13,block_late_vs_no_ad_late,beta_power_db_uv2,secondary,-1.1839926218444932
lab_subject_14,block_late_vs_no_ad_late,beta_power_db_uv2,secondary,0.08403634099903101
lab_subject_15,block_late_vs_no_ad_late,beta_power_db_uv2,secondary,6.2538583100102665
lab_subject_16,block_late_vs_no_ad_late,beta_power_db_uv2,secondary,-1.8361884569923923
lab_subject_17,block_late_vs_no_ad_late,beta_power_db_uv2,secondary,0.6422776494872435
lab_subject_18,block_late_vs_no_ad_late,beta_power_db_uv2,secondary,-0.20585892329818112
lab_subject_19,block_late_vs_no_ad_late,beta_power_db_uv2,secondary,-0.7568251065446425
lab_subject_2,block_late_vs_no_ad_late,beta_power_db_uv2,secondary,-1.918111447951973
lab_subject_3,block_late_vs_no_ad_late,beta_power_db_uv2,secondary,-1.8519118583380454
lab_subject_5,block_late_vs_no_ad_late,beta_power_db_uv2,secondary,0.85616865017567
lab_subject_6,block_late_vs_no_ad_late,beta_power_db_uv2,secondary,-0.6981550651728714
lab_subject_7,block_late_vs_no_ad_late,beta_power_db_uv2,secondary,-0.09824394000566983
lab_subject_8,block_late_vs_no_ad_late,beta_power_db_uv2,secondary,-1.211117101894656
lab_subject_9,block_late_vs_no_ad_late,beta_power_db_uv2,secondary,0.3647268230886418
lab_subject_1,any_ad_vs_matched_no_ad,beta_power_db_uv2,secondary,-1.8796842825644036
lab_subject_10,any_ad_vs_matched_no_ad,beta_power_db_uv2,secondary,-0.7618775136734417
lab_subject_11,any_ad_vs_matched_no_ad,beta_power_db_uv2,secondary,0.25165182370845574
lab_subject_12,any_ad_vs_matched_no_ad,beta_power_db_uv2,secondary,0.6626305123114258
lab_subject_13,any_ad_vs_matched_no_ad,beta_power_db_uv2,secondary,-0.9430909818760909
lab_subject_14,any_ad_vs_matched_no_ad,beta_power_db_uv2,secondary,-0.4573547246481007
lab_subject_15,any_ad_vs_matched_no_ad,beta_power_db_uv2,secondary,1.5609586080447195
lab_subject_16,any_ad_vs_matched_no_ad,beta_power_db_uv2,secondary,-0.6987881521473387
lab_subject_17,any_ad_vs_matched_no_ad,beta_power_db_uv2,secondary,0.5227419634822008
lab_subject_18,any_ad_vs_matched_no_ad,beta_power_db_uv2,secondary,1.0580385815588538
lab_subject_19,any_ad_vs_matched_no_ad,beta_power_db_uv2,secondary,-0.23892760355684395
lab_subject_2,any_ad_vs_matched_no_ad,beta_power_db_uv2,secondary,-0.36490398667941415
lab_subject_3,any_ad_vs_matched_no_ad,beta_power_db_uv2,secondary,-0.5943417999311427
lab_subject_5,any_ad_vs_matched_no_ad,beta_power_db_uv2,secondary,0.18747986993379429
lab_subject_6,any_ad_vs_matched_no_ad,beta_power_db_uv2,secondary,0.22804316164405125
lab_subject_7,any_ad_vs_matched_no_ad,beta_power_db_uv2,secondary,-0.19924729308229505
lab_subject_8,any_ad_vs_matched_no_ad,beta_power_db_uv2,secondary,-1.3554397672134395
lab_subject_9,any_ad_vs_matched_no_ad,beta_power_db_uv2,secondary,0.456476005661556
lab_subject_1,inline_vs_block,beta_power_db_uv2,secondary,-0.12764578439938656
lab_subject_10,inline_vs_block,beta_power_db_uv2,secondary,1.0936816373202713
lab_subject_11,inline_vs_block,beta_power_db_uv2,secondary,-1.379619194994358
lab_subject_12,inline_vs_block,beta_power_db_uv2,secondary,1.1071755986592997
lab_subject_13,inline_vs_block,beta_power_db_uv2,secondary,0.028975225279660677
lab_subject_14,inline_vs_block,beta_power_db_uv2,secondary,-0.8175612141024198
lab_subject_15,inline_vs_block,beta_power_db_uv2,secondary,-0.8261382445076704
lab_subject_16,inline_vs_block,beta_power_db_uv2,secondary,0.27808139779173935
lab_subject_17,inline_vs_block,beta_power_db_uv2,secondary,-0.0727960063750861
lab_subject_18,inline_vs_block,beta_power_db_uv2,secondary,-0.7234050110854149
lab_subject_19,inline_vs_block,beta_power_db_uv2,secondary,-0.1636558586872603
lab_subject_2,inline_vs_block,beta_power_db_uv2,secondary,0.6185474080887445
lab_subject_3,inline_vs_block,beta_power_db_uv2,secondary,0.9856252785304225
lab_subject_5,inline_vs_block,beta_power_db_uv2,secondary,-0.4041767423218059
lab_subject_6,inline_vs_block,beta_power_db_uv2,secondary,1.0257379477711495
lab_subject_7,inline_vs_block,beta_power_db_uv2,secondary,0.05341026729315157
lab_subject_8,inline_vs_block,beta_power_db_uv2,secondary,-0.6637236986014008
lab_subject_9,inline_vs_block,beta_power_db_uv2,secondary,0.2528608297993582
lab_subject_1,early_vs_late,beta_power_db_uv2,secondary,0.12034637051135011
lab_subject_10,early_vs_late,beta_power_db_uv2,secondary,0.6944252918200151
lab_subject_11,early_vs_late,beta_power_db_uv2,secondary,0.9195668142100017
lab_subject_12,early_vs_late,beta_power_db_uv2,secondary,0.6307661005113152
lab_subject_13,early_vs_late,beta_power_db_uv2,secondary,0.3221233778746191
lab_subject_14,early_vs_late,beta_power_db_uv2,secondary,-2.3900559392045793
lab_subject_15,early_vs_late,beta_power_db_uv2,secondary,-4.097417135720564
lab_subject_16,early_vs_late,beta_power_db_uv2,secondary,0.7121195857121592
lab_subject_17,early_vs_late,beta_power_db_uv2,secondary,-0.9994060014225208
lab_subject_18,early_vs_late,beta_power_db_uv2,secondary,-0.45471922024150047
lab_subject_19,early_vs_late,beta_power_db_uv2,secondary,0.555696175572673
lab_subject_2,early_vs_late,beta_power_db_uv2,secondary,1.39278645857285
lab_subject_3,early_vs_late,beta_power_db_uv2,secondary,0.504502893796877
lab_subject_5,early_vs_late,beta_power_db_uv2,secondary,-0.8141351160835817
lab_subject_6,early_vs_late,beta_power_db_uv2,secondary,0.3249558066317024
lab_subject_7,early_vs_late,beta_power_db_uv2,secondary,-0.29529649648955747
lab_subject_8,early_vs_late,beta_power_db_uv2,secondary,0.10243496335642366
lab_subject_9,early_vs_late,beta_power_db_uv2,secondary,-0.8223685704664057
lab_subject_1,format_x_timing,beta_power_db_uv2,secondary,0.6628744526973538
lab_subject_10,format_x_timing,beta_power_db_uv2,secondary,1.939461982347412
lab_subject_11,format_x_timing,beta_power_db_uv2,secondary,-0.6427857073735543
lab_subject_12,format_x_timing,beta_power_db_uv2,secondary,-0.2928224685394589
lab_subject_13,format_x_timing,beta_power_db_uv2,secondary,1.2496772749168805
lab_subject_14,format_x_timing,beta_power_db_uv2,secondary,-1.1642178656856217
lab_subject_15,format_x_timing,beta_power_db_uv2,secondary,8.486028297353032
lab_subject_16,format_x_timing,beta_power_db_uv2,secondary,-3.310372164262798
lab_subject_17,format_x_timing,beta_power_db_uv2,secondary,0.8574814296381836
lab_subject_18,format_x_timing,beta_power_db_uv2,secondary,-3.1980547960501458
lab_subject_19,format_x_timing,beta_power_db_uv2,secondary,-0.10924427085902444
lab_subject_2,format_x_timing,beta_power_db_uv2,secondary,1.32271330329284
lab_subject_3,format_x_timing,beta_power_db_uv2,secondary,-0.8934225941926712
lab_subject_5,format_x_timing,beta_power_db_uv2,secondary,1.0051493649117509
lab_subject_6,format_x_timing,beta_power_db_uv2,secondary,-0.496987055676116
lab_subject_7,format_x_timing,beta_power_db_uv2,secondary,-0.1937389735872923
lab_subject_8,format_x_timing,beta_power_db_uv2,secondary,-0.12260099113973233
lab_subject_9,format_x_timing,beta_power_db_uv2,secondary,-1.1431271894927697
lab_subject_1,inline_early_vs_no_ad_early,faa_log_f4_minus_f3,secondary,0.15837965891162753
lab_subject_10,inline_early_vs_no_ad_early,faa_log_f4_minus_f3,secondary,0.4549202825773371
lab_subject_11,inline_early_vs_no_ad_early,faa_log_f4_minus_f3,secondary,0.22949866137528474
lab_subject_12,inline_early_vs_no_ad_early,faa_log_f4_minus_f3,secondary,-0.9695613547901019
lab_subject_13,inline_early_vs_no_ad_early,faa_log_f4_minus_f3,secondary,-0.4269715851782614
lab_subject_14,inline_early_vs_no_ad_early,faa_log_f4_minus_f3,secondary,0.23748229477226346
lab_subject_15,inline_early_vs_no_ad_early,faa_log_f4_minus_f3,secondary,-0.4836635422874913
lab_subject_16,inline_early_vs_no_ad_early,faa_log_f4_minus_f3,secondary,0.7335726148266453
lab_subject_17,inline_early_vs_no_ad_early,faa_log_f4_minus_f3,secondary,-0.3379293714851812
lab_subject_18,inline_early_vs_no_ad_early,faa_log_f4_minus_f3,secondary,-0.2298983914022621
lab_subject_19,inline_early_vs_no_ad_early,faa_log_f4_minus_f3,secondary,-0.6549837043423636
lab_subject_2,inline_early_vs_no_ad_early,faa_log_f4_minus_f3,secondary,-1.007771689866452
lab_subject_3,inline_early_vs_no_ad_early,faa_log_f4_minus_f3,secondary,-1.0767892217397694
lab_subject_5,inline_early_vs_no_ad_early,faa_log_f4_minus_f3,secondary,-0.24465623794313274
lab_subject_6,inline_early_vs_no_ad_early,faa_log_f4_minus_f3,secondary,0.6220486035059061
lab_subject_7,inline_early_vs_no_ad_early,faa_log_f4_minus_f3,secondary,0.7684975873076532
lab_subject_8,inline_early_vs_no_ad_early,faa_log_f4_minus_f3,secondary,-0.40389092739731325
lab_subject_9,inline_early_vs_no_ad_early,faa_log_f4_minus_f3,secondary,0.5036270836670198
lab_subject_1,block_early_vs_no_ad_early,faa_log_f4_minus_f3,secondary,0.545441352936777
lab_subject_10,block_early_vs_no_ad_early,faa_log_f4_minus_f3,secondary,0.4561417468644855
lab_subject_11,block_early_vs_no_ad_early,faa_log_f4_minus_f3,secondary,0.5564750541655386
lab_subject_12,block_early_vs_no_ad_early,faa_log_f4_minus_f3,secondary,-0.3524176239245058
lab_subject_13,block_early_vs_no_ad_early,faa_log_f4_minus_f3,secondary,0.13169828838318764
lab_subject_14,block_early_vs_no_ad_early,faa_log_f4_minus_f3,secondary,-0.33912295034201634
lab_subject_15,block_early_vs_no_ad_early,faa_log_f4_minus_f3,secondary,0.10195604229457089
lab_subject_16,block_early_vs_no_ad_early,faa_log_f4_minus_f3,secondary,-0.21579814993884128
lab_subject_17,block_early_vs_no_ad_early,faa_log_f4_minus_f3,secondary,-0.046501348526298614
lab_subject_18,block_early_vs_no_ad_early,faa_log_f4_minus_f3,secondary,0.5848639445168438
lab_subject_19,block_early_vs_no_ad_early,faa_log_f4_minus_f3,secondary,0.1138104035260028
lab_subject_2,block_early_vs_no_ad_early,faa_log_f4_minus_f3,secondary,-1.236191916050469
lab_subject_3,block_early_vs_no_ad_early,faa_log_f4_minus_f3,secondary,1.0313133012561941
lab_subject_5,block_early_vs_no_ad_early,faa_log_f4_minus_f3,secondary,0.03239656076797459
lab_subject_6,block_early_vs_no_ad_early,faa_log_f4_minus_f3,secondary,0.29534100281408726
lab_subject_7,block_early_vs_no_ad_early,faa_log_f4_minus_f3,secondary,0.06997378145593203
lab_subject_8,block_early_vs_no_ad_early,faa_log_f4_minus_f3,secondary,-0.4073481181414529
lab_subject_9,block_early_vs_no_ad_early,faa_log_f4_minus_f3,secondary,0.03753677621992679
lab_subject_1,inline_late_vs_no_ad_late,faa_log_f4_minus_f3,secondary,-0.5780593718067699
lab_subject_10,inline_late_vs_no_ad_late,faa_log_f4_minus_f3,secondary,0.07465832835907449
lab_subject_11,inline_late_vs_no_ad_late,faa_log_f4_minus_f3,secondary,-0.05658401545577618
lab_subject_12,inline_late_vs_no_ad_late,faa_log_f4_minus_f3,secondary,0.6615509784672646
lab_subject_13,inline_late_vs_no_ad_late,faa_log_f4_minus_f3,secondary,-0.11697956841828017
lab_subject_14,inline_late_vs_no_ad_late,faa_log_f4_minus_f3,secondary,-0.8251516010488302
lab_subject_15,inline_late_vs_no_ad_late,faa_log_f4_minus_f3,secondary,0.6437201260558467
lab_subject_16,inline_late_vs_no_ad_late,faa_log_f4_minus_f3,secondary,-0.8331285458209585
lab_subject_17,inline_late_vs_no_ad_late,faa_log_f4_minus_f3,secondary,1.1926990732136638
lab_subject_18,inline_late_vs_no_ad_late,faa_log_f4_minus_f3,secondary,0.5203004106598854
lab_subject_19,inline_late_vs_no_ad_late,faa_log_f4_minus_f3,secondary,-0.1420466862202936
lab_subject_2,inline_late_vs_no_ad_late,faa_log_f4_minus_f3,secondary,-0.47777404133195844
lab_subject_3,inline_late_vs_no_ad_late,faa_log_f4_minus_f3,secondary,-0.49836019357691796
lab_subject_5,inline_late_vs_no_ad_late,faa_log_f4_minus_f3,secondary,-0.5896924094845666
lab_subject_6,inline_late_vs_no_ad_late,faa_log_f4_minus_f3,secondary,0.2700642775044635
lab_subject_7,inline_late_vs_no_ad_late,faa_log_f4_minus_f3,secondary,-0.35290027082950814
lab_subject_8,inline_late_vs_no_ad_late,faa_log_f4_minus_f3,secondary,0.6429538303061371
lab_subject_9,inline_late_vs_no_ad_late,faa_log_f4_minus_f3,secondary,0.16172024501759097
lab_subject_1,block_late_vs_no_ad_late,faa_log_f4_minus_f3,secondary,-0.5223716460486507
lab_subject_10,block_late_vs_no_ad_late,faa_log_f4_minus_f3,secondary,-0.3798783577587166
lab_subject_11,block_late_vs_no_ad_late,faa_log_f4_minus_f3,secondary,-0.5388627700611259
lab_subject_12,block_late_vs_no_ad_late,faa_log_f4_minus_f3,secondary,0.0825007141284324
lab_subject_13,block_late_vs_no_ad_late,faa_log_f4_minus_f3,secondary,-0.15709235499272367
lab_subject_14,block_late_vs_no_ad_late,faa_log_f4_minus_f3,secondary,-0.18642023072444047
lab_subject_15,block_late_vs_no_ad_late,faa_log_f4_minus_f3,secondary,0.34236722194242475
lab_subject_16,block_late_vs_no_ad_late,faa_log_f4_minus_f3,secondary,0.6231832855956831
lab_subject_17,block_late_vs_no_ad_late,faa_log_f4_minus_f3,secondary,-0.3489422540375138
lab_subject_18,block_late_vs_no_ad_late,faa_log_f4_minus_f3,secondary,0.48634420130145983
lab_subject_19,block_late_vs_no_ad_late,faa_log_f4_minus_f3,secondary,-0.6639503284948596
lab_subject_2,block_late_vs_no_ad_late,faa_log_f4_minus_f3,secondary,-0.6553193845516105
lab_subject_3,block_late_vs_no_ad_late,faa_log_f4_minus_f3,secondary,-0.019099928155817736
lab_subject_5,block_late_vs_no_ad_late,faa_log_f4_minus_f3,secondary,-0.8661921896958518
lab_subject_6,block_late_vs_no_ad_late,faa_log_f4_minus_f3,secondary,0.12941453423361438
lab_subject_7,block_late_vs_no_ad_late,faa_log_f4_minus_f3,secondary,-0.9177442414720112
lab_subject_8,block_late_vs_no_ad_late,faa_log_f4_minus_f3,secondary,-0.14832719922156556
lab_subject_9,block_late_vs_no_ad_late,faa_log_f4_minus_f3,secondary,0.18924899365406134
lab_subject_1,any_ad_vs_matched_no_ad,faa_log_f4_minus_f3,secondary,-0.09915250150175403
lab_subject_10,any_ad_vs_matched_no_ad,faa_log_f4_minus_f3,secondary,0.15146050001054512
lab_subject_11,any_ad_vs_matched_no_ad,faa_log_f4_minus_f3,secondary,0.047631732505980295
lab_subject_12,any_ad_vs_matched_no_ad,faa_log_f4_minus_f3,secondary,-0.14448182152972766
lab_subject_13,any_ad_vs_matched_no_ad,faa_log_f4_minus_f3,secondary,-0.1423363050515194
lab_subject_14,any_ad_vs_matched_no_ad,faa_log_f4_minus_f3,secondary,-0.2783031218357559
lab_subject_15,any_ad_vs_matched_no_ad,faa_log_f4_minus_f3,secondary,0.15109496200133776
lab_subject_16,any_ad_vs_matched_no_ad,faa_log_f4_minus_f3,secondary,0.07695730116563215
lab_subject_17,any_ad_vs_matched_no_ad,faa_log_f4_minus_f3,secondary,0.11483152479116754
lab_subject_18,any_ad_vs_matched_no_ad,faa_log_f4_minus_f3,secondary,0.34040254126898173
lab_subject_19,any_ad_vs_matched_no_ad,faa_log_f4_minus_f3,secondary,-0.3367925788828785
lab_subject_2,any_ad_vs_matched_no_ad,faa_log_f4_minus_f3,secondary,-0.8442642579501225
lab_subject_3,any_ad_vs_matched_no_ad,faa_log_f4_minus_f3,secondary,-0.14073401055407775
lab_subject_5,any_ad_vs_matched_no_ad,faa_log_f4_minus_f3,secondary,-0.4170360690888941
lab_subject_6,any_ad_vs_matched_no_ad,faa_log_f4_minus_f3,secondary,0.3292171045145178
lab_subject_7,any_ad_vs_matched_no_ad,faa_log_f4_minus_f3,secondary,-0.10804328588448353
lab_subject_8,any_ad_vs_matched_no_ad,faa_log_f4_minus_f3,secondary,-0.07915310361354866
lab_subject_9,any_ad_vs_matched_no_ad,faa_log_f4_minus_f3,secondary,0.22303327463964973
lab_subject_1,inline_vs_block,faa_log_f4_minus_f3,secondary,-0.22137470989163432
lab_subject_10,inline_vs_block,faa_log_f4_minus_f3,secondary,0.22665761091532133
lab_subject_11,inline_vs_block,faa_log_f4_minus_f3,secondary,0.07765118090754797
lab_subject_12,inline_vs_block,faa_log_f4_minus_f3,secondary,-0.01904673326338191
lab_subject_13,inline_vs_block,faa_log_f4_minus_f3,secondary,-0.25927854349350277
lab_subject_14,inline_vs_block,faa_log_f4_minus_f3,secondary,-0.03106306260505498
lab_subject_15,inline_vs_block,faa_log_f4_minus_f3,secondary,-0.14213334023432012
lab_subject_16,inline_vs_block,faa_log_f4_minus_f3,secondary,-0.25347053332557756
lab_subject_17,inline_vs_block,faa_log_f4_minus_f3,secondary,0.6251066521461475
lab_subject_18,inline_vs_block,faa_log_f4_minus_f3,secondary,-0.39040306328034013
lab_subject_19,inline_vs_block,faa_log_f4_minus_f3,secondary,-0.12344523279690023
lab_subject_2,inline_vs_block,faa_log_f4_minus_f3,secondary,0.20298278470183462
lab_subject_3,inline_vs_block,faa_log_f4_minus_f3,secondary,-1.293681394208532
lab_subject_5,inline_vs_block,faa_log_f4_minus_f3,secondary,-0.0002765092499110722
lab_subject_6,inline_vs_block,faa_log_f4_minus_f3,secondary,0.23367867198133396
lab_subject_7,inline_vs_block,faa_log_f4_minus_f3,secondary,0.6316838882471121
lab_subject_8,inline_vs_block,faa_log_f4_minus_f3,secondary,0.39736911013592113
lab_subject_9,inline_vs_block,faa_log_f4_minus_f3,secondary,0.21928077940531132
lab_subject_1,early_vs_late,faa_log_f4_minus_f3,secondary,-0.1881882653668434
lab_subject_10,early_vs_late,faa_log_f4_minus_f3,secondary,-0.055842416475428536
lab_subject_11,early_vs_late,faa_log_f4_minus_f3,secondary,0.14972250352630212
lab_subject_12,early_vs_late,faa_log_f4_minus_f3,secondary,0.09396583059480257
lab_subject_13,early_vs_late,faa_log_f4_minus_f3,secondary,-0.26139639085551813
lab_subject_14,early_vs_late,faa_log_f4_minus_f3,secondary,-0.10157299010141507
lab_subject_15,early_vs_late,faa_log_f4_minus_f3,secondary,-0.31012159308799525
lab_subject_16,early_vs_late,faa_log_f4_minus_f3,secondary,0.474277937802869
lab_subject_17,early_vs_late,faa_log_f4_minus_f3,secondary,0.025444595324977115
lab_subject_18,early_vs_late,faa_log_f4_minus_f3,secondary,-0.024111459116168632
lab_subject_19,early_vs_late,faa_log_f4_minus_f3,secondary,0.22310589778860646
lab_subject_2,early_vs_late,faa_log_f4_minus_f3,secondary,-0.34055814331743406
lab_subject_3,early_vs_late,faa_log_f4_minus_f3,secondary,-0.3081318116979421
lab_subject_5,early_vs_late,faa_log_f4_minus_f3,secondary,0.1463457352007751
lab_subject_6,early_vs_late,faa_log_f4_minus_f3,secondary,-0.126205829399467
lab_subject_7,early_vs_late,faa_log_f4_minus_f3,secondary,0.2811892258397979
lab_subject_8,early_vs_late,faa_log_f4_minus_f3,secondary,0.058525283252501836
lab_subject_9,early_vs_late,faa_log_f4_minus_f3,secondary,0.46605001487532327
lab_subject_1,format_x_timing,faa_log_f4_minus_f3,secondary,-0.33137396826703025
lab_subject_10,format_x_timing,faa_log_f4_minus_f3,secondary,-0.4557581504049395
lab_subject_11,format_x_timing,faa_log_f4_minus_f3,secondary,-0.8092551473956036
lab_subject_12,format_x_timing,faa_log_f4_minus_f3,secondary,-1.1961939952044283
lab_subject_13,format_x_timing,faa_log_f4_minus_f3,secondary,-0.5987826601358925
lab_subject_14,format_x_timing,faa_log_f4_minus_f3,secondary,1.2153366154386696
lab_subject_15,format_x_timing,faa_log_f4_minus_f3,secondary,-0.8869724886954842
lab_subject_16,format_x_timing,faa_log_f4_minus_f3,secondary,2.405682596182128
lab_subject_17,format_x_timing,faa_log_f4_minus_f3,secondary,-1.8330693502100601
lab_subject_18,format_x_timing,faa_log_f4_minus_f3,secondary,-0.8487185452775314
lab_subject_19,format_x_timing,faa_log_f4_minus_f3,secondary,-1.2906977501429324
lab_subject_2,format_x_timing,faa_log_f4_minus_f3,secondary,0.05087488296436504
lab_subject_3,format_x_timing,faa_log_f4_minus_f3,secondary,-1.6288422575748633
lab_subject_5,format_x_timing,faa_log_f4_minus_f3,secondary,-0.5535525789223925
lab_subject_6,format_x_timing,faa_log_f4_minus_f3,secondary,0.1860578574209697
lab_subject_7,format_x_timing,faa_log_f4_minus_f3,secondary,0.1336798352092181
lab_subject_8,format_x_timing,faa_log_f4_minus_f3,secondary,-0.787823838783563
lab_subject_9,format_x_timing,faa_log_f4_minus_f3,secondary,0.4936190560835634
lab_subject_1,inline_early_vs_no_ad_early,delta_power_db_uv2,exploratory,-0.7231378254548719
lab_subject_10,inline_early_vs_no_ad_early,delta_power_db_uv2,exploratory,2.1159828431625733
lab_subject_11,inline_early_vs_no_ad_early,delta_power_db_uv2,exploratory,4.824660541972543
lab_subject_12,inline_early_vs_no_ad_early,delta_power_db_uv2,exploratory,2.08409434765613
lab_subject_13,inline_early_vs_no_ad_early,delta_power_db_uv2,exploratory,-3.1583350877439003
lab_subject_14,inline_early_vs_no_ad_early,delta_power_db_uv2,exploratory,-4.2648394043443005
lab_subject_15,inline_early_vs_no_ad_early,delta_power_db_uv2,exploratory,1.6194883564824192
lab_subject_16,inline_early_vs_no_ad_early,delta_power_db_uv2,exploratory,-4.652183553897457
lab_subject_17,inline_early_vs_no_ad_early,delta_power_db_uv2,exploratory,3.421900517683607
lab_subject_18,inline_early_vs_no_ad_early,delta_power_db_uv2,exploratory,0.9885826433933858
lab_subject_19,inline_early_vs_no_ad_early,delta_power_db_uv2,exploratory,-10.666273151998329
lab_subject_2,inline_early_vs_no_ad_early,delta_power_db_uv2,exploratory,2.0470884491767265
lab_subject_3,inline_early_vs_no_ad_early,delta_power_db_uv2,exploratory,7.165740763717826
lab_subject_5,inline_early_vs_no_ad_early,delta_power_db_uv2,exploratory,-5.4830234953407135
lab_subject_6,inline_early_vs_no_ad_early,delta_power_db_uv2,exploratory,4.634153091704082
lab_subject_7,inline_early_vs_no_ad_early,delta_power_db_uv2,exploratory,2.4314611357173295
lab_subject_8,inline_early_vs_no_ad_early,delta_power_db_uv2,exploratory,2.007961964375834
lab_subject_9,inline_early_vs_no_ad_early,delta_power_db_uv2,exploratory,-0.7023746344670734
lab_subject_1,block_early_vs_no_ad_early,delta_power_db_uv2,exploratory,5.054144755407268
lab_subject_10,block_early_vs_no_ad_early,delta_power_db_uv2,exploratory,-1.9993692001156447
lab_subject_11,block_early_vs_no_ad_early,delta_power_db_uv2,exploratory,7.452795893349485
lab_subject_12,block_early_vs_no_ad_early,delta_power_db_uv2,exploratory,8.016258971427506
lab_subject_13,block_early_vs_no_ad_early,delta_power_db_uv2,exploratory,-3.5404542908230567
lab_subject_14,block_early_vs_no_ad_early,delta_power_db_uv2,exploratory,7.31422557320208
lab_subject_15,block_early_vs_no_ad_early,delta_power_db_uv2,exploratory,-5.072092591415892
lab_subject_16,block_early_vs_no_ad_early,delta_power_db_uv2,exploratory,0.9604402052576493
lab_subject_17,block_early_vs_no_ad_early,delta_power_db_uv2,exploratory,0.48378064787035413
lab_subject_18,block_early_vs_no_ad_early,delta_power_db_uv2,exploratory,3.0774938360674895
lab_subject_19,block_early_vs_no_ad_early,delta_power_db_uv2,exploratory,-7.69409211908728
lab_subject_2,block_early_vs_no_ad_early,delta_power_db_uv2,exploratory,8.961743446629105
lab_subject_3,block_early_vs_no_ad_early,delta_power_db_uv2,exploratory,8.441718037212954
lab_subject_5,block_early_vs_no_ad_early,delta_power_db_uv2,exploratory,-3.0423955732552628
lab_subject_6,block_early_vs_no_ad_early,delta_power_db_uv2,exploratory,-1.9172346105267266
lab_subject_7,block_early_vs_no_ad_early,delta_power_db_uv2,exploratory,3.0073865530156816
lab_subject_8,block_early_vs_no_ad_early,delta_power_db_uv2,exploratory,-0.020292005779865008
lab_subject_9,block_early_vs_no_ad_early,delta_power_db_uv2,exploratory,-4.760656383640683
lab_subject_1,inline_late_vs_no_ad_late,delta_power_db_uv2,exploratory,2.1359194897815446
lab_subject_10,inline_late_vs_no_ad_late,delta_power_db_uv2,exploratory,-11.342986278502964
lab_subject_11,inline_late_vs_no_ad_late,delta_power_db_uv2,exploratory,1.7389923625614578
lab_subject_12,inline_late_vs_no_ad_late,delta_power_db_uv2,exploratory,-0.8585503004774946
lab_subject_13,inline_late_vs_no_ad_late,delta_power_db_uv2,exploratory,2.952352985219358
lab_subject_14,inline_late_vs_no_ad_late,delta_power_db_uv2,exploratory,10.609185153198904
lab_subject_15,inline_late_vs_no_ad_late,delta_power_db_uv2,exploratory,2.7398236867523096
lab_subject_16,inline_late_vs_no_ad_late,delta_power_db_uv2,exploratory,-3.945848591113405
lab_subject_17,inline_late_vs_no_ad_late,delta_power_db_uv2,exploratory,-2.350009890593805
lab_subject_18,inline_late_vs_no_ad_late,delta_power_db_uv2,exploratory,1.1483948433330209
lab_subject_19,inline_late_vs_no_ad_late,delta_power_db_uv2,exploratory,-1.1545973389232103
lab_subject_2,inline_late_vs_no_ad_late,delta_power_db_uv2,exploratory,-5.935070856155152
lab_subject_3,inline_late_vs_no_ad_late,delta_power_db_uv2,exploratory,4.415023535592351
lab_subject_5,inline_late_vs_no_ad_late,delta_power_db_uv2,exploratory,-1.5010150392407589
lab_subject_6,inline_late_vs_no_ad_late,delta_power_db_uv2,exploratory,-1.3423743222385323
lab_subject_7,inline_late_vs_no_ad_late,delta_power_db_uv2,exploratory,2.0437550465768677
lab_subject_8,inline_late_vs_no_ad_late,delta_power_db_uv2,exploratory,3.433858118414804
lab_subject_9,inline_late_vs_no_ad_late,delta_power_db_uv2,exploratory,4.807471810811311
lab_subject_1,block_late_vs_no_ad_late,delta_power_db_uv2,exploratory,8.616884268120145
lab_subject_10,block_late_vs_no_ad_late,delta_power_db_uv2,exploratory,-2.0571333385350705
lab_subject_11,block_late_vs_no_ad_late,delta_power_db_uv2,exploratory,-0.7144069143511267
lab_subject_12,block_late_vs_no_ad_late,delta_power_db_uv2,exploratory,3.507194042023416
lab_subject_13,block_late_vs_no_ad_late,delta_power_db_uv2,exploratory,0.060958530719306125
lab_subject_14,block_late_vs_no_ad_late,delta_power_db_uv2,exploratory,9.263571325543138
lab_subject_15,block_late_vs_no_ad_late,delta_power_db_uv2,exploratory,4.395234187015223
lab_subject_16,block_late_vs_no_ad_late,delta_power_db_uv2,exploratory,0.4681695646602524
lab_subject_17,block_late_vs_no_ad_late,delta_power_db_uv2,exploratory,-3.567042446403052
lab_subject_18,block_late_vs_no_ad_late,delta_power_db_uv2,exploratory,-0.39437894346318103
lab_subject_19,block_late_vs_no_ad_late,delta_power_db_uv2,exploratory,0.7179259689164219
lab_subject_2,block_late_vs_no_ad_late,delta_power_db_uv2,exploratory,-4.53764702729619
lab_subject_3,block_late_vs_no_ad_late,delta_power_db_uv2,exploratory,1.3940941264736484
lab_subject_5,block_late_vs_no_ad_late,delta_power_db_uv2,exploratory,-8.247099655265103
lab_subject_6,block_late_vs_no_ad_late,delta_power_db_uv2,exploratory,-4.320559353523754
lab_subject_7,block_late_vs_no_ad_late,delta_power_db_uv2,exploratory,-4.983564840231979
lab_subject_8,block_late_vs_no_ad_late,delta_power_db_uv2,exploratory,-2.186648140544536
lab_subject_9,block_late_vs_no_ad_late,delta_power_db_uv2,exploratory,1.0372244736569662
lab_subject_1,any_ad_vs_matched_no_ad,delta_power_db_uv2,exploratory,3.7709526719635216
lab_subject_10,any_ad_vs_matched_no_ad,delta_power_db_uv2,exploratory,-3.3208764934977766
lab_subject_11,any_ad_vs_matched_no_ad,delta_power_db_uv2,exploratory,3.32551047088309
lab_subject_12,any_ad_vs_matched_no_ad,delta_power_db_uv2,exploratory,3.1872492651573894
lab_subject_13,any_ad_vs_matched_no_ad,delta_power_db_uv2,exploratory,-0.9213694656570732
lab_subject_14,any_ad_vs_matched_no_ad,delta_power_db_uv2,exploratory,5.730535661899955
lab_subject_15,any_ad_vs_matched_no_ad,delta_power_db_uv2,exploratory,0.920613409708515
lab_subject_16,any_ad_vs_matched_no_ad,delta_power_db_uv2,exploratory,-1.79235559377324
lab_subject_17,any_ad_vs_matched_no_ad,delta_power_db_uv2,exploratory,-0.502842792860724
lab_subject_18,any_ad_vs_matched_no_ad,delta_power_db_uv2,exploratory,1.2050230948326788
lab_subject_19,any_ad_vs_matched_no_ad,delta_power_db_uv2,exploratory,-4.699259160273099
lab_subject_2,any_ad_vs_matched_no_ad,delta_power_db_uv2,exploratory,0.13402850308862213
lab_subject_3,any_ad_vs_matched_no_ad,delta_power_db_uv2,exploratory,5.354144115749195
lab_subject_5,any_ad_vs_matched_no_ad,delta_power_db_uv2,exploratory,-4.5683834407754595
lab_subject_6,any_ad_vs_matched_no_ad,delta_power_db_uv2,exploratory,-0.7365037986462326
lab_subject_7,any_ad_vs_matched_no_ad,delta_power_db_uv2,exploratory,0.6247594737694748
lab_subject_8,any_ad_vs_matched_no_ad,delta_power_db_uv2,exploratory,0.8087199841165593
lab_subject_9,any_ad_vs_matched_no_ad,delta_power_db_uv2,exploratory,0.09541631659013028
lab_subject_1,inline_vs_block,delta_power_db_uv2,exploratory,-6.1291236796003705
lab_subject_10,inline_vs_block,delta_power_db_uv2,exploratory,-2.585250448344838
lab_subject_11,inline_vs_block,delta_power_db_uv2,exploratory,-0.08736803723217879
lab_subject_12,inline_vs_block,delta_power_db_uv2,exploratory,-5.148954483136143
lab_subject_13,inline_vs_block,delta_power_db_uv2,exploratory,1.6367568287896042
lab_subject_14,inline_vs_block,delta_power_db_uv2,exploratory,-5.116725574945307
lab_subject_15,inline_vs_block,delta_power_db_uv2,exploratory,2.5180852238176987
lab_subject_16,inline_vs_block,delta_power_db_uv2,exploratory,-5.013320957464382
lab_subject_17,inline_vs_block,delta_power_db_uv2,exploratory,2.07757621281125
lab_subject_18,inline_vs_block,delta_power_db_uv2,exploratory,-0.2730687029389509
lab_subject_19,inline_vs_block,delta_power_db_uv2,exploratory,-2.4223521703753406
lab_subject_2,inline_vs_block,delta_power_db_uv2,exploratory,-4.15603941315567
lab_subject_3,inline_vs_block,delta_power_db_uv2,exploratory,0.8724760678117871
lab_subject_5,inline_vs_block,delta_power_db_uv2,exploratory,2.1527283469694467
lab_subject_6,inline_vs_block,delta_power_db_uv2,exploratory,4.764786366758015
lab_subject_7,inline_vs_block,delta_power_db_uv2,exploratory,3.2256972347552475
lab_subject_8,inline_vs_block,delta_power_db_uv2,exploratory,3.8243801145575196
lab_subject_9,inline_vs_block,delta_power_db_uv2,exploratory,3.914264543163977
lab_subject_1,early_vs_late,delta_power_db_uv2,exploratory,0.0722377832676564
lab_subject_10,early_vs_late,delta_power_db_uv2,exploratory,0.790981693111326
lab_subject_11,early_vs_late,delta_power_db_uv2,exploratory,0.45838049053162333
lab_subject_12,early_vs_late,delta_power_db_uv2,exploratory,2.353442011714491
lab_subject_13,early_vs_late,delta_power_db_uv2,exploratory,0.6525120108028553
lab_subject_14,early_vs_late,delta_power_db_uv2,exploratory,-5.491191710604872
lab_subject_15,early_vs_late,delta_power_db_uv2,exploratory,-6.387874242445922
lab_subject_16,early_vs_late,delta_power_db_uv2,exploratory,-1.17664247199588
lab_subject_17,early_vs_late,delta_power_db_uv2,exploratory,0.4803771245564743
lab_subject_18,early_vs_late,delta_power_db_uv2,exploratory,2.77178705751117
lab_subject_19,early_vs_late,delta_power_db_uv2,exploratory,1.3540242638012359
lab_subject_2,early_vs_late,delta_power_db_uv2,exploratory,5.309827080786396
lab_subject_3,early_vs_late,delta_power_db_uv2,exploratory,1.5340071980309347
lab_subject_5,early_vs_late,delta_power_db_uv2,exploratory,-2.88215717697366
lab_subject_6,early_vs_late,delta_power_db_uv2,exploratory,-1.9057930683306772
lab_subject_7,early_vs_late,delta_power_db_uv2,exploratory,0.4688967265293522
lab_subject_8,early_vs_late,delta_power_db_uv2,exploratory,-2.17947303280829
lab_subject_9,early_vs_late,delta_power_db_uv2,exploratory,-1.229365627823313
lab_subject_1,format_x_timing,delta_power_db_uv2,exploratory,0.7036821974764607
lab_subject_10,format_x_timing,delta_power_db_uv2,exploratory,13.401204983246112
lab_subject_11,format_x_timing,delta_power_db_uv2,exploratory,-5.081534628289527
lab_subject_12,format_x_timing,delta_power_db_uv2,exploratory,-1.5664202812704655
lab_subject_13,format_x_timing,delta_power_db_uv2,exploratory,-2.5092752514208954
lab_subject_14,format_x_timing,delta_power_db_uv2,exploratory,-12.924678805202147
lab_subject_15,format_x_timing,delta_power_db_uv2,exploratory,8.346991448161225
lab_subject_16,format_x_timing,delta_power_db_uv2,exploratory,-1.1986056033814485
lab_subject_17,format_x_timing,delta_power_db_uv2,exploratory,1.7210873140040057
lab_subject_18,format_x_timing,delta_power_db_uv2,exploratory,-3.6316849794703057
lab_subject_19,format_x_timing,delta_power_db_uv2,exploratory,-1.0996577250714168
lab_subject_2,format_x_timing,delta_power_db_uv2,exploratory,-5.517231168593417
lab_subject_3,format_x_timing,delta_power_db_uv2,exploratory,-4.29690668261383
lab_subject_5,format_x_timing,delta_power_db_uv2,exploratory,-9.186712538109795
lab_subject_6,format_x_timing,delta_power_db_uv2,exploratory,3.5732026709455873
lab_subject_7,format_x_timing,delta_power_db_uv2,exploratory,-7.603245304107199
lab_subject_8,format_x_timing,delta_power_db_uv2,exploratory,-3.592252288803641
lab_subject_9,format_x_timing,delta_power_db_uv2,exploratory,0.2880344120192646
lab_subject_1,inline_early_vs_no_ad_early,gamma_power_db_uv2,exploratory,-1.8751941882494152
lab_subject_10,inline_early_vs_no_ad_early,gamma_power_db_uv2,exploratory,0.4517803284358397
lab_subject_11,inline_early_vs_no_ad_early,gamma_power_db_uv2,exploratory,0.4337453394417907
lab_subject_12,inline_early_vs_no_ad_early,gamma_power_db_uv2,exploratory,2.1531468070542763
lab_subject_13,inline_early_vs_no_ad_early,gamma_power_db_uv2,exploratory,0.3564813803279728
lab_subject_14,inline_early_vs_no_ad_early,gamma_power_db_uv2,exploratory,-2.952982990458495
lab_subject_15,inline_early_vs_no_ad_early,gamma_power_db_uv2,exploratory,-1.3357535152835571
lab_subject_16,inline_early_vs_no_ad_early,gamma_power_db_uv2,exploratory,-2.39709044641974
lab_subject_17,inline_early_vs_no_ad_early,gamma_power_db_uv2,exploratory,0.829120548561316
lab_subject_18,inline_early_vs_no_ad_early,gamma_power_db_uv2,exploratory,-1.1130976276692097
lab_subject_19,inline_early_vs_no_ad_early,gamma_power_db_uv2,exploratory,-0.6050407877600014
lab_subject_2,inline_early_vs_no_ad_early,gamma_power_db_uv2,exploratory,4.393900785002003
lab_subject_3,inline_early_vs_no_ad_early,gamma_power_db_uv2,exploratory,-0.6090048124084726
lab_subject_5,inline_early_vs_no_ad_early,gamma_power_db_uv2,exploratory,-1.9247722714060278
lab_subject_6,inline_early_vs_no_ad_early,gamma_power_db_uv2,exploratory,0.993104020501486
lab_subject_7,inline_early_vs_no_ad_early,gamma_power_db_uv2,exploratory,-0.8476601668246646
lab_subject_8,inline_early_vs_no_ad_early,gamma_power_db_uv2,exploratory,1.0049222715500508
lab_subject_9,inline_early_vs_no_ad_early,gamma_power_db_uv2,exploratory,-0.4724260870753003
lab_subject_1,block_early_vs_no_ad_early,gamma_power_db_uv2,exploratory,-0.8347506320827818
lab_subject_10,block_early_vs_no_ad_early,gamma_power_db_uv2,exploratory,-5.291181160721022
lab_subject_11,block_early_vs_no_ad_early,gamma_power_db_uv2,exploratory,-0.04080250460137169
lab_subject_12,block_early_vs_no_ad_early,gamma_power_db_uv2,exploratory,0.42853543015118056
lab_subject_13,block_early_vs_no_ad_early,gamma_power_db_uv2,exploratory,-0.6721881698403358
lab_subject_14,block_early_vs_no_ad_early,gamma_power_db_uv2,exploratory,-0.726885876078704
lab_subject_15,block_early_vs_no_ad_early,gamma_power_db_uv2,exploratory,-3.9952365022420846
lab_subject_16,block_early_vs_no_ad_early,gamma_power_db_uv2,exploratory,-1.2347514741011532
lab_subject_17,block_early_vs_no_ad_early,gamma_power_db_uv2,exploratory,1.3683296448763764
lab_subject_18,block_early_vs_no_ad_early,gamma_power_db_uv2,exploratory,2.2891961147653594
lab_subject_19,block_early_vs_no_ad_early,gamma_power_db_uv2,exploratory,0.3844488729597033
lab_subject_2,block_early_vs_no_ad_early,gamma_power_db_uv2,exploratory,2.5974741907033345
lab_subject_3,block_early_vs_no_ad_early,gamma_power_db_uv2,exploratory,0.1094578523323464
lab_subject_5,block_early_vs_no_ad_early,gamma_power_db_uv2,exploratory,-1.528616687443654
lab_subject_6,block_early_vs_no_ad_early,gamma_power_db_uv2,exploratory,-0.5064289420656584
lab_subject_7,block_early_vs_no_ad_early,gamma_power_db_uv2,exploratory,-0.16023801007096505
lab_subject_8,block_early_vs_no_ad_early,gamma_power_db_uv2,exploratory,1.1048000233701147
lab_subject_9,block_early_vs_no_ad_early,gamma_power_db_uv2,exploratory,-1.229606933808359
lab_subject_1,inline_late_vs_no_ad_late,gamma_power_db_uv2,exploratory,-0.9279766971723049
lab_subject_10,inline_late_vs_no_ad_late,gamma_power_db_uv2,exploratory,-0.3109062597844898
lab_subject_11,inline_late_vs_no_ad_late,gamma_power_db_uv2,exploratory,0.7529490140865639
lab_subject_12,inline_late_vs_no_ad_late,gamma_power_db_uv2,exploratory,0.25684995213734374
lab_subject_13,inline_late_vs_no_ad_late,gamma_power_db_uv2,exploratory,-0.8656436763236062
lab_subject_14,inline_late_vs_no_ad_late,gamma_power_db_uv2,exploratory,0.6053657789210227
lab_subject_15,inline_late_vs_no_ad_late,gamma_power_db_uv2,exploratory,1.861854294146664
lab_subject_16,inline_late_vs_no_ad_late,gamma_power_db_uv2,exploratory,-0.5488132180138923
lab_subject_17,inline_late_vs_no_ad_late,gamma_power_db_uv2,exploratory,0.3938259201181591
lab_subject_18,inline_late_vs_no_ad_late,gamma_power_db_uv2,exploratory,1.258040942348382
lab_subject_19,inline_late_vs_no_ad_late,gamma_power_db_uv2,exploratory,0.522931477133642
lab_subject_2,inline_late_vs_no_ad_late,gamma_power_db_uv2,exploratory,0.1054963705727161
lab_subject_3,inline_late_vs_no_ad_late,gamma_power_db_uv2,exploratory,-0.09637884536079078
lab_subject_5,inline_late_vs_no_ad_late,gamma_power_db_uv2,exploratory,0.3382251070732938
lab_subject_6,inline_late_vs_no_ad_late,gamma_power_db_uv2,exploratory,-0.5439597240236256
lab_subject_7,inline_late_vs_no_ad_late,gamma_power_db_uv2,exploratory,-0.14632012595932853
lab_subject_8,inline_late_vs_no_ad_late,gamma_power_db_uv2,exploratory,-0.3755004530834414
lab_subject_9,inline_late_vs_no_ad_late,gamma_power_db_uv2,exploratory,0.49800081532490914
lab_subject_1,block_late_vs_no_ad_late,gamma_power_db_uv2,exploratory,-1.0637451410887326
lab_subject_10,block_late_vs_no_ad_late,gamma_power_db_uv2,exploratory,0.6665156257731251
lab_subject_11,block_late_vs_no_ad_late,gamma_power_db_uv2,exploratory,0.7520285398940914
lab_subject_12,block_late_vs_no_ad_late,gamma_power_db_uv2,exploratory,-0.6295261774831057
lab_subject_13,block_late_vs_no_ad_late,gamma_power_db_uv2,exploratory,1.4232267404208838
lab_subject_14,block_late_vs_no_ad_late,gamma_power_db_uv2,exploratory,0.8272677415921188
lab_subject_15,block_late_vs_no_ad_late,gamma_power_db_uv2,exploratory,9.279216258754818
lab_subject_16,block_late_vs_no_ad_late,gamma_power_db_uv2,exploratory,-3.502827287465368
lab_subject_17,block_late_vs_no_ad_late,gamma_power_db_uv2,exploratory,1.5300072959992468
lab_subject_18,block_late_vs_no_ad_late,gamma_power_db_uv2,exploratory,0.8827142402753125
lab_subject_19,block_late_vs_no_ad_late,gamma_power_db_uv2,exploratory,-0.9704987136107143
lab_subject_2,block_late_vs_no_ad_late,gamma_power_db_uv2,exploratory,-1.2273539024482893
lab_subject_3,block_late_vs_no_ad_late,gamma_power_db_uv2,exploratory,-2.48519094846101
lab_subject_5,block_late_vs_no_ad_late,gamma_power_db_uv2,exploratory,0.4701779324828257
lab_subject_6,block_late_vs_no_ad_late,gamma_power_db_uv2,exploratory,1.1467060890933034
lab_subject_7,block_late_vs_no_ad_late,gamma_power_db_uv2,exploratory,-0.244418661039977
lab_subject_8,block_late_vs_no_ad_late,gamma_power_db_uv2,exploratory,-0.16788113603461663
lab_subject_9,block_late_vs_no_ad_late,gamma_power_db_uv2,exploratory,1.1728600433108776
lab_subject_1,any_ad_vs_matched_no_ad,gamma_power_db_uv2,exploratory,-1.1754166646483086
lab_subject_10,any_ad_vs_matched_no_ad,gamma_power_db_uv2,exploratory,-1.1209478665741368
lab_subject_11,any_ad_vs_matched_no_ad,gamma_power_db_uv2,exploratory,0.47448009720526857
lab_subject_12,any_ad_vs_matched_no_ad,gamma_power_db_uv2,exploratory,0.5522515029649238
lab_subject_13,any_ad_vs_matched_no_ad,gamma_power_db_uv2,exploratory,0.060469068646228696
lab_subject_14,any_ad_vs_matched_no_ad,gamma_power_db_uv2,exploratory,-0.5618088365060143
lab_subject_15,any_ad_vs_matched_no_ad,gamma_power_db_uv2,exploratory,1.4525201338439602
lab_subject_16,any_ad_vs_matched_no_ad,gamma_power_db_uv2,exploratory,-1.9208706065000383
lab_subject_17,any_ad_vs_matched_no_ad,gamma_power_db_uv2,exploratory,1.0303208523887746
lab_subject_18,any_ad_vs_matched_no_ad,gamma_power_db_uv2,exploratory,0.829213417429961
lab_subject_19,any_ad_vs_matched_no_ad,gamma_power_db_uv2,exploratory,-0.1670397878193426
lab_subject_2,any_ad_vs_matched_no_ad,gamma_power_db_uv2,exploratory,1.467379360957441
lab_subject_3,any_ad_vs_matched_no_ad,gamma_power_db_uv2,exploratory,-0.7702791884744817
lab_subject_5,any_ad_vs_matched_no_ad,gamma_power_db_uv2,exploratory,-0.6612464798233906
lab_subject_6,any_ad_vs_matched_no_ad,gamma_power_db_uv2,exploratory,0.27235536087637624
lab_subject_7,any_ad_vs_matched_no_ad,gamma_power_db_uv2,exploratory,-0.3496592409737338
lab_subject_8,any_ad_vs_matched_no_ad,gamma_power_db_uv2,exploratory,0.3915851764505269
lab_subject_9,any_ad_vs_matched_no_ad,gamma_power_db_uv2,exploratory,-0.0077930405619681675
lab_subject_1,inline_vs_block,gamma_power_db_uv2,exploratory,-0.45233755612510285
lab_subject_10,inline_vs_block,gamma_power_db_uv2,exploratory,2.3827698017996237
lab_subject_11,inline_vs_block,gamma_power_db_uv2,exploratory,0.23773415911781748
lab_subject_12,inline_vs_block,gamma_power_db_uv2,exploratory,1.3054937532617727
lab_subject_13,inline_vs_block,gamma_power_db_uv2,exploratory,-0.6301004332880906
lab_subject_14,inline_vs_block,gamma_power_db_uv2,exploratory,-1.2239995385254436
lab_subject_15,inline_vs_block,gamma_power_db_uv2,exploratory,-2.3789394888248134
lab_subject_16,inline_vs_block,gamma_power_db_uv2,exploratory,0.8958375485664445
lab_subject_17,inline_vs_block,gamma_power_db_uv2,exploratory,-0.8376952360980741
lab_subject_18,inline_vs_block,gamma_power_db_uv2,exploratory,-1.51348352018075
lab_subject_19,inline_vs_block,gamma_power_db_uv2,exploratory,0.2519702650123258
lab_subject_2,inline_vs_block,gamma_power_db_uv2,exploratory,1.5646384336598371
lab_subject_3,inline_vs_block,gamma_power_db_uv2,exploratory,0.8351747191797001
lab_subject_5,inline_vs_block,gamma_power_db_uv2,exploratory,-0.26405420468595286
lab_subject_6,inline_vs_block,gamma_power_db_uv2,exploratory,-0.09556642527489223
lab_subject_7,inline_vs_block,gamma_power_db_uv2,exploratory,-0.29466181083652554
lab_subject_8,inline_vs_block,gamma_power_db_uv2,exploratory,-0.15374853443444436
lab_subject_9,inline_vs_block,gamma_power_db_uv2,exploratory,0.04116080937354516
lab_subject_1,early_vs_late,gamma_power_db_uv2,exploratory,-0.18929895655189233
lab_subject_10,early_vs_late,gamma_power_db_uv2,exploratory,1.598456368907555
lab_subject_11,early_vs_late,gamma_power_db_uv2,exploratory,-0.6742948020652222
lab_subject_12,early_vs_late,gamma_power_db_uv2,exploratory,1.0555982428753494
lab_subject_13,early_vs_late,gamma_power_db_uv2,exploratory,0.1499385539227348
lab_subject_14,early_vs_late,gamma_power_db_uv2,exploratory,-4.351808785799234
lab_subject_15,early_vs_late,gamma_power_db_uv2,exploratory,-7.096623870597743
lab_subject_16,early_vs_late,gamma_power_db_uv2,exploratory,2.3756163629534677
lab_subject_17,early_vs_late,gamma_power_db_uv2,exploratory,-1.6860295961638667
lab_subject_18,early_vs_late,gamma_power_db_uv2,exploratory,-2.9243222303448793
lab_subject_19,early_vs_late,gamma_power_db_uv2,exploratory,0.503844543807954
lab_subject_2,early_vs_late,gamma_power_db_uv2,exploratory,0.6124671338544587
lab_subject_3,early_vs_late,gamma_power_db_uv2,exploratory,-0.9509024455947377
lab_subject_5,early_vs_late,gamma_power_db_uv2,exploratory,-2.36186225771127
lab_subject_6,early_vs_late,gamma_power_db_uv2,exploratory,-0.4171442863226933
lab_subject_7,early_vs_late,gamma_power_db_uv2,exploratory,-0.4741455121025817
lab_subject_8,early_vs_late,gamma_power_db_uv2,exploratory,0.8067448090180688
lab_subject_9,early_vs_late,gamma_power_db_uv2,exploratory,-1.3806309251502245
lab_subject_1,format_x_timing,gamma_power_db_uv2,exploratory,-1.1762120000830611
lab_subject_10,format_x_timing,gamma_power_db_uv2,exploratory,6.720383374714478
lab_subject_11,format_x_timing,gamma_power_db_uv2,exploratory,0.47362736985068987
lab_subject_12,format_x_timing,gamma_power_db_uv2,exploratory,0.8382352472826463
lab_subject_13,format_x_timing,gamma_power_db_uv2,exploratory,3.3175399669127987
lab_subject_14,format_x_timing,gamma_power_db_uv2,exploratory,-2.004195151708695
lab_subject_15,format_x_timing,gamma_power_db_uv2,exploratory,10.076844951566681
lab_subject_16,format_x_timing,gamma_power_db_uv2,exploratory,-4.116353041770062
lab_subject_17,format_x_timing,gamma_power_db_uv2,exploratory,0.5969722795660273
lab_subject_18,format_x_timing,gamma_power_db_uv2,exploratory,-3.7776204445076385
lab_subject_19,format_x_timing,gamma_power_db_uv2,exploratory,-2.482919851464061
lab_subject_2,format_x_timing,gamma_power_db_uv2,exploratory,0.46357632127766335
lab_subject_3,format_x_timing,gamma_power_db_uv2,exploratory,-3.107274767841038
lab_subject_5,format_x_timing,gamma_power_db_uv2,exploratory,-0.2642027585528419
lab_subject_6,format_x_timing,gamma_power_db_uv2,exploratory,3.1901987756840735
lab_subject_7,format_x_timing,gamma_power_db_uv2,exploratory,-0.785520691834348
lab_subject_8,format_x_timing,gamma_power_db_uv2,exploratory,0.10774156522876077
lab_subject_9,format_x_timing,gamma_power_db_uv2,exploratory,1.4320400747190272
lab_subject_1,inline_early_vs_no_ad_early,delta_relative_power,exploratory,-0.1402100027285612
lab_subject_10,inline_early_vs_no_ad_early,delta_relative_power,exploratory,0.13929195562468244
lab_subject_11,inline_early_vs_no_ad_early,delta_relative_power,exploratory,0.23934094429156483
lab_subject_12,inline_early_vs_no_ad_early,delta_relative_power,exploratory,0.08617857234557086
lab_subject_13,inline_early_vs_no_ad_early,delta_relative_power,exploratory,-0.15185271940757128
lab_subject_14,inline_early_vs_no_ad_early,delta_relative_power,exploratory,0.11686150968566977
lab_subject_15,inline_early_vs_no_ad_early,delta_relative_power,exploratory,0.025624871953157102
lab_subject_16,inline_early_vs_no_ad_early,delta_relative_power,exploratory,-0.15554546303684813
lab_subject_17,inline_early_vs_no_ad_early,delta_relative_power,exploratory,0.10282926116543867
lab_subject_18,inline_early_vs_no_ad_early,delta_relative_power,exploratory,0.027448600773088028
lab_subject_19,inline_early_vs_no_ad_early,delta_relative_power,exploratory,-0.36511962433072576
lab_subject_2,inline_early_vs_no_ad_early,delta_relative_power,exploratory,0.02938183276941958
lab_subject_3,inline_early_vs_no_ad_early,delta_relative_power,exploratory,0.3097633539993326
lab_subject_5,inline_early_vs_no_ad_early,delta_relative_power,exploratory,-0.2525454415176775
lab_subject_6,inline_early_vs_no_ad_early,delta_relative_power,exploratory,0.16644398063487548
lab_subject_7,inline_early_vs_no_ad_early,delta_relative_power,exploratory,0.06986064763624228
lab_subject_8,inline_early_vs_no_ad_early,delta_relative_power,exploratory,0.16275401994829652
lab_subject_9,inline_early_vs_no_ad_early,delta_relative_power,exploratory,-0.004865497842606259
lab_subject_1,block_early_vs_no_ad_early,delta_relative_power,exploratory,0.19399096810143568
lab_subject_10,block_early_vs_no_ad_early,delta_relative_power,exploratory,0.030469165754621552
lab_subject_11,block_early_vs_no_ad_early,delta_relative_power,exploratory,0.3428605006098016
lab_subject_12,block_early_vs_no_ad_early,delta_relative_power,exploratory,0.4203577548684351
lab_subject_13,block_early_vs_no_ad_early,delta_relative_power,exploratory,-0.1369581250521804
lab_subject_14,block_early_vs_no_ad_early,delta_relative_power,exploratory,0.31544581853465775
lab_subject_15,block_early_vs_no_ad_early,delta_relative_power,exploratory,-0.07260678099653162
lab_subject_16,block_early_vs_no_ad_early,delta_relative_power,exploratory,0.04659906584903717
lab_subject_17,block_early_vs_no_ad_early,delta_relative_power,exploratory,-0.029104764296180807
lab_subject_18,block_early_vs_no_ad_early,delta_relative_power,exploratory,0.053474221522667176
lab_subject_19,block_early_vs_no_ad_early,delta_relative_power,exploratory,-0.1486211683725932
lab_subject_2,block_early_vs_no_ad_early,delta_relative_power,exploratory,0.1802413763096739
lab_subject_3,block_early_vs_no_ad_early,delta_relative_power,exploratory,0.3871580731714273
lab_subject_5,block_early_vs_no_ad_early,delta_relative_power,exploratory,-0.15994405782190724
lab_subject_6,block_early_vs_no_ad_early,delta_relative_power,exploratory,-0.09704118970308778
lab_subject_7,block_early_vs_no_ad_early,delta_relative_power,exploratory,0.09601367829512941
lab_subject_8,block_early_vs_no_ad_early,delta_relative_power,exploratory,-0.02747655855789055
lab_subject_9,block_early_vs_no_ad_early,delta_relative_power,exploratory,-0.1181512350558267
lab_subject_1,inline_late_vs_no_ad_late,delta_relative_power,exploratory,0.14491900866409319
lab_subject_10,inline_late_vs_no_ad_late,delta_relative_power,exploratory,-0.376763722389863
lab_subject_11,inline_late_vs_no_ad_late,delta_relative_power,exploratory,0.10869095455495437
lab_subject_12,inline_late_vs_no_ad_late,delta_relative_power,exploratory,-0.12553773396593382
lab_subject_13,inline_late_vs_no_ad_late,delta_relative_power,exploratory,0.16729517946266026
lab_subject_14,inline_late_vs_no_ad_late,delta_relative_power,exploratory,0.2651695340652905
lab_subject_15,inline_late_vs_no_ad_late,delta_relative_power,exploratory,-0.030953174167125064
lab_subject_16,inline_late_vs_no_ad_late,delta_relative_power,exploratory,-0.22156457498821253
lab_subject_17,inline_late_vs_no_ad_late,delta_relative_power,exploratory,-0.06548050929153815
lab_subject_18,inline_late_vs_no_ad_late,delta_relative_power,exploratory,0.04904468211623475
lab_subject_19,inline_late_vs_no_ad_late,delta_relative_power,exploratory,-0.048294079010778534
lab_subject_2,inline_late_vs_no_ad_late,delta_relative_power,exploratory,-0.19976000786764803
lab_subject_3,inline_late_vs_no_ad_late,delta_relative_power,exploratory,0.21198634799704053
lab_subject_5,inline_late_vs_no_ad_late,delta_relative_power,exploratory,0.0055548147585193774
lab_subject_6,inline_late_vs_no_ad_late,delta_relative_power,exploratory,-0.10543293485992039
lab_subject_7,inline_late_vs_no_ad_late,delta_relative_power,exploratory,0.0970952961846066
lab_subject_8,inline_late_vs_no_ad_late,delta_relative_power,exploratory,0.2973343326640756
lab_subject_9,inline_late_vs_no_ad_late,delta_relative_power,exploratory,0.11366592326443825
lab_subject_1,block_late_vs_no_ad_late,delta_relative_power,exploratory,0.3754856064164586
lab_subject_10,block_late_vs_no_ad_late,delta_relative_power,exploratory,0.002479341391018186
lab_subject_11,block_late_vs_no_ad_late,delta_relative_power,exploratory,-0.04619993313389026
lab_subject_12,block_late_vs_no_ad_late,delta_relative_power,exploratory,0.14976673263645252
lab_subject_13,block_late_vs_no_ad_late,delta_relative_power,exploratory,0.1007222799387335
lab_subject_14,block_late_vs_no_ad_late,delta_relative_power,exploratory,0.23825032570013932
lab_subject_15,block_late_vs_no_ad_late,delta_relative_power,exploratory,-0.11023916532616385
lab_subject_16,block_late_vs_no_ad_late,delta_relative_power,exploratory,0.16105179267343012
lab_subject_17,block_late_vs_no_ad_late,delta_relative_power,exploratory,-0.1747745285499861
lab_subject_18,block_late_vs_no_ad_late,delta_relative_power,exploratory,0.2712070911925798
lab_subject_19,block_late_vs_no_ad_late,delta_relative_power,exploratory,-0.017638679039132965
lab_subject_2,block_late_vs_no_ad_late,delta_relative_power,exploratory,-0.14331941223822253
lab_subject_3,block_late_vs_no_ad_late,delta_relative_power,exploratory,0.15604649659017172
lab_subject_5,block_late_vs_no_ad_late,delta_relative_power,exploratory,-0.26742156658079275
lab_subject_6,block_late_vs_no_ad_late,delta_relative_power,exploratory,-0.1812260395510556
lab_subject_7,block_late_vs_no_ad_late,delta_relative_power,exploratory,-0.24428823548339706
lab_subject_8,block_late_vs_no_ad_late,delta_relative_power,exploratory,0.044212077329315536
lab_subject_9,block_late_vs_no_ad_late,delta_relative_power,exploratory,0.021495379159265193
lab_subject_1,any_ad_vs_matched_no_ad,delta_relative_power,exploratory,0.14354639511335657
lab_subject_10,any_ad_vs_matched_no_ad,delta_relative_power,exploratory,-0.051130814904885205
lab_subject_11,any_ad_vs_matched_no_ad,delta_relative_power,exploratory,0.16117311658060762
lab_subject_12,any_ad_vs_matched_no_ad,delta_relative_power,exploratory,0.13269133147113116
lab_subject_13,any_ad_vs_matched_no_ad,delta_relative_power,exploratory,-0.005198346264589482
lab_subject_14,any_ad_vs_matched_no_ad,delta_relative_power,exploratory,0.2339317969964393
lab_subject_15,any_ad_vs_matched_no_ad,delta_relative_power,exploratory,-0.047043562134165856
lab_subject_16,any_ad_vs_matched_no_ad,delta_relative_power,exploratory,-0.04236479487564834
lab_subject_17,any_ad_vs_matched_no_ad,delta_relative_power,exploratory,-0.041632635243066596
lab_subject_18,any_ad_vs_matched_no_ad,delta_relative_power,exploratory,0.10029364890114244
lab_subject_19,any_ad_vs_matched_no_ad,delta_relative_power,exploratory,-0.14491838768830761
lab_subject_2,any_ad_vs_matched_no_ad,delta_relative_power,exploratory,-0.03336405275669427
lab_subject_3,any_ad_vs_matched_no_ad,delta_relative_power,exploratory,0.266238567939493
lab_subject_5,any_ad_vs_matched_no_ad,delta_relative_power,exploratory,-0.16858906279046454
lab_subject_6,any_ad_vs_matched_no_ad,delta_relative_power,exploratory,-0.05431404586979707
lab_subject_7,any_ad_vs_matched_no_ad,delta_relative_power,exploratory,0.004670346658145308
lab_subject_8,any_ad_vs_matched_no_ad,delta_relative_power,exploratory,0.11920596784594928
lab_subject_9,any_ad_vs_matched_no_ad,delta_relative_power,exploratory,0.003036142381317622
lab_subject_1,inline_vs_block,delta_relative_power,exploratory,-0.28238378429118116
lab_subject_10,inline_vs_block,delta_relative_power,exploratory,-0.13521013695541015
lab_subject_11,inline_vs_block,delta_relative_power,exploratory,0.02568566568530392
lab_subject_12,inline_vs_block,delta_relative_power,exploratory,-0.3047418245626253
lab_subject_13,inline_vs_block,delta_relative_power,exploratory,0.025839152584267944
lab_subject_14,inline_vs_block,delta_relative_power,exploratory,-0.08583255024191841
lab_subject_15,inline_vs_block,delta_relative_power,exploratory,0.08875882205436375
lab_subject_16,inline_vs_block,delta_relative_power,exploratory,-0.29238044827376397
lab_subject_17,inline_vs_block,delta_relative_power,exploratory,0.12061402236003371
lab_subject_18,inline_vs_block,delta_relative_power,exploratory,-0.1240940149129621
lab_subject_19,inline_vs_block,delta_relative_power,exploratory,-0.12357692796488906
lab_subject_2,inline_vs_block,delta_relative_power,exploratory,-0.10365006958483991
lab_subject_3,inline_vs_block,delta_relative_power,exploratory,-0.010727433882612963
lab_subject_5,inline_vs_block,delta_relative_power,exploratory,0.09018749882177093
lab_subject_6,inline_vs_block,delta_relative_power,exploratory,0.16963913751454923
lab_subject_7,inline_vs_block,delta_relative_power,exploratory,0.15761525050455827
lab_subject_8,inline_vs_block,delta_relative_power,exploratory,0.22167641692047357
lab_subject_9,inline_vs_block,delta_relative_power,exploratory,0.10272814065919675
lab_subject_1,early_vs_late,delta_relative_power,exploratory,-0.0710712686862815
lab_subject_10,early_vs_late,delta_relative_power,exploratory,0.023202989691403025
lab_subject_11,early_vs_late,delta_relative_power,exploratory,-0.00488234263705542
lab_subject_12,early_vs_late,delta_relative_power,exploratory,0.08791553053678736
lab_subject_13,early_vs_late,delta_relative_power,exploratory,0.04755822108029839
lab_subject_14,early_vs_late,delta_relative_power,exploratory,-0.0741959483386728
lab_subject_15,early_vs_late,delta_relative_power,exploratory,-0.09951437106985567
lab_subject_16,early_vs_late,delta_relative_power,exploratory,-0.15822544275419825
lab_subject_17,early_vs_late,delta_relative_power,exploratory,0.02118122364086361
lab_subject_18,early_vs_late,delta_relative_power,exploratory,0.052864762044997265
lab_subject_19,early_vs_late,delta_relative_power,exploratory,0.05482325775800201
lab_subject_2,early_vs_late,delta_relative_power,exploratory,0.10709522635478741
lab_subject_3,early_vs_late,delta_relative_power,exploratory,0.09227022146257582
lab_subject_5,early_vs_late,delta_relative_power,exploratory,-0.14151686598607846
lab_subject_6,early_vs_late,delta_relative_power,exploratory,-0.08138625080608597
lab_subject_7,early_vs_late,delta_relative_power,exploratory,0.000503342553515751
lab_subject_8,early_vs_late,delta_relative_power,exploratory,-0.16207254087407907
lab_subject_9,early_vs_late,delta_relative_power,exploratory,0.06701211820230887
lab_subject_1,format_x_timing,delta_relative_power,exploratory,-0.10363437307763146
lab_subject_10,format_x_timing,delta_relative_power,exploratory,0.48806585365094207
lab_subject_11,format_x_timing,delta_relative_power,exploratory,-0.2584104440070814
lab_subject_12,format_x_timing,delta_relative_power,exploratory,-0.05887471592047788
lab_subject_13,format_x_timing,delta_relative_power,exploratory,-0.08146749387931762
lab_subject_14,format_x_timing,delta_relative_power,exploratory,-0.22550351721413914
lab_subject_15,format_x_timing,delta_relative_power,exploratory,0.018945661790649937
lab_subject_16,format_x_timing,delta_relative_power,exploratory,0.18047183877575734
lab_subject_17,format_x_timing,delta_relative_power,exploratory,0.022640006203171525
lab_subject_18,format_x_timing,delta_relative_power,exploratory,0.1961367883267659
lab_subject_19,format_x_timing,delta_relative_power,exploratory,-0.18584305598648698
lab_subject_2,format_x_timing,delta_relative_power,exploratory,-0.09441894791082883
lab_subject_3,format_x_timing,delta_relative_power,exploratory,-0.13333457057896353
lab_subject_5,format_x_timing,delta_relative_power,exploratory,-0.3655777650350824
lab_subject_6,format_x_timing,delta_relative_power,exploratory,0.18769206564682805
lab_subject_7,format_x_timing,delta_relative_power,exploratory,-0.3675365623268908
lab_subject_8,format_x_timing,delta_relative_power,exploratory,-0.062891676828573
lab_subject_9,format_x_timing,delta_relative_power,exploratory,0.02111519310804738
lab_subject_1,inline_early_vs_no_ad_early,theta_relative_power,exploratory,0.034535304705958184
lab_subject_10,inline_early_vs_no_ad_early,theta_relative_power,exploratory,-0.01969135491515779
lab_subject_11,inline_early_vs_no_ad_early,theta_relative_power,exploratory,-0.039638671248749494
lab_subject_12,inline_early_vs_no_ad_early,theta_relative_power,exploratory,-0.018237486569959466
lab_subject_13,inline_early_vs_no_ad_early,theta_relative_power,exploratory,0.04540890995282291
lab_subject_14,inline_early_vs_no_ad_early,theta_relative_power,exploratory,0.0006717862682022388
lab_subject_15,inline_early_vs_no_ad_early,theta_relative_power,exploratory,-0.01164999081837504
lab_subject_16,inline_early_vs_no_ad_early,theta_relative_power,exploratory,0.02297696657317897
lab_subject_17,inline_early_vs_no_ad_early,theta_relative_power,exploratory,-0.0027839513990498554
lab_subject_18,inline_early_vs_no_ad_early,theta_relative_power,exploratory,-0.013489886447579785
lab_subject_19,inline_early_vs_no_ad_early,theta_relative_power,exploratory,0.10192854502927257
lab_subject_2,inline_early_vs_no_ad_early,theta_relative_power,exploratory,-0.0762811395373905
lab_subject_3,inline_early_vs_no_ad_early,theta_relative_power,exploratory,-0.059933564367753024
lab_subject_5,inline_early_vs_no_ad_early,theta_relative_power,exploratory,0.051477827611669275
lab_subject_6,inline_early_vs_no_ad_early,theta_relative_power,exploratory,-0.06283969625470982
lab_subject_7,inline_early_vs_no_ad_early,theta_relative_power,exploratory,-0.0052767708762508775
lab_subject_8,inline_early_vs_no_ad_early,theta_relative_power,exploratory,-0.03336351054402581
lab_subject_9,inline_early_vs_no_ad_early,theta_relative_power,exploratory,0.010115896427322302
lab_subject_1,block_early_vs_no_ad_early,theta_relative_power,exploratory,0.04420809121085108
lab_subject_10,block_early_vs_no_ad_early,theta_relative_power,exploratory,0.03379446338393452
lab_subject_11,block_early_vs_no_ad_early,theta_relative_power,exploratory,-0.04033716932598422
lab_subject_12,block_early_vs_no_ad_early,theta_relative_power,exploratory,-0.09223380460277313
lab_subject_13,block_early_vs_no_ad_early,theta_relative_power,exploratory,0.02009557089437071
lab_subject_14,block_early_vs_no_ad_early,theta_relative_power,exploratory,-0.027314348749157884
lab_subject_15,block_early_vs_no_ad_early,theta_relative_power,exploratory,0.03707234441353046
lab_subject_16,block_early_vs_no_ad_early,theta_relative_power,exploratory,0.009097644351423705
lab_subject_17,block_early_vs_no_ad_early,theta_relative_power,exploratory,0.06282699459013014
lab_subject_18,block_early_vs_no_ad_early,theta_relative_power,exploratory,-0.09927145514423225
lab_subject_19,block_early_vs_no_ad_early,theta_relative_power,exploratory,0.03794296527083145
lab_subject_2,block_early_vs_no_ad_early,theta_relative_power,exploratory,-0.08538459152805904
lab_subject_3,block_early_vs_no_ad_early,theta_relative_power,exploratory,-0.04115763169442826
lab_subject_5,block_early_vs_no_ad_early,theta_relative_power,exploratory,0.030178535133491127
lab_subject_6,block_early_vs_no_ad_early,theta_relative_power,exploratory,-0.007638975667539988
lab_subject_7,block_early_vs_no_ad_early,theta_relative_power,exploratory,0.006459825621434281
lab_subject_8,block_early_vs_no_ad_early,theta_relative_power,exploratory,0.030045921775181575
lab_subject_9,block_early_vs_no_ad_early,theta_relative_power,exploratory,0.020717962971503377
lab_subject_1,inline_late_vs_no_ad_late,theta_relative_power,exploratory,-0.013721859658759966
lab_subject_10,inline_late_vs_no_ad_late,theta_relative_power,exploratory,0.1197499331617003
lab_subject_11,inline_late_vs_no_ad_late,theta_relative_power,exploratory,-0.008116551258226995
lab_subject_12,inline_late_vs_no_ad_late,theta_relative_power,exploratory,-0.00639162381850282
lab_subject_13,inline_late_vs_no_ad_late,theta_relative_power,exploratory,-0.03240604491812518
lab_subject_14,inline_late_vs_no_ad_late,theta_relative_power,exploratory,-0.057050281479861915
lab_subject_15,inline_late_vs_no_ad_late,theta_relative_power,exploratory,-0.004829177001659565
lab_subject_16,inline_late_vs_no_ad_late,theta_relative_power,exploratory,0.02105211047771348
lab_subject_17,inline_late_vs_no_ad_late,theta_relative_power,exploratory,0.017560286263968328
lab_subject_18,inline_late_vs_no_ad_late,theta_relative_power,exploratory,0.007722130255479617
lab_subject_19,inline_late_vs_no_ad_late,theta_relative_power,exploratory,0.03289164744217596
lab_subject_2,inline_late_vs_no_ad_late,theta_relative_power,exploratory,0.0674220067395211
lab_subject_3,inline_late_vs_no_ad_late,theta_relative_power,exploratory,0.024225745003798663
lab_subject_5,inline_late_vs_no_ad_late,theta_relative_power,exploratory,0.006534760401397555
lab_subject_6,inline_late_vs_no_ad_late,theta_relative_power,exploratory,0.04526491674067086
lab_subject_7,inline_late_vs_no_ad_late,theta_relative_power,exploratory,0.016893743343180875
lab_subject_8,inline_late_vs_no_ad_late,theta_relative_power,exploratory,-0.07373293661309317
lab_subject_9,inline_late_vs_no_ad_late,theta_relative_power,exploratory,-0.06106421775886899
lab_subject_1,block_late_vs_no_ad_late,theta_relative_power,exploratory,-0.014259873515991422
lab_subject_10,block_late_vs_no_ad_late,theta_relative_power,exploratory,-0.01110972688534552
lab_subject_11,block_late_vs_no_ad_late,theta_relative_power,exploratory,-0.02400845858546527
lab_subject_12,block_late_vs_no_ad_late,theta_relative_power,exploratory,0.020570069372220556
lab_subject_13,block_late_vs_no_ad_late,theta_relative_power,exploratory,-0.031028685697708877
lab_subject_14,block_late_vs_no_ad_late,theta_relative_power,exploratory,-0.02619825455260299
lab_subject_15,block_late_vs_no_ad_late,theta_relative_power,exploratory,-0.04319620466557579
lab_subject_16,block_late_vs_no_ad_late,theta_relative_power,exploratory,0.027521824365259753
lab_subject_17,block_late_vs_no_ad_late,theta_relative_power,exploratory,0.006693953456503601
lab_subject_18,block_late_vs_no_ad_late,theta_relative_power,exploratory,0.023449637901041515
lab_subject_19,block_late_vs_no_ad_late,theta_relative_power,exploratory,0.03126366090622479
lab_subject_2,block_late_vs_no_ad_late,theta_relative_power,exploratory,0.06468447479876288
lab_subject_3,block_late_vs_no_ad_late,theta_relative_power,exploratory,0.015561099042673665
lab_subject_5,block_late_vs_no_ad_late,theta_relative_power,exploratory,0.03596787067726208
lab_subject_6,block_late_vs_no_ad_late,theta_relative_power,exploratory,0.08543862049028082
lab_subject_7,block_late_vs_no_ad_late,theta_relative_power,exploratory,0.020930852310487386
lab_subject_8,block_late_vs_no_ad_late,theta_relative_power,exploratory,0.03886734088446413
lab_subject_9,block_late_vs_no_ad_late,theta_relative_power,exploratory,-0.03818447155103286
lab_subject_1,any_ad_vs_matched_no_ad,theta_relative_power,exploratory,0.012690415685514468
lab_subject_10,any_ad_vs_matched_no_ad,theta_relative_power,exploratory,0.030685828686282876
lab_subject_11,any_ad_vs_matched_no_ad,theta_relative_power,exploratory,-0.028025212604606494
lab_subject_12,any_ad_vs_matched_no_ad,theta_relative_power,exploratory,-0.024073211404753714
lab_subject_13,any_ad_vs_matched_no_ad,theta_relative_power,exploratory,0.0005174375578398897
lab_subject_14,any_ad_vs_matched_no_ad,theta_relative_power,exploratory,-0.027472774628355137
lab_subject_15,any_ad_vs_matched_no_ad,theta_relative_power,exploratory,-0.005650757018019984
lab_subject_16,any_ad_vs_matched_no_ad,theta_relative_power,exploratory,0.020162136441893977
lab_subject_17,any_ad_vs_matched_no_ad,theta_relative_power,exploratory,0.021074320727888052
lab_subject_18,any_ad_vs_matched_no_ad,theta_relative_power,exploratory,-0.020397393358822725
lab_subject_19,any_ad_vs_matched_no_ad,theta_relative_power,exploratory,0.05100670466212619
lab_subject_2,any_ad_vs_matched_no_ad,theta_relative_power,exploratory,-0.007389812381791393
lab_subject_3,any_ad_vs_matched_no_ad,theta_relative_power,exploratory,-0.015326088003927239
lab_subject_5,any_ad_vs_matched_no_ad,theta_relative_power,exploratory,0.03103974845595501
lab_subject_6,any_ad_vs_matched_no_ad,theta_relative_power,exploratory,0.015056216327175468
lab_subject_7,any_ad_vs_matched_no_ad,theta_relative_power,exploratory,0.009751912599712916
lab_subject_8,any_ad_vs_matched_no_ad,theta_relative_power,exploratory,-0.00954579612436832
lab_subject_9,any_ad_vs_matched_no_ad,theta_relative_power,exploratory,-0.017103707477769042
lab_subject_1,inline_vs_block,theta_relative_power,exploratory,-0.004567386323830719
lab_subject_10,inline_vs_block,theta_relative_power,exploratory,0.03868692087397675
lab_subject_11,inline_vs_block,theta_relative_power,exploratory,0.0082952027022365
lab_subject_12,inline_vs_block,theta_relative_power,exploratory,0.023517312421045142
lab_subject_13,inline_vs_block,theta_relative_power,exploratory,0.011967989919017947
lab_subject_14,inline_vs_block,theta_relative_power,exploratory,-0.0014329459549494022
lab_subject_15,inline_vs_block,theta_relative_power,exploratory,-0.005177653783994637
lab_subject_16,inline_vs_block,theta_relative_power,exploratory,0.003704804167104503
lab_subject_17,inline_vs_block,theta_relative_power,exploratory,-0.027372306590857633
lab_subject_18,inline_vs_block,theta_relative_power,exploratory,0.03502703052554528
lab_subject_19,inline_vs_block,theta_relative_power,exploratory,0.03280678314719614
lab_subject_2,inline_vs_block,theta_relative_power,exploratory,0.005920491965713377
lab_subject_3,inline_vs_block,theta_relative_power,exploratory,-0.005055643356099884
lab_subject_5,inline_vs_block,theta_relative_power,exploratory,-0.004066908898843188
lab_subject_6,inline_vs_block,theta_relative_power,exploratory,-0.0476872121683899
lab_subject_7,inline_vs_block,theta_relative_power,exploratory,-0.007886852732495835
lab_subject_8,inline_vs_block,theta_relative_power,exploratory,-0.08800485490838234
lab_subject_9,inline_vs_block,theta_relative_power,exploratory,-0.016740906376008603
lab_subject_1,early_vs_late,theta_relative_power,exploratory,0.011243589931189207
lab_subject_10,early_vs_late,theta_relative_power,exploratory,0.0037269519181502703
lab_subject_11,early_vs_late,theta_relative_power,exploratory,-0.0051388378982712216
lab_subject_12,early_vs_late,theta_relative_power,exploratory,-0.03158202080132845
lab_subject_13,early_vs_late,theta_relative_power,exploratory,-0.01916189332186929
lab_subject_14,early_vs_late,theta_relative_power,exploratory,0.033969936148437435
lab_subject_15,early_vs_late,theta_relative_power,exploratory,0.05290324420542064
lab_subject_16,early_vs_late,theta_relative_power,exploratory,-0.014669569338375849
lab_subject_17,early_vs_late,theta_relative_power,exploratory,0.013686439532675655
lab_subject_18,early_vs_late,theta_relative_power,exploratory,-0.05973120970366926
lab_subject_19,early_vs_late,theta_relative_power,exploratory,-0.04606536859975985
lab_subject_2,early_vs_late,theta_relative_power,exploratory,-0.05319067994621094
lab_subject_3,early_vs_late,theta_relative_power,exploratory,-0.04328368304181035
lab_subject_5,early_vs_late,theta_relative_power,exploratory,-0.0001966665041274046
lab_subject_6,early_vs_late,theta_relative_power,exploratory,-0.031867892915361996
lab_subject_7,early_vs_late,theta_relative_power,exploratory,0.01628130921327523
lab_subject_8,early_vs_late,theta_relative_power,exploratory,0.05570264013627823
lab_subject_9,early_vs_late,theta_relative_power,exploratory,0.012459724521188587
lab_subject_1,format_x_timing,theta_relative_power,exploratory,-0.01021080036212435
lab_subject_10,format_x_timing,theta_relative_power,exploratory,-0.18434547834613813
lab_subject_11,format_x_timing,theta_relative_power,exploratory,-0.01519340925000355
lab_subject_12,format_x_timing,theta_relative_power,exploratory,0.10095801122353704
lab_subject_13,format_x_timing,theta_relative_power,exploratory,0.026690698278868503
lab_subject_14,format_x_timing,theta_relative_power,exploratory,0.05883816194461905
lab_subject_15,format_x_timing,theta_relative_power,exploratory,-0.08708936289582173
lab_subject_16,format_x_timing,theta_relative_power,exploratory,0.02034903610930154
lab_subject_17,format_x_timing,theta_relative_power,exploratory,-0.07647727879664472
lab_subject_18,format_x_timing,theta_relative_power,exploratory,0.10150907634221436
lab_subject_19,format_x_timing,theta_relative_power,exploratory,0.06235759322248994
lab_subject_2,format_x_timing,theta_relative_power,exploratory,0.006365920049910309
lab_subject_3,format_x_timing,theta_relative_power,exploratory,-0.027440578634449764
lab_subject_5,format_x_timing,theta_relative_power,exploratory,0.05073240275404267
lab_subject_6,format_x_timing,theta_relative_power,exploratory,-0.015027016837559873
lab_subject_7,format_x_timing,theta_relative_power,exploratory,-0.007699487530378649
lab_subject_8,format_x_timing,theta_relative_power,exploratory,0.049190845178349915
lab_subject_9,format_x_timing,theta_relative_power,exploratory,0.012277679663655054
lab_subject_1,inline_early_vs_no_ad_early,alpha_relative_power,exploratory,0.03704549398231941
lab_subject_10,inline_early_vs_no_ad_early,alpha_relative_power,exploratory,-0.16078055368044247
lab_subject_11,inline_early_vs_no_ad_early,alpha_relative_power,exploratory,-0.10139171081258545
lab_subject_12,inline_early_vs_no_ad_early,alpha_relative_power,exploratory,-0.09016209689511709
lab_subject_13,inline_early_vs_no_ad_early,alpha_relative_power,exploratory,0.03080713275667203
lab_subject_14,inline_early_vs_no_ad_early,alpha_relative_power,exploratory,-0.027136584007972902
lab_subject_15,inline_early_vs_no_ad_early,alpha_relative_power,exploratory,-0.0044031907626784356
lab_subject_16,inline_early_vs_no_ad_early,alpha_relative_power,exploratory,0.01710555829192397
lab_subject_17,inline_early_vs_no_ad_early,alpha_relative_power,exploratory,0.006342230862965786
lab_subject_18,inline_early_vs_no_ad_early,alpha_relative_power,exploratory,0.023015879672306075
lab_subject_19,inline_early_vs_no_ad_early,alpha_relative_power,exploratory,0.08188290278255367
lab_subject_2,inline_early_vs_no_ad_early,alpha_relative_power,exploratory,-0.033913323817254135
lab_subject_3,inline_early_vs_no_ad_early,alpha_relative_power,exploratory,-0.039425737972143424
lab_subject_5,inline_early_vs_no_ad_early,alpha_relative_power,exploratory,0.05609528960946104
lab_subject_6,inline_early_vs_no_ad_early,alpha_relative_power,exploratory,-0.015694947105432136
lab_subject_7,inline_early_vs_no_ad_early,alpha_relative_power,exploratory,-0.020215183381690212
lab_subject_8,inline_early_vs_no_ad_early,alpha_relative_power,exploratory,-0.05320149270189503
lab_subject_9,inline_early_vs_no_ad_early,alpha_relative_power,exploratory,0.016736000399962633
lab_subject_1,block_early_vs_no_ad_early,alpha_relative_power,exploratory,-0.030135623836201872
lab_subject_10,block_early_vs_no_ad_early,alpha_relative_power,exploratory,-0.042983718772442336
lab_subject_11,block_early_vs_no_ad_early,alpha_relative_power,exploratory,-0.17919246068279093
lab_subject_12,block_early_vs_no_ad_early,alpha_relative_power,exploratory,-0.1880501942188007
lab_subject_13,block_early_vs_no_ad_early,alpha_relative_power,exploratory,0.035212806065549475
lab_subject_14,block_early_vs_no_ad_early,alpha_relative_power,exploratory,-0.040058769436082366
lab_subject_15,block_early_vs_no_ad_early,alpha_relative_power,exploratory,0.020344038172387058
lab_subject_16,block_early_vs_no_ad_early,alpha_relative_power,exploratory,-0.007936722939306244
lab_subject_17,block_early_vs_no_ad_early,alpha_relative_power,exploratory,-0.01110756123160235
lab_subject_18,block_early_vs_no_ad_early,alpha_relative_power,exploratory,-0.03211412402853287
lab_subject_19,block_early_vs_no_ad_early,alpha_relative_power,exploratory,-0.013745325543785804
lab_subject_2,block_early_vs_no_ad_early,alpha_relative_power,exploratory,-0.021094192988841624
lab_subject_3,block_early_vs_no_ad_early,alpha_relative_power,exploratory,-0.05724911648223287
lab_subject_5,block_early_vs_no_ad_early,alpha_relative_power,exploratory,0.058824415513558846
lab_subject_6,block_early_vs_no_ad_early,alpha_relative_power,exploratory,0.04729343107314801
lab_subject_7,block_early_vs_no_ad_early,alpha_relative_power,exploratory,-0.018992093675554746
lab_subject_8,block_early_vs_no_ad_early,alpha_relative_power,exploratory,-0.0014699372635325059
lab_subject_9,block_early_vs_no_ad_early,alpha_relative_power,exploratory,0.044246362292777494
lab_subject_1,inline_late_vs_no_ad_late,alpha_relative_power,exploratory,-0.019156151842975852
lab_subject_10,inline_late_vs_no_ad_late,alpha_relative_power,exploratory,0.10541121376292327
lab_subject_11,inline_late_vs_no_ad_late,alpha_relative_power,exploratory,-0.0029699016897378194
lab_subject_12,inline_late_vs_no_ad_late,alpha_relative_power,exploratory,0.005109478227837971
lab_subject_13,inline_late_vs_no_ad_late,alpha_relative_power,exploratory,-0.04699881679996464
lab_subject_14,inline_late_vs_no_ad_late,alpha_relative_power,exploratory,-0.03480192409687049
lab_subject_15,inline_late_vs_no_ad_late,alpha_relative_power,exploratory,-0.021457295310338596
lab_subject_16,inline_late_vs_no_ad_late,alpha_relative_power,exploratory,0.02137902035218355
lab_subject_17,inline_late_vs_no_ad_late,alpha_relative_power,exploratory,0.01134160660311892
lab_subject_18,inline_late_vs_no_ad_late,alpha_relative_power,exploratory,0.026338274019337915
lab_subject_19,inline_late_vs_no_ad_late,alpha_relative_power,exploratory,-0.016347178329934736
lab_subject_2,inline_late_vs_no_ad_late,alpha_relative_power,exploratory,0.06684026934937215
lab_subject_3,inline_late_vs_no_ad_late,alpha_relative_power,exploratory,0.005605824580483587
lab_subject_5,inline_late_vs_no_ad_late,alpha_relative_power,exploratory,-0.009529547026709571
lab_subject_6,inline_late_vs_no_ad_late,alpha_relative_power,exploratory,0.02236910076702038
lab_subject_7,inline_late_vs_no_ad_late,alpha_relative_power,exploratory,-0.026918691135294666
lab_subject_8,inline_late_vs_no_ad_late,alpha_relative_power,exploratory,-0.11279006465007874
lab_subject_9,inline_late_vs_no_ad_late,alpha_relative_power,exploratory,-0.03920284366453258
lab_subject_1,block_late_vs_no_ad_late,alpha_relative_power,exploratory,-0.07143944745530623
lab_subject_10,block_late_vs_no_ad_late,alpha_relative_power,exploratory,-0.018122376543458704
lab_subject_11,block_late_vs_no_ad_late,alpha_relative_power,exploratory,0.013857888253153344
lab_subject_12,block_late_vs_no_ad_late,alpha_relative_power,exploratory,-0.0671537324897622
lab_subject_13,block_late_vs_no_ad_late,alpha_relative_power,exploratory,-0.046798780041752086
lab_subject_14,block_late_vs_no_ad_late,alpha_relative_power,exploratory,-0.0401619960162582
lab_subject_15,block_late_vs_no_ad_late,alpha_relative_power,exploratory,-0.014859085317796013
lab_subject_16,block_late_vs_no_ad_late,alpha_relative_power,exploratory,-0.009075165589001455
lab_subject_17,block_late_vs_no_ad_late,alpha_relative_power,exploratory,0.0035798295773851532
lab_subject_18,block_late_vs_no_ad_late,alpha_relative_power,exploratory,0.01854775437781673
lab_subject_19,block_late_vs_no_ad_late,alpha_relative_power,exploratory,-0.0047826400203911865
lab_subject_2,block_late_vs_no_ad_late,alpha_relative_power,exploratory,0.05115997539298885
lab_subject_3,block_late_vs_no_ad_late,alpha_relative_power,exploratory,0.004286656107187287
lab_subject_5,block_late_vs_no_ad_late,alpha_relative_power,exploratory,0.056705770472677657
lab_subject_6,block_late_vs_no_ad_late,alpha_relative_power,exploratory,0.018153078082607396
lab_subject_7,block_late_vs_no_ad_late,alpha_relative_power,exploratory,0.007179310678772033
lab_subject_8,block_late_vs_no_ad_late,alpha_relative_power,exploratory,-0.020825863148314937
lab_subject_9,block_late_vs_no_ad_late,alpha_relative_power,exploratory,-0.011715827847451746
lab_subject_1,any_ad_vs_matched_no_ad,alpha_relative_power,exploratory,-0.020921432288041133
lab_subject_10,any_ad_vs_matched_no_ad,alpha_relative_power,exploratory,-0.02911885880835506
lab_subject_11,any_ad_vs_matched_no_ad,alpha_relative_power,exploratory,-0.06742404623299023
lab_subject_12,any_ad_vs_matched_no_ad,alpha_relative_power,exploratory,-0.08506413634396051
lab_subject_13,any_ad_vs_matched_no_ad,alpha_relative_power,exploratory,-0.006944414504873805
lab_subject_14,any_ad_vs_matched_no_ad,alpha_relative_power,exploratory,-0.035539818389295985
lab_subject_15,any_ad_vs_matched_no_ad,alpha_relative_power,exploratory,-0.005093883304606497
lab_subject_16,any_ad_vs_matched_no_ad,alpha_relative_power,exploratory,0.005368172528949958
lab_subject_17,any_ad_vs_matched_no_ad,alpha_relative_power,exploratory,0.0025390264529668756
lab_subject_18,any_ad_vs_matched_no_ad,alpha_relative_power,exploratory,0.008946946010231962
lab_subject_19,any_ad_vs_matched_no_ad,alpha_relative_power,exploratory,0.011751939722110485
lab_subject_2,any_ad_vs_matched_no_ad,alpha_relative_power,exploratory,0.015748181984066315
lab_subject_3,any_ad_vs_matched_no_ad,alpha_relative_power,exploratory,-0.021695593441676354
lab_subject_5,any_ad_vs_matched_no_ad,alpha_relative_power,exploratory,0.04052398214224699
lab_subject_6,any_ad_vs_matched_no_ad,alpha_relative_power,exploratory,0.018030165704335913
lab_subject_7,any_ad_vs_matched_no_ad,alpha_relative_power,exploratory,-0.014736664378441898
lab_subject_8,any_ad_vs_matched_no_ad,alpha_relative_power,exploratory,-0.047071839440955304
lab_subject_9,any_ad_vs_matched_no_ad,alpha_relative_power,exploratory,0.0025159227951889497
lab_subject_1,inline_vs_block,alpha_relative_power,exploratory,0.059732206715425826
lab_subject_10,inline_vs_block,alpha_relative_power,exploratory,0.002868377699190919
lab_subject_11,inline_vs_block,alpha_relative_power,exploratory,0.030486479963657165
lab_subject_12,inline_vs_block,alpha_relative_power,exploratory,0.08507565402064189
lab_subject_13,inline_vs_block,alpha_relative_power,exploratory,-0.0023028550335449996
lab_subject_14,inline_vs_block,alpha_relative_power,exploratory,0.00914112867374859
lab_subject_15,inline_vs_block,alpha_relative_power,exploratory,-0.01567271946380404
lab_subject_16,inline_vs_block,alpha_relative_power,exploratory,0.027748233586207614
lab_subject_17,inline_vs_block,alpha_relative_power,exploratory,0.012605784560150952
lab_subject_18,inline_vs_block,alpha_relative_power,exploratory,0.031460261671180066
lab_subject_19,inline_vs_block,alpha_relative_power,exploratory,0.04203184500839796
lab_subject_2,inline_vs_block,alpha_relative_power,exploratory,0.0014305815639853864
lab_subject_3,inline_vs_block,alpha_relative_power,exploratory,0.009571273491692872
lab_subject_5,inline_vs_block,alpha_relative_power,exploratory,-0.03448222170174252
lab_subject_6,inline_vs_block,alpha_relative_power,exploratory,-0.029386177747083582
lab_subject_7,inline_vs_block,alpha_relative_power,exploratory,-0.017660545760101082
lab_subject_8,inline_vs_block,alpha_relative_power,exploratory,-0.07184787847006316
lab_subject_9,inline_vs_block,alpha_relative_power,exploratory,-0.02749868885494785
lab_subject_1,early_vs_late,alpha_relative_power,exploratory,0.015359276447478164
lab_subject_10,early_vs_late,alpha_relative_power,exploratory,-0.057340590880735634
lab_subject_11,early_vs_late,alpha_relative_power,exploratory,-0.03397014808100483
lab_subject_12,early_vs_late,alpha_relative_power,exploratory,-0.008749251160413737
lab_subject_13,early_vs_late,alpha_relative_power,exploratory,-0.0020117056224659147
lab_subject_14,early_vs_late,alpha_relative_power,exploratory,0.021351108508660822
lab_subject_15,early_vs_late,alpha_relative_power,exploratory,0.03272010844711784
lab_subject_16,early_vs_late,alpha_relative_power,exploratory,0.009764425205102744
lab_subject_17,early_vs_late,alpha_relative_power,exploratory,0.024308195580243185
lab_subject_18,early_vs_late,alpha_relative_power,exploratory,-0.031771742255815305
lab_subject_19,early_vs_late,alpha_relative_power,exploratory,-0.015309557507366844
lab_subject_2,early_vs_late,alpha_relative_power,exploratory,-0.033578588821523085
lab_subject_3,early_vs_late,alpha_relative_power,exploratory,-0.030110538634783662
lab_subject_5,early_vs_late,alpha_relative_power,exploratory,0.04091259793219572
lab_subject_6,early_vs_late,alpha_relative_power,exploratory,0.05011680104245402
lab_subject_7,early_vs_late,alpha_relative_power,exploratory,-0.007379915009543676
lab_subject_8,early_vs_late,alpha_relative_power,exploratory,0.040026926612832275
lab_subject_9,early_vs_late,alpha_relative_power,exploratory,0.004484145460073313
lab_subject_1,format_x_timing,alpha_relative_power,exploratory,0.014897822206190917
lab_subject_10,format_x_timing,alpha_relative_power,exploratory,-0.2413304252143821
lab_subject_11,format_x_timing,alpha_relative_power,exploratory,0.09462853981309666
lab_subject_12,format_x_timing,alpha_relative_power,exploratory,0.025624886606083447
lab_subject_13,format_x_timing,alpha_relative_power,exploratory,-0.004205636550664887
lab_subject_14,format_x_timing,alpha_relative_power,exploratory,0.007562113508721751
lab_subject_15,format_x_timing,alpha_relative_power,exploratory,-0.01814901894252291
lab_subject_16,format_x_timing,alpha_relative_power,exploratory,-0.0054119047099547915
lab_subject_17,format_x_timing,alpha_relative_power,exploratory,0.00968801506883437
lab_subject_18,format_x_timing,alpha_relative_power,exploratory,0.04733948405931776
lab_subject_19,format_x_timing,alpha_relative_power,exploratory,0.10719276663588301
lab_subject_2,format_x_timing,alpha_relative_power,exploratory,-0.0284994247847958
lab_subject_3,format_x_timing,alpha_relative_power,exploratory,0.016504210036793143
lab_subject_5,format_x_timing,alpha_relative_power,exploratory,0.06350619159528942
lab_subject_6,format_x_timing,alpha_relative_power,exploratory,-0.06720440086299313
lab_subject_7,format_x_timing,alpha_relative_power,exploratory,0.03287491210793123
lab_subject_8,format_x_timing,alpha_relative_power,exploratory,0.040232646063401274
lab_subject_9,format_x_timing,alpha_relative_power,exploratory,-2.3346075734020227e-05
lab_subject_1,inline_early_vs_no_ad_early,beta_relative_power,exploratory,0.0698750927998559
lab_subject_10,inline_early_vs_no_ad_early,beta_relative_power,exploratory,0.017744786297922255
lab_subject_11,inline_early_vs_no_ad_early,beta_relative_power,exploratory,-0.09728633383152313
lab_subject_12,inline_early_vs_no_ad_early,beta_relative_power,exploratory,0.0006443733448339983
lab_subject_13,inline_early_vs_no_ad_early,beta_relative_power,exploratory,0.0746144375787135
lab_subject_14,inline_early_vs_no_ad_early,beta_relative_power,exploratory,-0.05326002264761884
lab_subject_15,inline_early_vs_no_ad_early,beta_relative_power,exploratory,0.000962864445272018
lab_subject_16,inline_early_vs_no_ad_early,beta_relative_power,exploratory,0.09041127981742114
lab_subject_17,inline_early_vs_no_ad_early,beta_relative_power,exploratory,-0.04959429577281024
lab_subject_18,inline_early_vs_no_ad_early,beta_relative_power,exploratory,-0.002280269979006322
lab_subject_19,inline_early_vs_no_ad_early,beta_relative_power,exploratory,0.10811954985552863
lab_subject_2,inline_early_vs_no_ad_early,beta_relative_power,exploratory,0.026180312576431622
lab_subject_3,inline_early_vs_no_ad_early,beta_relative_power,exploratory,-0.1409088546879127
lab_subject_5,inline_early_vs_no_ad_early,beta_relative_power,exploratory,0.08726289332995664
lab_subject_6,inline_early_vs_no_ad_early,beta_relative_power,exploratory,-0.08643718647362908
lab_subject_7,inline_early_vs_no_ad_early,beta_relative_power,exploratory,-0.02759703853470913
lab_subject_8,inline_early_vs_no_ad_early,beta_relative_power,exploratory,-0.08382389601268671
lab_subject_9,inline_early_vs_no_ad_early,beta_relative_power,exploratory,0.007986615542282471
lab_subject_1,block_early_vs_no_ad_early,beta_relative_power,exploratory,-0.16763864652932955
lab_subject_10,block_early_vs_no_ad_early,beta_relative_power,exploratory,0.021895284318095447
lab_subject_11,block_early_vs_no_ad_early,beta_relative_power,exploratory,-0.09353921902954399
lab_subject_12,block_early_vs_no_ad_early,beta_relative_power,exploratory,-0.15987537179735123
lab_subject_13,block_early_vs_no_ad_early,beta_relative_power,exploratory,0.06615731434321356
lab_subject_14,block_early_vs_no_ad_early,beta_relative_power,exploratory,-0.14518493312893016
lab_subject_15,block_early_vs_no_ad_early,beta_relative_power,exploratory,0.011709110035544378
lab_subject_16,block_early_vs_no_ad_early,beta_relative_power,exploratory,-0.025858470052527754
lab_subject_17,block_early_vs_no_ad_early,beta_relative_power,exploratory,-0.020651605153203745
lab_subject_18,block_early_vs_no_ad_early,beta_relative_power,exploratory,-0.014739304421401297
lab_subject_19,block_early_vs_no_ad_early,beta_relative_power,exploratory,0.07391350056807786
lab_subject_2,block_early_vs_no_ad_early,beta_relative_power,exploratory,-0.07456555608631625
lab_subject_3,block_early_vs_no_ad_early,beta_relative_power,exploratory,-0.23110095523277294
lab_subject_5,block_early_vs_no_ad_early,beta_relative_power,exploratory,0.03962570971244507
lab_subject_6,block_early_vs_no_ad_early,beta_relative_power,exploratory,0.04663516085616004
lab_subject_7,block_early_vs_no_ad_early,beta_relative_power,exploratory,-0.07488586551520218
lab_subject_8,block_early_vs_no_ad_early,beta_relative_power,exploratory,-0.02065259794472353
lab_subject_9,block_early_vs_no_ad_early,beta_relative_power,exploratory,0.06481473977791133
lab_subject_1,inline_late_vs_no_ad_late,beta_relative_power,exploratory,-0.0681151731035384
lab_subject_10,inline_late_vs_no_ad_late,beta_relative_power,exploratory,0.13376308474102835
lab_subject_11,inline_late_vs_no_ad_late,beta_relative_power,exploratory,-0.02546319469751994
lab_subject_12,inline_late_vs_no_ad_late,beta_relative_power,exploratory,0.09234309923071532
lab_subject_13,inline_late_vs_no_ad_late,beta_relative_power,exploratory,-0.10625134594756344
lab_subject_14,inline_late_vs_no_ad_late,beta_relative_power,exploratory,-0.11047066675986425
lab_subject_15,inline_late_vs_no_ad_late,beta_relative_power,exploratory,0.014706913253501645
lab_subject_16,inline_late_vs_no_ad_late,beta_relative_power,exploratory,0.09201532779556168
lab_subject_17,inline_late_vs_no_ad_late,beta_relative_power,exploratory,0.007284738807602345
lab_subject_18,inline_late_vs_no_ad_late,beta_relative_power,exploratory,-0.05268735376131091
lab_subject_19,inline_late_vs_no_ad_late,beta_relative_power,exploratory,0.021055868014836908
lab_subject_2,inline_late_vs_no_ad_late,beta_relative_power,exploratory,0.06588080075558272
lab_subject_3,inline_late_vs_no_ad_late,beta_relative_power,exploratory,-0.1448162091454759
lab_subject_5,inline_late_vs_no_ad_late,beta_relative_power,exploratory,0.016962943833732688
lab_subject_6,inline_late_vs_no_ad_late,beta_relative_power,exploratory,0.005756916792262007
lab_subject_7,inline_late_vs_no_ad_late,beta_relative_power,exploratory,-0.06935968304910575
lab_subject_8,inline_late_vs_no_ad_late,beta_relative_power,exploratory,-0.1499521826893931
lab_subject_9,inline_late_vs_no_ad_late,beta_relative_power,exploratory,0.028640074103734522
lab_subject_1,block_late_vs_no_ad_late,beta_relative_power,exploratory,-0.2166922190733777
lab_subject_10,block_late_vs_no_ad_late,beta_relative_power,exploratory,0.014310312892274225
lab_subject_11,block_late_vs_no_ad_late,beta_relative_power,exploratory,0.04592508475972265
lab_subject_12,block_late_vs_no_ad_late,beta_relative_power,exploratory,-0.07990369214697537
lab_subject_13,block_late_vs_no_ad_late,beta_relative_power,exploratory,-0.04199935707160973
lab_subject_14,block_late_vs_no_ad_late,beta_relative_power,exploratory,-0.11062845124830595
lab_subject_15,block_late_vs_no_ad_late,beta_relative_power,exploratory,0.06587019763613618
lab_subject_16,block_late_vs_no_ad_late,beta_relative_power,exploratory,-0.09927302150572449
lab_subject_17,block_late_vs_no_ad_late,beta_relative_power,exploratory,0.09631738394159549
lab_subject_18,block_late_vs_no_ad_late,beta_relative_power,exploratory,-0.09572092327596982
lab_subject_19,block_late_vs_no_ad_late,beta_relative_power,exploratory,-0.012811979983428319
lab_subject_2,block_late_vs_no_ad_late,beta_relative_power,exploratory,0.055915844205724846
lab_subject_3,block_late_vs_no_ad_late,beta_relative_power,exploratory,-0.11214502578716887
lab_subject_5,block_late_vs_no_ad_late,beta_relative_power,exploratory,0.15214058915471873
lab_subject_6,block_late_vs_no_ad_late,beta_relative_power,exploratory,0.05578484638765788
lab_subject_7,block_late_vs_no_ad_late,beta_relative_power,exploratory,0.11313974150122796
lab_subject_8,block_late_vs_no_ad_late,beta_relative_power,exploratory,-0.04026014638896701
lab_subject_9,block_late_vs_no_ad_late,beta_relative_power,exploratory,0.022525188166204024
lab_subject_1,any_ad_vs_matched_no_ad,beta_relative_power,exploratory,-0.09564273647659743
lab_subject_10,any_ad_vs_matched_no_ad,beta_relative_power,exploratory,0.04692836706233007
lab_subject_11,any_ad_vs_matched_no_ad,beta_relative_power,exploratory,-0.0425909156997161
lab_subject_12,any_ad_vs_matched_no_ad,beta_relative_power,exploratory,-0.03669789784219432
lab_subject_13,any_ad_vs_matched_no_ad,beta_relative_power,exploratory,-0.0018697377743115296
lab_subject_14,any_ad_vs_matched_no_ad,beta_relative_power,exploratory,-0.10488601844617981
lab_subject_15,any_ad_vs_matched_no_ad,beta_relative_power,exploratory,0.023312271342613555
lab_subject_16,any_ad_vs_matched_no_ad,beta_relative_power,exploratory,0.014323779013682647
lab_subject_17,any_ad_vs_matched_no_ad,beta_relative_power,exploratory,0.008339055455795961
lab_subject_18,any_ad_vs_matched_no_ad,beta_relative_power,exploratory,-0.041356962859422086
lab_subject_19,any_ad_vs_matched_no_ad,beta_relative_power,exploratory,0.04756923461375377
lab_subject_2,any_ad_vs_matched_no_ad,beta_relative_power,exploratory,0.018352850362855735
lab_subject_3,any_ad_vs_matched_no_ad,beta_relative_power,exploratory,-0.1572427612133326
lab_subject_5,any_ad_vs_matched_no_ad,beta_relative_power,exploratory,0.07399803400771328
lab_subject_6,any_ad_vs_matched_no_ad,beta_relative_power,exploratory,0.005434934390612711
lab_subject_7,any_ad_vs_matched_no_ad,beta_relative_power,exploratory,-0.014675711399447275
lab_subject_8,any_ad_vs_matched_no_ad,beta_relative_power,exploratory,-0.0736722057589426
lab_subject_9,any_ad_vs_matched_no_ad,beta_relative_power,exploratory,0.030991654397533083
lab_subject_1,inline_vs_block,beta_relative_power,exploratory,0.19304539264951237
lab_subject_10,inline_vs_block,beta_relative_power,exploratory,0.05765113691429047
lab_subject_11,inline_vs_block,beta_relative_power,exploratory,-0.037567697129610875
lab_subject_12,inline_vs_block,beta_relative_power,exploratory,0.166383268259938
lab_subject_13,inline_vs_block,beta_relative_power,exploratory,-0.02789743282022689
lab_subject_14,inline_vs_block,beta_relative_power,exploratory,0.04604134748487651
lab_subject_15,inline_vs_block,beta_relative_power,exploratory,-0.030954764986453446
lab_subject_16,inline_vs_block,beta_relative_power,exploratory,0.15377904958561753
lab_subject_17,inline_vs_block,beta_relative_power,exploratory,-0.05898766787679982
lab_subject_18,inline_vs_block,beta_relative_power,exploratory,0.02774630197852694
lab_subject_19,inline_vs_block,beta_relative_power,exploratory,0.034036948642858
lab_subject_2,inline_vs_block,beta_relative_power,exploratory,0.05535541260630287
lab_subject_3,inline_vs_block,beta_relative_power,exploratory,0.028760458593276597
lab_subject_5,inline_vs_block,beta_relative_power,exploratory,-0.04377023085173723
lab_subject_6,inline_vs_block,beta_relative_power,exploratory,-0.0915501384625925
lab_subject_7,inline_vs_block,beta_relative_power,exploratory,-0.06760529878492033
lab_subject_8,inline_vs_block,beta_relative_power,exploratory,-0.08643166718419464
lab_subject_9,inline_vs_block,beta_relative_power,exploratory,-0.02535661914904918
lab_subject_1,early_vs_late,beta_relative_power,exploratory,0.027732944370505122
lab_subject_10,early_vs_late,beta_relative_power,exploratory,0.0058142082088450744
lab_subject_11,early_vs_late,beta_relative_power,exploratory,0.00938954204863724
lab_subject_12,early_vs_late,beta_relative_power,exploratory,-0.04863794660812396
lab_subject_13,early_vs_late,beta_relative_power,exploratory,0.0013459568577457136
lab_subject_14,early_vs_late,beta_relative_power,exploratory,0.029232754917847062
lab_subject_15,early_vs_late,beta_relative_power,exploratory,0.022040119033603967
lab_subject_16,early_vs_late,beta_relative_power,exploratory,0.07310799056784689
lab_subject_17,early_vs_late,beta_relative_power,exploratory,-0.0013596010746873
lab_subject_18,early_vs_late,beta_relative_power,exploratory,-0.022704213711591384
lab_subject_19,early_vs_late,beta_relative_power,exploratory,-0.007497386988728469
lab_subject_2,early_vs_late,beta_relative_power,exploratory,-0.020225810963902136
lab_subject_3,early_vs_late,beta_relative_power,exploratory,-0.017081054200572945
lab_subject_5,early_vs_late,beta_relative_power,exploratory,0.06037237443532963
lab_subject_6,early_vs_late,beta_relative_power,exploratory,0.05308021811476779
lab_subject_7,early_vs_late,beta_relative_power,exploratory,-0.0041547285299722014
lab_subject_8,early_vs_late,beta_relative_power,exploratory,0.060181748372783575
lab_subject_9,early_vs_late,beta_relative_power,exploratory,-0.06888784509080138
lab_subject_1,format_x_timing,beta_relative_power,exploratory,0.08893669335934615
lab_subject_10,format_x_timing,beta_relative_power,exploratory,-0.12360326986892732
lab_subject_11,format_x_timing,beta_relative_power,exploratory,0.06764116465526344
lab_subject_12,format_x_timing,beta_relative_power,exploratory,-0.011727046235505453
lab_subject_13,format_x_timing,beta_relative_power,exploratory,0.07270911211145364
lab_subject_14,format_x_timing,beta_relative_power,exploratory,0.09176712599286962
lab_subject_15,format_x_timing,beta_relative_power,exploratory,0.04041703879236217
lab_subject_16,format_x_timing,beta_relative_power,exploratory,-0.07501859943133728
lab_subject_17,format_x_timing,beta_relative_power,exploratory,0.060089954514386645
lab_subject_18,format_x_timing,beta_relative_power,exploratory,-0.03057453507226393
lab_subject_19,format_x_timing,beta_relative_power,exploratory,0.0003382012891855468
lab_subject_2,format_x_timing,beta_relative_power,exploratory,0.09078091211289
lab_subject_3,format_x_timing,beta_relative_power,exploratory,0.12286328390316728
lab_subject_5,format_x_timing,beta_relative_power,exploratory,0.1828148289384976
lab_subject_6,format_x_timing,beta_relative_power,exploratory,-0.08304441773439325
lab_subject_7,format_x_timing,beta_relative_power,exploratory,0.22978825153082677
lab_subject_8,format_x_timing,beta_relative_power,exploratory,0.046520738232462916
lab_subject_9,format_x_timing,beta_relative_power,exploratory,-0.06294301017315936
lab_subject_1,inline_early_vs_no_ad_early,gamma_relative_power,exploratory,-0.06091002536347796
lab_subject_10,inline_early_vs_no_ad_early,gamma_relative_power,exploratory,-0.008817401834512094
lab_subject_11,inline_early_vs_no_ad_early,gamma_relative_power,exploratory,-0.004299337474885107
lab_subject_12,inline_early_vs_no_ad_early,gamma_relative_power,exploratory,0.0025797216957026206
lab_subject_13,inline_early_vs_no_ad_early,gamma_relative_power,exploratory,0.017509420401338564
lab_subject_14,inline_early_vs_no_ad_early,gamma_relative_power,exploratory,-0.030455144433349075
lab_subject_15,inline_early_vs_no_ad_early,gamma_relative_power,exploratory,-0.013931446410630117
lab_subject_16,inline_early_vs_no_ad_early,gamma_relative_power,exploratory,0.03317029570158689
lab_subject_17,inline_early_vs_no_ad_early,gamma_relative_power,exploratory,-0.0006774374928268309
lab_subject_18,inline_early_vs_no_ad_early,gamma_relative_power,exploratory,0.018964605730771536
lab_subject_19,inline_early_vs_no_ad_early,gamma_relative_power,exploratory,0.025405967876468646
lab_subject_2,inline_early_vs_no_ad_early,gamma_relative_power,exploratory,0.01095327817344309
lab_subject_3,inline_early_vs_no_ad_early,gamma_relative_power,exploratory,-0.0835850304815338
lab_subject_5,inline_early_vs_no_ad_early,gamma_relative_power,exploratory,0.008223852212429734
lab_subject_6,inline_early_vs_no_ad_early,gamma_relative_power,exploratory,-0.017232254896419753
lab_subject_7,inline_early_vs_no_ad_early,gamma_relative_power,exploratory,-0.02068559417161303
lab_subject_8,inline_early_vs_no_ad_early,gamma_relative_power,exploratory,0.015274753737436818
lab_subject_9,inline_early_vs_no_ad_early,gamma_relative_power,exploratory,0.01152550287791216
lab_subject_1,block_early_vs_no_ad_early,gamma_relative_power,exploratory,-0.08158004553456104
lab_subject_10,block_early_vs_no_ad_early,gamma_relative_power,exploratory,-0.02621791258492879
lab_subject_11,block_early_vs_no_ad_early,gamma_relative_power,exploratory,-0.02359000692937848
lab_subject_12,block_early_vs_no_ad_early,gamma_relative_power,exploratory,-0.02624012408140157
lab_subject_13,block_early_vs_no_ad_early,gamma_relative_power,exploratory,0.012159107160543116
lab_subject_14,block_early_vs_no_ad_early,gamma_relative_power,exploratory,-0.07220104812159178
lab_subject_15,block_early_vs_no_ad_early,gamma_relative_power,exploratory,-0.005252323058320853
lab_subject_16,block_early_vs_no_ad_early,gamma_relative_power,exploratory,-0.016030953123299392
lab_subject_17,block_early_vs_no_ad_early,gamma_relative_power,exploratory,0.01681424168620456
lab_subject_18,block_early_vs_no_ad_early,gamma_relative_power,exploratory,0.030974934829921634
lab_subject_19,block_early_vs_no_ad_early,gamma_relative_power,exploratory,0.023920904528324627
lab_subject_2,block_early_vs_no_ad_early,gamma_relative_power,exploratory,-0.01866438341215676
lab_subject_3,block_early_vs_no_ad_early,gamma_relative_power,exploratory,-0.08859194736752883
lab_subject_5,block_early_vs_no_ad_early,gamma_relative_power,exploratory,0.006589666957878649
lab_subject_6,block_early_vs_no_ad_early,gamma_relative_power,exploratory,0.009124615496770155
lab_subject_7,block_early_vs_no_ad_early,gamma_relative_power,exploratory,-0.01262491446031043
lab_subject_8,block_early_vs_no_ad_early,gamma_relative_power,exploratory,-0.01820711945081724
lab_subject_9,block_early_vs_no_ad_early,gamma_relative_power,exploratory,0.011406417728997247
lab_subject_1,inline_late_vs_no_ad_late,gamma_relative_power,exploratory,-0.06802065736923832
lab_subject_10,inline_late_vs_no_ad_late,gamma_relative_power,exploratory,0.026496022802460828
lab_subject_11,inline_late_vs_no_ad_late,gamma_relative_power,exploratory,-0.001382019658235166
lab_subject_12,inline_late_vs_no_ad_late,gamma_relative_power,exploratory,0.011734742007139042
lab_subject_13,inline_late_vs_no_ad_late,gamma_relative_power,exploratory,-0.0479408619101796
lab_subject_14,inline_late_vs_no_ad_late,gamma_relative_power,exploratory,-0.05855296075644338
lab_subject_15,inline_late_vs_no_ad_late,gamma_relative_power,exploratory,0.001342660503368693
lab_subject_16,inline_late_vs_no_ad_late,gamma_relative_power,exploratory,0.03900865833760986
lab_subject_17,inline_late_vs_no_ad_late,gamma_relative_power,exploratory,0.007572100633087657
lab_subject_18,inline_late_vs_no_ad_late,gamma_relative_power,exploratory,-0.007406465537592
lab_subject_19,inline_late_vs_no_ad_late,gamma_relative_power,exploratory,0.005222442480007982
lab_subject_2,inline_late_vs_no_ad_late,gamma_relative_power,exploratory,0.04600279540548962
lab_subject_3,inline_late_vs_no_ad_late,gamma_relative_power,exploratory,-0.03503684117266553
lab_subject_5,inline_late_vs_no_ad_late,gamma_relative_power,exploratory,0.008663306164118562
lab_subject_6,inline_late_vs_no_ad_late,gamma_relative_power,exploratory,-0.013523912337315553
lab_subject_7,inline_late_vs_no_ad_late,gamma_relative_power,exploratory,-0.005017936561542549
lab_subject_8,inline_late_vs_no_ad_late,gamma_relative_power,exploratory,-0.02054610724931661
lab_subject_9,inline_late_vs_no_ad_late,gamma_relative_power,exploratory,-0.01161484847867978
lab_subject_1,block_late_vs_no_ad_late,gamma_relative_power,exploratory,-0.08550494711974621
lab_subject_10,block_late_vs_no_ad_late,gamma_relative_power,exploratory,0.011333158222860127
lab_subject_11,block_late_vs_no_ad_late,gamma_relative_power,exploratory,-0.005894566680748024
lab_subject_12,block_late_vs_no_ad_late,gamma_relative_power,exploratory,-0.020141505768691097
lab_subject_13,block_late_vs_no_ad_late,gamma_relative_power,exploratory,-0.005916500778109662
lab_subject_14,block_late_vs_no_ad_late,gamma_relative_power,exploratory,-0.05696792291072121
lab_subject_15,block_late_vs_no_ad_late,gamma_relative_power,exploratory,0.04532661045383832
lab_subject_16,block_late_vs_no_ad_late,gamma_relative_power,exploratory,-0.0977116368270809
lab_subject_17,block_late_vs_no_ad_late,gamma_relative_power,exploratory,0.05685515836238903
lab_subject_18,block_late_vs_no_ad_late,gamma_relative_power,exploratory,-0.010087958362402248
lab_subject_19,block_late_vs_no_ad_late,gamma_relative_power,exploratory,-0.004139413891412851
lab_subject_2,block_late_vs_no_ad_late,gamma_relative_power,exploratory,0.04790255406060117
lab_subject_3,block_late_vs_no_ad_late,gamma_relative_power,exploratory,-0.05445115840241932
lab_subject_5,block_late_vs_no_ad_late,gamma_relative_power,exploratory,0.05224499083000609
lab_subject_6,block_late_vs_no_ad_late,gamma_relative_power,exploratory,0.024004877728733588
lab_subject_7,block_late_vs_no_ad_late,gamma_relative_power,exploratory,0.08863211137747834
lab_subject_8,block_late_vs_no_ad_late,gamma_relative_power,exploratory,0.0061384969155945344
lab_subject_9,block_late_vs_no_ad_late,gamma_relative_power,exploratory,0.015500079322689944
lab_subject_1,any_ad_vs_matched_no_ad,gamma_relative_power,exploratory,-0.07400391884675589
lab_subject_10,any_ad_vs_matched_no_ad,gamma_relative_power,exploratory,0.0006984666514700186
lab_subject_11,any_ad_vs_matched_no_ad,gamma_relative_power,exploratory,-0.008791482685811695
lab_subject_12,any_ad_vs_matched_no_ad,gamma_relative_power,exploratory,-0.008016791536812751
lab_subject_13,any_ad_vs_matched_no_ad,gamma_relative_power,exploratory,-0.006047208781601896
lab_subject_14,any_ad_vs_matched_no_ad,gamma_relative_power,exploratory,-0.05454426905552636
lab_subject_15,any_ad_vs_matched_no_ad,gamma_relative_power,exploratory,0.0068713753720640106
lab_subject_16,any_ad_vs_matched_no_ad,gamma_relative_power,exploratory,-0.010390908977795883
lab_subject_17,any_ad_vs_matched_no_ad,gamma_relative_power,exploratory,0.020141015797213606
lab_subject_18,any_ad_vs_matched_no_ad,gamma_relative_power,exploratory,0.00811127916517473
lab_subject_19,any_ad_vs_matched_no_ad,gamma_relative_power,exploratory,0.012602475248347102
lab_subject_2,any_ad_vs_matched_no_ad,gamma_relative_power,exploratory,0.02154856105684428
lab_subject_3,any_ad_vs_matched_no_ad,gamma_relative_power,exploratory,-0.06541624435603687
lab_subject_5,any_ad_vs_matched_no_ad,gamma_relative_power,exploratory,0.01893045404110826
lab_subject_6,any_ad_vs_matched_no_ad,gamma_relative_power,exploratory,0.0005933314979421093
lab_subject_7,any_ad_vs_matched_no_ad,gamma_relative_power,exploratory,0.012575916546003083
lab_subject_8,any_ad_vs_matched_no_ad,gamma_relative_power,exploratory,-0.004334994011775624
lab_subject_9,any_ad_vs_matched_no_ad,gamma_relative_power,exploratory,0.006704287862729894
lab_subject_1,inline_vs_block,gamma_relative_power,exploratory,0.019077154960795484
lab_subject_10,inline_vs_block,gamma_relative_power,exploratory,0.016281687665008697
lab_subject_11,inline_vs_block,gamma_relative_power,exploratory,0.011901608238503116
lab_subject_12,inline_vs_block,gamma_relative_power,exploratory,0.030348046776467165
lab_subject_13,inline_vs_block,gamma_relative_power,exploratory,-0.018337023945637246
lab_subject_14,inline_vs_block,gamma_relative_power,exploratory,0.020080432921260268
lab_subject_15,inline_vs_block,gamma_relative_power,exploratory,-0.026331536651389445
lab_subject_16,inline_vs_block,gamma_relative_power,exploratory,0.09296077199478851
lab_subject_17,inline_vs_block,gamma_relative_power,exploratory,-0.033387368454166386
lab_subject_18,inline_vs_block,gamma_relative_power,exploratory,-0.004664418137169925
lab_subject_19,inline_vs_block,gamma_relative_power,exploratory,0.005423459859782426
lab_subject_2,inline_vs_block,gamma_relative_power,exploratory,0.01385895146524415
lab_subject_3,inline_vs_block,gamma_relative_power,exploratory,0.01221061705787441
lab_subject_5,inline_vs_block,gamma_relative_power,exploratory,-0.02097374970566822
lab_subject_6,inline_vs_block,gamma_relative_power,exploratory,-0.03194283022961952
lab_subject_7,inline_vs_block,gamma_relative_power,exploratory,-0.050855363825161745
lab_subject_8,inline_vs_block,gamma_relative_power,exploratory,0.0033986345116714563
lab_subject_9,inline_vs_block,gamma_relative_power,exploratory,-0.013497921326227406
lab_subject_1,early_vs_late,gamma_relative_power,exploratory,0.014975562779647802
lab_subject_10,early_vs_late,gamma_relative_power,exploratory,0.008116029349628524
lab_subject_11,early_vs_late,gamma_relative_power,exploratory,-0.00023290711342823824
lab_subject_12,early_vs_late,gamma_relative_power,exploratory,-0.005344555807184577
lab_subject_13,early_vs_late,gamma_relative_power,exploratory,0.0028200981728935077
lab_subject_14,early_vs_late,gamma_relative_power,exploratory,0.0016447358807094407
lab_subject_15,early_vs_late,gamma_relative_power,exploratory,-0.006061703967311525
lab_subject_16,early_vs_late,gamma_relative_power,exploratory,0.07641797837173013
lab_subject_17,early_vs_late,gamma_relative_power,exploratory,-0.018039288105612696
lab_subject_18,early_vs_late,gamma_relative_power,exploratory,-0.03389944398384014
lab_subject_19,early_vs_late,gamma_relative_power,exploratory,0.0002730199136911377
lab_subject_2,early_vs_late,gamma_relative_power,exploratory,-0.04760808988593282
lab_subject_3,early_vs_late,gamma_relative_power,exploratory,-0.029871099849730794
lab_subject_5,early_vs_late,gamma_relative_power,exploratory,-0.0010256800063337367
lab_subject_6,early_vs_late,gamma_relative_power,exploratory,0.003803039052023673
lab_subject_7,early_vs_late,gamma_relative_power,exploratory,-0.014720345484198885
lab_subject_8,early_vs_late,gamma_relative_power,exploratory,0.00488987860250854
lab_subject_9,early_vs_late,gamma_relative_power,exploratory,-0.01961220234639447
lab_subject_1,format_x_timing,gamma_relative_power,exploratory,0.0031857304205751835
lab_subject_10,format_x_timing,gamma_relative_power,exploratory,0.0022376461708159927
lab_subject_11,format_x_timing,gamma_relative_power,exploratory,0.014778122431980515
lab_subject_12,format_x_timing,gamma_relative_power,exploratory,-0.0030564019987259494
lab_subject_13,format_x_timing,gamma_relative_power,exploratory,0.04737467437286539
lab_subject_14,format_x_timing,gamma_relative_power,exploratory,0.04333094153396488
lab_subject_15,format_x_timing,gamma_relative_power,exploratory,0.035304826598160366
lab_subject_16,format_x_timing,gamma_relative_power,exploratory,-0.08751904633980448
lab_subject_17,format_x_timing,gamma_relative_power,exploratory,0.031791378550269984
lab_subject_18,format_x_timing,gamma_relative_power,exploratory,-0.014691821923960346
lab_subject_19,format_x_timing,gamma_relative_power,exploratory,-0.007876793023276814
lab_subject_2,format_x_timing,gamma_relative_power,exploratory,0.031517420240711407
lab_subject_3,format_x_timing,gamma_relative_power,exploratory,-0.014407400343758765
lab_subject_5,format_x_timing,gamma_relative_power,exploratory,0.04521586992043861
lab_subject_6,format_x_timing,gamma_relative_power,exploratory,0.011171919672859233
lab_subject_7,format_x_timing,gamma_relative_power,exploratory,0.08558936822771829
lab_subject_8,format_x_timing,gamma_relative_power,exploratory,0.0601664773531652
lab_subject_9,format_x_timing,gamma_relative_power,exploratory,0.027234012950284638
lab_subject_1,inline_early_vs_no_ad_early,engagement_beta_over_alpha_theta,exploratory,-1.7538712389176558
lab_subject_10,inline_early_vs_no_ad_early,engagement_beta_over_alpha_theta,exploratory,0.17865766497618413
lab_subject_11,inline_early_vs_no_ad_early,engagement_beta_over_alpha_theta,exploratory,0.13486880617795405
lab_subject_12,inline_early_vs_no_ad_early,engagement_beta_over_alpha_theta,exploratory,0.2206017638462746
lab_subject_13,inline_early_vs_no_ad_early,engagement_beta_over_alpha_theta,exploratory,0.11323242416348961
lab_subject_14,inline_early_vs_no_ad_early,engagement_beta_over_alpha_theta,exploratory,-0.31559040573665775
lab_subject_15,inline_early_vs_no_ad_early,engagement_beta_over_alpha_theta,exploratory,0.027710706056598422
lab_subject_16,inline_early_vs_no_ad_early,engagement_beta_over_alpha_theta,exploratory,0.16788488240898913
lab_subject_17,inline_early_vs_no_ad_early,engagement_beta_over_alpha_theta,exploratory,0.12716466518713443
lab_subject_18,inline_early_vs_no_ad_early,engagement_beta_over_alpha_theta,exploratory,-0.007146639199103411
lab_subject_19,inline_early_vs_no_ad_early,engagement_beta_over_alpha_theta,exploratory,0.1878196017619494
lab_subject_2,inline_early_vs_no_ad_early,engagement_beta_over_alpha_theta,exploratory,0.29313748192779854
lab_subject_3,inline_early_vs_no_ad_early,engagement_beta_over_alpha_theta,exploratory,-0.5678058468773455
lab_subject_5,inline_early_vs_no_ad_early,engagement_beta_over_alpha_theta,exploratory,-0.2531505931441246
lab_subject_6,inline_early_vs_no_ad_early,engagement_beta_over_alpha_theta,exploratory,-0.13881840088314945
lab_subject_7,inline_early_vs_no_ad_early,engagement_beta_over_alpha_theta,exploratory,0.21990849436736015
lab_subject_8,inline_early_vs_no_ad_early,engagement_beta_over_alpha_theta,exploratory,0.0008579340374235134
lab_subject_9,inline_early_vs_no_ad_early,engagement_beta_over_alpha_theta,exploratory,-0.016446422100831137
lab_subject_1,block_early_vs_no_ad_early,engagement_beta_over_alpha_theta,exploratory,-1.7138050353581542
lab_subject_10,block_early_vs_no_ad_early,engagement_beta_over_alpha_theta,exploratory,0.06110901255560522
lab_subject_11,block_early_vs_no_ad_early,engagement_beta_over_alpha_theta,exploratory,0.21474045377813944
lab_subject_12,block_early_vs_no_ad_early,engagement_beta_over_alpha_theta,exploratory,-0.03763754695417193
lab_subject_13,block_early_vs_no_ad_early,engagement_beta_over_alpha_theta,exploratory,0.16252822436840714
lab_subject_14,block_early_vs_no_ad_early,engagement_beta_over_alpha_theta,exploratory,-0.45620416885679793
lab_subject_15,block_early_vs_no_ad_early,engagement_beta_over_alpha_theta,exploratory,-0.3963395307376047
lab_subject_16,block_early_vs_no_ad_early,engagement_beta_over_alpha_theta,exploratory,-0.13269517686364152
lab_subject_17,block_early_vs_no_ad_early,engagement_beta_over_alpha_theta,exploratory,-0.09226310046187891
lab_subject_18,block_early_vs_no_ad_early,engagement_beta_over_alpha_theta,exploratory,0.43697832388393365
lab_subject_19,block_early_vs_no_ad_early,engagement_beta_over_alpha_theta,exploratory,0.2311244710298962
lab_subject_2,block_early_vs_no_ad_early,engagement_beta_over_alpha_theta,exploratory,0.053667843928468795
lab_subject_3,block_early_vs_no_ad_early,engagement_beta_over_alpha_theta,exploratory,-1.180873754498116
lab_subject_5,block_early_vs_no_ad_early,engagement_beta_over_alpha_theta,exploratory,-0.2633934805530702
lab_subject_6,block_early_vs_no_ad_early,engagement_beta_over_alpha_theta,exploratory,-0.1374979561662235
lab_subject_7,block_early_vs_no_ad_early,engagement_beta_over_alpha_theta,exploratory,-0.17374555385518575
lab_subject_8,block_early_vs_no_ad_early,engagement_beta_over_alpha_theta,exploratory,-0.09759387023086519
lab_subject_9,block_early_vs_no_ad_early,engagement_beta_over_alpha_theta,exploratory,-0.20407312226956753
lab_subject_1,inline_late_vs_no_ad_late,engagement_beta_over_alpha_theta,exploratory,-0.7374370929530913
lab_subject_10,inline_late_vs_no_ad_late,engagement_beta_over_alpha_theta,exploratory,0.2223838051272991
lab_subject_11,inline_late_vs_no_ad_late,engagement_beta_over_alpha_theta,exploratory,0.017575707842238164
lab_subject_12,inline_late_vs_no_ad_late,engagement_beta_over_alpha_theta,exploratory,0.19749691231197686
lab_subject_13,inline_late_vs_no_ad_late,engagement_beta_over_alpha_theta,exploratory,-0.38567171060493144
lab_subject_14,inline_late_vs_no_ad_late,engagement_beta_over_alpha_theta,exploratory,0.14431657119119023
lab_subject_15,inline_late_vs_no_ad_late,engagement_beta_over_alpha_theta,exploratory,0.009187009922412559
lab_subject_16,inline_late_vs_no_ad_late,engagement_beta_over_alpha_theta,exploratory,0.5644807336618645
lab_subject_17,inline_late_vs_no_ad_late,engagement_beta_over_alpha_theta,exploratory,-0.17429031715597798
lab_subject_18,inline_late_vs_no_ad_late,engagement_beta_over_alpha_theta,exploratory,-0.19143552461539848
lab_subject_19,inline_late_vs_no_ad_late,engagement_beta_over_alpha_theta,exploratory,-0.056866982240083186
lab_subject_2,inline_late_vs_no_ad_late,engagement_beta_over_alpha_theta,exploratory,-0.2598696064976962
lab_subject_3,inline_late_vs_no_ad_late,engagement_beta_over_alpha_theta,exploratory,-0.7167922048895062
lab_subject_5,inline_late_vs_no_ad_late,engagement_beta_over_alpha_theta,exploratory,0.37954781946232696
lab_subject_6,inline_late_vs_no_ad_late,engagement_beta_over_alpha_theta,exploratory,-0.19648228393720202
lab_subject_7,inline_late_vs_no_ad_late,engagement_beta_over_alpha_theta,exploratory,-0.27913708614679655
lab_subject_8,inline_late_vs_no_ad_late,engagement_beta_over_alpha_theta,exploratory,0.02075966945579444
lab_subject_9,inline_late_vs_no_ad_late,engagement_beta_over_alpha_theta,exploratory,0.6182163318074982
lab_subject_1,block_late_vs_no_ad_late,engagement_beta_over_alpha_theta,exploratory,-1.0089480699214852
lab_subject_10,block_late_vs_no_ad_late,engagement_beta_over_alpha_theta,exploratory,0.03978688675179337
lab_subject_11,block_late_vs_no_ad_late,engagement_beta_over_alpha_theta,exploratory,0.010024050921047967
lab_subject_12,block_late_vs_no_ad_late,engagement_beta_over_alpha_theta,exploratory,-0.12929988225097866
lab_subject_13,block_late_vs_no_ad_late,engagement_beta_over_alpha_theta,exploratory,0.006528393125391274
lab_subject_14,block_late_vs_no_ad_late,engagement_beta_over_alpha_theta,exploratory,-0.09375598582925482
lab_subject_15,block_late_vs_no_ad_late,engagement_beta_over_alpha_theta,exploratory,0.8780759856667475
lab_subject_16,block_late_vs_no_ad_late,engagement_beta_over_alpha_theta,exploratory,-0.9786762342924682
lab_subject_17,block_late_vs_no_ad_late,engagement_beta_over_alpha_theta,exploratory,0.42606594567095624
lab_subject_18,block_late_vs_no_ad_late,engagement_beta_over_alpha_theta,exploratory,-0.03715661907819601
lab_subject_19,block_late_vs_no_ad_late,engagement_beta_over_alpha_theta,exploratory,-0.22200499614474278
lab_subject_2,block_late_vs_no_ad_late,engagement_beta_over_alpha_theta,exploratory,-0.1759481450326158
lab_subject_3,block_late_vs_no_ad_late,engagement_beta_over_alpha_theta,exploratory,-0.6810698489009173
lab_subject_5,block_late_vs_no_ad_late,engagement_beta_over_alpha_theta,exploratory,0.7551993908627834
lab_subject_6,block_late_vs_no_ad_late,engagement_beta_over_alpha_theta,exploratory,0.014635125538914329
lab_subject_7,block_late_vs_no_ad_late,engagement_beta_over_alpha_theta,exploratory,0.5354659194458629
lab_subject_8,block_late_vs_no_ad_late,engagement_beta_over_alpha_theta,exploratory,-0.149436941132554
lab_subject_9,block_late_vs_no_ad_late,engagement_beta_over_alpha_theta,exploratory,0.46456839467456146
lab_subject_1,any_ad_vs_matched_no_ad,engagement_beta_over_alpha_theta,exploratory,-1.3035153592875965
lab_subject_10,any_ad_vs_matched_no_ad,engagement_beta_over_alpha_theta,exploratory,0.12548434235272046
lab_subject_11,any_ad_vs_matched_no_ad,engagement_beta_over_alpha_theta,exploratory,0.0943022546798449
lab_subject_12,any_ad_vs_matched_no_ad,engagement_beta_over_alpha_theta,exploratory,0.06279031173827522
lab_subject_13,any_ad_vs_matched_no_ad,engagement_beta_over_alpha_theta,exploratory,-0.025845667236910855
lab_subject_14,any_ad_vs_matched_no_ad,engagement_beta_over_alpha_theta,exploratory,-0.18030849730788007
lab_subject_15,any_ad_vs_matched_no_ad,engagement_beta_over_alpha_theta,exploratory,0.12965854272703844
lab_subject_16,any_ad_vs_matched_no_ad,engagement_beta_over_alpha_theta,exploratory,-0.09475144877131403
lab_subject_17,any_ad_vs_matched_no_ad,engagement_beta_over_alpha_theta,exploratory,0.07166929831005844
lab_subject_18,any_ad_vs_matched_no_ad,engagement_beta_over_alpha_theta,exploratory,0.05030988524780894
lab_subject_19,any_ad_vs_matched_no_ad,engagement_beta_over_alpha_theta,exploratory,0.035018023601754905
lab_subject_2,any_ad_vs_matched_no_ad,engagement_beta_over_alpha_theta,exploratory,-0.022253106418511165
lab_subject_3,any_ad_vs_matched_no_ad,engagement_beta_over_alpha_theta,exploratory,-0.7866354137914713
lab_subject_5,any_ad_vs_matched_no_ad,engagement_beta_over_alpha_theta,exploratory,0.1545507841569789
lab_subject_6,any_ad_vs_matched_no_ad,engagement_beta_over_alpha_theta,exploratory,-0.11454087886191516
lab_subject_7,any_ad_vs_matched_no_ad,engagement_beta_over_alpha_theta,exploratory,0.07562294345281018
lab_subject_8,any_ad_vs_matched_no_ad,engagement_beta_over_alpha_theta,exploratory,-0.05635330196755031
lab_subject_9,any_ad_vs_matched_no_ad,engagement_beta_over_alpha_theta,exploratory,0.21556629552791523
lab_subject_1,inline_vs_block,engagement_beta_over_alpha_theta,exploratory,0.11572238670444612
lab_subject_10,inline_vs_block,engagement_beta_over_alpha_theta,exploratory,0.1500727853980423
lab_subject_11,inline_vs_block,engagement_beta_over_alpha_theta,exploratory,-0.0361599953394976
lab_subject_12,inline_vs_block,engagement_beta_over_alpha_theta,exploratory,0.29251805268170106
lab_subject_13,inline_vs_block,engagement_beta_over_alpha_theta,exploratory,-0.22074795196762012
lab_subject_14,inline_vs_block,engagement_beta_over_alpha_theta,exploratory,0.18934316007029262
lab_subject_15,inline_vs_block,engagement_beta_over_alpha_theta,exploratory,-0.2224193694750659
lab_subject_16,inline_vs_block,engagement_beta_over_alpha_theta,exploratory,0.9218685136134817
lab_subject_17,inline_vs_block,engagement_beta_over_alpha_theta,exploratory,-0.19046424858896044
lab_subject_18,inline_vs_block,engagement_beta_over_alpha_theta,exploratory,-0.29920193431011977
lab_subject_19,inline_vs_block,engagement_beta_over_alpha_theta,exploratory,0.0609165723183564
lab_subject_2,inline_vs_block,engagement_beta_over_alpha_theta,exploratory,0.07777408826712467
lab_subject_3,inline_vs_block,engagement_beta_over_alpha_theta,exploratory,0.28867277581609085
lab_subject_5,inline_vs_block,engagement_beta_over_alpha_theta,exploratory,-0.18270434199575541
lab_subject_6,inline_vs_block,engagement_beta_over_alpha_theta,exploratory,-0.10621892709652114
lab_subject_7,inline_vs_block,engagement_beta_over_alpha_theta,exploratory,-0.21047447868505675
lab_subject_8,inline_vs_block,engagement_beta_over_alpha_theta,exploratory,0.13432420742831858
lab_subject_9,inline_vs_block,engagement_beta_over_alpha_theta,exploratory,0.1706373186508366
lab_subject_1,early_vs_late,engagement_beta_over_alpha_theta,exploratory,-0.1153223232594327
lab_subject_10,early_vs_late,engagement_beta_over_alpha_theta,exploratory,0.020591800905392907
lab_subject_11,early_vs_late,engagement_beta_over_alpha_theta,exploratory,0.11376439848496528
lab_subject_12,early_vs_late,engagement_beta_over_alpha_theta,exploratory,-0.03549704072833701
lab_subject_13,early_vs_late,engagement_beta_over_alpha_theta,exploratory,0.13386289806157983
lab_subject_14,early_vs_late,engagement_beta_over_alpha_theta,exploratory,-0.5887968651956403
lab_subject_15,early_vs_late,engagement_beta_over_alpha_theta,exploratory,-0.4316893006070702
lab_subject_16,early_vs_late,engagement_beta_over_alpha_theta,exploratory,0.6532659408247445
lab_subject_17,early_vs_late,engagement_beta_over_alpha_theta,exploratory,-0.06899308404421262
lab_subject_18,early_vs_late,engagement_beta_over_alpha_theta,exploratory,-0.097357669692972
lab_subject_19,early_vs_late,engagement_beta_over_alpha_theta,exploratory,0.09429811891068945
lab_subject_2,early_vs_late,engagement_beta_over_alpha_theta,exploratory,0.1284559495860939
lab_subject_3,early_vs_late,engagement_beta_over_alpha_theta,exploratory,0.11407426551508815
lab_subject_5,early_vs_late,engagement_beta_over_alpha_theta,exploratory,-0.02667279129436778
lab_subject_6,early_vs_late,engagement_beta_over_alpha_theta,exploratory,-0.003941562672833521
lab_subject_7,early_vs_late,engagement_beta_over_alpha_theta,exploratory,-0.2148937380472986
lab_subject_8,early_vs_late,engagement_beta_over_alpha_theta,exploratory,0.005936307673327368
lab_subject_9,early_vs_late,engagement_beta_over_alpha_theta,exploratory,-0.5496768338720593
lab_subject_1,format_x_timing,engagement_beta_over_alpha_theta,exploratory,-0.3115771805278955
lab_subject_10,format_x_timing,engagement_beta_over_alpha_theta,exploratory,-0.06504826595492683
lab_subject_11,format_x_timing,engagement_beta_over_alpha_theta,exploratory,-0.08742330452137559
lab_subject_12,format_x_timing,engagement_beta_over_alpha_theta,exploratory,-0.06855748376250898
lab_subject_13,format_x_timing,engagement_beta_over_alpha_theta,exploratory,0.3429043035254052
lab_subject_14,format_x_timing,engagement_beta_over_alpha_theta,exploratory,-0.09745879390030487
lab_subject_15,format_x_timing,engagement_beta_over_alpha_theta,exploratory,1.2929392125385382
lab_subject_16,format_x_timing,engagement_beta_over_alpha_theta,exploratory,-1.242576908681702
lab_subject_17,format_x_timing,engagement_beta_over_alpha_theta,exploratory,0.8197840284759476
lab_subject_18,format_x_timing,engagement_beta_over_alpha_theta,exploratory,-0.2898460575458346
lab_subject_19,format_x_timing,engagement_beta_over_alpha_theta,exploratory,-0.2084428831726064
lab_subject_2,format_x_timing,engagement_beta_over_alpha_theta,exploratory,0.32339109946441014
lab_subject_3,format_x_timing,engagement_beta_over_alpha_theta,exploratory,0.6487902636093597
lab_subject_5,format_x_timing,engagement_beta_over_alpha_theta,exploratory,0.3858944588094021
lab_subject_6,format_x_timing,engagement_beta_over_alpha_theta,exploratory,0.2097969647591904
lab_subject_7,format_x_timing,engagement_beta_over_alpha_theta,exploratory,1.2082570538152053
lab_subject_8,format_x_timing,engagement_beta_over_alpha_theta,exploratory,-0.07174480632005975
lab_subject_9,format_x_timing,engagement_beta_over_alpha_theta,exploratory,0.03397876303579961
lab_subject_1,inline_early_vs_no_ad_early,engagement_pope_frontocentral_beta_over_alpha_theta,exploratory,-2.3624177705803304
lab_subject_10,inline_early_vs_no_ad_early,engagement_pope_frontocentral_beta_over_alpha_theta,exploratory,0.2160308946241376
lab_subject_11,inline_early_vs_no_ad_early,engagement_pope_frontocentral_beta_over_alpha_theta,exploratory,0.20978520931965805
lab_subject_12,inline_early_vs_no_ad_early,engagement_pope_frontocentral_beta_over_alpha_theta,exploratory,0.18256857693212147
lab_subject_13,inline_early_vs_no_ad_early,engagement_pope_frontocentral_beta_over_alpha_theta,exploratory,-0.04102156357518291
lab_subject_14,inline_early_vs_no_ad_early,engagement_pope_frontocentral_beta_over_alpha_theta,exploratory,0.15046017267781986
lab_subject_15,inline_early_vs_no_ad_early,engagement_pope_frontocentral_beta_over_alpha_theta,exploratory,0.04446061227641607
lab_subject_16,inline_early_vs_no_ad_early,engagement_pope_frontocentral_beta_over_alpha_theta,exploratory,0.6181423450856871
lab_subject_17,inline_early_vs_no_ad_early,engagement_pope_frontocentral_beta_over_alpha_theta,exploratory,-0.28977196935996574
lab_subject_18,inline_early_vs_no_ad_early,engagement_pope_frontocentral_beta_over_alpha_theta,exploratory,0.5444851889477399
lab_subject_19,inline_early_vs_no_ad_early,engagement_pope_frontocentral_beta_over_alpha_theta,exploratory,0.4148331552152296
lab_subject_2,inline_early_vs_no_ad_early,engagement_pope_frontocentral_beta_over_alpha_theta,exploratory,0.049501516643415955
lab_subject_3,inline_early_vs_no_ad_early,engagement_pope_frontocentral_beta_over_alpha_theta,exploratory,-0.5431415301308248
lab_subject_5,inline_early_vs_no_ad_early,engagement_pope_frontocentral_beta_over_alpha_theta,exploratory,-0.31274496217813696
lab_subject_6,inline_early_vs_no_ad_early,engagement_pope_frontocentral_beta_over_alpha_theta,exploratory,-0.37045563267687887
lab_subject_7,inline_early_vs_no_ad_early,engagement_pope_frontocentral_beta_over_alpha_theta,exploratory,0.4369937295016211
lab_subject_8,inline_early_vs_no_ad_early,engagement_pope_frontocentral_beta_over_alpha_theta,exploratory,0.2409515764852126
lab_subject_9,inline_early_vs_no_ad_early,engagement_pope_frontocentral_beta_over_alpha_theta,exploratory,-0.8354332981676172
lab_subject_1,block_early_vs_no_ad_early,engagement_pope_frontocentral_beta_over_alpha_theta,exploratory,-1.7193050824984535
lab_subject_10,block_early_vs_no_ad_early,engagement_pope_frontocentral_beta_over_alpha_theta,exploratory,0.16411248691582872
lab_subject_11,block_early_vs_no_ad_early,engagement_pope_frontocentral_beta_over_alpha_theta,exploratory,0.27261429059352305
lab_subject_12,block_early_vs_no_ad_early,engagement_pope_frontocentral_beta_over_alpha_theta,exploratory,-0.0735306772196524
lab_subject_13,block_early_vs_no_ad_early,engagement_pope_frontocentral_beta_over_alpha_theta,exploratory,0.04823953990927937
lab_subject_14,block_early_vs_no_ad_early,engagement_pope_frontocentral_beta_over_alpha_theta,exploratory,-0.7102601056840623
lab_subject_15,block_early_vs_no_ad_early,engagement_pope_frontocentral_beta_over_alpha_theta,exploratory,-0.15266021228079008
lab_subject_16,block_early_vs_no_ad_early,engagement_pope_frontocentral_beta_over_alpha_theta,exploratory,0.09437253761545794
lab_subject_17,block_early_vs_no_ad_early,engagement_pope_frontocentral_beta_over_alpha_theta,exploratory,-0.5091107268681783
lab_subject_18,block_early_vs_no_ad_early,engagement_pope_frontocentral_beta_over_alpha_theta,exploratory,1.0895407500862953
lab_subject_19,block_early_vs_no_ad_early,engagement_pope_frontocentral_beta_over_alpha_theta,exploratory,0.3672629938014703
lab_subject_2,block_early_vs_no_ad_early,engagement_pope_frontocentral_beta_over_alpha_theta,exploratory,0.06778197146274456
lab_subject_3,block_early_vs_no_ad_early,engagement_pope_frontocentral_beta_over_alpha_theta,exploratory,-1.3018832858590748
lab_subject_5,block_early_vs_no_ad_early,engagement_pope_frontocentral_beta_over_alpha_theta,exploratory,-0.17735069170808226
lab_subject_6,block_early_vs_no_ad_early,engagement_pope_frontocentral_beta_over_alpha_theta,exploratory,-0.20097637012007175
lab_subject_7,block_early_vs_no_ad_early,engagement_pope_frontocentral_beta_over_alpha_theta,exploratory,0.032436179560381584
lab_subject_8,block_early_vs_no_ad_early,engagement_pope_frontocentral_beta_over_alpha_theta,exploratory,-0.13881333966662246
lab_subject_9,block_early_vs_no_ad_early,engagement_pope_frontocentral_beta_over_alpha_theta,exploratory,-0.100829992448211
lab_subject_1,inline_late_vs_no_ad_late,engagement_pope_frontocentral_beta_over_alpha_theta,exploratory,-1.3245592681525693
lab_subject_10,inline_late_vs_no_ad_late,engagement_pope_frontocentral_beta_over_alpha_theta,exploratory,0.16075930808550593
lab_subject_11,inline_late_vs_no_ad_late,engagement_pope_frontocentral_beta_over_alpha_theta,exploratory,-0.1122725381618771
lab_subject_12,inline_late_vs_no_ad_late,engagement_pope_frontocentral_beta_over_alpha_theta,exploratory,0.23230499640300278
lab_subject_13,inline_late_vs_no_ad_late,engagement_pope_frontocentral_beta_over_alpha_theta,exploratory,-0.25120244099676853
lab_subject_14,inline_late_vs_no_ad_late,engagement_pope_frontocentral_beta_over_alpha_theta,exploratory,0.08561237840250391
lab_subject_15,inline_late_vs_no_ad_late,engagement_pope_frontocentral_beta_over_alpha_theta,exploratory,-0.1020044587026907
lab_subject_16,inline_late_vs_no_ad_late,engagement_pope_frontocentral_beta_over_alpha_theta,exploratory,0.5560008290395704
lab_subject_17,inline_late_vs_no_ad_late,engagement_pope_frontocentral_beta_over_alpha_theta,exploratory,0.18999885132693428
lab_subject_18,inline_late_vs_no_ad_late,engagement_pope_frontocentral_beta_over_alpha_theta,exploratory,-0.3151204219117515
lab_subject_19,inline_late_vs_no_ad_late,engagement_pope_frontocentral_beta_over_alpha_theta,exploratory,0.20129069986556958
lab_subject_2,inline_late_vs_no_ad_late,engagement_pope_frontocentral_beta_over_alpha_theta,exploratory,-0.24633205835220795
lab_subject_3,inline_late_vs_no_ad_late,engagement_pope_frontocentral_beta_over_alpha_theta,exploratory,-1.0417200446942778
lab_subject_5,inline_late_vs_no_ad_late,engagement_pope_frontocentral_beta_over_alpha_theta,exploratory,0.1905746135933588
lab_subject_6,inline_late_vs_no_ad_late,engagement_pope_frontocentral_beta_over_alpha_theta,exploratory,-0.30613453143195835
lab_subject_7,inline_late_vs_no_ad_late,engagement_pope_frontocentral_beta_over_alpha_theta,exploratory,-0.06522548639487791
lab_subject_8,inline_late_vs_no_ad_late,engagement_pope_frontocentral_beta_over_alpha_theta,exploratory,0.24846643033592652
lab_subject_9,inline_late_vs_no_ad_late,engagement_pope_frontocentral_beta_over_alpha_theta,exploratory,0.7462702722170155
lab_subject_1,block_late_vs_no_ad_late,engagement_pope_frontocentral_beta_over_alpha_theta,exploratory,-0.818230116576688
lab_subject_10,block_late_vs_no_ad_late,engagement_pope_frontocentral_beta_over_alpha_theta,exploratory,0.025790827945751355
lab_subject_11,block_late_vs_no_ad_late,engagement_pope_frontocentral_beta_over_alpha_theta,exploratory,0.042005390680904475
lab_subject_12,block_late_vs_no_ad_late,engagement_pope_frontocentral_beta_over_alpha_theta,exploratory,-0.1942612702595326
lab_subject_13,block_late_vs_no_ad_late,engagement_pope_frontocentral_beta_over_alpha_theta,exploratory,-0.09893051164664612
lab_subject_14,block_late_vs_no_ad_late,engagement_pope_frontocentral_beta_over_alpha_theta,exploratory,-0.4977659332701825
lab_subject_15,block_late_vs_no_ad_late,engagement_pope_frontocentral_beta_over_alpha_theta,exploratory,0.5060224867028353
lab_subject_16,block_late_vs_no_ad_late,engagement_pope_frontocentral_beta_over_alpha_theta,exploratory,-1.0377163774785836
lab_subject_17,block_late_vs_no_ad_late,engagement_pope_frontocentral_beta_over_alpha_theta,exploratory,0.31774174554246926
lab_subject_18,block_late_vs_no_ad_late,engagement_pope_frontocentral_beta_over_alpha_theta,exploratory,-0.17572617283685954
lab_subject_19,block_late_vs_no_ad_late,engagement_pope_frontocentral_beta_over_alpha_theta,exploratory,0.16299255683861952
lab_subject_2,block_late_vs_no_ad_late,engagement_pope_frontocentral_beta_over_alpha_theta,exploratory,-0.23848069924794701
lab_subject_3,block_late_vs_no_ad_late,engagement_pope_frontocentral_beta_over_alpha_theta,exploratory,-0.9627547986678949
lab_subject_5,block_late_vs_no_ad_late,engagement_pope_frontocentral_beta_over_alpha_theta,exploratory,0.6372359113963066
lab_subject_6,block_late_vs_no_ad_late,engagement_pope_frontocentral_beta_over_alpha_theta,exploratory,-0.21084019140505883
lab_subject_7,block_late_vs_no_ad_late,engagement_pope_frontocentral_beta_over_alpha_theta,exploratory,0.5378207223885425
lab_subject_8,block_late_vs_no_ad_late,engagement_pope_frontocentral_beta_over_alpha_theta,exploratory,0.013673637450297593
lab_subject_9,block_late_vs_no_ad_late,engagement_pope_frontocentral_beta_over_alpha_theta,exploratory,0.5022789618999159
lab_subject_1,any_ad_vs_matched_no_ad,engagement_pope_frontocentral_beta_over_alpha_theta,exploratory,-1.5561280594520102
lab_subject_10,any_ad_vs_matched_no_ad,engagement_pope_frontocentral_beta_over_alpha_theta,exploratory,0.14167337939280591
lab_subject_11,any_ad_vs_matched_no_ad,engagement_pope_frontocentral_beta_over_alpha_theta,exploratory,0.10303308810805212
lab_subject_12,any_ad_vs_matched_no_ad,engagement_pope_frontocentral_beta_over_alpha_theta,exploratory,0.036770406463984814
lab_subject_13,any_ad_vs_matched_no_ad,engagement_pope_frontocentral_beta_over_alpha_theta,exploratory,-0.08572874407732956
lab_subject_14,any_ad_vs_matched_no_ad,engagement_pope_frontocentral_beta_over_alpha_theta,exploratory,-0.24298837196848025
lab_subject_15,any_ad_vs_matched_no_ad,engagement_pope_frontocentral_beta_over_alpha_theta,exploratory,0.07395460699894264
lab_subject_16,any_ad_vs_matched_no_ad,engagement_pope_frontocentral_beta_over_alpha_theta,exploratory,0.05769983356553293
lab_subject_17,any_ad_vs_matched_no_ad,engagement_pope_frontocentral_beta_over_alpha_theta,exploratory,-0.07278552483968512
lab_subject_18,any_ad_vs_matched_no_ad,engagement_pope_frontocentral_beta_over_alpha_theta,exploratory,0.28579483607135603
lab_subject_19,any_ad_vs_matched_no_ad,engagement_pope_frontocentral_beta_over_alpha_theta,exploratory,0.28659485143022223
lab_subject_2,any_ad_vs_matched_no_ad,engagement_pope_frontocentral_beta_over_alpha_theta,exploratory,-0.09188231737349861
lab_subject_3,any_ad_vs_matched_no_ad,engagement_pope_frontocentral_beta_over_alpha_theta,exploratory,-0.9623749148380181
lab_subject_5,any_ad_vs_matched_no_ad,engagement_pope_frontocentral_beta_over_alpha_theta,exploratory,0.08442871777586156
lab_subject_6,any_ad_vs_matched_no_ad,engagement_pope_frontocentral_beta_over_alpha_theta,exploratory,-0.27210168140849195
lab_subject_7,any_ad_vs_matched_no_ad,engagement_pope_frontocentral_beta_over_alpha_theta,exploratory,0.23550628626391681
lab_subject_8,any_ad_vs_matched_no_ad,engagement_pope_frontocentral_beta_over_alpha_theta,exploratory,0.09106957615120356
lab_subject_9,any_ad_vs_matched_no_ad,engagement_pope_frontocentral_beta_over_alpha_theta,exploratory,0.07807148587527579
lab_subject_1,inline_vs_block,engagement_pope_frontocentral_beta_over_alpha_theta,exploratory,-0.5747209198288791
lab_subject_10,inline_vs_block,engagement_pope_frontocentral_beta_over_alpha_theta,exploratory,0.09344344392403173
lab_subject_11,inline_vs_block,engagement_pope_frontocentral_beta_over_alpha_theta,exploratory,-0.10855350505832329
lab_subject_12,inline_vs_block,engagement_pope_frontocentral_beta_over_alpha_theta,exploratory,0.34133276040715466
lab_subject_13,inline_vs_block,engagement_pope_frontocentral_beta_over_alpha_theta,exploratory,-0.12076651641729234
lab_subject_14,inline_vs_block,engagement_pope_frontocentral_beta_over_alpha_theta,exploratory,0.7220492950172843
lab_subject_15,inline_vs_block,engagement_pope_frontocentral_beta_over_alpha_theta,exploratory,-0.20545306042415992
lab_subject_16,inline_vs_block,engagement_pope_frontocentral_beta_over_alpha_theta,exploratory,1.0587435069941915
lab_subject_17,inline_vs_block,engagement_pope_frontocentral_beta_over_alpha_theta,exploratory,0.045797931646338774
lab_subject_18,inline_vs_block,engagement_pope_frontocentral_beta_over_alpha_theta,exploratory,-0.34222490510672365
lab_subject_19,inline_vs_block,engagement_pope_frontocentral_beta_over_alpha_theta,exploratory,0.04293415222035468
lab_subject_2,inline_vs_block,engagement_pope_frontocentral_beta_over_alpha_theta,exploratory,-0.013065906961794771
lab_subject_3,inline_vs_block,engagement_pope_frontocentral_beta_over_alpha_theta,exploratory,0.3398882548509336
lab_subject_5,inline_vs_block,engagement_pope_frontocentral_beta_over_alpha_theta,exploratory,-0.29102778413650127
lab_subject_6,inline_vs_block,engagement_pope_frontocentral_beta_over_alpha_theta,exploratory,-0.13238680129185332
lab_subject_7,inline_vs_block,engagement_pope_frontocentral_beta_over_alpha_theta,exploratory,-0.09924432942109046
lab_subject_8,inline_vs_block,engagement_pope_frontocentral_beta_over_alpha_theta,exploratory,0.307278854518732
lab_subject_9,inline_vs_block,engagement_pope_frontocentral_beta_over_alpha_theta,exploratory,-0.24530599770115336
lab_subject_1,early_vs_late,engagement_pope_frontocentral_beta_over_alpha_theta,exploratory,0.5213177563836128
lab_subject_10,early_vs_late,engagement_pope_frontocentral_beta_over_alpha_theta,exploratory,0.03287452285689729
lab_subject_11,early_vs_late,engagement_pope_frontocentral_beta_over_alpha_theta,exploratory,0.14520043883257383
lab_subject_12,early_vs_late,engagement_pope_frontocentral_beta_over_alpha_theta,exploratory,-0.12463540568647294
lab_subject_13,early_vs_late,engagement_pope_frontocentral_beta_over_alpha_theta,exploratory,0.04868330919375809
lab_subject_14,early_vs_late,engagement_pope_frontocentral_beta_over_alpha_theta,exploratory,-0.7237480184072036
lab_subject_15,early_vs_late,engagement_pope_frontocentral_beta_over_alpha_theta,exploratory,-0.21293815628392757
lab_subject_16,early_vs_late,engagement_pope_frontocentral_beta_over_alpha_theta,exploratory,0.6595434521394319
lab_subject_17,early_vs_late,engagement_pope_frontocentral_beta_over_alpha_theta,exploratory,-0.20803150928705533
lab_subject_18,early_vs_late,engagement_pope_frontocentral_beta_over_alpha_theta,exploratory,-0.17615104653920954
lab_subject_19,early_vs_late,engagement_pope_frontocentral_beta_over_alpha_theta,exploratory,0.2215684702908782
lab_subject_2,early_vs_late,engagement_pope_frontocentral_beta_over_alpha_theta,exploratory,0.16027772095749593
lab_subject_3,early_vs_late,engagement_pope_frontocentral_beta_over_alpha_theta,exploratory,0.331201849995377
lab_subject_5,early_vs_late,engagement_pope_frontocentral_beta_over_alpha_theta,exploratory,0.004484827056309759
lab_subject_6,early_vs_late,engagement_pope_frontocentral_beta_over_alpha_theta,exploratory,-0.025679095599495882
lab_subject_7,early_vs_late,engagement_pope_frontocentral_beta_over_alpha_theta,exploratory,-0.008966650228269979
lab_subject_8,early_vs_late,engagement_pope_frontocentral_beta_over_alpha_theta,exploratory,-0.18536445091105597
lab_subject_9,early_vs_late,engagement_pope_frontocentral_beta_over_alpha_theta,exploratory,-0.9849238825638849
lab_subject_1,format_x_timing,engagement_pope_frontocentral_beta_over_alpha_theta,exploratory,-0.13678353650599573
lab_subject_10,format_x_timing,engagement_pope_frontocentral_beta_over_alpha_theta,exploratory,-0.08305007243144569
lab_subject_11,format_x_timing,engagement_pope_frontocentral_beta_over_alpha_theta,exploratory,0.09144884756891658
lab_subject_12,format_x_timing,engagement_pope_frontocentral_beta_over_alpha_theta,exploratory,-0.17046701251076152
lab_subject_13,format_x_timing,engagement_pope_frontocentral_beta_over_alpha_theta,exploratory,0.06301082586566012
lab_subject_14,format_x_timing,engagement_pope_frontocentral_beta_over_alpha_theta,exploratory,0.27734196668919575
lab_subject_15,format_x_timing,engagement_pope_frontocentral_beta_over_alpha_theta,exploratory,0.8051477699627322
lab_subject_16,format_x_timing,engagement_pope_frontocentral_beta_over_alpha_theta,exploratory,-1.0699473990479245
lab_subject_17,format_x_timing,engagement_pope_frontocentral_beta_over_alpha_theta,exploratory,0.3470816517237475
lab_subject_18,format_x_timing,engagement_pope_frontocentral_beta_over_alpha_theta,exploratory,-0.4056613120636634
lab_subject_19,format_x_timing,engagement_pope_frontocentral_beta_over_alpha_theta,exploratory,0.009272018386809244
lab_subject_2,format_x_timing,engagement_pope_frontocentral_beta_over_alpha_theta,exploratory,-0.010429095715067671
lab_subject_3,format_x_timing,engagement_pope_frontocentral_beta_over_alpha_theta,exploratory,0.8377070017546328
lab_subject_5,format_x_timing,engagement_pope_frontocentral_beta_over_alpha_theta,exploratory,0.31126702733289313
lab_subject_6,format_x_timing,engagement_pope_frontocentral_beta_over_alpha_theta,exploratory,-0.0741849225299076
lab_subject_7,format_x_timing,engagement_pope_frontocentral_beta_over_alpha_theta,exploratory,1.00760375872466
lab_subject_8,format_x_timing,engagement_pope_frontocentral_beta_over_alpha_theta,exploratory,0.14497212326620612
lab_subject_9,format_x_timing,engagement_pope_frontocentral_beta_over_alpha_theta,exploratory,-0.9785946160365058
lab_subject_1,inline_early_vs_no_ad_early,engagement_kislov_central_beta16_24_over_alpha8_12,exploratory,-1.304601421343555
lab_subject_10,inline_early_vs_no_ad_early,engagement_kislov_central_beta16_24_over_alpha8_12,exploratory,0.6447083796504525
lab_subject_11,inline_early_vs_no_ad_early,engagement_kislov_central_beta16_24_over_alpha8_12,exploratory,0.12826331823600567
lab_subject_12,inline_early_vs_no_ad_early,engagement_kislov_central_beta16_24_over_alpha8_12,exploratory,0.6214641111209893
lab_subject_13,inline_early_vs_no_ad_early,engagement_kislov_central_beta16_24_over_alpha8_12,exploratory,-0.003702741294800971
lab_subject_14,inline_early_vs_no_ad_early,engagement_kislov_central_beta16_24_over_alpha8_12,exploratory,0.08948671984900514
lab_subject_15,inline_early_vs_no_ad_early,engagement_kislov_central_beta16_24_over_alpha8_12,exploratory,0.20705280761427802
lab_subject_16,inline_early_vs_no_ad_early,engagement_kislov_central_beta16_24_over_alpha8_12,exploratory,0.7514872821515415
lab_subject_17,inline_early_vs_no_ad_early,engagement_kislov_central_beta16_24_over_alpha8_12,exploratory,-0.49174070655591207
lab_subject_18,inline_early_vs_no_ad_early,engagement_kislov_central_beta16_24_over_alpha8_12,exploratory,0.5592938250249626
lab_subject_19,inline_early_vs_no_ad_early,engagement_kislov_central_beta16_24_over_alpha8_12,exploratory,-0.43362710371525903
lab_subject_2,inline_early_vs_no_ad_early,engagement_kislov_central_beta16_24_over_alpha8_12,exploratory,1.01197585641122
lab_subject_3,inline_early_vs_no_ad_early,engagement_kislov_central_beta16_24_over_alpha8_12,exploratory,-1.5730422299508175
lab_subject_5,inline_early_vs_no_ad_early,engagement_kislov_central_beta16_24_over_alpha8_12,exploratory,-0.37715658817341735
lab_subject_6,inline_early_vs_no_ad_early,engagement_kislov_central_beta16_24_over_alpha8_12,exploratory,-0.17772088001858388
lab_subject_7,inline_early_vs_no_ad_early,engagement_kislov_central_beta16_24_over_alpha8_12,exploratory,-0.18489190596364335
lab_subject_8,inline_early_vs_no_ad_early,engagement_kislov_central_beta16_24_over_alpha8_12,exploratory,0.08856816894054353
lab_subject_9,inline_early_vs_no_ad_early,engagement_kislov_central_beta16_24_over_alpha8_12,exploratory,-3.9442976412042476
lab_subject_1,block_early_vs_no_ad_early,engagement_kislov_central_beta16_24_over_alpha8_12,exploratory,2.239614203609411
lab_subject_10,block_early_vs_no_ad_early,engagement_kislov_central_beta16_24_over_alpha8_12,exploratory,0.4676966496899336
lab_subject_11,block_early_vs_no_ad_early,engagement_kislov_central_beta16_24_over_alpha8_12,exploratory,0.42277532786419947
lab_subject_12,block_early_vs_no_ad_early,engagement_kislov_central_beta16_24_over_alpha8_12,exploratory,0.6268351891192608
lab_subject_13,block_early_vs_no_ad_early,engagement_kislov_central_beta16_24_over_alpha8_12,exploratory,-0.19163346802399261
lab_subject_14,block_early_vs_no_ad_early,engagement_kislov_central_beta16_24_over_alpha8_12,exploratory,-0.15621173538242283
lab_subject_15,block_early_vs_no_ad_early,engagement_kislov_central_beta16_24_over_alpha8_12,exploratory,-0.1403465020144914
lab_subject_16,block_early_vs_no_ad_early,engagement_kislov_central_beta16_24_over_alpha8_12,exploratory,0.6471087906326576
lab_subject_17,block_early_vs_no_ad_early,engagement_kislov_central_beta16_24_over_alpha8_12,exploratory,-0.011180838360412781
lab_subject_18,block_early_vs_no_ad_early,engagement_kislov_central_beta16_24_over_alpha8_12,exploratory,0.9488025193290356
lab_subject_19,block_early_vs_no_ad_early,engagement_kislov_central_beta16_24_over_alpha8_12,exploratory,0.12350933920834839
lab_subject_2,block_early_vs_no_ad_early,engagement_kislov_central_beta16_24_over_alpha8_12,exploratory,0.5882101162018921
lab_subject_3,block_early_vs_no_ad_early,engagement_kislov_central_beta16_24_over_alpha8_12,exploratory,-1.315397195508024
lab_subject_5,block_early_vs_no_ad_early,engagement_kislov_central_beta16_24_over_alpha8_12,exploratory,-0.13611462549624564
lab_subject_6,block_early_vs_no_ad_early,engagement_kislov_central_beta16_24_over_alpha8_12,exploratory,-0.07423564999074506
lab_subject_7,block_early_vs_no_ad_early,engagement_kislov_central_beta16_24_over_alpha8_12,exploratory,-0.4415642299158924
lab_subject_8,block_early_vs_no_ad_early,engagement_kislov_central_beta16_24_over_alpha8_12,exploratory,-0.8627033337882719
lab_subject_9,block_early_vs_no_ad_early,engagement_kislov_central_beta16_24_over_alpha8_12,exploratory,0.6487376185163465
lab_subject_1,inline_late_vs_no_ad_late,engagement_kislov_central_beta16_24_over_alpha8_12,exploratory,-1.477566361597028
lab_subject_10,inline_late_vs_no_ad_late,engagement_kislov_central_beta16_24_over_alpha8_12,exploratory,0.29023522784452876
lab_subject_11,inline_late_vs_no_ad_late,engagement_kislov_central_beta16_24_over_alpha8_12,exploratory,0.06642998437183012
lab_subject_12,inline_late_vs_no_ad_late,engagement_kislov_central_beta16_24_over_alpha8_12,exploratory,-0.6210476166385229
lab_subject_13,inline_late_vs_no_ad_late,engagement_kislov_central_beta16_24_over_alpha8_12,exploratory,-0.07591794238793448
lab_subject_14,inline_late_vs_no_ad_late,engagement_kislov_central_beta16_24_over_alpha8_12,exploratory,-0.08812316778086049
lab_subject_15,inline_late_vs_no_ad_late,engagement_kislov_central_beta16_24_over_alpha8_12,exploratory,-0.0808037755213552
lab_subject_16,inline_late_vs_no_ad_late,engagement_kislov_central_beta16_24_over_alpha8_12,exploratory,1.078725368476678
lab_subject_17,inline_late_vs_no_ad_late,engagement_kislov_central_beta16_24_over_alpha8_12,exploratory,-0.09504672481956655
lab_subject_18,inline_late_vs_no_ad_late,engagement_kislov_central_beta16_24_over_alpha8_12,exploratory,-0.4135951399160983
lab_subject_19,inline_late_vs_no_ad_late,engagement_kislov_central_beta16_24_over_alpha8_12,exploratory,0.6928167487876523
lab_subject_2,inline_late_vs_no_ad_late,engagement_kislov_central_beta16_24_over_alpha8_12,exploratory,0.0039114452108427455
lab_subject_3,inline_late_vs_no_ad_late,engagement_kislov_central_beta16_24_over_alpha8_12,exploratory,-1.6041927282417077
lab_subject_5,inline_late_vs_no_ad_late,engagement_kislov_central_beta16_24_over_alpha8_12,exploratory,0.4210470609546473
lab_subject_6,inline_late_vs_no_ad_late,engagement_kislov_central_beta16_24_over_alpha8_12,exploratory,0.03569579647801979
lab_subject_7,inline_late_vs_no_ad_late,engagement_kislov_central_beta16_24_over_alpha8_12,exploratory,-0.09963390650171866
lab_subject_8,inline_late_vs_no_ad_late,engagement_kislov_central_beta16_24_over_alpha8_12,exploratory,0.31479715551718945
lab_subject_9,inline_late_vs_no_ad_late,engagement_kislov_central_beta16_24_over_alpha8_12,exploratory,1.260671251982999
lab_subject_1,block_late_vs_no_ad_late,engagement_kislov_central_beta16_24_over_alpha8_12,exploratory,0.273376219991196
lab_subject_10,block_late_vs_no_ad_late,engagement_kislov_central_beta16_24_over_alpha8_12,exploratory,-0.005024542886308686
lab_subject_11,block_late_vs_no_ad_late,engagement_kislov_central_beta16_24_over_alpha8_12,exploratory,0.4640559731635483
lab_subject_12,block_late_vs_no_ad_late,engagement_kislov_central_beta16_24_over_alpha8_12,exploratory,0.08675857911594542
lab_subject_13,block_late_vs_no_ad_late,engagement_kislov_central_beta16_24_over_alpha8_12,exploratory,0.3362087631450019
lab_subject_14,block_late_vs_no_ad_late,engagement_kislov_central_beta16_24_over_alpha8_12,exploratory,-0.6266841973159989
lab_subject_15,block_late_vs_no_ad_late,engagement_kislov_central_beta16_24_over_alpha8_12,exploratory,0.9035731540324483
lab_subject_16,block_late_vs_no_ad_late,engagement_kislov_central_beta16_24_over_alpha8_12,exploratory,-1.4922649522716374
lab_subject_17,block_late_vs_no_ad_late,engagement_kislov_central_beta16_24_over_alpha8_12,exploratory,0.18311094832116726
lab_subject_18,block_late_vs_no_ad_late,engagement_kislov_central_beta16_24_over_alpha8_12,exploratory,-0.06908139943381264
lab_subject_19,block_late_vs_no_ad_late,engagement_kislov_central_beta16_24_over_alpha8_12,exploratory,0.11165662948212518
lab_subject_2,block_late_vs_no_ad_late,engagement_kislov_central_beta16_24_over_alpha8_12,exploratory,0.31871641898056546
lab_subject_3,block_late_vs_no_ad_late,engagement_kislov_central_beta16_24_over_alpha8_12,exploratory,-1.4856626724693365
lab_subject_5,block_late_vs_no_ad_late,engagement_kislov_central_beta16_24_over_alpha8_12,exploratory,0.44084775902622697
lab_subject_6,block_late_vs_no_ad_late,engagement_kislov_central_beta16_24_over_alpha8_12,exploratory,0.5172966224594657
lab_subject_7,block_late_vs_no_ad_late,engagement_kislov_central_beta16_24_over_alpha8_12,exploratory,-0.23440695628734032
lab_subject_8,block_late_vs_no_ad_late,engagement_kislov_central_beta16_24_over_alpha8_12,exploratory,0.24176095811125176
lab_subject_9,block_late_vs_no_ad_late,engagement_kislov_central_beta16_24_over_alpha8_12,exploratory,0.6980864535124602
lab_subject_1,any_ad_vs_matched_no_ad,engagement_kislov_central_beta16_24_over_alpha8_12,exploratory,-0.067294339834994
lab_subject_10,any_ad_vs_matched_no_ad,engagement_kislov_central_beta16_24_over_alpha8_12,exploratory,0.3494039285746515
lab_subject_11,any_ad_vs_matched_no_ad,engagement_kislov_central_beta16_24_over_alpha8_12,exploratory,0.2703811509088959
lab_subject_12,any_ad_vs_matched_no_ad,engagement_kislov_central_beta16_24_over_alpha8_12,exploratory,0.1785025656794182
lab_subject_13,any_ad_vs_matched_no_ad,engagement_kislov_central_beta16_24_over_alpha8_12,exploratory,0.016238652859568464
lab_subject_14,any_ad_vs_matched_no_ad,engagement_kislov_central_beta16_24_over_alpha8_12,exploratory,-0.19538309515756924
lab_subject_15,any_ad_vs_matched_no_ad,engagement_kislov_central_beta16_24_over_alpha8_12,exploratory,0.22236892102771993
lab_subject_16,any_ad_vs_matched_no_ad,engagement_kislov_central_beta16_24_over_alpha8_12,exploratory,0.24626412224730992
lab_subject_17,any_ad_vs_matched_no_ad,engagement_kislov_central_beta16_24_over_alpha8_12,exploratory,-0.10371433035368104
lab_subject_18,any_ad_vs_matched_no_ad,engagement_kislov_central_beta16_24_over_alpha8_12,exploratory,0.2563549512510218
lab_subject_19,any_ad_vs_matched_no_ad,engagement_kislov_central_beta16_24_over_alpha8_12,exploratory,0.12358890344071671
lab_subject_2,any_ad_vs_matched_no_ad,engagement_kislov_central_beta16_24_over_alpha8_12,exploratory,0.4807034592011301
lab_subject_3,any_ad_vs_matched_no_ad,engagement_kislov_central_beta16_24_over_alpha8_12,exploratory,-1.4945737065424716
lab_subject_5,any_ad_vs_matched_no_ad,engagement_kislov_central_beta16_24_over_alpha8_12,exploratory,0.08715590157780281
lab_subject_6,any_ad_vs_matched_no_ad,engagement_kislov_central_beta16_24_over_alpha8_12,exploratory,0.07525897223203915
lab_subject_7,any_ad_vs_matched_no_ad,engagement_kislov_central_beta16_24_over_alpha8_12,exploratory,-0.24012424966714868
lab_subject_8,any_ad_vs_matched_no_ad,engagement_kislov_central_beta16_24_over_alpha8_12,exploratory,-0.05439426280482179
lab_subject_9,any_ad_vs_matched_no_ad,engagement_kislov_central_beta16_24_over_alpha8_12,exploratory,-0.3342005792981104
lab_subject_1,inline_vs_block,engagement_kislov_central_beta16_24_over_alpha8_12,exploratory,-2.647579103270595
lab_subject_10,inline_vs_block,engagement_kislov_central_beta16_24_over_alpha8_12,exploratory,0.23613575034567819
lab_subject_11,inline_vs_block,engagement_kislov_central_beta16_24_over_alpha8_12,exploratory,-0.346068999209956
lab_subject_12,inline_vs_block,engagement_kislov_central_beta16_24_over_alpha8_12,exploratory,-0.3565886368763699
lab_subject_13,inline_vs_block,engagement_kislov_central_beta16_24_over_alpha8_12,exploratory,-0.11209798940187238
lab_subject_14,inline_vs_block,engagement_kislov_central_beta16_24_over_alpha8_12,exploratory,0.3921297423832832
lab_subject_15,inline_vs_block,engagement_kislov_central_beta16_24_over_alpha8_12,exploratory,-0.31848880996251705
lab_subject_16,inline_vs_block,engagement_kislov_central_beta16_24_over_alpha8_12,exploratory,1.3376844061335995
lab_subject_17,inline_vs_block,engagement_kislov_central_beta16_24_over_alpha8_12,exploratory,-0.3793587706681165
lab_subject_18,inline_vs_block,engagement_kislov_central_beta16_24_over_alpha8_12,exploratory,-0.3670112173931793
lab_subject_19,inline_vs_block,engagement_kislov_central_beta16_24_over_alpha8_12,exploratory,0.012011838190959856
lab_subject_2,inline_vs_block,engagement_kislov_central_beta16_24_over_alpha8_12,exploratory,0.054480383219802586
lab_subject_3,inline_vs_block,engagement_kislov_central_beta16_24_over_alpha8_12,exploratory,-0.1880875451075824
lab_subject_5,inline_vs_block,engagement_kislov_central_beta16_24_over_alpha8_12,exploratory,-0.1304213303743757
lab_subject_6,inline_vs_block,engagement_kislov_central_beta16_24_over_alpha8_12,exploratory,-0.2925430280046424
lab_subject_7,inline_vs_block,engagement_kislov_central_beta16_24_over_alpha8_12,exploratory,0.19572268686893535
lab_subject_8,inline_vs_block,engagement_kislov_central_beta16_24_over_alpha8_12,exploratory,0.5121538500673766
lab_subject_9,inline_vs_block,engagement_kislov_central_beta16_24_over_alpha8_12,exploratory,-2.0152252306250276
lab_subject_1,early_vs_late,engagement_kislov_central_beta16_24_over_alpha8_12,exploratory,2.014843712682352
lab_subject_10,early_vs_late,engagement_kislov_central_beta16_24_over_alpha8_12,exploratory,0.03197228872522832
lab_subject_11,early_vs_late,engagement_kislov_central_beta16_24_over_alpha8_12,exploratory,-0.15385230246007092
lab_subject_12,early_vs_late,engagement_kislov_central_beta16_24_over_alpha8_12,exploratory,0.23093986562333554
lab_subject_13,early_vs_late,engagement_kislov_central_beta16_24_over_alpha8_12,exploratory,-0.08393281026542448
lab_subject_14,early_vs_late,engagement_kislov_central_beta16_24_over_alpha8_12,exploratory,-0.5735454330253147
lab_subject_15,early_vs_late,engagement_kislov_central_beta16_24_over_alpha8_12,exploratory,-0.15667404674929675
lab_subject_16,early_vs_late,engagement_kislov_central_beta16_24_over_alpha8_12,exploratory,0.549936478784058
lab_subject_17,early_vs_late,engagement_kislov_central_beta16_24_over_alpha8_12,exploratory,-0.29597444017561436
lab_subject_18,early_vs_late,engagement_kislov_central_beta16_24_over_alpha8_12,exploratory,-0.22112415621638049
lab_subject_19,early_vs_late,engagement_kislov_central_beta16_24_over_alpha8_12,exploratory,-0.28996101476080416
lab_subject_2,early_vs_late,engagement_kislov_central_beta16_24_over_alpha8_12,exploratory,-0.12967508323161864
lab_subject_3,early_vs_late,engagement_kislov_central_beta16_24_over_alpha8_12,exploratory,0.6036878403616003
lab_subject_5,early_vs_late,engagement_kislov_central_beta16_24_over_alpha8_12,exploratory,0.03721748691250887
lab_subject_6,early_vs_late,engagement_kislov_central_beta16_24_over_alpha8_12,exploratory,-0.18688854157502788
lab_subject_7,early_vs_late,engagement_kislov_central_beta16_24_over_alpha8_12,exploratory,0.060953180642412064
lab_subject_8,early_vs_late,engagement_kislov_central_beta16_24_over_alpha8_12,exploratory,-0.44930023364598104
lab_subject_9,early_vs_late,engagement_kislov_central_beta16_24_over_alpha8_12,exploratory,-3.0639317694593915
lab_subject_1,format_x_timing,engagement_kislov_central_beta16_24_over_alpha8_12,exploratory,-1.7932730433647421
lab_subject_10,format_x_timing,engagement_kislov_central_beta16_24_over_alpha8_12,exploratory,-0.11824804077031856
lab_subject_11,format_x_timing,engagement_kislov_central_beta16_24_over_alpha8_12,exploratory,0.10311397916352438
lab_subject_12,format_x_timing,engagement_kislov_central_beta16_24_over_alpha8_12,exploratory,0.7024351177561969
lab_subject_13,format_x_timing,engagement_kislov_central_beta16_24_over_alpha8_12,exploratory,0.600057432262128
lab_subject_14,format_x_timing,engagement_kislov_central_beta16_24_over_alpha8_12,exploratory,-0.29286257430371043
lab_subject_15,format_x_timing,engagement_kislov_central_beta16_24_over_alpha8_12,exploratory,1.331776239182573
lab_subject_16,format_x_timing,engagement_kislov_central_beta16_24_over_alpha8_12,exploratory,-2.4666118292294312
lab_subject_17,format_x_timing,engagement_kislov_central_beta16_24_over_alpha8_12,exploratory,-0.20240219505476548
lab_subject_18,format_x_timing,engagement_kislov_central_beta16_24_over_alpha8_12,exploratory,-0.04499495382178731
lab_subject_19,format_x_timing,engagement_kislov_central_beta16_24_over_alpha8_12,exploratory,-1.1382965622291346
lab_subject_2,format_x_timing,engagement_kislov_central_beta16_24_over_alpha8_12,exploratory,0.7385707139790506
lab_subject_3,format_x_timing,engagement_kislov_central_beta16_24_over_alpha8_12,exploratory,-0.13911497867042222
lab_subject_5,format_x_timing,engagement_kislov_central_beta16_24_over_alpha8_12,exploratory,-0.22124126460559201
lab_subject_6,format_x_timing,engagement_kislov_central_beta16_24_over_alpha8_12,exploratory,0.3781155959536071
lab_subject_7,format_x_timing,engagement_kislov_central_beta16_24_over_alpha8_12,exploratory,0.12189927416662738
lab_subject_8,format_x_timing,engagement_kislov_central_beta16_24_over_alpha8_12,exploratory,0.8782353053228777
lab_subject_9,format_x_timing,engagement_kislov_central_beta16_24_over_alpha8_12,exploratory,-5.155620058191133
