subject_id,contrast_id,feature,feature_tier,difference
lab_subject_1,inline_early_vs_no_ad_early,fz_theta_power_db_uv2,primary,2.3079716235855545
lab_subject_10,inline_early_vs_no_ad_early,fz_theta_power_db_uv2,primary,16.856737521134505
lab_subject_11,inline_early_vs_no_ad_early,fz_theta_power_db_uv2,primary,-3.161546217766804
lab_subject_12,inline_early_vs_no_ad_early,fz_theta_power_db_uv2,primary,-11.853385259494868
lab_subject_13,inline_early_vs_no_ad_early,fz_theta_power_db_uv2,primary,13.937276103809278
lab_subject_14,inline_early_vs_no_ad_early,fz_theta_power_db_uv2,primary,-2.529072847987985
lab_subject_15,inline_early_vs_no_ad_early,fz_theta_power_db_uv2,primary,-2.1013290872091592
lab_subject_16,inline_early_vs_no_ad_early,fz_theta_power_db_uv2,primary,3.394729168411813
lab_subject_17,inline_early_vs_no_ad_early,fz_theta_power_db_uv2,primary,-1.8325075591501063
lab_subject_18,inline_early_vs_no_ad_early,fz_theta_power_db_uv2,primary,-1.9036773638255182
lab_subject_19,inline_early_vs_no_ad_early,fz_theta_power_db_uv2,primary,-0.4085445230200051
lab_subject_2,inline_early_vs_no_ad_early,fz_theta_power_db_uv2,primary,-1.77673956297732
lab_subject_3,inline_early_vs_no_ad_early,fz_theta_power_db_uv2,primary,2.6158057298897335
lab_subject_5,inline_early_vs_no_ad_early,fz_theta_power_db_uv2,primary,-3.991225869260698
lab_subject_6,inline_early_vs_no_ad_early,fz_theta_power_db_uv2,primary,8.664832980710187
lab_subject_7,inline_early_vs_no_ad_early,fz_theta_power_db_uv2,primary,-1.4288147376590943
lab_subject_8,inline_early_vs_no_ad_early,fz_theta_power_db_uv2,primary,8.406655890900913
lab_subject_9,inline_early_vs_no_ad_early,fz_theta_power_db_uv2,primary,2.177244403537276
lab_subject_1,block_early_vs_no_ad_early,fz_theta_power_db_uv2,primary,1.318204162198843
lab_subject_10,block_early_vs_no_ad_early,fz_theta_power_db_uv2,primary,15.486650747356332
lab_subject_11,block_early_vs_no_ad_early,fz_theta_power_db_uv2,primary,-6.430543319706879
lab_subject_12,block_early_vs_no_ad_early,fz_theta_power_db_uv2,primary,5.14028441373208
lab_subject_13,block_early_vs_no_ad_early,fz_theta_power_db_uv2,primary,-4.442510370704524
lab_subject_14,block_early_vs_no_ad_early,fz_theta_power_db_uv2,primary,2.343435913894224
lab_subject_15,block_early_vs_no_ad_early,fz_theta_power_db_uv2,primary,0.34209650241394085
lab_subject_16,block_early_vs_no_ad_early,fz_theta_power_db_uv2,primary,6.308969403956802
lab_subject_17,block_early_vs_no_ad_early,fz_theta_power_db_uv2,primary,1.3153304355482023
lab_subject_18,block_early_vs_no_ad_early,fz_theta_power_db_uv2,primary,-1.5619217135719712
lab_subject_19,block_early_vs_no_ad_early,fz_theta_power_db_uv2,primary,1.0582160263668943
lab_subject_2,block_early_vs_no_ad_early,fz_theta_power_db_uv2,primary,-3.599464589000136
lab_subject_3,block_early_vs_no_ad_early,fz_theta_power_db_uv2,primary,-2.2803717231351026
lab_subject_5,block_early_vs_no_ad_early,fz_theta_power_db_uv2,primary,-1.0052765956765493
lab_subject_6,block_early_vs_no_ad_early,fz_theta_power_db_uv2,primary,12.403295140832714
lab_subject_7,block_early_vs_no_ad_early,fz_theta_power_db_uv2,primary,2.1850563924039443
lab_subject_8,block_early_vs_no_ad_early,fz_theta_power_db_uv2,primary,7.866944226373541
lab_subject_9,block_early_vs_no_ad_early,fz_theta_power_db_uv2,primary,4.174652639472656
lab_subject_1,inline_late_vs_no_ad_late,fz_theta_power_db_uv2,primary,2.859733945266335
lab_subject_10,inline_late_vs_no_ad_late,fz_theta_power_db_uv2,primary,-8.739643781179767
lab_subject_11,inline_late_vs_no_ad_late,fz_theta_power_db_uv2,primary,-0.6520377000799735
lab_subject_12,inline_late_vs_no_ad_late,fz_theta_power_db_uv2,primary,-3.1395487696907844
lab_subject_13,inline_late_vs_no_ad_late,fz_theta_power_db_uv2,primary,-11.098295459987716
lab_subject_14,inline_late_vs_no_ad_late,fz_theta_power_db_uv2,primary,1.5072036398605682
lab_subject_15,inline_late_vs_no_ad_late,fz_theta_power_db_uv2,primary,1.0511832564684322
lab_subject_16,inline_late_vs_no_ad_late,fz_theta_power_db_uv2,primary,-10.872940618314272
lab_subject_17,inline_late_vs_no_ad_late,fz_theta_power_db_uv2,primary,-3.4051967456740435
lab_subject_18,inline_late_vs_no_ad_late,fz_theta_power_db_uv2,primary,6.127307338962592
lab_subject_19,inline_late_vs_no_ad_late,fz_theta_power_db_uv2,primary,1.5116984353293468
lab_subject_2,inline_late_vs_no_ad_late,fz_theta_power_db_uv2,primary,-15.630762654346464
lab_subject_3,inline_late_vs_no_ad_late,fz_theta_power_db_uv2,primary,7.659916093685411
lab_subject_5,inline_late_vs_no_ad_late,fz_theta_power_db_uv2,primary,1.9414657336401486
lab_subject_6,inline_late_vs_no_ad_late,fz_theta_power_db_uv2,primary,-3.290244698426254
lab_subject_7,inline_late_vs_no_ad_late,fz_theta_power_db_uv2,primary,8.272067733070283
lab_subject_8,inline_late_vs_no_ad_late,fz_theta_power_db_uv2,primary,-3.8155363279042938
lab_subject_9,inline_late_vs_no_ad_late,fz_theta_power_db_uv2,primary,-0.5594661670396652
lab_subject_1,block_late_vs_no_ad_late,fz_theta_power_db_uv2,primary,2.6739035103467774
lab_subject_10,block_late_vs_no_ad_late,fz_theta_power_db_uv2,primary,-9.676539631751051
lab_subject_11,block_late_vs_no_ad_late,fz_theta_power_db_uv2,primary,4.436011130879362
lab_subject_12,block_late_vs_no_ad_late,fz_theta_power_db_uv2,primary,-3.6216688973229934
lab_subject_13,block_late_vs_no_ad_late,fz_theta_power_db_uv2,primary,1.5630425554194822
lab_subject_14,block_late_vs_no_ad_late,fz_theta_power_db_uv2,primary,5.841767725710831
lab_subject_15,block_late_vs_no_ad_late,fz_theta_power_db_uv2,primary,-3.0880036911157154
lab_subject_16,block_late_vs_no_ad_late,fz_theta_power_db_uv2,primary,-5.470884282196973
lab_subject_17,block_late_vs_no_ad_late,fz_theta_power_db_uv2,primary,0.7151825471845559
lab_subject_18,block_late_vs_no_ad_late,fz_theta_power_db_uv2,primary,1.989305333643446
lab_subject_19,block_late_vs_no_ad_late,fz_theta_power_db_uv2,primary,1.1176226676820544
lab_subject_2,block_late_vs_no_ad_late,fz_theta_power_db_uv2,primary,-13.75767295019842
lab_subject_3,block_late_vs_no_ad_late,fz_theta_power_db_uv2,primary,9.326267781987145
lab_subject_5,block_late_vs_no_ad_late,fz_theta_power_db_uv2,primary,-5.260860763102225
lab_subject_6,block_late_vs_no_ad_late,fz_theta_power_db_uv2,primary,-2.008571803408942
lab_subject_7,block_late_vs_no_ad_late,fz_theta_power_db_uv2,primary,5.856580489817278
lab_subject_8,block_late_vs_no_ad_late,fz_theta_power_db_uv2,primary,-6.44775925490913
lab_subject_9,block_late_vs_no_ad_late,fz_theta_power_db_uv2,primary,4.953787826080593
lab_subject_1,any_ad_vs_matched_no_ad,fz_theta_power_db_uv2,primary,2.2899533103493774
lab_subject_10,any_ad_vs_matched_no_ad,fz_theta_power_db_uv2,primary,3.481801213890005
lab_subject_11,any_ad_vs_matched_no_ad,fz_theta_power_db_uv2,primary,-1.4520290266685736
lab_subject_12,any_ad_vs_matched_no_ad,fz_theta_power_db_uv2,primary,-3.3685796281941416
lab_subject_13,any_ad_vs_matched_no_ad,fz_theta_power_db_uv2,primary,-0.010121792865870116
lab_subject_14,any_ad_vs_matched_no_ad,fz_theta_power_db_uv2,primary,1.7908336078694096
lab_subject_15,any_ad_vs_matched_no_ad,fz_theta_power_db_uv2,primary,-0.9490132548606254
lab_subject_16,any_ad_vs_matched_no_ad,fz_theta_power_db_uv2,primary,-1.660031582035658
lab_subject_17,any_ad_vs_matched_no_ad,fz_theta_power_db_uv2,primary,-0.8017978305228479
lab_subject_18,any_ad_vs_matched_no_ad,fz_theta_power_db_uv2,primary,1.162753398802138
lab_subject_19,any_ad_vs_matched_no_ad,fz_theta_power_db_uv2,primary,0.8197481515895726
lab_subject_2,any_ad_vs_matched_no_ad,fz_theta_power_db_uv2,primary,-8.691159939130586
lab_subject_3,any_ad_vs_matched_no_ad,fz_theta_power_db_uv2,primary,4.330404470606797
lab_subject_5,any_ad_vs_matched_no_ad,fz_theta_power_db_uv2,primary,-2.0789743735998307
lab_subject_6,any_ad_vs_matched_no_ad,fz_theta_power_db_uv2,primary,3.9423279049269264
lab_subject_7,any_ad_vs_matched_no_ad,fz_theta_power_db_uv2,primary,3.7212224694081026
lab_subject_8,any_ad_vs_matched_no_ad,fz_theta_power_db_uv2,primary,1.5025761336152579
lab_subject_9,any_ad_vs_matched_no_ad,fz_theta_power_db_uv2,primary,2.686554675512715
lab_subject_1,inline_vs_block,fz_theta_power_db_uv2,primary,0.5877989481531345
lab_subject_10,inline_vs_block,fz_theta_power_db_uv2,primary,1.1534913121747294
lab_subject_11,inline_vs_block,fz_theta_power_db_uv2,primary,-0.9095258645096305
lab_subject_12,inline_vs_block,fz_theta_power_db_uv2,primary,-8.25577477279737
lab_subject_13,inline_vs_block,fz_theta_power_db_uv2,primary,2.859224229553302
lab_subject_14,inline_vs_block,fz_theta_power_db_uv2,primary,-4.6035364238662355
lab_subject_15,inline_vs_block,fz_theta_power_db_uv2,primary,0.8478806789805238
lab_subject_16,inline_vs_block,fz_theta_power_db_uv2,primary,-4.158148285831143
lab_subject_17,inline_vs_block,fz_theta_power_db_uv2,primary,-3.634108643778454
lab_subject_18,inline_vs_block,fz_theta_power_db_uv2,primary,1.8981231775328
lab_subject_19,inline_vs_block,fz_theta_power_db_uv2,primary,-0.5363423908698035
lab_subject_2,inline_vs_block,fz_theta_power_db_uv2,primary,-0.02518233906261358
lab_subject_3,inline_vs_block,fz_theta_power_db_uv2,primary,1.6149128823615508
lab_subject_5,inline_vs_block,fz_theta_power_db_uv2,primary,2.1081886115791124
lab_subject_6,inline_vs_block,fz_theta_power_db_uv2,primary,-2.5100675275699205
lab_subject_7,inline_vs_block,fz_theta_power_db_uv2,primary,-0.5991919434050172
lab_subject_8,inline_vs_block,fz_theta_power_db_uv2,primary,1.5859672957661037
lab_subject_9,inline_vs_block,fz_theta_power_db_uv2,primary,-3.755331114527819
lab_subject_1,early_vs_late,fz_theta_power_db_uv2,primary,3.711144809612328
lab_subject_10,early_vs_late,fz_theta_power_db_uv2,primary,9.512666189005916
lab_subject_11,early_vs_late,fz_theta_power_db_uv2,primary,-9.926180359100814
lab_subject_12,early_vs_late,fz_theta_power_db_uv2,primary,1.6363941147381045
lab_subject_13,early_vs_late,fz_theta_power_db_uv2,primary,-0.6921004140973892
lab_subject_14,early_vs_late,fz_theta_power_db_uv2,primary,-5.798796771218471
lab_subject_15,early_vs_late,fz_theta_power_db_uv2,primary,1.2046897084227743
lab_subject_16,early_vs_late,fz_theta_power_db_uv2,primary,-4.744564922971192
lab_subject_17,early_vs_late,fz_theta_power_db_uv2,primary,4.784169875820997
lab_subject_18,early_vs_late,fz_theta_power_db_uv2,primary,-3.692105390706256
lab_subject_19,early_vs_late,fz_theta_power_db_uv2,primary,4.970813592088111
lab_subject_2,early_vs_late,fz_theta_power_db_uv2,primary,5.609269881140612
lab_subject_3,early_vs_late,fz_theta_power_db_uv2,primary,-3.1215123061171766
lab_subject_5,early_vs_late,fz_theta_power_db_uv2,primary,-4.76360962404757
lab_subject_6,early_vs_late,fz_theta_power_db_uv2,primary,6.343397222709771
lab_subject_7,early_vs_late,fz_theta_power_db_uv2,primary,-2.660729771975836
lab_subject_8,early_vs_late,fz_theta_power_db_uv2,primary,2.8286407511163887
lab_subject_9,early_vs_late,fz_theta_power_db_uv2,primary,-1.8268485969407078
lab_subject_1,format_x_timing,fz_theta_power_db_uv2,primary,0.8039370264671541
lab_subject_10,format_x_timing,fz_theta_power_db_uv2,primary,0.43319092320689023
lab_subject_11,format_x_timing,fz_theta_power_db_uv2,primary,8.35704593289941
lab_subject_12,format_x_timing,fz_theta_power_db_uv2,primary,-17.475789800859157
lab_subject_13,format_x_timing,fz_theta_power_db_uv2,primary,31.041124489921003
lab_subject_14,format_x_timing,fz_theta_power_db_uv2,primary,-0.5379446760319464
lab_subject_15,format_x_timing,fz_theta_power_db_uv2,primary,-6.582612537207248
lab_subject_16,format_x_timing,fz_theta_power_db_uv2,primary,2.4878161005723105
lab_subject_17,format_x_timing,fz_theta_power_db_uv2,primary,0.9725412981602908
lab_subject_18,format_x_timing,fz_theta_power_db_uv2,primary,-4.479757655572693
lab_subject_19,format_x_timing,fz_theta_power_db_uv2,primary,-1.8608363170341917
lab_subject_2,format_x_timing,fz_theta_power_db_uv2,primary,3.6958147301708593
lab_subject_3,format_x_timing,fz_theta_power_db_uv2,primary,6.5625291413265705
lab_subject_5,format_x_timing,fz_theta_power_db_uv2,primary,-10.188275770326523
lab_subject_6,format_x_timing,fz_theta_power_db_uv2,primary,-2.4567892651052166
lab_subject_7,format_x_timing,fz_theta_power_db_uv2,primary,-6.029358373316043
lab_subject_8,format_x_timing,fz_theta_power_db_uv2,primary,-2.0925112624774647
lab_subject_9,format_x_timing,fz_theta_power_db_uv2,primary,3.5158457571848785
lab_subject_1,inline_early_vs_no_ad_early,posterior_alpha_power_db_uv2,primary,0.7807051640630505
lab_subject_10,inline_early_vs_no_ad_early,posterior_alpha_power_db_uv2,primary,0.747998666512542
lab_subject_11,inline_early_vs_no_ad_early,posterior_alpha_power_db_uv2,primary,0.3356242942401808
lab_subject_12,inline_early_vs_no_ad_early,posterior_alpha_power_db_uv2,primary,1.1380337081220544
lab_subject_13,inline_early_vs_no_ad_early,posterior_alpha_power_db_uv2,primary,-5.116815799572281
lab_subject_14,inline_early_vs_no_ad_early,posterior_alpha_power_db_uv2,primary,-2.144489370913938
lab_subject_15,inline_early_vs_no_ad_early,posterior_alpha_power_db_uv2,primary,7.192058061344445
lab_subject_16,inline_early_vs_no_ad_early,posterior_alpha_power_db_uv2,primary,-2.3477584826702884
lab_subject_17,inline_early_vs_no_ad_early,posterior_alpha_power_db_uv2,primary,6.418970141285632
lab_subject_18,inline_early_vs_no_ad_early,posterior_alpha_power_db_uv2,primary,-1.4086488939587345
lab_subject_19,inline_early_vs_no_ad_early,posterior_alpha_power_db_uv2,primary,0.28940413445131874
lab_subject_2,inline_early_vs_no_ad_early,posterior_alpha_power_db_uv2,primary,3.9434727949434167
lab_subject_3,inline_early_vs_no_ad_early,posterior_alpha_power_db_uv2,primary,-7.36954948047234
lab_subject_5,inline_early_vs_no_ad_early,posterior_alpha_power_db_uv2,primary,-3.6231299240828374
lab_subject_6,inline_early_vs_no_ad_early,posterior_alpha_power_db_uv2,primary,7.42714345137835
lab_subject_7,inline_early_vs_no_ad_early,posterior_alpha_power_db_uv2,primary,0.5898197773957103
lab_subject_8,inline_early_vs_no_ad_early,posterior_alpha_power_db_uv2,primary,1.3742803608108112
lab_subject_9,inline_early_vs_no_ad_early,posterior_alpha_power_db_uv2,primary,-3.8394050897406187
lab_subject_1,block_early_vs_no_ad_early,posterior_alpha_power_db_uv2,primary,-2.820295257808561
lab_subject_10,block_early_vs_no_ad_early,posterior_alpha_power_db_uv2,primary,-0.8047854523673763
lab_subject_11,block_early_vs_no_ad_early,posterior_alpha_power_db_uv2,primary,1.2071226204930596
lab_subject_12,block_early_vs_no_ad_early,posterior_alpha_power_db_uv2,primary,6.051480132126975
lab_subject_13,block_early_vs_no_ad_early,posterior_alpha_power_db_uv2,primary,-16.57991565940773
lab_subject_14,block_early_vs_no_ad_early,posterior_alpha_power_db_uv2,primary,1.1618836655894444
lab_subject_15,block_early_vs_no_ad_early,posterior_alpha_power_db_uv2,primary,6.022322363251139
lab_subject_16,block_early_vs_no_ad_early,posterior_alpha_power_db_uv2,primary,-1.5746443632411813
lab_subject_17,block_early_vs_no_ad_early,posterior_alpha_power_db_uv2,primary,3.0857870021440474
lab_subject_18,block_early_vs_no_ad_early,posterior_alpha_power_db_uv2,primary,-5.806927636290299
lab_subject_19,block_early_vs_no_ad_early,posterior_alpha_power_db_uv2,primary,0.8564673165052383
lab_subject_2,block_early_vs_no_ad_early,posterior_alpha_power_db_uv2,primary,7.1324213504568155
lab_subject_3,block_early_vs_no_ad_early,posterior_alpha_power_db_uv2,primary,-4.545853014220038
lab_subject_5,block_early_vs_no_ad_early,posterior_alpha_power_db_uv2,primary,-2.1964346162608663
lab_subject_6,block_early_vs_no_ad_early,posterior_alpha_power_db_uv2,primary,2.9527415238737875
lab_subject_7,block_early_vs_no_ad_early,posterior_alpha_power_db_uv2,primary,1.2485898872366388
lab_subject_8,block_early_vs_no_ad_early,posterior_alpha_power_db_uv2,primary,3.4200717079628316
lab_subject_9,block_early_vs_no_ad_early,posterior_alpha_power_db_uv2,primary,3.030042923718904
lab_subject_1,inline_late_vs_no_ad_late,posterior_alpha_power_db_uv2,primary,-4.281236129932283
lab_subject_10,inline_late_vs_no_ad_late,posterior_alpha_power_db_uv2,primary,-7.771236303783524
lab_subject_11,inline_late_vs_no_ad_late,posterior_alpha_power_db_uv2,primary,2.7790307363494193
lab_subject_12,inline_late_vs_no_ad_late,posterior_alpha_power_db_uv2,primary,-3.4070007308614008
lab_subject_13,inline_late_vs_no_ad_late,posterior_alpha_power_db_uv2,primary,-5.071437916471648
lab_subject_14,inline_late_vs_no_ad_late,posterior_alpha_power_db_uv2,primary,2.1879707173424485
lab_subject_15,inline_late_vs_no_ad_late,posterior_alpha_power_db_uv2,primary,5.707879379907457
lab_subject_16,inline_late_vs_no_ad_late,posterior_alpha_power_db_uv2,primary,-1.6048963751810357
lab_subject_17,inline_late_vs_no_ad_late,posterior_alpha_power_db_uv2,primary,-0.929522179235299
lab_subject_18,inline_late_vs_no_ad_late,posterior_alpha_power_db_uv2,primary,5.934402527595769
lab_subject_19,inline_late_vs_no_ad_late,posterior_alpha_power_db_uv2,primary,-3.3221452939804603
lab_subject_2,inline_late_vs_no_ad_late,posterior_alpha_power_db_uv2,primary,-0.5042594693553637
lab_subject_3,inline_late_vs_no_ad_late,posterior_alpha_power_db_uv2,primary,-2.2553117365294355
lab_subject_5,inline_late_vs_no_ad_late,posterior_alpha_power_db_uv2,primary,-1.6757314661569387
lab_subject_6,inline_late_vs_no_ad_late,posterior_alpha_power_db_uv2,primary,-1.2925676998064306
lab_subject_7,inline_late_vs_no_ad_late,posterior_alpha_power_db_uv2,primary,-1.1424439798268073
lab_subject_8,inline_late_vs_no_ad_late,posterior_alpha_power_db_uv2,primary,-13.88197918404878
lab_subject_9,inline_late_vs_no_ad_late,posterior_alpha_power_db_uv2,primary,-3.6345207677372695
lab_subject_1,block_late_vs_no_ad_late,posterior_alpha_power_db_uv2,primary,-5.715465328595567
lab_subject_10,block_late_vs_no_ad_late,posterior_alpha_power_db_uv2,primary,-10.0631889206119
lab_subject_11,block_late_vs_no_ad_late,posterior_alpha_power_db_uv2,primary,-3.0995338744253917
lab_subject_12,block_late_vs_no_ad_late,posterior_alpha_power_db_uv2,primary,-3.6840882342132417
lab_subject_13,block_late_vs_no_ad_late,posterior_alpha_power_db_uv2,primary,-0.7207352344297737
lab_subject_14,block_late_vs_no_ad_late,posterior_alpha_power_db_uv2,primary,1.5087691363216669
lab_subject_15,block_late_vs_no_ad_late,posterior_alpha_power_db_uv2,primary,0.23907030478054625
lab_subject_16,block_late_vs_no_ad_late,posterior_alpha_power_db_uv2,primary,-1.2910396281316174
lab_subject_17,block_late_vs_no_ad_late,posterior_alpha_power_db_uv2,primary,-0.5104542257840574
lab_subject_18,block_late_vs_no_ad_late,posterior_alpha_power_db_uv2,primary,1.1790749551892432
lab_subject_19,block_late_vs_no_ad_late,posterior_alpha_power_db_uv2,primary,-4.248933392539501
lab_subject_2,block_late_vs_no_ad_late,posterior_alpha_power_db_uv2,primary,-1.6336106135093047
lab_subject_3,block_late_vs_no_ad_late,posterior_alpha_power_db_uv2,primary,3.2151820157540687
lab_subject_5,block_late_vs_no_ad_late,posterior_alpha_power_db_uv2,primary,-4.838494439364271
lab_subject_6,block_late_vs_no_ad_late,posterior_alpha_power_db_uv2,primary,2.1486659210574848
lab_subject_7,block_late_vs_no_ad_late,posterior_alpha_power_db_uv2,primary,2.5411906516302323
lab_subject_8,block_late_vs_no_ad_late,posterior_alpha_power_db_uv2,primary,-8.763245737321508
lab_subject_9,block_late_vs_no_ad_late,posterior_alpha_power_db_uv2,primary,-0.8553386322261574
lab_subject_1,any_ad_vs_matched_no_ad,posterior_alpha_power_db_uv2,primary,-3.00907288806834
lab_subject_10,any_ad_vs_matched_no_ad,posterior_alpha_power_db_uv2,primary,-4.472803002562564
lab_subject_11,any_ad_vs_matched_no_ad,posterior_alpha_power_db_uv2,primary,0.305560944164317
lab_subject_12,any_ad_vs_matched_no_ad,posterior_alpha_power_db_uv2,primary,0.0246062187935967
lab_subject_13,any_ad_vs_matched_no_ad,posterior_alpha_power_db_uv2,primary,-6.872226152470359
lab_subject_14,any_ad_vs_matched_no_ad,posterior_alpha_power_db_uv2,primary,0.6785335370849055
lab_subject_15,any_ad_vs_matched_no_ad,posterior_alpha_power_db_uv2,primary,4.790332527320897
lab_subject_16,any_ad_vs_matched_no_ad,posterior_alpha_power_db_uv2,primary,-1.7045847123060307
lab_subject_17,any_ad_vs_matched_no_ad,posterior_alpha_power_db_uv2,primary,2.016195184602581
lab_subject_18,any_ad_vs_matched_no_ad,posterior_alpha_power_db_uv2,primary,-0.025524761866005163
lab_subject_19,any_ad_vs_matched_no_ad,posterior_alpha_power_db_uv2,primary,-1.6063018088908512
lab_subject_2,any_ad_vs_matched_no_ad,posterior_alpha_power_db_uv2,primary,2.234506015633891
lab_subject_3,any_ad_vs_matched_no_ad,posterior_alpha_power_db_uv2,primary,-2.738883053866936
lab_subject_5,any_ad_vs_matched_no_ad,posterior_alpha_power_db_uv2,primary,-3.0834476114662284
lab_subject_6,any_ad_vs_matched_no_ad,posterior_alpha_power_db_uv2,primary,2.808995799125798
lab_subject_7,any_ad_vs_matched_no_ad,posterior_alpha_power_db_uv2,primary,0.8092890841089435
lab_subject_8,any_ad_vs_matched_no_ad,posterior_alpha_power_db_uv2,primary,-4.462718213149161
lab_subject_9,any_ad_vs_matched_no_ad,posterior_alpha_power_db_uv2,primary,-1.3248053914962854
lab_subject_1,inline_vs_block,posterior_alpha_power_db_uv2,primary,2.517614810267447
lab_subject_10,inline_vs_block,posterior_alpha_power_db_uv2,primary,1.9223683678541477
lab_subject_11,inline_vs_block,posterior_alpha_power_db_uv2,primary,2.503533142260966
lab_subject_12,inline_vs_block,posterior_alpha_power_db_uv2,primary,-2.3181794603265398
lab_subject_13,inline_vs_block,posterior_alpha_power_db_uv2,primary,3.556198588896787
lab_subject_14,inline_vs_block,posterior_alpha_power_db_uv2,primary,-1.3135857277413003
lab_subject_15,inline_vs_block,posterior_alpha_power_db_uv2,primary,3.319272386610108
lab_subject_16,inline_vs_block,posterior_alpha_power_db_uv2,primary,-0.5434854332392627
lab_subject_17,inline_vs_block,posterior_alpha_power_db_uv2,primary,1.4570575928451714
lab_subject_18,inline_vs_block,posterior_alpha_power_db_uv2,primary,4.576803157369045
lab_subject_19,inline_vs_block,posterior_alpha_power_db_uv2,primary,0.17986245825256075
lab_subject_2,inline_vs_block,posterior_alpha_power_db_uv2,primary,-1.0297987056797289
lab_subject_3,inline_vs_block,posterior_alpha_power_db_uv2,primary,-4.147095109267903
lab_subject_5,inline_vs_block,posterior_alpha_power_db_uv2,primary,0.8680338326926806
lab_subject_6,inline_vs_block,posterior_alpha_power_db_uv2,primary,0.5165841533203235
lab_subject_7,inline_vs_block,posterior_alpha_power_db_uv2,primary,-2.171202370648984
lab_subject_8,inline_vs_block,posterior_alpha_power_db_uv2,primary,-3.5822623969396457
lab_subject_9,inline_vs_block,posterior_alpha_power_db_uv2,primary,-4.824315074485318
lab_subject_1,early_vs_late,posterior_alpha_power_db_uv2,primary,3.073472751232757
lab_subject_10,early_vs_late,posterior_alpha_power_db_uv2,primary,3.4075875658245645
lab_subject_11,early_vs_late,posterior_alpha_power_db_uv2,primary,-1.8101490735128265
lab_subject_12,early_vs_late,posterior_alpha_power_db_uv2,primary,4.226308080674846
lab_subject_13,early_vs_late,posterior_alpha_power_db_uv2,primary,-0.7263255248864127
lab_subject_14,early_vs_late,posterior_alpha_power_db_uv2,primary,1.1594547938350677
lab_subject_15,early_vs_late,posterior_alpha_power_db_uv2,primary,-0.4108398444316057
lab_subject_16,early_vs_late,posterior_alpha_power_db_uv2,primary,-2.649203134375595
lab_subject_17,early_vs_late,posterior_alpha_power_db_uv2,primary,1.4038414053499726
lab_subject_18,early_vs_late,posterior_alpha_power_db_uv2,primary,-4.717821644549082
lab_subject_19,early_vs_late,posterior_alpha_power_db_uv2,primary,1.6839742819703214
lab_subject_2,early_vs_late,posterior_alpha_power_db_uv2,primary,4.700632916281425
lab_subject_3,early_vs_late,posterior_alpha_power_db_uv2,primary,-3.971625188528879
lab_subject_5,early_vs_late,posterior_alpha_power_db_uv2,primary,3.960893080059341
lab_subject_6,early_vs_late,posterior_alpha_power_db_uv2,primary,-1.1013881706618678
lab_subject_7,early_vs_late,posterior_alpha_power_db_uv2,primary,0.014485871536779715
lab_subject_8,early_vs_late,posterior_alpha_power_db_uv2,primary,4.484149776321027
lab_subject_9,early_vs_late,posterior_alpha_power_db_uv2,primary,-2.7280485008732813
lab_subject_1,format_x_timing,posterior_alpha_power_db_uv2,primary,2.1667712232083285
lab_subject_10,format_x_timing,posterior_alpha_power_db_uv2,primary,-0.7391684979484587
lab_subject_11,format_x_timing,posterior_alpha_power_db_uv2,primary,-6.75006293702769
lab_subject_12,format_x_timing,posterior_alpha_power_db_uv2,primary,-5.1905339273567614
lab_subject_13,format_x_timing,posterior_alpha_power_db_uv2,primary,15.813802541877322
lab_subject_14,format_x_timing,posterior_alpha_power_db_uv2,primary,-3.985574617524164
lab_subject_15,format_x_timing,posterior_alpha_power_db_uv2,primary,-4.299073377033604
lab_subject_16,format_x_timing,posterior_alpha_power_db_uv2,primary,-0.4592573723796889
lab_subject_17,format_x_timing,posterior_alpha_power_db_uv2,primary,3.752251092592826
lab_subject_18,format_x_timing,posterior_alpha_power_db_uv2,primary,-0.35704883007496147
lab_subject_19,format_x_timing,posterior_alpha_power_db_uv2,primary,-1.4938512806129607
lab_subject_2,format_x_timing,posterior_alpha_power_db_uv2,primary,-4.31829969966734
lab_subject_3,format_x_timing,posterior_alpha_power_db_uv2,primary,2.646797286031202
lab_subject_5,format_x_timing,posterior_alpha_power_db_uv2,primary,-4.589458281029303
lab_subject_6,format_x_timing,posterior_alpha_power_db_uv2,primary,7.915635548368478
lab_subject_7,format_x_timing,posterior_alpha_power_db_uv2,primary,3.024864521616111
lab_subject_8,format_x_timing,posterior_alpha_power_db_uv2,primary,3.0729420995752506
lab_subject_9,format_x_timing,posterior_alpha_power_db_uv2,primary,-4.0902658779484105
lab_subject_1,inline_early_vs_no_ad_early,theta_power_db_uv2,secondary_global,-1.0916391710770306
lab_subject_10,inline_early_vs_no_ad_early,theta_power_db_uv2,secondary_global,8.57125070835152
lab_subject_11,inline_early_vs_no_ad_early,theta_power_db_uv2,secondary_global,-8.778812708074703
lab_subject_12,inline_early_vs_no_ad_early,theta_power_db_uv2,secondary_global,-20.110813652990032
lab_subject_13,inline_early_vs_no_ad_early,theta_power_db_uv2,secondary_global,8.782483721647779
lab_subject_14,inline_early_vs_no_ad_early,theta_power_db_uv2,secondary_global,-3.902254616519186
lab_subject_15,inline_early_vs_no_ad_early,theta_power_db_uv2,secondary_global,-4.067303776880617
lab_subject_16,inline_early_vs_no_ad_early,theta_power_db_uv2,secondary_global,-0.1168898374626095
lab_subject_17,inline_early_vs_no_ad_early,theta_power_db_uv2,secondary_global,-0.4703360800899814
lab_subject_18,inline_early_vs_no_ad_early,theta_power_db_uv2,secondary_global,-0.8928455116912293
lab_subject_19,inline_early_vs_no_ad_early,theta_power_db_uv2,secondary_global,-3.0226839311153366
lab_subject_2,inline_early_vs_no_ad_early,theta_power_db_uv2,secondary_global,-3.860512924890738
lab_subject_3,inline_early_vs_no_ad_early,theta_power_db_uv2,secondary_global,5.173351385896875
lab_subject_5,inline_early_vs_no_ad_early,theta_power_db_uv2,secondary_global,2.85079359373633
lab_subject_6,inline_early_vs_no_ad_early,theta_power_db_uv2,secondary_global,10.381166679163343
lab_subject_7,inline_early_vs_no_ad_early,theta_power_db_uv2,secondary_global,1.5002072665708273
lab_subject_8,inline_early_vs_no_ad_early,theta_power_db_uv2,secondary_global,3.227103503536501
lab_subject_9,inline_early_vs_no_ad_early,theta_power_db_uv2,secondary_global,3.4323690144252033
lab_subject_1,block_early_vs_no_ad_early,theta_power_db_uv2,secondary_global,-4.389569447957596
lab_subject_10,block_early_vs_no_ad_early,theta_power_db_uv2,secondary_global,13.326934859091272
lab_subject_11,block_early_vs_no_ad_early,theta_power_db_uv2,secondary_global,-8.376002080880447
lab_subject_12,block_early_vs_no_ad_early,theta_power_db_uv2,secondary_global,0.2737590916662054
lab_subject_13,block_early_vs_no_ad_early,theta_power_db_uv2,secondary_global,-14.122008844391484
lab_subject_14,block_early_vs_no_ad_early,theta_power_db_uv2,secondary_global,3.065348942454829
lab_subject_15,block_early_vs_no_ad_early,theta_power_db_uv2,secondary_global,3.0146664399839
lab_subject_16,block_early_vs_no_ad_early,theta_power_db_uv2,secondary_global,2.6755868687987556
lab_subject_17,block_early_vs_no_ad_early,theta_power_db_uv2,secondary_global,1.1342054304856806
lab_subject_18,block_early_vs_no_ad_early,theta_power_db_uv2,secondary_global,-4.703011167026441
lab_subject_19,block_early_vs_no_ad_early,theta_power_db_uv2,secondary_global,3.8268491118349752
lab_subject_2,block_early_vs_no_ad_early,theta_power_db_uv2,secondary_global,-7.86870099084042
lab_subject_3,block_early_vs_no_ad_early,theta_power_db_uv2,secondary_global,0.5209842685006718
lab_subject_5,block_early_vs_no_ad_early,theta_power_db_uv2,secondary_global,1.1088338303090532
lab_subject_6,block_early_vs_no_ad_early,theta_power_db_uv2,secondary_global,11.919258218616692
lab_subject_7,block_early_vs_no_ad_early,theta_power_db_uv2,secondary_global,6.484880467100727
lab_subject_8,block_early_vs_no_ad_early,theta_power_db_uv2,secondary_global,2.7280584463814765
lab_subject_9,block_early_vs_no_ad_early,theta_power_db_uv2,secondary_global,10.502460941558612
lab_subject_1,inline_late_vs_no_ad_late,theta_power_db_uv2,secondary_global,-1.691530362627251
lab_subject_10,inline_late_vs_no_ad_late,theta_power_db_uv2,secondary_global,-2.5154466350352678
lab_subject_11,inline_late_vs_no_ad_late,theta_power_db_uv2,secondary_global,0.4151439554919323
lab_subject_12,inline_late_vs_no_ad_late,theta_power_db_uv2,secondary_global,-5.148001248111463
lab_subject_13,inline_late_vs_no_ad_late,theta_power_db_uv2,secondary_global,-12.603093904329631
lab_subject_14,inline_late_vs_no_ad_late,theta_power_db_uv2,secondary_global,5.409328906250564
lab_subject_15,inline_late_vs_no_ad_late,theta_power_db_uv2,secondary_global,10.925308614372565
lab_subject_16,inline_late_vs_no_ad_late,theta_power_db_uv2,secondary_global,-12.62001449778201
lab_subject_17,inline_late_vs_no_ad_late,theta_power_db_uv2,secondary_global,-4.683437598416433
lab_subject_18,inline_late_vs_no_ad_late,theta_power_db_uv2,secondary_global,2.538343290897502
lab_subject_19,inline_late_vs_no_ad_late,theta_power_db_uv2,secondary_global,1.1264879639052516
lab_subject_2,inline_late_vs_no_ad_late,theta_power_db_uv2,secondary_global,-10.004210951373514
lab_subject_3,inline_late_vs_no_ad_late,theta_power_db_uv2,secondary_global,9.503271612056896
lab_subject_5,inline_late_vs_no_ad_late,theta_power_db_uv2,secondary_global,3.0655604286616356
lab_subject_6,inline_late_vs_no_ad_late,theta_power_db_uv2,secondary_global,-9.57707821108232
lab_subject_7,inline_late_vs_no_ad_late,theta_power_db_uv2,secondary_global,9.248343782797654
lab_subject_8,inline_late_vs_no_ad_late,theta_power_db_uv2,secondary_global,3.191539987195462
lab_subject_9,inline_late_vs_no_ad_late,theta_power_db_uv2,secondary_global,-8.209170372577002
lab_subject_1,block_late_vs_no_ad_late,theta_power_db_uv2,secondary_global,3.268209719972128
lab_subject_10,block_late_vs_no_ad_late,theta_power_db_uv2,secondary_global,0.003469615901499523
lab_subject_11,block_late_vs_no_ad_late,theta_power_db_uv2,secondary_global,4.299666413350334
lab_subject_12,block_late_vs_no_ad_late,theta_power_db_uv2,secondary_global,-8.74912357748553
lab_subject_13,block_late_vs_no_ad_late,theta_power_db_uv2,secondary_global,1.4570120017763983
lab_subject_14,block_late_vs_no_ad_late,theta_power_db_uv2,secondary_global,10.744104010040815
lab_subject_15,block_late_vs_no_ad_late,theta_power_db_uv2,secondary_global,-3.6561371662258213
lab_subject_16,block_late_vs_no_ad_late,theta_power_db_uv2,secondary_global,-11.860091032243426
lab_subject_17,block_late_vs_no_ad_late,theta_power_db_uv2,secondary_global,-0.1487867065912285
lab_subject_18,block_late_vs_no_ad_late,theta_power_db_uv2,secondary_global,2.2431322744614253
lab_subject_19,block_late_vs_no_ad_late,theta_power_db_uv2,secondary_global,9.296767274092911
lab_subject_2,block_late_vs_no_ad_late,theta_power_db_uv2,secondary_global,-13.53277019642241
lab_subject_3,block_late_vs_no_ad_late,theta_power_db_uv2,secondary_global,12.338195863878429
lab_subject_5,block_late_vs_no_ad_late,theta_power_db_uv2,secondary_global,-5.664474328930421
lab_subject_6,block_late_vs_no_ad_late,theta_power_db_uv2,secondary_global,-0.1986856475710006
lab_subject_7,block_late_vs_no_ad_late,theta_power_db_uv2,secondary_global,4.231888508776114
lab_subject_8,block_late_vs_no_ad_late,theta_power_db_uv2,secondary_global,-2.4443851874911804
lab_subject_9,block_late_vs_no_ad_late,theta_power_db_uv2,secondary_global,-3.7414160365095883
lab_subject_1,any_ad_vs_matched_no_ad,theta_power_db_uv2,secondary_global,-0.9761323154224375
lab_subject_10,any_ad_vs_matched_no_ad,theta_power_db_uv2,secondary_global,4.846552137077256
lab_subject_11,any_ad_vs_matched_no_ad,theta_power_db_uv2,secondary_global,-3.1100011050282212
lab_subject_12,any_ad_vs_matched_no_ad,theta_power_db_uv2,secondary_global,-8.433544846730205
lab_subject_13,any_ad_vs_matched_no_ad,theta_power_db_uv2,secondary_global,-4.121401756324234
lab_subject_14,any_ad_vs_matched_no_ad,theta_power_db_uv2,secondary_global,3.8291318105567553
lab_subject_15,any_ad_vs_matched_no_ad,theta_power_db_uv2,secondary_global,1.5541335278125068
lab_subject_16,any_ad_vs_matched_no_ad,theta_power_db_uv2,secondary_global,-5.480352124672322
lab_subject_17,any_ad_vs_matched_no_ad,theta_power_db_uv2,secondary_global,-1.0420887386529905
lab_subject_18,any_ad_vs_matched_no_ad,theta_power_db_uv2,secondary_global,-0.20359527833968571
lab_subject_19,any_ad_vs_matched_no_ad,theta_power_db_uv2,secondary_global,2.8068551046794505
lab_subject_2,any_ad_vs_matched_no_ad,theta_power_db_uv2,secondary_global,-8.81654876588177
lab_subject_3,any_ad_vs_matched_no_ad,theta_power_db_uv2,secondary_global,6.883950782583218
lab_subject_5,any_ad_vs_matched_no_ad,theta_power_db_uv2,secondary_global,0.3401783809441494
lab_subject_6,any_ad_vs_matched_no_ad,theta_power_db_uv2,secondary_global,3.1311652597816786
lab_subject_7,any_ad_vs_matched_no_ad,theta_power_db_uv2,secondary_global,5.366330006311331
lab_subject_8,any_ad_vs_matched_no_ad,theta_power_db_uv2,secondary_global,1.6755791874055648
lab_subject_9,any_ad_vs_matched_no_ad,theta_power_db_uv2,secondary_global,0.4960608867243057
lab_subject_1,inline_vs_block,theta_power_db_uv2,secondary_global,-0.8309049028594067
lab_subject_10,inline_vs_block,theta_power_db_uv2,secondary_global,-3.6373002008382596
lab_subject_11,inline_vs_block,theta_power_db_uv2,secondary_global,-2.143666542526328
lab_subject_12,inline_vs_block,theta_power_db_uv2,secondary_global,-8.391725207641084
lab_subject_13,inline_vs_block,theta_power_db_uv2,secondary_global,4.422193329966617
lab_subject_14,inline_vs_block,theta_power_db_uv2,secondary_global,-6.151189331382133
lab_subject_15,inline_vs_block,theta_power_db_uv2,secondary_global,3.7497377818669353
lab_subject_16,inline_vs_block,theta_power_db_uv2,secondary_global,-1.7762000858999747
lab_subject_17,inline_vs_block,theta_power_db_uv2,secondary_global,-3.0695962012004334
lab_subject_18,inline_vs_block,theta_power_db_uv2,secondary_global,2.052688335885644
lab_subject_19,inline_vs_block,theta_power_db_uv2,secondary_global,-7.509906176568986
lab_subject_2,inline_vs_block,theta_power_db_uv2,secondary_global,3.768373655499289
lab_subject_3,inline_vs_block,theta_power_db_uv2,secondary_global,0.9087214327873352
lab_subject_5,inline_vs_block,theta_power_db_uv2,secondary_global,5.2359972605096665
lab_subject_6,inline_vs_block,theta_power_db_uv2,secondary_global,-5.458242051482334
lab_subject_7,inline_vs_block,theta_power_db_uv2,secondary_global,0.015891036745819598
lab_subject_8,inline_vs_block,theta_power_db_uv2,secondary_global,3.0674851159208334
lab_subject_9,inline_vs_block,theta_power_db_uv2,secondary_global,-5.7689231316004115
lab_subject_1,early_vs_late,theta_power_db_uv2,secondary_global,2.8541152744740113
lab_subject_10,early_vs_late,theta_power_db_uv2,secondary_global,2.7667209334930956
lab_subject_11,early_vs_late,theta_power_db_uv2,secondary_global,-10.617789378628366
lab_subject_12,early_vs_late,theta_power_db_uv2,secondary_global,0.852651719370793
lab_subject_13,early_vs_late,theta_power_db_uv2,secondary_global,-6.055306170064606
lab_subject_14,early_vs_late,theta_power_db_uv2,secondary_global,-5.647839081496004
lab_subject_15,early_vs_late,theta_power_db_uv2,secondary_global,-5.3814745792983025
lab_subject_16,early_vs_late,theta_power_db_uv2,secondary_global,0.36004238907663555
lab_subject_17,early_vs_late,theta_power_db_uv2,secondary_global,6.924823381341586
lab_subject_18,early_vs_late,theta_power_db_uv2,secondary_global,-4.321715512927463
lab_subject_19,early_vs_late,theta_power_db_uv2,secondary_global,2.742335942416458
lab_subject_2,early_vs_late,theta_power_db_uv2,secondary_global,1.883145260443289
lab_subject_3,early_vs_late,theta_power_db_uv2,secondary_global,-1.6591315206108939
lab_subject_5,early_vs_late,theta_power_db_uv2,secondary_global,6.655018095639218
lab_subject_6,early_vs_late,theta_power_db_uv2,secondary_global,5.837516775304244
lab_subject_7,early_vs_late,theta_power_db_uv2,secondary_global,1.1438739331236087
lab_subject_8,early_vs_late,theta_power_db_uv2,secondary_global,1.2558288588864706
lab_subject_9,early_vs_late,theta_power_db_uv2,secondary_global,7.679220844440474
lab_subject_1,format_x_timing,theta_power_db_uv2,secondary_global,8.257670359479945
lab_subject_10,format_x_timing,theta_power_db_uv2,secondary_global,-2.2367678998029845
lab_subject_11,format_x_timing,theta_power_db_uv2,secondary_global,3.481711830664148
lab_subject_12,format_x_timing,theta_power_db_uv2,secondary_global,-23.985695074030303
lab_subject_13,format_x_timing,theta_power_db_uv2,secondary_global,36.9645984721453
lab_subject_14,format_x_timing,theta_power_db_uv2,secondary_global,-1.6328284551837653
lab_subject_15,format_x_timing,theta_power_db_uv2,secondary_global,-21.663415997462902
lab_subject_16,format_x_timing,theta_power_db_uv2,secondary_global,-2.032553240722781
lab_subject_17,format_x_timing,theta_power_db_uv2,secondary_global,2.930109381249544
lab_subject_18,format_x_timing,theta_power_db_uv2,secondary_global,3.514954638899135
lab_subject_19,format_x_timing,theta_power_db_uv2,secondary_global,1.3207462672373476
lab_subject_2,format_x_timing,theta_power_db_uv2,secondary_global,0.4796288209007855
lab_subject_3,format_x_timing,theta_power_db_uv2,secondary_global,7.487291369217735
lab_subject_5,format_x_timing,theta_power_db_uv2,secondary_global,-6.988074994164781
lab_subject_6,format_x_timing,theta_power_db_uv2,secondary_global,7.84030102405797
lab_subject_7,format_x_timing,theta_power_db_uv2,secondary_global,-10.00112847455144
lab_subject_8,format_x_timing,theta_power_db_uv2,secondary_global,-5.136880117531618
lab_subject_9,format_x_timing,theta_power_db_uv2,secondary_global,-2.602337591065993
lab_subject_1,inline_early_vs_no_ad_early,alpha_power_db_uv2,secondary_global,-2.3896128115926585
lab_subject_10,inline_early_vs_no_ad_early,alpha_power_db_uv2,secondary_global,-1.7996402472928779
lab_subject_11,inline_early_vs_no_ad_early,alpha_power_db_uv2,secondary_global,-1.0900123029858362
lab_subject_12,inline_early_vs_no_ad_early,alpha_power_db_uv2,secondary_global,-4.739699182319166
lab_subject_13,inline_early_vs_no_ad_early,alpha_power_db_uv2,secondary_global,0.3607440676948901
lab_subject_14,inline_early_vs_no_ad_early,alpha_power_db_uv2,secondary_global,-2.1704447589303797
lab_subject_15,inline_early_vs_no_ad_early,alpha_power_db_uv2,secondary_global,7.104675677430757
lab_subject_16,inline_early_vs_no_ad_early,alpha_power_db_uv2,secondary_global,-1.4491413324870672
lab_subject_17,inline_early_vs_no_ad_early,alpha_power_db_uv2,secondary_global,3.661260289987257
lab_subject_18,inline_early_vs_no_ad_early,alpha_power_db_uv2,secondary_global,1.0338308076823348
lab_subject_19,inline_early_vs_no_ad_early,alpha_power_db_uv2,secondary_global,-0.06950304459486745
lab_subject_2,inline_early_vs_no_ad_early,alpha_power_db_uv2,secondary_global,0.23454792574790773
lab_subject_3,inline_early_vs_no_ad_early,alpha_power_db_uv2,secondary_global,-3.109698672514692
lab_subject_5,inline_early_vs_no_ad_early,alpha_power_db_uv2,secondary_global,-1.5792577701647135
lab_subject_6,inline_early_vs_no_ad_early,alpha_power_db_uv2,secondary_global,8.138950890351836
lab_subject_7,inline_early_vs_no_ad_early,alpha_power_db_uv2,secondary_global,0.3170016605306847
lab_subject_8,inline_early_vs_no_ad_early,alpha_power_db_uv2,secondary_global,0.34251406828650843
lab_subject_9,inline_early_vs_no_ad_early,alpha_power_db_uv2,secondary_global,-2.018385746320339
lab_subject_1,block_early_vs_no_ad_early,alpha_power_db_uv2,secondary_global,-4.585827971820705
lab_subject_10,block_early_vs_no_ad_early,alpha_power_db_uv2,secondary_global,0.47826572836659764
lab_subject_11,block_early_vs_no_ad_early,alpha_power_db_uv2,secondary_global,-2.1411119088167085
lab_subject_12,block_early_vs_no_ad_early,alpha_power_db_uv2,secondary_global,3.5470209715927217
lab_subject_13,block_early_vs_no_ad_early,alpha_power_db_uv2,secondary_global,-14.97757331531117
lab_subject_14,block_early_vs_no_ad_early,alpha_power_db_uv2,secondary_global,1.0974805781320942
lab_subject_15,block_early_vs_no_ad_early,alpha_power_db_uv2,secondary_global,2.7150583030010615
lab_subject_16,block_early_vs_no_ad_early,alpha_power_db_uv2,secondary_global,-0.7864134374884184
lab_subject_17,block_early_vs_no_ad_early,alpha_power_db_uv2,secondary_global,2.050676442048096
lab_subject_18,block_early_vs_no_ad_early,alpha_power_db_uv2,secondary_global,-2.2739169527634875
lab_subject_19,block_early_vs_no_ad_early,alpha_power_db_uv2,secondary_global,0.5304944085394405
lab_subject_2,block_early_vs_no_ad_early,alpha_power_db_uv2,secondary_global,4.405145358821917
lab_subject_3,block_early_vs_no_ad_early,alpha_power_db_uv2,secondary_global,-2.447165426263341
lab_subject_5,block_early_vs_no_ad_early,alpha_power_db_uv2,secondary_global,-0.5391295299250851
lab_subject_6,block_early_vs_no_ad_early,alpha_power_db_uv2,secondary_global,4.758303028075461
lab_subject_7,block_early_vs_no_ad_early,alpha_power_db_uv2,secondary_global,-0.14064915233213848
lab_subject_8,block_early_vs_no_ad_early,alpha_power_db_uv2,secondary_global,2.485369940815195
lab_subject_9,block_early_vs_no_ad_early,alpha_power_db_uv2,secondary_global,2.831783040607574
lab_subject_1,inline_late_vs_no_ad_late,alpha_power_db_uv2,secondary_global,-3.8714526915691136
lab_subject_10,inline_late_vs_no_ad_late,alpha_power_db_uv2,secondary_global,-1.8827480459093602
lab_subject_11,inline_late_vs_no_ad_late,alpha_power_db_uv2,secondary_global,1.2632487396542995
lab_subject_12,inline_late_vs_no_ad_late,alpha_power_db_uv2,secondary_global,-4.763614638089201
lab_subject_13,inline_late_vs_no_ad_late,alpha_power_db_uv2,secondary_global,-10.345090179135672
lab_subject_14,inline_late_vs_no_ad_late,alpha_power_db_uv2,secondary_global,3.8619443391717927
lab_subject_15,inline_late_vs_no_ad_late,alpha_power_db_uv2,secondary_global,6.1686630722807525
lab_subject_16,inline_late_vs_no_ad_late,alpha_power_db_uv2,secondary_global,-6.390919209378585
lab_subject_17,inline_late_vs_no_ad_late,alpha_power_db_uv2,secondary_global,-0.35598003498296693
lab_subject_18,inline_late_vs_no_ad_late,alpha_power_db_uv2,secondary_global,2.62524001184093
lab_subject_19,inline_late_vs_no_ad_late,alpha_power_db_uv2,secondary_global,-3.212841124464372
lab_subject_2,inline_late_vs_no_ad_late,alpha_power_db_uv2,secondary_global,-2.2776853208412744
lab_subject_3,inline_late_vs_no_ad_late,alpha_power_db_uv2,secondary_global,-1.2325212682739881
lab_subject_5,inline_late_vs_no_ad_late,alpha_power_db_uv2,secondary_global,-0.5456112758637213
lab_subject_6,inline_late_vs_no_ad_late,alpha_power_db_uv2,secondary_global,-3.6335037739462157
lab_subject_7,inline_late_vs_no_ad_late,alpha_power_db_uv2,secondary_global,3.536195863975595
lab_subject_8,inline_late_vs_no_ad_late,alpha_power_db_uv2,secondary_global,-11.810733678383022
lab_subject_9,inline_late_vs_no_ad_late,alpha_power_db_uv2,secondary_global,-5.983621580282147
lab_subject_1,block_late_vs_no_ad_late,alpha_power_db_uv2,secondary_global,-4.5442222613351175
lab_subject_10,block_late_vs_no_ad_late,alpha_power_db_uv2,secondary_global,-5.863330990385869
lab_subject_11,block_late_vs_no_ad_late,alpha_power_db_uv2,secondary_global,-1.9262061086872926
lab_subject_12,block_late_vs_no_ad_late,alpha_power_db_uv2,secondary_global,-6.987381550686046
lab_subject_13,block_late_vs_no_ad_late,alpha_power_db_uv2,secondary_global,-0.3602320931666796
lab_subject_14,block_late_vs_no_ad_late,alpha_power_db_uv2,secondary_global,3.987569235664071
lab_subject_15,block_late_vs_no_ad_late,alpha_power_db_uv2,secondary_global,1.1067743352122623
lab_subject_16,block_late_vs_no_ad_late,alpha_power_db_uv2,secondary_global,-3.717056416229358
lab_subject_17,block_late_vs_no_ad_late,alpha_power_db_uv2,secondary_global,3.743455299110192
lab_subject_18,block_late_vs_no_ad_late,alpha_power_db_uv2,secondary_global,0.6055262125098171
lab_subject_19,block_late_vs_no_ad_late,alpha_power_db_uv2,secondary_global,-1.8539335033939501
lab_subject_2,block_late_vs_no_ad_late,alpha_power_db_uv2,secondary_global,-4.370877668216943
lab_subject_3,block_late_vs_no_ad_late,alpha_power_db_uv2,secondary_global,4.331938077679063
lab_subject_5,block_late_vs_no_ad_late,alpha_power_db_uv2,secondary_global,-4.731511254771567
lab_subject_6,block_late_vs_no_ad_late,alpha_power_db_uv2,secondary_global,1.8880921144699734
lab_subject_7,block_late_vs_no_ad_late,alpha_power_db_uv2,secondary_global,1.6814469246134123
lab_subject_8,block_late_vs_no_ad_late,alpha_power_db_uv2,secondary_global,-7.37201870105131
lab_subject_9,block_late_vs_no_ad_late,alpha_power_db_uv2,secondary_global,-1.3671852346263105
lab_subject_1,any_ad_vs_matched_no_ad,alpha_power_db_uv2,secondary_global,-3.8477789340793986
lab_subject_10,any_ad_vs_matched_no_ad,alpha_power_db_uv2,secondary_global,-2.266863388805377
lab_subject_11,any_ad_vs_matched_no_ad,alpha_power_db_uv2,secondary_global,-0.9735203952088844
lab_subject_12,any_ad_vs_matched_no_ad,alpha_power_db_uv2,secondary_global,-3.235918599875423
lab_subject_13,any_ad_vs_matched_no_ad,alpha_power_db_uv2,secondary_global,-6.330537879979657
lab_subject_14,any_ad_vs_matched_no_ad,alpha_power_db_uv2,secondary_global,1.6941373485093947
lab_subject_15,any_ad_vs_matched_no_ad,alpha_power_db_uv2,secondary_global,4.273792846981209
lab_subject_16,any_ad_vs_matched_no_ad,alpha_power_db_uv2,secondary_global,-3.085882598895857
lab_subject_17,any_ad_vs_matched_no_ad,alpha_power_db_uv2,secondary_global,2.274852999040644
lab_subject_18,any_ad_vs_matched_no_ad,alpha_power_db_uv2,secondary_global,0.49767001981739856
lab_subject_19,any_ad_vs_matched_no_ad,alpha_power_db_uv2,secondary_global,-1.1514458159784373
lab_subject_2,any_ad_vs_matched_no_ad,alpha_power_db_uv2,secondary_global,-0.5022174261220982
lab_subject_3,any_ad_vs_matched_no_ad,alpha_power_db_uv2,secondary_global,-0.6143618223432394
lab_subject_5,any_ad_vs_matched_no_ad,alpha_power_db_uv2,secondary_global,-1.8488774576812714
lab_subject_6,any_ad_vs_matched_no_ad,alpha_power_db_uv2,secondary_global,2.787960564737763
lab_subject_7,any_ad_vs_matched_no_ad,alpha_power_db_uv2,secondary_global,1.3484988241968883
lab_subject_8,any_ad_vs_matched_no_ad,alpha_power_db_uv2,secondary_global,-4.088717092583157
lab_subject_9,any_ad_vs_matched_no_ad,alpha_power_db_uv2,secondary_global,-1.6343523801553057
lab_subject_1,inline_vs_block,alpha_power_db_uv2,secondary_global,1.4344923649970251
lab_subject_10,inline_vs_block,alpha_power_db_uv2,secondary_global,0.8513384844085166
lab_subject_11,inline_vs_block,alpha_power_db_uv2,secondary_global,2.1202772270862322
lab_subject_12,inline_vs_block,alpha_power_db_uv2,secondary_global,-3.031476620657521
lab_subject_13,inline_vs_block,alpha_power_db_uv2,secondary_global,2.676729648518534
lab_subject_14,inline_vs_block,alpha_power_db_uv2,secondary_global,-1.6967751167773761
lab_subject_15,inline_vs_block,alpha_power_db_uv2,secondary_global,4.7257530557490925
lab_subject_16,inline_vs_block,alpha_power_db_uv2,secondary_global,-1.6682953440739379
lab_subject_17,inline_vs_block,alpha_power_db_uv2,secondary_global,-1.2444257430769992
lab_subject_18,inline_vs_block,alpha_power_db_uv2,secondary_global,2.6637307798884677
lab_subject_19,inline_vs_block,alpha_power_db_uv2,secondary_global,-0.979452537102365
lab_subject_2,inline_vs_block,alpha_power_db_uv2,secondary_global,-1.0387025428491703
lab_subject_3,inline_vs_block,alpha_power_db_uv2,secondary_global,-3.113496296102201
lab_subject_5,inline_vs_block,alpha_power_db_uv2,secondary_global,1.5728858693341086
lab_subject_6,inline_vs_block,alpha_power_db_uv2,secondary_global,-1.0704740130699073
lab_subject_7,inline_vs_block,alpha_power_db_uv2,secondary_global,1.156199876112503
lab_subject_8,inline_vs_block,alpha_power_db_uv2,secondary_global,-3.290785424930199
lab_subject_9,inline_vs_block,alpha_power_db_uv2,secondary_global,-4.733302566291875
lab_subject_1,early_vs_late,alpha_power_db_uv2,secondary_global,2.6614655605844884
lab_subject_10,early_vs_late,alpha_power_db_uv2,secondary_global,-1.816068414977202
lab_subject_11,early_vs_late,alpha_power_db_uv2,secondary_global,-3.374168541511729
lab_subject_12,early_vs_late,alpha_power_db_uv2,secondary_global,3.0957357645692425
lab_subject_13,early_vs_late,alpha_power_db_uv2,secondary_global,-3.5242650872295966
lab_subject_14,early_vs_late,alpha_power_db_uv2,secondary_global,-1.004610296391088
lab_subject_15,early_vs_late,alpha_power_db_uv2,secondary_global,-1.324235323222184
lab_subject_16,early_vs_late,alpha_power_db_uv2,secondary_global,-1.314996073449234
lab_subject_17,early_vs_late,alpha_power_db_uv2,secondary_global,0.8803369786085695
lab_subject_18,early_vs_late,alpha_power_db_uv2,secondary_global,-3.5793426352445614
lab_subject_19,early_vs_late,alpha_power_db_uv2,secondary_global,0.7424347410270671
lab_subject_2,early_vs_late,alpha_power_db_uv2,secondary_global,3.6574372068380643
lab_subject_3,early_vs_late,alpha_power_db_uv2,secondary_global,-3.2831439272491654
lab_subject_5,early_vs_late,alpha_power_db_uv2,secondary_global,3.1386503554992626
lab_subject_6,early_vs_late,alpha_power_db_uv2,secondary_global,2.863152233032897
lab_subject_7,early_vs_late,alpha_power_db_uv2,secondary_global,0.6815039197716924
lab_subject_8,early_vs_late,alpha_power_db_uv2,secondary_global,3.2496229983615867
lab_subject_9,early_vs_late,alpha_power_db_uv2,secondary_global,-0.26720407633917187
lab_subject_1,format_x_timing,alpha_power_db_uv2,secondary_global,1.5234455904620425
lab_subject_10,format_x_timing,alpha_power_db_uv2,secondary_global,-6.258488920135984
lab_subject_11,format_x_timing,alpha_power_db_uv2,secondary_global,-2.1383552425107197
lab_subject_12,format_x_timing,alpha_power_db_uv2,secondary_global,-10.510487066508734
lab_subject_13,format_x_timing,alpha_power_db_uv2,secondary_global,25.32317546897505
lab_subject_14,format_x_timing,alpha_power_db_uv2,secondary_global,-3.1423004405701955
lab_subject_15,format_x_timing,alpha_power_db_uv2,secondary_global,-0.6722713626387944
lab_subject_16,format_x_timing,alpha_power_db_uv2,secondary_global,2.011134898150578
lab_subject_17,format_x_timing,alpha_power_db_uv2,secondary_global,5.71001918203232
lab_subject_18,format_x_timing,alpha_power_db_uv2,secondary_global,1.2880339611147096
lab_subject_19,format_x_timing,alpha_power_db_uv2,secondary_global,0.7589101679361141
lab_subject_2,format_x_timing,alpha_power_db_uv2,secondary_global,-6.263789780449678
lab_subject_3,format_x_timing,alpha_power_db_uv2,secondary_global,4.901926099701701
lab_subject_5,format_x_timing,alpha_power_db_uv2,secondary_global,-5.226028219147474
lab_subject_6,format_x_timing,alpha_power_db_uv2,secondary_global,8.902243750692563
lab_subject_7,format_x_timing,alpha_power_db_uv2,secondary_global,-1.3970981264993594
lab_subject_8,format_x_timing,alpha_power_db_uv2,secondary_global,2.295859104803025
lab_subject_9,format_x_timing,alpha_power_db_uv2,secondary_global,-0.23373244127207649
lab_subject_1,inline_early_vs_no_ad_early,beta_power_db_uv2,secondary,1.337175322320208
lab_subject_10,inline_early_vs_no_ad_early,beta_power_db_uv2,secondary,2.9302818395772237
lab_subject_11,inline_early_vs_no_ad_early,beta_power_db_uv2,secondary,1.355449722414594
lab_subject_12,inline_early_vs_no_ad_early,beta_power_db_uv2,secondary,2.6348838982099423
lab_subject_13,inline_early_vs_no_ad_early,beta_power_db_uv2,secondary,-10.662128794238985
lab_subject_14,inline_early_vs_no_ad_early,beta_power_db_uv2,secondary,-1.657762348542546
lab_subject_15,inline_early_vs_no_ad_early,beta_power_db_uv2,secondary,5.466682158634062
lab_subject_16,inline_early_vs_no_ad_early,beta_power_db_uv2,secondary,-0.2444246867863793
lab_subject_17,inline_early_vs_no_ad_early,beta_power_db_uv2,secondary,2.232754981585927
lab_subject_18,inline_early_vs_no_ad_early,beta_power_db_uv2,secondary,1.1740899043077135
lab_subject_19,inline_early_vs_no_ad_early,beta_power_db_uv2,secondary,0.9006662117803383
lab_subject_2,inline_early_vs_no_ad_early,beta_power_db_uv2,secondary,0.8816195664911586
lab_subject_3,inline_early_vs_no_ad_early,beta_power_db_uv2,secondary,-5.1964853772851685
lab_subject_5,inline_early_vs_no_ad_early,beta_power_db_uv2,secondary,0.07757678544496471
lab_subject_6,inline_early_vs_no_ad_early,beta_power_db_uv2,secondary,4.478346579684877
lab_subject_7,inline_early_vs_no_ad_early,beta_power_db_uv2,secondary,-4.3325073352258725
lab_subject_8,inline_early_vs_no_ad_early,beta_power_db_uv2,secondary,-2.7610620763584866
lab_subject_9,inline_early_vs_no_ad_early,beta_power_db_uv2,secondary,1.9305741715252278
lab_subject_1,block_early_vs_no_ad_early,beta_power_db_uv2,secondary,1.8252794630111637
lab_subject_10,block_early_vs_no_ad_early,beta_power_db_uv2,secondary,4.330493731155752
lab_subject_11,block_early_vs_no_ad_early,beta_power_db_uv2,secondary,0.14323496776025646
lab_subject_12,block_early_vs_no_ad_early,beta_power_db_uv2,secondary,4.781154213149041
lab_subject_13,block_early_vs_no_ad_early,beta_power_db_uv2,secondary,-12.89722549348663
lab_subject_14,block_early_vs_no_ad_early,beta_power_db_uv2,secondary,0.32516163761543204
lab_subject_15,block_early_vs_no_ad_early,beta_power_db_uv2,secondary,0.1199851457290757
lab_subject_16,block_early_vs_no_ad_early,beta_power_db_uv2,secondary,0.5216836257809003
lab_subject_17,block_early_vs_no_ad_early,beta_power_db_uv2,secondary,2.5673590090606577
lab_subject_18,block_early_vs_no_ad_early,beta_power_db_uv2,secondary,-1.052659409564309
lab_subject_19,block_early_vs_no_ad_early,beta_power_db_uv2,secondary,0.8597811323121718
lab_subject_2,block_early_vs_no_ad_early,beta_power_db_uv2,secondary,2.4108487575721913
lab_subject_3,block_early_vs_no_ad_early,beta_power_db_uv2,secondary,-1.4448452128101286
lab_subject_5,block_early_vs_no_ad_early,beta_power_db_uv2,secondary,-0.30104734009877454
lab_subject_6,block_early_vs_no_ad_early,beta_power_db_uv2,secondary,4.450417903278659
lab_subject_7,block_early_vs_no_ad_early,beta_power_db_uv2,secondary,-4.126801524731686
lab_subject_8,block_early_vs_no_ad_early,beta_power_db_uv2,secondary,-2.0998513612533056
lab_subject_9,block_early_vs_no_ad_early,beta_power_db_uv2,secondary,3.57465442911678
lab_subject_1,inline_late_vs_no_ad_late,beta_power_db_uv2,secondary,-5.540112268384363
lab_subject_10,inline_late_vs_no_ad_late,beta_power_db_uv2,secondary,-0.32848529566580087
lab_subject_11,inline_late_vs_no_ad_late,beta_power_db_uv2,secondary,0.32435165127789034
lab_subject_12,inline_late_vs_no_ad_late,beta_power_db_uv2,secondary,-4.373506004176296
lab_subject_13,inline_late_vs_no_ad_late,beta_power_db_uv2,secondary,-2.8231382432726635
lab_subject_14,inline_late_vs_no_ad_late,beta_power_db_uv2,secondary,1.6711630646277191
lab_subject_15,inline_late_vs_no_ad_late,beta_power_db_uv2,secondary,-1.4280618515984433
lab_subject_16,inline_late_vs_no_ad_late,beta_power_db_uv2,secondary,-2.0238062943583746
lab_subject_17,inline_late_vs_no_ad_late,beta_power_db_uv2,secondary,-1.8263395041774242
lab_subject_18,inline_late_vs_no_ad_late,beta_power_db_uv2,secondary,0.07691508020827964
lab_subject_19,inline_late_vs_no_ad_late,beta_power_db_uv2,secondary,-3.333197750094409
lab_subject_2,inline_late_vs_no_ad_late,beta_power_db_uv2,secondary,-2.2209806395137814
lab_subject_3,inline_late_vs_no_ad_late,beta_power_db_uv2,secondary,-1.6114527300589607
lab_subject_5,inline_late_vs_no_ad_late,beta_power_db_uv2,secondary,0.3466985746306932
lab_subject_6,inline_late_vs_no_ad_late,beta_power_db_uv2,secondary,0.3902545892057079
lab_subject_7,inline_late_vs_no_ad_late,beta_power_db_uv2,secondary,0.08104968654303235
lab_subject_8,inline_late_vs_no_ad_late,beta_power_db_uv2,secondary,-7.134573365872315
lab_subject_9,inline_late_vs_no_ad_late,beta_power_db_uv2,secondary,-1.6479366760125416
lab_subject_1,block_late_vs_no_ad_late,beta_power_db_uv2,secondary,-0.3412740565943393
lab_subject_10,block_late_vs_no_ad_late,beta_power_db_uv2,secondary,-0.37348777534838984
lab_subject_11,block_late_vs_no_ad_late,beta_power_db_uv2,secondary,0.22211536333743265
lab_subject_12,block_late_vs_no_ad_late,beta_power_db_uv2,secondary,-3.089220211332366
lab_subject_13,block_late_vs_no_ad_late,beta_power_db_uv2,secondary,0.7371941262741455
lab_subject_14,block_late_vs_no_ad_late,beta_power_db_uv2,secondary,2.334131471328446
lab_subject_15,block_late_vs_no_ad_late,beta_power_db_uv2,secondary,-0.9056853524386863
lab_subject_16,block_late_vs_no_ad_late,beta_power_db_uv2,secondary,-1.467336686579861
lab_subject_17,block_late_vs_no_ad_late,beta_power_db_uv2,secondary,-0.8330974450411528
lab_subject_18,block_late_vs_no_ad_late,beta_power_db_uv2,secondary,-3.273343655336186
lab_subject_19,block_late_vs_no_ad_late,beta_power_db_uv2,secondary,-2.0252525702933415
lab_subject_2,block_late_vs_no_ad_late,beta_power_db_uv2,secondary,-1.332077959511592
lab_subject_3,block_late_vs_no_ad_late,beta_power_db_uv2,secondary,-1.051211309372924
lab_subject_5,block_late_vs_no_ad_late,beta_power_db_uv2,secondary,-0.17685081729362473
lab_subject_6,block_late_vs_no_ad_late,beta_power_db_uv2,secondary,1.009670285887279
lab_subject_7,block_late_vs_no_ad_late,beta_power_db_uv2,secondary,-0.3073711878092382
lab_subject_8,block_late_vs_no_ad_late,beta_power_db_uv2,secondary,-4.4653580757527465
lab_subject_9,block_late_vs_no_ad_late,beta_power_db_uv2,secondary,-1.2549478869033415
lab_subject_1,any_ad_vs_matched_no_ad,beta_power_db_uv2,secondary,-0.6797328849118327
lab_subject_10,any_ad_vs_matched_no_ad,beta_power_db_uv2,secondary,1.6397006249296961
lab_subject_11,any_ad_vs_matched_no_ad,beta_power_db_uv2,secondary,0.5112879261975434
lab_subject_12,any_ad_vs_matched_no_ad,beta_power_db_uv2,secondary,-0.011672026037419458
lab_subject_13,any_ad_vs_matched_no_ad,beta_power_db_uv2,secondary,-6.4113246011810325
lab_subject_14,any_ad_vs_matched_no_ad,beta_power_db_uv2,secondary,0.6681734562572628
lab_subject_15,any_ad_vs_matched_no_ad,beta_power_db_uv2,secondary,0.8132300250815019
lab_subject_16,any_ad_vs_matched_no_ad,beta_power_db_uv2,secondary,-0.8034710104859286
lab_subject_17,any_ad_vs_matched_no_ad,beta_power_db_uv2,secondary,0.535169260357002
lab_subject_18,any_ad_vs_matched_no_ad,beta_power_db_uv2,secondary,-0.7687495200961254
lab_subject_19,any_ad_vs_matched_no_ad,beta_power_db_uv2,secondary,-0.8995007440738101
lab_subject_2,any_ad_vs_matched_no_ad,beta_power_db_uv2,secondary,-0.06514756874050587
lab_subject_3,any_ad_vs_matched_no_ad,beta_power_db_uv2,secondary,-2.3259986573817955
lab_subject_5,any_ad_vs_matched_no_ad,beta_power_db_uv2,secondary,-0.013405699329185339
lab_subject_6,any_ad_vs_matched_no_ad,beta_power_db_uv2,secondary,2.5821723395141305
lab_subject_7,any_ad_vs_matched_no_ad,beta_power_db_uv2,secondary,-2.1714075903059413
lab_subject_8,any_ad_vs_matched_no_ad,beta_power_db_uv2,secondary,-4.115211219809213
lab_subject_9,any_ad_vs_matched_no_ad,beta_power_db_uv2,secondary,0.6505860094315312
lab_subject_1,inline_vs_block,beta_power_db_uv2,secondary,-2.84347117624049
lab_subject_10,inline_vs_block,beta_power_db_uv2,secondary,-0.6776047059479695
lab_subject_11,inline_vs_block,beta_power_db_uv2,secondary,0.6572255212973976
lab_subject_12,inline_vs_block,beta_power_db_uv2,secondary,-1.7152780538915144
lab_subject_13,inline_vs_block,beta_power_db_uv2,secondary,-0.6626178351495828
lab_subject_14,inline_vs_block,beta_power_db_uv2,secondary,-1.3229461964293523
lab_subject_15,inline_vs_block,beta_power_db_uv2,secondary,2.412160256872615
lab_subject_16,inline_vs_block,beta_power_db_uv2,secondary,-0.6612889601728966
lab_subject_17,inline_vs_block,beta_power_db_uv2,secondary,-0.663923043305501
lab_subject_18,inline_vs_block,beta_power_db_uv2,secondary,2.788504024708244
lab_subject_19,inline_vs_block,beta_power_db_uv2,secondary,-0.6335300501664505
lab_subject_2,inline_vs_block,beta_power_db_uv2,secondary,-1.2090659355416111
lab_subject_3,inline_vs_block,beta_power_db_uv2,secondary,-2.1559407925805383
lab_subject_5,inline_vs_block,beta_power_db_uv2,secondary,0.4510867587340286
lab_subject_6,inline_vs_block,beta_power_db_uv2,secondary,-0.2957435101376764
lab_subject_7,inline_vs_block,beta_power_db_uv2,secondary,0.09135753192904206
lab_subject_8,inline_vs_block,beta_power_db_uv2,secondary,-1.6652130026123748
lab_subject_9,inline_vs_block,beta_power_db_uv2,secondary,-1.0185345233503762
lab_subject_1,early_vs_late,beta_power_db_uv2,secondary,3.920742328589048
lab_subject_10,early_vs_late,beta_power_db_uv2,secondary,0.6072816926008362
lab_subject_11,early_vs_late,beta_power_db_uv2,secondary,-0.7427200040984667
lab_subject_12,early_vs_late,beta_power_db_uv2,secondary,3.7908109783312436
lab_subject_13,early_vs_late,beta_power_db_uv2,secondary,-0.8237688977037716
lab_subject_14,early_vs_late,beta_power_db_uv2,secondary,0.7054516015461769
lab_subject_15,early_vs_late,beta_power_db_uv2,secondary,1.7951462827750306
lab_subject_16,early_vs_late,beta_power_db_uv2,secondary,1.285939555438997
lab_subject_17,early_vs_late,beta_power_db_uv2,secondary,1.664692233282966
lab_subject_18,early_vs_late,beta_power_db_uv2,secondary,-2.8241202531773
lab_subject_19,early_vs_late,beta_power_db_uv2,secondary,1.1755043109542123
lab_subject_2,early_vs_late,beta_power_db_uv2,secondary,1.807987902446703
lab_subject_3,early_vs_late,beta_power_db_uv2,secondary,-1.1968035583871943
lab_subject_5,early_vs_late,beta_power_db_uv2,secondary,0.9849223460167158
lab_subject_6,early_vs_late,beta_power_db_uv2,secondary,1.24321510003151
lab_subject_7,early_vs_late,beta_power_db_uv2,secondary,0.839063638459097
lab_subject_8,early_vs_late,beta_power_db_uv2,secondary,0.5155774151942447
lab_subject_9,early_vs_late,beta_power_db_uv2,secondary,1.9084225693691623
lab_subject_1,format_x_timing,beta_power_db_uv2,secondary,4.710734071099068
lab_subject_10,format_x_timing,beta_power_db_uv2,secondary,-1.445214371261117
lab_subject_11,format_x_timing,beta_power_db_uv2,secondary,1.10997846671388
lab_subject_12,format_x_timing,beta_power_db_uv2,secondary,-0.8619845220951694
lab_subject_13,format_x_timing,beta_power_db_uv2,secondary,5.795429068794452
lab_subject_14,format_x_timing,beta_power_db_uv2,secondary,-1.3199555794572513
lab_subject_15,format_x_timing,beta_power_db_uv2,secondary,5.869073512064743
lab_subject_16,format_x_timing,beta_power_db_uv2,secondary,-0.209638704788766
lab_subject_17,format_x_timing,beta_power_db_uv2,secondary,0.6586380316615408
lab_subject_18,format_x_timing,beta_power_db_uv2,secondary,-1.123509421672443
lab_subject_19,format_x_timing,beta_power_db_uv2,secondary,1.348830259269234
lab_subject_2,format_x_timing,beta_power_db_uv2,secondary,-0.6403265110788432
lab_subject_3,format_x_timing,beta_power_db_uv2,secondary,-3.1913987437890032
lab_subject_5,format_x_timing,beta_power_db_uv2,secondary,-0.14492526638057868
lab_subject_6,format_x_timing,beta_power_db_uv2,secondary,0.6473443730877895
lab_subject_7,format_x_timing,beta_power_db_uv2,secondary,-0.594126684846457
lab_subject_8,format_x_timing,beta_power_db_uv2,secondary,2.008004575014388
lab_subject_9,format_x_timing,beta_power_db_uv2,secondary,-1.2510914684823522
lab_subject_1,inline_early_vs_no_ad_early,faa_log_f4_minus_f3,secondary,2.795821473059789
lab_subject_10,inline_early_vs_no_ad_early,faa_log_f4_minus_f3,secondary,-1.6513546101421923
lab_subject_11,inline_early_vs_no_ad_early,faa_log_f4_minus_f3,secondary,0.11415818071216322
lab_subject_12,inline_early_vs_no_ad_early,faa_log_f4_minus_f3,secondary,0.530195797509073
lab_subject_13,inline_early_vs_no_ad_early,faa_log_f4_minus_f3,secondary,-4.134672579176584
lab_subject_14,inline_early_vs_no_ad_early,faa_log_f4_minus_f3,secondary,0.4705141906276644
lab_subject_15,inline_early_vs_no_ad_early,faa_log_f4_minus_f3,secondary,-1.325179311811656
lab_subject_16,inline_early_vs_no_ad_early,faa_log_f4_minus_f3,secondary,-0.24934750320893073
lab_subject_17,inline_early_vs_no_ad_early,faa_log_f4_minus_f3,secondary,0.6999986649587946
lab_subject_18,inline_early_vs_no_ad_early,faa_log_f4_minus_f3,secondary,-0.14415719150263584
lab_subject_19,inline_early_vs_no_ad_early,faa_log_f4_minus_f3,secondary,-1.7736755119648784
lab_subject_2,inline_early_vs_no_ad_early,faa_log_f4_minus_f3,secondary,0.3680448572530146
lab_subject_3,inline_early_vs_no_ad_early,faa_log_f4_minus_f3,secondary,1.350355354301687
lab_subject_5,inline_early_vs_no_ad_early,faa_log_f4_minus_f3,secondary,1.9076489362623903
lab_subject_6,inline_early_vs_no_ad_early,faa_log_f4_minus_f3,secondary,2.3559302666371558
lab_subject_7,inline_early_vs_no_ad_early,faa_log_f4_minus_f3,secondary,-2.600857796627995
lab_subject_8,inline_early_vs_no_ad_early,faa_log_f4_minus_f3,secondary,0.6750747215264852
lab_subject_9,inline_early_vs_no_ad_early,faa_log_f4_minus_f3,secondary,-0.45664208741943924
lab_subject_1,block_early_vs_no_ad_early,faa_log_f4_minus_f3,secondary,3.0579581867768404
lab_subject_10,block_early_vs_no_ad_early,faa_log_f4_minus_f3,secondary,-1.7691564766965122
lab_subject_11,block_early_vs_no_ad_early,faa_log_f4_minus_f3,secondary,0.03549071403218562
lab_subject_12,block_early_vs_no_ad_early,faa_log_f4_minus_f3,secondary,0.1558124391259419
lab_subject_13,block_early_vs_no_ad_early,faa_log_f4_minus_f3,secondary,1.0187421591005048
lab_subject_14,block_early_vs_no_ad_early,faa_log_f4_minus_f3,secondary,-1.0742900796971533
lab_subject_15,block_early_vs_no_ad_early,faa_log_f4_minus_f3,secondary,-0.15764031947203705
lab_subject_16,block_early_vs_no_ad_early,faa_log_f4_minus_f3,secondary,-1.631032731875841
lab_subject_17,block_early_vs_no_ad_early,faa_log_f4_minus_f3,secondary,1.0180405759534032
lab_subject_18,block_early_vs_no_ad_early,faa_log_f4_minus_f3,secondary,0.5109733949682891
lab_subject_19,block_early_vs_no_ad_early,faa_log_f4_minus_f3,secondary,-1.2005479203957918
lab_subject_2,block_early_vs_no_ad_early,faa_log_f4_minus_f3,secondary,0.08738123871995285
lab_subject_3,block_early_vs_no_ad_early,faa_log_f4_minus_f3,secondary,-0.7723425042978249
lab_subject_5,block_early_vs_no_ad_early,faa_log_f4_minus_f3,secondary,1.6901901686982512
lab_subject_6,block_early_vs_no_ad_early,faa_log_f4_minus_f3,secondary,0.11841705669337443
lab_subject_7,block_early_vs_no_ad_early,faa_log_f4_minus_f3,secondary,0.947021888392694
lab_subject_8,block_early_vs_no_ad_early,faa_log_f4_minus_f3,secondary,-1.5025381683472467
lab_subject_9,block_early_vs_no_ad_early,faa_log_f4_minus_f3,secondary,-0.48925838283979317
lab_subject_1,inline_late_vs_no_ad_late,faa_log_f4_minus_f3,secondary,1.164298472949671
lab_subject_10,inline_late_vs_no_ad_late,faa_log_f4_minus_f3,secondary,-1.2204918071063666
lab_subject_11,inline_late_vs_no_ad_late,faa_log_f4_minus_f3,secondary,-1.5450861654311652
lab_subject_12,inline_late_vs_no_ad_late,faa_log_f4_minus_f3,secondary,1.7010625879562404
lab_subject_13,inline_late_vs_no_ad_late,faa_log_f4_minus_f3,secondary,3.244709057075763
lab_subject_14,inline_late_vs_no_ad_late,faa_log_f4_minus_f3,secondary,-0.1676947388331591
lab_subject_15,inline_late_vs_no_ad_late,faa_log_f4_minus_f3,secondary,-2.4809349222560044
lab_subject_16,inline_late_vs_no_ad_late,faa_log_f4_minus_f3,secondary,1.7516042053165073
lab_subject_17,inline_late_vs_no_ad_late,faa_log_f4_minus_f3,secondary,2.1875751028332324
lab_subject_18,inline_late_vs_no_ad_late,faa_log_f4_minus_f3,secondary,-0.5832063023045855
lab_subject_19,inline_late_vs_no_ad_late,faa_log_f4_minus_f3,secondary,-0.9382376914102935
lab_subject_2,inline_late_vs_no_ad_late,faa_log_f4_minus_f3,secondary,-0.8335053536715478
lab_subject_3,inline_late_vs_no_ad_late,faa_log_f4_minus_f3,secondary,0.7298267699182048
lab_subject_5,inline_late_vs_no_ad_late,faa_log_f4_minus_f3,secondary,-0.6097331464363158
lab_subject_6,inline_late_vs_no_ad_late,faa_log_f4_minus_f3,secondary,1.7320052820057015
lab_subject_7,inline_late_vs_no_ad_late,faa_log_f4_minus_f3,secondary,-0.9722482160412014
lab_subject_8,inline_late_vs_no_ad_late,faa_log_f4_minus_f3,secondary,1.788286334808042
lab_subject_9,inline_late_vs_no_ad_late,faa_log_f4_minus_f3,secondary,-0.7450619106926766
lab_subject_1,block_late_vs_no_ad_late,faa_log_f4_minus_f3,secondary,2.0658724163454742
lab_subject_10,block_late_vs_no_ad_late,faa_log_f4_minus_f3,secondary,-2.1625899085821914
lab_subject_11,block_late_vs_no_ad_late,faa_log_f4_minus_f3,secondary,-2.7373265547821646
lab_subject_12,block_late_vs_no_ad_late,faa_log_f4_minus_f3,secondary,0.3999382037231918
lab_subject_13,block_late_vs_no_ad_late,faa_log_f4_minus_f3,secondary,1.6126272121580385
lab_subject_14,block_late_vs_no_ad_late,faa_log_f4_minus_f3,secondary,0.6487990698647508
lab_subject_15,block_late_vs_no_ad_late,faa_log_f4_minus_f3,secondary,-0.7394664878811454
lab_subject_16,block_late_vs_no_ad_late,faa_log_f4_minus_f3,secondary,-0.4801661378669344
lab_subject_17,block_late_vs_no_ad_late,faa_log_f4_minus_f3,secondary,0.8089606016780806
lab_subject_18,block_late_vs_no_ad_late,faa_log_f4_minus_f3,secondary,1.640241602463675
lab_subject_19,block_late_vs_no_ad_late,faa_log_f4_minus_f3,secondary,-0.29450789473304084
lab_subject_2,block_late_vs_no_ad_late,faa_log_f4_minus_f3,secondary,1.7667619387627482
lab_subject_3,block_late_vs_no_ad_late,faa_log_f4_minus_f3,secondary,0.4551568726079296
lab_subject_5,block_late_vs_no_ad_late,faa_log_f4_minus_f3,secondary,0.5975374256919004
lab_subject_6,block_late_vs_no_ad_late,faa_log_f4_minus_f3,secondary,-1.1741958911307968
lab_subject_7,block_late_vs_no_ad_late,faa_log_f4_minus_f3,secondary,-0.956964449021612
lab_subject_8,block_late_vs_no_ad_late,faa_log_f4_minus_f3,secondary,1.8734844321575004
lab_subject_9,block_late_vs_no_ad_late,faa_log_f4_minus_f3,secondary,-2.0407360680377735
lab_subject_1,any_ad_vs_matched_no_ad,faa_log_f4_minus_f3,secondary,2.2709876372829436
lab_subject_10,any_ad_vs_matched_no_ad,faa_log_f4_minus_f3,secondary,-1.7008982006318156
lab_subject_11,any_ad_vs_matched_no_ad,faa_log_f4_minus_f3,secondary,-1.0331909563672452
lab_subject_12,any_ad_vs_matched_no_ad,faa_log_f4_minus_f3,secondary,0.6967522570786118
lab_subject_13,any_ad_vs_matched_no_ad,faa_log_f4_minus_f3,secondary,0.43535146228943056
lab_subject_14,any_ad_vs_matched_no_ad,faa_log_f4_minus_f3,secondary,-0.0306678895094743
lab_subject_15,any_ad_vs_matched_no_ad,faa_log_f4_minus_f3,secondary,-1.1758052603552107
lab_subject_16,any_ad_vs_matched_no_ad,faa_log_f4_minus_f3,secondary,-0.15223554190879973
lab_subject_17,any_ad_vs_matched_no_ad,faa_log_f4_minus_f3,secondary,1.1786437363558777
lab_subject_18,any_ad_vs_matched_no_ad,faa_log_f4_minus_f3,secondary,0.3559628759061857
lab_subject_19,any_ad_vs_matched_no_ad,faa_log_f4_minus_f3,secondary,-1.0517422546260011
lab_subject_2,any_ad_vs_matched_no_ad,faa_log_f4_minus_f3,secondary,0.347170670266042
lab_subject_3,any_ad_vs_matched_no_ad,faa_log_f4_minus_f3,secondary,0.44074912313249914
lab_subject_5,any_ad_vs_matched_no_ad,faa_log_f4_minus_f3,secondary,0.8964108460540565
lab_subject_6,any_ad_vs_matched_no_ad,faa_log_f4_minus_f3,secondary,0.7580391785513587
lab_subject_7,any_ad_vs_matched_no_ad,faa_log_f4_minus_f3,secondary,-0.8957621433245286
lab_subject_8,any_ad_vs_matched_no_ad,faa_log_f4_minus_f3,secondary,0.7085768300361952
lab_subject_9,any_ad_vs_matched_no_ad,faa_log_f4_minus_f3,secondary,-0.9329246122474206
lab_subject_1,inline_vs_block,faa_log_f4_minus_f3,secondary,-0.5818553285564274
lab_subject_10,inline_vs_block,faa_log_f4_minus_f3,secondary,0.5299499840150723
lab_subject_11,inline_vs_block,faa_log_f4_minus_f3,secondary,0.6354539280154885
lab_subject_12,inline_vs_block,faa_log_f4_minus_f3,secondary,0.8377538713080899
lab_subject_13,inline_vs_block,faa_log_f4_minus_f3,secondary,-1.7606664466796822
lab_subject_14,inline_vs_block,faa_log_f4_minus_f3,secondary,0.3641552308134539
lab_subject_15,inline_vs_block,faa_log_f4_minus_f3,secondary,-1.454503713357239
lab_subject_16,inline_vs_block,faa_log_f4_minus_f3,secondary,1.806727785925176
lab_subject_17,inline_vs_block,faa_log_f4_minus_f3,secondary,0.5302862950802716
lab_subject_18,inline_vs_block,faa_log_f4_minus_f3,secondary,-1.4392892456195927
lab_subject_19,inline_vs_block,faa_log_f4_minus_f3,secondary,-0.6084286941231696
lab_subject_2,inline_vs_block,faa_log_f4_minus_f3,secondary,-1.1598018369506171
lab_subject_3,inline_vs_block,faa_log_f4_minus_f3,secondary,1.1986838779548936
lab_subject_5,inline_vs_block,faa_log_f4_minus_f3,secondary,-0.49490590228203857
lab_subject_6,inline_vs_block,faa_log_f4_minus_f3,secondary,2.57185719154014
lab_subject_7,inline_vs_block,faa_log_f4_minus_f3,secondary,-1.7815817260201392
lab_subject_8,inline_vs_block,faa_log_f4_minus_f3,secondary,1.0462073962621368
lab_subject_9,inline_vs_block,faa_log_f4_minus_f3,secondary,0.6641452263827254
lab_subject_1,early_vs_late,faa_log_f4_minus_f3,secondary,-0.029280852924083334
lab_subject_10,early_vs_late,faa_log_f4_minus_f3,secondary,0.7360145034077803
lab_subject_11,early_vs_late,faa_log_f4_minus_f3,secondary,0.9068155445590644
lab_subject_12,early_vs_late,faa_log_f4_minus_f3,secondary,0.2745753661617183
lab_subject_13,early_vs_late,faa_log_f4_minus_f3,secondary,-2.018913787566671
lab_subject_14,early_vs_late,faa_log_f4_minus_f3,secondary,0.19449851193552625
lab_subject_15,early_vs_late,faa_log_f4_minus_f3,secondary,0.5462221585856089
lab_subject_16,early_vs_late,faa_log_f4_minus_f3,secondary,0.9809464516697268
lab_subject_17,early_vs_late,faa_log_f4_minus_f3,secondary,0.4848560285274157
lab_subject_18,early_vs_late,faa_log_f4_minus_f3,secondary,0.16318738678798717
lab_subject_19,early_vs_late,faa_log_f4_minus_f3,secondary,-0.7411741874971618
lab_subject_2,early_vs_late,faa_log_f4_minus_f3,secondary,0.5663097347837613
lab_subject_3,early_vs_late,faa_log_f4_minus_f3,secondary,-0.33371657834953616
lab_subject_5,early_vs_late,faa_log_f4_minus_f3,secondary,1.042307960660409
lab_subject_6,early_vs_late,faa_log_f4_minus_f3,secondary,-0.8756256161092715
lab_subject_7,early_vs_late,faa_log_f4_minus_f3,secondary,-0.22267497945228953
lab_subject_8,early_vs_late,faa_log_f4_minus_f3,secondary,0.1501980530815601
lab_subject_9,early_vs_late,faa_log_f4_minus_f3,secondary,1.4237721464293003
lab_subject_1,format_x_timing,faa_log_f4_minus_f3,secondary,0.6394372296787516
lab_subject_10,format_x_timing,faa_log_f4_minus_f3,secondary,-0.8242962349215048
lab_subject_11,format_x_timing,faa_log_f4_minus_f3,secondary,-1.1135729226710218
lab_subject_12,format_x_timing,faa_log_f4_minus_f3,secondary,-0.9267410258499176
lab_subject_13,format_x_timing,faa_log_f4_minus_f3,secondary,-6.7854965831948135
lab_subject_14,format_x_timing,faa_log_f4_minus_f3,secondary,2.3612980790227276
lab_subject_15,format_x_timing,faa_log_f4_minus_f3,secondary,0.5739294420352401
lab_subject_16,format_x_timing,faa_log_f4_minus_f3,secondary,-0.8500851145165313
lab_subject_17,format_x_timing,faa_log_f4_minus_f3,secondary,-1.6966564121497605
lab_subject_18,format_x_timing,faa_log_f4_minus_f3,secondary,1.5683173182973356
lab_subject_19,format_x_timing,faa_log_f4_minus_f3,secondary,0.07060220510816606
lab_subject_2,format_x_timing,faa_log_f4_minus_f3,secondary,2.8809309109673578
lab_subject_3,format_x_timing,faa_log_f4_minus_f3,secondary,1.8480279612892367
lab_subject_5,format_x_timing,faa_log_f4_minus_f3,secondary,1.4247293396923553
lab_subject_6,format_x_timing,faa_log_f4_minus_f3,secondary,-0.668687963192717
lab_subject_7,format_x_timing,faa_log_f4_minus_f3,secondary,-3.5325959180010997
lab_subject_8,format_x_timing,faa_log_f4_minus_f3,secondary,2.2628109872231903
lab_subject_9,format_x_timing,faa_log_f4_minus_f3,secondary,-1.263057861924743
lab_subject_1,inline_early_vs_no_ad_early,delta_power_db_uv2,exploratory,-14.385662758543802
lab_subject_10,inline_early_vs_no_ad_early,delta_power_db_uv2,exploratory,-2.917427467829489
lab_subject_11,inline_early_vs_no_ad_early,delta_power_db_uv2,exploratory,0.36142360251814054
lab_subject_12,inline_early_vs_no_ad_early,delta_power_db_uv2,exploratory,-17.794940168086203
lab_subject_13,inline_early_vs_no_ad_early,delta_power_db_uv2,exploratory,0.2743002888696715
lab_subject_14,inline_early_vs_no_ad_early,delta_power_db_uv2,exploratory,-1.2822051307599693
lab_subject_15,inline_early_vs_no_ad_early,delta_power_db_uv2,exploratory,-3.409630047774119
lab_subject_16,inline_early_vs_no_ad_early,delta_power_db_uv2,exploratory,8.205746722407074
lab_subject_17,inline_early_vs_no_ad_early,delta_power_db_uv2,exploratory,3.4267130576351725
lab_subject_18,inline_early_vs_no_ad_early,delta_power_db_uv2,exploratory,-5.606258510807399
lab_subject_19,inline_early_vs_no_ad_early,delta_power_db_uv2,exploratory,-4.448414726329633
lab_subject_2,inline_early_vs_no_ad_early,delta_power_db_uv2,exploratory,2.7155182748170823
lab_subject_3,inline_early_vs_no_ad_early,delta_power_db_uv2,exploratory,10.183732861214171
lab_subject_5,inline_early_vs_no_ad_early,delta_power_db_uv2,exploratory,0.24522952130399034
lab_subject_6,inline_early_vs_no_ad_early,delta_power_db_uv2,exploratory,4.783138238189739
lab_subject_7,inline_early_vs_no_ad_early,delta_power_db_uv2,exploratory,-2.074869027621146
lab_subject_8,inline_early_vs_no_ad_early,delta_power_db_uv2,exploratory,-0.2840570425046245
lab_subject_9,inline_early_vs_no_ad_early,delta_power_db_uv2,exploratory,-3.4049393259080887
lab_subject_1,block_early_vs_no_ad_early,delta_power_db_uv2,exploratory,-4.248779758631525
lab_subject_10,block_early_vs_no_ad_early,delta_power_db_uv2,exploratory,9.198450260713953
lab_subject_11,block_early_vs_no_ad_early,delta_power_db_uv2,exploratory,2.224681423712015
lab_subject_12,block_early_vs_no_ad_early,delta_power_db_uv2,exploratory,1.7772412185855622
lab_subject_13,block_early_vs_no_ad_early,delta_power_db_uv2,exploratory,-18.675459450054333
lab_subject_14,block_early_vs_no_ad_early,delta_power_db_uv2,exploratory,2.5855534124038204
lab_subject_15,block_early_vs_no_ad_early,delta_power_db_uv2,exploratory,12.68235655154607
lab_subject_16,block_early_vs_no_ad_early,delta_power_db_uv2,exploratory,7.0150733075818135
lab_subject_17,block_early_vs_no_ad_early,delta_power_db_uv2,exploratory,6.207213483528921
lab_subject_18,block_early_vs_no_ad_early,delta_power_db_uv2,exploratory,-8.359811477457582
lab_subject_19,block_early_vs_no_ad_early,delta_power_db_uv2,exploratory,3.164595761419217
lab_subject_2,block_early_vs_no_ad_early,delta_power_db_uv2,exploratory,-4.625333077289721
lab_subject_3,block_early_vs_no_ad_early,delta_power_db_uv2,exploratory,6.311451337095914
lab_subject_5,block_early_vs_no_ad_early,delta_power_db_uv2,exploratory,4.064667253779168
lab_subject_6,block_early_vs_no_ad_early,delta_power_db_uv2,exploratory,10.97059297613898
lab_subject_7,block_early_vs_no_ad_early,delta_power_db_uv2,exploratory,5.789143601540162
lab_subject_8,block_early_vs_no_ad_early,delta_power_db_uv2,exploratory,4.586015788834214
lab_subject_9,block_early_vs_no_ad_early,delta_power_db_uv2,exploratory,2.62178406045744
lab_subject_1,inline_late_vs_no_ad_late,delta_power_db_uv2,exploratory,-5.227366777184569
lab_subject_10,inline_late_vs_no_ad_late,delta_power_db_uv2,exploratory,-1.510988279623799
lab_subject_11,inline_late_vs_no_ad_late,delta_power_db_uv2,exploratory,0.10564541647926795
lab_subject_12,inline_late_vs_no_ad_late,delta_power_db_uv2,exploratory,-5.962132369560715
lab_subject_13,inline_late_vs_no_ad_late,delta_power_db_uv2,exploratory,-10.038222578586417
lab_subject_14,inline_late_vs_no_ad_late,delta_power_db_uv2,exploratory,11.178180285443633
lab_subject_15,inline_late_vs_no_ad_late,delta_power_db_uv2,exploratory,10.81776622794966
lab_subject_16,inline_late_vs_no_ad_late,delta_power_db_uv2,exploratory,-6.108047634170807
lab_subject_17,inline_late_vs_no_ad_late,delta_power_db_uv2,exploratory,-8.335521530235459
lab_subject_18,inline_late_vs_no_ad_late,delta_power_db_uv2,exploratory,-6.7476900381264695
lab_subject_19,inline_late_vs_no_ad_late,delta_power_db_uv2,exploratory,-3.969220330274238
lab_subject_2,inline_late_vs_no_ad_late,delta_power_db_uv2,exploratory,-3.552995402497185
lab_subject_3,inline_late_vs_no_ad_late,delta_power_db_uv2,exploratory,13.36789963130174
lab_subject_5,inline_late_vs_no_ad_late,delta_power_db_uv2,exploratory,-3.7442918311108517
lab_subject_6,inline_late_vs_no_ad_late,delta_power_db_uv2,exploratory,-1.6362134313505532
lab_subject_7,inline_late_vs_no_ad_late,delta_power_db_uv2,exploratory,15.993628379829431
lab_subject_8,inline_late_vs_no_ad_late,delta_power_db_uv2,exploratory,13.825660524553122
lab_subject_9,inline_late_vs_no_ad_late,delta_power_db_uv2,exploratory,-13.685949321905447
lab_subject_1,block_late_vs_no_ad_late,delta_power_db_uv2,exploratory,2.5869874265560995
lab_subject_10,block_late_vs_no_ad_late,delta_power_db_uv2,exploratory,4.239459219844635
lab_subject_11,block_late_vs_no_ad_late,delta_power_db_uv2,exploratory,4.9298158737985585
lab_subject_12,block_late_vs_no_ad_late,delta_power_db_uv2,exploratory,-7.164055249086095
lab_subject_13,block_late_vs_no_ad_late,delta_power_db_uv2,exploratory,-2.956980483795226
lab_subject_14,block_late_vs_no_ad_late,delta_power_db_uv2,exploratory,17.9167340625513
lab_subject_15,block_late_vs_no_ad_late,delta_power_db_uv2,exploratory,3.080405676576282
lab_subject_16,block_late_vs_no_ad_late,delta_power_db_uv2,exploratory,-6.3298541688125844
lab_subject_17,block_late_vs_no_ad_late,delta_power_db_uv2,exploratory,-4.387889339249714
lab_subject_18,block_late_vs_no_ad_late,delta_power_db_uv2,exploratory,0.7862608789066243
lab_subject_19,block_late_vs_no_ad_late,delta_power_db_uv2,exploratory,11.875420507367492
lab_subject_2,block_late_vs_no_ad_late,delta_power_db_uv2,exploratory,-17.29618885729961
lab_subject_3,block_late_vs_no_ad_late,delta_power_db_uv2,exploratory,16.72134067892028
lab_subject_5,block_late_vs_no_ad_late,delta_power_db_uv2,exploratory,-11.120871187253721
lab_subject_6,block_late_vs_no_ad_late,delta_power_db_uv2,exploratory,9.819231200290723
lab_subject_7,block_late_vs_no_ad_late,delta_power_db_uv2,exploratory,7.702124774575241
lab_subject_8,block_late_vs_no_ad_late,delta_power_db_uv2,exploratory,6.5994559860208994
lab_subject_9,block_late_vs_no_ad_late,delta_power_db_uv2,exploratory,-8.54722322059061
lab_subject_1,any_ad_vs_matched_no_ad,delta_power_db_uv2,exploratory,-5.318705466950949
lab_subject_10,any_ad_vs_matched_no_ad,delta_power_db_uv2,exploratory,2.252373433276325
lab_subject_11,any_ad_vs_matched_no_ad,delta_power_db_uv2,exploratory,1.9053915791269955
lab_subject_12,any_ad_vs_matched_no_ad,delta_power_db_uv2,exploratory,-7.285971642036863
lab_subject_13,any_ad_vs_matched_no_ad,delta_power_db_uv2,exploratory,-7.849090555891576
lab_subject_14,any_ad_vs_matched_no_ad,delta_power_db_uv2,exploratory,7.599565657409696
lab_subject_15,any_ad_vs_matched_no_ad,delta_power_db_uv2,exploratory,5.792724602074474
lab_subject_16,any_ad_vs_matched_no_ad,delta_power_db_uv2,exploratory,0.6957295567513739
lab_subject_17,any_ad_vs_matched_no_ad,delta_power_db_uv2,exploratory,-0.7723710820802698
lab_subject_18,any_ad_vs_matched_no_ad,delta_power_db_uv2,exploratory,-4.981874786871206
lab_subject_19,any_ad_vs_matched_no_ad,delta_power_db_uv2,exploratory,1.6555953030457093
lab_subject_2,any_ad_vs_matched_no_ad,delta_power_db_uv2,exploratory,-5.689749765567359
lab_subject_3,any_ad_vs_matched_no_ad,delta_power_db_uv2,exploratory,11.646106127133027
lab_subject_5,any_ad_vs_matched_no_ad,delta_power_db_uv2,exploratory,-2.638816560820353
lab_subject_6,any_ad_vs_matched_no_ad,delta_power_db_uv2,exploratory,5.984187245817222
lab_subject_7,any_ad_vs_matched_no_ad,delta_power_db_uv2,exploratory,6.852506932080922
lab_subject_8,any_ad_vs_matched_no_ad,delta_power_db_uv2,exploratory,6.181768814225903
lab_subject_9,any_ad_vs_matched_no_ad,delta_power_db_uv2,exploratory,-5.754081951986676
lab_subject_1,inline_vs_block,delta_power_db_uv2,exploratory,-8.975618601826472
lab_subject_10,inline_vs_block,delta_power_db_uv2,exploratory,-8.933162614005937
lab_subject_11,inline_vs_block,delta_power_db_uv2,exploratory,-3.3437141392565826
lab_subject_12,inline_vs_block,delta_power_db_uv2,exploratory,-9.185129253573193
lab_subject_13,inline_vs_block,delta_power_db_uv2,exploratory,5.934258822066408
lab_subject_14,inline_vs_block,delta_power_db_uv2,exploratory,-5.303156160135728
lab_subject_15,inline_vs_block,delta_power_db_uv2,exploratory,-4.177313023973405
lab_subject_16,inline_vs_block,delta_power_db_uv2,exploratory,0.7062399747335188
lab_subject_17,inline_vs_block,delta_power_db_uv2,exploratory,-3.364066308439747
lab_subject_18,inline_vs_block,delta_power_db_uv2,exploratory,-2.3901989751914554
lab_subject_19,inline_vs_block,delta_power_db_uv2,exploratory,-11.72882566269529
lab_subject_2,inline_vs_block,delta_power_db_uv2,exploratory,10.542022403454615
lab_subject_3,inline_vs_block,delta_power_db_uv2,exploratory,0.2594202382498576
lab_subject_5,inline_vs_block,delta_power_db_uv2,exploratory,1.7785708118338457
lab_subject_6,inline_vs_block,delta_power_db_uv2,exploratory,-8.821449684795258
lab_subject_7,inline_vs_block,delta_power_db_uv2,exploratory,0.21374548804644133
lab_subject_8,inline_vs_block,delta_power_db_uv2,exploratory,1.1780658535966921
lab_subject_9,inline_vs_block,delta_power_db_uv2,exploratory,-5.582724743840183
lab_subject_1,early_vs_late,delta_power_db_uv2,exploratory,2.9003617932816814
lab_subject_10,early_vs_late,delta_power_db_uv2,exploratory,0.6825854704147618
lab_subject_11,early_vs_late,delta_power_db_uv2,exploratory,-12.99287587835747
lab_subject_12,early_vs_late,delta_power_db_uv2,exploratory,2.0888539777879203
lab_subject_13,early_vs_late,delta_power_db_uv2,exploratory,-8.843080073413223
lab_subject_14,early_vs_late,delta_power_db_uv2,exploratory,-3.139364612438138
lab_subject_15,early_vs_late,delta_power_db_uv2,exploratory,-9.930965417696925
lab_subject_16,early_vs_late,delta_power_db_uv2,exploratory,3.7122238498206155
lab_subject_17,early_vs_late,delta_power_db_uv2,exploratory,6.565128392279136
lab_subject_18,early_vs_late,delta_power_db_uv2,exploratory,-4.724565017528435
lab_subject_19,early_vs_late,delta_power_db_uv2,exploratory,6.706983321867788
lab_subject_2,early_vs_late,delta_power_db_uv2,exploratory,7.1820697467750545
lab_subject_3,early_vs_late,delta_power_db_uv2,exploratory,-2.1613050245166487
lab_subject_5,early_vs_late,delta_power_db_uv2,exploratory,10.102946887114403
lab_subject_6,early_vs_late,delta_power_db_uv2,exploratory,4.64419581024668
lab_subject_7,early_vs_late,delta_power_db_uv2,exploratory,1.2653961248290941
lab_subject_8,early_vs_late,delta_power_db_uv2,exploratory,-4.259705872770631
lab_subject_9,early_vs_late,delta_power_db_uv2,exploratory,13.787796735426562
lab_subject_1,format_x_timing,delta_power_db_uv2,exploratory,-2.322528796171609
lab_subject_10,format_x_timing,delta_power_db_uv2,exploratory,-6.365430229075008
lab_subject_11,format_x_timing,delta_power_db_uv2,exploratory,2.960912636125416
lab_subject_12,format_x_timing,delta_power_db_uv2,exploratory,-20.774104266197146
lab_subject_13,format_x_timing,delta_power_db_uv2,exploratory,26.0310018337152
lab_subject_14,format_x_timing,delta_power_db_uv2,exploratory,2.870795233943877
lab_subject_15,format_x_timing,delta_power_db_uv2,exploratory,-23.829347150693565
lab_subject_16,format_x_timing,delta_power_db_uv2,exploratory,0.9688668801834837
lab_subject_17,format_x_timing,delta_power_db_uv2,exploratory,1.1671317650919963
lab_subject_18,format_x_timing,delta_power_db_uv2,exploratory,10.287503883683277
lab_subject_19,format_x_timing,delta_power_db_uv2,exploratory,8.23163034989288
lab_subject_2,format_x_timing,delta_power_db_uv2,exploratory,-6.4023421026956235
lab_subject_3,format_x_timing,delta_power_db_uv2,exploratory,7.225722571736799
lab_subject_5,format_x_timing,delta_power_db_uv2,exploratory,-11.196017088618047
lab_subject_6,format_x_timing,delta_power_db_uv2,exploratory,5.267989893692036
lab_subject_7,format_x_timing,delta_power_db_uv2,exploratory,-16.155516234415497
lab_subject_8,format_x_timing,delta_power_db_uv2,exploratory,-12.09627736987106
lab_subject_9,format_x_timing,delta_power_db_uv2,exploratory,-0.887997285050691
lab_subject_1,inline_early_vs_no_ad_early,gamma_power_db_uv2,exploratory,1.2624769348519083
lab_subject_10,inline_early_vs_no_ad_early,gamma_power_db_uv2,exploratory,3.7390047682189866
lab_subject_11,inline_early_vs_no_ad_early,gamma_power_db_uv2,exploratory,-1.1206369570225234
lab_subject_12,inline_early_vs_no_ad_early,gamma_power_db_uv2,exploratory,2.249547346629437
lab_subject_13,inline_early_vs_no_ad_early,gamma_power_db_uv2,exploratory,-5.534889709715754
lab_subject_14,inline_early_vs_no_ad_early,gamma_power_db_uv2,exploratory,-2.0120080879491393
lab_subject_15,inline_early_vs_no_ad_early,gamma_power_db_uv2,exploratory,7.1830279857249115
lab_subject_16,inline_early_vs_no_ad_early,gamma_power_db_uv2,exploratory,-2.2901166973829685
lab_subject_17,inline_early_vs_no_ad_early,gamma_power_db_uv2,exploratory,1.61544623705541
lab_subject_18,inline_early_vs_no_ad_early,gamma_power_db_uv2,exploratory,1.155374073234262
lab_subject_19,inline_early_vs_no_ad_early,gamma_power_db_uv2,exploratory,5.768916322627405
lab_subject_2,inline_early_vs_no_ad_early,gamma_power_db_uv2,exploratory,1.0816956290544875
lab_subject_3,inline_early_vs_no_ad_early,gamma_power_db_uv2,exploratory,-1.1517413073750113
lab_subject_5,inline_early_vs_no_ad_early,gamma_power_db_uv2,exploratory,0.11040806865688158
lab_subject_6,inline_early_vs_no_ad_early,gamma_power_db_uv2,exploratory,3.6987445686286566
lab_subject_7,inline_early_vs_no_ad_early,gamma_power_db_uv2,exploratory,-7.992122883197473
lab_subject_8,inline_early_vs_no_ad_early,gamma_power_db_uv2,exploratory,-4.6335331456898015
lab_subject_9,inline_early_vs_no_ad_early,gamma_power_db_uv2,exploratory,0.8092782384573081
lab_subject_1,block_early_vs_no_ad_early,gamma_power_db_uv2,exploratory,0.6102864611039109
lab_subject_10,block_early_vs_no_ad_early,gamma_power_db_uv2,exploratory,7.160500305311518
lab_subject_11,block_early_vs_no_ad_early,gamma_power_db_uv2,exploratory,-0.04274146078327312
lab_subject_12,block_early_vs_no_ad_early,gamma_power_db_uv2,exploratory,2.7465950321557306
lab_subject_13,block_early_vs_no_ad_early,gamma_power_db_uv2,exploratory,-8.076242114629279
lab_subject_14,block_early_vs_no_ad_early,gamma_power_db_uv2,exploratory,1.4018646971017983
lab_subject_15,block_early_vs_no_ad_early,gamma_power_db_uv2,exploratory,-2.2519351824138245
lab_subject_16,block_early_vs_no_ad_early,gamma_power_db_uv2,exploratory,-1.0697340497523253
lab_subject_17,block_early_vs_no_ad_early,gamma_power_db_uv2,exploratory,0.7920251187307965
lab_subject_18,block_early_vs_no_ad_early,gamma_power_db_uv2,exploratory,-0.4581541470520163
lab_subject_19,block_early_vs_no_ad_early,gamma_power_db_uv2,exploratory,0.2365786192392838
lab_subject_2,block_early_vs_no_ad_early,gamma_power_db_uv2,exploratory,3.657074538603257
lab_subject_3,block_early_vs_no_ad_early,gamma_power_db_uv2,exploratory,-1.5587824858604162
lab_subject_5,block_early_vs_no_ad_early,gamma_power_db_uv2,exploratory,0.2192161420738481
lab_subject_6,block_early_vs_no_ad_early,gamma_power_db_uv2,exploratory,2.972421953810697
lab_subject_7,block_early_vs_no_ad_early,gamma_power_db_uv2,exploratory,-7.446070999362657
lab_subject_8,block_early_vs_no_ad_early,gamma_power_db_uv2,exploratory,1.1995309059254566
lab_subject_9,block_early_vs_no_ad_early,gamma_power_db_uv2,exploratory,0.3601594356790141
lab_subject_1,inline_late_vs_no_ad_late,gamma_power_db_uv2,exploratory,-10.115218232912833
lab_subject_10,inline_late_vs_no_ad_late,gamma_power_db_uv2,exploratory,-7.665464869910944
lab_subject_11,inline_late_vs_no_ad_late,gamma_power_db_uv2,exploratory,0.0390079872578305
lab_subject_12,inline_late_vs_no_ad_late,gamma_power_db_uv2,exploratory,1.4221674715032195
lab_subject_13,inline_late_vs_no_ad_late,gamma_power_db_uv2,exploratory,3.570782404804434
lab_subject_14,inline_late_vs_no_ad_late,gamma_power_db_uv2,exploratory,0.17322612204064392
lab_subject_15,inline_late_vs_no_ad_late,gamma_power_db_uv2,exploratory,-0.5458551349649761
lab_subject_16,inline_late_vs_no_ad_late,gamma_power_db_uv2,exploratory,-2.804272664307174
lab_subject_17,inline_late_vs_no_ad_late,gamma_power_db_uv2,exploratory,1.429479508203742
lab_subject_18,inline_late_vs_no_ad_late,gamma_power_db_uv2,exploratory,-1.6042834283177205
lab_subject_19,inline_late_vs_no_ad_late,gamma_power_db_uv2,exploratory,0.2008770469249097
lab_subject_2,inline_late_vs_no_ad_late,gamma_power_db_uv2,exploratory,0.331837946319367
lab_subject_3,inline_late_vs_no_ad_late,gamma_power_db_uv2,exploratory,-1.20676440245561
lab_subject_5,inline_late_vs_no_ad_late,gamma_power_db_uv2,exploratory,1.2158107979766823
lab_subject_6,inline_late_vs_no_ad_late,gamma_power_db_uv2,exploratory,1.9578980042767775
lab_subject_7,inline_late_vs_no_ad_late,gamma_power_db_uv2,exploratory,-0.2486582601398779
lab_subject_8,inline_late_vs_no_ad_late,gamma_power_db_uv2,exploratory,-0.39809479251178415
lab_subject_9,inline_late_vs_no_ad_late,gamma_power_db_uv2,exploratory,-0.5443127884486243
lab_subject_1,block_late_vs_no_ad_late,gamma_power_db_uv2,exploratory,-0.2893479765989606
lab_subject_10,block_late_vs_no_ad_late,gamma_power_db_uv2,exploratory,0.10527143028555996
lab_subject_11,block_late_vs_no_ad_late,gamma_power_db_uv2,exploratory,-0.14141765149710184
lab_subject_12,block_late_vs_no_ad_late,gamma_power_db_uv2,exploratory,1.1761997955892252
lab_subject_13,block_late_vs_no_ad_late,gamma_power_db_uv2,exploratory,4.080967960210454
lab_subject_14,block_late_vs_no_ad_late,gamma_power_db_uv2,exploratory,1.8927304597513563
lab_subject_15,block_late_vs_no_ad_late,gamma_power_db_uv2,exploratory,-1.0901316662105363
lab_subject_16,block_late_vs_no_ad_late,gamma_power_db_uv2,exploratory,-3.0983729973439003
lab_subject_17,block_late_vs_no_ad_late,gamma_power_db_uv2,exploratory,1.031108819328784
lab_subject_18,block_late_vs_no_ad_late,gamma_power_db_uv2,exploratory,-5.258680932927944
lab_subject_19,block_late_vs_no_ad_late,gamma_power_db_uv2,exploratory,1.2021111650707585
lab_subject_2,block_late_vs_no_ad_late,gamma_power_db_uv2,exploratory,-0.3230239075385182
lab_subject_3,block_late_vs_no_ad_late,gamma_power_db_uv2,exploratory,-1.484767432166278
lab_subject_5,block_late_vs_no_ad_late,gamma_power_db_uv2,exploratory,1.5935998419698043
lab_subject_6,block_late_vs_no_ad_late,gamma_power_db_uv2,exploratory,1.8173457236112585
lab_subject_7,block_late_vs_no_ad_late,gamma_power_db_uv2,exploratory,-1.036227940711461
lab_subject_8,block_late_vs_no_ad_late,gamma_power_db_uv2,exploratory,-1.1151890779919325
lab_subject_9,block_late_vs_no_ad_late,gamma_power_db_uv2,exploratory,-1.0790143940651218
lab_subject_1,any_ad_vs_matched_no_ad,gamma_power_db_uv2,exploratory,-2.1329507033889934
lab_subject_10,any_ad_vs_matched_no_ad,gamma_power_db_uv2,exploratory,0.8348279084762802
lab_subject_11,any_ad_vs_matched_no_ad,gamma_power_db_uv2,exploratory,-0.31644702051126694
lab_subject_12,any_ad_vs_matched_no_ad,gamma_power_db_uv2,exploratory,1.898627411469403
lab_subject_13,any_ad_vs_matched_no_ad,gamma_power_db_uv2,exploratory,-1.4898453648325363
lab_subject_14,any_ad_vs_matched_no_ad,gamma_power_db_uv2,exploratory,0.3639532977361648
lab_subject_15,any_ad_vs_matched_no_ad,gamma_power_db_uv2,exploratory,0.8237765005338933
lab_subject_16,any_ad_vs_matched_no_ad,gamma_power_db_uv2,exploratory,-2.315624102196592
lab_subject_17,any_ad_vs_matched_no_ad,gamma_power_db_uv2,exploratory,1.217014920829683
lab_subject_18,any_ad_vs_matched_no_ad,gamma_power_db_uv2,exploratory,-1.5414361087658544
lab_subject_19,any_ad_vs_matched_no_ad,gamma_power_db_uv2,exploratory,1.852120788465589
lab_subject_2,any_ad_vs_matched_no_ad,gamma_power_db_uv2,exploratory,1.1868960516096483
lab_subject_3,any_ad_vs_matched_no_ad,gamma_power_db_uv2,exploratory,-1.3505139069643288
lab_subject_5,any_ad_vs_matched_no_ad,gamma_power_db_uv2,exploratory,0.7847587126693041
lab_subject_6,any_ad_vs_matched_no_ad,gamma_power_db_uv2,exploratory,2.6116025625818473
lab_subject_7,any_ad_vs_matched_no_ad,gamma_power_db_uv2,exploratory,-4.180770020852867
lab_subject_8,any_ad_vs_matched_no_ad,gamma_power_db_uv2,exploratory,-1.2368215275670154
lab_subject_9,any_ad_vs_matched_no_ad,gamma_power_db_uv2,exploratory,-0.11347237709435598
lab_subject_1,inline_vs_block,gamma_power_db_uv2,exploratory,-4.586839891282937
lab_subject_10,inline_vs_block,gamma_power_db_uv2,exploratory,-5.596115918644518
lab_subject_11,inline_vs_block,gamma_power_db_uv2,exploratory,-0.448734928742159
lab_subject_12,inline_vs_block,gamma_power_db_uv2,exploratory,-0.1255400048061499
lab_subject_13,inline_vs_block,gamma_power_db_uv2,exploratory,1.015583424753752
lab_subject_14,inline_vs_block,gamma_power_db_uv2,exploratory,-2.566688561380825
lab_subject_15,inline_vs_block,gamma_power_db_uv2,exploratory,4.989619849692148
lab_subject_16,inline_vs_block,gamma_power_db_uv2,exploratory,-0.4631411572969584
lab_subject_17,inline_vs_block,gamma_power_db_uv2,exploratory,0.6108959035997856
lab_subject_18,inline_vs_block,gamma_power_db_uv2,exploratory,2.6339628624482505
lab_subject_19,inline_vs_block,gamma_power_db_uv2,exploratory,2.265551792621136
lab_subject_2,inline_vs_block,gamma_power_db_uv2,exploratory,-0.9602585278454421
lab_subject_3,inline_vs_block,gamma_power_db_uv2,exploratory,0.3425221040980365
lab_subject_5,inline_vs_block,gamma_power_db_uv2,exploratory,-0.24329855870504424
lab_subject_6,inline_vs_block,gamma_power_db_uv2,exploratory,0.4334374477417393
lab_subject_7,inline_vs_block,gamma_power_db_uv2,exploratory,0.12075889836838383
lab_subject_8,inline_vs_block,gamma_power_db_uv2,exploratory,-2.5579848830675553
lab_subject_9,inline_vs_block,gamma_power_db_uv2,exploratory,0.49191020419739573
lab_subject_1,early_vs_late,gamma_power_db_uv2,exploratory,5.702598259103574
lab_subject_10,early_vs_late,gamma_power_db_uv2,exploratory,2.220965361828678
lab_subject_11,early_vs_late,gamma_power_db_uv2,exploratory,-2.0990551589334334
lab_subject_12,early_vs_late,gamma_power_db_uv2,exploratory,1.0609611296861727
lab_subject_13,early_vs_late,gamma_power_db_uv2,exploratory,2.0292882148142692
lab_subject_14,early_vs_late,gamma_power_db_uv2,exploratory,1.3290847139315232
lab_subject_15,early_vs_late,gamma_power_db_uv2,exploratory,1.905424890767828
lab_subject_16,early_vs_late,gamma_power_db_uv2,exploratory,-0.3017826078030832
lab_subject_17,early_vs_late,gamma_power_db_uv2,exploratory,-0.758355465757403
lab_subject_18,early_vs_late,gamma_power_db_uv2,exploratory,-2.1782867006509155
lab_subject_19,early_vs_late,gamma_power_db_uv2,exploratory,2.6099686680463616
lab_subject_2,early_vs_late,gamma_power_db_uv2,exploratory,1.2759546083461024
lab_subject_3,early_vs_late,gamma_power_db_uv2,exploratory,0.6635829259987854
lab_subject_5,early_vs_late,gamma_power_db_uv2,exploratory,0.15953004272787963
lab_subject_6,early_vs_late,gamma_power_db_uv2,exploratory,0.3777506875306791
lab_subject_7,early_vs_late,gamma_power_db_uv2,exploratory,-0.6511909256515527
lab_subject_8,early_vs_late,gamma_power_db_uv2,exploratory,-1.0880027641850207
lab_subject_9,early_vs_late,gamma_power_db_uv2,exploratory,0.4966802793059468
lab_subject_1,format_x_timing,gamma_power_db_uv2,exploratory,10.47806073006187
lab_subject_10,format_x_timing,gamma_power_db_uv2,exploratory,4.349240763103973
lab_subject_11,format_x_timing,gamma_power_db_uv2,exploratory,-1.2583211349941825
lab_subject_12,format_x_timing,gamma_power_db_uv2,exploratory,-0.7430153614402886
lab_subject_13,format_x_timing,gamma_power_db_uv2,exploratory,3.051537960319544
lab_subject_14,format_x_timing,gamma_power_db_uv2,exploratory,-1.6943684473402252
lab_subject_15,format_x_timing,gamma_power_db_uv2,exploratory,8.890686636893175
lab_subject_16,format_x_timing,gamma_power_db_uv2,exploratory,-1.5144829806673696
lab_subject_17,format_x_timing,gamma_power_db_uv2,exploratory,0.42505042944965554
lab_subject_18,format_x_timing,gamma_power_db_uv2,exploratory,-2.040869284323945
lab_subject_19,format_x_timing,gamma_power_db_uv2,exploratory,6.533571821533969
lab_subject_2,format_x_timing,gamma_power_db_uv2,exploratory,-3.2302407634066546
lab_subject_3,format_x_timing,gamma_power_db_uv2,exploratory,0.12903814877473674
lab_subject_5,format_x_timing,gamma_power_db_uv2,exploratory,0.26898097057615544
lab_subject_6,format_x_timing,gamma_power_db_uv2,exploratory,0.5857703341524405
lab_subject_7,format_x_timing,gamma_power_db_uv2,exploratory,-1.3336215644063985
lab_subject_8,format_x_timing,gamma_power_db_uv2,exploratory,-6.550158337095407
lab_subject_9,format_x_timing,gamma_power_db_uv2,exploratory,-0.08558280283820352
lab_subject_1,inline_early_vs_no_ad_early,delta_relative_power,exploratory,-0.7275129943350832
lab_subject_10,inline_early_vs_no_ad_early,delta_relative_power,exploratory,-0.39412684369095885
lab_subject_11,inline_early_vs_no_ad_early,delta_relative_power,exploratory,0.25392171772052896
lab_subject_12,inline_early_vs_no_ad_early,delta_relative_power,exploratory,-0.4181025660943296
lab_subject_13,inline_early_vs_no_ad_early,delta_relative_power,exploratory,-0.020849524763282723
lab_subject_14,inline_early_vs_no_ad_early,delta_relative_power,exploratory,0.07041003819062397
lab_subject_15,inline_early_vs_no_ad_early,delta_relative_power,exploratory,-0.33008807861047484
lab_subject_16,inline_early_vs_no_ad_early,delta_relative_power,exploratory,0.40039995683373264
lab_subject_17,inline_early_vs_no_ad_early,delta_relative_power,exploratory,0.03270906177936783
lab_subject_18,inline_early_vs_no_ad_early,delta_relative_power,exploratory,-0.35387546064489694
lab_subject_19,inline_early_vs_no_ad_early,delta_relative_power,exploratory,-0.2341868668992932
lab_subject_2,inline_early_vs_no_ad_early,delta_relative_power,exploratory,0.06845868286792678
lab_subject_3,inline_early_vs_no_ad_early,delta_relative_power,exploratory,0.5875696832477149
lab_subject_5,inline_early_vs_no_ad_early,delta_relative_power,exploratory,-0.06135291980214708
lab_subject_6,inline_early_vs_no_ad_early,delta_relative_power,exploratory,-0.14269847777177264
lab_subject_7,inline_early_vs_no_ad_early,delta_relative_power,exploratory,0.08947862081463204
lab_subject_8,inline_early_vs_no_ad_early,delta_relative_power,exploratory,-0.05951544942088849
lab_subject_9,inline_early_vs_no_ad_early,delta_relative_power,exploratory,-0.22739041401064475
lab_subject_1,block_early_vs_no_ad_early,delta_relative_power,exploratory,-0.1720760605643175
lab_subject_10,block_early_vs_no_ad_early,delta_relative_power,exploratory,0.12171553237560834
lab_subject_11,block_early_vs_no_ad_early,delta_relative_power,exploratory,0.36034238443996003
lab_subject_12,block_early_vs_no_ad_early,delta_relative_power,exploratory,-0.06305559992551502
lab_subject_13,block_early_vs_no_ad_early,delta_relative_power,exploratory,-0.14654443905053793
lab_subject_14,block_early_vs_no_ad_early,delta_relative_power,exploratory,0.016695625334039677
lab_subject_15,block_early_vs_no_ad_early,delta_relative_power,exploratory,0.19307460289504996
lab_subject_16,block_early_vs_no_ad_early,delta_relative_power,exploratory,0.25741728848168544
lab_subject_17,block_early_vs_no_ad_early,delta_relative_power,exploratory,0.1917820898594897
lab_subject_18,block_early_vs_no_ad_early,delta_relative_power,exploratory,-0.34734926097901186
lab_subject_19,block_early_vs_no_ad_early,delta_relative_power,exploratory,0.03477289014141233
lab_subject_2,block_early_vs_no_ad_early,delta_relative_power,exploratory,-0.1251901320987412
lab_subject_3,block_early_vs_no_ad_early,delta_relative_power,exploratory,0.3372190113442144
lab_subject_5,block_early_vs_no_ad_early,delta_relative_power,exploratory,0.17110486522781487
lab_subject_6,block_early_vs_no_ad_early,delta_relative_power,exploratory,0.22311798706981417
lab_subject_7,block_early_vs_no_ad_early,delta_relative_power,exploratory,0.4699517763709495
lab_subject_8,block_early_vs_no_ad_early,delta_relative_power,exploratory,0.13909246583229268
lab_subject_9,block_early_vs_no_ad_early,delta_relative_power,exploratory,-0.1809050175262299
lab_subject_1,inline_late_vs_no_ad_late,delta_relative_power,exploratory,0.0413507242746427
lab_subject_10,inline_late_vs_no_ad_late,delta_relative_power,exploratory,0.1515184758079411
lab_subject_11,inline_late_vs_no_ad_late,delta_relative_power,exploratory,-0.06189053285431967
lab_subject_12,inline_late_vs_no_ad_late,delta_relative_power,exploratory,-0.08240473504009638
lab_subject_13,inline_late_vs_no_ad_late,delta_relative_power,exploratory,0.0019264567237796126
lab_subject_14,inline_late_vs_no_ad_late,delta_relative_power,exploratory,0.4084302678261829
lab_subject_15,inline_late_vs_no_ad_late,delta_relative_power,exploratory,0.1352170875725256
lab_subject_16,inline_late_vs_no_ad_late,delta_relative_power,exploratory,0.03957257062568048
lab_subject_17,inline_late_vs_no_ad_late,delta_relative_power,exploratory,-0.2573613024572461
lab_subject_18,inline_late_vs_no_ad_late,delta_relative_power,exploratory,-0.2972199896360318
lab_subject_19,inline_late_vs_no_ad_late,delta_relative_power,exploratory,-0.13274295738894537
lab_subject_2,inline_late_vs_no_ad_late,delta_relative_power,exploratory,0.007669572211927322
lab_subject_3,inline_late_vs_no_ad_late,delta_relative_power,exploratory,0.5384588396183936
lab_subject_5,inline_late_vs_no_ad_late,delta_relative_power,exploratory,-0.26440610169841383
lab_subject_6,inline_late_vs_no_ad_late,delta_relative_power,exploratory,0.1470837863762579
lab_subject_7,inline_late_vs_no_ad_late,delta_relative_power,exploratory,0.6117547779274737
lab_subject_8,inline_late_vs_no_ad_late,delta_relative_power,exploratory,0.8431623795254175
lab_subject_9,inline_late_vs_no_ad_late,delta_relative_power,exploratory,-0.3873571823677183
lab_subject_1,block_late_vs_no_ad_late,delta_relative_power,exploratory,0.15164013963722167
lab_subject_10,block_late_vs_no_ad_late,delta_relative_power,exploratory,0.3468009833878185
lab_subject_11,block_late_vs_no_ad_late,delta_relative_power,exploratory,0.19929648550659373
lab_subject_12,block_late_vs_no_ad_late,delta_relative_power,exploratory,-0.03543508571013754
lab_subject_13,block_late_vs_no_ad_late,delta_relative_power,exploratory,-0.2174184985606037
lab_subject_14,block_late_vs_no_ad_late,delta_relative_power,exploratory,0.652123206851252
lab_subject_15,block_late_vs_no_ad_late,delta_relative_power,exploratory,0.20426334850897643
lab_subject_16,block_late_vs_no_ad_late,delta_relative_power,exploratory,-0.019083640244980216
lab_subject_17,block_late_vs_no_ad_late,delta_relative_power,exploratory,-0.16230986193840946
lab_subject_18,block_late_vs_no_ad_late,delta_relative_power,exploratory,0.09468961752602495
lab_subject_19,block_late_vs_no_ad_late,delta_relative_power,exploratory,0.4562497074962198
lab_subject_2,block_late_vs_no_ad_late,delta_relative_power,exploratory,-0.5433083989842857
lab_subject_3,block_late_vs_no_ad_late,delta_relative_power,exploratory,0.5887135960050023
lab_subject_5,block_late_vs_no_ad_late,delta_relative_power,exploratory,-0.2013354902591481
lab_subject_6,block_late_vs_no_ad_late,delta_relative_power,exploratory,0.4393216999956522
lab_subject_7,block_late_vs_no_ad_late,delta_relative_power,exploratory,0.22461131197559203
lab_subject_8,block_late_vs_no_ad_late,delta_relative_power,exploratory,0.5037453340248632
lab_subject_9,block_late_vs_no_ad_late,delta_relative_power,exploratory,-0.2511580215793249
lab_subject_1,any_ad_vs_matched_no_ad,delta_relative_power,exploratory,-0.17664954774688407
lab_subject_10,any_ad_vs_matched_no_ad,delta_relative_power,exploratory,0.05647703697010227
lab_subject_11,any_ad_vs_matched_no_ad,delta_relative_power,exploratory,0.18791751370319076
lab_subject_12,any_ad_vs_matched_no_ad,delta_relative_power,exploratory,-0.14974949669251963
lab_subject_13,any_ad_vs_matched_no_ad,delta_relative_power,exploratory,-0.09572150141266118
lab_subject_14,any_ad_vs_matched_no_ad,delta_relative_power,exploratory,0.28691478455052466
lab_subject_15,any_ad_vs_matched_no_ad,delta_relative_power,exploratory,0.050616740091519286
lab_subject_16,any_ad_vs_matched_no_ad,delta_relative_power,exploratory,0.1695765439240296
lab_subject_17,any_ad_vs_matched_no_ad,delta_relative_power,exploratory,-0.04879500318919951
lab_subject_18,any_ad_vs_matched_no_ad,delta_relative_power,exploratory,-0.2259387734334789
lab_subject_19,any_ad_vs_matched_no_ad,delta_relative_power,exploratory,0.03102319333734839
lab_subject_2,any_ad_vs_matched_no_ad,delta_relative_power,exploratory,-0.1480925690007932
lab_subject_3,any_ad_vs_matched_no_ad,delta_relative_power,exploratory,0.5129902825538313
lab_subject_5,any_ad_vs_matched_no_ad,delta_relative_power,exploratory,-0.08899741163297353
lab_subject_6,any_ad_vs_matched_no_ad,delta_relative_power,exploratory,0.16670624891748792
lab_subject_7,any_ad_vs_matched_no_ad,delta_relative_power,exploratory,0.3489491217721618
lab_subject_8,any_ad_vs_matched_no_ad,delta_relative_power,exploratory,0.35662118249042124
lab_subject_9,any_ad_vs_matched_no_ad,delta_relative_power,exploratory,-0.26170265887097943
lab_subject_1,inline_vs_block,delta_relative_power,exploratory,-0.33286317456667236
lab_subject_10,inline_vs_block,delta_relative_power,exploratory,-0.3555624418232223
lab_subject_11,inline_vs_block,delta_relative_power,exploratory,-0.18380384254017224
lab_subject_12,inline_vs_block,delta_relative_power,exploratory,-0.20100830774938672
lab_subject_13,inline_vs_block,delta_relative_power,exploratory,0.17251993478581926
lab_subject_14,inline_vs_block,delta_relative_power,exploratory,-0.09498926308424241
lab_subject_15,inline_vs_block,delta_relative_power,exploratory,-0.2961044712209878
lab_subject_16,inline_vs_block,delta_relative_power,exploratory,0.10081943961135395
lab_subject_17,inline_vs_block,delta_relative_power,exploratory,-0.12706223429947924
lab_subject_18,inline_vs_block,delta_relative_power,exploratory,-0.19921790341397091
lab_subject_19,inline_vs_block,delta_relative_power,exploratory,-0.42897621096293537
lab_subject_2,inline_vs_block,delta_relative_power,exploratory,0.3723133930814405
lab_subject_3,inline_vs_block,delta_relative_power,exploratory,0.10004795775844588
lab_subject_5,inline_vs_block,delta_relative_power,exploratory,-0.14776419823461384
lab_subject_6,inline_vs_block,delta_relative_power,exploratory,-0.32902718923049057
lab_subject_7,inline_vs_block,delta_relative_power,exploratory,0.0033351551977821303
lab_subject_8,inline_vs_block,delta_relative_power,exploratory,0.07040456512368656
lab_subject_9,inline_vs_block,delta_relative_power,exploratory,-0.09134227863640415
lab_subject_1,early_vs_late,delta_relative_power,exploratory,-0.0443215292618471
lab_subject_10,early_vs_late,delta_relative_power,exploratory,-0.043102338943674184
lab_subject_11,early_vs_late,delta_relative_power,exploratory,-0.3344927055952449
lab_subject_12,early_vs_late,delta_relative_power,exploratory,0.018716378292333857
lab_subject_13,early_vs_late,delta_relative_power,exploratory,-0.274351965864288
lab_subject_14,early_vs_late,delta_relative_power,exploratory,-0.10176812986649639
lab_subject_15,early_vs_late,delta_relative_power,exploratory,-0.30996821651390005
lab_subject_16,early_vs_late,delta_relative_power,exploratory,0.18067507825774545
lab_subject_17,early_vs_late,delta_relative_power,exploratory,0.11678109564341219
lab_subject_18,early_vs_late,delta_relative_power,exploratory,-0.11315211565739111
lab_subject_19,early_vs_late,delta_relative_power,exploratory,0.24332801804454787
lab_subject_2,early_vs_late,delta_relative_power,exploratory,0.20267986582327444
lab_subject_3,early_vs_late,delta_relative_power,exploratory,-0.04424300408320969
lab_subject_5,early_vs_late,delta_relative_power,exploratory,0.24257671015954474
lab_subject_6,early_vs_late,delta_relative_power,exploratory,0.04033031202122214
lab_subject_7,early_vs_late,delta_relative_power,exploratory,0.04469240159469126
lab_subject_8,early_vs_late,delta_relative_power,exploratory,-0.2605561779805483
lab_subject_9,early_vs_late,delta_relative_power,exploratory,0.41474558331210537
lab_subject_1,format_x_timing,delta_relative_power,exploratory,-0.4451475184081867
lab_subject_10,format_x_timing,delta_relative_power,exploratory,-0.32055986848668977
lab_subject_11,format_x_timing,delta_relative_power,exploratory,0.15476635164148234
lab_subject_12,format_x_timing,delta_relative_power,exploratory,-0.30807731683885575
lab_subject_13,format_x_timing,delta_relative_power,exploratory,-0.09365004099712809
lab_subject_14,format_x_timing,delta_relative_power,exploratory,0.2974073518816534
lab_subject_15,format_x_timing,delta_relative_power,exploratory,-0.454116420569074
lab_subject_16,format_x_timing,delta_relative_power,exploratory,0.08432645748138651
lab_subject_17,format_x_timing,delta_relative_power,exploratory,-0.06402158756128523
lab_subject_18,format_x_timing,delta_relative_power,exploratory,0.38538340749617167
lab_subject_19,format_x_timing,delta_relative_power,exploratory,0.32003290784445965
lab_subject_2,format_x_timing,delta_relative_power,exploratory,-0.35732915622954503
lab_subject_3,format_x_timing,delta_relative_power,exploratory,0.3006054282901093
lab_subject_5,format_x_timing,delta_relative_power,exploratory,-0.16938717359069622
lab_subject_6,format_x_timing,delta_relative_power,exploratory,-0.07357855122219253
lab_subject_7,format_x_timing,delta_relative_power,exploratory,-0.7676166215081992
lab_subject_8,format_x_timing,delta_relative_power,exploratory,-0.5380249607537355
lab_subject_9,format_x_timing,delta_relative_power,exploratory,0.0897137643039786
lab_subject_1,inline_early_vs_no_ad_early,theta_relative_power,exploratory,0.1038435570478169
lab_subject_10,inline_early_vs_no_ad_early,theta_relative_power,exploratory,0.2669345859808119
lab_subject_11,inline_early_vs_no_ad_early,theta_relative_power,exploratory,-0.17546882463357916
lab_subject_12,inline_early_vs_no_ad_early,theta_relative_power,exploratory,-0.18837599012685668
lab_subject_13,inline_early_vs_no_ad_early,theta_relative_power,exploratory,0.21393665377826981
lab_subject_14,inline_early_vs_no_ad_early,theta_relative_power,exploratory,-0.0023452178617350584
lab_subject_15,inline_early_vs_no_ad_early,theta_relative_power,exploratory,-0.010398223459394375
lab_subject_16,inline_early_vs_no_ad_early,theta_relative_power,exploratory,-0.048792673234180996
lab_subject_17,inline_early_vs_no_ad_early,theta_relative_power,exploratory,-0.05563268023286408
lab_subject_18,inline_early_vs_no_ad_early,theta_relative_power,exploratory,0.05768129168091285
lab_subject_19,inline_early_vs_no_ad_early,theta_relative_power,exploratory,-0.011120557720196898
lab_subject_2,inline_early_vs_no_ad_early,theta_relative_power,exploratory,-0.026710426409937434
lab_subject_3,inline_early_vs_no_ad_early,theta_relative_power,exploratory,0.006238059334322581
lab_subject_5,inline_early_vs_no_ad_early,theta_relative_power,exploratory,0.07196229718999907
lab_subject_6,inline_early_vs_no_ad_early,theta_relative_power,exploratory,0.12936147241270207
lab_subject_7,inline_early_vs_no_ad_early,theta_relative_power,exploratory,0.056063385697752315
lab_subject_8,inline_early_vs_no_ad_early,theta_relative_power,exploratory,0.09223875677091839
lab_subject_9,inline_early_vs_no_ad_early,theta_relative_power,exploratory,0.07680676160841896
lab_subject_1,block_early_vs_no_ad_early,theta_relative_power,exploratory,-0.05440898468684725
lab_subject_10,block_early_vs_no_ad_early,theta_relative_power,exploratory,0.1737283125305338
lab_subject_11,block_early_vs_no_ad_early,theta_relative_power,exploratory,-0.20073938809041553
lab_subject_12,block_early_vs_no_ad_early,theta_relative_power,exploratory,-0.07660376473870813
lab_subject_13,block_early_vs_no_ad_early,theta_relative_power,exploratory,0.08589100800471323
lab_subject_14,block_early_vs_no_ad_early,theta_relative_power,exploratory,-0.006774340402433285
lab_subject_15,block_early_vs_no_ad_early,theta_relative_power,exploratory,-0.05737235884777367
lab_subject_16,block_early_vs_no_ad_early,theta_relative_power,exploratory,-0.008734563801615046
lab_subject_17,block_early_vs_no_ad_early,theta_relative_power,exploratory,-0.055356411401934424
lab_subject_18,block_early_vs_no_ad_early,theta_relative_power,exploratory,0.07600697798112982
lab_subject_19,block_early_vs_no_ad_early,theta_relative_power,exploratory,0.0032795437835038826
lab_subject_2,block_early_vs_no_ad_early,theta_relative_power,exploratory,-0.07027849188678996
lab_subject_3,block_early_vs_no_ad_early,theta_relative_power,exploratory,-0.050064186408891535
lab_subject_5,block_early_vs_no_ad_early,theta_relative_power,exploratory,-0.02197789499469166
lab_subject_6,block_early_vs_no_ad_early,theta_relative_power,exploratory,0.08402432611150505
lab_subject_7,block_early_vs_no_ad_early,theta_relative_power,exploratory,0.06924613865835375
lab_subject_8,block_early_vs_no_ad_early,theta_relative_power,exploratory,0.01354295411268222
lab_subject_9,block_early_vs_no_ad_early,theta_relative_power,exploratory,0.0857805072051547
lab_subject_1,inline_late_vs_no_ad_late,theta_relative_power,exploratory,0.08889686910295269
lab_subject_10,inline_late_vs_no_ad_late,theta_relative_power,exploratory,-0.0005056429654311245
lab_subject_11,inline_late_vs_no_ad_late,theta_relative_power,exploratory,-0.012085964354046408
lab_subject_12,inline_late_vs_no_ad_late,theta_relative_power,exploratory,-0.002570584501824999
lab_subject_13,inline_late_vs_no_ad_late,theta_relative_power,exploratory,-0.0625688153185737
lab_subject_14,inline_late_vs_no_ad_late,theta_relative_power,exploratory,-0.05492757954550295
lab_subject_15,inline_late_vs_no_ad_late,theta_relative_power,exploratory,0.004593366780449568
lab_subject_16,inline_late_vs_no_ad_late,theta_relative_power,exploratory,-0.12682014564952596
lab_subject_17,inline_late_vs_no_ad_late,theta_relative_power,exploratory,0.046831071478066935
lab_subject_18,inline_late_vs_no_ad_late,theta_relative_power,exploratory,0.19619443516936366
lab_subject_19,inline_late_vs_no_ad_late,theta_relative_power,exploratory,0.0952785869219682
lab_subject_2,inline_late_vs_no_ad_late,theta_relative_power,exploratory,-0.1201848755520773
lab_subject_3,inline_late_vs_no_ad_late,theta_relative_power,exploratory,0.0122239469723881
lab_subject_5,inline_late_vs_no_ad_late,theta_relative_power,exploratory,0.12763767690061326
lab_subject_6,inline_late_vs_no_ad_late,theta_relative_power,exploratory,-0.18359584423552366
lab_subject_7,inline_late_vs_no_ad_late,theta_relative_power,exploratory,-0.03156405490580755
lab_subject_8,inline_late_vs_no_ad_late,theta_relative_power,exploratory,-0.05034894522773842
lab_subject_9,inline_late_vs_no_ad_late,theta_relative_power,exploratory,0.06168163065437824
lab_subject_1,block_late_vs_no_ad_late,theta_relative_power,exploratory,0.06799155900782959
lab_subject_10,block_late_vs_no_ad_late,theta_relative_power,exploratory,-0.05462251432152737
lab_subject_11,block_late_vs_no_ad_late,theta_relative_power,exploratory,0.029486548474998528
lab_subject_12,block_late_vs_no_ad_late,theta_relative_power,exploratory,-0.07187646370973522
lab_subject_13,block_late_vs_no_ad_late,theta_relative_power,exploratory,0.07358434430523159
lab_subject_14,block_late_vs_no_ad_late,theta_relative_power,exploratory,-0.027392808401363378
lab_subject_15,block_late_vs_no_ad_late,theta_relative_power,exploratory,-0.12433718122827718
lab_subject_16,block_late_vs_no_ad_late,theta_relative_power,exploratory,-0.10926725033846273
lab_subject_17,block_late_vs_no_ad_late,theta_relative_power,exploratory,0.08489688207298843
lab_subject_18,block_late_vs_no_ad_late,theta_relative_power,exploratory,0.10948373693481409
lab_subject_19,block_late_vs_no_ad_late,theta_relative_power,exploratory,0.007751090134247907
lab_subject_2,block_late_vs_no_ad_late,theta_relative_power,exploratory,-0.00041690304473110396
lab_subject_3,block_late_vs_no_ad_late,theta_relative_power,exploratory,0.0009204067522116527
lab_subject_5,block_late_vs_no_ad_late,theta_relative_power,exploratory,0.07668178741552309
lab_subject_6,block_late_vs_no_ad_late,theta_relative_power,exploratory,-0.18067472880949986
lab_subject_7,block_late_vs_no_ad_late,theta_relative_power,exploratory,-0.04032187628517979
lab_subject_8,block_late_vs_no_ad_late,theta_relative_power,exploratory,-0.059002704129777456
lab_subject_9,block_late_vs_no_ad_late,theta_relative_power,exploratory,0.05527319902052879
lab_subject_1,any_ad_vs_matched_no_ad,theta_relative_power,exploratory,0.05158075011793799
lab_subject_10,any_ad_vs_matched_no_ad,theta_relative_power,exploratory,0.0963836853060968
lab_subject_11,any_ad_vs_matched_no_ad,theta_relative_power,exploratory,-0.08970190715076064
lab_subject_12,any_ad_vs_matched_no_ad,theta_relative_power,exploratory,-0.08485670076928126
lab_subject_13,any_ad_vs_matched_no_ad,theta_relative_power,exploratory,0.07771079769241024
lab_subject_14,any_ad_vs_matched_no_ad,theta_relative_power,exploratory,-0.022859986552758668
lab_subject_15,any_ad_vs_matched_no_ad,theta_relative_power,exploratory,-0.04687859918874891
lab_subject_16,any_ad_vs_matched_no_ad,theta_relative_power,exploratory,-0.07340365825594619
lab_subject_17,any_ad_vs_matched_no_ad,theta_relative_power,exploratory,0.005184715479064215
lab_subject_18,any_ad_vs_matched_no_ad,theta_relative_power,exploratory,0.1098416104415551
lab_subject_19,any_ad_vs_matched_no_ad,theta_relative_power,exploratory,0.023797165779880773
lab_subject_2,any_ad_vs_matched_no_ad,theta_relative_power,exploratory,-0.05439767422338395
lab_subject_3,any_ad_vs_matched_no_ad,theta_relative_power,exploratory,-0.0076704433374923005
lab_subject_5,any_ad_vs_matched_no_ad,theta_relative_power,exploratory,0.06357596662786094
lab_subject_6,any_ad_vs_matched_no_ad,theta_relative_power,exploratory,-0.037721193630204104
lab_subject_7,any_ad_vs_matched_no_ad,theta_relative_power,exploratory,0.013355898291279679
lab_subject_8,any_ad_vs_matched_no_ad,theta_relative_power,exploratory,-0.0008924846184788088
lab_subject_9,any_ad_vs_matched_no_ad,theta_relative_power,exploratory,0.06988552462212017
lab_subject_1,inline_vs_block,theta_relative_power,exploratory,0.08957892591489364
lab_subject_10,inline_vs_block,theta_relative_power,exploratory,0.07366157240318716
lab_subject_11,inline_vs_block,theta_relative_power,exploratory,-0.008150974686104276
lab_subject_12,inline_vs_block,theta_relative_power,exploratory,-0.02123317309011917
lab_subject_13,inline_vs_block,theta_relative_power,exploratory,-0.004053756925124344
lab_subject_14,inline_vs_block,theta_relative_power,exploratory,-0.011552824301720674
lab_subject_15,inline_vs_block,theta_relative_power,exploratory,0.08795234169855302
lab_subject_16,inline_vs_block,theta_relative_power,exploratory,-0.02880550237181459
lab_subject_17,inline_vs_block,theta_relative_power,exploratory,-0.019171039712925574
lab_subject_18,inline_vs_block,theta_relative_power,exploratory,0.0341925059671663
lab_subject_19,inline_vs_block,theta_relative_power,exploratory,0.03656369764200976
lab_subject_2,inline_vs_block,theta_relative_power,exploratory,-0.03809995351524684
lab_subject_3,inline_vs_block,theta_relative_power,exploratory,0.03380289298169528
lab_subject_5,inline_vs_block,theta_relative_power,exploratory,0.07244804083489045
lab_subject_6,inline_vs_block,theta_relative_power,exploratory,0.021208015437586603
lab_subject_7,inline_vs_block,theta_relative_power,exploratory,-0.0022124657906145914
lab_subject_8,inline_vs_block,theta_relative_power,exploratory,0.043674780780137604
lab_subject_9,inline_vs_block,theta_relative_power,exploratory,-0.001282656981443156
lab_subject_1,early_vs_late,theta_relative_power,exploratory,-0.017274720688579406
lab_subject_10,early_vs_late,theta_relative_power,exploratory,0.05047369182321207
lab_subject_11,early_vs_late,theta_relative_power,exploratory,-0.0009738210032901179
lab_subject_12,early_vs_late,theta_relative_power,exploratory,-0.03588870847877343
lab_subject_13,early_vs_late,theta_relative_power,exploratory,0.0138589157063755
lab_subject_14,early_vs_late,theta_relative_power,exploratory,-0.050766453086495016
lab_subject_15,early_vs_late,theta_relative_power,exploratory,0.049826399358054954
lab_subject_16,early_vs_late,theta_relative_power,exploratory,-0.035625774635558105
lab_subject_17,early_vs_late,theta_relative_power,exploratory,0.0318956619272937
lab_subject_18,early_vs_late,theta_relative_power,exploratory,-0.010900984092085925
lab_subject_19,early_vs_late,theta_relative_power,exploratory,-0.05080176173040056
lab_subject_2,early_vs_late,theta_relative_power,exploratory,-0.028768580610810474
lab_subject_3,early_vs_late,theta_relative_power,exploratory,0.009711390200948078
lab_subject_5,early_vs_late,theta_relative_power,exploratory,-0.034397973061139946
lab_subject_6,early_vs_late,theta_relative_power,exploratory,0.04581594818557583
lab_subject_7,early_vs_late,theta_relative_power,exploratory,0.008311425093786275
lab_subject_8,early_vs_late,theta_relative_power,exploratory,0.10081994387206002
lab_subject_9,early_vs_late,theta_relative_power,exploratory,-0.06586920252011971
lab_subject_1,format_x_timing,theta_relative_power,exploratory,0.13734723163954105
lab_subject_10,format_x_timing,theta_relative_power,exploratory,0.039089402094181824
lab_subject_11,format_x_timing,theta_relative_power,exploratory,0.06684307628588132
lab_subject_12,format_x_timing,theta_relative_power,exploratory,-0.18107810459605878
lab_subject_13,format_x_timing,theta_relative_power,exploratory,0.26419880539736185
lab_subject_14,format_x_timing,theta_relative_power,exploratory,0.031963893684837805
lab_subject_15,format_x_timing,theta_relative_power,exploratory,-0.08195641262034745
lab_subject_16,format_x_timing,theta_relative_power,exploratory,-0.02250521412150272
lab_subject_17,format_x_timing,theta_relative_power,exploratory,0.03778954176399184
lab_subject_18,format_x_timing,theta_relative_power,exploratory,-0.10503638453476655
lab_subject_19,format_x_timing,theta_relative_power,exploratory,-0.10192759829142108
lab_subject_2,format_x_timing,theta_relative_power,exploratory,0.1633360379841987
lab_subject_3,format_x_timing,theta_relative_power,exploratory,0.04499870552303767
lab_subject_5,format_x_timing,theta_relative_power,exploratory,0.04298430269960056
lab_subject_6,format_x_timing,theta_relative_power,exploratory,0.04825826172722081
lab_subject_7,format_x_timing,theta_relative_power,exploratory,-0.021940574339973665
lab_subject_8,format_x_timing,theta_relative_power,exploratory,0.07004204375619713
lab_subject_9,format_x_timing,theta_relative_power,exploratory,-0.015382177230585208
lab_subject_1,inline_early_vs_no_ad_early,alpha_relative_power,exploratory,0.05649399629692847
lab_subject_10,inline_early_vs_no_ad_early,alpha_relative_power,exploratory,0.00870473476550912
lab_subject_11,inline_early_vs_no_ad_early,alpha_relative_power,exploratory,-0.06263073791255847
lab_subject_12,inline_early_vs_no_ad_early,alpha_relative_power,exploratory,0.1764339491739051
lab_subject_13,inline_early_vs_no_ad_early,alpha_relative_power,exploratory,-0.009530011695302536
lab_subject_14,inline_early_vs_no_ad_early,alpha_relative_power,exploratory,-0.00971056896622384
lab_subject_15,inline_early_vs_no_ad_early,alpha_relative_power,exploratory,0.07676310621460143
lab_subject_16,inline_early_vs_no_ad_early,alpha_relative_power,exploratory,-0.05432010903911708
lab_subject_17,inline_early_vs_no_ad_early,alpha_relative_power,exploratory,0.017830300619213795
lab_subject_18,inline_early_vs_no_ad_early,alpha_relative_power,exploratory,0.04719260600153366
lab_subject_19,inline_early_vs_no_ad_early,alpha_relative_power,exploratory,0.07594649378949032
lab_subject_2,inline_early_vs_no_ad_early,alpha_relative_power,exploratory,-0.01437723207531074
lab_subject_3,inline_early_vs_no_ad_early,alpha_relative_power,exploratory,-0.12978436505548502
lab_subject_5,inline_early_vs_no_ad_early,alpha_relative_power,exploratory,-0.022822119689436076
lab_subject_6,inline_early_vs_no_ad_early,alpha_relative_power,exploratory,0.07997484307082992
lab_subject_7,inline_early_vs_no_ad_early,alpha_relative_power,exploratory,0.05555321170783023
lab_subject_8,inline_early_vs_no_ad_early,alpha_relative_power,exploratory,0.02211068044369359
lab_subject_9,inline_early_vs_no_ad_early,alpha_relative_power,exploratory,-0.013386227963769523
lab_subject_1,block_early_vs_no_ad_early,alpha_relative_power,exploratory,-0.04285965338863522
lab_subject_10,block_early_vs_no_ad_early,alpha_relative_power,exploratory,-0.2365234754196171
lab_subject_11,block_early_vs_no_ad_early,alpha_relative_power,exploratory,-0.09034598799258808
lab_subject_12,block_early_vs_no_ad_early,alpha_relative_power,exploratory,0.015835621236412967
lab_subject_13,block_early_vs_no_ad_early,alpha_relative_power,exploratory,0.032290261103189256
lab_subject_14,block_early_vs_no_ad_early,alpha_relative_power,exploratory,-0.009301156195251115
lab_subject_15,block_early_vs_no_ad_early,alpha_relative_power,exploratory,-0.02916366601840738
lab_subject_16,block_early_vs_no_ad_early,alpha_relative_power,exploratory,-0.04618270657871064
lab_subject_17,block_early_vs_no_ad_early,alpha_relative_power,exploratory,-0.060218845775911814
lab_subject_18,block_early_vs_no_ad_early,alpha_relative_power,exploratory,0.06126213839942254
lab_subject_19,block_early_vs_no_ad_early,alpha_relative_power,exploratory,-0.014888062505370656
lab_subject_2,block_early_vs_no_ad_early,alpha_relative_power,exploratory,0.05972696255116839
lab_subject_3,block_early_vs_no_ad_early,alpha_relative_power,exploratory,-0.08513733510183882
lab_subject_5,block_early_vs_no_ad_early,alpha_relative_power,exploratory,-0.04126723230995971
lab_subject_6,block_early_vs_no_ad_early,alpha_relative_power,exploratory,-0.09345982912573592
lab_subject_7,block_early_vs_no_ad_early,alpha_relative_power,exploratory,-0.023923152726481618
lab_subject_8,block_early_vs_no_ad_early,alpha_relative_power,exploratory,0.012368505125654898
lab_subject_9,block_early_vs_no_ad_early,alpha_relative_power,exploratory,0.013255541252504985
lab_subject_1,inline_late_vs_no_ad_late,alpha_relative_power,exploratory,-0.02252079172012119
lab_subject_10,inline_late_vs_no_ad_late,alpha_relative_power,exploratory,-0.13925035851239675
lab_subject_11,inline_late_vs_no_ad_late,alpha_relative_power,exploratory,0.012930261908217187
lab_subject_12,inline_late_vs_no_ad_late,alpha_relative_power,exploratory,0.005687462559600426
lab_subject_13,inline_late_vs_no_ad_late,alpha_relative_power,exploratory,-0.017650758736142275
lab_subject_14,inline_late_vs_no_ad_late,alpha_relative_power,exploratory,-0.025410378829602683
lab_subject_15,inline_late_vs_no_ad_late,alpha_relative_power,exploratory,-0.012321811307763431
lab_subject_16,inline_late_vs_no_ad_late,alpha_relative_power,exploratory,-0.0015428534549929741
lab_subject_17,inline_late_vs_no_ad_late,alpha_relative_power,exploratory,0.07295406026832466
lab_subject_18,inline_late_vs_no_ad_late,alpha_relative_power,exploratory,0.1301010069157112
lab_subject_19,inline_late_vs_no_ad_late,alpha_relative_power,exploratory,0.0033468117311543782
lab_subject_2,inline_late_vs_no_ad_late,alpha_relative_power,exploratory,0.035400008703474935
lab_subject_3,inline_late_vs_no_ad_late,alpha_relative_power,exploratory,-0.10463208752505916
lab_subject_5,inline_late_vs_no_ad_late,alpha_relative_power,exploratory,0.0217463670660411
lab_subject_6,inline_late_vs_no_ad_late,alpha_relative_power,exploratory,0.014658536032307809
lab_subject_7,inline_late_vs_no_ad_late,alpha_relative_power,exploratory,-0.06122892567474963
lab_subject_8,inline_late_vs_no_ad_late,alpha_relative_power,exploratory,-0.44666871283909027
lab_subject_9,inline_late_vs_no_ad_late,alpha_relative_power,exploratory,0.02204546430144718
lab_subject_1,block_late_vs_no_ad_late,alpha_relative_power,exploratory,-0.09744820101196777
lab_subject_10,block_late_vs_no_ad_late,alpha_relative_power,exploratory,-0.25247447718839816
lab_subject_11,block_late_vs_no_ad_late,alpha_relative_power,exploratory,-0.11134303169090076
lab_subject_12,block_late_vs_no_ad_late,alpha_relative_power,exploratory,-0.0012134431840656323
lab_subject_13,block_late_vs_no_ad_late,alpha_relative_power,exploratory,0.014903780017628564
lab_subject_14,block_late_vs_no_ad_late,alpha_relative_power,exploratory,-0.09889656920474084
lab_subject_15,block_late_vs_no_ad_late,alpha_relative_power,exploratory,-0.007318546701932931
lab_subject_16,block_late_vs_no_ad_late,alpha_relative_power,exploratory,0.03685335586052024
lab_subject_17,block_late_vs_no_ad_late,alpha_relative_power,exploratory,0.05558324331202913
lab_subject_18,block_late_vs_no_ad_late,alpha_relative_power,exploratory,0.02616643972664731
lab_subject_19,block_late_vs_no_ad_late,alpha_relative_power,exploratory,-0.18291677960402153
lab_subject_2,block_late_vs_no_ad_late,alpha_relative_power,exploratory,0.08646954099945015
lab_subject_3,block_late_vs_no_ad_late,alpha_relative_power,exploratory,-0.026776737616973564
lab_subject_5,block_late_vs_no_ad_late,alpha_relative_power,exploratory,0.03741340907810353
lab_subject_6,block_late_vs_no_ad_late,alpha_relative_power,exploratory,-0.050971750719330466
lab_subject_7,block_late_vs_no_ad_late,alpha_relative_power,exploratory,-0.02609595240086139
lab_subject_8,block_late_vs_no_ad_late,alpha_relative_power,exploratory,-0.27146158297196826
lab_subject_9,block_late_vs_no_ad_late,alpha_relative_power,exploratory,0.038710003337882694
lab_subject_1,any_ad_vs_matched_no_ad,alpha_relative_power,exploratory,-0.026583662455948925
lab_subject_10,any_ad_vs_matched_no_ad,alpha_relative_power,exploratory,-0.15488589408872572
lab_subject_11,any_ad_vs_matched_no_ad,alpha_relative_power,exploratory,-0.06284737392195752
lab_subject_12,any_ad_vs_matched_no_ad,alpha_relative_power,exploratory,0.049185897446463206
lab_subject_13,any_ad_vs_matched_no_ad,alpha_relative_power,exploratory,0.0050033176723432524
lab_subject_14,any_ad_vs_matched_no_ad,alpha_relative_power,exploratory,-0.03582966829895462
lab_subject_15,any_ad_vs_matched_no_ad,alpha_relative_power,exploratory,0.00698977054662442
lab_subject_16,any_ad_vs_matched_no_ad,alpha_relative_power,exploratory,-0.016298078303075114
lab_subject_17,any_ad_vs_matched_no_ad,alpha_relative_power,exploratory,0.021537189605913942
lab_subject_18,any_ad_vs_matched_no_ad,alpha_relative_power,exploratory,0.06618054776082867
lab_subject_19,any_ad_vs_matched_no_ad,alpha_relative_power,exploratory,-0.029627884147186874
lab_subject_2,any_ad_vs_matched_no_ad,alpha_relative_power,exploratory,0.041804820044695684
lab_subject_3,any_ad_vs_matched_no_ad,alpha_relative_power,exploratory,-0.08658263132483913
lab_subject_5,any_ad_vs_matched_no_ad,alpha_relative_power,exploratory,-0.0012323939638127883
lab_subject_6,any_ad_vs_matched_no_ad,alpha_relative_power,exploratory,-0.012449550185482168
lab_subject_7,any_ad_vs_matched_no_ad,alpha_relative_power,exploratory,-0.013923704773565602
lab_subject_8,any_ad_vs_matched_no_ad,alpha_relative_power,exploratory,-0.1709127775604275
lab_subject_9,any_ad_vs_matched_no_ad,alpha_relative_power,exploratory,0.015156195232016334
lab_subject_1,inline_vs_block,alpha_relative_power,exploratory,0.08714052948870513
lab_subject_10,inline_vs_block,alpha_relative_power,exploratory,0.17922616443056383
lab_subject_11,inline_vs_block,alpha_relative_power,exploratory,0.07599427183957379
lab_subject_12,inline_vs_block,alpha_relative_power,exploratory,0.08374961684057908
lab_subject_13,inline_vs_block,alpha_relative_power,exploratory,-0.03718740577613132
lab_subject_14,inline_vs_block,alpha_relative_power,exploratory,0.03653838880208272
lab_subject_15,inline_vs_block,alpha_relative_power,exploratory,0.05046175381358915
lab_subject_16,inline_vs_block,alpha_relative_power,exploratory,-0.023266805887959832
lab_subject_17,inline_vs_block,alpha_relative_power,exploratory,0.04770998167571057
lab_subject_18,inline_vs_block,alpha_relative_power,exploratory,0.0449325173955875
lab_subject_19,inline_vs_block,alpha_relative_power,exploratory,0.13854907381501846
lab_subject_2,inline_vs_block,alpha_relative_power,exploratory,-0.06258686346122717
lab_subject_3,inline_vs_block,alpha_relative_power,exploratory,-0.061251189930865896
lab_subject_5,inline_vs_block,alpha_relative_power,exploratory,0.0013890353042305993
lab_subject_6,inline_vs_block,alpha_relative_power,exploratory,0.11953247947410206
lab_subject_7,inline_vs_block,alpha_relative_power,exploratory,0.022171695580211807
lab_subject_8,inline_vs_block,alpha_relative_power,exploratory,-0.08273247727454164
lab_subject_9,inline_vs_block,alpha_relative_power,exploratory,-0.02165315412635501
lab_subject_1,early_vs_late,alpha_relative_power,exploratory,-0.003894301800366047
lab_subject_10,early_vs_late,alpha_relative_power,exploratory,-0.04634121762820138
lab_subject_11,early_vs_late,alpha_relative_power,exploratory,0.11716873092918419
lab_subject_12,early_vs_late,alpha_relative_power,exploratory,0.0011064307260880632
lab_subject_13,early_vs_late,alpha_relative_power,exploratory,0.04865492540526059
lab_subject_14,early_vs_late,alpha_relative_power,exploratory,0.012314719679527476
lab_subject_15,early_vs_late,alpha_relative_power,exploratory,0.057879912240369966
lab_subject_16,early_vs_late,alpha_relative_power,exploratory,-0.04415572878630716
lab_subject_17,early_vs_late,alpha_relative_power,exploratory,-0.04672124830104883
lab_subject_18,early_vs_late,alpha_relative_power,exploratory,-0.011257601113925167
lab_subject_19,early_vs_late,alpha_relative_power,exploratory,-0.05858938262407365
lab_subject_2,early_vs_late,alpha_relative_power,exploratory,-0.014689271839040174
lab_subject_3,early_vs_late,alpha_relative_power,exploratory,-0.03935018803670376
lab_subject_5,early_vs_late,alpha_relative_power,exploratory,-0.061504811926601476
lab_subject_6,early_vs_late,alpha_relative_power,exploratory,-0.01808014964425328
lab_subject_7,early_vs_late,alpha_relative_power,exploratory,0.014478376071843067
lab_subject_8,early_vs_late,alpha_relative_power,exploratory,0.11819063485353999
lab_subject_9,early_vs_late,alpha_relative_power,exploratory,-0.10295111103166195
lab_subject_1,format_x_timing,alpha_relative_power,exploratory,0.024426240393717102
lab_subject_10,format_x_timing,alpha_relative_power,exploratory,0.1320040915091248
lab_subject_11,format_x_timing,alpha_relative_power,exploratory,-0.09655804351908834
lab_subject_12,format_x_timing,alpha_relative_power,exploratory,0.15369742219382604
lab_subject_13,format_x_timing,alpha_relative_power,exploratory,-0.009265734044720954
lab_subject_14,format_x_timing,alpha_relative_power,exploratory,-0.07389560314611088
lab_subject_15,format_x_timing,alpha_relative_power,exploratory,0.11093003683883931
lab_subject_16,format_x_timing,alpha_relative_power,exploratory,0.030258806855106776
lab_subject_17,format_x_timing,alpha_relative_power,exploratory,0.06067832943883008
lab_subject_18,format_x_timing,alpha_relative_power,exploratory,-0.11800409958695277
lab_subject_19,format_x_timing,alpha_relative_power,exploratory,-0.09542903504031494
lab_subject_2,format_x_timing,alpha_relative_power,exploratory,-0.023034662330503913
lab_subject_3,format_x_timing,alpha_relative_power,exploratory,0.033208319954439396
lab_subject_5,format_x_timing,alpha_relative_power,exploratory,0.034112154632586066
lab_subject_6,format_x_timing,alpha_relative_power,exploratory,0.10780438544492757
lab_subject_7,format_x_timing,alpha_relative_power,exploratory,0.11460933770820009
lab_subject_8,format_x_timing,alpha_relative_power,exploratory,0.18494930518516065
lab_subject_9,format_x_timing,alpha_relative_power,exploratory,-0.009977230179838995
lab_subject_1,inline_early_vs_no_ad_early,beta_relative_power,exploratory,0.3427463211662953
lab_subject_10,inline_early_vs_no_ad_early,beta_relative_power,exploratory,0.08974393314095419
lab_subject_11,inline_early_vs_no_ad_early,beta_relative_power,exploratory,-0.011149710783371902
lab_subject_12,inline_early_vs_no_ad_early,beta_relative_power,exploratory,0.3412197851851923
lab_subject_13,inline_early_vs_no_ad_early,beta_relative_power,exploratory,-0.17357356292431952
lab_subject_14,inline_early_vs_no_ad_early,beta_relative_power,exploratory,-0.032591272286256905
lab_subject_15,inline_early_vs_no_ad_early,beta_relative_power,exploratory,0.1363010571019061
lab_subject_16,inline_early_vs_no_ad_early,beta_relative_power,exploratory,-0.1460132475795334
lab_subject_17,inline_early_vs_no_ad_early,beta_relative_power,exploratory,-0.0002696956520456782
lab_subject_18,inline_early_vs_no_ad_early,beta_relative_power,exploratory,0.16106462495323987
lab_subject_19,inline_early_vs_no_ad_early,beta_relative_power,exploratory,0.12743854769539026
lab_subject_2,inline_early_vs_no_ad_early,beta_relative_power,exploratory,-0.016263896532844824
lab_subject_3,inline_early_vs_no_ad_early,beta_relative_power,exploratory,-0.39937705676966345
lab_subject_5,inline_early_vs_no_ad_early,beta_relative_power,exploratory,0.013428782218665815
lab_subject_6,inline_early_vs_no_ad_early,beta_relative_power,exploratory,-0.03235804892318604
lab_subject_7,inline_early_vs_no_ad_early,beta_relative_power,exploratory,-0.04318383536528003
lab_subject_8,inline_early_vs_no_ad_early,beta_relative_power,exploratory,-0.025283102471559016
lab_subject_9,inline_early_vs_no_ad_early,beta_relative_power,exploratory,0.1323801075737166
lab_subject_1,block_early_vs_no_ad_early,beta_relative_power,exploratory,0.13487477819674767
lab_subject_10,block_early_vs_no_ad_early,beta_relative_power,exploratory,-0.06190270687932022
lab_subject_11,block_early_vs_no_ad_early,beta_relative_power,exploratory,-0.060154533449569295
lab_subject_12,block_early_vs_no_ad_early,beta_relative_power,exploratory,0.10982447242582835
lab_subject_13,block_early_vs_no_ad_early,beta_relative_power,exploratory,-0.029585034572961313
lab_subject_14,block_early_vs_no_ad_early,beta_relative_power,exploratory,-0.028880154367887025
lab_subject_15,block_early_vs_no_ad_early,beta_relative_power,exploratory,-0.06603120820187165
lab_subject_16,block_early_vs_no_ad_early,beta_relative_power,exploratory,-0.1043602105378266
lab_subject_17,block_early_vs_no_ad_early,beta_relative_power,exploratory,-0.043273077121292775
lab_subject_18,block_early_vs_no_ad_early,beta_relative_power,exploratory,0.13332526868843184
lab_subject_19,block_early_vs_no_ad_early,beta_relative_power,exploratory,-0.013392377120548027
lab_subject_2,block_early_vs_no_ad_early,beta_relative_power,exploratory,0.1012555360786243
lab_subject_3,block_early_vs_no_ad_early,beta_relative_power,exploratory,-0.13897474123719644
lab_subject_5,block_early_vs_no_ad_early,beta_relative_power,exploratory,-0.08193866253886889
lab_subject_6,block_early_vs_no_ad_early,beta_relative_power,exploratory,-0.15021687139814166
lab_subject_7,block_early_vs_no_ad_early,beta_relative_power,exploratory,-0.26021906364105696
lab_subject_8,block_early_vs_no_ad_early,beta_relative_power,exploratory,-0.15851909177167786
lab_subject_9,block_early_vs_no_ad_early,beta_relative_power,exploratory,0.08683218881994564
lab_subject_1,inline_late_vs_no_ad_late,beta_relative_power,exploratory,-0.008686897687366538
lab_subject_10,inline_late_vs_no_ad_late,beta_relative_power,exploratory,-0.00021720990032214268
lab_subject_11,inline_late_vs_no_ad_late,beta_relative_power,exploratory,0.05343995396510171
lab_subject_12,inline_late_vs_no_ad_late,beta_relative_power,exploratory,0.04570844229256161
lab_subject_13,inline_late_vs_no_ad_late,beta_relative_power,exploratory,0.02117916324442176
lab_subject_14,inline_late_vs_no_ad_late,beta_relative_power,exploratory,-0.17794980837046614
lab_subject_15,inline_late_vs_no_ad_late,beta_relative_power,exploratory,-0.08874335564749501
lab_subject_16,inline_late_vs_no_ad_late,beta_relative_power,exploratory,0.05568692098136076
lab_subject_17,inline_late_vs_no_ad_late,beta_relative_power,exploratory,0.07874972509642257
lab_subject_18,inline_late_vs_no_ad_late,beta_relative_power,exploratory,0.004534946635098319
lab_subject_19,inline_late_vs_no_ad_late,beta_relative_power,exploratory,0.01858950434385717
lab_subject_2,inline_late_vs_no_ad_late,beta_relative_power,exploratory,0.049772692403037486
lab_subject_3,inline_late_vs_no_ad_late,beta_relative_power,exploratory,-0.30513828459007286
lab_subject_5,inline_late_vs_no_ad_late,beta_relative_power,exploratory,0.07884476431892294
lab_subject_6,inline_late_vs_no_ad_late,beta_relative_power,exploratory,0.01700735348141824
lab_subject_7,inline_late_vs_no_ad_late,beta_relative_power,exploratory,-0.33460444720636273
lab_subject_8,inline_late_vs_no_ad_late,beta_relative_power,exploratory,-0.3198865236376064
lab_subject_9,inline_late_vs_no_ad_late,beta_relative_power,exploratory,0.2121638443851667
lab_subject_1,block_late_vs_no_ad_late,beta_relative_power,exploratory,-0.09329824276421439
lab_subject_10,block_late_vs_no_ad_late,beta_relative_power,exploratory,-0.034656110122780026
lab_subject_11,block_late_vs_no_ad_late,beta_relative_power,exploratory,-0.09023698069263517
lab_subject_12,block_late_vs_no_ad_late,beta_relative_power,exploratory,0.07257399404104385
lab_subject_13,block_late_vs_no_ad_late,beta_relative_power,exploratory,0.0686989745331252
lab_subject_14,block_late_vs_no_ad_late,beta_relative_power,exploratory,-0.33777413099928455
lab_subject_15,block_late_vs_no_ad_late,beta_relative_power,exploratory,-0.04912690983912595
lab_subject_16,block_late_vs_no_ad_late,beta_relative_power,exploratory,0.06924423965002967
lab_subject_17,block_late_vs_no_ad_late,beta_relative_power,exploratory,0.011504025203733535
lab_subject_18,block_late_vs_no_ad_late,beta_relative_power,exploratory,-0.13996157151331126
lab_subject_19,block_late_vs_no_ad_late,beta_relative_power,exploratory,-0.2497723790439208
lab_subject_2,block_late_vs_no_ad_late,beta_relative_power,exploratory,0.30881443525166086
lab_subject_3,block_late_vs_no_ad_late,beta_relative_power,exploratory,-0.38666728005872514
lab_subject_5,block_late_vs_no_ad_late,beta_relative_power,exploratory,0.05471693119197486
lab_subject_6,block_late_vs_no_ad_late,beta_relative_power,exploratory,-0.1656557430325371
lab_subject_7,block_late_vs_no_ad_late,beta_relative_power,exploratory,-0.10139372476220582
lab_subject_8,block_late_vs_no_ad_late,beta_relative_power,exploratory,-0.16228028020055393
lab_subject_9,block_late_vs_no_ad_late,beta_relative_power,exploratory,0.10309398845892975
lab_subject_1,any_ad_vs_matched_no_ad,beta_relative_power,exploratory,0.0939089897278655
lab_subject_10,any_ad_vs_matched_no_ad,beta_relative_power,exploratory,-0.0017580234403670493
lab_subject_11,any_ad_vs_matched_no_ad,beta_relative_power,exploratory,-0.02702531774011866
lab_subject_12,any_ad_vs_matched_no_ad,beta_relative_power,exploratory,0.14233167348615652
lab_subject_13,any_ad_vs_matched_no_ad,beta_relative_power,exploratory,-0.028320114929933464
lab_subject_14,any_ad_vs_matched_no_ad,beta_relative_power,exploratory,-0.14429884150597366
lab_subject_15,any_ad_vs_matched_no_ad,beta_relative_power,exploratory,-0.01690010414664663
lab_subject_16,any_ad_vs_matched_no_ad,beta_relative_power,exploratory,-0.031360574371492395
lab_subject_17,any_ad_vs_matched_no_ad,beta_relative_power,exploratory,0.011677744381704413
lab_subject_18,any_ad_vs_matched_no_ad,beta_relative_power,exploratory,0.0397408171908647
lab_subject_19,any_ad_vs_matched_no_ad,beta_relative_power,exploratory,-0.029284176031305346
lab_subject_2,any_ad_vs_matched_no_ad,beta_relative_power,exploratory,0.11089469180011946
lab_subject_3,any_ad_vs_matched_no_ad,beta_relative_power,exploratory,-0.3075393406639144
lab_subject_5,any_ad_vs_matched_no_ad,beta_relative_power,exploratory,0.016262953797673684
lab_subject_6,any_ad_vs_matched_no_ad,beta_relative_power,exploratory,-0.08280582746811163
lab_subject_7,any_ad_vs_matched_no_ad,beta_relative_power,exploratory,-0.18485026774372637
lab_subject_8,any_ad_vs_matched_no_ad,beta_relative_power,exploratory,-0.1664922495203493
lab_subject_9,any_ad_vs_matched_no_ad,beta_relative_power,exploratory,0.13361753230943968
lab_subject_1,inline_vs_block,beta_relative_power,exploratory,0.14624144402319772
lab_subject_10,inline_vs_block,beta_relative_power,exploratory,0.09304277012136616
lab_subject_11,inline_vs_block,beta_relative_power,exploratory,0.09634087866196714
lab_subject_12,inline_vs_block,beta_relative_power,exploratory,0.10226488050544084
lab_subject_13,inline_vs_block,beta_relative_power,exploratory,-0.09575416982003082
lab_subject_14,inline_vs_block,beta_relative_power,exploratory,0.07805660235522427
lab_subject_15,inline_vs_block,beta_relative_power,exploratory,0.08135790974770435
lab_subject_16,inline_vs_block,beta_relative_power,exploratory,-0.02760517785518786
lab_subject_17,inline_vs_block,beta_relative_power,exploratory,0.055124540680968066
lab_subject_18,inline_vs_block,beta_relative_power,exploratory,0.0861179372066088
lab_subject_19,inline_vs_block,beta_relative_power,exploratory,0.20459640410185814
lab_subject_2,inline_vs_block,beta_relative_power,exploratory,-0.18828058773004624
lab_subject_3,inline_vs_block,beta_relative_power,exploratory,-0.08943666003190735
lab_subject_5,inline_vs_block,beta_relative_power,exploratory,0.05974763894224139
lab_subject_6,inline_vs_block,beta_relative_power,exploratory,0.1502609594944555
lab_subject_7,inline_vs_block,beta_relative_power,exploratory,-0.008087747084190008
lab_subject_8,inline_vs_block,beta_relative_power,exploratory,-0.012185127068466792
lab_subject_9,inline_vs_block,beta_relative_power,exploratory,0.07730888734000395
lab_subject_1,early_vs_late,beta_relative_power,exploratory,0.018904735201638698
lab_subject_10,early_vs_late,beta_relative_power,exploratory,0.03004912405455573
lab_subject_11,early_vs_late,beta_relative_power,exploratory,0.18335124283540438
lab_subject_12,early_vs_late,beta_relative_power,exploratory,0.009968433870641082
lab_subject_13,early_vs_late,beta_relative_power,exploratory,0.1570969790391934
lab_subject_14,early_vs_late,beta_relative_power,exploratory,0.06814982668894504
lab_subject_15,early_vs_late,beta_relative_power,exploratory,0.11827739745375616
lab_subject_16,early_vs_late,beta_relative_power,exploratory,-0.0422995062066643
lab_subject_17,early_vs_late,beta_relative_power,exploratory,-0.061051715533273564
lab_subject_18,early_vs_late,beta_relative_power,exploratory,0.08961868508441415
lab_subject_19,early_vs_late,beta_relative_power,exploratory,-0.1173354435139404
lab_subject_2,early_vs_late,beta_relative_power,exploratory,-0.10231109423469567
lab_subject_3,early_vs_late,beta_relative_power,exploratory,0.03236868824692295
lab_subject_5,early_vs_late,beta_relative_power,exploratory,-0.1006527491408758
lab_subject_6,early_vs_late,beta_relative_power,exploratory,-0.04945644050863947
lab_subject_7,early_vs_late,beta_relative_power,exploratory,-0.008538330417020276
lab_subject_8,early_vs_late,beta_relative_power,exploratory,0.04177585093512291
lab_subject_9,early_vs_late,beta_relative_power,exploratory,-0.16508470431185548
lab_subject_1,format_x_timing,beta_relative_power,exploratory,0.12326019789269974
lab_subject_10,format_x_timing,beta_relative_power,exploratory,0.11720773979781654
lab_subject_11,format_x_timing,beta_relative_power,exploratory,-0.09467211199153946
lab_subject_12,format_x_timing,beta_relative_power,exploratory,0.2582608645078462
lab_subject_13,format_x_timing,beta_relative_power,exploratory,-0.09646871706265477
lab_subject_14,format_x_timing,beta_relative_power,exploratory,-0.16353544054718827
lab_subject_15,format_x_timing,beta_relative_power,exploratory,0.24194871111214683
lab_subject_16,format_x_timing,beta_relative_power,exploratory,-0.028095718373037898
lab_subject_17,format_x_timing,beta_relative_power,exploratory,-0.024242318423441947
lab_subject_18,format_x_timing,beta_relative_power,exploratory,-0.11675716188360154
lab_subject_19,format_x_timing,beta_relative_power,exploratory,-0.12753095857183966
lab_subject_2,format_x_timing,beta_relative_power,exploratory,0.14152231023715425
lab_subject_3,format_x_timing,beta_relative_power,exploratory,-0.3419313110011193
lab_subject_5,format_x_timing,beta_relative_power,exploratory,0.07123961163058662
lab_subject_6,format_x_timing,beta_relative_power,exploratory,-0.06480427403899972
lab_subject_7,format_x_timing,beta_relative_power,exploratory,0.4502459507199339
lab_subject_8,format_x_timing,beta_relative_power,exploratory,0.29084223273717125
lab_subject_9,format_x_timing,beta_relative_power,exploratory,-0.06352193717246599
lab_subject_1,inline_early_vs_no_ad_early,gamma_relative_power,exploratory,0.22442911982404223
lab_subject_10,inline_early_vs_no_ad_early,gamma_relative_power,exploratory,0.028743589803683797
lab_subject_11,inline_early_vs_no_ad_early,gamma_relative_power,exploratory,-0.00467244439102002
lab_subject_12,inline_early_vs_no_ad_early,gamma_relative_power,exploratory,0.08882482186208954
lab_subject_13,inline_early_vs_no_ad_early,gamma_relative_power,exploratory,-0.009983554395365211
lab_subject_14,inline_early_vs_no_ad_early,gamma_relative_power,exploratory,-0.025762979076407903
lab_subject_15,inline_early_vs_no_ad_early,gamma_relative_power,exploratory,0.12742213875336167
lab_subject_16,inline_early_vs_no_ad_early,gamma_relative_power,exploratory,-0.15127392698090086
lab_subject_17,inline_early_vs_no_ad_early,gamma_relative_power,exploratory,0.005363013486327778
lab_subject_18,inline_early_vs_no_ad_early,gamma_relative_power,exploratory,0.08793693800921062
lab_subject_19,inline_early_vs_no_ad_early,gamma_relative_power,exploratory,0.04192238313460984
lab_subject_2,inline_early_vs_no_ad_early,gamma_relative_power,exploratory,-0.011107127849834295
lab_subject_3,inline_early_vs_no_ad_early,gamma_relative_power,exploratory,-0.06464632075688964
lab_subject_5,inline_early_vs_no_ad_early,gamma_relative_power,exploratory,-0.0012160399170813713
lab_subject_6,inline_early_vs_no_ad_early,gamma_relative_power,exploratory,-0.03427978878857307
lab_subject_7,inline_early_vs_no_ad_early,gamma_relative_power,exploratory,-0.15791138285493478
lab_subject_8,inline_early_vs_no_ad_early,gamma_relative_power,exploratory,-0.029550885322165023
lab_subject_9,inline_early_vs_no_ad_early,gamma_relative_power,exploratory,0.0315897727922782
lab_subject_1,block_early_vs_no_ad_early,gamma_relative_power,exploratory,0.13446992044305273
lab_subject_10,block_early_vs_no_ad_early,gamma_relative_power,exploratory,0.002982337392794701
lab_subject_11,block_early_vs_no_ad_early,gamma_relative_power,exploratory,-0.009102474907387413
lab_subject_12,block_early_vs_no_ad_early,gamma_relative_power,exploratory,0.013999271001982488
lab_subject_13,block_early_vs_no_ad_early,gamma_relative_power,exploratory,0.057948204515596353
lab_subject_14,block_early_vs_no_ad_early,gamma_relative_power,exploratory,0.028260025631531974
lab_subject_15,block_early_vs_no_ad_early,gamma_relative_power,exploratory,-0.040507369826997305
lab_subject_16,block_early_vs_no_ad_early,gamma_relative_power,exploratory,-0.09813980756353319
lab_subject_17,block_early_vs_no_ad_early,gamma_relative_power,exploratory,-0.032933755560350796
lab_subject_18,block_early_vs_no_ad_early,gamma_relative_power,exploratory,0.07675487591002723
lab_subject_19,block_early_vs_no_ad_early,gamma_relative_power,exploratory,-0.009771994298997198
lab_subject_2,block_early_vs_no_ad_early,gamma_relative_power,exploratory,0.03448612535573824
lab_subject_3,block_early_vs_no_ad_early,gamma_relative_power,exploratory,-0.06304274859628811
lab_subject_5,block_early_vs_no_ad_early,gamma_relative_power,exploratory,-0.02592107538429434
lab_subject_6,block_early_vs_no_ad_early,gamma_relative_power,exploratory,-0.06346561265744116
lab_subject_7,block_early_vs_no_ad_early,gamma_relative_power,exploratory,-0.2550556986617646
lab_subject_8,block_early_vs_no_ad_early,gamma_relative_power,exploratory,-0.0064848332989519974
lab_subject_9,block_early_vs_no_ad_early,gamma_relative_power,exploratory,-0.004963219751375758
lab_subject_1,inline_late_vs_no_ad_late,gamma_relative_power,exploratory,-0.09903990397010745
lab_subject_10,inline_late_vs_no_ad_late,gamma_relative_power,exploratory,-0.011545264429790581
lab_subject_11,inline_late_vs_no_ad_late,gamma_relative_power,exploratory,0.007606281335047036
lab_subject_12,inline_late_vs_no_ad_late,gamma_relative_power,exploratory,0.03357941468975969
lab_subject_13,inline_late_vs_no_ad_late,gamma_relative_power,exploratory,0.05711395408651488
lab_subject_14,inline_late_vs_no_ad_late,gamma_relative_power,exploratory,-0.1501425010806111
lab_subject_15,inline_late_vs_no_ad_late,gamma_relative_power,exploratory,-0.03874528739771696
lab_subject_16,inline_late_vs_no_ad_late,gamma_relative_power,exploratory,0.0331035074974772
lab_subject_17,inline_late_vs_no_ad_late,gamma_relative_power,exploratory,0.05882644561443215
lab_subject_18,inline_late_vs_no_ad_late,gamma_relative_power,exploratory,-0.03361039908414151
lab_subject_19,inline_late_vs_no_ad_late,gamma_relative_power,exploratory,0.015528054391965238
lab_subject_2,inline_late_vs_no_ad_late,gamma_relative_power,exploratory,0.02734260223363767
lab_subject_3,inline_late_vs_no_ad_late,gamma_relative_power,exploratory,-0.14091241447564962
lab_subject_5,inline_late_vs_no_ad_late,gamma_relative_power,exploratory,0.036177293412836195
lab_subject_6,inline_late_vs_no_ad_late,gamma_relative_power,exploratory,0.004846168345539321
lab_subject_7,inline_late_vs_no_ad_late,gamma_relative_power,exploratory,-0.1843573501405538
lab_subject_8,inline_late_vs_no_ad_late,gamma_relative_power,exploratory,-0.02625819782098266
lab_subject_9,inline_late_vs_no_ad_late,gamma_relative_power,exploratory,0.09146624302672633
lab_subject_1,block_late_vs_no_ad_late,gamma_relative_power,exploratory,-0.028885254868868768
lab_subject_10,block_late_vs_no_ad_late,gamma_relative_power,exploratory,-0.005047881755112784
lab_subject_11,block_late_vs_no_ad_late,gamma_relative_power,exploratory,-0.02720302159805662
lab_subject_12,block_late_vs_no_ad_late,gamma_relative_power,exploratory,0.035950998562894416
lab_subject_13,block_late_vs_no_ad_late,gamma_relative_power,exploratory,0.06023139970461873
lab_subject_14,block_late_vs_no_ad_late,gamma_relative_power,exploratory,-0.18805969824586305
lab_subject_15,block_late_vs_no_ad_late,gamma_relative_power,exploratory,-0.023480710739640507
lab_subject_16,block_late_vs_no_ad_late,gamma_relative_power,exploratory,0.022253295072892712
lab_subject_17,block_late_vs_no_ad_late,gamma_relative_power,exploratory,0.01032571134965919
lab_subject_18,block_late_vs_no_ad_late,gamma_relative_power,exploratory,-0.09037822267417488
lab_subject_19,block_late_vs_no_ad_late,gamma_relative_power,exploratory,-0.031311638982525807
lab_subject_2,block_late_vs_no_ad_late,gamma_relative_power,exploratory,0.14844132577790556
lab_subject_3,block_late_vs_no_ad_late,gamma_relative_power,exploratory,-0.17618998508151512
lab_subject_5,block_late_vs_no_ad_late,gamma_relative_power,exploratory,0.03252336257354661
lab_subject_6,block_late_vs_no_ad_late,gamma_relative_power,exploratory,-0.042019477434285246
lab_subject_7,block_late_vs_no_ad_late,gamma_relative_power,exploratory,-0.056799758527345146
lab_subject_8,block_late_vs_no_ad_late,gamma_relative_power,exploratory,-0.011000766722563938
lab_subject_9,block_late_vs_no_ad_late,gamma_relative_power,exploratory,0.05408083076198361
lab_subject_1,any_ad_vs_matched_no_ad,gamma_relative_power,exploratory,0.057743470357029675
lab_subject_10,any_ad_vs_matched_no_ad,gamma_relative_power,exploratory,0.0037831952528937837
lab_subject_11,any_ad_vs_matched_no_ad,gamma_relative_power,exploratory,-0.008342914890354255
lab_subject_12,any_ad_vs_matched_no_ad,gamma_relative_power,exploratory,0.04308862652918153
lab_subject_13,any_ad_vs_matched_no_ad,gamma_relative_power,exploratory,0.04132750097784119
lab_subject_14,any_ad_vs_matched_no_ad,gamma_relative_power,exploratory,-0.08392628819283753
lab_subject_15,any_ad_vs_matched_no_ad,gamma_relative_power,exploratory,0.006172192697251725
lab_subject_16,any_ad_vs_matched_no_ad,gamma_relative_power,exploratory,-0.04851423299351604
lab_subject_17,any_ad_vs_matched_no_ad,gamma_relative_power,exploratory,0.01039535372251708
lab_subject_18,any_ad_vs_matched_no_ad,gamma_relative_power,exploratory,0.010175798040230367
lab_subject_19,any_ad_vs_matched_no_ad,gamma_relative_power,exploratory,0.004091701061263018
lab_subject_2,any_ad_vs_matched_no_ad,gamma_relative_power,exploratory,0.04979073137936179
lab_subject_3,any_ad_vs_matched_no_ad,gamma_relative_power,exploratory,-0.11119786722758564
lab_subject_5,any_ad_vs_matched_no_ad,gamma_relative_power,exploratory,0.010390885171251776
lab_subject_6,any_ad_vs_matched_no_ad,gamma_relative_power,exploratory,-0.033729677633690044
lab_subject_7,any_ad_vs_matched_no_ad,gamma_relative_power,exploratory,-0.16353104754614958
lab_subject_8,any_ad_vs_matched_no_ad,gamma_relative_power,exploratory,-0.018323670791165904
lab_subject_9,any_ad_vs_matched_no_ad,gamma_relative_power,exploratory,0.0430434067074031
lab_subject_1,inline_vs_block,gamma_relative_power,exploratory,0.009902275139875398
lab_subject_10,inline_vs_block,gamma_relative_power,exploratory,0.009631934868105648
lab_subject_11,inline_vs_block,gamma_relative_power,exploratory,0.019619666724735522
lab_subject_12,inline_vs_block,gamma_relative_power,exploratory,0.03622698349348616
lab_subject_13,inline_vs_block,gamma_relative_power,exploratory,-0.035524602264532704
lab_subject_14,inline_vs_block,gamma_relative_power,exploratory,-0.008052903771343977
lab_subject_15,inline_vs_block,gamma_relative_power,exploratory,0.07633246596114127
lab_subject_16,inline_vs_block,gamma_relative_power,exploratory,-0.021141953496391582
lab_subject_17,inline_vs_block,gamma_relative_power,exploratory,0.043398751655725765
lab_subject_18,inline_vs_block,gamma_relative_power,exploratory,0.03397494284460838
lab_subject_19,inline_vs_block,gamma_relative_power,exploratory,0.04926703540404904
lab_subject_2,inline_vs_block,gamma_relative_power,exploratory,-0.08334598837492022
lab_subject_3,inline_vs_block,gamma_relative_power,exploratory,0.016836999222631994
lab_subject_5,inline_vs_block,gamma_relative_power,exploratory,0.014179483153251276
lab_subject_6,inline_vs_block,gamma_relative_power,exploratory,0.03802573482434633
lab_subject_7,inline_vs_block,gamma_relative_power,exploratory,-0.015206637903189414
lab_subject_8,inline_vs_block,gamma_relative_power,exploratory,-0.019161741560815872
lab_subject_9,inline_vs_block,gamma_relative_power,exploratory,0.03696920240419834
lab_subject_1,early_vs_late,gamma_relative_power,exploratory,0.04658581654915366
lab_subject_10,early_vs_late,gamma_relative_power,exploratory,0.008920740694107476
lab_subject_11,early_vs_late,gamma_relative_power,exploratory,0.0349465528339464
lab_subject_12,early_vs_late,gamma_relative_power,exploratory,0.006097465589710397
lab_subject_13,early_vs_late,gamma_relative_power,exploratory,0.05474114571345838
lab_subject_14,early_vs_late,gamma_relative_power,exploratory,0.07207003658451912
lab_subject_15,early_vs_late,gamma_relative_power,exploratory,0.08398450746171926
lab_subject_16,early_vs_late,gamma_relative_power,exploratory,-0.05859406862921606
lab_subject_17,early_vs_late,gamma_relative_power,exploratory,-0.04090379373638384
lab_subject_18,early_vs_late,gamma_relative_power,exploratory,0.045692015778987904
lab_subject_19,early_vs_late,gamma_relative_power,exploratory,-0.016601430176132845
lab_subject_2,early_vs_late,gamma_relative_power,exploratory,-0.05691091913872828
lab_subject_3,early_vs_late,gamma_relative_power,exploratory,0.04151311367204189
lab_subject_5,early_vs_late,gamma_relative_power,exploratory,-0.04602117603092752
lab_subject_6,early_vs_late,gamma_relative_power,exploratory,-0.018609670053905104
lab_subject_7,early_vs_late,gamma_relative_power,exploratory,-0.05894387234330032
lab_subject_8,early_vs_late,gamma_relative_power,exploratory,-0.0002302516801744826
lab_subject_9,early_vs_late,gamma_relative_power,exploratory,-0.08084056544846854
lab_subject_1,format_x_timing,gamma_relative_power,exploratory,0.16011384848222815
lab_subject_10,format_x_timing,gamma_relative_power,exploratory,0.032258635085566895
lab_subject_11,format_x_timing,gamma_relative_power,exploratory,-0.030379272416736262
lab_subject_12,format_x_timing,gamma_relative_power,exploratory,0.07719713473324177
lab_subject_13,format_x_timing,gamma_relative_power,exploratory,-0.06481431329285772
lab_subject_14,format_x_timing,gamma_relative_power,exploratory,-0.0919402018731918
lab_subject_15,format_x_timing,gamma_relative_power,exploratory,0.18319408523843542
lab_subject_16,format_x_timing,gamma_relative_power,exploratory,-0.06398433184195215
lab_subject_17,format_x_timing,gamma_relative_power,exploratory,-0.010203965218094385
lab_subject_18,format_x_timing,gamma_relative_power,exploratory,-0.045585761490849974
lab_subject_19,format_x_timing,gamma_relative_power,exploratory,0.004854684059115991
lab_subject_2,format_x_timing,gamma_relative_power,exploratory,0.07550547033869537
lab_subject_3,format_x_timing,gamma_relative_power,exploratory,-0.03688114276646706
lab_subject_5,format_x_timing,gamma_relative_power,exploratory,0.021051104627923388
lab_subject_6,format_x_timing,gamma_relative_power,exploratory,-0.017679821910956465
lab_subject_7,format_x_timing,gamma_relative_power,exploratory,0.22470190742003848
lab_subject_8,format_x_timing,gamma_relative_power,exploratory,-0.007808620924794304
lab_subject_9,format_x_timing,gamma_relative_power,exploratory,-0.0008324197210887591
lab_subject_1,inline_early_vs_no_ad_early,engagement_beta_over_alpha_theta,exploratory,1.6612419646844114
lab_subject_10,inline_early_vs_no_ad_early,engagement_beta_over_alpha_theta,exploratory,-0.07316448065897482
lab_subject_11,inline_early_vs_no_ad_early,engagement_beta_over_alpha_theta,exploratory,0.6947078674697276
lab_subject_12,inline_early_vs_no_ad_early,engagement_beta_over_alpha_theta,exploratory,1.400846906405564
lab_subject_13,inline_early_vs_no_ad_early,engagement_beta_over_alpha_theta,exploratory,-1.7152201044494675
lab_subject_14,inline_early_vs_no_ad_early,engagement_beta_over_alpha_theta,exploratory,0.2231642185904107
lab_subject_15,inline_early_vs_no_ad_early,engagement_beta_over_alpha_theta,exploratory,0.7785748100057113
lab_subject_16,inline_early_vs_no_ad_early,engagement_beta_over_alpha_theta,exploratory,0.3736251685644909
lab_subject_17,inline_early_vs_no_ad_early,engagement_beta_over_alpha_theta,exploratory,0.026233438759506983
lab_subject_18,inline_early_vs_no_ad_early,engagement_beta_over_alpha_theta,exploratory,0.5303781955593525
lab_subject_19,inline_early_vs_no_ad_early,engagement_beta_over_alpha_theta,exploratory,0.380468963274276
lab_subject_2,inline_early_vs_no_ad_early,engagement_beta_over_alpha_theta,exploratory,0.7489992234820271
lab_subject_3,inline_early_vs_no_ad_early,engagement_beta_over_alpha_theta,exploratory,-1.6857467918995437
lab_subject_5,inline_early_vs_no_ad_early,engagement_beta_over_alpha_theta,exploratory,-0.2436270548071231
lab_subject_6,inline_early_vs_no_ad_early,engagement_beta_over_alpha_theta,exploratory,-0.739763001680948
lab_subject_7,inline_early_vs_no_ad_early,engagement_beta_over_alpha_theta,exploratory,-2.7799739199640263
lab_subject_8,inline_early_vs_no_ad_early,engagement_beta_over_alpha_theta,exploratory,-0.9639432895799681
lab_subject_9,inline_early_vs_no_ad_early,engagement_beta_over_alpha_theta,exploratory,0.5281754950239601
lab_subject_1,block_early_vs_no_ad_early,engagement_beta_over_alpha_theta,exploratory,2.6952984171801955
lab_subject_10,block_early_vs_no_ad_early,engagement_beta_over_alpha_theta,exploratory,-0.20751718229514104
lab_subject_11,block_early_vs_no_ad_early,engagement_beta_over_alpha_theta,exploratory,0.48957887691775887
lab_subject_12,block_early_vs_no_ad_early,engagement_beta_over_alpha_theta,exploratory,0.5171984183432252
lab_subject_13,block_early_vs_no_ad_early,engagement_beta_over_alpha_theta,exploratory,-0.8586661256397131
lab_subject_14,block_early_vs_no_ad_early,engagement_beta_over_alpha_theta,exploratory,-0.27277608967962763
lab_subject_15,block_early_vs_no_ad_early,engagement_beta_over_alpha_theta,exploratory,-0.44020582171317435
lab_subject_16,block_early_vs_no_ad_early,engagement_beta_over_alpha_theta,exploratory,-0.2771020690905073
lab_subject_17,block_early_vs_no_ad_early,engagement_beta_over_alpha_theta,exploratory,0.10074949113326723
lab_subject_18,block_early_vs_no_ad_early,engagement_beta_over_alpha_theta,exploratory,0.9035475496856689
lab_subject_19,block_early_vs_no_ad_early,engagement_beta_over_alpha_theta,exploratory,-0.2358363119016737
lab_subject_2,block_early_vs_no_ad_early,engagement_beta_over_alpha_theta,exploratory,0.9348534659403533
lab_subject_3,block_early_vs_no_ad_early,engagement_beta_over_alpha_theta,exploratory,-0.013857628599694749
lab_subject_5,block_early_vs_no_ad_early,engagement_beta_over_alpha_theta,exploratory,-0.13912234704012116
lab_subject_6,block_early_vs_no_ad_early,engagement_beta_over_alpha_theta,exploratory,-0.6794120431834337
lab_subject_7,block_early_vs_no_ad_early,engagement_beta_over_alpha_theta,exploratory,-3.6961604537228867
lab_subject_8,block_early_vs_no_ad_early,engagement_beta_over_alpha_theta,exploratory,-1.1138005073388921
lab_subject_9,block_early_vs_no_ad_early,engagement_beta_over_alpha_theta,exploratory,-0.812582080011211
lab_subject_1,inline_late_vs_no_ad_late,engagement_beta_over_alpha_theta,exploratory,-0.7816334143701721
lab_subject_10,inline_late_vs_no_ad_late,engagement_beta_over_alpha_theta,exploratory,0.15965915374712153
lab_subject_11,inline_late_vs_no_ad_late,engagement_beta_over_alpha_theta,exploratory,0.09939392375913114
lab_subject_12,inline_late_vs_no_ad_late,engagement_beta_over_alpha_theta,exploratory,0.14243546466065085
lab_subject_13,inline_late_vs_no_ad_late,engagement_beta_over_alpha_theta,exploratory,0.29394625366794114
lab_subject_14,inline_late_vs_no_ad_late,engagement_beta_over_alpha_theta,exploratory,-0.8043408211986195
lab_subject_15,inline_late_vs_no_ad_late,engagement_beta_over_alpha_theta,exploratory,-0.7789790801992575
lab_subject_16,inline_late_vs_no_ad_late,engagement_beta_over_alpha_theta,exploratory,1.154358678230593
lab_subject_17,inline_late_vs_no_ad_late,engagement_beta_over_alpha_theta,exploratory,-0.009816457954222313
lab_subject_18,inline_late_vs_no_ad_late,engagement_beta_over_alpha_theta,exploratory,-0.5032162085196062
lab_subject_19,inline_late_vs_no_ad_late,engagement_beta_over_alpha_theta,exploratory,-0.3377270329963313
lab_subject_2,inline_late_vs_no_ad_late,engagement_beta_over_alpha_theta,exploratory,0.4357953419009592
lab_subject_3,inline_late_vs_no_ad_late,engagement_beta_over_alpha_theta,exploratory,-1.3675354409839984
lab_subject_5,inline_late_vs_no_ad_late,engagement_beta_over_alpha_theta,exploratory,-0.1907415981270505
lab_subject_6,inline_late_vs_no_ad_late,engagement_beta_over_alpha_theta,exploratory,0.6890275322165813
lab_subject_7,inline_late_vs_no_ad_late,engagement_beta_over_alpha_theta,exploratory,-1.75312004538624
lab_subject_8,inline_late_vs_no_ad_late,engagement_beta_over_alpha_theta,exploratory,-0.1934818124740939
lab_subject_9,inline_late_vs_no_ad_late,engagement_beta_over_alpha_theta,exploratory,1.3075271217588922
lab_subject_1,block_late_vs_no_ad_late,engagement_beta_over_alpha_theta,exploratory,-0.15394939219808057
lab_subject_10,block_late_vs_no_ad_late,engagement_beta_over_alpha_theta,exploratory,0.14230657512629497
lab_subject_11,block_late_vs_no_ad_late,engagement_beta_over_alpha_theta,exploratory,-0.18197537615656378
lab_subject_12,block_late_vs_no_ad_late,engagement_beta_over_alpha_theta,exploratory,0.38793470748294995
lab_subject_13,block_late_vs_no_ad_late,engagement_beta_over_alpha_theta,exploratory,-0.01710198220893988
lab_subject_14,block_late_vs_no_ad_late,engagement_beta_over_alpha_theta,exploratory,-1.2520746996433791
lab_subject_15,block_late_vs_no_ad_late,engagement_beta_over_alpha_theta,exploratory,0.15593398103707745
lab_subject_16,block_late_vs_no_ad_late,engagement_beta_over_alpha_theta,exploratory,1.0018826912032281
lab_subject_17,block_late_vs_no_ad_late,engagement_beta_over_alpha_theta,exploratory,-0.3823211578505744
lab_subject_18,block_late_vs_no_ad_late,engagement_beta_over_alpha_theta,exploratory,-0.8656533837556766
lab_subject_19,block_late_vs_no_ad_late,engagement_beta_over_alpha_theta,exploratory,-0.8652920209447374
lab_subject_2,block_late_vs_no_ad_late,engagement_beta_over_alpha_theta,exploratory,1.5808003794852978
lab_subject_3,block_late_vs_no_ad_late,engagement_beta_over_alpha_theta,exploratory,-2.236639003446319
lab_subject_5,block_late_vs_no_ad_late,engagement_beta_over_alpha_theta,exploratory,0.2268121464652394
lab_subject_6,block_late_vs_no_ad_late,engagement_beta_over_alpha_theta,exploratory,0.08314968166816161
lab_subject_7,block_late_vs_no_ad_late,engagement_beta_over_alpha_theta,exploratory,-0.47262069206300006
lab_subject_8,block_late_vs_no_ad_late,engagement_beta_over_alpha_theta,exploratory,0.17213307123073696
lab_subject_9,block_late_vs_no_ad_late,engagement_beta_over_alpha_theta,exploratory,0.5829769729557104
lab_subject_1,any_ad_vs_matched_no_ad,engagement_beta_over_alpha_theta,exploratory,0.8552393938240885
lab_subject_10,any_ad_vs_matched_no_ad,engagement_beta_over_alpha_theta,exploratory,0.005321016479825157
lab_subject_11,any_ad_vs_matched_no_ad,engagement_beta_over_alpha_theta,exploratory,0.27542632299751346
lab_subject_12,any_ad_vs_matched_no_ad,engagement_beta_over_alpha_theta,exploratory,0.6121038742230974
lab_subject_13,any_ad_vs_matched_no_ad,engagement_beta_over_alpha_theta,exploratory,-0.5742604896575448
lab_subject_14,any_ad_vs_matched_no_ad,engagement_beta_over_alpha_theta,exploratory,-0.5265068479828038
lab_subject_15,any_ad_vs_matched_no_ad,engagement_beta_over_alpha_theta,exploratory,-0.07116902771741078
lab_subject_16,any_ad_vs_matched_no_ad,engagement_beta_over_alpha_theta,exploratory,0.5631911172269513
lab_subject_17,any_ad_vs_matched_no_ad,engagement_beta_over_alpha_theta,exploratory,-0.06628867147800563
lab_subject_18,any_ad_vs_matched_no_ad,engagement_beta_over_alpha_theta,exploratory,0.016264038242434636
lab_subject_19,any_ad_vs_matched_no_ad,engagement_beta_over_alpha_theta,exploratory,-0.26459660064211665
lab_subject_2,any_ad_vs_matched_no_ad,engagement_beta_over_alpha_theta,exploratory,0.9251121027021593
lab_subject_3,any_ad_vs_matched_no_ad,engagement_beta_over_alpha_theta,exploratory,-1.325944716232389
lab_subject_5,any_ad_vs_matched_no_ad,engagement_beta_over_alpha_theta,exploratory,-0.08666971337726384
lab_subject_6,any_ad_vs_matched_no_ad,engagement_beta_over_alpha_theta,exploratory,-0.1617494577449097
lab_subject_7,any_ad_vs_matched_no_ad,engagement_beta_over_alpha_theta,exploratory,-2.175468777784038
lab_subject_8,any_ad_vs_matched_no_ad,engagement_beta_over_alpha_theta,exploratory,-0.5247731345405542
lab_subject_9,any_ad_vs_matched_no_ad,engagement_beta_over_alpha_theta,exploratory,0.4015243774318379
lab_subject_1,inline_vs_block,engagement_beta_over_alpha_theta,exploratory,-0.8308702373339377
lab_subject_10,inline_vs_block,engagement_beta_over_alpha_theta,exploratory,0.07585264012849639
lab_subject_11,inline_vs_block,engagement_beta_over_alpha_theta,exploratory,0.24324914523383184
lab_subject_12,inline_vs_block,engagement_beta_over_alpha_theta,exploratory,0.31907462262001973
lab_subject_13,inline_vs_block,engagement_beta_over_alpha_theta,exploratory,-0.2727528714664367
lab_subject_14,inline_vs_block,engagement_beta_over_alpha_theta,exploratory,0.47183709335739893
lab_subject_15,inline_vs_block,engagement_beta_over_alpha_theta,exploratory,0.14193378524127534
lab_subject_16,inline_vs_block,engagement_beta_over_alpha_theta,exploratory,0.40160161234118147
lab_subject_17,inline_vs_block,engagement_beta_over_alpha_theta,exploratory,0.1489943237612959
lab_subject_18,inline_vs_block,engagement_beta_over_alpha_theta,exploratory,-0.005366089445122985
lab_subject_19,inline_vs_block,engagement_beta_over_alpha_theta,exploratory,0.5719351315621779
lab_subject_2,inline_vs_block,engagement_beta_over_alpha_theta,exploratory,-0.6654296400213325
lab_subject_3,inline_vs_block,engagement_beta_over_alpha_theta,exploratory,-0.40139280041876396
lab_subject_5,inline_vs_block,engagement_beta_over_alpha_theta,exploratory,-0.2610292261796459
lab_subject_6,inline_vs_block,engagement_beta_over_alpha_theta,exploratory,0.2727634460254527
lab_subject_7,inline_vs_block,engagement_beta_over_alpha_theta,exploratory,-0.18215640978218967
lab_subject_8,inline_vs_block,engagement_beta_over_alpha_theta,exploratory,-0.10787883297295342
lab_subject_9,inline_vs_block,engagement_beta_over_alpha_theta,exploratory,1.0326538619191765
lab_subject_1,early_vs_late,engagement_beta_over_alpha_theta,exploratory,0.31127318508062524
lab_subject_10,early_vs_late,engagement_beta_over_alpha_theta,exploratory,0.020010182644519717
lab_subject_11,early_vs_late,engagement_beta_over_alpha_theta,exploratory,0.6434072609893834
lab_subject_12,early_vs_late,engagement_beta_over_alpha_theta,exploratory,0.14269772279382192
lab_subject_13,early_vs_late,engagement_beta_over_alpha_theta,exploratory,0.6875737086141498
lab_subject_14,early_vs_late,engagement_beta_over_alpha_theta,exploratory,0.974989996086866
lab_subject_15,early_vs_late,engagement_beta_over_alpha_theta,exploratory,0.4504992641312947
lab_subject_16,early_vs_late,engagement_beta_over_alpha_theta,exploratory,0.5529610033107453
lab_subject_17,early_vs_late,engagement_beta_over_alpha_theta,exploratory,-0.3201842668734987
lab_subject_18,early_vs_late,engagement_beta_over_alpha_theta,exploratory,0.03990851151699462
lab_subject_19,early_vs_late,engagement_beta_over_alpha_theta,exploratory,-0.15687496336682033
lab_subject_2,early_vs_late,engagement_beta_over_alpha_theta,exploratory,0.06214778184277259
lab_subject_3,early_vs_late,engagement_beta_over_alpha_theta,exploratory,0.3045649736647598
lab_subject_5,early_vs_late,engagement_beta_over_alpha_theta,exploratory,-0.4238747534794504
lab_subject_6,early_vs_late,engagement_beta_over_alpha_theta,exploratory,-0.2840010395517179
lab_subject_7,early_vs_late,engagement_beta_over_alpha_theta,exploratory,-0.3310461022935564
lab_subject_8,early_vs_late,engagement_beta_over_alpha_theta,exploratory,-0.7267691908729079
lab_subject_9,early_vs_late,engagement_beta_over_alpha_theta,exploratory,-0.3332016502824774
lab_subject_1,format_x_timing,engagement_beta_over_alpha_theta,exploratory,-0.4063724303236923
lab_subject_10,format_x_timing,engagement_beta_over_alpha_theta,exploratory,0.11700012301533966
lab_subject_11,format_x_timing,engagement_beta_over_alpha_theta,exploratory,-0.07624030936372628
lab_subject_12,format_x_timing,engagement_beta_over_alpha_theta,exploratory,1.1291477308846378
lab_subject_13,format_x_timing,engagement_beta_over_alpha_theta,exploratory,-1.1676022146866356
lab_subject_14,format_x_timing,engagement_beta_over_alpha_theta,exploratory,0.048206429825278785
lab_subject_15,format_x_timing,engagement_beta_over_alpha_theta,exploratory,2.153693692955221
lab_subject_16,format_x_timing,engagement_beta_over_alpha_theta,exploratory,0.4982512506276334
lab_subject_17,format_x_timing,engagement_beta_over_alpha_theta,exploratory,-0.4470207522701123
lab_subject_18,format_x_timing,engagement_beta_over_alpha_theta,exploratory,-0.7356065293623866
lab_subject_19,format_x_timing,engagement_beta_over_alpha_theta,exploratory,0.08874028722754346
lab_subject_2,format_x_timing,engagement_beta_over_alpha_theta,exploratory,0.9591507951260125
lab_subject_3,format_x_timing,engagement_beta_over_alpha_theta,exploratory,-2.54099272576217
lab_subject_5,format_x_timing,engagement_beta_over_alpha_theta,exploratory,0.31304903682528795
lab_subject_6,format_x_timing,engagement_beta_over_alpha_theta,exploratory,-0.666228809045934
lab_subject_7,format_x_timing,engagement_beta_over_alpha_theta,exploratory,2.1966858870821
lab_subject_8,format_x_timing,engagement_beta_over_alpha_theta,exploratory,0.515472101463755
lab_subject_9,format_x_timing,engagement_beta_over_alpha_theta,exploratory,0.6162074262319894
lab_subject_1,inline_early_vs_no_ad_early,engagement_pope_frontocentral_beta_over_alpha_theta,exploratory,1.997275895881854
lab_subject_10,inline_early_vs_no_ad_early,engagement_pope_frontocentral_beta_over_alpha_theta,exploratory,-0.19375825015230091
lab_subject_11,inline_early_vs_no_ad_early,engagement_pope_frontocentral_beta_over_alpha_theta,exploratory,0.9052759119414183
lab_subject_12,inline_early_vs_no_ad_early,engagement_pope_frontocentral_beta_over_alpha_theta,exploratory,1.6344009228995884
lab_subject_13,inline_early_vs_no_ad_early,engagement_pope_frontocentral_beta_over_alpha_theta,exploratory,-1.3187453737972241
lab_subject_14,inline_early_vs_no_ad_early,engagement_pope_frontocentral_beta_over_alpha_theta,exploratory,0.3335314049369804
lab_subject_15,inline_early_vs_no_ad_early,engagement_pope_frontocentral_beta_over_alpha_theta,exploratory,0.501974157619029
lab_subject_16,inline_early_vs_no_ad_early,engagement_pope_frontocentral_beta_over_alpha_theta,exploratory,0.22784436092902416
lab_subject_17,inline_early_vs_no_ad_early,engagement_pope_frontocentral_beta_over_alpha_theta,exploratory,0.033121569386948435
lab_subject_18,inline_early_vs_no_ad_early,engagement_pope_frontocentral_beta_over_alpha_theta,exploratory,0.532301642586551
lab_subject_19,inline_early_vs_no_ad_early,engagement_pope_frontocentral_beta_over_alpha_theta,exploratory,0.6889847936339208
lab_subject_2,inline_early_vs_no_ad_early,engagement_pope_frontocentral_beta_over_alpha_theta,exploratory,0.6258403063060362
lab_subject_3,inline_early_vs_no_ad_early,engagement_pope_frontocentral_beta_over_alpha_theta,exploratory,-1.628325093530691
lab_subject_5,inline_early_vs_no_ad_early,engagement_pope_frontocentral_beta_over_alpha_theta,exploratory,-0.5678144092980144
lab_subject_6,inline_early_vs_no_ad_early,engagement_pope_frontocentral_beta_over_alpha_theta,exploratory,-0.3131657031039945
lab_subject_7,inline_early_vs_no_ad_early,engagement_pope_frontocentral_beta_over_alpha_theta,exploratory,-3.5042630070140235
lab_subject_8,inline_early_vs_no_ad_early,engagement_pope_frontocentral_beta_over_alpha_theta,exploratory,-0.7597507871313347
lab_subject_9,inline_early_vs_no_ad_early,engagement_pope_frontocentral_beta_over_alpha_theta,exploratory,1.4117234295001053
lab_subject_1,block_early_vs_no_ad_early,engagement_pope_frontocentral_beta_over_alpha_theta,exploratory,3.2261560654132664
lab_subject_10,block_early_vs_no_ad_early,engagement_pope_frontocentral_beta_over_alpha_theta,exploratory,0.007098267548455273
lab_subject_11,block_early_vs_no_ad_early,engagement_pope_frontocentral_beta_over_alpha_theta,exploratory,0.48990906128285505
lab_subject_12,block_early_vs_no_ad_early,engagement_pope_frontocentral_beta_over_alpha_theta,exploratory,0.7028278831287522
lab_subject_13,block_early_vs_no_ad_early,engagement_pope_frontocentral_beta_over_alpha_theta,exploratory,-0.8345211933826464
lab_subject_14,block_early_vs_no_ad_early,engagement_pope_frontocentral_beta_over_alpha_theta,exploratory,-0.03830621783500687
lab_subject_15,block_early_vs_no_ad_early,engagement_pope_frontocentral_beta_over_alpha_theta,exploratory,-0.16025641695043435
lab_subject_16,block_early_vs_no_ad_early,engagement_pope_frontocentral_beta_over_alpha_theta,exploratory,0.6002667828776518
lab_subject_17,block_early_vs_no_ad_early,engagement_pope_frontocentral_beta_over_alpha_theta,exploratory,-0.14608484030792157
lab_subject_18,block_early_vs_no_ad_early,engagement_pope_frontocentral_beta_over_alpha_theta,exploratory,1.9981499391840787
lab_subject_19,block_early_vs_no_ad_early,engagement_pope_frontocentral_beta_over_alpha_theta,exploratory,0.1855716031020912
lab_subject_2,block_early_vs_no_ad_early,engagement_pope_frontocentral_beta_over_alpha_theta,exploratory,0.0070543278153967215
lab_subject_3,block_early_vs_no_ad_early,engagement_pope_frontocentral_beta_over_alpha_theta,exploratory,0.02906999462122173
lab_subject_5,block_early_vs_no_ad_early,engagement_pope_frontocentral_beta_over_alpha_theta,exploratory,-0.22642537911823302
lab_subject_6,block_early_vs_no_ad_early,engagement_pope_frontocentral_beta_over_alpha_theta,exploratory,-0.34078469601099004
lab_subject_7,block_early_vs_no_ad_early,engagement_pope_frontocentral_beta_over_alpha_theta,exploratory,-4.706181213579795
lab_subject_8,block_early_vs_no_ad_early,engagement_pope_frontocentral_beta_over_alpha_theta,exploratory,-1.0676216363810682
lab_subject_9,block_early_vs_no_ad_early,engagement_pope_frontocentral_beta_over_alpha_theta,exploratory,-0.34197589223411384
lab_subject_1,inline_late_vs_no_ad_late,engagement_pope_frontocentral_beta_over_alpha_theta,exploratory,-1.4200788716960955
lab_subject_10,inline_late_vs_no_ad_late,engagement_pope_frontocentral_beta_over_alpha_theta,exploratory,0.06866110254501614
lab_subject_11,inline_late_vs_no_ad_late,engagement_pope_frontocentral_beta_over_alpha_theta,exploratory,0.25952518031074423
lab_subject_12,inline_late_vs_no_ad_late,engagement_pope_frontocentral_beta_over_alpha_theta,exploratory,0.058288812105870835
lab_subject_13,inline_late_vs_no_ad_late,engagement_pope_frontocentral_beta_over_alpha_theta,exploratory,0.042149942684088226
lab_subject_14,inline_late_vs_no_ad_late,engagement_pope_frontocentral_beta_over_alpha_theta,exploratory,-0.4542309770165842
lab_subject_15,inline_late_vs_no_ad_late,engagement_pope_frontocentral_beta_over_alpha_theta,exploratory,-0.5926136289723412
lab_subject_16,inline_late_vs_no_ad_late,engagement_pope_frontocentral_beta_over_alpha_theta,exploratory,2.034469669322507
lab_subject_17,inline_late_vs_no_ad_late,engagement_pope_frontocentral_beta_over_alpha_theta,exploratory,0.2875473266922888
lab_subject_18,inline_late_vs_no_ad_late,engagement_pope_frontocentral_beta_over_alpha_theta,exploratory,-0.9634598900180376
lab_subject_19,inline_late_vs_no_ad_late,engagement_pope_frontocentral_beta_over_alpha_theta,exploratory,-0.4738833275732788
lab_subject_2,inline_late_vs_no_ad_late,engagement_pope_frontocentral_beta_over_alpha_theta,exploratory,0.23474228216132487
lab_subject_3,inline_late_vs_no_ad_late,engagement_pope_frontocentral_beta_over_alpha_theta,exploratory,-1.1014621521931587
lab_subject_5,inline_late_vs_no_ad_late,engagement_pope_frontocentral_beta_over_alpha_theta,exploratory,0.3845208861820919
lab_subject_6,inline_late_vs_no_ad_late,engagement_pope_frontocentral_beta_over_alpha_theta,exploratory,0.44740454937016894
lab_subject_7,inline_late_vs_no_ad_late,engagement_pope_frontocentral_beta_over_alpha_theta,exploratory,-1.8202493404132294
lab_subject_8,inline_late_vs_no_ad_late,engagement_pope_frontocentral_beta_over_alpha_theta,exploratory,-0.34552857333955356
lab_subject_9,inline_late_vs_no_ad_late,engagement_pope_frontocentral_beta_over_alpha_theta,exploratory,1.060707716789309
lab_subject_1,block_late_vs_no_ad_late,engagement_pope_frontocentral_beta_over_alpha_theta,exploratory,0.30126761587030826
lab_subject_10,block_late_vs_no_ad_late,engagement_pope_frontocentral_beta_over_alpha_theta,exploratory,0.14528249513282734
lab_subject_11,block_late_vs_no_ad_late,engagement_pope_frontocentral_beta_over_alpha_theta,exploratory,-0.06077903210407132
lab_subject_12,block_late_vs_no_ad_late,engagement_pope_frontocentral_beta_over_alpha_theta,exploratory,0.3857023651569697
lab_subject_13,block_late_vs_no_ad_late,engagement_pope_frontocentral_beta_over_alpha_theta,exploratory,-0.2154027524200116
lab_subject_14,block_late_vs_no_ad_late,engagement_pope_frontocentral_beta_over_alpha_theta,exploratory,-0.6636740401528208
lab_subject_15,block_late_vs_no_ad_late,engagement_pope_frontocentral_beta_over_alpha_theta,exploratory,0.05465543578745585
lab_subject_16,block_late_vs_no_ad_late,engagement_pope_frontocentral_beta_over_alpha_theta,exploratory,1.243260732915199
lab_subject_17,block_late_vs_no_ad_late,engagement_pope_frontocentral_beta_over_alpha_theta,exploratory,-0.47847724363257704
lab_subject_18,block_late_vs_no_ad_late,engagement_pope_frontocentral_beta_over_alpha_theta,exploratory,-1.5270505559976426
lab_subject_19,block_late_vs_no_ad_late,engagement_pope_frontocentral_beta_over_alpha_theta,exploratory,-0.5923840449852478
lab_subject_2,block_late_vs_no_ad_late,engagement_pope_frontocentral_beta_over_alpha_theta,exploratory,1.0346652833411583
lab_subject_3,block_late_vs_no_ad_late,engagement_pope_frontocentral_beta_over_alpha_theta,exploratory,-1.9508608619906422
lab_subject_5,block_late_vs_no_ad_late,engagement_pope_frontocentral_beta_over_alpha_theta,exploratory,0.19669108701308896
lab_subject_6,block_late_vs_no_ad_late,engagement_pope_frontocentral_beta_over_alpha_theta,exploratory,0.21509190693588043
lab_subject_7,block_late_vs_no_ad_late,engagement_pope_frontocentral_beta_over_alpha_theta,exploratory,-0.22001813728698627
lab_subject_8,block_late_vs_no_ad_late,engagement_pope_frontocentral_beta_over_alpha_theta,exploratory,-0.0756304625972698
lab_subject_9,block_late_vs_no_ad_late,engagement_pope_frontocentral_beta_over_alpha_theta,exploratory,0.7352834717492912
lab_subject_1,any_ad_vs_matched_no_ad,engagement_pope_frontocentral_beta_over_alpha_theta,exploratory,1.0261551763673333
lab_subject_10,any_ad_vs_matched_no_ad,engagement_pope_frontocentral_beta_over_alpha_theta,exploratory,0.006820903768499462
lab_subject_11,any_ad_vs_matched_no_ad,engagement_pope_frontocentral_beta_over_alpha_theta,exploratory,0.39848278035773654
lab_subject_12,any_ad_vs_matched_no_ad,engagement_pope_frontocentral_beta_over_alpha_theta,exploratory,0.6953049958227954
lab_subject_13,any_ad_vs_matched_no_ad,engagement_pope_frontocentral_beta_over_alpha_theta,exploratory,-0.5816298442289485
lab_subject_14,any_ad_vs_matched_no_ad,engagement_pope_frontocentral_beta_over_alpha_theta,exploratory,-0.20566995751685788
lab_subject_15,any_ad_vs_matched_no_ad,engagement_pope_frontocentral_beta_over_alpha_theta,exploratory,-0.049060113129072686
lab_subject_16,any_ad_vs_matched_no_ad,engagement_pope_frontocentral_beta_over_alpha_theta,exploratory,1.0264603865110955
lab_subject_17,any_ad_vs_matched_no_ad,engagement_pope_frontocentral_beta_over_alpha_theta,exploratory,-0.07597329696531535
lab_subject_18,any_ad_vs_matched_no_ad,engagement_pope_frontocentral_beta_over_alpha_theta,exploratory,0.009985283938737322
lab_subject_19,any_ad_vs_matched_no_ad,engagement_pope_frontocentral_beta_over_alpha_theta,exploratory,-0.04792774395562863
lab_subject_2,any_ad_vs_matched_no_ad,engagement_pope_frontocentral_beta_over_alpha_theta,exploratory,0.475575549905979
lab_subject_3,any_ad_vs_matched_no_ad,engagement_pope_frontocentral_beta_over_alpha_theta,exploratory,-1.1628945282733176
lab_subject_5,any_ad_vs_matched_no_ad,engagement_pope_frontocentral_beta_over_alpha_theta,exploratory,-0.05325695380526664
lab_subject_6,any_ad_vs_matched_no_ad,engagement_pope_frontocentral_beta_over_alpha_theta,exploratory,0.0021365142977662066
lab_subject_7,any_ad_vs_matched_no_ad,engagement_pope_frontocentral_beta_over_alpha_theta,exploratory,-2.5626779245735083
lab_subject_8,any_ad_vs_matched_no_ad,engagement_pope_frontocentral_beta_over_alpha_theta,exploratory,-0.5621328648623066
lab_subject_9,any_ad_vs_matched_no_ad,engagement_pope_frontocentral_beta_over_alpha_theta,exploratory,0.716434681451148
lab_subject_1,inline_vs_block,engagement_pope_frontocentral_beta_over_alpha_theta,exploratory,-1.4751133285489084
lab_subject_10,inline_vs_block,engagement_pope_frontocentral_beta_over_alpha_theta,exploratory,-0.1387389551442837
lab_subject_11,inline_vs_block,engagement_pope_frontocentral_beta_over_alpha_theta,exploratory,0.3678355315366894
lab_subject_12,inline_vs_block,engagement_pope_frontocentral_beta_over_alpha_theta,exploratory,0.30207974335986865
lab_subject_13,inline_vs_block,engagement_pope_frontocentral_beta_over_alpha_theta,exploratory,-0.11333574265523894
lab_subject_14,inline_vs_block,engagement_pope_frontocentral_beta_over_alpha_theta,exploratory,0.29064034295411195
lab_subject_15,inline_vs_block,engagement_pope_frontocentral_beta_over_alpha_theta,exploratory,0.007480754904833131
lab_subject_16,inline_vs_block,engagement_pope_frontocentral_beta_over_alpha_theta,exploratory,0.2093932572293401
lab_subject_17,inline_vs_block,engagement_pope_frontocentral_beta_over_alpha_theta,exploratory,0.4726154900098679
lab_subject_18,inline_vs_block,engagement_pope_frontocentral_beta_over_alpha_theta,exploratory,-0.45112881530896115
lab_subject_19,inline_vs_block,engagement_pope_frontocentral_beta_over_alpha_theta,exploratory,0.3109569539718993
lab_subject_2,inline_vs_block,engagement_pope_frontocentral_beta_over_alpha_theta,exploratory,-0.09056851134459698
lab_subject_3,inline_vs_block,engagement_pope_frontocentral_beta_over_alpha_theta,exploratory,-0.4039981891772147
lab_subject_5,inline_vs_block,engagement_pope_frontocentral_beta_over_alpha_theta,exploratory,-0.07677961550538923
lab_subject_6,inline_vs_block,engagement_pope_frontocentral_beta_over_alpha_theta,exploratory,0.12996581767064203
lab_subject_7,inline_vs_block,engagement_pope_frontocentral_beta_over_alpha_theta,exploratory,-0.19915649828023618
lab_subject_8,inline_vs_block,engagement_pope_frontocentral_beta_over_alpha_theta,exploratory,0.018986369253724766
lab_subject_9,inline_vs_block,engagement_pope_frontocentral_beta_over_alpha_theta,exploratory,1.0395617833871187
lab_subject_1,early_vs_late,engagement_pope_frontocentral_beta_over_alpha_theta,exploratory,-0.09238432241386452
lab_subject_10,early_vs_late,engagement_pope_frontocentral_beta_over_alpha_theta,exploratory,-0.03230521528732033
lab_subject_11,early_vs_late,engagement_pope_frontocentral_beta_over_alpha_theta,exploratory,0.7011096598879416
lab_subject_12,early_vs_late,engagement_pope_frontocentral_beta_over_alpha_theta,exploratory,0.3286216644551788
lab_subject_13,early_vs_late,engagement_pope_frontocentral_beta_over_alpha_theta,exploratory,0.2616815761515934
lab_subject_14,early_vs_late,engagement_pope_frontocentral_beta_over_alpha_theta,exploratory,0.8249149696532476
lab_subject_15,early_vs_late,engagement_pope_frontocentral_beta_over_alpha_theta,exploratory,0.4305584055152142
lab_subject_16,early_vs_late,engagement_pope_frontocentral_beta_over_alpha_theta,exploratory,0.26086533411861945
lab_subject_17,early_vs_late,engagement_pope_frontocentral_beta_over_alpha_theta,exploratory,-0.3542029109495548
lab_subject_18,early_vs_late,engagement_pope_frontocentral_beta_over_alpha_theta,exploratory,-0.6714000761818215
lab_subject_19,early_vs_late,engagement_pope_frontocentral_beta_over_alpha_theta,exploratory,-0.13075462105545493
lab_subject_2,early_vs_late,engagement_pope_frontocentral_beta_over_alpha_theta,exploratory,-0.16585245200354404
lab_subject_3,early_vs_late,engagement_pope_frontocentral_beta_over_alpha_theta,exploratory,0.22030846637738316
lab_subject_5,early_vs_late,engagement_pope_frontocentral_beta_over_alpha_theta,exploratory,-0.4982941388918604
lab_subject_6,early_vs_late,engagement_pope_frontocentral_beta_over_alpha_theta,exploratory,-0.26374607325132077
lab_subject_7,early_vs_late,engagement_pope_frontocentral_beta_over_alpha_theta,exploratory,-0.5475096382352972
lab_subject_8,early_vs_late,engagement_pope_frontocentral_beta_over_alpha_theta,exploratory,-0.37049900779908884
lab_subject_9,early_vs_late,engagement_pope_frontocentral_beta_over_alpha_theta,exploratory,-0.18172347581847587
lab_subject_1,format_x_timing,engagement_pope_frontocentral_beta_over_alpha_theta,exploratory,0.4924663180349911
lab_subject_10,format_x_timing,engagement_pope_frontocentral_beta_over_alpha_theta,exploratory,-0.12423512511294499
lab_subject_11,format_x_timing,engagement_pope_frontocentral_beta_over_alpha_theta,exploratory,0.09506263824374772
lab_subject_12,format_x_timing,engagement_pope_frontocentral_beta_over_alpha_theta,exploratory,1.258986592821935
lab_subject_13,format_x_timing,engagement_pope_frontocentral_beta_over_alpha_theta,exploratory,-0.7417768755186775
lab_subject_14,format_x_timing,engagement_pope_frontocentral_beta_over_alpha_theta,exploratory,0.16239455963575067
lab_subject_15,format_x_timing,engagement_pope_frontocentral_beta_over_alpha_theta,exploratory,1.3094996393292604
lab_subject_16,format_x_timing,engagement_pope_frontocentral_beta_over_alpha_theta,exploratory,-1.1636313583559355
lab_subject_17,format_x_timing,engagement_pope_frontocentral_beta_over_alpha_theta,exploratory,-0.5868181606299958
lab_subject_18,format_x_timing,engagement_pope_frontocentral_beta_over_alpha_theta,exploratory,-2.029438962577133
lab_subject_19,format_x_timing,engagement_pope_frontocentral_beta_over_alpha_theta,exploratory,0.38491247311986065
lab_subject_2,format_x_timing,engagement_pope_frontocentral_beta_over_alpha_theta,exploratory,1.4187089796704728
lab_subject_3,format_x_timing,engagement_pope_frontocentral_beta_over_alpha_theta,exploratory,-2.5067937979493964
lab_subject_5,format_x_timing,engagement_pope_frontocentral_beta_over_alpha_theta,exploratory,-0.5292188293487843
lab_subject_6,format_x_timing,engagement_pope_frontocentral_beta_over_alpha_theta,exploratory,-0.20469364952729296
lab_subject_7,format_x_timing,engagement_pope_frontocentral_beta_over_alpha_theta,exploratory,2.8021494096920136
lab_subject_8,format_x_timing,engagement_pope_frontocentral_beta_over_alpha_theta,exploratory,0.5777689599920172
lab_subject_9,format_x_timing,engagement_pope_frontocentral_beta_over_alpha_theta,exploratory,1.4282750766942014
lab_subject_1,inline_early_vs_no_ad_early,engagement_kislov_central_beta16_24_over_alpha8_12,exploratory,-1.8004248438954367
lab_subject_10,inline_early_vs_no_ad_early,engagement_kislov_central_beta16_24_over_alpha8_12,exploratory,0.3559353138378134
lab_subject_11,inline_early_vs_no_ad_early,engagement_kislov_central_beta16_24_over_alpha8_12,exploratory,0.35847286409977575
lab_subject_12,inline_early_vs_no_ad_early,engagement_kislov_central_beta16_24_over_alpha8_12,exploratory,0.37609895151821376
lab_subject_13,inline_early_vs_no_ad_early,engagement_kislov_central_beta16_24_over_alpha8_12,exploratory,-3.599297407115415
lab_subject_14,inline_early_vs_no_ad_early,engagement_kislov_central_beta16_24_over_alpha8_12,exploratory,-0.11350676245926916
lab_subject_15,inline_early_vs_no_ad_early,engagement_kislov_central_beta16_24_over_alpha8_12,exploratory,-0.7229180512623465
lab_subject_16,inline_early_vs_no_ad_early,engagement_kislov_central_beta16_24_over_alpha8_12,exploratory,-0.36824245821721635
lab_subject_17,inline_early_vs_no_ad_early,engagement_kislov_central_beta16_24_over_alpha8_12,exploratory,-0.7068036544381787
lab_subject_18,inline_early_vs_no_ad_early,engagement_kislov_central_beta16_24_over_alpha8_12,exploratory,2.455095638232554
lab_subject_19,inline_early_vs_no_ad_early,engagement_kislov_central_beta16_24_over_alpha8_12,exploratory,-0.41026537141753905
lab_subject_2,inline_early_vs_no_ad_early,engagement_kislov_central_beta16_24_over_alpha8_12,exploratory,1.704294253844004
lab_subject_3,inline_early_vs_no_ad_early,engagement_kislov_central_beta16_24_over_alpha8_12,exploratory,-0.2880628002033606
lab_subject_5,inline_early_vs_no_ad_early,engagement_kislov_central_beta16_24_over_alpha8_12,exploratory,0.6562995051187925
lab_subject_6,inline_early_vs_no_ad_early,engagement_kislov_central_beta16_24_over_alpha8_12,exploratory,-1.2171701881403991
lab_subject_7,inline_early_vs_no_ad_early,engagement_kislov_central_beta16_24_over_alpha8_12,exploratory,0.039246458647941296
lab_subject_8,inline_early_vs_no_ad_early,engagement_kislov_central_beta16_24_over_alpha8_12,exploratory,-1.2474418822157811
lab_subject_9,inline_early_vs_no_ad_early,engagement_kislov_central_beta16_24_over_alpha8_12,exploratory,3.818811924160878
lab_subject_1,block_early_vs_no_ad_early,engagement_kislov_central_beta16_24_over_alpha8_12,exploratory,4.398662590237536
lab_subject_10,block_early_vs_no_ad_early,engagement_kislov_central_beta16_24_over_alpha8_12,exploratory,0.20417634119606928
lab_subject_11,block_early_vs_no_ad_early,engagement_kislov_central_beta16_24_over_alpha8_12,exploratory,0.2687606567664371
lab_subject_12,block_early_vs_no_ad_early,engagement_kislov_central_beta16_24_over_alpha8_12,exploratory,-0.48942293713962104
lab_subject_13,block_early_vs_no_ad_early,engagement_kislov_central_beta16_24_over_alpha8_12,exploratory,-1.8889856903457065
lab_subject_14,block_early_vs_no_ad_early,engagement_kislov_central_beta16_24_over_alpha8_12,exploratory,-1.2871945731367977
lab_subject_15,block_early_vs_no_ad_early,engagement_kislov_central_beta16_24_over_alpha8_12,exploratory,-0.8721701402340788
lab_subject_16,block_early_vs_no_ad_early,engagement_kislov_central_beta16_24_over_alpha8_12,exploratory,1.2529927339772493
lab_subject_17,block_early_vs_no_ad_early,engagement_kislov_central_beta16_24_over_alpha8_12,exploratory,-0.0321037485175327
lab_subject_18,block_early_vs_no_ad_early,engagement_kislov_central_beta16_24_over_alpha8_12,exploratory,2.8712526417605373
lab_subject_19,block_early_vs_no_ad_early,engagement_kislov_central_beta16_24_over_alpha8_12,exploratory,0.4103754563918417
lab_subject_2,block_early_vs_no_ad_early,engagement_kislov_central_beta16_24_over_alpha8_12,exploratory,0.38987593511633434
lab_subject_3,block_early_vs_no_ad_early,engagement_kislov_central_beta16_24_over_alpha8_12,exploratory,-0.1241451122830669
lab_subject_5,block_early_vs_no_ad_early,engagement_kislov_central_beta16_24_over_alpha8_12,exploratory,0.4280712528872641
lab_subject_6,block_early_vs_no_ad_early,engagement_kislov_central_beta16_24_over_alpha8_12,exploratory,1.0517708942805868
lab_subject_7,block_early_vs_no_ad_early,engagement_kislov_central_beta16_24_over_alpha8_12,exploratory,-0.9832652931186769
lab_subject_8,block_early_vs_no_ad_early,engagement_kislov_central_beta16_24_over_alpha8_12,exploratory,-0.8752793562285592
lab_subject_9,block_early_vs_no_ad_early,engagement_kislov_central_beta16_24_over_alpha8_12,exploratory,0.2360759173467426
lab_subject_1,inline_late_vs_no_ad_late,engagement_kislov_central_beta16_24_over_alpha8_12,exploratory,4.098382129491804
lab_subject_10,inline_late_vs_no_ad_late,engagement_kislov_central_beta16_24_over_alpha8_12,exploratory,0.24786135619055646
lab_subject_11,inline_late_vs_no_ad_late,engagement_kislov_central_beta16_24_over_alpha8_12,exploratory,0.022693376381444308
lab_subject_12,inline_late_vs_no_ad_late,engagement_kislov_central_beta16_24_over_alpha8_12,exploratory,0.24049664280267802
lab_subject_13,inline_late_vs_no_ad_late,engagement_kislov_central_beta16_24_over_alpha8_12,exploratory,0.20589147599249524
lab_subject_14,inline_late_vs_no_ad_late,engagement_kislov_central_beta16_24_over_alpha8_12,exploratory,0.23225845781114707
lab_subject_15,inline_late_vs_no_ad_late,engagement_kislov_central_beta16_24_over_alpha8_12,exploratory,-2.417542459650421
lab_subject_16,inline_late_vs_no_ad_late,engagement_kislov_central_beta16_24_over_alpha8_12,exploratory,0.2539515649135706
lab_subject_17,inline_late_vs_no_ad_late,engagement_kislov_central_beta16_24_over_alpha8_12,exploratory,0.25194916202957446
lab_subject_18,inline_late_vs_no_ad_late,engagement_kislov_central_beta16_24_over_alpha8_12,exploratory,-1.2340413193984847
lab_subject_19,inline_late_vs_no_ad_late,engagement_kislov_central_beta16_24_over_alpha8_12,exploratory,-0.14207297383526757
lab_subject_2,inline_late_vs_no_ad_late,engagement_kislov_central_beta16_24_over_alpha8_12,exploratory,0.3805224081205125
lab_subject_3,inline_late_vs_no_ad_late,engagement_kislov_central_beta16_24_over_alpha8_12,exploratory,0.7623887221222025
lab_subject_5,inline_late_vs_no_ad_late,engagement_kislov_central_beta16_24_over_alpha8_12,exploratory,1.044497457395281
lab_subject_6,inline_late_vs_no_ad_late,engagement_kislov_central_beta16_24_over_alpha8_12,exploratory,2.0725179116452757
lab_subject_7,inline_late_vs_no_ad_late,engagement_kislov_central_beta16_24_over_alpha8_12,exploratory,-0.3407439432372146
lab_subject_8,inline_late_vs_no_ad_late,engagement_kislov_central_beta16_24_over_alpha8_12,exploratory,1.3418367388766619
lab_subject_9,inline_late_vs_no_ad_late,engagement_kislov_central_beta16_24_over_alpha8_12,exploratory,-0.0036475066259287203
lab_subject_1,block_late_vs_no_ad_late,engagement_kislov_central_beta16_24_over_alpha8_12,exploratory,-0.4537076400353026
lab_subject_10,block_late_vs_no_ad_late,engagement_kislov_central_beta16_24_over_alpha8_12,exploratory,0.28166700208245665
lab_subject_11,block_late_vs_no_ad_late,engagement_kislov_central_beta16_24_over_alpha8_12,exploratory,0.8279944381843005
lab_subject_12,block_late_vs_no_ad_late,engagement_kislov_central_beta16_24_over_alpha8_12,exploratory,0.84922063444763
lab_subject_13,block_late_vs_no_ad_late,engagement_kislov_central_beta16_24_over_alpha8_12,exploratory,-0.3143021553681743
lab_subject_14,block_late_vs_no_ad_late,engagement_kislov_central_beta16_24_over_alpha8_12,exploratory,1.1834910180475826
lab_subject_15,block_late_vs_no_ad_late,engagement_kislov_central_beta16_24_over_alpha8_12,exploratory,-0.0008661911622039886
lab_subject_16,block_late_vs_no_ad_late,engagement_kislov_central_beta16_24_over_alpha8_12,exploratory,0.9863292488447646
lab_subject_17,block_late_vs_no_ad_late,engagement_kislov_central_beta16_24_over_alpha8_12,exploratory,-0.10309141779028236
lab_subject_18,block_late_vs_no_ad_late,engagement_kislov_central_beta16_24_over_alpha8_12,exploratory,-1.7692769869044214
lab_subject_19,block_late_vs_no_ad_late,engagement_kislov_central_beta16_24_over_alpha8_12,exploratory,0.03155799277979032
lab_subject_2,block_late_vs_no_ad_late,engagement_kislov_central_beta16_24_over_alpha8_12,exploratory,0.3940481724591518
lab_subject_3,block_late_vs_no_ad_late,engagement_kislov_central_beta16_24_over_alpha8_12,exploratory,-1.316767763023083
lab_subject_5,block_late_vs_no_ad_late,engagement_kislov_central_beta16_24_over_alpha8_12,exploratory,0.7686698549793769
lab_subject_6,block_late_vs_no_ad_late,engagement_kislov_central_beta16_24_over_alpha8_12,exploratory,0.7159688365520871
lab_subject_7,block_late_vs_no_ad_late,engagement_kislov_central_beta16_24_over_alpha8_12,exploratory,-2.0510922935656595
lab_subject_8,block_late_vs_no_ad_late,engagement_kislov_central_beta16_24_over_alpha8_12,exploratory,0.8387315658374526
lab_subject_9,block_late_vs_no_ad_late,engagement_kislov_central_beta16_24_over_alpha8_12,exploratory,-0.07646923018673712
lab_subject_1,any_ad_vs_matched_no_ad,engagement_kislov_central_beta16_24_over_alpha8_12,exploratory,1.5607280589496502
lab_subject_10,any_ad_vs_matched_no_ad,engagement_kislov_central_beta16_24_over_alpha8_12,exploratory,0.27241000332672394
lab_subject_11,any_ad_vs_matched_no_ad,engagement_kislov_central_beta16_24_over_alpha8_12,exploratory,0.3694803338579894
lab_subject_12,any_ad_vs_matched_no_ad,engagement_kislov_central_beta16_24_over_alpha8_12,exploratory,0.2440983229072252
lab_subject_13,any_ad_vs_matched_no_ad,engagement_kislov_central_beta16_24_over_alpha8_12,exploratory,-1.3991734442092003
lab_subject_14,any_ad_vs_matched_no_ad,engagement_kislov_central_beta16_24_over_alpha8_12,exploratory,0.0037620350656656365
lab_subject_15,any_ad_vs_matched_no_ad,engagement_kislov_central_beta16_24_over_alpha8_12,exploratory,-1.0033742105772625
lab_subject_16,any_ad_vs_matched_no_ad,engagement_kislov_central_beta16_24_over_alpha8_12,exploratory,0.531257772379592
lab_subject_17,any_ad_vs_matched_no_ad,engagement_kislov_central_beta16_24_over_alpha8_12,exploratory,-0.14751241467910484
lab_subject_18,any_ad_vs_matched_no_ad,engagement_kislov_central_beta16_24_over_alpha8_12,exploratory,0.5807574934225463
lab_subject_19,any_ad_vs_matched_no_ad,engagement_kislov_central_beta16_24_over_alpha8_12,exploratory,-0.02760122402029365
lab_subject_2,any_ad_vs_matched_no_ad,engagement_kislov_central_beta16_24_over_alpha8_12,exploratory,0.7171851923850006
lab_subject_3,any_ad_vs_matched_no_ad,engagement_kislov_central_beta16_24_over_alpha8_12,exploratory,-0.24164673834682704
lab_subject_5,any_ad_vs_matched_no_ad,engagement_kislov_central_beta16_24_over_alpha8_12,exploratory,0.7243845175951786
lab_subject_6,any_ad_vs_matched_no_ad,engagement_kislov_central_beta16_24_over_alpha8_12,exploratory,0.6557718635843877
lab_subject_7,any_ad_vs_matched_no_ad,engagement_kislov_central_beta16_24_over_alpha8_12,exploratory,-0.8339637678184024
lab_subject_8,any_ad_vs_matched_no_ad,engagement_kislov_central_beta16_24_over_alpha8_12,exploratory,0.01446176656744344
lab_subject_9,any_ad_vs_matched_no_ad,engagement_kislov_central_beta16_24_over_alpha8_12,exploratory,0.9936927761737385
lab_subject_1,inline_vs_block,engagement_kislov_central_beta16_24_over_alpha8_12,exploratory,-0.8234988323029331
lab_subject_10,inline_vs_block,engagement_kislov_central_beta16_24_over_alpha8_12,exploratory,0.05897666337492197
lab_subject_11,inline_vs_block,engagement_kislov_central_beta16_24_over_alpha8_12,exploratory,-0.35779442723475874
lab_subject_12,inline_vs_block,engagement_kislov_central_beta16_24_over_alpha8_12,exploratory,0.12839894850644143
lab_subject_13,inline_vs_block,engagement_kislov_central_beta16_24_over_alpha8_12,exploratory,-0.5950590427045194
lab_subject_14,inline_vs_block,engagement_kislov_central_beta16_24_over_alpha8_12,exploratory,0.11122762522054663
lab_subject_15,inline_vs_block,engagement_kislov_central_beta16_24_over_alpha8_12,exploratory,-1.1337120897582424
lab_subject_16,inline_vs_block,engagement_kislov_central_beta16_24_over_alpha8_12,exploratory,-1.1768064380628298
lab_subject_17,inline_vs_block,engagement_kislov_central_beta16_24_over_alpha8_12,exploratory,-0.1598296630503946
lab_subject_18,inline_vs_block,engagement_kislov_central_beta16_24_over_alpha8_12,exploratory,0.059539331988976776
lab_subject_19,inline_vs_block,engagement_kislov_central_beta16_24_over_alpha8_12,exploratory,-0.4971358972122193
lab_subject_2,inline_vs_block,engagement_kislov_central_beta16_24_over_alpha8_12,exploratory,0.6504462771945152
lab_subject_3,inline_vs_block,engagement_kislov_central_beta16_24_over_alpha8_12,exploratory,0.9576193986124958
lab_subject_5,inline_vs_block,engagement_kislov_central_beta16_24_over_alpha8_12,exploratory,0.2520279273237162
lab_subject_6,inline_vs_block,engagement_kislov_central_beta16_24_over_alpha8_12,exploratory,-0.4561960036638987
lab_subject_7,inline_vs_block,engagement_kislov_central_beta16_24_over_alpha8_12,exploratory,1.3664300510475316
lab_subject_8,inline_vs_block,engagement_kislov_central_beta16_24_over_alpha8_12,exploratory,0.06547132352599361
lab_subject_9,inline_vs_block,engagement_kislov_central_beta16_24_over_alpha8_12,exploratory,1.8277788651874718
lab_subject_1,early_vs_late,engagement_kislov_central_beta16_24_over_alpha8_12,exploratory,2.570231828502112
lab_subject_10,early_vs_late,engagement_kislov_central_beta16_24_over_alpha8_12,exploratory,0.03207290173047944
lab_subject_11,early_vs_late,engagement_kislov_central_beta16_24_over_alpha8_12,exploratory,0.2806248087941241
lab_subject_12,early_vs_late,engagement_kislov_central_beta16_24_over_alpha8_12,exploratory,-0.3035391242878926
lab_subject_13,early_vs_late,engagement_kislov_central_beta16_24_over_alpha8_12,exploratory,0.11920402708653755
lab_subject_14,early_vs_late,engagement_kislov_central_beta16_24_over_alpha8_12,exploratory,-0.6777911638448171
lab_subject_15,early_vs_late,engagement_kislov_central_beta16_24_over_alpha8_12,exploratory,0.9627368124778235
lab_subject_16,early_vs_late,engagement_kislov_central_beta16_24_over_alpha8_12,exploratory,1.6073180418042299
lab_subject_17,early_vs_late,engagement_kislov_central_beta16_24_over_alpha8_12,exploratory,-0.6150581370038183
lab_subject_18,early_vs_late,engagement_kislov_central_beta16_24_over_alpha8_12,exploratory,0.7948001357230998
lab_subject_19,early_vs_late,engagement_kislov_central_beta16_24_over_alpha8_12,exploratory,-0.6660851693196008
lab_subject_2,early_vs_late,engagement_kislov_central_beta16_24_over_alpha8_12,exploratory,-0.05064598209415572
lab_subject_3,early_vs_late,engagement_kislov_central_beta16_24_over_alpha8_12,exploratory,-0.4200375934279297
lab_subject_5,early_vs_late,engagement_kislov_central_beta16_24_over_alpha8_12,exploratory,-0.6671082667481879
lab_subject_6,early_vs_late,engagement_kislov_central_beta16_24_over_alpha8_12,exploratory,0.36428428193695483
lab_subject_7,early_vs_late,engagement_kislov_central_beta16_24_over_alpha8_12,exploratory,1.2226136689566858
lab_subject_8,early_vs_late,engagement_kislov_central_beta16_24_over_alpha8_12,exploratory,-0.9337104865943238
lab_subject_9,early_vs_late,engagement_kislov_central_beta16_24_over_alpha8_12,exploratory,2.9446942373066003
lab_subject_1,format_x_timing,engagement_kislov_central_beta16_24_over_alpha8_12,exploratory,-10.75117720366008
lab_subject_10,format_x_timing,engagement_kislov_central_beta16_24_over_alpha8_12,exploratory,0.1855646185336443
lab_subject_11,format_x_timing,engagement_kislov_central_beta16_24_over_alpha8_12,exploratory,0.8950132691361947
lab_subject_12,format_x_timing,engagement_kislov_central_beta16_24_over_alpha8_12,exploratory,1.474245880302787
lab_subject_13,format_x_timing,engagement_kislov_central_beta16_24_over_alpha8_12,exploratory,-2.230505348130378
lab_subject_14,format_x_timing,engagement_kislov_central_beta16_24_over_alpha8_12,exploratory,2.124920370913964
lab_subject_15,format_x_timing,engagement_kislov_central_beta16_24_over_alpha8_12,exploratory,2.565928357459949
lab_subject_16,format_x_timing,engagement_kislov_central_beta16_24_over_alpha8_12,exploratory,-0.8888575082632717
lab_subject_17,format_x_timing,engagement_kislov_central_beta16_24_over_alpha8_12,exploratory,-1.0297404857405028
lab_subject_18,format_x_timing,engagement_kislov_central_beta16_24_over_alpha8_12,exploratory,-0.9513926710339194
lab_subject_19,format_x_timing,engagement_kislov_central_beta16_24_over_alpha8_12,exploratory,-0.6470098611943229
lab_subject_2,format_x_timing,engagement_kislov_central_beta16_24_over_alpha8_12,exploratory,1.327944083066309
lab_subject_3,format_x_timing,engagement_kislov_central_beta16_24_over_alpha8_12,exploratory,-2.243074173065579
lab_subject_5,format_x_timing,engagement_kislov_central_beta16_24_over_alpha8_12,exploratory,-0.047599350184375555
lab_subject_6,format_x_timing,engagement_kislov_central_beta16_24_over_alpha8_12,exploratory,-3.6254901575141742
lab_subject_7,format_x_timing,engagement_kislov_central_beta16_24_over_alpha8_12,exploratory,-0.6878365985618267
lab_subject_8,format_x_timing,engagement_kislov_central_beta16_24_over_alpha8_12,exploratory,-0.8752676990264312
lab_subject_9,format_x_timing,engagement_kislov_central_beta16_24_over_alpha8_12,exploratory,3.509914283253327
