subject_id,contrast_id,feature,feature_tier,difference
lab_subject_1,any_ad_vs_no_ads,fz_theta_power_db_uv2,primary,0.12797347365834089
lab_subject_1,inline_vs_block,fz_theta_power_db_uv2,primary,-0.24541796395541748
lab_subject_1,early_vs_late,fz_theta_power_db_uv2,primary,-0.33242950575328134
lab_subject_1,format_x_timing,fz_theta_power_db_uv2,primary,0.14546586963121477
lab_subject_10,any_ad_vs_no_ads,fz_theta_power_db_uv2,primary,0.14541151470277036
lab_subject_10,inline_vs_block,fz_theta_power_db_uv2,primary,1.1084611642366458
lab_subject_10,early_vs_late,fz_theta_power_db_uv2,primary,-0.4184660647097882
lab_subject_10,format_x_timing,fz_theta_power_db_uv2,primary,-2.1661180821163093
lab_subject_11,any_ad_vs_no_ads,fz_theta_power_db_uv2,primary,0.12353698815145364
lab_subject_11,inline_vs_block,fz_theta_power_db_uv2,primary,-0.0395290778943842
lab_subject_11,early_vs_late,fz_theta_power_db_uv2,primary,-0.11794616481966003
lab_subject_11,format_x_timing,fz_theta_power_db_uv2,primary,0.7922824310073437
lab_subject_12,any_ad_vs_no_ads,fz_theta_power_db_uv2,primary,-0.06063075437987209
lab_subject_12,inline_vs_block,fz_theta_power_db_uv2,primary,-0.2825163074774917
lab_subject_12,early_vs_late,fz_theta_power_db_uv2,primary,0.18708283469692688
lab_subject_12,format_x_timing,fz_theta_power_db_uv2,primary,-0.4334010857612043
lab_subject_13,any_ad_vs_no_ads,fz_theta_power_db_uv2,primary,-0.16582497483158498
lab_subject_13,inline_vs_block,fz_theta_power_db_uv2,primary,-1.3001482128892938
lab_subject_13,early_vs_late,fz_theta_power_db_uv2,primary,0.5068914637220985
lab_subject_13,format_x_timing,fz_theta_power_db_uv2,primary,3.326043156214009
lab_subject_14,any_ad_vs_no_ads,fz_theta_power_db_uv2,primary,0.2756237763723659
lab_subject_14,inline_vs_block,fz_theta_power_db_uv2,primary,0.3263677248656416
lab_subject_14,early_vs_late,fz_theta_power_db_uv2,primary,-0.1145870933368105
lab_subject_14,format_x_timing,fz_theta_power_db_uv2,primary,-0.10357769686751084
lab_subject_15,any_ad_vs_no_ads,fz_theta_power_db_uv2,primary,-0.3122148516316816
lab_subject_15,inline_vs_block,fz_theta_power_db_uv2,primary,-0.18789441212009717
lab_subject_15,early_vs_late,fz_theta_power_db_uv2,primary,0.052305082568874006
lab_subject_15,format_x_timing,fz_theta_power_db_uv2,primary,-0.338293629850865
lab_subject_16,any_ad_vs_no_ads,fz_theta_power_db_uv2,primary,0.03495009277656003
lab_subject_16,inline_vs_block,fz_theta_power_db_uv2,primary,0.09401667170864059
lab_subject_16,early_vs_late,fz_theta_power_db_uv2,primary,-0.2400778725788486
lab_subject_16,format_x_timing,fz_theta_power_db_uv2,primary,-0.15030007473445295
lab_subject_17,any_ad_vs_no_ads,fz_theta_power_db_uv2,primary,-0.4227010559778197
lab_subject_17,inline_vs_block,fz_theta_power_db_uv2,primary,-0.8279842437450746
lab_subject_17,early_vs_late,fz_theta_power_db_uv2,primary,0.16577977435683877
lab_subject_17,format_x_timing,fz_theta_power_db_uv2,primary,0.5857433060891575
lab_subject_18,any_ad_vs_no_ads,fz_theta_power_db_uv2,primary,0.2977101627429697
lab_subject_18,inline_vs_block,fz_theta_power_db_uv2,primary,-0.07022334934275509
lab_subject_18,early_vs_late,fz_theta_power_db_uv2,primary,-0.22628533474737988
lab_subject_18,format_x_timing,fz_theta_power_db_uv2,primary,-0.7185635705119378
lab_subject_19,any_ad_vs_no_ads,fz_theta_power_db_uv2,primary,0.0748446621695571
lab_subject_19,inline_vs_block,fz_theta_power_db_uv2,primary,-0.016377466967602672
lab_subject_19,early_vs_late,fz_theta_power_db_uv2,primary,-0.30088948058533127
lab_subject_19,format_x_timing,fz_theta_power_db_uv2,primary,0.06188109304226064
lab_subject_2,any_ad_vs_no_ads,fz_theta_power_db_uv2,primary,0.5172700278037983
lab_subject_2,inline_vs_block,fz_theta_power_db_uv2,primary,0.5852405427296397
lab_subject_2,early_vs_late,fz_theta_power_db_uv2,primary,-0.5736447150667345
lab_subject_2,format_x_timing,fz_theta_power_db_uv2,primary,0.42362592662344767
lab_subject_3,any_ad_vs_no_ads,fz_theta_power_db_uv2,primary,0.088714342989765
lab_subject_3,inline_vs_block,fz_theta_power_db_uv2,primary,-0.03745954601294166
lab_subject_3,early_vs_late,fz_theta_power_db_uv2,primary,0.01290984185802646
lab_subject_3,format_x_timing,fz_theta_power_db_uv2,primary,-0.28826541588011256
lab_subject_5,any_ad_vs_no_ads,fz_theta_power_db_uv2,primary,-0.6137028427912412
lab_subject_5,inline_vs_block,fz_theta_power_db_uv2,primary,-0.8694838398531033
lab_subject_5,early_vs_late,fz_theta_power_db_uv2,primary,0.7463798906697026
lab_subject_5,format_x_timing,fz_theta_power_db_uv2,primary,0.3912406133081898
lab_subject_6,any_ad_vs_no_ads,fz_theta_power_db_uv2,primary,-0.17687484770067385
lab_subject_6,inline_vs_block,fz_theta_power_db_uv2,primary,-0.08008190853986275
lab_subject_6,early_vs_late,fz_theta_power_db_uv2,primary,-0.24469988604943893
lab_subject_6,format_x_timing,fz_theta_power_db_uv2,primary,0.33688527495201637
lab_subject_7,any_ad_vs_no_ads,fz_theta_power_db_uv2,primary,-0.2879156557609335
lab_subject_7,inline_vs_block,fz_theta_power_db_uv2,primary,0.21553657839191942
lab_subject_7,early_vs_late,fz_theta_power_db_uv2,primary,-0.6408337629589989
lab_subject_7,format_x_timing,fz_theta_power_db_uv2,primary,0.7299497801119408
lab_subject_8,any_ad_vs_no_ads,fz_theta_power_db_uv2,primary,-0.6877297708473016
lab_subject_8,inline_vs_block,fz_theta_power_db_uv2,primary,-0.15702248206394565
lab_subject_8,early_vs_late,fz_theta_power_db_uv2,primary,-0.010254700471582723
lab_subject_8,format_x_timing,fz_theta_power_db_uv2,primary,0.618207512545192
lab_subject_9,any_ad_vs_no_ads,fz_theta_power_db_uv2,primary,-0.32756596075687483
lab_subject_9,inline_vs_block,fz_theta_power_db_uv2,primary,-0.21886407920212747
lab_subject_9,early_vs_late,fz_theta_power_db_uv2,primary,-0.052196021677453075
lab_subject_9,format_x_timing,fz_theta_power_db_uv2,primary,-0.27713995246413603
lab_subject_1,any_ad_vs_no_ads,posterior_alpha_power_db_uv2,primary,0.23540969993411043
lab_subject_1,inline_vs_block,posterior_alpha_power_db_uv2,primary,-0.8425856280085657
lab_subject_1,early_vs_late,posterior_alpha_power_db_uv2,primary,-0.14160304874321383
lab_subject_1,format_x_timing,posterior_alpha_power_db_uv2,primary,1.0198195869132967
lab_subject_10,any_ad_vs_no_ads,posterior_alpha_power_db_uv2,primary,0.22018604777676032
lab_subject_10,inline_vs_block,posterior_alpha_power_db_uv2,primary,-0.1772943301086194
lab_subject_10,early_vs_late,posterior_alpha_power_db_uv2,primary,-0.0771816483406198
lab_subject_10,format_x_timing,posterior_alpha_power_db_uv2,primary,0.7945713144235782
lab_subject_11,any_ad_vs_no_ads,posterior_alpha_power_db_uv2,primary,0.01773654997877472
lab_subject_11,inline_vs_block,posterior_alpha_power_db_uv2,primary,0.005469196508037122
lab_subject_11,early_vs_late,posterior_alpha_power_db_uv2,primary,0.2194839750252493
lab_subject_11,format_x_timing,posterior_alpha_power_db_uv2,primary,-1.217315200411738
lab_subject_12,any_ad_vs_no_ads,posterior_alpha_power_db_uv2,primary,-0.16170465862419903
lab_subject_12,inline_vs_block,posterior_alpha_power_db_uv2,primary,0.2246182286179934
lab_subject_12,early_vs_late,posterior_alpha_power_db_uv2,primary,0.049539602445239694
lab_subject_12,format_x_timing,posterior_alpha_power_db_uv2,primary,-0.0834338848942977
lab_subject_13,any_ad_vs_no_ads,posterior_alpha_power_db_uv2,primary,0.32158399367185986
lab_subject_13,inline_vs_block,posterior_alpha_power_db_uv2,primary,-0.8713367733159387
lab_subject_13,early_vs_late,posterior_alpha_power_db_uv2,primary,-0.8262034437814929
lab_subject_13,format_x_timing,posterior_alpha_power_db_uv2,primary,1.8176877552585005
lab_subject_14,any_ad_vs_no_ads,posterior_alpha_power_db_uv2,primary,0.8621546467572716
lab_subject_14,inline_vs_block,posterior_alpha_power_db_uv2,primary,0.3468888925085345
lab_subject_14,early_vs_late,posterior_alpha_power_db_uv2,primary,0.06846699172401216
lab_subject_14,format_x_timing,posterior_alpha_power_db_uv2,primary,-1.0873207942611902
lab_subject_15,any_ad_vs_no_ads,posterior_alpha_power_db_uv2,primary,-0.0030722981818036565
lab_subject_15,inline_vs_block,posterior_alpha_power_db_uv2,primary,0.3126511744023781
lab_subject_15,early_vs_late,posterior_alpha_power_db_uv2,primary,-0.15488183585788384
lab_subject_15,format_x_timing,posterior_alpha_power_db_uv2,primary,-0.6670839929939743
lab_subject_16,any_ad_vs_no_ads,posterior_alpha_power_db_uv2,primary,0.41231699516537823
lab_subject_16,inline_vs_block,posterior_alpha_power_db_uv2,primary,0.22761787368386344
lab_subject_16,early_vs_late,posterior_alpha_power_db_uv2,primary,0.07420271245581489
lab_subject_16,format_x_timing,posterior_alpha_power_db_uv2,primary,-0.5793237019028936
lab_subject_17,any_ad_vs_no_ads,posterior_alpha_power_db_uv2,primary,-0.12765478427221488
lab_subject_17,inline_vs_block,posterior_alpha_power_db_uv2,primary,-0.21267231018151556
lab_subject_17,early_vs_late,posterior_alpha_power_db_uv2,primary,0.1663820006186958
lab_subject_17,format_x_timing,posterior_alpha_power_db_uv2,primary,-0.6897853690560529
lab_subject_18,any_ad_vs_no_ads,posterior_alpha_power_db_uv2,primary,0.08302301430417991
lab_subject_18,inline_vs_block,posterior_alpha_power_db_uv2,primary,0.4234950006730518
lab_subject_18,early_vs_late,posterior_alpha_power_db_uv2,primary,-0.1829787128145286
lab_subject_18,format_x_timing,posterior_alpha_power_db_uv2,primary,-0.3049082783855477
lab_subject_19,any_ad_vs_no_ads,posterior_alpha_power_db_uv2,primary,-0.3133211931904416
lab_subject_19,inline_vs_block,posterior_alpha_power_db_uv2,primary,-0.0414227706234378
lab_subject_19,early_vs_late,posterior_alpha_power_db_uv2,primary,0.23451412223870172
lab_subject_19,format_x_timing,posterior_alpha_power_db_uv2,primary,0.4227127660059615
lab_subject_2,any_ad_vs_no_ads,posterior_alpha_power_db_uv2,primary,0.010920285833081245
lab_subject_2,inline_vs_block,posterior_alpha_power_db_uv2,primary,-0.37265086442936646
lab_subject_2,early_vs_late,posterior_alpha_power_db_uv2,primary,-0.03219987741444097
lab_subject_2,format_x_timing,posterior_alpha_power_db_uv2,primary,3.160679932087631
lab_subject_3,any_ad_vs_no_ads,posterior_alpha_power_db_uv2,primary,-0.6283773027650046
lab_subject_3,inline_vs_block,posterior_alpha_power_db_uv2,primary,0.43272054820177
lab_subject_3,early_vs_late,posterior_alpha_power_db_uv2,primary,-0.15022656773323106
lab_subject_3,format_x_timing,posterior_alpha_power_db_uv2,primary,1.1229361127640924
lab_subject_5,any_ad_vs_no_ads,posterior_alpha_power_db_uv2,primary,-0.16855528656158913
lab_subject_5,inline_vs_block,posterior_alpha_power_db_uv2,primary,-0.4839681234065196
lab_subject_5,early_vs_late,posterior_alpha_power_db_uv2,primary,0.2595624700987864
lab_subject_5,format_x_timing,posterior_alpha_power_db_uv2,primary,-0.13927534450913726
lab_subject_6,any_ad_vs_no_ads,posterior_alpha_power_db_uv2,primary,0.5385764890936589
lab_subject_6,inline_vs_block,posterior_alpha_power_db_uv2,primary,0.09185277343403886
lab_subject_6,early_vs_late,posterior_alpha_power_db_uv2,primary,-0.05119961793299055
lab_subject_6,format_x_timing,posterior_alpha_power_db_uv2,primary,-0.4106747674701099
lab_subject_7,any_ad_vs_no_ads,posterior_alpha_power_db_uv2,primary,-0.22572332383808735
lab_subject_7,inline_vs_block,posterior_alpha_power_db_uv2,primary,-0.2197475608071615
lab_subject_7,early_vs_late,posterior_alpha_power_db_uv2,primary,-0.8087862376878041
lab_subject_7,format_x_timing,posterior_alpha_power_db_uv2,primary,0.8783660307694645
lab_subject_8,any_ad_vs_no_ads,posterior_alpha_power_db_uv2,primary,-0.250510768231031
lab_subject_8,inline_vs_block,posterior_alpha_power_db_uv2,primary,0.4241085802551616
lab_subject_8,early_vs_late,posterior_alpha_power_db_uv2,primary,0.2907799577867429
lab_subject_8,format_x_timing,posterior_alpha_power_db_uv2,primary,0.15394178204411801
lab_subject_9,any_ad_vs_no_ads,posterior_alpha_power_db_uv2,primary,0.40410956582805646
lab_subject_9,inline_vs_block,posterior_alpha_power_db_uv2,primary,0.4279142369886948
lab_subject_9,early_vs_late,posterior_alpha_power_db_uv2,primary,0.06383589516440225
lab_subject_9,format_x_timing,posterior_alpha_power_db_uv2,primary,-0.4608737094511426
lab_subject_1,any_ad_vs_no_ads,theta_power_db_uv2,secondary_global,-0.27917121981357695
lab_subject_1,inline_vs_block,theta_power_db_uv2,secondary_global,-0.19414520205526742
lab_subject_1,early_vs_late,theta_power_db_uv2,secondary_global,0.031760305675407
lab_subject_1,format_x_timing,theta_power_db_uv2,secondary_global,0.13953443238591134
lab_subject_10,any_ad_vs_no_ads,theta_power_db_uv2,secondary_global,0.7665006722133487
lab_subject_10,inline_vs_block,theta_power_db_uv2,secondary_global,1.5442814504631137
lab_subject_10,early_vs_late,theta_power_db_uv2,secondary_global,-0.48284393266337666
lab_subject_10,format_x_timing,theta_power_db_uv2,secondary_global,-2.9055616143575236
lab_subject_11,any_ad_vs_no_ads,theta_power_db_uv2,secondary_global,0.04961494439177727
lab_subject_11,inline_vs_block,theta_power_db_uv2,secondary_global,-0.429136653196835
lab_subject_11,early_vs_late,theta_power_db_uv2,secondary_global,-0.18662431771471866
lab_subject_11,format_x_timing,theta_power_db_uv2,secondary_global,0.3751263977576258
lab_subject_12,any_ad_vs_no_ads,theta_power_db_uv2,secondary_global,-0.569313309162844
lab_subject_12,inline_vs_block,theta_power_db_uv2,secondary_global,-0.2707743589945686
lab_subject_12,early_vs_late,theta_power_db_uv2,secondary_global,0.2576170750225337
lab_subject_12,format_x_timing,theta_power_db_uv2,secondary_global,0.33493089269648735
lab_subject_13,any_ad_vs_no_ads,theta_power_db_uv2,secondary_global,0.7023341309917779
lab_subject_13,inline_vs_block,theta_power_db_uv2,secondary_global,-1.9332726782853786
lab_subject_13,early_vs_late,theta_power_db_uv2,secondary_global,0.7559522740623645
lab_subject_13,format_x_timing,theta_power_db_uv2,secondary_global,6.106569581876787
lab_subject_14,any_ad_vs_no_ads,theta_power_db_uv2,secondary_global,-0.03882728997668128
lab_subject_14,inline_vs_block,theta_power_db_uv2,secondary_global,0.21962874929854692
lab_subject_14,early_vs_late,theta_power_db_uv2,secondary_global,-0.424406681303811
lab_subject_14,format_x_timing,theta_power_db_uv2,secondary_global,-1.3011770217464127
lab_subject_15,any_ad_vs_no_ads,theta_power_db_uv2,secondary_global,0.14312599839976414
lab_subject_15,inline_vs_block,theta_power_db_uv2,secondary_global,-0.5309932284678238
lab_subject_15,early_vs_late,theta_power_db_uv2,secondary_global,-0.4485793515756553
lab_subject_15,format_x_timing,theta_power_db_uv2,secondary_global,0.3742428799752444
lab_subject_16,any_ad_vs_no_ads,theta_power_db_uv2,secondary_global,-0.016481125127675078
lab_subject_16,inline_vs_block,theta_power_db_uv2,secondary_global,-0.316346226068573
lab_subject_16,early_vs_late,theta_power_db_uv2,secondary_global,-0.24960394848408107
lab_subject_16,format_x_timing,theta_power_db_uv2,secondary_global,-1.1119886534033352
lab_subject_17,any_ad_vs_no_ads,theta_power_db_uv2,secondary_global,-0.9202912635116824
lab_subject_17,inline_vs_block,theta_power_db_uv2,secondary_global,-1.4188498754115528
lab_subject_17,early_vs_late,theta_power_db_uv2,secondary_global,0.7830492654647969
lab_subject_17,format_x_timing,theta_power_db_uv2,secondary_global,-1.0384942255136131
lab_subject_18,any_ad_vs_no_ads,theta_power_db_uv2,secondary_global,-0.08467515137308546
lab_subject_18,inline_vs_block,theta_power_db_uv2,secondary_global,0.056602282592488784
lab_subject_18,early_vs_late,theta_power_db_uv2,secondary_global,0.1017163298749697
lab_subject_18,format_x_timing,theta_power_db_uv2,secondary_global,-0.3022369285303119
lab_subject_19,any_ad_vs_no_ads,theta_power_db_uv2,secondary_global,0.40368610807965766
lab_subject_19,inline_vs_block,theta_power_db_uv2,secondary_global,0.3708574254958883
lab_subject_19,early_vs_late,theta_power_db_uv2,secondary_global,0.11358326165002808
lab_subject_19,format_x_timing,theta_power_db_uv2,secondary_global,0.0851233399000968
lab_subject_2,any_ad_vs_no_ads,theta_power_db_uv2,secondary_global,1.2172792524624736
lab_subject_2,inline_vs_block,theta_power_db_uv2,secondary_global,0.33443365261133273
lab_subject_2,early_vs_late,theta_power_db_uv2,secondary_global,0.26055305119863625
lab_subject_2,format_x_timing,theta_power_db_uv2,secondary_global,3.1582472642701145
lab_subject_3,any_ad_vs_no_ads,theta_power_db_uv2,secondary_global,-0.13909004438624528
lab_subject_3,inline_vs_block,theta_power_db_uv2,secondary_global,-0.4416851464736
lab_subject_3,early_vs_late,theta_power_db_uv2,secondary_global,-0.3552881131588874
lab_subject_3,format_x_timing,theta_power_db_uv2,secondary_global,-0.9511370947134727
lab_subject_5,any_ad_vs_no_ads,theta_power_db_uv2,secondary_global,-0.19588945997778318
lab_subject_5,inline_vs_block,theta_power_db_uv2,secondary_global,-1.3156300326866344
lab_subject_5,early_vs_late,theta_power_db_uv2,secondary_global,1.0744748832384339
lab_subject_5,format_x_timing,theta_power_db_uv2,secondary_global,-0.12014132063627869
lab_subject_6,any_ad_vs_no_ads,theta_power_db_uv2,secondary_global,0.7011024535704582
lab_subject_6,inline_vs_block,theta_power_db_uv2,secondary_global,0.021564077572852725
lab_subject_6,early_vs_late,theta_power_db_uv2,secondary_global,-0.06612693912113077
lab_subject_6,format_x_timing,theta_power_db_uv2,secondary_global,-0.6578982500683068
lab_subject_7,any_ad_vs_no_ads,theta_power_db_uv2,secondary_global,-0.9817289823554303
lab_subject_7,inline_vs_block,theta_power_db_uv2,secondary_global,-0.44839964007166166
lab_subject_7,early_vs_late,theta_power_db_uv2,secondary_global,-0.8139585252843187
lab_subject_7,format_x_timing,theta_power_db_uv2,secondary_global,0.4624701629477119
lab_subject_8,any_ad_vs_no_ads,theta_power_db_uv2,secondary_global,-0.9783146121371882
lab_subject_8,inline_vs_block,theta_power_db_uv2,secondary_global,0.09226266811245054
lab_subject_8,early_vs_late,theta_power_db_uv2,secondary_global,0.04803077611341067
lab_subject_8,format_x_timing,theta_power_db_uv2,secondary_global,-0.06004920928285884
lab_subject_9,any_ad_vs_no_ads,theta_power_db_uv2,secondary_global,-0.16612546453968058
lab_subject_9,inline_vs_block,theta_power_db_uv2,secondary_global,0.51822366113581
lab_subject_9,early_vs_late,theta_power_db_uv2,secondary_global,-0.22571309528351335
lab_subject_9,format_x_timing,theta_power_db_uv2,secondary_global,0.5871020159825715
lab_subject_1,any_ad_vs_no_ads,alpha_power_db_uv2,secondary_global,0.16601829732219375
lab_subject_1,inline_vs_block,alpha_power_db_uv2,secondary_global,-0.4006926506149435
lab_subject_1,early_vs_late,alpha_power_db_uv2,secondary_global,-0.1529997005853998
lab_subject_1,format_x_timing,alpha_power_db_uv2,secondary_global,0.31693720965898153
lab_subject_10,any_ad_vs_no_ads,alpha_power_db_uv2,secondary_global,-0.07814495548189271
lab_subject_10,inline_vs_block,alpha_power_db_uv2,secondary_global,-0.10894914669107791
lab_subject_10,early_vs_late,alpha_power_db_uv2,secondary_global,0.1074711541890796
lab_subject_10,format_x_timing,alpha_power_db_uv2,secondary_global,0.2744464716080035
lab_subject_11,any_ad_vs_no_ads,alpha_power_db_uv2,secondary_global,0.010709689047105009
lab_subject_11,inline_vs_block,alpha_power_db_uv2,secondary_global,-0.018652559110418743
lab_subject_11,early_vs_late,alpha_power_db_uv2,secondary_global,0.14497172387920898
lab_subject_11,format_x_timing,alpha_power_db_uv2,secondary_global,-0.3286429267777278
lab_subject_12,any_ad_vs_no_ads,alpha_power_db_uv2,secondary_global,-0.4128159486386025
lab_subject_12,inline_vs_block,alpha_power_db_uv2,secondary_global,-0.39787995576765134
lab_subject_12,early_vs_late,alpha_power_db_uv2,secondary_global,0.5831315177668674
lab_subject_12,format_x_timing,alpha_power_db_uv2,secondary_global,0.06034737406746338
lab_subject_13,any_ad_vs_no_ads,alpha_power_db_uv2,secondary_global,0.4466611109663319
lab_subject_13,inline_vs_block,alpha_power_db_uv2,secondary_global,-1.4368435182937382
lab_subject_13,early_vs_late,alpha_power_db_uv2,secondary_global,-0.15638651767648337
lab_subject_13,format_x_timing,alpha_power_db_uv2,secondary_global,2.887437749496402
lab_subject_14,any_ad_vs_no_ads,alpha_power_db_uv2,secondary_global,0.16159470250263297
lab_subject_14,inline_vs_block,alpha_power_db_uv2,secondary_global,0.2340716823719049
lab_subject_14,early_vs_late,alpha_power_db_uv2,secondary_global,0.05310517775732393
lab_subject_14,format_x_timing,alpha_power_db_uv2,secondary_global,-0.8567481818798299
lab_subject_15,any_ad_vs_no_ads,alpha_power_db_uv2,secondary_global,-0.016576952643766685
lab_subject_15,inline_vs_block,alpha_power_db_uv2,secondary_global,0.35351420761211116
lab_subject_15,early_vs_late,alpha_power_db_uv2,secondary_global,-0.21131797580221523
lab_subject_15,format_x_timing,alpha_power_db_uv2,secondary_global,-0.5910363292708172
lab_subject_16,any_ad_vs_no_ads,alpha_power_db_uv2,secondary_global,0.2724651831980047
lab_subject_16,inline_vs_block,alpha_power_db_uv2,secondary_global,-0.09654720055942878
lab_subject_16,early_vs_late,alpha_power_db_uv2,secondary_global,-0.03731820624731519
lab_subject_16,format_x_timing,alpha_power_db_uv2,secondary_global,-0.041326771649386806
lab_subject_17,any_ad_vs_no_ads,alpha_power_db_uv2,secondary_global,-0.07275450080040713
lab_subject_17,inline_vs_block,alpha_power_db_uv2,secondary_global,-0.49029941132141897
lab_subject_17,early_vs_late,alpha_power_db_uv2,secondary_global,0.4277999029568731
lab_subject_17,format_x_timing,alpha_power_db_uv2,secondary_global,-0.9856691965246807
lab_subject_18,any_ad_vs_no_ads,alpha_power_db_uv2,secondary_global,0.1914424081472772
lab_subject_18,inline_vs_block,alpha_power_db_uv2,secondary_global,0.2694752231900681
lab_subject_18,early_vs_late,alpha_power_db_uv2,secondary_global,0.18333060391508882
lab_subject_18,format_x_timing,alpha_power_db_uv2,secondary_global,-0.12540519099689673
lab_subject_19,any_ad_vs_no_ads,alpha_power_db_uv2,secondary_global,0.13022174217700755
lab_subject_19,inline_vs_block,alpha_power_db_uv2,secondary_global,-0.10871460313821668
lab_subject_19,early_vs_late,alpha_power_db_uv2,secondary_global,0.20788870126279058
lab_subject_19,format_x_timing,alpha_power_db_uv2,secondary_global,0.16597112280987236
lab_subject_2,any_ad_vs_no_ads,alpha_power_db_uv2,secondary_global,0.2680810052425917
lab_subject_2,inline_vs_block,alpha_power_db_uv2,secondary_global,-0.2786012402461697
lab_subject_2,early_vs_late,alpha_power_db_uv2,secondary_global,-0.02968150660693958
lab_subject_2,format_x_timing,alpha_power_db_uv2,secondary_global,1.5339860135673273
lab_subject_3,any_ad_vs_no_ads,alpha_power_db_uv2,secondary_global,-0.2782964765701408
lab_subject_3,inline_vs_block,alpha_power_db_uv2,secondary_global,0.025360930084429967
lab_subject_3,early_vs_late,alpha_power_db_uv2,secondary_global,-0.06348260840941577
lab_subject_3,format_x_timing,alpha_power_db_uv2,secondary_global,0.5914431096528823
lab_subject_5,any_ad_vs_no_ads,alpha_power_db_uv2,secondary_global,-0.37257656375841197
lab_subject_5,inline_vs_block,alpha_power_db_uv2,secondary_global,-0.3406153591545493
lab_subject_5,early_vs_late,alpha_power_db_uv2,secondary_global,0.132691729692044
lab_subject_5,format_x_timing,alpha_power_db_uv2,secondary_global,-0.33058690608673746
lab_subject_6,any_ad_vs_no_ads,alpha_power_db_uv2,secondary_global,0.34944481692720686
lab_subject_6,inline_vs_block,alpha_power_db_uv2,secondary_global,-0.0038276968877211104
lab_subject_6,early_vs_late,alpha_power_db_uv2,secondary_global,0.025937092243764504
lab_subject_6,format_x_timing,alpha_power_db_uv2,secondary_global,-0.38202100313684273
lab_subject_7,any_ad_vs_no_ads,alpha_power_db_uv2,secondary_global,-0.5263042697908711
lab_subject_7,inline_vs_block,alpha_power_db_uv2,secondary_global,-0.2988504181630338
lab_subject_7,early_vs_late,alpha_power_db_uv2,secondary_global,-0.8317438309859329
lab_subject_7,format_x_timing,alpha_power_db_uv2,secondary_global,0.1539648558869402
lab_subject_8,any_ad_vs_no_ads,alpha_power_db_uv2,secondary_global,-0.3947831423844219
lab_subject_8,inline_vs_block,alpha_power_db_uv2,secondary_global,0.06100349104323399
lab_subject_8,early_vs_late,alpha_power_db_uv2,secondary_global,-0.015991547644571114
lab_subject_8,format_x_timing,alpha_power_db_uv2,secondary_global,0.36675334654933067
lab_subject_9,any_ad_vs_no_ads,alpha_power_db_uv2,secondary_global,0.27889907344464593
lab_subject_9,inline_vs_block,alpha_power_db_uv2,secondary_global,0.37899284854981197
lab_subject_9,early_vs_late,alpha_power_db_uv2,secondary_global,0.006058371592437162
lab_subject_9,format_x_timing,alpha_power_db_uv2,secondary_global,-0.7589637242885994
lab_subject_1,any_ad_vs_no_ads,beta_power_db_uv2,secondary,1.0667106559541661
lab_subject_1,inline_vs_block,beta_power_db_uv2,secondary,-0.3994208557669481
lab_subject_1,early_vs_late,beta_power_db_uv2,secondary,0.03713925769280024
lab_subject_1,format_x_timing,beta_power_db_uv2,secondary,-0.21354249445163376
lab_subject_10,any_ad_vs_no_ads,beta_power_db_uv2,secondary,-0.4548208495522701
lab_subject_10,inline_vs_block,beta_power_db_uv2,secondary,0.29377456547728364
lab_subject_10,early_vs_late,beta_power_db_uv2,secondary,0.3265923070603396
lab_subject_10,format_x_timing,beta_power_db_uv2,secondary,-0.2399901607923649
lab_subject_11,any_ad_vs_no_ads,beta_power_db_uv2,secondary,0.09096447903918659
lab_subject_11,inline_vs_block,beta_power_db_uv2,secondary,-0.22641685460905236
lab_subject_11,early_vs_late,beta_power_db_uv2,secondary,-0.31875035430121734
lab_subject_11,format_x_timing,beta_power_db_uv2,secondary,1.0537231850643138
lab_subject_12,any_ad_vs_no_ads,beta_power_db_uv2,secondary,-0.2917099761746478
lab_subject_12,inline_vs_block,beta_power_db_uv2,secondary,-0.027247464971526192
lab_subject_12,early_vs_late,beta_power_db_uv2,secondary,0.3180112901244643
lab_subject_12,format_x_timing,beta_power_db_uv2,secondary,0.05237825578140409
lab_subject_13,any_ad_vs_no_ads,beta_power_db_uv2,secondary,0.12814142560376496
lab_subject_13,inline_vs_block,beta_power_db_uv2,secondary,-0.3450267779405305
lab_subject_13,early_vs_late,beta_power_db_uv2,secondary,-0.8143806210344646
lab_subject_13,format_x_timing,beta_power_db_uv2,secondary,0.5551822880535511
lab_subject_14,any_ad_vs_no_ads,beta_power_db_uv2,secondary,0.18527496818824574
lab_subject_14,inline_vs_block,beta_power_db_uv2,secondary,0.34301212547377524
lab_subject_14,early_vs_late,beta_power_db_uv2,secondary,0.7016992004969609
lab_subject_14,format_x_timing,beta_power_db_uv2,secondary,-1.4551563587689795
lab_subject_15,any_ad_vs_no_ads,beta_power_db_uv2,secondary,0.2998667004089084
lab_subject_15,inline_vs_block,beta_power_db_uv2,secondary,0.9775475452983469
lab_subject_15,early_vs_late,beta_power_db_uv2,secondary,-0.638147233255979
lab_subject_15,format_x_timing,beta_power_db_uv2,secondary,-0.48569740264690253
lab_subject_16,any_ad_vs_no_ads,beta_power_db_uv2,secondary,-0.17924817357477885
lab_subject_16,inline_vs_block,beta_power_db_uv2,secondary,-0.057083600385311684
lab_subject_16,early_vs_late,beta_power_db_uv2,secondary,0.340245352155069
lab_subject_16,format_x_timing,beta_power_db_uv2,secondary,0.005978123168759453
lab_subject_17,any_ad_vs_no_ads,beta_power_db_uv2,secondary,0.22153186232064215
lab_subject_17,inline_vs_block,beta_power_db_uv2,secondary,-0.3649501275481324
lab_subject_17,early_vs_late,beta_power_db_uv2,secondary,0.6348970638525113
lab_subject_17,format_x_timing,beta_power_db_uv2,secondary,-1.4759807253809543
lab_subject_18,any_ad_vs_no_ads,beta_power_db_uv2,secondary,-0.8937822175525003
lab_subject_18,inline_vs_block,beta_power_db_uv2,secondary,0.8895749181253825
lab_subject_18,early_vs_late,beta_power_db_uv2,secondary,0.42729982697357993
lab_subject_18,format_x_timing,beta_power_db_uv2,secondary,0.22945412361427753
lab_subject_19,any_ad_vs_no_ads,beta_power_db_uv2,secondary,-0.5280208702681168
lab_subject_19,inline_vs_block,beta_power_db_uv2,secondary,0.1501631426191432
lab_subject_19,early_vs_late,beta_power_db_uv2,secondary,0.1780680699504975
lab_subject_19,format_x_timing,beta_power_db_uv2,secondary,0.3496466895515278
lab_subject_2,any_ad_vs_no_ads,beta_power_db_uv2,secondary,0.22776468483467305
lab_subject_2,inline_vs_block,beta_power_db_uv2,secondary,-0.6896634700995783
lab_subject_2,early_vs_late,beta_power_db_uv2,secondary,0.06136051831128597
lab_subject_2,format_x_timing,beta_power_db_uv2,secondary,2.3464423949990163
lab_subject_3,any_ad_vs_no_ads,beta_power_db_uv2,secondary,-0.2784901652280958
lab_subject_3,inline_vs_block,beta_power_db_uv2,secondary,0.2521591766688438
lab_subject_3,early_vs_late,beta_power_db_uv2,secondary,-0.2695307237323128
lab_subject_3,format_x_timing,beta_power_db_uv2,secondary,0.3494283938918912
lab_subject_5,any_ad_vs_no_ads,beta_power_db_uv2,secondary,-0.12855671219841547
lab_subject_5,inline_vs_block,beta_power_db_uv2,secondary,0.35361857376324934
lab_subject_5,early_vs_late,beta_power_db_uv2,secondary,-0.14441880983229538
lab_subject_5,format_x_timing,beta_power_db_uv2,secondary,0.7470266205275236
lab_subject_6,any_ad_vs_no_ads,beta_power_db_uv2,secondary,0.23740558991818972
lab_subject_6,inline_vs_block,beta_power_db_uv2,secondary,-0.08612325699792933
lab_subject_6,early_vs_late,beta_power_db_uv2,secondary,-0.12409535287613682
lab_subject_6,format_x_timing,beta_power_db_uv2,secondary,-0.24024849081226662
lab_subject_7,any_ad_vs_no_ads,beta_power_db_uv2,secondary,-0.2391423777481414
lab_subject_7,inline_vs_block,beta_power_db_uv2,secondary,-0.7282528941821855
lab_subject_7,early_vs_late,beta_power_db_uv2,secondary,-1.6086042285260653
lab_subject_7,format_x_timing,beta_power_db_uv2,secondary,-0.7492785027504487
lab_subject_8,any_ad_vs_no_ads,beta_power_db_uv2,secondary,0.2773351198733707
lab_subject_8,inline_vs_block,beta_power_db_uv2,secondary,-0.2438150254660023
lab_subject_8,early_vs_late,beta_power_db_uv2,secondary,0.5793642913861419
lab_subject_8,format_x_timing,beta_power_db_uv2,secondary,-0.8442714279262553
lab_subject_9,any_ad_vs_no_ads,beta_power_db_uv2,secondary,1.513524886388371
lab_subject_9,inline_vs_block,beta_power_db_uv2,secondary,0.6968146999957057
lab_subject_9,early_vs_late,beta_power_db_uv2,secondary,0.3060742472429112
lab_subject_9,format_x_timing,beta_power_db_uv2,secondary,-0.331379967529271
lab_subject_1,any_ad_vs_no_ads,faa_log_f4_minus_f3,secondary,0.10178447566873583
lab_subject_1,inline_vs_block,faa_log_f4_minus_f3,secondary,-0.087100270384326
lab_subject_1,early_vs_late,faa_log_f4_minus_f3,secondary,0.028878319813976816
lab_subject_1,format_x_timing,faa_log_f4_minus_f3,secondary,0.07986420169493513
lab_subject_10,any_ad_vs_no_ads,faa_log_f4_minus_f3,secondary,-0.11831053724318563
lab_subject_10,inline_vs_block,faa_log_f4_minus_f3,secondary,0.09243062957688775
lab_subject_10,early_vs_late,faa_log_f4_minus_f3,secondary,0.15538200928681345
lab_subject_10,format_x_timing,faa_log_f4_minus_f3,secondary,-0.2737865590760986
lab_subject_11,any_ad_vs_no_ads,faa_log_f4_minus_f3,secondary,-0.19012937162783405
lab_subject_11,inline_vs_block,faa_log_f4_minus_f3,secondary,0.007570958920984694
lab_subject_11,early_vs_late,faa_log_f4_minus_f3,secondary,0.1662962717782701
lab_subject_11,format_x_timing,faa_log_f4_minus_f3,secondary,0.10922468224958592
lab_subject_12,any_ad_vs_no_ads,faa_log_f4_minus_f3,secondary,0.23516477333058372
lab_subject_12,inline_vs_block,faa_log_f4_minus_f3,secondary,0.11589998671606772
lab_subject_12,early_vs_late,faa_log_f4_minus_f3,secondary,-0.05333454923886016
lab_subject_12,format_x_timing,faa_log_f4_minus_f3,secondary,0.0594254921672821
lab_subject_13,any_ad_vs_no_ads,faa_log_f4_minus_f3,secondary,0.056133159419598844
lab_subject_13,inline_vs_block,faa_log_f4_minus_f3,secondary,0.10022667355629356
lab_subject_13,early_vs_late,faa_log_f4_minus_f3,secondary,-0.10820670680571975
lab_subject_13,format_x_timing,faa_log_f4_minus_f3,secondary,-0.590158234556446
lab_subject_14,any_ad_vs_no_ads,faa_log_f4_minus_f3,secondary,-0.24832503225334435
lab_subject_14,inline_vs_block,faa_log_f4_minus_f3,secondary,-0.17351973661339315
lab_subject_14,early_vs_late,faa_log_f4_minus_f3,secondary,0.036090525317845845
lab_subject_14,format_x_timing,faa_log_f4_minus_f3,secondary,-0.43708200614558024
lab_subject_15,any_ad_vs_no_ads,faa_log_f4_minus_f3,secondary,-0.040756362001824975
lab_subject_15,inline_vs_block,faa_log_f4_minus_f3,secondary,0.05755396957932213
lab_subject_15,early_vs_late,faa_log_f4_minus_f3,secondary,-0.08900480879144368
lab_subject_15,format_x_timing,faa_log_f4_minus_f3,secondary,-0.053305488232219034
lab_subject_16,any_ad_vs_no_ads,faa_log_f4_minus_f3,secondary,-0.08730386426452297
lab_subject_16,inline_vs_block,faa_log_f4_minus_f3,secondary,0.04765446071958923
lab_subject_16,early_vs_late,faa_log_f4_minus_f3,secondary,0.025984530411487405
lab_subject_16,format_x_timing,faa_log_f4_minus_f3,secondary,-0.21417228764424046
lab_subject_17,any_ad_vs_no_ads,faa_log_f4_minus_f3,secondary,-0.10206047115574757
lab_subject_17,inline_vs_block,faa_log_f4_minus_f3,secondary,0.07249513342430713
lab_subject_17,early_vs_late,faa_log_f4_minus_f3,secondary,0.05913699325491795
lab_subject_17,format_x_timing,faa_log_f4_minus_f3,secondary,-0.07718871482738443
lab_subject_18,any_ad_vs_no_ads,faa_log_f4_minus_f3,secondary,-0.009186264045033088
lab_subject_18,inline_vs_block,faa_log_f4_minus_f3,secondary,-0.03007051666017535
lab_subject_18,early_vs_late,faa_log_f4_minus_f3,secondary,-0.0655167200476674
lab_subject_18,format_x_timing,faa_log_f4_minus_f3,secondary,-0.16841170326834565
lab_subject_19,any_ad_vs_no_ads,faa_log_f4_minus_f3,secondary,0.029599728826088967
lab_subject_19,inline_vs_block,faa_log_f4_minus_f3,secondary,-0.01369693423153695
lab_subject_19,early_vs_late,faa_log_f4_minus_f3,secondary,-0.0030192181176049715
lab_subject_19,format_x_timing,faa_log_f4_minus_f3,secondary,-0.0688207689646756
lab_subject_2,any_ad_vs_no_ads,faa_log_f4_minus_f3,secondary,0.13941630366155877
lab_subject_2,inline_vs_block,faa_log_f4_minus_f3,secondary,-0.07137679008170394
lab_subject_2,early_vs_late,faa_log_f4_minus_f3,secondary,0.055072047021727855
lab_subject_2,format_x_timing,faa_log_f4_minus_f3,secondary,-0.05780494894953847
lab_subject_3,any_ad_vs_no_ads,faa_log_f4_minus_f3,secondary,0.14306058636972363
lab_subject_3,inline_vs_block,faa_log_f4_minus_f3,secondary,-0.08922325107358908
lab_subject_3,early_vs_late,faa_log_f4_minus_f3,secondary,-0.03526091754760863
lab_subject_3,format_x_timing,faa_log_f4_minus_f3,secondary,-0.13211752700612678
lab_subject_5,any_ad_vs_no_ads,faa_log_f4_minus_f3,secondary,-0.036097130010140255
lab_subject_5,inline_vs_block,faa_log_f4_minus_f3,secondary,0.12904146539207595
lab_subject_5,early_vs_late,faa_log_f4_minus_f3,secondary,-0.002131854845258019
lab_subject_5,format_x_timing,faa_log_f4_minus_f3,secondary,-0.04545891067818175
lab_subject_6,any_ad_vs_no_ads,faa_log_f4_minus_f3,secondary,-0.011446721128812065
lab_subject_6,inline_vs_block,faa_log_f4_minus_f3,secondary,0.01851278857413874
lab_subject_6,early_vs_late,faa_log_f4_minus_f3,secondary,-0.005006426858733093
lab_subject_6,format_x_timing,faa_log_f4_minus_f3,secondary,0.14482065022814083
lab_subject_7,any_ad_vs_no_ads,faa_log_f4_minus_f3,secondary,-0.3023062914299315
lab_subject_7,inline_vs_block,faa_log_f4_minus_f3,secondary,0.03664685066474682
lab_subject_7,early_vs_late,faa_log_f4_minus_f3,secondary,0.27419482215839786
lab_subject_7,format_x_timing,faa_log_f4_minus_f3,secondary,-0.22024707274391986
lab_subject_8,any_ad_vs_no_ads,faa_log_f4_minus_f3,secondary,-0.003702887543151512
lab_subject_8,inline_vs_block,faa_log_f4_minus_f3,secondary,-0.022955038507349812
lab_subject_8,early_vs_late,faa_log_f4_minus_f3,secondary,0.06314083712970309
lab_subject_8,format_x_timing,faa_log_f4_minus_f3,secondary,-0.07624519319967149
lab_subject_9,any_ad_vs_no_ads,faa_log_f4_minus_f3,secondary,-0.08679599207247435
lab_subject_9,inline_vs_block,faa_log_f4_minus_f3,secondary,-0.07736427691311931
lab_subject_9,early_vs_late,faa_log_f4_minus_f3,secondary,-0.04516832696743833
lab_subject_9,format_x_timing,faa_log_f4_minus_f3,secondary,0.09142257902978912
lab_subject_1,any_ad_vs_no_ads,delta_power_db_uv2,exploratory,-0.8466110445143009
lab_subject_1,inline_vs_block,delta_power_db_uv2,exploratory,0.28973210112993364
lab_subject_1,early_vs_late,delta_power_db_uv2,exploratory,0.07654988276469865
lab_subject_1,format_x_timing,delta_power_db_uv2,exploratory,1.288633214950746
lab_subject_10,any_ad_vs_no_ads,delta_power_db_uv2,exploratory,1.609724597124984
lab_subject_10,inline_vs_block,delta_power_db_uv2,exploratory,2.2511375976254513
lab_subject_10,early_vs_late,delta_power_db_uv2,exploratory,-0.09224987987245115
lab_subject_10,format_x_timing,delta_power_db_uv2,exploratory,-4.74463678249808
lab_subject_11,any_ad_vs_no_ads,delta_power_db_uv2,exploratory,-0.20497512115466776
lab_subject_11,inline_vs_block,delta_power_db_uv2,exploratory,-1.1163413130610067
lab_subject_11,early_vs_late,delta_power_db_uv2,exploratory,-0.6868759330427778
lab_subject_11,format_x_timing,delta_power_db_uv2,exploratory,1.6857731243157517
lab_subject_12,any_ad_vs_no_ads,delta_power_db_uv2,exploratory,0.4307889926414532
lab_subject_12,inline_vs_block,delta_power_db_uv2,exploratory,-0.0016743281454871806
lab_subject_12,early_vs_late,delta_power_db_uv2,exploratory,0.3030555033166955
lab_subject_12,format_x_timing,delta_power_db_uv2,exploratory,-1.0285109482511317
lab_subject_13,any_ad_vs_no_ads,delta_power_db_uv2,exploratory,1.0226639699192965
lab_subject_13,inline_vs_block,delta_power_db_uv2,exploratory,-2.2650502269637194
lab_subject_13,early_vs_late,delta_power_db_uv2,exploratory,0.47264030722839223
lab_subject_13,format_x_timing,delta_power_db_uv2,exploratory,5.217719576010147
lab_subject_14,any_ad_vs_no_ads,delta_power_db_uv2,exploratory,-0.2860014344714905
lab_subject_14,inline_vs_block,delta_power_db_uv2,exploratory,0.89555043046661
lab_subject_14,early_vs_late,delta_power_db_uv2,exploratory,1.079080190052558
lab_subject_14,format_x_timing,delta_power_db_uv2,exploratory,-0.8712208797901333
lab_subject_15,any_ad_vs_no_ads,delta_power_db_uv2,exploratory,-0.8661214103845651
lab_subject_15,inline_vs_block,delta_power_db_uv2,exploratory,-2.4532003985268958
lab_subject_15,early_vs_late,delta_power_db_uv2,exploratory,-0.9619236202475783
lab_subject_15,format_x_timing,delta_power_db_uv2,exploratory,-5.171994284669635
lab_subject_16,any_ad_vs_no_ads,delta_power_db_uv2,exploratory,-0.13532341392518177
lab_subject_16,inline_vs_block,delta_power_db_uv2,exploratory,-0.14387746763959797
lab_subject_16,early_vs_late,delta_power_db_uv2,exploratory,-0.32026733749835756
lab_subject_16,format_x_timing,delta_power_db_uv2,exploratory,1.2536050414524027
lab_subject_17,any_ad_vs_no_ads,delta_power_db_uv2,exploratory,-1.0335546458571265
lab_subject_17,inline_vs_block,delta_power_db_uv2,exploratory,-1.2747850442832664
lab_subject_17,early_vs_late,delta_power_db_uv2,exploratory,-0.04441318655518245
lab_subject_17,format_x_timing,delta_power_db_uv2,exploratory,0.5295630901986641
lab_subject_18,any_ad_vs_no_ads,delta_power_db_uv2,exploratory,-2.0211681643664683
lab_subject_18,inline_vs_block,delta_power_db_uv2,exploratory,0.045746046069128354
lab_subject_18,early_vs_late,delta_power_db_uv2,exploratory,1.349974017417301
lab_subject_18,format_x_timing,delta_power_db_uv2,exploratory,-1.2495348684646963
lab_subject_19,any_ad_vs_no_ads,delta_power_db_uv2,exploratory,1.0744189360169258
lab_subject_19,inline_vs_block,delta_power_db_uv2,exploratory,0.1378126660333976
lab_subject_19,early_vs_late,delta_power_db_uv2,exploratory,0.38182075306946217
lab_subject_19,format_x_timing,delta_power_db_uv2,exploratory,-0.14859520205416032
lab_subject_2,any_ad_vs_no_ads,delta_power_db_uv2,exploratory,0.5663266631994901
lab_subject_2,inline_vs_block,delta_power_db_uv2,exploratory,0.43207213320923543
lab_subject_2,early_vs_late,delta_power_db_uv2,exploratory,0.31953706705379403
lab_subject_2,format_x_timing,delta_power_db_uv2,exploratory,1.4698560889683812
lab_subject_3,any_ad_vs_no_ads,delta_power_db_uv2,exploratory,-0.2051089628173024
lab_subject_3,inline_vs_block,delta_power_db_uv2,exploratory,-1.2103618367527673
lab_subject_3,early_vs_late,delta_power_db_uv2,exploratory,-0.8138434703515216
lab_subject_3,format_x_timing,delta_power_db_uv2,exploratory,-1.281683424155446
lab_subject_5,any_ad_vs_no_ads,delta_power_db_uv2,exploratory,-1.2700682761102016
lab_subject_5,inline_vs_block,delta_power_db_uv2,exploratory,-1.8115058693579513
lab_subject_5,early_vs_late,delta_power_db_uv2,exploratory,1.0137865683990768
lab_subject_5,format_x_timing,delta_power_db_uv2,exploratory,0.9619664758797626
lab_subject_6,any_ad_vs_no_ads,delta_power_db_uv2,exploratory,0.2833997917427329
lab_subject_6,inline_vs_block,delta_power_db_uv2,exploratory,1.353995744634089
lab_subject_6,early_vs_late,delta_power_db_uv2,exploratory,-0.7885704539000464
lab_subject_6,format_x_timing,delta_power_db_uv2,exploratory,-2.014578625546555
lab_subject_7,any_ad_vs_no_ads,delta_power_db_uv2,exploratory,-1.751308115427781
lab_subject_7,inline_vs_block,delta_power_db_uv2,exploratory,-1.1048520679177543
lab_subject_7,early_vs_late,delta_power_db_uv2,exploratory,-0.6428379974492557
lab_subject_7,format_x_timing,delta_power_db_uv2,exploratory,-0.8697770793018194
lab_subject_8,any_ad_vs_no_ads,delta_power_db_uv2,exploratory,-0.6923707220996071
lab_subject_8,inline_vs_block,delta_power_db_uv2,exploratory,-0.2257587110001893
lab_subject_8,early_vs_late,delta_power_db_uv2,exploratory,0.02672772898934994
lab_subject_8,format_x_timing,delta_power_db_uv2,exploratory,-0.8045986798675955
lab_subject_9,any_ad_vs_no_ads,delta_power_db_uv2,exploratory,1.0090879770177494
lab_subject_9,inline_vs_block,delta_power_db_uv2,exploratory,0.9010244801795615
lab_subject_9,early_vs_late,delta_power_db_uv2,exploratory,-0.30983297923442876
lab_subject_9,format_x_timing,delta_power_db_uv2,exploratory,-2.8410491309713137
lab_subject_1,any_ad_vs_no_ads,gamma_power_db_uv2,exploratory,1.4136669942193074
lab_subject_1,inline_vs_block,gamma_power_db_uv2,exploratory,-0.4574603094081766
lab_subject_1,early_vs_late,gamma_power_db_uv2,exploratory,0.1449055363490377
lab_subject_1,format_x_timing,gamma_power_db_uv2,exploratory,0.012767797219469301
lab_subject_10,any_ad_vs_no_ads,gamma_power_db_uv2,exploratory,-1.4817264908146095
lab_subject_10,inline_vs_block,gamma_power_db_uv2,exploratory,1.020663936877055
lab_subject_10,early_vs_late,gamma_power_db_uv2,exploratory,1.1350381785296277
lab_subject_10,format_x_timing,gamma_power_db_uv2,exploratory,0.2245924261590575
lab_subject_11,any_ad_vs_no_ads,gamma_power_db_uv2,exploratory,0.30360832452886455
lab_subject_11,inline_vs_block,gamma_power_db_uv2,exploratory,-0.6317885192496557
lab_subject_11,early_vs_late,gamma_power_db_uv2,exploratory,-1.6720412363411086
lab_subject_11,format_x_timing,gamma_power_db_uv2,exploratory,3.995437761283104
lab_subject_12,any_ad_vs_no_ads,gamma_power_db_uv2,exploratory,-0.5863071719685202
lab_subject_12,inline_vs_block,gamma_power_db_uv2,exploratory,0.029031623978284626
lab_subject_12,early_vs_late,gamma_power_db_uv2,exploratory,0.7433469147086069
lab_subject_12,format_x_timing,gamma_power_db_uv2,exploratory,0.6750492149766403
lab_subject_13,any_ad_vs_no_ads,gamma_power_db_uv2,exploratory,0.16043768567233685
lab_subject_13,inline_vs_block,gamma_power_db_uv2,exploratory,-0.762631646651615
lab_subject_13,early_vs_late,gamma_power_db_uv2,exploratory,-1.5097121843960426
lab_subject_13,format_x_timing,gamma_power_db_uv2,exploratory,0.3910836126315589
lab_subject_14,any_ad_vs_no_ads,gamma_power_db_uv2,exploratory,-0.29944801294021417
lab_subject_14,inline_vs_block,gamma_power_db_uv2,exploratory,0.3716183065291485
lab_subject_14,early_vs_late,gamma_power_db_uv2,exploratory,0.683143161479677
lab_subject_14,format_x_timing,gamma_power_db_uv2,exploratory,-1.7728893143944546
lab_subject_15,any_ad_vs_no_ads,gamma_power_db_uv2,exploratory,0.8006495421486914
lab_subject_15,inline_vs_block,gamma_power_db_uv2,exploratory,1.231634223177325
lab_subject_15,early_vs_late,gamma_power_db_uv2,exploratory,-0.9532643856319603
lab_subject_15,format_x_timing,gamma_power_db_uv2,exploratory,0.6219590590266196
lab_subject_16,any_ad_vs_no_ads,gamma_power_db_uv2,exploratory,-0.19232557388231442
lab_subject_16,inline_vs_block,gamma_power_db_uv2,exploratory,0.1081059366978856
lab_subject_16,early_vs_late,gamma_power_db_uv2,exploratory,0.6903129901337284
lab_subject_16,format_x_timing,gamma_power_db_uv2,exploratory,0.16548749023841758
lab_subject_17,any_ad_vs_no_ads,gamma_power_db_uv2,exploratory,0.3948760747220481
lab_subject_17,inline_vs_block,gamma_power_db_uv2,exploratory,-0.614702378216708
lab_subject_17,early_vs_late,gamma_power_db_uv2,exploratory,0.53725685259207
lab_subject_17,format_x_timing,gamma_power_db_uv2,exploratory,-2.2263064964003947
lab_subject_18,any_ad_vs_no_ads,gamma_power_db_uv2,exploratory,-1.4527748290394458
lab_subject_18,inline_vs_block,gamma_power_db_uv2,exploratory,1.689299930868912
lab_subject_18,early_vs_late,gamma_power_db_uv2,exploratory,0.6352012062221335
lab_subject_18,format_x_timing,gamma_power_db_uv2,exploratory,0.2759127783216461
lab_subject_19,any_ad_vs_no_ads,gamma_power_db_uv2,exploratory,-1.4829909175598937
lab_subject_19,inline_vs_block,gamma_power_db_uv2,exploratory,0.7357573713290915
lab_subject_19,early_vs_late,gamma_power_db_uv2,exploratory,0.2626680952524302
lab_subject_19,format_x_timing,gamma_power_db_uv2,exploratory,0.9919301090877128
lab_subject_2,any_ad_vs_no_ads,gamma_power_db_uv2,exploratory,0.030563327260547446
lab_subject_2,inline_vs_block,gamma_power_db_uv2,exploratory,-1.1262876899786196
lab_subject_2,early_vs_late,gamma_power_db_uv2,exploratory,0.24947259196244964
lab_subject_2,format_x_timing,gamma_power_db_uv2,exploratory,4.879628426914427
lab_subject_3,any_ad_vs_no_ads,gamma_power_db_uv2,exploratory,-0.2359064253559362
lab_subject_3,inline_vs_block,gamma_power_db_uv2,exploratory,0.09354277583191184
lab_subject_3,early_vs_late,gamma_power_db_uv2,exploratory,-0.4656398099906056
lab_subject_3,format_x_timing,gamma_power_db_uv2,exploratory,0.8959694363019342
lab_subject_5,any_ad_vs_no_ads,gamma_power_db_uv2,exploratory,-0.25105365623061715
lab_subject_5,inline_vs_block,gamma_power_db_uv2,exploratory,0.789442842949307
lab_subject_5,early_vs_late,gamma_power_db_uv2,exploratory,-0.24202234763680197
lab_subject_5,format_x_timing,gamma_power_db_uv2,exploratory,1.609842326670246
lab_subject_6,any_ad_vs_no_ads,gamma_power_db_uv2,exploratory,0.25568163319808956
lab_subject_6,inline_vs_block,gamma_power_db_uv2,exploratory,0.035206028645414555
lab_subject_6,early_vs_late,gamma_power_db_uv2,exploratory,-0.0063656066422046464
lab_subject_6,format_x_timing,gamma_power_db_uv2,exploratory,-0.13639398807878345
lab_subject_7,any_ad_vs_no_ads,gamma_power_db_uv2,exploratory,-0.4765602022324611
lab_subject_7,inline_vs_block,gamma_power_db_uv2,exploratory,-1.064689947360847
lab_subject_7,early_vs_late,gamma_power_db_uv2,exploratory,-2.2736076402766052
lab_subject_7,format_x_timing,gamma_power_db_uv2,exploratory,-1.2277008371842966
lab_subject_8,any_ad_vs_no_ads,gamma_power_db_uv2,exploratory,0.5198262183918358
lab_subject_8,inline_vs_block,gamma_power_db_uv2,exploratory,-0.5866241098619782
lab_subject_8,early_vs_late,gamma_power_db_uv2,exploratory,0.9894344893187648
lab_subject_8,format_x_timing,gamma_power_db_uv2,exploratory,-1.757763569201301
lab_subject_9,any_ad_vs_no_ads,gamma_power_db_uv2,exploratory,2.142385178630626
lab_subject_9,inline_vs_block,gamma_power_db_uv2,exploratory,0.696874782794314
lab_subject_9,early_vs_late,gamma_power_db_uv2,exploratory,0.4093515137422381
lab_subject_9,format_x_timing,gamma_power_db_uv2,exploratory,0.7858047261326977
lab_subject_1,any_ad_vs_no_ads,delta_relative_power,exploratory,-0.05921182927283042
lab_subject_1,inline_vs_block,delta_relative_power,exploratory,0.02958788634994103
lab_subject_1,early_vs_late,delta_relative_power,exploratory,0.012995461807343567
lab_subject_1,format_x_timing,delta_relative_power,exploratory,0.03628605682206154
lab_subject_10,any_ad_vs_no_ads,delta_relative_power,exploratory,0.0801466516727789
lab_subject_10,inline_vs_block,delta_relative_power,exploratory,0.0557973570018242
lab_subject_10,early_vs_late,delta_relative_power,exploratory,0.03129023146148269
lab_subject_10,format_x_timing,delta_relative_power,exploratory,-0.12390481026502342
lab_subject_11,any_ad_vs_no_ads,delta_relative_power,exploratory,-0.009603857697315976
lab_subject_11,inline_vs_block,delta_relative_power,exploratory,-0.02035806079444724
lab_subject_11,early_vs_late,delta_relative_power,exploratory,0.0030582853942954236
lab_subject_11,format_x_timing,delta_relative_power,exploratory,0.04919784081394185
lab_subject_12,any_ad_vs_no_ads,delta_relative_power,exploratory,0.02426734183816248
lab_subject_12,inline_vs_block,delta_relative_power,exploratory,0.008848610757837494
lab_subject_12,early_vs_late,delta_relative_power,exploratory,-0.017101669632506367
lab_subject_12,format_x_timing,delta_relative_power,exploratory,-0.03522345521968129
lab_subject_13,any_ad_vs_no_ads,delta_relative_power,exploratory,0.018049478929380247
lab_subject_13,inline_vs_block,delta_relative_power,exploratory,-0.032013219578320706
lab_subject_13,early_vs_late,delta_relative_power,exploratory,0.01922779371717076
lab_subject_13,format_x_timing,delta_relative_power,exploratory,0.051678595120911996
lab_subject_14,any_ad_vs_no_ads,delta_relative_power,exploratory,-0.010005382134788854
lab_subject_14,inline_vs_block,delta_relative_power,exploratory,0.026301911417599966
lab_subject_14,early_vs_late,delta_relative_power,exploratory,0.014587051292549669
lab_subject_14,format_x_timing,delta_relative_power,exploratory,0.0365303666087915
lab_subject_15,any_ad_vs_no_ads,delta_relative_power,exploratory,-0.03850045293722415
lab_subject_15,inline_vs_block,delta_relative_power,exploratory,-0.0677964928412711
lab_subject_15,early_vs_late,delta_relative_power,exploratory,-0.0220428361329843
lab_subject_15,format_x_timing,delta_relative_power,exploratory,-0.1467522835108157
lab_subject_16,any_ad_vs_no_ads,delta_relative_power,exploratory,0.017785399913985422
lab_subject_16,inline_vs_block,delta_relative_power,exploratory,0.0015963281110347172
lab_subject_16,early_vs_late,delta_relative_power,exploratory,-0.054180855609808565
lab_subject_16,format_x_timing,delta_relative_power,exploratory,0.05187327848524037
lab_subject_17,any_ad_vs_no_ads,delta_relative_power,exploratory,-0.02148284084808305
lab_subject_17,inline_vs_block,delta_relative_power,exploratory,-0.016465565194148324
lab_subject_17,early_vs_late,delta_relative_power,exploratory,-0.008025818451812827
lab_subject_17,format_x_timing,delta_relative_power,exploratory,0.056859434828814615
lab_subject_18,any_ad_vs_no_ads,delta_relative_power,exploratory,-0.07437582941583465
lab_subject_18,inline_vs_block,delta_relative_power,exploratory,-0.022852217328571456
lab_subject_18,early_vs_late,delta_relative_power,exploratory,0.04467758511622866
lab_subject_18,format_x_timing,delta_relative_power,exploratory,-0.04143688326379058
lab_subject_19,any_ad_vs_no_ads,delta_relative_power,exploratory,0.04227408377863706
lab_subject_19,inline_vs_block,delta_relative_power,exploratory,-0.0020907374156252656
lab_subject_19,early_vs_late,delta_relative_power,exploratory,0.014441202270525366
lab_subject_19,format_x_timing,delta_relative_power,exploratory,-0.02064574276438602
lab_subject_2,any_ad_vs_no_ads,delta_relative_power,exploratory,0.0056557973377896475
lab_subject_2,inline_vs_block,delta_relative_power,exploratory,0.02103075142906574
lab_subject_2,early_vs_late,delta_relative_power,exploratory,-0.00021378886205836167
lab_subject_2,format_x_timing,delta_relative_power,exploratory,-0.008299603645261833
lab_subject_3,any_ad_vs_no_ads,delta_relative_power,exploratory,-0.0011197573318790788
lab_subject_3,inline_vs_block,delta_relative_power,exploratory,-0.033672075446627536
lab_subject_3,early_vs_late,delta_relative_power,exploratory,-0.020777260416154464
lab_subject_3,format_x_timing,delta_relative_power,exploratory,-0.051762475342498115
lab_subject_5,any_ad_vs_no_ads,delta_relative_power,exploratory,-0.028739128142446946
lab_subject_5,inline_vs_block,delta_relative_power,exploratory,-0.02505805774302272
lab_subject_5,early_vs_late,delta_relative_power,exploratory,0.014979990171206437
lab_subject_5,format_x_timing,delta_relative_power,exploratory,0.009642334766310712
lab_subject_6,any_ad_vs_no_ads,delta_relative_power,exploratory,0.01716115070865243
lab_subject_6,inline_vs_block,delta_relative_power,exploratory,0.051455118359989505
lab_subject_6,early_vs_late,delta_relative_power,exploratory,-0.01942311969794097
lab_subject_6,format_x_timing,delta_relative_power,exploratory,-0.08010333868946862
lab_subject_7,any_ad_vs_no_ads,delta_relative_power,exploratory,-0.05897610147534649
lab_subject_7,inline_vs_block,delta_relative_power,exploratory,-0.0212617197413989
lab_subject_7,early_vs_late,delta_relative_power,exploratory,0.03741489718808444
lab_subject_7,format_x_timing,delta_relative_power,exploratory,0.02703778148659841
lab_subject_8,any_ad_vs_no_ads,delta_relative_power,exploratory,-0.019818275383028494
lab_subject_8,inline_vs_block,delta_relative_power,exploratory,-0.009818648609891678
lab_subject_8,early_vs_late,delta_relative_power,exploratory,-0.01692024850177143
lab_subject_8,format_x_timing,delta_relative_power,exploratory,-0.01636786229364895
lab_subject_9,any_ad_vs_no_ads,delta_relative_power,exploratory,0.015461339362057736
lab_subject_9,inline_vs_block,delta_relative_power,exploratory,0.01755523486731858
lab_subject_9,early_vs_late,delta_relative_power,exploratory,-0.01710333177641321
lab_subject_9,format_x_timing,delta_relative_power,exploratory,-0.08256376177930458
lab_subject_1,any_ad_vs_no_ads,theta_relative_power,exploratory,-0.0021400720804523876
lab_subject_1,inline_vs_block,theta_relative_power,exploratory,-0.0028250518934165997
lab_subject_1,early_vs_late,theta_relative_power,exploratory,-0.003418657750183754
lab_subject_1,format_x_timing,theta_relative_power,exploratory,-0.012286691444793135
lab_subject_10,any_ad_vs_no_ads,theta_relative_power,exploratory,-0.010362692512322469
lab_subject_10,inline_vs_block,theta_relative_power,exploratory,-0.0020322716868469426
lab_subject_10,early_vs_late,theta_relative_power,exploratory,-0.009151759394621983
lab_subject_10,format_x_timing,theta_relative_power,exploratory,0.010760338767074884
lab_subject_11,any_ad_vs_no_ads,theta_relative_power,exploratory,0.003950065624375457
lab_subject_11,inline_vs_block,theta_relative_power,exploratory,0.002597736429473585
lab_subject_11,early_vs_late,theta_relative_power,exploratory,-0.002943927307831329
lab_subject_11,format_x_timing,theta_relative_power,exploratory,-0.014423644419243792
lab_subject_12,any_ad_vs_no_ads,theta_relative_power,exploratory,-0.015554635173563786
lab_subject_12,inline_vs_block,theta_relative_power,exploratory,-0.010615677857287176
lab_subject_12,early_vs_late,theta_relative_power,exploratory,0.0062111043985416114
lab_subject_12,format_x_timing,theta_relative_power,exploratory,0.009750520494381187
lab_subject_13,any_ad_vs_no_ads,theta_relative_power,exploratory,-0.004839980355586429
lab_subject_13,inline_vs_block,theta_relative_power,exploratory,0.008596146644329658
lab_subject_13,early_vs_late,theta_relative_power,exploratory,0.0015966972631656084
lab_subject_13,format_x_timing,theta_relative_power,exploratory,0.0030488587517933374
lab_subject_14,any_ad_vs_no_ads,theta_relative_power,exploratory,-0.006092210734417722
lab_subject_14,inline_vs_block,theta_relative_power,exploratory,-0.0046191200607703375
lab_subject_14,early_vs_late,theta_relative_power,exploratory,-0.011305624880934312
lab_subject_14,format_x_timing,theta_relative_power,exploratory,-0.004269847714155395
lab_subject_15,any_ad_vs_no_ads,theta_relative_power,exploratory,0.009907643527363064
lab_subject_15,inline_vs_block,theta_relative_power,exploratory,0.010048608591578578
lab_subject_15,early_vs_late,theta_relative_power,exploratory,0.00505100440296774
lab_subject_15,format_x_timing,theta_relative_power,exploratory,0.054963873239634836
lab_subject_16,any_ad_vs_no_ads,theta_relative_power,exploratory,0.0005016554509351262
lab_subject_16,inline_vs_block,theta_relative_power,exploratory,-0.0005068486940374983
lab_subject_16,early_vs_late,theta_relative_power,exploratory,-0.0039325832084924975
lab_subject_16,format_x_timing,theta_relative_power,exploratory,-0.009875069304521145
lab_subject_17,any_ad_vs_no_ads,theta_relative_power,exploratory,-0.0022407132464454804
lab_subject_17,inline_vs_block,theta_relative_power,exploratory,-0.0023634801064878475
lab_subject_17,early_vs_late,theta_relative_power,exploratory,0.004805791545145419
lab_subject_17,format_x_timing,theta_relative_power,exploratory,-0.005717128889881143
lab_subject_18,any_ad_vs_no_ads,theta_relative_power,exploratory,0.024725983357563514
lab_subject_18,inline_vs_block,theta_relative_power,exploratory,-0.0076299911527720615
lab_subject_18,early_vs_late,theta_relative_power,exploratory,-0.01586617844364506
lab_subject_18,format_x_timing,theta_relative_power,exploratory,-0.00024408790744050168
lab_subject_19,any_ad_vs_no_ads,theta_relative_power,exploratory,0.0003219028917339217
lab_subject_19,inline_vs_block,theta_relative_power,exploratory,-0.0027645207935232813
lab_subject_19,early_vs_late,theta_relative_power,exploratory,-0.006944431612942087
lab_subject_19,format_x_timing,theta_relative_power,exploratory,-0.002038015108256852
lab_subject_2,any_ad_vs_no_ads,theta_relative_power,exploratory,0.001013161073506047
lab_subject_2,inline_vs_block,theta_relative_power,exploratory,0.009386376284607839
lab_subject_2,early_vs_late,theta_relative_power,exploratory,0.0007926056066021869
lab_subject_2,format_x_timing,theta_relative_power,exploratory,0.0026967227159020446
lab_subject_3,any_ad_vs_no_ads,theta_relative_power,exploratory,0.011327921157087917
lab_subject_3,inline_vs_block,theta_relative_power,exploratory,2.804914732784658e-05
lab_subject_3,early_vs_late,theta_relative_power,exploratory,-0.0010031952205168115
lab_subject_3,format_x_timing,theta_relative_power,exploratory,-0.0064264131849813
lab_subject_5,any_ad_vs_no_ads,theta_relative_power,exploratory,0.008466452663949214
lab_subject_5,inline_vs_block,theta_relative_power,exploratory,-0.0034785133059859336
lab_subject_5,early_vs_late,theta_relative_power,exploratory,-0.0006031219796862608
lab_subject_5,format_x_timing,theta_relative_power,exploratory,-0.004344174864769304
lab_subject_6,any_ad_vs_no_ads,theta_relative_power,exploratory,0.0036594568051424303
lab_subject_6,inline_vs_block,theta_relative_power,exploratory,-0.015207187499311381
lab_subject_6,early_vs_late,theta_relative_power,exploratory,0.0013700334033858175
lab_subject_6,format_x_timing,theta_relative_power,exploratory,0.02854277786420109
lab_subject_7,any_ad_vs_no_ads,theta_relative_power,exploratory,-0.0028757105803828703
lab_subject_7,inline_vs_block,theta_relative_power,exploratory,0.003710849200159433
lab_subject_7,early_vs_late,theta_relative_power,exploratory,0.0035408764191360853
lab_subject_7,format_x_timing,theta_relative_power,exploratory,0.017005432166417728
lab_subject_8,any_ad_vs_no_ads,theta_relative_power,exploratory,-0.00017437519435752058
lab_subject_8,inline_vs_block,theta_relative_power,exploratory,0.004895542877511427
lab_subject_8,early_vs_late,theta_relative_power,exploratory,-0.009047018513453159
lab_subject_8,format_x_timing,theta_relative_power,exploratory,0.011795879416942184
lab_subject_9,any_ad_vs_no_ads,theta_relative_power,exploratory,-0.008287490112798196
lab_subject_9,inline_vs_block,theta_relative_power,exploratory,-0.0012730159308550482
lab_subject_9,early_vs_late,theta_relative_power,exploratory,-0.0029714255436389947
lab_subject_9,format_x_timing,theta_relative_power,exploratory,0.010328152994321327
lab_subject_1,any_ad_vs_no_ads,alpha_relative_power,exploratory,0.005097800540744504
lab_subject_1,inline_vs_block,alpha_relative_power,exploratory,-0.005057360977219982
lab_subject_1,early_vs_late,alpha_relative_power,exploratory,1.703923312753458e-05
lab_subject_1,format_x_timing,alpha_relative_power,exploratory,-0.0021393292512853143
lab_subject_10,any_ad_vs_no_ads,alpha_relative_power,exploratory,-0.026856263428224517
lab_subject_10,inline_vs_block,alpha_relative_power,exploratory,-0.026896555915986955
lab_subject_10,early_vs_late,alpha_relative_power,exploratory,-0.00507515850151756
lab_subject_10,format_x_timing,alpha_relative_power,exploratory,0.08306442513515021
lab_subject_11,any_ad_vs_no_ads,alpha_relative_power,exploratory,-0.001298884544561639
lab_subject_11,inline_vs_block,alpha_relative_power,exploratory,0.00587707772137587
lab_subject_11,early_vs_late,alpha_relative_power,exploratory,0.010622805958294741
lab_subject_11,format_x_timing,alpha_relative_power,exploratory,-0.01901379181844637
lab_subject_12,any_ad_vs_no_ads,alpha_relative_power,exploratory,-0.0065681003453235964
lab_subject_12,inline_vs_block,alpha_relative_power,exploratory,0.0007937045798133494
lab_subject_12,early_vs_late,alpha_relative_power,exploratory,0.004388776641607771
lab_subject_12,format_x_timing,alpha_relative_power,exploratory,0.016103143751345465
lab_subject_13,any_ad_vs_no_ads,alpha_relative_power,exploratory,-0.0038815586848682075
lab_subject_13,inline_vs_block,alpha_relative_power,exploratory,0.008224728429026822
lab_subject_13,early_vs_late,alpha_relative_power,exploratory,-0.006458447266779889
lab_subject_13,format_x_timing,alpha_relative_power,exploratory,-0.015214672787627649
lab_subject_14,any_ad_vs_no_ads,alpha_relative_power,exploratory,-0.00019974779925298336
lab_subject_14,inline_vs_block,alpha_relative_power,exploratory,-0.004193543280249151
lab_subject_14,early_vs_late,alpha_relative_power,exploratory,-0.005643353247813551
lab_subject_14,format_x_timing,alpha_relative_power,exploratory,-0.0042568387961427895
lab_subject_15,any_ad_vs_no_ads,alpha_relative_power,exploratory,0.003546593526600344
lab_subject_15,inline_vs_block,alpha_relative_power,exploratory,0.009967645795043039
lab_subject_15,early_vs_late,alpha_relative_power,exploratory,0.005381505939219572
lab_subject_15,format_x_timing,alpha_relative_power,exploratory,0.025049908182945523
lab_subject_16,any_ad_vs_no_ads,alpha_relative_power,exploratory,0.001109568958987124
lab_subject_16,inline_vs_block,alpha_relative_power,exploratory,0.001295433373315731
lab_subject_16,early_vs_late,alpha_relative_power,exploratory,0.0020938090378212343
lab_subject_16,format_x_timing,alpha_relative_power,exploratory,-0.007623147296247523
lab_subject_17,any_ad_vs_no_ads,alpha_relative_power,exploratory,0.006472237430466522
lab_subject_17,inline_vs_block,alpha_relative_power,exploratory,0.0030357098998223045
lab_subject_17,early_vs_late,alpha_relative_power,exploratory,-0.001115638726166969
lab_subject_17,format_x_timing,alpha_relative_power,exploratory,-0.008503874943652866
lab_subject_18,any_ad_vs_no_ads,alpha_relative_power,exploratory,0.011096606264883811
lab_subject_18,inline_vs_block,alpha_relative_power,exploratory,0.002130310667401207
lab_subject_18,early_vs_late,alpha_relative_power,exploratory,-0.0066427787381119485
lab_subject_18,format_x_timing,alpha_relative_power,exploratory,0.0019015830677949416
lab_subject_19,any_ad_vs_no_ads,alpha_relative_power,exploratory,-0.004825901835210665
lab_subject_19,inline_vs_block,alpha_relative_power,exploratory,0.00015407712634744886
lab_subject_19,early_vs_late,alpha_relative_power,exploratory,-0.004270622453316289
lab_subject_19,format_x_timing,alpha_relative_power,exploratory,0.0027165353933569364
lab_subject_2,any_ad_vs_no_ads,alpha_relative_power,exploratory,-0.001589048782278453
lab_subject_2,inline_vs_block,alpha_relative_power,exploratory,-0.004759581874240901
lab_subject_2,early_vs_late,alpha_relative_power,exploratory,0.0012274759476302438
lab_subject_2,format_x_timing,alpha_relative_power,exploratory,-0.0034089569905724967
lab_subject_3,any_ad_vs_no_ads,alpha_relative_power,exploratory,0.0027393950146984286
lab_subject_3,inline_vs_block,alpha_relative_power,exploratory,0.0068895053016114205
lab_subject_3,early_vs_late,alpha_relative_power,exploratory,0.006615382237282516
lab_subject_3,format_x_timing,alpha_relative_power,exploratory,0.017691284143482325
lab_subject_5,any_ad_vs_no_ads,alpha_relative_power,exploratory,0.007456368263056536
lab_subject_5,inline_vs_block,alpha_relative_power,exploratory,0.004722539096512851
lab_subject_5,early_vs_late,alpha_relative_power,exploratory,-0.0038125765554577126
lab_subject_5,format_x_timing,alpha_relative_power,exploratory,-7.363347542729826e-05
lab_subject_6,any_ad_vs_no_ads,alpha_relative_power,exploratory,0.0006824002497457238
lab_subject_6,inline_vs_block,alpha_relative_power,exploratory,-0.011095091284211683
lab_subject_6,early_vs_late,alpha_relative_power,exploratory,0.006092824687384715
lab_subject_6,format_x_timing,alpha_relative_power,exploratory,0.03099288290168449
lab_subject_7,any_ad_vs_no_ads,alpha_relative_power,exploratory,0.005404124756973529
lab_subject_7,inline_vs_block,alpha_relative_power,exploratory,0.0028034642596797624
lab_subject_7,early_vs_late,alpha_relative_power,exploratory,0.0017841953438318195
lab_subject_7,format_x_timing,alpha_relative_power,exploratory,0.014359418958009282
lab_subject_8,any_ad_vs_no_ads,alpha_relative_power,exploratory,0.0007471865630657298
lab_subject_8,inline_vs_block,alpha_relative_power,exploratory,0.0040247602828756765
lab_subject_8,early_vs_late,alpha_relative_power,exploratory,-0.0036687744632387526
lab_subject_8,format_x_timing,alpha_relative_power,exploratory,0.018258203094158564
lab_subject_9,any_ad_vs_no_ads,alpha_relative_power,exploratory,-0.00608357547205219
lab_subject_9,inline_vs_block,alpha_relative_power,exploratory,-0.0031211057830584296
lab_subject_9,early_vs_late,alpha_relative_power,exploratory,0.0003504746948142304
lab_subject_9,format_x_timing,alpha_relative_power,exploratory,0.01683048474895702
lab_subject_1,any_ad_vs_no_ads,beta_relative_power,exploratory,0.0358479429099719
lab_subject_1,inline_vs_block,beta_relative_power,exploratory,-0.012694127842729622
lab_subject_1,early_vs_late,beta_relative_power,exploratory,-0.007125623837520273
lab_subject_1,format_x_timing,beta_relative_power,exploratory,-0.01774622476596177
lab_subject_10,any_ad_vs_no_ads,beta_relative_power,exploratory,-0.016200044868591543
lab_subject_10,inline_vs_block,beta_relative_power,exploratory,-0.010284015988989162
lab_subject_10,early_vs_late,beta_relative_power,exploratory,0.0010134431702476243
lab_subject_10,format_x_timing,beta_relative_power,exploratory,0.0392479212341485
lab_subject_11,any_ad_vs_no_ads,beta_relative_power,exploratory,0.009982731367774889
lab_subject_11,inline_vs_block,beta_relative_power,exploratory,0.0061188092362409185
lab_subject_11,early_vs_late,beta_relative_power,exploratory,0.005328938809220238
lab_subject_11,format_x_timing,beta_relative_power,exploratory,-0.010085564128912025
lab_subject_12,any_ad_vs_no_ads,beta_relative_power,exploratory,-0.002588756760009886
lab_subject_12,inline_vs_block,beta_relative_power,exploratory,-3.173570614336402e-05
lab_subject_12,early_vs_late,beta_relative_power,exploratory,-0.0023195841534820044
lab_subject_12,format_x_timing,beta_relative_power,exploratory,0.009737117092190738
lab_subject_13,any_ad_vs_no_ads,beta_relative_power,exploratory,-0.002740794903342867
lab_subject_13,inline_vs_block,beta_relative_power,exploratory,0.011595787849865733
lab_subject_13,early_vs_late,beta_relative_power,exploratory,-0.009540633379553218
lab_subject_13,format_x_timing,beta_relative_power,exploratory,-0.02822103006902863
lab_subject_14,any_ad_vs_no_ads,beta_relative_power,exploratory,0.003668589922957738
lab_subject_14,inline_vs_block,beta_relative_power,exploratory,-0.015373222762050442
lab_subject_14,early_vs_late,beta_relative_power,exploratory,0.0017826951970514177
lab_subject_14,format_x_timing,beta_relative_power,exploratory,-0.020691034044543796
lab_subject_15,any_ad_vs_no_ads,beta_relative_power,exploratory,0.013200585333870737
lab_subject_15,inline_vs_block,beta_relative_power,exploratory,0.02793867657580349
lab_subject_15,early_vs_late,beta_relative_power,exploratory,0.0121673063203072
lab_subject_15,format_x_timing,beta_relative_power,exploratory,0.05006611415651979
lab_subject_16,any_ad_vs_no_ads,beta_relative_power,exploratory,-0.015762829866792366
lab_subject_16,inline_vs_block,beta_relative_power,exploratory,0.0006385316222776161
lab_subject_16,early_vs_late,beta_relative_power,exploratory,0.01727008831315066
lab_subject_16,format_x_timing,beta_relative_power,exploratory,-0.01612972282439397
lab_subject_17,any_ad_vs_no_ads,beta_relative_power,exploratory,0.016568595409778376
lab_subject_17,inline_vs_block,beta_relative_power,exploratory,0.011506128068491384
lab_subject_17,early_vs_late,beta_relative_power,exploratory,0.004745810287414942
lab_subject_17,format_x_timing,beta_relative_power,exploratory,-0.020373919133028433
lab_subject_18,any_ad_vs_no_ads,beta_relative_power,exploratory,0.02251481874116143
lab_subject_18,inline_vs_block,beta_relative_power,exploratory,0.007482973636209478
lab_subject_18,early_vs_late,beta_relative_power,exploratory,-0.013221150034757198
lab_subject_18,format_x_timing,beta_relative_power,exploratory,0.038073200509561214
lab_subject_19,any_ad_vs_no_ads,beta_relative_power,exploratory,-0.014391927858679682
lab_subject_19,inline_vs_block,beta_relative_power,exploratory,0.0005085292024519517
lab_subject_19,early_vs_late,beta_relative_power,exploratory,-0.004301385071253355
lab_subject_19,format_x_timing,beta_relative_power,exploratory,0.001179800549728785
lab_subject_2,any_ad_vs_no_ads,beta_relative_power,exploratory,-0.012213203236112233
lab_subject_2,inline_vs_block,beta_relative_power,exploratory,-0.020156708326220518
lab_subject_2,early_vs_late,beta_relative_power,exploratory,0.0003287230048582557
lab_subject_2,format_x_timing,beta_relative_power,exploratory,0.0017807794047578346
lab_subject_3,any_ad_vs_no_ads,beta_relative_power,exploratory,0.000875606844697327
lab_subject_3,inline_vs_block,beta_relative_power,exploratory,0.026854651009491123
lab_subject_3,early_vs_late,beta_relative_power,exploratory,0.006581227709446996
lab_subject_3,format_x_timing,beta_relative_power,exploratory,0.03527022931186306
lab_subject_5,any_ad_vs_no_ads,beta_relative_power,exploratory,0.0066078542926399295
lab_subject_5,inline_vs_block,beta_relative_power,exploratory,0.018491537205653732
lab_subject_5,early_vs_late,beta_relative_power,exploratory,-0.012955038591307727
lab_subject_5,format_x_timing,beta_relative_power,exploratory,-0.0026247031745335186
lab_subject_6,any_ad_vs_no_ads,beta_relative_power,exploratory,-0.008146487003191233
lab_subject_6,inline_vs_block,beta_relative_power,exploratory,-0.022015699035119393
lab_subject_6,early_vs_late,beta_relative_power,exploratory,0.002818775431113252
lab_subject_6,format_x_timing,beta_relative_power,exploratory,0.05291631815679962
lab_subject_7,any_ad_vs_no_ads,beta_relative_power,exploratory,0.036625528138951285
lab_subject_7,inline_vs_block,beta_relative_power,exploratory,0.014343215739258758
lab_subject_7,early_vs_late,beta_relative_power,exploratory,-0.012078677368666774
lab_subject_7,format_x_timing,beta_relative_power,exploratory,-0.031108619947643773
lab_subject_8,any_ad_vs_no_ads,beta_relative_power,exploratory,0.020568389428626696
lab_subject_8,inline_vs_block,beta_relative_power,exploratory,-0.0041717539898134814
lab_subject_8,early_vs_late,beta_relative_power,exploratory,0.011669784601575514
lab_subject_8,format_x_timing,beta_relative_power,exploratory,0.002887639716212989
lab_subject_9,any_ad_vs_no_ads,beta_relative_power,exploratory,0.006179926886279108
lab_subject_9,inline_vs_block,beta_relative_power,exploratory,-0.0024153173427051144
lab_subject_9,early_vs_late,beta_relative_power,exploratory,0.012455750840218799
lab_subject_9,format_x_timing,beta_relative_power,exploratory,0.0481195939782437
lab_subject_1,any_ad_vs_no_ads,gamma_relative_power,exploratory,0.014366459136439587
lab_subject_1,inline_vs_block,gamma_relative_power,exploratory,-0.00584529656029803
lab_subject_1,early_vs_late,gamma_relative_power,exploratory,0.00047648500389937953
lab_subject_1,format_x_timing,gamma_relative_power,exploratory,-0.008157360460431667
lab_subject_10,any_ad_vs_no_ads,gamma_relative_power,exploratory,-0.004365744727748068
lab_subject_10,inline_vs_block,gamma_relative_power,exploratory,-0.0010739710583191533
lab_subject_10,early_vs_late,gamma_relative_power,exploratory,0.0029999717551079117
lab_subject_10,format_x_timing,gamma_relative_power,exploratory,0.005435532822503914
lab_subject_11,any_ad_vs_no_ads,gamma_relative_power,exploratory,0.001264395155572643
lab_subject_11,inline_vs_block,gamma_relative_power,exploratory,2.2203033134736427e-05
lab_subject_11,early_vs_late,gamma_relative_power,exploratory,-0.002664114185612937
lab_subject_11,format_x_timing,gamma_relative_power,exploratory,0.007192593089351468
lab_subject_12,any_ad_vs_no_ads,gamma_relative_power,exploratory,-0.00336553729726655
lab_subject_12,inline_vs_block,gamma_relative_power,exploratory,0.0008417656544930773
lab_subject_12,early_vs_late,gamma_relative_power,exploratory,0.0012330660556675518
lab_subject_12,format_x_timing,gamma_relative_power,exploratory,0.0039611503761801305
lab_subject_13,any_ad_vs_no_ads,gamma_relative_power,exploratory,-0.0015572687642630822
lab_subject_13,inline_vs_block,gamma_relative_power,exploratory,0.003671133264871765
lab_subject_13,early_vs_late,gamma_relative_power,exploratory,-0.0035635727624633226
lab_subject_13,format_x_timing,gamma_relative_power,exploratory,-0.008624334184990434
lab_subject_14,any_ad_vs_no_ads,gamma_relative_power,exploratory,0.0010490028592229639
lab_subject_14,inline_vs_block,gamma_relative_power,exploratory,-0.0054569664629847
lab_subject_14,early_vs_late,gamma_relative_power,exploratory,-8.445654785137202e-05
lab_subject_14,format_x_timing,gamma_relative_power,exploratory,-0.013492962302430286
lab_subject_15,any_ad_vs_no_ads,gamma_relative_power,exploratory,0.006501595213919041
lab_subject_15,inline_vs_block,gamma_relative_power,exploratory,0.011348010032604276
lab_subject_15,early_vs_late,gamma_relative_power,exploratory,0.002989884148088727
lab_subject_15,format_x_timing,gamma_relative_power,exploratory,0.020439342100220595
lab_subject_16,any_ad_vs_no_ads,gamma_relative_power,exploratory,-0.005503654670954594
lab_subject_16,inline_vs_block,gamma_relative_power,exploratory,0.000501781676054941
lab_subject_16,early_vs_late,gamma_relative_power,exploratory,0.012462380495585484
lab_subject_16,format_x_timing,gamma_relative_power,exploratory,-0.008580080759862455
lab_subject_17,any_ad_vs_no_ads,gamma_relative_power,exploratory,0.007203794000000385
lab_subject_17,inline_vs_block,gamma_relative_power,exploratory,0.004872554636391947
lab_subject_17,early_vs_late,gamma_relative_power,exploratory,0.0026254837534334177
lab_subject_17,format_x_timing,gamma_relative_power,exploratory,-0.006972788777734346
lab_subject_18,any_ad_vs_no_ads,gamma_relative_power,exploratory,-0.001067176833645378
lab_subject_18,inline_vs_block,gamma_relative_power,exploratory,0.00732008229039853
lab_subject_18,early_vs_late,gamma_relative_power,exploratory,-0.003105374442497061
lab_subject_18,format_x_timing,gamma_relative_power,exploratory,0.009660213109307661
lab_subject_19,any_ad_vs_no_ads,gamma_relative_power,exploratory,-0.006990390811663905
lab_subject_19,inline_vs_block,gamma_relative_power,exploratory,0.0013486075913963155
lab_subject_19,early_vs_late,gamma_relative_power,exploratory,-0.0004238600982498647
lab_subject_19,format_x_timing,gamma_relative_power,exploratory,0.0017253480809971272
lab_subject_2,any_ad_vs_no_ads,gamma_relative_power,exploratory,-0.007456778635415745
lab_subject_2,inline_vs_block,gamma_relative_power,exploratory,-0.012471107186450434
lab_subject_2,early_vs_late,gamma_relative_power,exploratory,-0.002461360883057137
lab_subject_2,format_x_timing,gamma_relative_power,exploratory,0.02571681544198495
lab_subject_3,any_ad_vs_no_ads,gamma_relative_power,exploratory,-0.0008785821271690419
lab_subject_3,inline_vs_block,gamma_relative_power,exploratory,0.004858164184190234
lab_subject_3,early_vs_late,gamma_relative_power,exploratory,-0.0023590977464391545
lab_subject_3,format_x_timing,gamma_relative_power,exploratory,0.006602614617320562
lab_subject_5,any_ad_vs_no_ads,gamma_relative_power,exploratory,0.0020316841961670086
lab_subject_5,inline_vs_block,gamma_relative_power,exploratory,0.009280925570575197
lab_subject_5,early_vs_late,gamma_relative_power,exploratory,-0.004649845593259819
lab_subject_5,format_x_timing,gamma_relative_power,exploratory,0.0001930925741924789
lab_subject_6,any_ad_vs_no_ads,gamma_relative_power,exploratory,0.0007490029445697752
lab_subject_6,inline_vs_block,gamma_relative_power,exploratory,-0.004934735007504635
lab_subject_6,early_vs_late,gamma_relative_power,exploratory,0.00039241706119488157
lab_subject_6,format_x_timing,gamma_relative_power,exploratory,0.009058571387164788
lab_subject_7,any_ad_vs_no_ads,gamma_relative_power,exploratory,0.012206801319878002
lab_subject_7,inline_vs_block,gamma_relative_power,exploratory,-0.011847545660268577
lab_subject_7,early_vs_late,gamma_relative_power,exploratory,-0.0033916699718173904
lab_subject_7,format_x_timing,gamma_relative_power,exploratory,-0.028816070005174013
lab_subject_8,any_ad_vs_no_ads,gamma_relative_power,exploratory,0.00540460095385361
lab_subject_8,inline_vs_block,gamma_relative_power,exploratory,-0.0026058413323114434
lab_subject_8,early_vs_late,gamma_relative_power,exploratory,0.0054365791374965736
lab_subject_8,format_x_timing,gamma_relative_power,exploratory,-0.006942325070444729
lab_subject_9,any_ad_vs_no_ads,gamma_relative_power,exploratory,0.005793863397077978
lab_subject_9,inline_vs_block,gamma_relative_power,exploratory,-0.0012867995073734609
lab_subject_9,early_vs_late,gamma_relative_power,exploratory,0.0035061601265202816
lab_subject_9,format_x_timing,gamma_relative_power,exploratory,0.032711997159920764
lab_subject_1,any_ad_vs_no_ads,engagement_beta_over_alpha_theta,exploratory,0.22230361490328854
lab_subject_1,inline_vs_block,engagement_beta_over_alpha_theta,exploratory,-0.034855141861972916
lab_subject_1,early_vs_late,engagement_beta_over_alpha_theta,exploratory,-0.0006996664733361913
lab_subject_1,format_x_timing,engagement_beta_over_alpha_theta,exploratory,-0.0689479881301801
lab_subject_10,any_ad_vs_no_ads,engagement_beta_over_alpha_theta,exploratory,-0.016868251414076496
lab_subject_10,inline_vs_block,engagement_beta_over_alpha_theta,exploratory,-0.01686076031239775
lab_subject_10,early_vs_late,engagement_beta_over_alpha_theta,exploratory,0.02983552323096733
lab_subject_10,format_x_timing,engagement_beta_over_alpha_theta,exploratory,0.04895304613839102
lab_subject_11,any_ad_vs_no_ads,engagement_beta_over_alpha_theta,exploratory,0.003631716927515405
lab_subject_11,inline_vs_block,engagement_beta_over_alpha_theta,exploratory,-0.021075502375062727
lab_subject_11,early_vs_late,engagement_beta_over_alpha_theta,exploratory,-0.01856564271124883
lab_subject_11,format_x_timing,engagement_beta_over_alpha_theta,exploratory,0.07563496812562553
lab_subject_12,any_ad_vs_no_ads,engagement_beta_over_alpha_theta,exploratory,0.014772874544477788
lab_subject_12,inline_vs_block,engagement_beta_over_alpha_theta,exploratory,0.02819606430235766
lab_subject_12,early_vs_late,engagement_beta_over_alpha_theta,exploratory,-0.011296828647574364
lab_subject_12,format_x_timing,engagement_beta_over_alpha_theta,exploratory,-0.02402387512431975
lab_subject_13,any_ad_vs_no_ads,engagement_beta_over_alpha_theta,exploratory,0.007155579669711948
lab_subject_13,inline_vs_block,engagement_beta_over_alpha_theta,exploratory,0.05593663796443915
lab_subject_13,early_vs_late,engagement_beta_over_alpha_theta,exploratory,-0.04304945581827585
lab_subject_13,format_x_timing,engagement_beta_over_alpha_theta,exploratory,-0.21576051647334737
lab_subject_14,any_ad_vs_no_ads,engagement_beta_over_alpha_theta,exploratory,0.05102078554324385
lab_subject_14,inline_vs_block,engagement_beta_over_alpha_theta,exploratory,-0.056890061690335614
lab_subject_14,early_vs_late,engagement_beta_over_alpha_theta,exploratory,0.21012600511427326
lab_subject_14,format_x_timing,engagement_beta_over_alpha_theta,exploratory,-0.08496584278295594
lab_subject_15,any_ad_vs_no_ads,engagement_beta_over_alpha_theta,exploratory,0.01830338080381555
lab_subject_15,inline_vs_block,engagement_beta_over_alpha_theta,exploratory,0.1041588766895799
lab_subject_15,early_vs_late,engagement_beta_over_alpha_theta,exploratory,-0.025108187269786142
lab_subject_15,format_x_timing,engagement_beta_over_alpha_theta,exploratory,-0.05444735038375459
lab_subject_16,any_ad_vs_no_ads,engagement_beta_over_alpha_theta,exploratory,-0.1263775626936734
lab_subject_16,inline_vs_block,engagement_beta_over_alpha_theta,exploratory,0.04109757302464678
lab_subject_16,early_vs_late,engagement_beta_over_alpha_theta,exploratory,0.11593578175287189
lab_subject_16,format_x_timing,engagement_beta_over_alpha_theta,exploratory,0.14685892198160322
lab_subject_17,any_ad_vs_no_ads,engagement_beta_over_alpha_theta,exploratory,0.06258351638496434
lab_subject_17,inline_vs_block,engagement_beta_over_alpha_theta,exploratory,0.10815666533066415
lab_subject_17,early_vs_late,engagement_beta_over_alpha_theta,exploratory,0.0034091318659700276
lab_subject_17,format_x_timing,engagement_beta_over_alpha_theta,exploratory,-0.024657935999347014
lab_subject_18,any_ad_vs_no_ads,engagement_beta_over_alpha_theta,exploratory,-0.06004740636102979
lab_subject_18,inline_vs_block,engagement_beta_over_alpha_theta,exploratory,0.10572748126247344
lab_subject_18,early_vs_late,engagement_beta_over_alpha_theta,exploratory,0.022436808372002237
lab_subject_18,format_x_timing,engagement_beta_over_alpha_theta,exploratory,0.12332290864340362
lab_subject_19,any_ad_vs_no_ads,engagement_beta_over_alpha_theta,exploratory,-0.09345713582771387
lab_subject_19,inline_vs_block,engagement_beta_over_alpha_theta,exploratory,0.018873178348746134
lab_subject_19,early_vs_late,engagement_beta_over_alpha_theta,exploratory,0.02010165827135285
lab_subject_19,format_x_timing,engagement_beta_over_alpha_theta,exploratory,-0.0023040411961241514
lab_subject_2,any_ad_vs_no_ads,engagement_beta_over_alpha_theta,exploratory,-0.1380051420551749
lab_subject_2,inline_vs_block,engagement_beta_over_alpha_theta,exploratory,-0.15366053404730806
lab_subject_2,early_vs_late,engagement_beta_over_alpha_theta,exploratory,0.06383492335249241
lab_subject_2,format_x_timing,engagement_beta_over_alpha_theta,exploratory,0.005257200887884839
lab_subject_3,any_ad_vs_no_ads,engagement_beta_over_alpha_theta,exploratory,-0.03214378784862704
lab_subject_3,inline_vs_block,engagement_beta_over_alpha_theta,exploratory,0.0637022649230109
lab_subject_3,early_vs_late,engagement_beta_over_alpha_theta,exploratory,-0.026567488041804088
lab_subject_3,format_x_timing,engagement_beta_over_alpha_theta,exploratory,0.07155332969425343
lab_subject_5,any_ad_vs_no_ads,engagement_beta_over_alpha_theta,exploratory,-0.01709641487834651
lab_subject_5,inline_vs_block,engagement_beta_over_alpha_theta,exploratory,0.09712944160596587
lab_subject_5,early_vs_late,engagement_beta_over_alpha_theta,exploratory,-0.05631694220411859
lab_subject_5,format_x_timing,engagement_beta_over_alpha_theta,exploratory,0.028591367519004207
lab_subject_6,any_ad_vs_no_ads,engagement_beta_over_alpha_theta,exploratory,0.002377332369564833
lab_subject_6,inline_vs_block,engagement_beta_over_alpha_theta,exploratory,-0.0062905543317941515
lab_subject_6,early_vs_late,engagement_beta_over_alpha_theta,exploratory,-0.01613689349690761
lab_subject_6,format_x_timing,engagement_beta_over_alpha_theta,exploratory,0.10257761367491358
lab_subject_7,any_ad_vs_no_ads,engagement_beta_over_alpha_theta,exploratory,0.009955597686447826
lab_subject_7,inline_vs_block,engagement_beta_over_alpha_theta,exploratory,-0.013593657835258899
lab_subject_7,early_vs_late,engagement_beta_over_alpha_theta,exploratory,-0.0362026605590553
lab_subject_7,format_x_timing,engagement_beta_over_alpha_theta,exploratory,-0.13712210063342312
lab_subject_8,any_ad_vs_no_ads,engagement_beta_over_alpha_theta,exploratory,0.12533747336148116
lab_subject_8,inline_vs_block,engagement_beta_over_alpha_theta,exploratory,-0.04731010818935322
lab_subject_8,early_vs_late,engagement_beta_over_alpha_theta,exploratory,0.07594782949040768
lab_subject_8,format_x_timing,engagement_beta_over_alpha_theta,exploratory,-0.14082444320166432
lab_subject_9,any_ad_vs_no_ads,engagement_beta_over_alpha_theta,exploratory,0.23052931217624062
lab_subject_9,inline_vs_block,engagement_beta_over_alpha_theta,exploratory,0.05022161076071896
lab_subject_9,early_vs_late,engagement_beta_over_alpha_theta,exploratory,0.118284335609534
lab_subject_9,format_x_timing,engagement_beta_over_alpha_theta,exploratory,-0.054014085141564916
lab_subject_1,any_ad_vs_no_ads,engagement_pope_frontocentral_beta_over_alpha_theta,exploratory,0.35049956167730656
lab_subject_1,inline_vs_block,engagement_pope_frontocentral_beta_over_alpha_theta,exploratory,-0.08024843584885133
lab_subject_1,early_vs_late,engagement_pope_frontocentral_beta_over_alpha_theta,exploratory,-0.0019571630964927422
lab_subject_1,format_x_timing,engagement_pope_frontocentral_beta_over_alpha_theta,exploratory,-0.2069770512406779
lab_subject_10,any_ad_vs_no_ads,engagement_pope_frontocentral_beta_over_alpha_theta,exploratory,-0.003930017915498546
lab_subject_10,inline_vs_block,engagement_pope_frontocentral_beta_over_alpha_theta,exploratory,-0.0015729727003271632
lab_subject_10,early_vs_late,engagement_pope_frontocentral_beta_over_alpha_theta,exploratory,0.025576093956384743
lab_subject_10,format_x_timing,engagement_pope_frontocentral_beta_over_alpha_theta,exploratory,9.125746010213431e-05
lab_subject_11,any_ad_vs_no_ads,engagement_pope_frontocentral_beta_over_alpha_theta,exploratory,0.0022174983875810073
lab_subject_11,inline_vs_block,engagement_pope_frontocentral_beta_over_alpha_theta,exploratory,-0.0417318274418782
lab_subject_11,early_vs_late,engagement_pope_frontocentral_beta_over_alpha_theta,exploratory,-0.03236718032721553
lab_subject_11,format_x_timing,engagement_pope_frontocentral_beta_over_alpha_theta,exploratory,0.05816768508255493
lab_subject_12,any_ad_vs_no_ads,engagement_pope_frontocentral_beta_over_alpha_theta,exploratory,-0.0014880713479561436
lab_subject_12,inline_vs_block,engagement_pope_frontocentral_beta_over_alpha_theta,exploratory,0.06999766760358156
lab_subject_12,early_vs_late,engagement_pope_frontocentral_beta_over_alpha_theta,exploratory,-0.04823095366925034
lab_subject_12,format_x_timing,engagement_pope_frontocentral_beta_over_alpha_theta,exploratory,0.0319833856380502
lab_subject_13,any_ad_vs_no_ads,engagement_pope_frontocentral_beta_over_alpha_theta,exploratory,-0.0199954911926343
lab_subject_13,inline_vs_block,engagement_pope_frontocentral_beta_over_alpha_theta,exploratory,0.06269656390575423
lab_subject_13,early_vs_late,engagement_pope_frontocentral_beta_over_alpha_theta,exploratory,-0.043816695251382154
lab_subject_13,format_x_timing,engagement_pope_frontocentral_beta_over_alpha_theta,exploratory,-0.05595270273665898
lab_subject_14,any_ad_vs_no_ads,engagement_pope_frontocentral_beta_over_alpha_theta,exploratory,-0.079721882697107
lab_subject_14,inline_vs_block,engagement_pope_frontocentral_beta_over_alpha_theta,exploratory,0.0019355179251421273
lab_subject_14,early_vs_late,engagement_pope_frontocentral_beta_over_alpha_theta,exploratory,0.1628768850010014
lab_subject_14,format_x_timing,engagement_pope_frontocentral_beta_over_alpha_theta,exploratory,-0.0494066159397345
lab_subject_15,any_ad_vs_no_ads,engagement_pope_frontocentral_beta_over_alpha_theta,exploratory,0.026571502035911965
lab_subject_15,inline_vs_block,engagement_pope_frontocentral_beta_over_alpha_theta,exploratory,0.05905673292257957
lab_subject_15,early_vs_late,engagement_pope_frontocentral_beta_over_alpha_theta,exploratory,0.004326457311626564
lab_subject_15,format_x_timing,engagement_pope_frontocentral_beta_over_alpha_theta,exploratory,-0.037225106987393064
lab_subject_16,any_ad_vs_no_ads,engagement_pope_frontocentral_beta_over_alpha_theta,exploratory,-0.14134590147586445
lab_subject_16,inline_vs_block,engagement_pope_frontocentral_beta_over_alpha_theta,exploratory,-0.08503500862127833
lab_subject_16,early_vs_late,engagement_pope_frontocentral_beta_over_alpha_theta,exploratory,0.1930754039620497
lab_subject_16,format_x_timing,engagement_pope_frontocentral_beta_over_alpha_theta,exploratory,0.268354443106376
lab_subject_17,any_ad_vs_no_ads,engagement_pope_frontocentral_beta_over_alpha_theta,exploratory,0.14731141382903878
lab_subject_17,inline_vs_block,engagement_pope_frontocentral_beta_over_alpha_theta,exploratory,0.0023319897576343784
lab_subject_17,early_vs_late,engagement_pope_frontocentral_beta_over_alpha_theta,exploratory,0.05456924042697919
lab_subject_17,format_x_timing,engagement_pope_frontocentral_beta_over_alpha_theta,exploratory,-0.02327706186779388
lab_subject_18,any_ad_vs_no_ads,engagement_pope_frontocentral_beta_over_alpha_theta,exploratory,0.029844738296788242
lab_subject_18,inline_vs_block,engagement_pope_frontocentral_beta_over_alpha_theta,exploratory,0.1901006313931557
lab_subject_18,early_vs_late,engagement_pope_frontocentral_beta_over_alpha_theta,exploratory,0.13696867937630786
lab_subject_18,format_x_timing,engagement_pope_frontocentral_beta_over_alpha_theta,exploratory,0.23558902280287142
lab_subject_19,any_ad_vs_no_ads,engagement_pope_frontocentral_beta_over_alpha_theta,exploratory,-0.06863653789776936
lab_subject_19,inline_vs_block,engagement_pope_frontocentral_beta_over_alpha_theta,exploratory,0.008297326423413243
lab_subject_19,early_vs_late,engagement_pope_frontocentral_beta_over_alpha_theta,exploratory,-0.0005308142046901443
lab_subject_19,format_x_timing,engagement_pope_frontocentral_beta_over_alpha_theta,exploratory,0.03462184808418384
lab_subject_2,any_ad_vs_no_ads,engagement_pope_frontocentral_beta_over_alpha_theta,exploratory,-0.028141828528787216
lab_subject_2,inline_vs_block,engagement_pope_frontocentral_beta_over_alpha_theta,exploratory,-0.07110856875643634
lab_subject_2,early_vs_late,engagement_pope_frontocentral_beta_over_alpha_theta,exploratory,0.02246998779070264
lab_subject_2,format_x_timing,engagement_pope_frontocentral_beta_over_alpha_theta,exploratory,0.09918574719091633
lab_subject_3,any_ad_vs_no_ads,engagement_pope_frontocentral_beta_over_alpha_theta,exploratory,-0.04432626675187923
lab_subject_3,inline_vs_block,engagement_pope_frontocentral_beta_over_alpha_theta,exploratory,0.06874727352448784
lab_subject_3,early_vs_late,engagement_pope_frontocentral_beta_over_alpha_theta,exploratory,-0.022354382519552907
lab_subject_3,format_x_timing,engagement_pope_frontocentral_beta_over_alpha_theta,exploratory,-0.09089537173675288
lab_subject_5,any_ad_vs_no_ads,engagement_pope_frontocentral_beta_over_alpha_theta,exploratory,0.012524027474816957
lab_subject_5,inline_vs_block,engagement_pope_frontocentral_beta_over_alpha_theta,exploratory,0.05301408473711866
lab_subject_5,early_vs_late,engagement_pope_frontocentral_beta_over_alpha_theta,exploratory,-0.047018366576019544
lab_subject_5,format_x_timing,engagement_pope_frontocentral_beta_over_alpha_theta,exploratory,0.012027147170676433
lab_subject_6,any_ad_vs_no_ads,engagement_pope_frontocentral_beta_over_alpha_theta,exploratory,0.020853127367919222
lab_subject_6,inline_vs_block,engagement_pope_frontocentral_beta_over_alpha_theta,exploratory,0.04651336011743523
lab_subject_6,early_vs_late,engagement_pope_frontocentral_beta_over_alpha_theta,exploratory,-0.0349757805929275
lab_subject_6,format_x_timing,engagement_pope_frontocentral_beta_over_alpha_theta,exploratory,0.08113338540354842
lab_subject_7,any_ad_vs_no_ads,engagement_pope_frontocentral_beta_over_alpha_theta,exploratory,0.04985472056469331
lab_subject_7,inline_vs_block,engagement_pope_frontocentral_beta_over_alpha_theta,exploratory,-0.17487955599145866
lab_subject_7,early_vs_late,engagement_pope_frontocentral_beta_over_alpha_theta,exploratory,0.021390723787422683
lab_subject_7,format_x_timing,engagement_pope_frontocentral_beta_over_alpha_theta,exploratory,-0.18179999614836562
lab_subject_8,any_ad_vs_no_ads,engagement_pope_frontocentral_beta_over_alpha_theta,exploratory,0.06321243901412898
lab_subject_8,inline_vs_block,engagement_pope_frontocentral_beta_over_alpha_theta,exploratory,-0.035429916950758256
lab_subject_8,early_vs_late,engagement_pope_frontocentral_beta_over_alpha_theta,exploratory,0.05699023310111073
lab_subject_8,format_x_timing,engagement_pope_frontocentral_beta_over_alpha_theta,exploratory,-0.029443353293533314
lab_subject_9,any_ad_vs_no_ads,engagement_pope_frontocentral_beta_over_alpha_theta,exploratory,0.25107540505353554
lab_subject_9,inline_vs_block,engagement_pope_frontocentral_beta_over_alpha_theta,exploratory,0.18029669974004503
lab_subject_9,early_vs_late,engagement_pope_frontocentral_beta_over_alpha_theta,exploratory,0.18446715324219842
lab_subject_9,format_x_timing,engagement_pope_frontocentral_beta_over_alpha_theta,exploratory,0.5269659287785758
lab_subject_1,any_ad_vs_no_ads,engagement_kislov_central_beta16_24_over_alpha8_12,exploratory,1.3391181305255269
lab_subject_1,inline_vs_block,engagement_kislov_central_beta16_24_over_alpha8_12,exploratory,-0.35520761838627113
lab_subject_1,early_vs_late,engagement_kislov_central_beta16_24_over_alpha8_12,exploratory,-0.25595219858903784
lab_subject_1,format_x_timing,engagement_kislov_central_beta16_24_over_alpha8_12,exploratory,-0.9453417059904798
lab_subject_10,any_ad_vs_no_ads,engagement_kislov_central_beta16_24_over_alpha8_12,exploratory,0.010597043693658381
lab_subject_10,inline_vs_block,engagement_kislov_central_beta16_24_over_alpha8_12,exploratory,0.016772363083633668
lab_subject_10,early_vs_late,engagement_kislov_central_beta16_24_over_alpha8_12,exploratory,0.003154503289641175
lab_subject_10,format_x_timing,engagement_kislov_central_beta16_24_over_alpha8_12,exploratory,-0.06449890811052972
lab_subject_11,any_ad_vs_no_ads,engagement_kislov_central_beta16_24_over_alpha8_12,exploratory,0.05103788284421584
lab_subject_11,inline_vs_block,engagement_kislov_central_beta16_24_over_alpha8_12,exploratory,-0.016417944778223004
lab_subject_11,early_vs_late,engagement_kislov_central_beta16_24_over_alpha8_12,exploratory,-0.0589973929823413
lab_subject_11,format_x_timing,engagement_kislov_central_beta16_24_over_alpha8_12,exploratory,0.1905530327896071
lab_subject_12,any_ad_vs_no_ads,engagement_kislov_central_beta16_24_over_alpha8_12,exploratory,-0.059321819723122116
lab_subject_12,inline_vs_block,engagement_kislov_central_beta16_24_over_alpha8_12,exploratory,0.0295484320685655
lab_subject_12,early_vs_late,engagement_kislov_central_beta16_24_over_alpha8_12,exploratory,-0.0552418958813542
lab_subject_12,format_x_timing,engagement_kislov_central_beta16_24_over_alpha8_12,exploratory,0.011272509718225077
lab_subject_13,any_ad_vs_no_ads,engagement_kislov_central_beta16_24_over_alpha8_12,exploratory,-0.08030820137684835
lab_subject_13,inline_vs_block,engagement_kislov_central_beta16_24_over_alpha8_12,exploratory,0.09075961398023435
lab_subject_13,early_vs_late,engagement_kislov_central_beta16_24_over_alpha8_12,exploratory,-0.03173590381273672
lab_subject_13,format_x_timing,engagement_kislov_central_beta16_24_over_alpha8_12,exploratory,-0.2674107067121616
lab_subject_14,any_ad_vs_no_ads,engagement_kislov_central_beta16_24_over_alpha8_12,exploratory,-0.2467156034350646
lab_subject_14,inline_vs_block,engagement_kislov_central_beta16_24_over_alpha8_12,exploratory,-0.08902554984951472
lab_subject_14,early_vs_late,engagement_kislov_central_beta16_24_over_alpha8_12,exploratory,0.32790600741072273
lab_subject_14,format_x_timing,engagement_kislov_central_beta16_24_over_alpha8_12,exploratory,-0.4942642951873526
lab_subject_15,any_ad_vs_no_ads,engagement_kislov_central_beta16_24_over_alpha8_12,exploratory,0.027559745426905424
lab_subject_15,inline_vs_block,engagement_kislov_central_beta16_24_over_alpha8_12,exploratory,0.0700117675758466
lab_subject_15,early_vs_late,engagement_kislov_central_beta16_24_over_alpha8_12,exploratory,-0.05147527449242484
lab_subject_15,format_x_timing,engagement_kislov_central_beta16_24_over_alpha8_12,exploratory,0.0354767203540759
lab_subject_16,any_ad_vs_no_ads,engagement_kislov_central_beta16_24_over_alpha8_12,exploratory,-0.18754485431011236
lab_subject_16,inline_vs_block,engagement_kislov_central_beta16_24_over_alpha8_12,exploratory,0.05591016080349709
lab_subject_16,early_vs_late,engagement_kislov_central_beta16_24_over_alpha8_12,exploratory,0.2699476070957072
lab_subject_16,format_x_timing,engagement_kislov_central_beta16_24_over_alpha8_12,exploratory,0.6497340136910386
lab_subject_17,any_ad_vs_no_ads,engagement_kislov_central_beta16_24_over_alpha8_12,exploratory,-0.006693164397015061
lab_subject_17,inline_vs_block,engagement_kislov_central_beta16_24_over_alpha8_12,exploratory,0.04784698619084693
lab_subject_17,early_vs_late,engagement_kislov_central_beta16_24_over_alpha8_12,exploratory,0.010010146287411592
lab_subject_17,format_x_timing,engagement_kislov_central_beta16_24_over_alpha8_12,exploratory,0.03189439252897863
lab_subject_18,any_ad_vs_no_ads,engagement_kislov_central_beta16_24_over_alpha8_12,exploratory,-0.12130699035415371
lab_subject_18,inline_vs_block,engagement_kislov_central_beta16_24_over_alpha8_12,exploratory,0.18426777578079367
lab_subject_18,early_vs_late,engagement_kislov_central_beta16_24_over_alpha8_12,exploratory,0.10769797975543327
lab_subject_18,format_x_timing,engagement_kislov_central_beta16_24_over_alpha8_12,exploratory,0.3169081307937742
lab_subject_19,any_ad_vs_no_ads,engagement_kislov_central_beta16_24_over_alpha8_12,exploratory,-0.24440042798803718
lab_subject_19,inline_vs_block,engagement_kislov_central_beta16_24_over_alpha8_12,exploratory,-0.07217668294025337
lab_subject_19,early_vs_late,engagement_kislov_central_beta16_24_over_alpha8_12,exploratory,0.012268490126961407
lab_subject_19,format_x_timing,engagement_kislov_central_beta16_24_over_alpha8_12,exploratory,0.3581399114539888
lab_subject_2,any_ad_vs_no_ads,engagement_kislov_central_beta16_24_over_alpha8_12,exploratory,-0.04163041383323818
lab_subject_2,inline_vs_block,engagement_kislov_central_beta16_24_over_alpha8_12,exploratory,-0.07536137690241995
lab_subject_2,early_vs_late,engagement_kislov_central_beta16_24_over_alpha8_12,exploratory,-0.10602835417793632
lab_subject_2,format_x_timing,engagement_kislov_central_beta16_24_over_alpha8_12,exploratory,0.07483603461864852
lab_subject_3,any_ad_vs_no_ads,engagement_kislov_central_beta16_24_over_alpha8_12,exploratory,0.032854055122078396
lab_subject_3,inline_vs_block,engagement_kislov_central_beta16_24_over_alpha8_12,exploratory,0.05597633796289281
lab_subject_3,early_vs_late,engagement_kislov_central_beta16_24_over_alpha8_12,exploratory,-0.03127658661439381
lab_subject_3,format_x_timing,engagement_kislov_central_beta16_24_over_alpha8_12,exploratory,-0.151864111713222
lab_subject_5,any_ad_vs_no_ads,engagement_kislov_central_beta16_24_over_alpha8_12,exploratory,0.015269221531821642
lab_subject_5,inline_vs_block,engagement_kislov_central_beta16_24_over_alpha8_12,exploratory,0.057561910021338925
lab_subject_5,early_vs_late,engagement_kislov_central_beta16_24_over_alpha8_12,exploratory,-0.006304530744883463
lab_subject_5,format_x_timing,engagement_kislov_central_beta16_24_over_alpha8_12,exploratory,0.07709980251713278
lab_subject_6,any_ad_vs_no_ads,engagement_kislov_central_beta16_24_over_alpha8_12,exploratory,-0.012527180761462642
lab_subject_6,inline_vs_block,engagement_kislov_central_beta16_24_over_alpha8_12,exploratory,-0.027496241759353612
lab_subject_6,early_vs_late,engagement_kislov_central_beta16_24_over_alpha8_12,exploratory,-0.08032742502442725
lab_subject_6,format_x_timing,engagement_kislov_central_beta16_24_over_alpha8_12,exploratory,-0.08466704548128634
lab_subject_7,any_ad_vs_no_ads,engagement_kislov_central_beta16_24_over_alpha8_12,exploratory,-0.6565072708324193
lab_subject_7,inline_vs_block,engagement_kislov_central_beta16_24_over_alpha8_12,exploratory,-0.22157785791100593
lab_subject_7,early_vs_late,engagement_kislov_central_beta16_24_over_alpha8_12,exploratory,0.02056487025461995
lab_subject_7,format_x_timing,engagement_kislov_central_beta16_24_over_alpha8_12,exploratory,0.40385300723045026
lab_subject_8,any_ad_vs_no_ads,engagement_kislov_central_beta16_24_over_alpha8_12,exploratory,0.12503742673406304
lab_subject_8,inline_vs_block,engagement_kislov_central_beta16_24_over_alpha8_12,exploratory,-0.20529698726325907
lab_subject_8,early_vs_late,engagement_kislov_central_beta16_24_over_alpha8_12,exploratory,0.30918107197483824
lab_subject_8,format_x_timing,engagement_kislov_central_beta16_24_over_alpha8_12,exploratory,-0.5013527658841344
lab_subject_9,any_ad_vs_no_ads,engagement_kislov_central_beta16_24_over_alpha8_12,exploratory,1.226762618618345
lab_subject_9,inline_vs_block,engagement_kislov_central_beta16_24_over_alpha8_12,exploratory,1.2464606488995034
lab_subject_9,early_vs_late,engagement_kislov_central_beta16_24_over_alpha8_12,exploratory,0.4089763953905141
lab_subject_9,format_x_timing,engagement_kislov_central_beta16_24_over_alpha8_12,exploratory,1.6649972733857723
