subject_id,contrast_id,feature,feature_tier,difference
lab_subject_1,any_ad_vs_no_ads,fz_theta_power_db_uv2,primary,-0.2865225531230893
lab_subject_1,inline_vs_block,fz_theta_power_db_uv2,primary,-0.20445062765679456
lab_subject_1,early_vs_late,fz_theta_power_db_uv2,primary,-0.04453441419634263
lab_subject_1,format_x_timing,fz_theta_power_db_uv2,primary,0.23062345518319827
lab_subject_10,any_ad_vs_no_ads,fz_theta_power_db_uv2,primary,0.560391585183238
lab_subject_10,inline_vs_block,fz_theta_power_db_uv2,primary,0.33798309071948296
lab_subject_10,early_vs_late,fz_theta_power_db_uv2,primary,-0.6300524393092992
lab_subject_10,format_x_timing,fz_theta_power_db_uv2,primary,-1.4611133847471613
lab_subject_11,any_ad_vs_no_ads,fz_theta_power_db_uv2,primary,0.41623765958875936
lab_subject_11,inline_vs_block,fz_theta_power_db_uv2,primary,0.02244637750598244
lab_subject_11,early_vs_late,fz_theta_power_db_uv2,primary,-0.06921345492528808
lab_subject_11,format_x_timing,fz_theta_power_db_uv2,primary,1.4080638011042854
lab_subject_12,any_ad_vs_no_ads,fz_theta_power_db_uv2,primary,-0.1464852476721159
lab_subject_12,inline_vs_block,fz_theta_power_db_uv2,primary,-0.17568321802213305
lab_subject_12,early_vs_late,fz_theta_power_db_uv2,primary,0.2616286242967405
lab_subject_12,format_x_timing,fz_theta_power_db_uv2,primary,-0.014807990237105884
lab_subject_13,any_ad_vs_no_ads,fz_theta_power_db_uv2,primary,0.493360169033517
lab_subject_13,inline_vs_block,fz_theta_power_db_uv2,primary,-0.8563303507037077
lab_subject_13,early_vs_late,fz_theta_power_db_uv2,primary,0.06969202355276138
lab_subject_13,format_x_timing,fz_theta_power_db_uv2,primary,2.6862526560602102
lab_subject_14,any_ad_vs_no_ads,fz_theta_power_db_uv2,primary,-0.7089207489218614
lab_subject_14,inline_vs_block,fz_theta_power_db_uv2,primary,0.3813582924074943
lab_subject_14,early_vs_late,fz_theta_power_db_uv2,primary,-0.03431543239382506
lab_subject_14,format_x_timing,fz_theta_power_db_uv2,primary,0.6614350950899466
lab_subject_15,any_ad_vs_no_ads,fz_theta_power_db_uv2,primary,-0.051186027380660803
lab_subject_15,inline_vs_block,fz_theta_power_db_uv2,primary,0.15782668055139837
lab_subject_15,early_vs_late,fz_theta_power_db_uv2,primary,-0.0021448545645910144
lab_subject_15,format_x_timing,fz_theta_power_db_uv2,primary,-0.31726527835135254
lab_subject_16,any_ad_vs_no_ads,fz_theta_power_db_uv2,primary,0.14574865008770121
lab_subject_16,inline_vs_block,fz_theta_power_db_uv2,primary,-0.04571587362858587
lab_subject_16,early_vs_late,fz_theta_power_db_uv2,primary,-0.4170567240269971
lab_subject_16,format_x_timing,fz_theta_power_db_uv2,primary,0.11319558455503209
lab_subject_17,any_ad_vs_no_ads,fz_theta_power_db_uv2,primary,-0.30797101356255396
lab_subject_17,inline_vs_block,fz_theta_power_db_uv2,primary,-0.03358488145925875
lab_subject_17,early_vs_late,fz_theta_power_db_uv2,primary,0.09739768757851763
lab_subject_17,format_x_timing,fz_theta_power_db_uv2,primary,0.42808706237429384
lab_subject_18,any_ad_vs_no_ads,fz_theta_power_db_uv2,primary,0.4038095335979097
lab_subject_18,inline_vs_block,fz_theta_power_db_uv2,primary,0.05149233327978742
lab_subject_18,early_vs_late,fz_theta_power_db_uv2,primary,-0.026087571724696446
lab_subject_18,format_x_timing,fz_theta_power_db_uv2,primary,-0.1126127308255942
lab_subject_19,any_ad_vs_no_ads,fz_theta_power_db_uv2,primary,0.19949532038985573
lab_subject_19,inline_vs_block,fz_theta_power_db_uv2,primary,-0.164041040504614
lab_subject_19,early_vs_late,fz_theta_power_db_uv2,primary,-0.09147336375443249
lab_subject_19,format_x_timing,fz_theta_power_db_uv2,primary,-0.218618456045248
lab_subject_2,any_ad_vs_no_ads,fz_theta_power_db_uv2,primary,0.5604869628984694
lab_subject_2,inline_vs_block,fz_theta_power_db_uv2,primary,0.4590737021942406
lab_subject_2,early_vs_late,fz_theta_power_db_uv2,primary,-0.459971875477164
lab_subject_2,format_x_timing,fz_theta_power_db_uv2,primary,0.7077366858414287
lab_subject_3,any_ad_vs_no_ads,fz_theta_power_db_uv2,primary,0.022188655868486507
lab_subject_3,inline_vs_block,fz_theta_power_db_uv2,primary,-0.46062713906988684
lab_subject_3,early_vs_late,fz_theta_power_db_uv2,primary,-0.2402340432830119
lab_subject_3,format_x_timing,fz_theta_power_db_uv2,primary,0.36578963576577284
lab_subject_5,any_ad_vs_no_ads,fz_theta_power_db_uv2,primary,-0.7225880726364817
lab_subject_5,inline_vs_block,fz_theta_power_db_uv2,primary,-0.4539066479655265
lab_subject_5,early_vs_late,fz_theta_power_db_uv2,primary,0.5058915045754695
lab_subject_5,format_x_timing,fz_theta_power_db_uv2,primary,-0.4141923655190425
lab_subject_6,any_ad_vs_no_ads,fz_theta_power_db_uv2,primary,0.009861382340133673
lab_subject_6,inline_vs_block,fz_theta_power_db_uv2,primary,0.06804518771287604
lab_subject_6,early_vs_late,fz_theta_power_db_uv2,primary,-0.03370482820809251
lab_subject_6,format_x_timing,fz_theta_power_db_uv2,primary,0.0811541004444436
lab_subject_7,any_ad_vs_no_ads,fz_theta_power_db_uv2,primary,-1.0811194710916148
lab_subject_7,inline_vs_block,fz_theta_power_db_uv2,primary,-0.39895020224120437
lab_subject_7,early_vs_late,fz_theta_power_db_uv2,primary,-0.5035480527560621
lab_subject_7,format_x_timing,fz_theta_power_db_uv2,primary,0.045650995170388065
lab_subject_8,any_ad_vs_no_ads,fz_theta_power_db_uv2,primary,-0.3893248391373252
lab_subject_8,inline_vs_block,fz_theta_power_db_uv2,primary,0.0020513114912787955
lab_subject_8,early_vs_late,fz_theta_power_db_uv2,primary,-0.16463983261801474
lab_subject_8,format_x_timing,fz_theta_power_db_uv2,primary,0.42263390118588084
lab_subject_9,any_ad_vs_no_ads,fz_theta_power_db_uv2,primary,0.01410239385180212
lab_subject_9,inline_vs_block,fz_theta_power_db_uv2,primary,0.15198759584278676
lab_subject_9,early_vs_late,fz_theta_power_db_uv2,primary,-0.05695704425176196
lab_subject_9,format_x_timing,fz_theta_power_db_uv2,primary,-0.4402442239333748
lab_subject_1,any_ad_vs_no_ads,posterior_alpha_power_db_uv2,primary,0.21708819011982428
lab_subject_1,inline_vs_block,posterior_alpha_power_db_uv2,primary,-0.7430557689146093
lab_subject_1,early_vs_late,posterior_alpha_power_db_uv2,primary,-0.07875367512746845
lab_subject_1,format_x_timing,posterior_alpha_power_db_uv2,primary,0.7861876371393475
lab_subject_10,any_ad_vs_no_ads,posterior_alpha_power_db_uv2,primary,0.032742220755082485
lab_subject_10,inline_vs_block,posterior_alpha_power_db_uv2,primary,-0.2403651426482991
lab_subject_10,early_vs_late,posterior_alpha_power_db_uv2,primary,-0.13126380630722778
lab_subject_10,format_x_timing,posterior_alpha_power_db_uv2,primary,0.6032608375355775
lab_subject_11,any_ad_vs_no_ads,posterior_alpha_power_db_uv2,primary,-0.09073802374717843
lab_subject_11,inline_vs_block,posterior_alpha_power_db_uv2,primary,0.08664147365050212
lab_subject_11,early_vs_late,posterior_alpha_power_db_uv2,primary,0.06064989696942291
lab_subject_11,format_x_timing,posterior_alpha_power_db_uv2,primary,-0.9675991440832945
lab_subject_12,any_ad_vs_no_ads,posterior_alpha_power_db_uv2,primary,0.19097805720597805
lab_subject_12,inline_vs_block,posterior_alpha_power_db_uv2,primary,0.10328749032623463
lab_subject_12,early_vs_late,posterior_alpha_power_db_uv2,primary,0.09004789088372789
lab_subject_12,format_x_timing,posterior_alpha_power_db_uv2,primary,0.19401339386186223
lab_subject_13,any_ad_vs_no_ads,posterior_alpha_power_db_uv2,primary,0.14584477381557726
lab_subject_13,inline_vs_block,posterior_alpha_power_db_uv2,primary,-0.5894440450044689
lab_subject_13,early_vs_late,posterior_alpha_power_db_uv2,primary,-0.5959304034364967
lab_subject_13,format_x_timing,posterior_alpha_power_db_uv2,primary,1.3639552475115568
lab_subject_14,any_ad_vs_no_ads,posterior_alpha_power_db_uv2,primary,0.7766619368678853
lab_subject_14,inline_vs_block,posterior_alpha_power_db_uv2,primary,0.17905073809077443
lab_subject_14,early_vs_late,posterior_alpha_power_db_uv2,primary,0.20452203141155945
lab_subject_14,format_x_timing,posterior_alpha_power_db_uv2,primary,-1.3482005461074245
lab_subject_15,any_ad_vs_no_ads,posterior_alpha_power_db_uv2,primary,-0.0030783643570289065
lab_subject_15,inline_vs_block,posterior_alpha_power_db_uv2,primary,0.30101290603682074
lab_subject_15,early_vs_late,posterior_alpha_power_db_uv2,primary,-0.2563900983449585
lab_subject_15,format_x_timing,posterior_alpha_power_db_uv2,primary,-0.6007153621772758
lab_subject_16,any_ad_vs_no_ads,posterior_alpha_power_db_uv2,primary,0.5522808497041574
lab_subject_16,inline_vs_block,posterior_alpha_power_db_uv2,primary,0.20337318936549043
lab_subject_16,early_vs_late,posterior_alpha_power_db_uv2,primary,-0.0785894425611593
lab_subject_16,format_x_timing,posterior_alpha_power_db_uv2,primary,-0.40228099464126466
lab_subject_17,any_ad_vs_no_ads,posterior_alpha_power_db_uv2,primary,-0.2703884336661915
lab_subject_17,inline_vs_block,posterior_alpha_power_db_uv2,primary,-0.213224291253459
lab_subject_17,early_vs_late,posterior_alpha_power_db_uv2,primary,-0.008502214752963866
lab_subject_17,format_x_timing,posterior_alpha_power_db_uv2,primary,-0.8687860734512309
lab_subject_18,any_ad_vs_no_ads,posterior_alpha_power_db_uv2,primary,-0.054162233399949855
lab_subject_18,inline_vs_block,posterior_alpha_power_db_uv2,primary,0.4405230893072982
lab_subject_18,early_vs_late,posterior_alpha_power_db_uv2,primary,-0.18933891518726575
lab_subject_18,format_x_timing,posterior_alpha_power_db_uv2,primary,-0.07108310913888793
lab_subject_19,any_ad_vs_no_ads,posterior_alpha_power_db_uv2,primary,-0.03593781827817999
lab_subject_19,inline_vs_block,posterior_alpha_power_db_uv2,primary,-0.3469095088005787
lab_subject_19,early_vs_late,posterior_alpha_power_db_uv2,primary,0.13486488822922382
lab_subject_19,format_x_timing,posterior_alpha_power_db_uv2,primary,0.23907601544317192
lab_subject_2,any_ad_vs_no_ads,posterior_alpha_power_db_uv2,primary,-0.010475711395691256
lab_subject_2,inline_vs_block,posterior_alpha_power_db_uv2,primary,-0.36958353071986316
lab_subject_2,early_vs_late,posterior_alpha_power_db_uv2,primary,-0.05488894317504567
lab_subject_2,format_x_timing,posterior_alpha_power_db_uv2,primary,3.2260782087231537
lab_subject_3,any_ad_vs_no_ads,posterior_alpha_power_db_uv2,primary,-0.5239110807179177
lab_subject_3,inline_vs_block,posterior_alpha_power_db_uv2,primary,0.24523225807093763
lab_subject_3,early_vs_late,posterior_alpha_power_db_uv2,primary,-0.25924754515325965
lab_subject_3,format_x_timing,posterior_alpha_power_db_uv2,primary,1.2336212648358895
lab_subject_5,any_ad_vs_no_ads,posterior_alpha_power_db_uv2,primary,-0.2994930423034088
lab_subject_5,inline_vs_block,posterior_alpha_power_db_uv2,primary,-0.3425481232748764
lab_subject_5,early_vs_late,posterior_alpha_power_db_uv2,primary,0.037472795142098114
lab_subject_5,format_x_timing,posterior_alpha_power_db_uv2,primary,-0.3701371036227252
lab_subject_6,any_ad_vs_no_ads,posterior_alpha_power_db_uv2,primary,0.34324968023580116
lab_subject_6,inline_vs_block,posterior_alpha_power_db_uv2,primary,0.10294199627423417
lab_subject_6,early_vs_late,posterior_alpha_power_db_uv2,primary,0.06402037179355524
lab_subject_6,format_x_timing,posterior_alpha_power_db_uv2,primary,-0.33307731360788484
lab_subject_7,any_ad_vs_no_ads,posterior_alpha_power_db_uv2,primary,-0.38834780484992715
lab_subject_7,inline_vs_block,posterior_alpha_power_db_uv2,primary,-0.23063365342330622
lab_subject_7,early_vs_late,posterior_alpha_power_db_uv2,primary,-0.6076320104609625
lab_subject_7,format_x_timing,posterior_alpha_power_db_uv2,primary,0.5725263008814712
lab_subject_8,any_ad_vs_no_ads,posterior_alpha_power_db_uv2,primary,-0.18180215562713542
lab_subject_8,inline_vs_block,posterior_alpha_power_db_uv2,primary,0.24767552723923458
lab_subject_8,early_vs_late,posterior_alpha_power_db_uv2,primary,0.22000861142677586
lab_subject_8,format_x_timing,posterior_alpha_power_db_uv2,primary,0.32364654038796736
lab_subject_9,any_ad_vs_no_ads,posterior_alpha_power_db_uv2,primary,0.41921951879918673
lab_subject_9,inline_vs_block,posterior_alpha_power_db_uv2,primary,0.27266821253997087
lab_subject_9,early_vs_late,posterior_alpha_power_db_uv2,primary,0.006394569278859841
lab_subject_9,format_x_timing,posterior_alpha_power_db_uv2,primary,-0.4067919382847558
lab_subject_1,any_ad_vs_no_ads,theta_power_db_uv2,secondary_global,-0.45237196116215195
lab_subject_1,inline_vs_block,theta_power_db_uv2,secondary_global,-0.2813823882203863
lab_subject_1,early_vs_late,theta_power_db_uv2,secondary_global,0.003159425115427439
lab_subject_1,format_x_timing,theta_power_db_uv2,secondary_global,0.027997632687187135
lab_subject_10,any_ad_vs_no_ads,theta_power_db_uv2,secondary_global,0.9589938610294144
lab_subject_10,inline_vs_block,theta_power_db_uv2,secondary_global,0.24606467048269565
lab_subject_10,early_vs_late,theta_power_db_uv2,secondary_global,-0.7291282233195613
lab_subject_10,format_x_timing,theta_power_db_uv2,secondary_global,-1.8803623972802601
lab_subject_11,any_ad_vs_no_ads,theta_power_db_uv2,secondary_global,0.4124922984395969
lab_subject_11,inline_vs_block,theta_power_db_uv2,secondary_global,-0.16680705027961906
lab_subject_11,early_vs_late,theta_power_db_uv2,secondary_global,-0.32457358735038255
lab_subject_11,format_x_timing,theta_power_db_uv2,secondary_global,1.702462322718759
lab_subject_12,any_ad_vs_no_ads,theta_power_db_uv2,secondary_global,-0.7198995138468316
lab_subject_12,inline_vs_block,theta_power_db_uv2,secondary_global,-0.500157059152512
lab_subject_12,early_vs_late,theta_power_db_uv2,secondary_global,0.5277023400190206
lab_subject_12,format_x_timing,theta_power_db_uv2,secondary_global,-0.329665849188725
lab_subject_13,any_ad_vs_no_ads,theta_power_db_uv2,secondary_global,0.49894739989616355
lab_subject_13,inline_vs_block,theta_power_db_uv2,secondary_global,-0.7061806562456798
lab_subject_13,early_vs_late,theta_power_db_uv2,secondary_global,0.1785280036365986
lab_subject_13,format_x_timing,theta_power_db_uv2,secondary_global,3.6390750651473827
lab_subject_14,any_ad_vs_no_ads,theta_power_db_uv2,secondary_global,-0.8720446682776579
lab_subject_14,inline_vs_block,theta_power_db_uv2,secondary_global,0.396042865743615
lab_subject_14,early_vs_late,theta_power_db_uv2,secondary_global,0.003984440090478714
lab_subject_14,format_x_timing,theta_power_db_uv2,secondary_global,-0.5139315690006514
lab_subject_15,any_ad_vs_no_ads,theta_power_db_uv2,secondary_global,-0.09356077333142743
lab_subject_15,inline_vs_block,theta_power_db_uv2,secondary_global,0.005821651154015228
lab_subject_15,early_vs_late,theta_power_db_uv2,secondary_global,-0.5660609220530546
lab_subject_15,format_x_timing,theta_power_db_uv2,secondary_global,-0.643368904828928
lab_subject_16,any_ad_vs_no_ads,theta_power_db_uv2,secondary_global,0.04360520512120836
lab_subject_16,inline_vs_block,theta_power_db_uv2,secondary_global,-0.234538007910853
lab_subject_16,early_vs_late,theta_power_db_uv2,secondary_global,-0.8454983822822282
lab_subject_16,format_x_timing,theta_power_db_uv2,secondary_global,0.5339988586628479
lab_subject_17,any_ad_vs_no_ads,theta_power_db_uv2,secondary_global,-0.0470900755116066
lab_subject_17,inline_vs_block,theta_power_db_uv2,secondary_global,-0.3050738074216319
lab_subject_17,early_vs_late,theta_power_db_uv2,secondary_global,0.3492574642821342
lab_subject_17,format_x_timing,theta_power_db_uv2,secondary_global,0.3519180454802111
lab_subject_18,any_ad_vs_no_ads,theta_power_db_uv2,secondary_global,-0.2333747057191049
lab_subject_18,inline_vs_block,theta_power_db_uv2,secondary_global,0.05027178877198857
lab_subject_18,early_vs_late,theta_power_db_uv2,secondary_global,0.29329627871916664
lab_subject_18,format_x_timing,theta_power_db_uv2,secondary_global,-0.46800080385662746
lab_subject_19,any_ad_vs_no_ads,theta_power_db_uv2,secondary_global,0.42757844932941147
lab_subject_19,inline_vs_block,theta_power_db_uv2,secondary_global,-0.023673007162315685
lab_subject_19,early_vs_late,theta_power_db_uv2,secondary_global,-0.004126908163449627
lab_subject_19,format_x_timing,theta_power_db_uv2,secondary_global,-0.1753280743363117
lab_subject_2,any_ad_vs_no_ads,theta_power_db_uv2,secondary_global,0.6810835144261631
lab_subject_2,inline_vs_block,theta_power_db_uv2,secondary_global,0.46072424524738587
lab_subject_2,early_vs_late,theta_power_db_uv2,secondary_global,-0.16475200579887606
lab_subject_2,format_x_timing,theta_power_db_uv2,secondary_global,1.3999657442484459
lab_subject_3,any_ad_vs_no_ads,theta_power_db_uv2,secondary_global,-0.0037867946418117526
lab_subject_3,inline_vs_block,theta_power_db_uv2,secondary_global,-0.7519798635014787
lab_subject_3,early_vs_late,theta_power_db_uv2,secondary_global,-0.558224812590586
lab_subject_3,format_x_timing,theta_power_db_uv2,secondary_global,-0.04887561057261003
lab_subject_5,any_ad_vs_no_ads,theta_power_db_uv2,secondary_global,-0.629075682774614
lab_subject_5,inline_vs_block,theta_power_db_uv2,secondary_global,-0.683188424939889
lab_subject_5,early_vs_late,theta_power_db_uv2,secondary_global,0.35159371818009433
lab_subject_5,format_x_timing,theta_power_db_uv2,secondary_global,-0.5727104001283365
lab_subject_6,any_ad_vs_no_ads,theta_power_db_uv2,secondary_global,0.2939477955428931
lab_subject_6,inline_vs_block,theta_power_db_uv2,secondary_global,0.22835557164901488
lab_subject_6,early_vs_late,theta_power_db_uv2,secondary_global,-0.3963585690138771
lab_subject_6,format_x_timing,theta_power_db_uv2,secondary_global,-1.7158794680382705
lab_subject_7,any_ad_vs_no_ads,theta_power_db_uv2,secondary_global,-1.5159509539815517
lab_subject_7,inline_vs_block,theta_power_db_uv2,secondary_global,-0.4463245533015563
lab_subject_7,early_vs_late,theta_power_db_uv2,secondary_global,-0.25474916796594194
lab_subject_7,format_x_timing,theta_power_db_uv2,secondary_global,-0.004503954054828618
lab_subject_8,any_ad_vs_no_ads,theta_power_db_uv2,secondary_global,-0.440533766785002
lab_subject_8,inline_vs_block,theta_power_db_uv2,secondary_global,-0.2506455479586478
lab_subject_8,early_vs_late,theta_power_db_uv2,secondary_global,-0.251587644843422
lab_subject_8,format_x_timing,theta_power_db_uv2,secondary_global,-0.22333414817685693
lab_subject_9,any_ad_vs_no_ads,theta_power_db_uv2,secondary_global,0.09628333309898807
lab_subject_9,inline_vs_block,theta_power_db_uv2,secondary_global,0.5807767194449358
lab_subject_9,early_vs_late,theta_power_db_uv2,secondary_global,-0.18984997107928336
lab_subject_9,format_x_timing,theta_power_db_uv2,secondary_global,-0.6595993450846311
lab_subject_1,any_ad_vs_no_ads,alpha_power_db_uv2,secondary_global,0.06938323503267974
lab_subject_1,inline_vs_block,alpha_power_db_uv2,secondary_global,-0.3810383881547059
lab_subject_1,early_vs_late,alpha_power_db_uv2,secondary_global,-0.09836294494445141
lab_subject_1,format_x_timing,alpha_power_db_uv2,secondary_global,0.29795670899370474
lab_subject_10,any_ad_vs_no_ads,alpha_power_db_uv2,secondary_global,0.0036018025263153675
lab_subject_10,inline_vs_block,alpha_power_db_uv2,secondary_global,-0.0036790729529023736
lab_subject_10,early_vs_late,alpha_power_db_uv2,secondary_global,-0.014648102870346236
lab_subject_10,format_x_timing,alpha_power_db_uv2,secondary_global,0.21845358946783833
lab_subject_11,any_ad_vs_no_ads,alpha_power_db_uv2,secondary_global,0.12425190063117686
lab_subject_11,inline_vs_block,alpha_power_db_uv2,secondary_global,0.040875297435338354
lab_subject_11,early_vs_late,alpha_power_db_uv2,secondary_global,0.12116064467047138
lab_subject_11,format_x_timing,alpha_power_db_uv2,secondary_global,-0.5431457943052642
lab_subject_12,any_ad_vs_no_ads,alpha_power_db_uv2,secondary_global,-0.036178085527325266
lab_subject_12,inline_vs_block,alpha_power_db_uv2,secondary_global,-0.2339484777948453
lab_subject_12,early_vs_late,alpha_power_db_uv2,secondary_global,0.3431058769538602
lab_subject_12,format_x_timing,alpha_power_db_uv2,secondary_global,0.2883640180490499
lab_subject_13,any_ad_vs_no_ads,alpha_power_db_uv2,secondary_global,0.2938505317607021
lab_subject_13,inline_vs_block,alpha_power_db_uv2,secondary_global,-0.669677760842653
lab_subject_13,early_vs_late,alpha_power_db_uv2,secondary_global,-0.5038332900316931
lab_subject_13,format_x_timing,alpha_power_db_uv2,secondary_global,2.001707148723164
lab_subject_14,any_ad_vs_no_ads,alpha_power_db_uv2,secondary_global,-0.22868222321484488
lab_subject_14,inline_vs_block,alpha_power_db_uv2,secondary_global,0.24704044787535562
lab_subject_14,early_vs_late,alpha_power_db_uv2,secondary_global,0.10400394944481217
lab_subject_14,format_x_timing,alpha_power_db_uv2,secondary_global,-0.9722162637644578
lab_subject_15,any_ad_vs_no_ads,alpha_power_db_uv2,secondary_global,-0.08227976591975228
lab_subject_15,inline_vs_block,alpha_power_db_uv2,secondary_global,0.37016464237575786
lab_subject_15,early_vs_late,alpha_power_db_uv2,secondary_global,-0.39421022860061017
lab_subject_15,format_x_timing,alpha_power_db_uv2,secondary_global,-0.778170856477677
lab_subject_16,any_ad_vs_no_ads,alpha_power_db_uv2,secondary_global,0.0036515085667971903
lab_subject_16,inline_vs_block,alpha_power_db_uv2,secondary_global,-0.07489556368813588
lab_subject_16,early_vs_late,alpha_power_db_uv2,secondary_global,-0.284461602015206
lab_subject_16,format_x_timing,alpha_power_db_uv2,secondary_global,0.23437731984158994
lab_subject_17,any_ad_vs_no_ads,alpha_power_db_uv2,secondary_global,-0.039539273998487445
lab_subject_17,inline_vs_block,alpha_power_db_uv2,secondary_global,-0.4112085340826228
lab_subject_17,early_vs_late,alpha_power_db_uv2,secondary_global,0.26821598906064104
lab_subject_17,format_x_timing,alpha_power_db_uv2,secondary_global,-0.7349731059682734
lab_subject_18,any_ad_vs_no_ads,alpha_power_db_uv2,secondary_global,0.02404960631324382
lab_subject_18,inline_vs_block,alpha_power_db_uv2,secondary_global,0.1882021194324448
lab_subject_18,early_vs_late,alpha_power_db_uv2,secondary_global,0.2702992887015774
lab_subject_18,format_x_timing,alpha_power_db_uv2,secondary_global,0.07026240030455266
lab_subject_19,any_ad_vs_no_ads,alpha_power_db_uv2,secondary_global,0.1250135100732992
lab_subject_19,inline_vs_block,alpha_power_db_uv2,secondary_global,-0.38361983133296285
lab_subject_19,early_vs_late,alpha_power_db_uv2,secondary_global,-0.009134665284042498
lab_subject_19,format_x_timing,alpha_power_db_uv2,secondary_global,-0.24156820278348512
lab_subject_2,any_ad_vs_no_ads,alpha_power_db_uv2,secondary_global,0.3484083902839519
lab_subject_2,inline_vs_block,alpha_power_db_uv2,secondary_global,-0.26975663542982087
lab_subject_2,early_vs_late,alpha_power_db_uv2,secondary_global,-0.047553560232255876
lab_subject_2,format_x_timing,alpha_power_db_uv2,secondary_global,1.1798467715973961
lab_subject_3,any_ad_vs_no_ads,alpha_power_db_uv2,secondary_global,-0.23328218688325375
lab_subject_3,inline_vs_block,alpha_power_db_uv2,secondary_global,-0.11142962047214588
lab_subject_3,early_vs_late,alpha_power_db_uv2,secondary_global,-0.24045729974754337
lab_subject_3,format_x_timing,alpha_power_db_uv2,secondary_global,0.8728256432706107
lab_subject_5,any_ad_vs_no_ads,alpha_power_db_uv2,secondary_global,-0.4296946681017362
lab_subject_5,inline_vs_block,alpha_power_db_uv2,secondary_global,-0.2734494097834297
lab_subject_5,early_vs_late,alpha_power_db_uv2,secondary_global,0.057565007963689574
lab_subject_5,format_x_timing,alpha_power_db_uv2,secondary_global,-0.2647358876988024
lab_subject_6,any_ad_vs_no_ads,alpha_power_db_uv2,secondary_global,0.25349325538522294
lab_subject_6,inline_vs_block,alpha_power_db_uv2,secondary_global,0.1529288149988366
lab_subject_6,early_vs_late,alpha_power_db_uv2,secondary_global,-0.0929536526934438
lab_subject_6,format_x_timing,alpha_power_db_uv2,secondary_global,-0.7744242956732679
lab_subject_7,any_ad_vs_no_ads,alpha_power_db_uv2,secondary_global,-0.7339484842914867
lab_subject_7,inline_vs_block,alpha_power_db_uv2,secondary_global,-0.32157304808472764
lab_subject_7,early_vs_late,alpha_power_db_uv2,secondary_global,-0.6785301091206342
lab_subject_7,format_x_timing,alpha_power_db_uv2,secondary_global,0.08804236888880279
lab_subject_8,any_ad_vs_no_ads,alpha_power_db_uv2,secondary_global,-0.2577703514732441
lab_subject_8,inline_vs_block,alpha_power_db_uv2,secondary_global,0.18335697705845888
lab_subject_8,early_vs_late,alpha_power_db_uv2,secondary_global,0.051990228089666246
lab_subject_8,format_x_timing,alpha_power_db_uv2,secondary_global,0.24784958617497033
lab_subject_9,any_ad_vs_no_ads,alpha_power_db_uv2,secondary_global,0.11035824941207917
lab_subject_9,inline_vs_block,alpha_power_db_uv2,secondary_global,0.24551228193984098
lab_subject_9,early_vs_late,alpha_power_db_uv2,secondary_global,-0.1528493013790504
lab_subject_9,format_x_timing,alpha_power_db_uv2,secondary_global,-0.6412400988872076
lab_subject_1,any_ad_vs_no_ads,beta_power_db_uv2,secondary,0.8493128485450061
lab_subject_1,inline_vs_block,beta_power_db_uv2,secondary,-0.3280731969992843
lab_subject_1,early_vs_late,beta_power_db_uv2,secondary,-0.027729655895127436
lab_subject_1,format_x_timing,beta_power_db_uv2,secondary,-0.009180833359222262
lab_subject_10,any_ad_vs_no_ads,beta_power_db_uv2,secondary,-0.4046969433763028
lab_subject_10,inline_vs_block,beta_power_db_uv2,secondary,0.33208791144571403
lab_subject_10,early_vs_late,beta_power_db_uv2,secondary,0.29794764562091114
lab_subject_10,format_x_timing,beta_power_db_uv2,secondary,-0.21908023079886085
lab_subject_11,any_ad_vs_no_ads,beta_power_db_uv2,secondary,0.16548726460033159
lab_subject_11,inline_vs_block,beta_power_db_uv2,secondary,-0.1641859815429978
lab_subject_11,early_vs_late,beta_power_db_uv2,secondary,-0.36325508790905836
lab_subject_11,format_x_timing,beta_power_db_uv2,secondary,1.0830607950936306
lab_subject_12,any_ad_vs_no_ads,beta_power_db_uv2,secondary,-0.3038770964546167
lab_subject_12,inline_vs_block,beta_power_db_uv2,secondary,0.04458175919325491
lab_subject_12,early_vs_late,beta_power_db_uv2,secondary,0.26919932474116237
lab_subject_12,format_x_timing,beta_power_db_uv2,secondary,0.25970650134748663
lab_subject_13,any_ad_vs_no_ads,beta_power_db_uv2,secondary,0.22905493345228134
lab_subject_13,inline_vs_block,beta_power_db_uv2,secondary,-0.46127902697247514
lab_subject_13,early_vs_late,beta_power_db_uv2,secondary,-0.9044093114408609
lab_subject_13,format_x_timing,beta_power_db_uv2,secondary,0.4876733716697528
lab_subject_14,any_ad_vs_no_ads,beta_power_db_uv2,secondary,-0.08611975940369909
lab_subject_14,inline_vs_block,beta_power_db_uv2,secondary,0.17561005889212034
lab_subject_14,early_vs_late,beta_power_db_uv2,secondary,0.6607158952417134
lab_subject_14,format_x_timing,beta_power_db_uv2,secondary,-1.3773816276069706
lab_subject_15,any_ad_vs_no_ads,beta_power_db_uv2,secondary,0.37123244230643726
lab_subject_15,inline_vs_block,beta_power_db_uv2,secondary,0.874017834265103
lab_subject_15,early_vs_late,beta_power_db_uv2,secondary,-0.45325271507471143
lab_subject_15,format_x_timing,beta_power_db_uv2,secondary,-0.5930728700789487
lab_subject_16,any_ad_vs_no_ads,beta_power_db_uv2,secondary,-0.21441084253325826
lab_subject_16,inline_vs_block,beta_power_db_uv2,secondary,-0.01902634052959762
lab_subject_16,early_vs_late,beta_power_db_uv2,secondary,0.2997011472268891
lab_subject_16,format_x_timing,beta_power_db_uv2,secondary,0.2773123833181135
lab_subject_17,any_ad_vs_no_ads,beta_power_db_uv2,secondary,0.09996457825832472
lab_subject_17,inline_vs_block,beta_power_db_uv2,secondary,-0.22066244207621288
lab_subject_17,early_vs_late,beta_power_db_uv2,secondary,0.6919083215140542
lab_subject_17,format_x_timing,beta_power_db_uv2,secondary,-1.4797838775750494
lab_subject_18,any_ad_vs_no_ads,beta_power_db_uv2,secondary,-0.5452494674337487
lab_subject_18,inline_vs_block,beta_power_db_uv2,secondary,0.7640958668958797
lab_subject_18,early_vs_late,beta_power_db_uv2,secondary,0.47569495071725587
lab_subject_18,format_x_timing,beta_power_db_uv2,secondary,0.4870338320892369
lab_subject_19,any_ad_vs_no_ads,beta_power_db_uv2,secondary,-0.47660640509197627
lab_subject_19,inline_vs_block,beta_power_db_uv2,secondary,-0.0003539017090936625
lab_subject_19,early_vs_late,beta_power_db_uv2,secondary,0.11269732698186274
lab_subject_19,format_x_timing,beta_power_db_uv2,secondary,0.24074853921357686
lab_subject_2,any_ad_vs_no_ads,beta_power_db_uv2,secondary,0.1060515460325906
lab_subject_2,inline_vs_block,beta_power_db_uv2,secondary,-0.7494356991418698
lab_subject_2,early_vs_late,beta_power_db_uv2,secondary,0.16520927881681047
lab_subject_2,format_x_timing,beta_power_db_uv2,secondary,2.4267283565655138
lab_subject_3,any_ad_vs_no_ads,beta_power_db_uv2,secondary,-0.2086394695493965
lab_subject_3,inline_vs_block,beta_power_db_uv2,secondary,0.21546948377863373
lab_subject_3,early_vs_late,beta_power_db_uv2,secondary,-0.3401756657826738
lab_subject_3,format_x_timing,beta_power_db_uv2,secondary,0.2933246113117285
lab_subject_5,any_ad_vs_no_ads,beta_power_db_uv2,secondary,-0.3560572769254069
lab_subject_5,inline_vs_block,beta_power_db_uv2,secondary,0.4071521912893825
lab_subject_5,early_vs_late,beta_power_db_uv2,secondary,-0.14810393839216296
lab_subject_5,format_x_timing,beta_power_db_uv2,secondary,0.6562746534362258
lab_subject_6,any_ad_vs_no_ads,beta_power_db_uv2,secondary,0.19228331085815853
lab_subject_6,inline_vs_block,beta_power_db_uv2,secondary,0.09292380683506885
lab_subject_6,early_vs_late,beta_power_db_uv2,secondary,-0.1356217567318998
lab_subject_6,format_x_timing,beta_power_db_uv2,secondary,-0.11208441122890012
lab_subject_7,any_ad_vs_no_ads,beta_power_db_uv2,secondary,-0.2153564764729179
lab_subject_7,inline_vs_block,beta_power_db_uv2,secondary,-0.7132973020125721
lab_subject_7,early_vs_late,beta_power_db_uv2,secondary,-1.1440826411631466
lab_subject_7,format_x_timing,beta_power_db_uv2,secondary,-0.5271625540944411
lab_subject_8,any_ad_vs_no_ads,beta_power_db_uv2,secondary,0.27333211745967567
lab_subject_8,inline_vs_block,beta_power_db_uv2,secondary,-0.2092950155155382
lab_subject_8,early_vs_late,beta_power_db_uv2,secondary,0.534914009020083
lab_subject_8,format_x_timing,beta_power_db_uv2,secondary,-0.7962206802917713
lab_subject_9,any_ad_vs_no_ads,beta_power_db_uv2,secondary,1.3562022048217823
lab_subject_9,inline_vs_block,beta_power_db_uv2,secondary,0.6488446054497565
lab_subject_9,early_vs_late,beta_power_db_uv2,secondary,0.2673012229641891
lab_subject_9,format_x_timing,beta_power_db_uv2,secondary,-0.2965258953140193
lab_subject_1,any_ad_vs_no_ads,faa_log_f4_minus_f3,secondary,0.06664832512720754
lab_subject_1,inline_vs_block,faa_log_f4_minus_f3,secondary,-0.02678366618331432
lab_subject_1,early_vs_late,faa_log_f4_minus_f3,secondary,0.060969163146162325
lab_subject_1,format_x_timing,faa_log_f4_minus_f3,secondary,-0.012850588809374133
lab_subject_10,any_ad_vs_no_ads,faa_log_f4_minus_f3,secondary,-0.1174106798707491
lab_subject_10,inline_vs_block,faa_log_f4_minus_f3,secondary,0.08864236754710327
lab_subject_10,early_vs_late,faa_log_f4_minus_f3,secondary,0.0884981911434882
lab_subject_10,format_x_timing,faa_log_f4_minus_f3,secondary,-0.22539697635390432
lab_subject_11,any_ad_vs_no_ads,faa_log_f4_minus_f3,secondary,-0.103331205312238
lab_subject_11,inline_vs_block,faa_log_f4_minus_f3,secondary,-0.0002671322790335426
lab_subject_11,early_vs_late,faa_log_f4_minus_f3,secondary,0.2065279728516185
lab_subject_11,format_x_timing,faa_log_f4_minus_f3,secondary,-0.25470820057335264
lab_subject_12,any_ad_vs_no_ads,faa_log_f4_minus_f3,secondary,0.18379242705130985
lab_subject_12,inline_vs_block,faa_log_f4_minus_f3,secondary,0.1347433060829249
lab_subject_12,early_vs_late,faa_log_f4_minus_f3,secondary,-0.0767704635306336
lab_subject_12,format_x_timing,faa_log_f4_minus_f3,secondary,0.13262765447113073
lab_subject_13,any_ad_vs_no_ads,faa_log_f4_minus_f3,secondary,0.07087468781101564
lab_subject_13,inline_vs_block,faa_log_f4_minus_f3,secondary,-0.02728892106678532
lab_subject_13,early_vs_late,faa_log_f4_minus_f3,secondary,-0.14556751131085605
lab_subject_13,format_x_timing,faa_log_f4_minus_f3,secondary,-0.2505583606592927
lab_subject_14,any_ad_vs_no_ads,faa_log_f4_minus_f3,secondary,-0.17743602162972227
lab_subject_14,inline_vs_block,faa_log_f4_minus_f3,secondary,-0.17760640605037625
lab_subject_14,early_vs_late,faa_log_f4_minus_f3,secondary,0.02120115970319114
lab_subject_14,format_x_timing,faa_log_f4_minus_f3,secondary,-0.46078019093243755
lab_subject_15,any_ad_vs_no_ads,faa_log_f4_minus_f3,secondary,0.027009570647409664
lab_subject_15,inline_vs_block,faa_log_f4_minus_f3,secondary,0.06335224358777136
lab_subject_15,early_vs_late,faa_log_f4_minus_f3,secondary,-0.026794865430220527
lab_subject_15,format_x_timing,faa_log_f4_minus_f3,secondary,0.022208838647276324
lab_subject_16,any_ad_vs_no_ads,faa_log_f4_minus_f3,secondary,-0.14074459738910816
lab_subject_16,inline_vs_block,faa_log_f4_minus_f3,secondary,-0.04593577890453826
lab_subject_16,early_vs_late,faa_log_f4_minus_f3,secondary,0.030274774593941345
lab_subject_16,format_x_timing,faa_log_f4_minus_f3,secondary,-0.16185712439818845
lab_subject_17,any_ad_vs_no_ads,faa_log_f4_minus_f3,secondary,-0.08451723377312526
lab_subject_17,inline_vs_block,faa_log_f4_minus_f3,secondary,-0.010722917043163194
lab_subject_17,early_vs_late,faa_log_f4_minus_f3,secondary,-0.07532511133513309
lab_subject_17,format_x_timing,faa_log_f4_minus_f3,secondary,0.06712475278688736
lab_subject_18,any_ad_vs_no_ads,faa_log_f4_minus_f3,secondary,-0.03982256211140614
lab_subject_18,inline_vs_block,faa_log_f4_minus_f3,secondary,0.01988472766037641
lab_subject_18,early_vs_late,faa_log_f4_minus_f3,secondary,-0.01128906046145342
lab_subject_18,format_x_timing,faa_log_f4_minus_f3,secondary,-0.12128172540868427
lab_subject_19,any_ad_vs_no_ads,faa_log_f4_minus_f3,secondary,0.024470033371576605
lab_subject_19,inline_vs_block,faa_log_f4_minus_f3,secondary,-0.01582890507051582
lab_subject_19,early_vs_late,faa_log_f4_minus_f3,secondary,-0.020806694902452794
lab_subject_19,format_x_timing,faa_log_f4_minus_f3,secondary,-0.019277355139061925
lab_subject_2,any_ad_vs_no_ads,faa_log_f4_minus_f3,secondary,0.1335582556239075
lab_subject_2,inline_vs_block,faa_log_f4_minus_f3,secondary,-0.0835593663537498
lab_subject_2,early_vs_late,faa_log_f4_minus_f3,secondary,0.0722191377459226
lab_subject_2,format_x_timing,faa_log_f4_minus_f3,secondary,0.1415625256533598
lab_subject_3,any_ad_vs_no_ads,faa_log_f4_minus_f3,secondary,0.07651417615048028
lab_subject_3,inline_vs_block,faa_log_f4_minus_f3,secondary,-0.11500677415257221
lab_subject_3,early_vs_late,faa_log_f4_minus_f3,secondary,-0.06392670723356986
lab_subject_3,format_x_timing,faa_log_f4_minus_f3,secondary,-0.0261210829332581
lab_subject_5,any_ad_vs_no_ads,faa_log_f4_minus_f3,secondary,0.0020239180023496894
lab_subject_5,inline_vs_block,faa_log_f4_minus_f3,secondary,0.02991933041909478
lab_subject_5,early_vs_late,faa_log_f4_minus_f3,secondary,0.1220048699284525
lab_subject_5,format_x_timing,faa_log_f4_minus_f3,secondary,0.15114366308340638
lab_subject_6,any_ad_vs_no_ads,faa_log_f4_minus_f3,secondary,-0.021188581132682627
lab_subject_6,inline_vs_block,faa_log_f4_minus_f3,secondary,0.051695598928656605
lab_subject_6,early_vs_late,faa_log_f4_minus_f3,secondary,0.055360934115903315
lab_subject_6,format_x_timing,faa_log_f4_minus_f3,secondary,0.11810888388543245
lab_subject_7,any_ad_vs_no_ads,faa_log_f4_minus_f3,secondary,-0.18601061763349125
lab_subject_7,inline_vs_block,faa_log_f4_minus_f3,secondary,0.07901611784615345
lab_subject_7,early_vs_late,faa_log_f4_minus_f3,secondary,0.3152674258364808
lab_subject_7,format_x_timing,faa_log_f4_minus_f3,secondary,-0.17855141466068625
lab_subject_8,any_ad_vs_no_ads,faa_log_f4_minus_f3,secondary,-0.03296545000437415
lab_subject_8,inline_vs_block,faa_log_f4_minus_f3,secondary,-0.03759179882789129
lab_subject_8,early_vs_late,faa_log_f4_minus_f3,secondary,0.08502842209329753
lab_subject_8,format_x_timing,faa_log_f4_minus_f3,secondary,-0.07982594887846897
lab_subject_9,any_ad_vs_no_ads,faa_log_f4_minus_f3,secondary,-0.04455145386399062
lab_subject_9,inline_vs_block,faa_log_f4_minus_f3,secondary,-0.09278701694391145
lab_subject_9,early_vs_late,faa_log_f4_minus_f3,secondary,-0.0226240125737186
lab_subject_9,format_x_timing,faa_log_f4_minus_f3,secondary,-0.07767799143250659
lab_subject_1,any_ad_vs_no_ads,delta_power_db_uv2,exploratory,-0.6916420380161981
lab_subject_1,inline_vs_block,delta_power_db_uv2,exploratory,-0.043533299581987706
lab_subject_1,early_vs_late,delta_power_db_uv2,exploratory,0.10527133663456567
lab_subject_1,format_x_timing,delta_power_db_uv2,exploratory,0.7863198012223194
lab_subject_10,any_ad_vs_no_ads,delta_power_db_uv2,exploratory,1.6228166045313053
lab_subject_10,inline_vs_block,delta_power_db_uv2,exploratory,0.3110452118133402
lab_subject_10,early_vs_late,delta_power_db_uv2,exploratory,-0.592349597265585
lab_subject_10,format_x_timing,delta_power_db_uv2,exploratory,-2.876474223414924
lab_subject_11,any_ad_vs_no_ads,delta_power_db_uv2,exploratory,-0.011987026052768357
lab_subject_11,inline_vs_block,delta_power_db_uv2,exploratory,-0.5175593512739738
lab_subject_11,early_vs_late,delta_power_db_uv2,exploratory,-0.19017066613724154
lab_subject_11,format_x_timing,delta_power_db_uv2,exploratory,1.8624575008887945
lab_subject_12,any_ad_vs_no_ads,delta_power_db_uv2,exploratory,-0.09133041209354431
lab_subject_12,inline_vs_block,delta_power_db_uv2,exploratory,-0.09146239254277333
lab_subject_12,early_vs_late,delta_power_db_uv2,exploratory,0.1806147050045368
lab_subject_12,format_x_timing,delta_power_db_uv2,exploratory,-0.6832139604934397
lab_subject_13,any_ad_vs_no_ads,delta_power_db_uv2,exploratory,0.8445560593958703
lab_subject_13,inline_vs_block,delta_power_db_uv2,exploratory,-1.6711137984479336
lab_subject_13,early_vs_late,delta_power_db_uv2,exploratory,0.2955799340256142
lab_subject_13,format_x_timing,delta_power_db_uv2,exploratory,4.045464237679994
lab_subject_14,any_ad_vs_no_ads,delta_power_db_uv2,exploratory,-0.467834868820713
lab_subject_14,inline_vs_block,delta_power_db_uv2,exploratory,0.8366588731395588
lab_subject_14,early_vs_late,delta_power_db_uv2,exploratory,1.1306846572148395
lab_subject_14,format_x_timing,delta_power_db_uv2,exploratory,0.32866964119047637
lab_subject_15,any_ad_vs_no_ads,delta_power_db_uv2,exploratory,-0.46190564361392816
lab_subject_15,inline_vs_block,delta_power_db_uv2,exploratory,-1.0383965059891267
lab_subject_15,early_vs_late,delta_power_db_uv2,exploratory,-0.8974767862587854
lab_subject_15,format_x_timing,delta_power_db_uv2,exploratory,-4.062680805144105
lab_subject_16,any_ad_vs_no_ads,delta_power_db_uv2,exploratory,0.011991804416560115
lab_subject_16,inline_vs_block,delta_power_db_uv2,exploratory,-0.4077260702766594
lab_subject_16,early_vs_late,delta_power_db_uv2,exploratory,-0.7190158226281724
lab_subject_16,format_x_timing,delta_power_db_uv2,exploratory,1.2343600537493025
lab_subject_17,any_ad_vs_no_ads,delta_power_db_uv2,exploratory,-0.1051478103838015
lab_subject_17,inline_vs_block,delta_power_db_uv2,exploratory,-0.08467727555814264
lab_subject_17,early_vs_late,delta_power_db_uv2,exploratory,-0.10996362339072618
lab_subject_17,format_x_timing,delta_power_db_uv2,exploratory,0.7151698512633189
lab_subject_18,any_ad_vs_no_ads,delta_power_db_uv2,exploratory,-1.4445706758721357
lab_subject_18,inline_vs_block,delta_power_db_uv2,exploratory,0.6105817015032855
lab_subject_18,early_vs_late,delta_power_db_uv2,exploratory,0.8602692480559391
lab_subject_18,format_x_timing,delta_power_db_uv2,exploratory,-0.28822224496095394
lab_subject_19,any_ad_vs_no_ads,delta_power_db_uv2,exploratory,0.203628418478786
lab_subject_19,inline_vs_block,delta_power_db_uv2,exploratory,-0.009447794057070524
lab_subject_19,early_vs_late,delta_power_db_uv2,exploratory,0.2733009667362083
lab_subject_19,format_x_timing,delta_power_db_uv2,exploratory,-0.14062997904164476
lab_subject_2,any_ad_vs_no_ads,delta_power_db_uv2,exploratory,0.8756326227446181
lab_subject_2,inline_vs_block,delta_power_db_uv2,exploratory,0.13825506898045603
lab_subject_2,early_vs_late,delta_power_db_uv2,exploratory,-0.27975973361821005
lab_subject_2,format_x_timing,delta_power_db_uv2,exploratory,0.9991201405777197
lab_subject_3,any_ad_vs_no_ads,delta_power_db_uv2,exploratory,-0.6172816970934285
lab_subject_3,inline_vs_block,delta_power_db_uv2,exploratory,-0.7424644918852223
lab_subject_3,early_vs_late,delta_power_db_uv2,exploratory,-0.513850957604113
lab_subject_3,format_x_timing,delta_power_db_uv2,exploratory,0.17145761486483124
lab_subject_5,any_ad_vs_no_ads,delta_power_db_uv2,exploratory,-0.9404325884563747
lab_subject_5,inline_vs_block,delta_power_db_uv2,exploratory,-0.7217879780344916
lab_subject_5,early_vs_late,delta_power_db_uv2,exploratory,0.49525327691355514
lab_subject_5,format_x_timing,delta_power_db_uv2,exploratory,0.1019148241188681
lab_subject_6,any_ad_vs_no_ads,delta_power_db_uv2,exploratory,0.48644304013814477
lab_subject_6,inline_vs_block,delta_power_db_uv2,exploratory,1.4635268134447639
lab_subject_6,early_vs_late,delta_power_db_uv2,exploratory,-0.7937262157627032
lab_subject_6,format_x_timing,delta_power_db_uv2,exploratory,-3.65165908475549
lab_subject_7,any_ad_vs_no_ads,delta_power_db_uv2,exploratory,-1.4437382032644699
lab_subject_7,inline_vs_block,delta_power_db_uv2,exploratory,-0.6317135663570213
lab_subject_7,early_vs_late,delta_power_db_uv2,exploratory,-0.07996607569983283
lab_subject_7,format_x_timing,delta_power_db_uv2,exploratory,-0.5209632497363792
lab_subject_8,any_ad_vs_no_ads,delta_power_db_uv2,exploratory,-0.5055354757682835
lab_subject_8,inline_vs_block,delta_power_db_uv2,exploratory,-0.45687715635421
lab_subject_8,early_vs_late,delta_power_db_uv2,exploratory,-0.039809210785804794
lab_subject_8,format_x_timing,delta_power_db_uv2,exploratory,-0.7310894346767398
lab_subject_9,any_ad_vs_no_ads,delta_power_db_uv2,exploratory,0.6007569309511247
lab_subject_9,inline_vs_block,delta_power_db_uv2,exploratory,0.5932952507421945
lab_subject_9,early_vs_late,delta_power_db_uv2,exploratory,0.09163706947706629
lab_subject_9,format_x_timing,delta_power_db_uv2,exploratory,-2.704618976923552
lab_subject_1,any_ad_vs_no_ads,gamma_power_db_uv2,exploratory,1.1259254178124505
lab_subject_1,inline_vs_block,gamma_power_db_uv2,exploratory,-0.3535128518898336
lab_subject_1,early_vs_late,gamma_power_db_uv2,exploratory,0.07062702026588852
lab_subject_1,format_x_timing,gamma_power_db_uv2,exploratory,0.24693093788547138
lab_subject_10,any_ad_vs_no_ads,gamma_power_db_uv2,exploratory,-1.364036908339934
lab_subject_10,inline_vs_block,gamma_power_db_uv2,exploratory,0.815080108581173
lab_subject_10,early_vs_late,gamma_power_db_uv2,exploratory,1.195044634434296
lab_subject_10,format_x_timing,gamma_power_db_uv2,exploratory,-0.23763504738590635
lab_subject_11,any_ad_vs_no_ads,gamma_power_db_uv2,exploratory,0.29327447963634934
lab_subject_11,inline_vs_block,gamma_power_db_uv2,exploratory,-0.5740411259218658
lab_subject_11,early_vs_late,gamma_power_db_uv2,exploratory,-1.4583814182123087
lab_subject_11,format_x_timing,gamma_power_db_uv2,exploratory,3.859353054773629
lab_subject_12,any_ad_vs_no_ads,gamma_power_db_uv2,exploratory,-1.194611765030389
lab_subject_12,inline_vs_block,gamma_power_db_uv2,exploratory,0.2073933835084878
lab_subject_12,early_vs_late,gamma_power_db_uv2,exploratory,0.6521648868459211
lab_subject_12,format_x_timing,gamma_power_db_uv2,exploratory,0.7559689721882918
lab_subject_13,any_ad_vs_no_ads,gamma_power_db_uv2,exploratory,0.642533701133041
lab_subject_13,inline_vs_block,gamma_power_db_uv2,exploratory,-0.7012640479671173
lab_subject_13,early_vs_late,gamma_power_db_uv2,exploratory,-1.5807272572806699
lab_subject_13,format_x_timing,gamma_power_db_uv2,exploratory,0.3304718930153143
lab_subject_14,any_ad_vs_no_ads,gamma_power_db_uv2,exploratory,-0.1817990661019575
lab_subject_14,inline_vs_block,gamma_power_db_uv2,exploratory,0.298765153321245
lab_subject_14,early_vs_late,gamma_power_db_uv2,exploratory,0.7293392918189028
lab_subject_14,format_x_timing,gamma_power_db_uv2,exploratory,-1.786308624096284
lab_subject_15,any_ad_vs_no_ads,gamma_power_db_uv2,exploratory,0.9268027836532077
lab_subject_15,inline_vs_block,gamma_power_db_uv2,exploratory,1.2014008883160796
lab_subject_15,early_vs_late,gamma_power_db_uv2,exploratory,-0.68002543477213
lab_subject_15,format_x_timing,gamma_power_db_uv2,exploratory,-0.21109286835474084
lab_subject_16,any_ad_vs_no_ads,gamma_power_db_uv2,exploratory,-0.49885122167078944
lab_subject_16,inline_vs_block,gamma_power_db_uv2,exploratory,0.1033070731101402
lab_subject_16,early_vs_late,gamma_power_db_uv2,exploratory,0.6160663592519606
lab_subject_16,format_x_timing,gamma_power_db_uv2,exploratory,0.6238987621383121
lab_subject_17,any_ad_vs_no_ads,gamma_power_db_uv2,exploratory,0.3128104437247714
lab_subject_17,inline_vs_block,gamma_power_db_uv2,exploratory,-0.2190549061133229
lab_subject_17,early_vs_late,gamma_power_db_uv2,exploratory,0.5865707157685041
lab_subject_17,format_x_timing,gamma_power_db_uv2,exploratory,-1.7333435551760994
lab_subject_18,any_ad_vs_no_ads,gamma_power_db_uv2,exploratory,-0.9385073901552676
lab_subject_18,inline_vs_block,gamma_power_db_uv2,exploratory,1.3631163321885982
lab_subject_18,early_vs_late,gamma_power_db_uv2,exploratory,0.6946202767875143
lab_subject_18,format_x_timing,gamma_power_db_uv2,exploratory,0.5939816832766946
lab_subject_19,any_ad_vs_no_ads,gamma_power_db_uv2,exploratory,-1.2822476884904273
lab_subject_19,inline_vs_block,gamma_power_db_uv2,exploratory,0.7292410895871686
lab_subject_19,early_vs_late,gamma_power_db_uv2,exploratory,0.1206416104397694
lab_subject_19,format_x_timing,gamma_power_db_uv2,exploratory,0.7164101333126978
lab_subject_2,any_ad_vs_no_ads,gamma_power_db_uv2,exploratory,-0.028981245785449694
lab_subject_2,inline_vs_block,gamma_power_db_uv2,exploratory,-1.2063604554625176
lab_subject_2,early_vs_late,gamma_power_db_uv2,exploratory,0.2938512768555892
lab_subject_2,format_x_timing,gamma_power_db_uv2,exploratory,5.0006453786410825
lab_subject_3,any_ad_vs_no_ads,gamma_power_db_uv2,exploratory,-0.11134858741108866
lab_subject_3,inline_vs_block,gamma_power_db_uv2,exploratory,0.15013186767949538
lab_subject_3,early_vs_late,gamma_power_db_uv2,exploratory,-0.6629128700105289
lab_subject_3,format_x_timing,gamma_power_db_uv2,exploratory,0.4160530472379036
lab_subject_5,any_ad_vs_no_ads,gamma_power_db_uv2,exploratory,-0.504583735070685
lab_subject_5,inline_vs_block,gamma_power_db_uv2,exploratory,0.712112001834531
lab_subject_5,early_vs_late,gamma_power_db_uv2,exploratory,-0.29022210647301794
lab_subject_5,format_x_timing,gamma_power_db_uv2,exploratory,1.225816961909504
lab_subject_6,any_ad_vs_no_ads,gamma_power_db_uv2,exploratory,0.4326282240180077
lab_subject_6,inline_vs_block,gamma_power_db_uv2,exploratory,0.2369853725935922
lab_subject_6,early_vs_late,gamma_power_db_uv2,exploratory,-0.0373570115036177
lab_subject_6,format_x_timing,gamma_power_db_uv2,exploratory,-0.07970609801425677
lab_subject_7,any_ad_vs_no_ads,gamma_power_db_uv2,exploratory,-0.40739055021145454
lab_subject_7,inline_vs_block,gamma_power_db_uv2,exploratory,-1.163065011494096
lab_subject_7,early_vs_late,gamma_power_db_uv2,exploratory,-1.3570774887577333
lab_subject_7,format_x_timing,gamma_power_db_uv2,exploratory,-1.0370507615864746
lab_subject_8,any_ad_vs_no_ads,gamma_power_db_uv2,exploratory,0.5885632822051097
lab_subject_8,inline_vs_block,gamma_power_db_uv2,exploratory,-0.5573331109324511
lab_subject_8,early_vs_late,gamma_power_db_uv2,exploratory,0.9757296561509676
lab_subject_8,format_x_timing,gamma_power_db_uv2,exploratory,-1.8643642828882427
lab_subject_9,any_ad_vs_no_ads,gamma_power_db_uv2,exploratory,1.869859891618396
lab_subject_9,inline_vs_block,gamma_power_db_uv2,exploratory,0.6603571072360408
lab_subject_9,early_vs_late,gamma_power_db_uv2,exploratory,0.4771278535163921
lab_subject_9,format_x_timing,gamma_power_db_uv2,exploratory,0.8098055517966207
lab_subject_1,any_ad_vs_no_ads,delta_relative_power,exploratory,-0.03937658367098684
lab_subject_1,inline_vs_block,delta_relative_power,exploratory,0.0036469069835675105
lab_subject_1,early_vs_late,delta_relative_power,exploratory,0.003121158169204885
lab_subject_1,format_x_timing,delta_relative_power,exploratory,0.03530628809554792
lab_subject_10,any_ad_vs_no_ads,delta_relative_power,exploratory,0.054243926287836364
lab_subject_10,inline_vs_block,delta_relative_power,exploratory,0.00448554719976757
lab_subject_10,early_vs_late,delta_relative_power,exploratory,-0.008789993879052771
lab_subject_10,format_x_timing,delta_relative_power,exploratory,-0.08713481231862175
lab_subject_11,any_ad_vs_no_ads,delta_relative_power,exploratory,-0.009952956380392619
lab_subject_11,inline_vs_block,delta_relative_power,exploratory,-0.007445648990252907
lab_subject_11,early_vs_late,delta_relative_power,exploratory,0.00489811203631263
lab_subject_11,format_x_timing,delta_relative_power,exploratory,0.0186924838029483
lab_subject_12,any_ad_vs_no_ads,delta_relative_power,exploratory,0.015741966600464785
lab_subject_12,inline_vs_block,delta_relative_power,exploratory,0.00762035315521481
lab_subject_12,early_vs_late,delta_relative_power,exploratory,-0.011095212973899371
lab_subject_12,format_x_timing,delta_relative_power,exploratory,-0.028294139635691162
lab_subject_13,any_ad_vs_no_ads,delta_relative_power,exploratory,0.00939349934788658
lab_subject_13,inline_vs_block,delta_relative_power,exploratory,-0.030752298163843506
lab_subject_13,early_vs_late,delta_relative_power,exploratory,0.018677229040014343
lab_subject_13,format_x_timing,delta_relative_power,exploratory,0.04556298000684911
lab_subject_14,any_ad_vs_no_ads,delta_relative_power,exploratory,-0.00028231477356499557
lab_subject_14,inline_vs_block,delta_relative_power,exploratory,0.02091482687048296
lab_subject_14,early_vs_late,delta_relative_power,exploratory,0.02389681580518732
lab_subject_14,format_x_timing,delta_relative_power,exploratory,0.06499948933155542
lab_subject_15,any_ad_vs_no_ads,delta_relative_power,exploratory,-0.0214935584889957
lab_subject_15,inline_vs_block,delta_relative_power,exploratory,-0.04241663207756807
lab_subject_15,early_vs_late,delta_relative_power,exploratory,-0.019953487608486142
lab_subject_15,format_x_timing,delta_relative_power,exploratory,-0.1153538412231081
lab_subject_16,any_ad_vs_no_ads,delta_relative_power,exploratory,0.009884323241389104
lab_subject_16,inline_vs_block,delta_relative_power,exploratory,-0.020604432773678183
lab_subject_16,early_vs_late,delta_relative_power,exploratory,-0.025231815025955617
lab_subject_16,format_x_timing,delta_relative_power,exploratory,0.03133993113449496
lab_subject_17,any_ad_vs_no_ads,delta_relative_power,exploratory,-0.0037690115314448214
lab_subject_17,inline_vs_block,delta_relative_power,exploratory,0.008097981728245052
lab_subject_17,early_vs_late,delta_relative_power,exploratory,-0.01793322413916265
lab_subject_17,format_x_timing,delta_relative_power,exploratory,0.06889582926506033
lab_subject_18,any_ad_vs_no_ads,delta_relative_power,exploratory,-0.043823909890026935
lab_subject_18,inline_vs_block,delta_relative_power,exploratory,0.004340959779054909
lab_subject_18,early_vs_late,delta_relative_power,exploratory,0.02194997935179377
lab_subject_18,format_x_timing,delta_relative_power,exploratory,-0.01505261240358502
lab_subject_19,any_ad_vs_no_ads,delta_relative_power,exploratory,0.006769666551337261
lab_subject_19,inline_vs_block,delta_relative_power,exploratory,-0.0006954602322617465
lab_subject_19,early_vs_late,delta_relative_power,exploratory,0.007665518001053195
lab_subject_19,format_x_timing,delta_relative_power,exploratory,-0.006043263474386995
lab_subject_2,any_ad_vs_no_ads,delta_relative_power,exploratory,0.017544716481488143
lab_subject_2,inline_vs_block,delta_relative_power,exploratory,0.01376705372864051
lab_subject_2,early_vs_late,delta_relative_power,exploratory,-0.015500256028706527
lab_subject_2,format_x_timing,delta_relative_power,exploratory,-0.04526210274747888
lab_subject_3,any_ad_vs_no_ads,delta_relative_power,exploratory,-0.024423379722754435
lab_subject_3,inline_vs_block,delta_relative_power,exploratory,-0.02417927677163323
lab_subject_3,early_vs_late,delta_relative_power,exploratory,-0.007154707321701315
lab_subject_3,format_x_timing,delta_relative_power,exploratory,-0.0032756501953423722
lab_subject_5,any_ad_vs_no_ads,delta_relative_power,exploratory,-0.021813274145593087
lab_subject_5,inline_vs_block,delta_relative_power,exploratory,-0.018486899135106483
lab_subject_5,early_vs_late,delta_relative_power,exploratory,0.013925083884696488
lab_subject_5,format_x_timing,delta_relative_power,exploratory,0.014774387618443963
lab_subject_6,any_ad_vs_no_ads,delta_relative_power,exploratory,0.004284143017943887
lab_subject_6,inline_vs_block,delta_relative_power,exploratory,0.05688221328562748
lab_subject_6,early_vs_late,delta_relative_power,exploratory,-0.018368643524818484
lab_subject_6,format_x_timing,delta_relative_power,exploratory,-0.11707608844784079
lab_subject_7,any_ad_vs_no_ads,delta_relative_power,exploratory,-0.031751193172713466
lab_subject_7,inline_vs_block,delta_relative_power,exploratory,-0.005224833908854087
lab_subject_7,early_vs_late,delta_relative_power,exploratory,0.02144428324842984
lab_subject_7,format_x_timing,delta_relative_power,exploratory,0.006524197764002926
lab_subject_8,any_ad_vs_no_ads,delta_relative_power,exploratory,-0.018755282252011396
lab_subject_8,inline_vs_block,delta_relative_power,exploratory,-0.014757312486678664
lab_subject_8,early_vs_late,delta_relative_power,exploratory,-0.008895731923617589
lab_subject_8,format_x_timing,delta_relative_power,exploratory,-0.014170538969070945
lab_subject_9,any_ad_vs_no_ads,delta_relative_power,exploratory,-0.007869896777974228
lab_subject_9,inline_vs_block,delta_relative_power,exploratory,0.002548400604953982
lab_subject_9,early_vs_late,delta_relative_power,exploratory,-0.003684763888369247
lab_subject_9,format_x_timing,delta_relative_power,exploratory,-0.08526837690341393
lab_subject_1,any_ad_vs_no_ads,theta_relative_power,exploratory,-0.0018261323255622935
lab_subject_1,inline_vs_block,theta_relative_power,exploratory,-0.003998678249786725
lab_subject_1,early_vs_late,theta_relative_power,exploratory,-0.0023226087647619242
lab_subject_1,format_x_timing,theta_relative_power,exploratory,-0.008247786537786947
lab_subject_10,any_ad_vs_no_ads,theta_relative_power,exploratory,-0.011059745440112123
lab_subject_10,inline_vs_block,theta_relative_power,exploratory,-0.0034053578203792068
lab_subject_10,early_vs_late,theta_relative_power,exploratory,-0.00756814222622143
lab_subject_10,format_x_timing,theta_relative_power,exploratory,0.012984635244259524
lab_subject_11,any_ad_vs_no_ads,theta_relative_power,exploratory,0.00753644970834165
lab_subject_11,inline_vs_block,theta_relative_power,exploratory,0.008505963482941414
lab_subject_11,early_vs_late,theta_relative_power,exploratory,-0.002831625617886302
lab_subject_11,format_x_timing,theta_relative_power,exploratory,-0.0024787081950606027
lab_subject_12,any_ad_vs_no_ads,theta_relative_power,exploratory,-0.015962680475052976
lab_subject_12,inline_vs_block,theta_relative_power,exploratory,-0.011380637583217779
lab_subject_12,early_vs_late,theta_relative_power,exploratory,0.008122239884736787
lab_subject_12,format_x_timing,theta_relative_power,exploratory,0.004459950826953191
lab_subject_13,any_ad_vs_no_ads,theta_relative_power,exploratory,-0.00700564998765088
lab_subject_13,inline_vs_block,theta_relative_power,exploratory,0.01650265781878249
lab_subject_13,early_vs_late,theta_relative_power,exploratory,-0.0004581101334539539
lab_subject_13,format_x_timing,theta_relative_power,exploratory,-0.00363716252133231
lab_subject_14,any_ad_vs_no_ads,theta_relative_power,exploratory,-0.00489035937273731
lab_subject_14,inline_vs_block,theta_relative_power,exploratory,-0.002376866683717893
lab_subject_14,early_vs_late,theta_relative_power,exploratory,-0.015354702754555194
lab_subject_14,format_x_timing,theta_relative_power,exploratory,-2.8758798805442187e-05
lab_subject_15,any_ad_vs_no_ads,theta_relative_power,exploratory,0.004894326840959334
lab_subject_15,inline_vs_block,theta_relative_power,exploratory,0.013016773022680436
lab_subject_15,early_vs_late,theta_relative_power,exploratory,0.006857940425866585
lab_subject_15,format_x_timing,theta_relative_power,exploratory,0.0456663340869433
lab_subject_16,any_ad_vs_no_ads,theta_relative_power,exploratory,0.0013918052100793388
lab_subject_16,inline_vs_block,theta_relative_power,exploratory,-0.00017931837170852283
lab_subject_16,early_vs_late,theta_relative_power,exploratory,-0.004856908159817888
lab_subject_16,format_x_timing,theta_relative_power,exploratory,-0.004512016664527205
lab_subject_17,any_ad_vs_no_ads,theta_relative_power,exploratory,-0.0004940096939625993
lab_subject_17,inline_vs_block,theta_relative_power,exploratory,-0.0014984901687249974
lab_subject_17,early_vs_late,theta_relative_power,exploratory,0.006298020624468922
lab_subject_17,format_x_timing,theta_relative_power,exploratory,-0.001204749694836374
lab_subject_18,any_ad_vs_no_ads,theta_relative_power,exploratory,0.02311561791493906
lab_subject_18,inline_vs_block,theta_relative_power,exploratory,-0.010728728101842638
lab_subject_18,early_vs_late,theta_relative_power,exploratory,-0.014422139372291892
lab_subject_18,format_x_timing,theta_relative_power,exploratory,-0.005374537101459673
lab_subject_19,any_ad_vs_no_ads,theta_relative_power,exploratory,0.005635529628291516
lab_subject_19,inline_vs_block,theta_relative_power,exploratory,-0.0004928017861207806
lab_subject_19,early_vs_late,theta_relative_power,exploratory,-0.004267281385217911
lab_subject_19,format_x_timing,theta_relative_power,exploratory,-0.001187662396731487
lab_subject_2,any_ad_vs_no_ads,theta_relative_power,exploratory,0.0016234639422251507
lab_subject_2,inline_vs_block,theta_relative_power,exploratory,0.006647809458167647
lab_subject_2,early_vs_late,theta_relative_power,exploratory,0.0008164289877415909
lab_subject_2,format_x_timing,theta_relative_power,exploratory,-0.0010341206539938586
lab_subject_3,any_ad_vs_no_ads,theta_relative_power,exploratory,0.00970794295973039
lab_subject_3,inline_vs_block,theta_relative_power,exploratory,-0.0038595452487031057
lab_subject_3,early_vs_late,theta_relative_power,exploratory,-0.0023020989889965537
lab_subject_3,format_x_timing,theta_relative_power,exploratory,-0.00682963375909737
lab_subject_5,any_ad_vs_no_ads,theta_relative_power,exploratory,0.004542164968607029
lab_subject_5,inline_vs_block,theta_relative_power,exploratory,-0.003680384298118969
lab_subject_5,early_vs_late,theta_relative_power,exploratory,-0.0006876546439919667
lab_subject_5,format_x_timing,theta_relative_power,exploratory,-0.011362357095463654
lab_subject_6,any_ad_vs_no_ads,theta_relative_power,exploratory,-0.0017246004640266988
lab_subject_6,inline_vs_block,theta_relative_power,exploratory,-0.01953932238737721
lab_subject_6,early_vs_late,theta_relative_power,exploratory,0.003241429788022776
lab_subject_6,format_x_timing,theta_relative_power,exploratory,0.025863046105156134
lab_subject_7,any_ad_vs_no_ads,theta_relative_power,exploratory,-0.007406809377607071
lab_subject_7,inline_vs_block,theta_relative_power,exploratory,0.003430818202535893
lab_subject_7,early_vs_late,theta_relative_power,exploratory,0.0011984020268505508
lab_subject_7,format_x_timing,theta_relative_power,exploratory,0.011654907402104425
lab_subject_8,any_ad_vs_no_ads,theta_relative_power,exploratory,-0.0005016051903476287
lab_subject_8,inline_vs_block,theta_relative_power,exploratory,0.0025397052128323105
lab_subject_8,early_vs_late,theta_relative_power,exploratory,-0.007895223255518585
lab_subject_8,format_x_timing,theta_relative_power,exploratory,0.011680053019978265
lab_subject_9,any_ad_vs_no_ads,theta_relative_power,exploratory,-0.007031555008211496
lab_subject_9,inline_vs_block,theta_relative_power,exploratory,-0.0028594203133716356
lab_subject_9,early_vs_late,theta_relative_power,exploratory,-0.0026147049009217216
lab_subject_9,format_x_timing,theta_relative_power,exploratory,0.013488491431110652
lab_subject_1,any_ad_vs_no_ads,alpha_relative_power,exploratory,0.0024382897975058562
lab_subject_1,inline_vs_block,alpha_relative_power,exploratory,-0.0014726011800228755
lab_subject_1,early_vs_late,alpha_relative_power,exploratory,-0.0019234130092851687
lab_subject_1,format_x_timing,alpha_relative_power,exploratory,-0.0007574193608824858
lab_subject_10,any_ad_vs_no_ads,alpha_relative_power,exploratory,-0.024404739783855586
lab_subject_10,inline_vs_block,alpha_relative_power,exploratory,-0.003584761296809791
lab_subject_10,early_vs_late,alpha_relative_power,exploratory,0.007498425892694921
lab_subject_10,format_x_timing,alpha_relative_power,exploratory,0.054724021101952625
lab_subject_11,any_ad_vs_no_ads,alpha_relative_power,exploratory,0.00011917924442506056
lab_subject_11,inline_vs_block,alpha_relative_power,exploratory,0.0027510011586207306
lab_subject_11,early_vs_late,alpha_relative_power,exploratory,0.006151227809816813
lab_subject_11,format_x_timing,alpha_relative_power,exploratory,-0.027671699688662434
lab_subject_12,any_ad_vs_no_ads,alpha_relative_power,exploratory,0.006043275250853179
lab_subject_12,inline_vs_block,alpha_relative_power,exploratory,-0.00045271089966868183
lab_subject_12,early_vs_late,alpha_relative_power,exploratory,0.0008312953918675481
lab_subject_12,format_x_timing,alpha_relative_power,exploratory,0.014116288960232523
lab_subject_13,any_ad_vs_no_ads,alpha_relative_power,exploratory,-0.002460386803689509
lab_subject_13,inline_vs_block,alpha_relative_power,exploratory,0.005444534195675043
lab_subject_13,early_vs_late,alpha_relative_power,exploratory,-0.004667959712654313
lab_subject_13,format_x_timing,alpha_relative_power,exploratory,-0.012300399646474471
lab_subject_14,any_ad_vs_no_ads,alpha_relative_power,exploratory,0.0013274888066953094
lab_subject_14,inline_vs_block,alpha_relative_power,exploratory,-0.0029603749878112026
lab_subject_14,early_vs_late,alpha_relative_power,exploratory,-0.005613803872353974
lab_subject_14,format_x_timing,alpha_relative_power,exploratory,-0.004903650952216374
lab_subject_15,any_ad_vs_no_ads,alpha_relative_power,exploratory,0.002089362419041535
lab_subject_15,inline_vs_block,alpha_relative_power,exploratory,0.007354608097422138
lab_subject_15,early_vs_late,alpha_relative_power,exploratory,0.004326799318322999
lab_subject_15,format_x_timing,alpha_relative_power,exploratory,0.018781395407916422
lab_subject_16,any_ad_vs_no_ads,alpha_relative_power,exploratory,0.0004361133175014298
lab_subject_16,inline_vs_block,alpha_relative_power,exploratory,0.0026290420728954864
lab_subject_16,early_vs_late,alpha_relative_power,exploratory,0.0016704724058234366
lab_subject_16,format_x_timing,alpha_relative_power,exploratory,-0.008505488854698318
lab_subject_17,any_ad_vs_no_ads,alpha_relative_power,exploratory,0.002045021167316974
lab_subject_17,inline_vs_block,alpha_relative_power,exploratory,-0.0037567336162438944
lab_subject_17,early_vs_late,alpha_relative_power,exploratory,0.0007389977270717552
lab_subject_17,format_x_timing,alpha_relative_power,exploratory,-0.011986130953655978
lab_subject_18,any_ad_vs_no_ads,alpha_relative_power,exploratory,0.012844338726976191
lab_subject_18,inline_vs_block,alpha_relative_power,exploratory,-0.0025863601020093482
lab_subject_18,early_vs_late,alpha_relative_power,exploratory,-0.006903465437081223
lab_subject_18,format_x_timing,alpha_relative_power,exploratory,-0.00033240829211462347
lab_subject_19,any_ad_vs_no_ads,alpha_relative_power,exploratory,0.0008766445347204305
lab_subject_19,inline_vs_block,alpha_relative_power,exploratory,-0.0029515567345824237
lab_subject_19,early_vs_late,alpha_relative_power,exploratory,-0.002474112470847875
lab_subject_19,format_x_timing,alpha_relative_power,exploratory,-0.0008405121720713934
lab_subject_2,any_ad_vs_no_ads,alpha_relative_power,exploratory,-0.003514578373583377
lab_subject_2,inline_vs_block,alpha_relative_power,exploratory,-0.0019967544964994144
lab_subject_2,early_vs_late,alpha_relative_power,exploratory,0.0020634265795002396
lab_subject_2,format_x_timing,alpha_relative_power,exploratory,-0.0019637592614585864
lab_subject_3,any_ad_vs_no_ads,alpha_relative_power,exploratory,0.003937327743511666
lab_subject_3,inline_vs_block,alpha_relative_power,exploratory,0.006624175993127056
lab_subject_3,early_vs_late,alpha_relative_power,exploratory,0.004220454831599649
lab_subject_3,format_x_timing,alpha_relative_power,exploratory,0.007740054866909429
lab_subject_5,any_ad_vs_no_ads,alpha_relative_power,exploratory,0.005744781978534938
lab_subject_5,inline_vs_block,alpha_relative_power,exploratory,0.00321644827303557
lab_subject_5,early_vs_late,alpha_relative_power,exploratory,-0.0031608427816259624
lab_subject_5,format_x_timing,alpha_relative_power,exploratory,-0.005433439999164451
lab_subject_6,any_ad_vs_no_ads,alpha_relative_power,exploratory,-0.0014028631480923759
lab_subject_6,inline_vs_block,alpha_relative_power,exploratory,-0.012762074279638103
lab_subject_6,early_vs_late,alpha_relative_power,exploratory,0.007543806584748347
lab_subject_6,format_x_timing,alpha_relative_power,exploratory,0.0253840906263195
lab_subject_7,any_ad_vs_no_ads,alpha_relative_power,exploratory,0.0032991973708681524
lab_subject_7,inline_vs_block,alpha_relative_power,exploratory,0.0035543381201667626
lab_subject_7,early_vs_late,alpha_relative_power,exploratory,0.0006463994299442041
lab_subject_7,format_x_timing,alpha_relative_power,exploratory,0.0073211393213010074
lab_subject_8,any_ad_vs_no_ads,alpha_relative_power,exploratory,0.0008158137041641769
lab_subject_8,inline_vs_block,alpha_relative_power,exploratory,0.008914639496658473
lab_subject_8,early_vs_late,alpha_relative_power,exploratory,0.0008061363984161463
lab_subject_8,format_x_timing,alpha_relative_power,exploratory,0.015344277688519016
lab_subject_9,any_ad_vs_no_ads,alpha_relative_power,exploratory,-0.005101568721466346
lab_subject_9,inline_vs_block,alpha_relative_power,exploratory,-0.0039615493909875635
lab_subject_9,early_vs_late,alpha_relative_power,exploratory,-0.0018457110116689712
lab_subject_9,format_x_timing,alpha_relative_power,exploratory,0.010966490171975547
lab_subject_1,any_ad_vs_no_ads,beta_relative_power,exploratory,0.02702396287673349
lab_subject_1,inline_vs_block,beta_relative_power,exploratory,0.0007855633968953529
lab_subject_1,early_vs_late,beta_relative_power,exploratory,0.0001971480293582878
lab_subject_1,format_x_timing,beta_relative_power,exploratory,-0.023412056643354315
lab_subject_10,any_ad_vs_no_ads,beta_relative_power,exploratory,-0.014086192958564586
lab_subject_10,inline_vs_block,beta_relative_power,exploratory,0.0010207373208300091
lab_subject_10,early_vs_late,beta_relative_power,exploratory,0.0050047527648801465
lab_subject_10,format_x_timing,beta_relative_power,exploratory,0.016173413256072938
lab_subject_11,any_ad_vs_no_ads,beta_relative_power,exploratory,0.001119193042906863
lab_subject_11,inline_vs_block,beta_relative_power,exploratory,-0.0013136078366366155
lab_subject_11,early_vs_late,beta_relative_power,exploratory,-0.003978445612825995
lab_subject_11,format_x_timing,beta_relative_power,exploratory,0.0028160453721541717
lab_subject_12,any_ad_vs_no_ads,beta_relative_power,exploratory,-0.0018021193894737567
lab_subject_12,inline_vs_block,beta_relative_power,exploratory,0.002747852600288654
lab_subject_12,early_vs_late,beta_relative_power,exploratory,0.0011220939020397253
lab_subject_12,format_x_timing,beta_relative_power,exploratory,0.007233991885750628
lab_subject_13,any_ad_vs_no_ads,beta_relative_power,exploratory,-0.0007155219701473273
lab_subject_13,inline_vs_block,beta_relative_power,exploratory,0.007097450147304986
lab_subject_13,early_vs_late,beta_relative_power,exploratory,-0.008855329767149499
lab_subject_13,format_x_timing,beta_relative_power,exploratory,-0.021966041105246765
lab_subject_14,any_ad_vs_no_ads,beta_relative_power,exploratory,0.001213343370009945
lab_subject_14,inline_vs_block,beta_relative_power,exploratory,-0.010601526969486769
lab_subject_14,early_vs_late,beta_relative_power,exploratory,-0.0026694307253633254
lab_subject_14,format_x_timing,beta_relative_power,exploratory,-0.03417315037007296
lab_subject_15,any_ad_vs_no_ads,beta_relative_power,exploratory,0.007906466979523769
lab_subject_15,inline_vs_block,beta_relative_power,exploratory,0.014454896554096555
lab_subject_15,early_vs_late,beta_relative_power,exploratory,0.006165413564878389
lab_subject_15,format_x_timing,beta_relative_power,exploratory,0.032902050251736946
lab_subject_16,any_ad_vs_no_ads,beta_relative_power,exploratory,-0.004644618710561488
lab_subject_16,inline_vs_block,beta_relative_power,exploratory,0.011794118342312032
lab_subject_16,early_vs_late,beta_relative_power,exploratory,0.015567446145568292
lab_subject_16,format_x_timing,beta_relative_power,exploratory,-0.01885545590198072
lab_subject_17,any_ad_vs_no_ads,beta_relative_power,exploratory,0.0010120906782048605
lab_subject_17,inline_vs_block,beta_relative_power,exploratory,-0.0022744571848228867
lab_subject_17,early_vs_late,beta_relative_power,exploratory,0.007909789483110746
lab_subject_17,format_x_timing,beta_relative_power,exploratory,-0.0359904147418759
lab_subject_18,any_ad_vs_no_ads,beta_relative_power,exploratory,0.006944876049047435
lab_subject_18,inline_vs_block,beta_relative_power,exploratory,0.003483731235843432
lab_subject_18,early_vs_late,beta_relative_power,exploratory,-0.0038368863194184755
lab_subject_18,format_x_timing,beta_relative_power,exploratory,0.012234631340074922
lab_subject_19,any_ad_vs_no_ads,beta_relative_power,exploratory,-0.008983439695911304
lab_subject_19,inline_vs_block,beta_relative_power,exploratory,0.0017560401119245672
lab_subject_19,early_vs_late,beta_relative_power,exploratory,-0.0007203686663441317
lab_subject_19,format_x_timing,beta_relative_power,exploratory,0.006143438331633347
lab_subject_2,any_ad_vs_no_ads,beta_relative_power,exploratory,-0.010291580273278048
lab_subject_2,inline_vs_block,beta_relative_power,exploratory,-0.010758596473412513
lab_subject_2,early_vs_late,beta_relative_power,exploratory,0.009642939235267295
lab_subject_2,format_x_timing,beta_relative_power,exploratory,0.021407831606868377
lab_subject_3,any_ad_vs_no_ads,beta_relative_power,exploratory,0.008322145358114763
lab_subject_3,inline_vs_block,beta_relative_power,exploratory,0.015705566913681024
lab_subject_3,early_vs_late,beta_relative_power,exploratory,0.0054240285822219625
lab_subject_3,format_x_timing,beta_relative_power,exploratory,0.0016557935548506542
lab_subject_5,any_ad_vs_no_ads,beta_relative_power,exploratory,0.009047685681384032
lab_subject_5,inline_vs_block,beta_relative_power,exploratory,0.012775062577240336
lab_subject_5,early_vs_late,beta_relative_power,exploratory,-0.006910025099987095
lab_subject_5,format_x_timing,beta_relative_power,exploratory,-0.00014529941699829158
lab_subject_6,any_ad_vs_no_ads,beta_relative_power,exploratory,-0.002118544281868223
lab_subject_6,inline_vs_block,beta_relative_power,exploratory,-0.0207394078698704
lab_subject_6,early_vs_late,beta_relative_power,exploratory,0.006008044993248557
lab_subject_6,format_x_timing,beta_relative_power,exploratory,0.05218443850049713
lab_subject_7,any_ad_vs_no_ads,beta_relative_power,exploratory,0.023560646767610716
lab_subject_7,inline_vs_block,beta_relative_power,exploratory,0.0016999929054891671
lab_subject_7,early_vs_late,beta_relative_power,exploratory,-0.010957010640650355
lab_subject_7,format_x_timing,beta_relative_power,exploratory,-0.010059189971992816
lab_subject_8,any_ad_vs_no_ads,beta_relative_power,exploratory,0.014429491210821724
lab_subject_8,inline_vs_block,beta_relative_power,exploratory,0.004052204598081088
lab_subject_8,early_vs_late,beta_relative_power,exploratory,0.011610324117565074
lab_subject_8,format_x_timing,beta_relative_power,exploratory,-0.006080027567069088
lab_subject_9,any_ad_vs_no_ads,beta_relative_power,exploratory,0.011320397997697546
lab_subject_9,inline_vs_block,beta_relative_power,exploratory,0.002048502794199228
lab_subject_9,early_vs_late,beta_relative_power,exploratory,0.003908813398307856
lab_subject_9,format_x_timing,beta_relative_power,exploratory,0.03358182439279818
lab_subject_1,any_ad_vs_no_ads,gamma_relative_power,exploratory,0.01174046332230963
lab_subject_1,inline_vs_block,gamma_relative_power,exploratory,0.0010388090493467367
lab_subject_1,early_vs_late,gamma_relative_power,exploratory,0.0009277155754837535
lab_subject_1,format_x_timing,gamma_relative_power,exploratory,-0.0028890255535238413
lab_subject_10,any_ad_vs_no_ads,gamma_relative_power,exploratory,-0.0046932481053043335
lab_subject_10,inline_vs_block,gamma_relative_power,exploratory,0.0014838345965912797
lab_subject_10,early_vs_late,gamma_relative_power,exploratory,0.0038549574476992397
lab_subject_10,format_x_timing,gamma_relative_power,exploratory,0.003252742716336544
lab_subject_11,any_ad_vs_no_ads,gamma_relative_power,exploratory,0.0011781343847189433
lab_subject_11,inline_vs_block,gamma_relative_power,exploratory,-0.0024977078146727234
lab_subject_11,early_vs_late,gamma_relative_power,exploratory,-0.004239268615416816
lab_subject_11,format_x_timing,gamma_relative_power,exploratory,0.008641878708620467
lab_subject_12,any_ad_vs_no_ads,gamma_relative_power,exploratory,-0.0040204419867911935
lab_subject_12,inline_vs_block,gamma_relative_power,exploratory,0.0014651427273827886
lab_subject_12,early_vs_late,gamma_relative_power,exploratory,0.0010195837952553608
lab_subject_12,format_x_timing,gamma_relative_power,exploratory,0.0024839079627547323
lab_subject_13,any_ad_vs_no_ads,gamma_relative_power,exploratory,0.0007880594136012928
lab_subject_13,inline_vs_block,gamma_relative_power,exploratory,0.0017076560020809432
lab_subject_13,early_vs_late,gamma_relative_power,exploratory,-0.004695829426756698
lab_subject_13,format_x_timing,gamma_relative_power,exploratory,-0.007659376733795484
lab_subject_14,any_ad_vs_no_ads,gamma_relative_power,exploratory,0.0026318419695971207
lab_subject_14,inline_vs_block,gamma_relative_power,exploratory,-0.004976058229467235
lab_subject_14,early_vs_late,gamma_relative_power,exploratory,-0.0002588784529147514
lab_subject_14,format_x_timing,gamma_relative_power,exploratory,-0.025893929210460846
lab_subject_15,any_ad_vs_no_ads,gamma_relative_power,exploratory,0.006603402249470893
lab_subject_15,inline_vs_block,gamma_relative_power,exploratory,0.007590354403368842
lab_subject_15,early_vs_late,gamma_relative_power,exploratory,0.0026033342994182876
lab_subject_15,format_x_timing,gamma_relative_power,exploratory,0.018004061476511388
lab_subject_16,any_ad_vs_no_ads,gamma_relative_power,exploratory,-0.007067623058408239
lab_subject_16,inline_vs_block,gamma_relative_power,exploratory,0.006360590730179243
lab_subject_16,early_vs_late,gamma_relative_power,exploratory,0.012850804634381763
lab_subject_16,format_x_timing,gamma_relative_power,exploratory,0.000533030286711339
lab_subject_17,any_ad_vs_no_ads,gamma_relative_power,exploratory,0.0012059093798854614
lab_subject_17,inline_vs_block,gamma_relative_power,exploratory,-0.000568300758453405
lab_subject_17,early_vs_late,gamma_relative_power,exploratory,0.002986416304511276
lab_subject_17,format_x_timing,gamma_relative_power,exploratory,-0.019714533874692096
lab_subject_18,any_ad_vs_no_ads,gamma_relative_power,exploratory,0.0009190771990642277
lab_subject_18,inline_vs_block,gamma_relative_power,exploratory,0.0054903971889536385
lab_subject_18,early_vs_late,gamma_relative_power,exploratory,0.003212511776997655
lab_subject_18,format_x_timing,gamma_relative_power,exploratory,0.008524926457084393
lab_subject_19,any_ad_vs_no_ads,gamma_relative_power,exploratory,-0.004298401018437812
lab_subject_19,inline_vs_block,gamma_relative_power,exploratory,0.0023837786410406195
lab_subject_19,early_vs_late,gamma_relative_power,exploratory,-0.00020375547864319443
lab_subject_19,format_x_timing,gamma_relative_power,exploratory,0.0019279997115568982
lab_subject_2,any_ad_vs_no_ads,gamma_relative_power,exploratory,-0.005362021776851876
lab_subject_2,inline_vs_block,gamma_relative_power,exploratory,-0.007659512216896213
lab_subject_2,early_vs_late,gamma_relative_power,exploratory,0.002977461226197544
lab_subject_2,format_x_timing,gamma_relative_power,exploratory,0.02685215105606303
lab_subject_3,any_ad_vs_no_ads,gamma_relative_power,exploratory,0.00245596366139772
lab_subject_3,inline_vs_block,gamma_relative_power,exploratory,0.005709079113528283
lab_subject_3,early_vs_late,gamma_relative_power,exploratory,-0.0001876771031236943
lab_subject_3,format_x_timing,gamma_relative_power,exploratory,0.000709435532679336
lab_subject_5,any_ad_vs_no_ads,gamma_relative_power,exploratory,0.002478641517067226
lab_subject_5,inline_vs_block,gamma_relative_power,exploratory,0.0061757725829494695
lab_subject_5,early_vs_late,gamma_relative_power,exploratory,-0.0031665613590914285
lab_subject_5,format_x_timing,gamma_relative_power,exploratory,0.0021667088931823387
lab_subject_6,any_ad_vs_no_ads,gamma_relative_power,exploratory,0.0009618648760431996
lab_subject_6,inline_vs_block,gamma_relative_power,exploratory,-0.0038414087487419132
lab_subject_6,early_vs_late,gamma_relative_power,exploratory,0.0015753621587988563
lab_subject_6,format_x_timing,gamma_relative_power,exploratory,0.013644513215868046
lab_subject_7,any_ad_vs_no_ads,gamma_relative_power,exploratory,0.01229815841184173
lab_subject_7,inline_vs_block,gamma_relative_power,exploratory,-0.0034603153193374925
lab_subject_7,early_vs_late,gamma_relative_power,exploratory,-0.012332074064574261
lab_subject_7,format_x_timing,gamma_relative_power,exploratory,-0.015441054515415643
lab_subject_8,any_ad_vs_no_ads,gamma_relative_power,exploratory,0.004011582527372999
lab_subject_8,inline_vs_block,gamma_relative_power,exploratory,-0.0007492368208933745
lab_subject_8,early_vs_late,gamma_relative_power,exploratory,0.004374494663154975
lab_subject_8,format_x_timing,gamma_relative_power,exploratory,-0.006773764172357009
lab_subject_9,any_ad_vs_no_ads,gamma_relative_power,exploratory,0.008682622509954468
lab_subject_9,inline_vs_block,gamma_relative_power,exploratory,0.0022240663052060655
lab_subject_9,early_vs_late,gamma_relative_power,exploratory,0.004236366402652021
lab_subject_9,format_x_timing,gamma_relative_power,exploratory,0.02723157090752968
lab_subject_1,any_ad_vs_no_ads,engagement_beta_over_alpha_theta,exploratory,0.20298564992347845
lab_subject_1,inline_vs_block,engagement_beta_over_alpha_theta,exploratory,0.04039365396105854
lab_subject_1,early_vs_late,engagement_beta_over_alpha_theta,exploratory,0.014021721015968991
lab_subject_1,format_x_timing,engagement_beta_over_alpha_theta,exploratory,-0.07418541653346433
lab_subject_10,any_ad_vs_no_ads,engagement_beta_over_alpha_theta,exploratory,-0.03187413116096083
lab_subject_10,inline_vs_block,engagement_beta_over_alpha_theta,exploratory,0.008907586494261599
lab_subject_10,early_vs_late,engagement_beta_over_alpha_theta,exploratory,0.02384791284092147
lab_subject_10,format_x_timing,engagement_beta_over_alpha_theta,exploratory,0.027921878622115537
lab_subject_11,any_ad_vs_no_ads,engagement_beta_over_alpha_theta,exploratory,-0.007174688713006749
lab_subject_11,inline_vs_block,engagement_beta_over_alpha_theta,exploratory,-0.017162852639191095
lab_subject_11,early_vs_late,engagement_beta_over_alpha_theta,exploratory,-0.02261390067472202
lab_subject_11,format_x_timing,engagement_beta_over_alpha_theta,exploratory,0.04113296294435681
lab_subject_12,any_ad_vs_no_ads,engagement_beta_over_alpha_theta,exploratory,0.0017426722631470049
lab_subject_12,inline_vs_block,engagement_beta_over_alpha_theta,exploratory,0.03199211655959877
lab_subject_12,early_vs_late,engagement_beta_over_alpha_theta,exploratory,-0.008816474779287709
lab_subject_12,format_x_timing,engagement_beta_over_alpha_theta,exploratory,0.009860172609882867
lab_subject_13,any_ad_vs_no_ads,engagement_beta_over_alpha_theta,exploratory,0.010274875883269752
lab_subject_13,inline_vs_block,engagement_beta_over_alpha_theta,exploratory,-0.0003100831719383135
lab_subject_13,early_vs_late,engagement_beta_over_alpha_theta,exploratory,-0.03977688586775091
lab_subject_13,format_x_timing,engagement_beta_over_alpha_theta,exploratory,-0.11881672788275538
lab_subject_14,any_ad_vs_no_ads,engagement_beta_over_alpha_theta,exploratory,-0.07159022762581702
lab_subject_14,inline_vs_block,engagement_beta_over_alpha_theta,exploratory,-0.033336962862163144
lab_subject_14,early_vs_late,engagement_beta_over_alpha_theta,exploratory,0.1285678207188169
lab_subject_14,format_x_timing,engagement_beta_over_alpha_theta,exploratory,-0.19400831249340256
lab_subject_15,any_ad_vs_no_ads,engagement_beta_over_alpha_theta,exploratory,0.041071211190182255
lab_subject_15,inline_vs_block,engagement_beta_over_alpha_theta,exploratory,0.04891812650054228
lab_subject_15,early_vs_late,engagement_beta_over_alpha_theta,exploratory,0.00618987049805142
lab_subject_15,format_x_timing,engagement_beta_over_alpha_theta,exploratory,-0.038275007313479936
lab_subject_16,any_ad_vs_no_ads,engagement_beta_over_alpha_theta,exploratory,-0.08712461376356151
lab_subject_16,inline_vs_block,engagement_beta_over_alpha_theta,exploratory,0.06353512502321523
lab_subject_16,early_vs_late,engagement_beta_over_alpha_theta,exploratory,0.16795981751653066
lab_subject_16,format_x_timing,engagement_beta_over_alpha_theta,exploratory,0.056230225504481535
lab_subject_17,any_ad_vs_no_ads,engagement_beta_over_alpha_theta,exploratory,0.007051200527808221
lab_subject_17,inline_vs_block,engagement_beta_over_alpha_theta,exploratory,0.013415112307804122
lab_subject_17,early_vs_late,engagement_beta_over_alpha_theta,exploratory,0.05467915091363551
lab_subject_17,format_x_timing,engagement_beta_over_alpha_theta,exploratory,-0.15880699157265254
lab_subject_18,any_ad_vs_no_ads,engagement_beta_over_alpha_theta,exploratory,-0.0445424941071807
lab_subject_18,inline_vs_block,engagement_beta_over_alpha_theta,exploratory,0.09535952315984297
lab_subject_18,early_vs_late,engagement_beta_over_alpha_theta,exploratory,0.04309322532332216
lab_subject_18,format_x_timing,engagement_beta_over_alpha_theta,exploratory,0.14611271041666718
lab_subject_19,any_ad_vs_no_ads,engagement_beta_over_alpha_theta,exploratory,-0.08276587603637509
lab_subject_19,inline_vs_block,engagement_beta_over_alpha_theta,exploratory,0.017943160368863953
lab_subject_19,early_vs_late,engagement_beta_over_alpha_theta,exploratory,0.009168584817708214
lab_subject_19,format_x_timing,engagement_beta_over_alpha_theta,exploratory,0.03249511631927704
lab_subject_2,any_ad_vs_no_ads,engagement_beta_over_alpha_theta,exploratory,-0.04152899674856114
lab_subject_2,inline_vs_block,engagement_beta_over_alpha_theta,exploratory,-0.11518810082400166
lab_subject_2,early_vs_late,engagement_beta_over_alpha_theta,exploratory,0.04828348628948742
lab_subject_2,format_x_timing,engagement_beta_over_alpha_theta,exploratory,0.1932269715821311
lab_subject_3,any_ad_vs_no_ads,engagement_beta_over_alpha_theta,exploratory,-0.007728422894833775
lab_subject_3,inline_vs_block,engagement_beta_over_alpha_theta,exploratory,0.0801016555995504
lab_subject_3,early_vs_late,engagement_beta_over_alpha_theta,exploratory,0.005996817881505301
lab_subject_3,format_x_timing,engagement_beta_over_alpha_theta,exploratory,0.0009655559399985858
lab_subject_5,any_ad_vs_no_ads,engagement_beta_over_alpha_theta,exploratory,0.011126222539124986
lab_subject_5,inline_vs_block,engagement_beta_over_alpha_theta,exploratory,0.07676115185676785
lab_subject_5,early_vs_late,engagement_beta_over_alpha_theta,exploratory,-0.0343146553179251
lab_subject_5,format_x_timing,engagement_beta_over_alpha_theta,exploratory,0.06980582612229208
lab_subject_6,any_ad_vs_no_ads,engagement_beta_over_alpha_theta,exploratory,-0.0018884054608259149
lab_subject_6,inline_vs_block,engagement_beta_over_alpha_theta,exploratory,-0.007164208886329959
lab_subject_6,early_vs_late,engagement_beta_over_alpha_theta,exploratory,0.009340450939143263
lab_subject_6,format_x_timing,engagement_beta_over_alpha_theta,exploratory,0.1373253164805875
lab_subject_7,any_ad_vs_no_ads,engagement_beta_over_alpha_theta,exploratory,0.19425939859636188
lab_subject_7,inline_vs_block,engagement_beta_over_alpha_theta,exploratory,-0.043965177509186715
lab_subject_7,early_vs_late,engagement_beta_over_alpha_theta,exploratory,-0.1370757231231584
lab_subject_7,format_x_timing,engagement_beta_over_alpha_theta,exploratory,-0.2657817024879858
lab_subject_8,any_ad_vs_no_ads,engagement_beta_over_alpha_theta,exploratory,0.08676811985652388
lab_subject_8,inline_vs_block,engagement_beta_over_alpha_theta,exploratory,-0.018915881983543326
lab_subject_8,early_vs_late,engagement_beta_over_alpha_theta,exploratory,0.09620792519883281
lab_subject_8,format_x_timing,engagement_beta_over_alpha_theta,exploratory,-0.13417355624289612
lab_subject_9,any_ad_vs_no_ads,engagement_beta_over_alpha_theta,exploratory,0.1893257399766608
lab_subject_9,inline_vs_block,engagement_beta_over_alpha_theta,exploratory,0.047144251125739056
lab_subject_9,early_vs_late,engagement_beta_over_alpha_theta,exploratory,0.08548681834415495
lab_subject_9,format_x_timing,engagement_beta_over_alpha_theta,exploratory,0.05002079673618531
lab_subject_1,any_ad_vs_no_ads,engagement_pope_frontocentral_beta_over_alpha_theta,exploratory,0.37970277155282695
lab_subject_1,inline_vs_block,engagement_pope_frontocentral_beta_over_alpha_theta,exploratory,-0.06507241373046391
lab_subject_1,early_vs_late,engagement_pope_frontocentral_beta_over_alpha_theta,exploratory,-0.04500504380058201
lab_subject_1,format_x_timing,engagement_pope_frontocentral_beta_over_alpha_theta,exploratory,-0.2896509830896341
lab_subject_10,any_ad_vs_no_ads,engagement_pope_frontocentral_beta_over_alpha_theta,exploratory,-0.0117978884645554
lab_subject_10,inline_vs_block,engagement_pope_frontocentral_beta_over_alpha_theta,exploratory,0.015602601356331597
lab_subject_10,early_vs_late,engagement_pope_frontocentral_beta_over_alpha_theta,exploratory,0.020106143735592802
lab_subject_10,format_x_timing,engagement_pope_frontocentral_beta_over_alpha_theta,exploratory,-0.00490638251517686
lab_subject_11,any_ad_vs_no_ads,engagement_pope_frontocentral_beta_over_alpha_theta,exploratory,-0.011706156508897614
lab_subject_11,inline_vs_block,engagement_pope_frontocentral_beta_over_alpha_theta,exploratory,-0.03428644120514268
lab_subject_11,early_vs_late,engagement_pope_frontocentral_beta_over_alpha_theta,exploratory,-0.04214195172681884
lab_subject_11,format_x_timing,engagement_pope_frontocentral_beta_over_alpha_theta,exploratory,0.053112805499375804
lab_subject_12,any_ad_vs_no_ads,engagement_pope_frontocentral_beta_over_alpha_theta,exploratory,-0.003951223474994381
lab_subject_12,inline_vs_block,engagement_pope_frontocentral_beta_over_alpha_theta,exploratory,0.04958509608171008
lab_subject_12,early_vs_late,engagement_pope_frontocentral_beta_over_alpha_theta,exploratory,-0.050103835705662125
lab_subject_12,format_x_timing,engagement_pope_frontocentral_beta_over_alpha_theta,exploratory,0.04148790742688607
lab_subject_13,any_ad_vs_no_ads,engagement_pope_frontocentral_beta_over_alpha_theta,exploratory,0.009678882770109754
lab_subject_13,inline_vs_block,engagement_pope_frontocentral_beta_over_alpha_theta,exploratory,-0.005374285813133095
lab_subject_13,early_vs_late,engagement_pope_frontocentral_beta_over_alpha_theta,exploratory,-0.05194640087495356
lab_subject_13,format_x_timing,engagement_pope_frontocentral_beta_over_alpha_theta,exploratory,-0.03650679095383258
lab_subject_14,any_ad_vs_no_ads,engagement_pope_frontocentral_beta_over_alpha_theta,exploratory,-0.4426670494478212
lab_subject_14,inline_vs_block,engagement_pope_frontocentral_beta_over_alpha_theta,exploratory,-0.008611403107698257
lab_subject_14,early_vs_late,engagement_pope_frontocentral_beta_over_alpha_theta,exploratory,0.15755380368181393
lab_subject_14,format_x_timing,engagement_pope_frontocentral_beta_over_alpha_theta,exploratory,-0.09204704948691456
lab_subject_15,any_ad_vs_no_ads,engagement_pope_frontocentral_beta_over_alpha_theta,exploratory,0.039702984929516016
lab_subject_15,inline_vs_block,engagement_pope_frontocentral_beta_over_alpha_theta,exploratory,0.03569646261679571
lab_subject_15,early_vs_late,engagement_pope_frontocentral_beta_over_alpha_theta,exploratory,0.005626154181867737
lab_subject_15,format_x_timing,engagement_pope_frontocentral_beta_over_alpha_theta,exploratory,0.025451428098406836
lab_subject_16,any_ad_vs_no_ads,engagement_pope_frontocentral_beta_over_alpha_theta,exploratory,-0.12359354664188915
lab_subject_16,inline_vs_block,engagement_pope_frontocentral_beta_over_alpha_theta,exploratory,-0.01661945360125583
lab_subject_16,early_vs_late,engagement_pope_frontocentral_beta_over_alpha_theta,exploratory,0.1914740550158176
lab_subject_16,format_x_timing,engagement_pope_frontocentral_beta_over_alpha_theta,exploratory,0.055790267843357944
lab_subject_17,any_ad_vs_no_ads,engagement_pope_frontocentral_beta_over_alpha_theta,exploratory,0.11289308922639452
lab_subject_17,inline_vs_block,engagement_pope_frontocentral_beta_over_alpha_theta,exploratory,-0.05994427738888175
lab_subject_17,early_vs_late,engagement_pope_frontocentral_beta_over_alpha_theta,exploratory,0.13624290549970786
lab_subject_17,format_x_timing,engagement_pope_frontocentral_beta_over_alpha_theta,exploratory,-0.12814502514914639
lab_subject_18,any_ad_vs_no_ads,engagement_pope_frontocentral_beta_over_alpha_theta,exploratory,0.021281868566898843
lab_subject_18,inline_vs_block,engagement_pope_frontocentral_beta_over_alpha_theta,exploratory,0.2020740798673648
lab_subject_18,early_vs_late,engagement_pope_frontocentral_beta_over_alpha_theta,exploratory,0.10474908480775968
lab_subject_18,format_x_timing,engagement_pope_frontocentral_beta_over_alpha_theta,exploratory,0.2713119998288043
lab_subject_19,any_ad_vs_no_ads,engagement_pope_frontocentral_beta_over_alpha_theta,exploratory,-0.05918968730150287
lab_subject_19,inline_vs_block,engagement_pope_frontocentral_beta_over_alpha_theta,exploratory,0.029664587298765754
lab_subject_19,early_vs_late,engagement_pope_frontocentral_beta_over_alpha_theta,exploratory,0.002492331302462014
lab_subject_19,format_x_timing,engagement_pope_frontocentral_beta_over_alpha_theta,exploratory,-0.00011602881212174898
lab_subject_2,any_ad_vs_no_ads,engagement_pope_frontocentral_beta_over_alpha_theta,exploratory,-0.025028648922911678
lab_subject_2,inline_vs_block,engagement_pope_frontocentral_beta_over_alpha_theta,exploratory,-0.06258357808943404
lab_subject_2,early_vs_late,engagement_pope_frontocentral_beta_over_alpha_theta,exploratory,-0.007484687694317982
lab_subject_2,format_x_timing,engagement_pope_frontocentral_beta_over_alpha_theta,exploratory,0.09835364083131654
lab_subject_3,any_ad_vs_no_ads,engagement_pope_frontocentral_beta_over_alpha_theta,exploratory,-0.031694799269967766
lab_subject_3,inline_vs_block,engagement_pope_frontocentral_beta_over_alpha_theta,exploratory,0.07412937175989709
lab_subject_3,early_vs_late,engagement_pope_frontocentral_beta_over_alpha_theta,exploratory,4.960983584101353e-05
lab_subject_3,format_x_timing,engagement_pope_frontocentral_beta_over_alpha_theta,exploratory,-0.06592552812349861
lab_subject_5,any_ad_vs_no_ads,engagement_pope_frontocentral_beta_over_alpha_theta,exploratory,0.026002555342239442
lab_subject_5,inline_vs_block,engagement_pope_frontocentral_beta_over_alpha_theta,exploratory,0.03784933454767825
lab_subject_5,early_vs_late,engagement_pope_frontocentral_beta_over_alpha_theta,exploratory,-0.036321703778560865
lab_subject_5,format_x_timing,engagement_pope_frontocentral_beta_over_alpha_theta,exploratory,0.02920297887033696
lab_subject_6,any_ad_vs_no_ads,engagement_pope_frontocentral_beta_over_alpha_theta,exploratory,0.012829277825695762
lab_subject_6,inline_vs_block,engagement_pope_frontocentral_beta_over_alpha_theta,exploratory,0.03195633810104981
lab_subject_6,early_vs_late,engagement_pope_frontocentral_beta_over_alpha_theta,exploratory,-0.017726264479410836
lab_subject_6,format_x_timing,engagement_pope_frontocentral_beta_over_alpha_theta,exploratory,0.07010562133118692
lab_subject_7,any_ad_vs_no_ads,engagement_pope_frontocentral_beta_over_alpha_theta,exploratory,0.11991184884413608
lab_subject_7,inline_vs_block,engagement_pope_frontocentral_beta_over_alpha_theta,exploratory,-0.08079072997991199
lab_subject_7,early_vs_late,engagement_pope_frontocentral_beta_over_alpha_theta,exploratory,-0.06724081134869264
lab_subject_7,format_x_timing,engagement_pope_frontocentral_beta_over_alpha_theta,exploratory,-0.23848911623731706
lab_subject_8,any_ad_vs_no_ads,engagement_pope_frontocentral_beta_over_alpha_theta,exploratory,0.01127209446801869
lab_subject_8,inline_vs_block,engagement_pope_frontocentral_beta_over_alpha_theta,exploratory,-0.016019204010499388
lab_subject_8,early_vs_late,engagement_pope_frontocentral_beta_over_alpha_theta,exploratory,0.05699343498618947
lab_subject_8,format_x_timing,engagement_pope_frontocentral_beta_over_alpha_theta,exploratory,-0.08827877585421307
lab_subject_9,any_ad_vs_no_ads,engagement_pope_frontocentral_beta_over_alpha_theta,exploratory,0.2637436024333004
lab_subject_9,inline_vs_block,engagement_pope_frontocentral_beta_over_alpha_theta,exploratory,0.2335784450697369
lab_subject_9,early_vs_late,engagement_pope_frontocentral_beta_over_alpha_theta,exploratory,0.16355589603175358
lab_subject_9,format_x_timing,engagement_pope_frontocentral_beta_over_alpha_theta,exploratory,0.6012239455147206
lab_subject_1,any_ad_vs_no_ads,engagement_kislov_central_beta16_24_over_alpha8_12,exploratory,1.6524784143411264
lab_subject_1,inline_vs_block,engagement_kislov_central_beta16_24_over_alpha8_12,exploratory,-0.4491549564765336
lab_subject_1,early_vs_late,engagement_kislov_central_beta16_24_over_alpha8_12,exploratory,-0.2342557102603977
lab_subject_1,format_x_timing,engagement_kislov_central_beta16_24_over_alpha8_12,exploratory,-1.1440207750506346
lab_subject_10,any_ad_vs_no_ads,engagement_kislov_central_beta16_24_over_alpha8_12,exploratory,0.02078483762557412
lab_subject_10,inline_vs_block,engagement_kislov_central_beta16_24_over_alpha8_12,exploratory,0.041825991265472956
lab_subject_10,early_vs_late,engagement_kislov_central_beta16_24_over_alpha8_12,exploratory,0.0037039863666657735
lab_subject_10,format_x_timing,engagement_kislov_central_beta16_24_over_alpha8_12,exploratory,-0.06628518662720542
lab_subject_11,any_ad_vs_no_ads,engagement_kislov_central_beta16_24_over_alpha8_12,exploratory,0.04439437783422828
lab_subject_11,inline_vs_block,engagement_kislov_central_beta16_24_over_alpha8_12,exploratory,-0.011277376536664163
lab_subject_11,early_vs_late,engagement_kislov_central_beta16_24_over_alpha8_12,exploratory,-0.07078952946820061
lab_subject_11,format_x_timing,engagement_kislov_central_beta16_24_over_alpha8_12,exploratory,0.18449358646088776
lab_subject_12,any_ad_vs_no_ads,engagement_kislov_central_beta16_24_over_alpha8_12,exploratory,-0.07462815895323266
lab_subject_12,inline_vs_block,engagement_kislov_central_beta16_24_over_alpha8_12,exploratory,0.03143602043834537
lab_subject_12,early_vs_late,engagement_kislov_central_beta16_24_over_alpha8_12,exploratory,-0.03246764010568148
lab_subject_12,format_x_timing,engagement_kislov_central_beta16_24_over_alpha8_12,exploratory,0.014910081142556098
lab_subject_13,any_ad_vs_no_ads,engagement_kislov_central_beta16_24_over_alpha8_12,exploratory,-0.02379828552522112
lab_subject_13,inline_vs_block,engagement_kislov_central_beta16_24_over_alpha8_12,exploratory,-0.0015386086347183303
lab_subject_13,early_vs_late,engagement_kislov_central_beta16_24_over_alpha8_12,exploratory,-0.08430898047496083
lab_subject_13,format_x_timing,engagement_kislov_central_beta16_24_over_alpha8_12,exploratory,-0.13403664887929967
lab_subject_14,any_ad_vs_no_ads,engagement_kislov_central_beta16_24_over_alpha8_12,exploratory,-0.6620713597727568
lab_subject_14,inline_vs_block,engagement_kislov_central_beta16_24_over_alpha8_12,exploratory,-0.08550691373500241
lab_subject_14,early_vs_late,engagement_kislov_central_beta16_24_over_alpha8_12,exploratory,0.26572333302774065
lab_subject_14,format_x_timing,engagement_kislov_central_beta16_24_over_alpha8_12,exploratory,-0.33388065062556893
lab_subject_15,any_ad_vs_no_ads,engagement_kislov_central_beta16_24_over_alpha8_12,exploratory,0.04956480655821427
lab_subject_15,inline_vs_block,engagement_kislov_central_beta16_24_over_alpha8_12,exploratory,0.08681842524968353
lab_subject_15,early_vs_late,engagement_kislov_central_beta16_24_over_alpha8_12,exploratory,-0.044587422030611945
lab_subject_15,format_x_timing,engagement_kislov_central_beta16_24_over_alpha8_12,exploratory,-0.09928188174338426
lab_subject_16,any_ad_vs_no_ads,engagement_kislov_central_beta16_24_over_alpha8_12,exploratory,-0.06930687392491341
lab_subject_16,inline_vs_block,engagement_kislov_central_beta16_24_over_alpha8_12,exploratory,0.06150838017539062
lab_subject_16,early_vs_late,engagement_kislov_central_beta16_24_over_alpha8_12,exploratory,0.13987593411586063
lab_subject_16,format_x_timing,engagement_kislov_central_beta16_24_over_alpha8_12,exploratory,0.21194792155188447
lab_subject_17,any_ad_vs_no_ads,engagement_kislov_central_beta16_24_over_alpha8_12,exploratory,0.005385474441692795
lab_subject_17,inline_vs_block,engagement_kislov_central_beta16_24_over_alpha8_12,exploratory,0.021390447846548533
lab_subject_17,early_vs_late,engagement_kislov_central_beta16_24_over_alpha8_12,exploratory,0.0037038882179775134
lab_subject_17,format_x_timing,engagement_kislov_central_beta16_24_over_alpha8_12,exploratory,0.06193076344954074
lab_subject_18,any_ad_vs_no_ads,engagement_kislov_central_beta16_24_over_alpha8_12,exploratory,-0.03613993504024737
lab_subject_18,inline_vs_block,engagement_kislov_central_beta16_24_over_alpha8_12,exploratory,0.2561543885863997
lab_subject_18,early_vs_late,engagement_kislov_central_beta16_24_over_alpha8_12,exploratory,0.1100632604589824
lab_subject_18,format_x_timing,engagement_kislov_central_beta16_24_over_alpha8_12,exploratory,0.43329423937003475
lab_subject_19,any_ad_vs_no_ads,engagement_kislov_central_beta16_24_over_alpha8_12,exploratory,-0.2496720840733304
lab_subject_19,inline_vs_block,engagement_kislov_central_beta16_24_over_alpha8_12,exploratory,-0.0163208525198395
lab_subject_19,early_vs_late,engagement_kislov_central_beta16_24_over_alpha8_12,exploratory,0.016065496794836154
lab_subject_19,format_x_timing,engagement_kislov_central_beta16_24_over_alpha8_12,exploratory,0.3501686480329167
lab_subject_2,any_ad_vs_no_ads,engagement_kislov_central_beta16_24_over_alpha8_12,exploratory,0.005967509289429573
lab_subject_2,inline_vs_block,engagement_kislov_central_beta16_24_over_alpha8_12,exploratory,-0.11138312796430783
lab_subject_2,early_vs_late,engagement_kislov_central_beta16_24_over_alpha8_12,exploratory,-0.041677077598688106
lab_subject_2,format_x_timing,engagement_kislov_central_beta16_24_over_alpha8_12,exploratory,0.44947116115407837
lab_subject_3,any_ad_vs_no_ads,engagement_kislov_central_beta16_24_over_alpha8_12,exploratory,-0.04763313232535804
lab_subject_3,inline_vs_block,engagement_kislov_central_beta16_24_over_alpha8_12,exploratory,0.12554193534059355
lab_subject_3,early_vs_late,engagement_kislov_central_beta16_24_over_alpha8_12,exploratory,-0.12332468354911308
lab_subject_3,format_x_timing,engagement_kislov_central_beta16_24_over_alpha8_12,exploratory,-0.1644730997201691
lab_subject_5,any_ad_vs_no_ads,engagement_kislov_central_beta16_24_over_alpha8_12,exploratory,0.030674453130324353
lab_subject_5,inline_vs_block,engagement_kislov_central_beta16_24_over_alpha8_12,exploratory,0.03002176043356497
lab_subject_5,early_vs_late,engagement_kislov_central_beta16_24_over_alpha8_12,exploratory,0.007845531446615372
lab_subject_5,format_x_timing,engagement_kislov_central_beta16_24_over_alpha8_12,exploratory,0.08285792121929181
lab_subject_6,any_ad_vs_no_ads,engagement_kislov_central_beta16_24_over_alpha8_12,exploratory,0.02706115771795292
lab_subject_6,inline_vs_block,engagement_kislov_central_beta16_24_over_alpha8_12,exploratory,-0.019081435558582216
lab_subject_6,early_vs_late,engagement_kislov_central_beta16_24_over_alpha8_12,exploratory,-0.03050132687125351
lab_subject_6,format_x_timing,engagement_kislov_central_beta16_24_over_alpha8_12,exploratory,0.05153483497750644
lab_subject_7,any_ad_vs_no_ads,engagement_kislov_central_beta16_24_over_alpha8_12,exploratory,-0.6178129670240091
lab_subject_7,inline_vs_block,engagement_kislov_central_beta16_24_over_alpha8_12,exploratory,-0.11851094827121145
lab_subject_7,early_vs_late,engagement_kislov_central_beta16_24_over_alpha8_12,exploratory,-0.013756651560105082
lab_subject_7,format_x_timing,engagement_kislov_central_beta16_24_over_alpha8_12,exploratory,0.1406351968811288
lab_subject_8,any_ad_vs_no_ads,engagement_kislov_central_beta16_24_over_alpha8_12,exploratory,0.08157874921679698
lab_subject_8,inline_vs_block,engagement_kislov_central_beta16_24_over_alpha8_12,exploratory,-0.18581522226335867
lab_subject_8,early_vs_late,engagement_kislov_central_beta16_24_over_alpha8_12,exploratory,0.24737786932660466
lab_subject_8,format_x_timing,engagement_kislov_central_beta16_24_over_alpha8_12,exploratory,-0.476253851502324
lab_subject_9,any_ad_vs_no_ads,engagement_kislov_central_beta16_24_over_alpha8_12,exploratory,1.3171736243687115
lab_subject_9,inline_vs_block,engagement_kislov_central_beta16_24_over_alpha8_12,exploratory,1.3079958390060529
lab_subject_9,early_vs_late,engagement_kislov_central_beta16_24_over_alpha8_12,exploratory,0.33158368184086306
lab_subject_9,format_x_timing,engagement_kislov_central_beta16_24_over_alpha8_12,exploratory,1.3704840758581844
