subject_id,contrast_id,feature,feature_tier,difference
lab_subject_1,inline_early_vs_no_ad_early,fz_theta_power_db_uv2,primary,2.0989039325099617
lab_subject_11,inline_early_vs_no_ad_early,fz_theta_power_db_uv2,primary,1.3051453641135824
lab_subject_12,inline_early_vs_no_ad_early,fz_theta_power_db_uv2,primary,1.0344503863548802
lab_subject_13,inline_early_vs_no_ad_early,fz_theta_power_db_uv2,primary,2.133160742656154
lab_subject_14,inline_early_vs_no_ad_early,fz_theta_power_db_uv2,primary,-6.242431061834145
lab_subject_15,inline_early_vs_no_ad_early,fz_theta_power_db_uv2,primary,1.6034673191947801
lab_subject_16,inline_early_vs_no_ad_early,fz_theta_power_db_uv2,primary,-1.2297732479595465
lab_subject_17,inline_early_vs_no_ad_early,fz_theta_power_db_uv2,primary,0.11742176138991844
lab_subject_18,inline_early_vs_no_ad_early,fz_theta_power_db_uv2,primary,-2.28373989699739
lab_subject_19,inline_early_vs_no_ad_early,fz_theta_power_db_uv2,primary,-0.6787258835767078
lab_subject_2,inline_early_vs_no_ad_early,fz_theta_power_db_uv2,primary,-0.49117600878194434
lab_subject_3,inline_early_vs_no_ad_early,fz_theta_power_db_uv2,primary,1.0434406751985277
lab_subject_5,inline_early_vs_no_ad_early,fz_theta_power_db_uv2,primary,0.7555853875073355
lab_subject_6,inline_early_vs_no_ad_early,fz_theta_power_db_uv2,primary,-1.0314935448831513
lab_subject_7,inline_early_vs_no_ad_early,fz_theta_power_db_uv2,primary,1.771501216132401
lab_subject_8,inline_early_vs_no_ad_early,fz_theta_power_db_uv2,primary,0.16569005456474883
lab_subject_9,inline_early_vs_no_ad_early,fz_theta_power_db_uv2,primary,-0.4363826843485592
lab_subject_1,block_early_vs_no_ad_early,fz_theta_power_db_uv2,primary,1.3768029729311415
lab_subject_11,block_early_vs_no_ad_early,fz_theta_power_db_uv2,primary,1.3831365155160675
lab_subject_12,block_early_vs_no_ad_early,fz_theta_power_db_uv2,primary,2.903844091111681
lab_subject_13,block_early_vs_no_ad_early,fz_theta_power_db_uv2,primary,0.045938760797177736
lab_subject_14,block_early_vs_no_ad_early,fz_theta_power_db_uv2,primary,-4.867002040068828
lab_subject_15,block_early_vs_no_ad_early,fz_theta_power_db_uv2,primary,0.3449205314417094
lab_subject_16,block_early_vs_no_ad_early,fz_theta_power_db_uv2,primary,-0.18942844645057377
lab_subject_17,block_early_vs_no_ad_early,fz_theta_power_db_uv2,primary,-1.8179279664573036
lab_subject_18,block_early_vs_no_ad_early,fz_theta_power_db_uv2,primary,-1.5569663723397875
lab_subject_19,block_early_vs_no_ad_early,fz_theta_power_db_uv2,primary,-2.1008693871845354
lab_subject_2,block_early_vs_no_ad_early,fz_theta_power_db_uv2,primary,1.047119726019159
lab_subject_3,block_early_vs_no_ad_early,fz_theta_power_db_uv2,primary,2.2447973324116397
lab_subject_5,block_early_vs_no_ad_early,fz_theta_power_db_uv2,primary,0.18061742637827738
lab_subject_6,block_early_vs_no_ad_early,fz_theta_power_db_uv2,primary,-1.184544318720885
lab_subject_7,block_early_vs_no_ad_early,fz_theta_power_db_uv2,primary,1.3930523670446657
lab_subject_8,block_early_vs_no_ad_early,fz_theta_power_db_uv2,primary,2.30760826098643
lab_subject_9,block_early_vs_no_ad_early,fz_theta_power_db_uv2,primary,0.5051964136189842
lab_subject_1,inline_late_vs_no_ad_late,fz_theta_power_db_uv2,primary,0.9426402433899872
lab_subject_10,inline_late_vs_no_ad_late,fz_theta_power_db_uv2,primary,-0.3864593910572989
lab_subject_11,inline_late_vs_no_ad_late,fz_theta_power_db_uv2,primary,1.940523033114987
lab_subject_12,inline_late_vs_no_ad_late,fz_theta_power_db_uv2,primary,0.1494428975393456
lab_subject_13,inline_late_vs_no_ad_late,fz_theta_power_db_uv2,primary,1.5600155049004534
lab_subject_14,inline_late_vs_no_ad_late,fz_theta_power_db_uv2,primary,0.24213491659887554
lab_subject_15,inline_late_vs_no_ad_late,fz_theta_power_db_uv2,primary,1.7756242160341815
lab_subject_16,inline_late_vs_no_ad_late,fz_theta_power_db_uv2,primary,-0.4316146356083439
lab_subject_17,inline_late_vs_no_ad_late,fz_theta_power_db_uv2,primary,-0.2183815582440385
lab_subject_18,inline_late_vs_no_ad_late,fz_theta_power_db_uv2,primary,-0.6665231008102488
lab_subject_19,inline_late_vs_no_ad_late,fz_theta_power_db_uv2,primary,0.30390294941031293
lab_subject_2,inline_late_vs_no_ad_late,fz_theta_power_db_uv2,primary,-4.193366000243699
lab_subject_3,inline_late_vs_no_ad_late,fz_theta_power_db_uv2,primary,0.8889965763685517
lab_subject_5,inline_late_vs_no_ad_late,fz_theta_power_db_uv2,primary,-1.6862935107718728
lab_subject_6,inline_late_vs_no_ad_late,fz_theta_power_db_uv2,primary,1.9564932327755917
lab_subject_7,inline_late_vs_no_ad_late,fz_theta_power_db_uv2,primary,2.8610146323852144
lab_subject_8,inline_late_vs_no_ad_late,fz_theta_power_db_uv2,primary,0.7695453325857411
lab_subject_9,inline_late_vs_no_ad_late,fz_theta_power_db_uv2,primary,-2.316099685286173
lab_subject_1,block_late_vs_no_ad_late,fz_theta_power_db_uv2,primary,1.4058732652490953
lab_subject_10,block_late_vs_no_ad_late,fz_theta_power_db_uv2,primary,-7.0537308811073185
lab_subject_11,block_late_vs_no_ad_late,fz_theta_power_db_uv2,primary,1.2454525749361025
lab_subject_12,block_late_vs_no_ad_late,fz_theta_power_db_uv2,primary,1.416705076508772
lab_subject_13,block_late_vs_no_ad_late,fz_theta_power_db_uv2,primary,-1.4184073274887465
lab_subject_14,block_late_vs_no_ad_late,fz_theta_power_db_uv2,primary,1.2387525832341204
lab_subject_15,block_late_vs_no_ad_late,fz_theta_power_db_uv2,primary,1.3840370429402795
lab_subject_16,block_late_vs_no_ad_late,fz_theta_power_db_uv2,primary,-1.2657717711257903
lab_subject_17,block_late_vs_no_ad_late,fz_theta_power_db_uv2,primary,-1.1629234543436535
lab_subject_18,block_late_vs_no_ad_late,fz_theta_power_db_uv2,primary,2.164454439547054
lab_subject_19,block_late_vs_no_ad_late,fz_theta_power_db_uv2,primary,0.8938913874751861
lab_subject_2,block_late_vs_no_ad_late,fz_theta_power_db_uv2,primary,2.171594056928895
lab_subject_3,block_late_vs_no_ad_late,fz_theta_power_db_uv2,primary,-0.12411228197180968
lab_subject_5,block_late_vs_no_ad_late,fz_theta_power_db_uv2,primary,-0.5541593160306117
lab_subject_6,block_late_vs_no_ad_late,fz_theta_power_db_uv2,primary,2.258101751060585
lab_subject_7,block_late_vs_no_ad_late,fz_theta_power_db_uv2,primary,2.1379795474117658
lab_subject_8,block_late_vs_no_ad_late,fz_theta_power_db_uv2,primary,-0.08213642880857819
lab_subject_9,block_late_vs_no_ad_late,fz_theta_power_db_uv2,primary,-1.11796102953977
lab_subject_1,any_ad_vs_matched_no_ad,fz_theta_power_db_uv2,primary,1.4560551035200464
lab_subject_11,any_ad_vs_matched_no_ad,fz_theta_power_db_uv2,primary,1.4685643719201849
lab_subject_12,any_ad_vs_matched_no_ad,fz_theta_power_db_uv2,primary,1.3761106128786698
lab_subject_13,any_ad_vs_matched_no_ad,fz_theta_power_db_uv2,primary,0.5801769202162597
lab_subject_14,any_ad_vs_matched_no_ad,fz_theta_power_db_uv2,primary,-2.4071364005174942
lab_subject_15,any_ad_vs_matched_no_ad,fz_theta_power_db_uv2,primary,1.2770122774027377
lab_subject_16,any_ad_vs_matched_no_ad,fz_theta_power_db_uv2,primary,-0.7791470252860636
lab_subject_17,any_ad_vs_matched_no_ad,fz_theta_power_db_uv2,primary,-0.7704528044137693
lab_subject_18,any_ad_vs_matched_no_ad,fz_theta_power_db_uv2,primary,-0.5856937326500931
lab_subject_19,any_ad_vs_matched_no_ad,fz_theta_power_db_uv2,primary,-0.39545023346893604
lab_subject_2,any_ad_vs_matched_no_ad,fz_theta_power_db_uv2,primary,-0.3664570565193974
lab_subject_3,any_ad_vs_matched_no_ad,fz_theta_power_db_uv2,primary,1.0132805755017273
lab_subject_5,any_ad_vs_matched_no_ad,fz_theta_power_db_uv2,primary,-0.3260625032292179
lab_subject_6,any_ad_vs_matched_no_ad,fz_theta_power_db_uv2,primary,0.49963928005803515
lab_subject_7,any_ad_vs_matched_no_ad,fz_theta_power_db_uv2,primary,2.040886940743512
lab_subject_8,any_ad_vs_matched_no_ad,fz_theta_power_db_uv2,primary,0.7901768048320854
lab_subject_9,any_ad_vs_matched_no_ad,fz_theta_power_db_uv2,primary,-0.8413117463888795
lab_subject_1,inline_vs_block,fz_theta_power_db_uv2,primary,0.12943396885985603
lab_subject_10,inline_vs_block,fz_theta_power_db_uv2,primary,2.7624993878871815
lab_subject_11,inline_vs_block,fz_theta_power_db_uv2,primary,0.30853965338819966
lab_subject_12,inline_vs_block,fz_theta_power_db_uv2,primary,-1.5683279418631138
lab_subject_13,inline_vs_block,fz_theta_power_db_uv2,primary,2.532822407124088
lab_subject_14,inline_vs_block,fz_theta_power_db_uv2,primary,-1.1860233442002812
lab_subject_15,inline_vs_block,fz_theta_power_db_uv2,primary,0.8250669804234864
lab_subject_16,inline_vs_block,fz_theta_power_db_uv2,primary,-0.10309383299576313
lab_subject_17,inline_vs_block,fz_theta_power_db_uv2,primary,1.4399458119734185
lab_subject_18,inline_vs_block,fz_theta_power_db_uv2,primary,-1.7788755325074526
lab_subject_19,inline_vs_block,fz_theta_power_db_uv2,primary,0.4160775327714772
lab_subject_2,inline_vs_block,fz_theta_power_db_uv2,primary,-3.951627895986849
lab_subject_3,inline_vs_block,fz_theta_power_db_uv2,primary,-0.09412389943637534
lab_subject_5,inline_vs_block,fz_theta_power_db_uv2,primary,-0.2785831168061015
lab_subject_6,inline_vs_block,fz_theta_power_db_uv2,primary,-0.07427887222362983
lab_subject_7,inline_vs_block,fz_theta_power_db_uv2,primary,0.550741967030592
lab_subject_8,inline_vs_block,fz_theta_power_db_uv2,primary,-0.6451182225136809
lab_subject_9,inline_vs_block,fz_theta_power_db_uv2,primary,-1.0698588768569732
lab_subject_1,early_vs_late,fz_theta_power_db_uv2,primary,-1.1911911916780529
lab_subject_10,early_vs_late,fz_theta_power_db_uv2,primary,1.409428457827509
lab_subject_11,early_vs_late,fz_theta_power_db_uv2,primary,0.9995000997658781
lab_subject_12,early_vs_late,fz_theta_power_db_uv2,primary,1.20962232710073
lab_subject_13,early_vs_late,fz_theta_power_db_uv2,primary,-0.5610077172477466
lab_subject_14,early_vs_late,fz_theta_power_db_uv2,primary,-1.1106392208664126
lab_subject_15,early_vs_late,fz_theta_power_db_uv2,primary,0.15603762636509944
lab_subject_16,early_vs_late,fz_theta_power_db_uv2,primary,-1.4884308134240738
lab_subject_17,early_vs_late,fz_theta_power_db_uv2,primary,0.5772920403042963
lab_subject_18,early_vs_late,fz_theta_power_db_uv2,primary,-3.086762071022517
lab_subject_19,early_vs_late,fz_theta_power_db_uv2,primary,-1.2061539705987796
lab_subject_2,early_vs_late,fz_theta_power_db_uv2,primary,0.8176822946425815
lab_subject_3,early_vs_late,fz_theta_power_db_uv2,primary,1.8618252390696557
lab_subject_5,early_vs_late,fz_theta_power_db_uv2,primary,-0.16759705793770996
lab_subject_6,early_vs_late,fz_theta_power_db_uv2,primary,-2.377834427765089
lab_subject_7,early_vs_late,fz_theta_power_db_uv2,primary,1.1779298455775664
lab_subject_8,early_vs_late,fz_theta_power_db_uv2,primary,1.8624515875580667
lab_subject_9,early_vs_late,fz_theta_power_db_uv2,primary,0.1759367191671939
lab_subject_1,format_x_timing,fz_theta_power_db_uv2,primary,1.1853339814379282
lab_subject_10,format_x_timing,fz_theta_power_db_uv2,primary,-7.809544204325676
lab_subject_11,format_x_timing,fz_theta_power_db_uv2,primary,-0.7730616095813696
lab_subject_12,format_x_timing,fz_theta_power_db_uv2,primary,-0.6021315257873745
lab_subject_13,format_x_timing,fz_theta_power_db_uv2,primary,-0.8912008505302236
lab_subject_14,format_x_timing,fz_theta_power_db_uv2,primary,-0.3788113551300727
lab_subject_15,format_x_timing,fz_theta_power_db_uv2,primary,0.8669596146591687
lab_subject_16,format_x_timing,fz_theta_power_db_uv2,primary,-1.874501937026419
lab_subject_17,format_x_timing,fz_theta_power_db_uv2,primary,0.990807831747607
lab_subject_18,format_x_timing,fz_theta_power_db_uv2,primary,2.1042040156997004
lab_subject_19,format_x_timing,fz_theta_power_db_uv2,primary,2.012131941672701
lab_subject_2,format_x_timing,fz_theta_power_db_uv2,primary,4.826664322371491
lab_subject_3,format_x_timing,fz_theta_power_db_uv2,primary,-2.2144655155534734
lab_subject_5,format_x_timing,fz_theta_power_db_uv2,primary,1.7071021558703192
lab_subject_6,format_x_timing,fz_theta_power_db_uv2,primary,0.45465929212272727
lab_subject_7,format_x_timing,fz_theta_power_db_uv2,primary,-0.34458623588571324
lab_subject_8,format_x_timing,fz_theta_power_db_uv2,primary,-2.9935999678160004
lab_subject_9,format_x_timing,fz_theta_power_db_uv2,primary,0.25655955777885975
lab_subject_1,inline_early_vs_no_ad_early,posterior_alpha_power_db_uv2,primary,0.43753562278530556
lab_subject_11,inline_early_vs_no_ad_early,posterior_alpha_power_db_uv2,primary,-2.181922411391639
lab_subject_12,inline_early_vs_no_ad_early,posterior_alpha_power_db_uv2,primary,0.700409077540094
lab_subject_13,inline_early_vs_no_ad_early,posterior_alpha_power_db_uv2,primary,-5.402044110850893
lab_subject_14,inline_early_vs_no_ad_early,posterior_alpha_power_db_uv2,primary,-2.840244071701414
lab_subject_15,inline_early_vs_no_ad_early,posterior_alpha_power_db_uv2,primary,0.4466765816471451
lab_subject_16,inline_early_vs_no_ad_early,posterior_alpha_power_db_uv2,primary,0.47777324088207607
lab_subject_17,inline_early_vs_no_ad_early,posterior_alpha_power_db_uv2,primary,2.292061605093447
lab_subject_18,inline_early_vs_no_ad_early,posterior_alpha_power_db_uv2,primary,1.754190281898306
lab_subject_19,inline_early_vs_no_ad_early,posterior_alpha_power_db_uv2,primary,1.934218356532539
lab_subject_2,inline_early_vs_no_ad_early,posterior_alpha_power_db_uv2,primary,3.4429569870453474
lab_subject_3,inline_early_vs_no_ad_early,posterior_alpha_power_db_uv2,primary,3.4368542036443834
lab_subject_5,inline_early_vs_no_ad_early,posterior_alpha_power_db_uv2,primary,3.2841060889124707
lab_subject_6,inline_early_vs_no_ad_early,posterior_alpha_power_db_uv2,primary,1.5824003286186512
lab_subject_7,inline_early_vs_no_ad_early,posterior_alpha_power_db_uv2,primary,0.8063898264910603
lab_subject_8,inline_early_vs_no_ad_early,posterior_alpha_power_db_uv2,primary,0.07509663364723096
lab_subject_9,inline_early_vs_no_ad_early,posterior_alpha_power_db_uv2,primary,-0.35528442084958645
lab_subject_1,block_early_vs_no_ad_early,posterior_alpha_power_db_uv2,primary,0.5609730067683945
lab_subject_11,block_early_vs_no_ad_early,posterior_alpha_power_db_uv2,primary,-0.265453770061419
lab_subject_12,block_early_vs_no_ad_early,posterior_alpha_power_db_uv2,primary,-1.6405909935095089
lab_subject_13,block_early_vs_no_ad_early,posterior_alpha_power_db_uv2,primary,-5.966163289556244
lab_subject_14,block_early_vs_no_ad_early,posterior_alpha_power_db_uv2,primary,0.6100816458785019
lab_subject_15,block_early_vs_no_ad_early,posterior_alpha_power_db_uv2,primary,1.2695737424148106
lab_subject_16,block_early_vs_no_ad_early,posterior_alpha_power_db_uv2,primary,1.2804930778266739
lab_subject_17,block_early_vs_no_ad_early,posterior_alpha_power_db_uv2,primary,1.2410745392694569
lab_subject_18,block_early_vs_no_ad_early,posterior_alpha_power_db_uv2,primary,-0.49138651836551706
lab_subject_19,block_early_vs_no_ad_early,posterior_alpha_power_db_uv2,primary,-5.538721563385412
lab_subject_2,block_early_vs_no_ad_early,posterior_alpha_power_db_uv2,primary,0.5109906705473861
lab_subject_3,block_early_vs_no_ad_early,posterior_alpha_power_db_uv2,primary,-0.8373717202550468
lab_subject_5,block_early_vs_no_ad_early,posterior_alpha_power_db_uv2,primary,2.5984541482260477
lab_subject_6,block_early_vs_no_ad_early,posterior_alpha_power_db_uv2,primary,0.9679815430463057
lab_subject_7,block_early_vs_no_ad_early,posterior_alpha_power_db_uv2,primary,0.6665499887224788
lab_subject_8,block_early_vs_no_ad_early,posterior_alpha_power_db_uv2,primary,-0.3782501871589279
lab_subject_9,block_early_vs_no_ad_early,posterior_alpha_power_db_uv2,primary,-0.25791475531356944
lab_subject_1,inline_late_vs_no_ad_late,posterior_alpha_power_db_uv2,primary,-0.992813098500104
lab_subject_10,inline_late_vs_no_ad_late,posterior_alpha_power_db_uv2,primary,-3.0067932474618084
lab_subject_11,inline_late_vs_no_ad_late,posterior_alpha_power_db_uv2,primary,0.27813654600337756
lab_subject_12,inline_late_vs_no_ad_late,posterior_alpha_power_db_uv2,primary,-3.454111798611067
lab_subject_13,inline_late_vs_no_ad_late,posterior_alpha_power_db_uv2,primary,0.8433254252453883
lab_subject_14,inline_late_vs_no_ad_late,posterior_alpha_power_db_uv2,primary,2.490418917010862
lab_subject_15,inline_late_vs_no_ad_late,posterior_alpha_power_db_uv2,primary,0.863450173199686
lab_subject_16,inline_late_vs_no_ad_late,posterior_alpha_power_db_uv2,primary,-1.9458353301708051
lab_subject_17,inline_late_vs_no_ad_late,posterior_alpha_power_db_uv2,primary,-0.34611341759847214
lab_subject_18,inline_late_vs_no_ad_late,posterior_alpha_power_db_uv2,primary,0.22560460822716255
lab_subject_19,inline_late_vs_no_ad_late,posterior_alpha_power_db_uv2,primary,-1.9156784069970927
lab_subject_2,inline_late_vs_no_ad_late,posterior_alpha_power_db_uv2,primary,0.36124495517056676
lab_subject_3,inline_late_vs_no_ad_late,posterior_alpha_power_db_uv2,primary,-0.2086020180538446
lab_subject_5,inline_late_vs_no_ad_late,posterior_alpha_power_db_uv2,primary,-1.8070694037865014
lab_subject_6,inline_late_vs_no_ad_late,posterior_alpha_power_db_uv2,primary,-1.1381692661927243
lab_subject_7,inline_late_vs_no_ad_late,posterior_alpha_power_db_uv2,primary,-0.28673526851698705
lab_subject_8,inline_late_vs_no_ad_late,posterior_alpha_power_db_uv2,primary,-4.716147511235668
lab_subject_9,inline_late_vs_no_ad_late,posterior_alpha_power_db_uv2,primary,1.117830818100896
lab_subject_1,block_late_vs_no_ad_late,posterior_alpha_power_db_uv2,primary,-1.1453379055879598
lab_subject_10,block_late_vs_no_ad_late,posterior_alpha_power_db_uv2,primary,-2.4969146085096536
lab_subject_11,block_late_vs_no_ad_late,posterior_alpha_power_db_uv2,primary,-0.5402942489804943
lab_subject_12,block_late_vs_no_ad_late,posterior_alpha_power_db_uv2,primary,-2.0965737073101858
lab_subject_13,block_late_vs_no_ad_late,posterior_alpha_power_db_uv2,primary,-1.136873357927752
lab_subject_14,block_late_vs_no_ad_late,posterior_alpha_power_db_uv2,primary,1.3307633797703486
lab_subject_15,block_late_vs_no_ad_late,posterior_alpha_power_db_uv2,primary,1.6595805090826903
lab_subject_16,block_late_vs_no_ad_late,posterior_alpha_power_db_uv2,primary,-2.0906729489116493
lab_subject_17,block_late_vs_no_ad_late,posterior_alpha_power_db_uv2,primary,0.39967311522564897
lab_subject_18,block_late_vs_no_ad_late,posterior_alpha_power_db_uv2,primary,0.27019541036042405
lab_subject_19,block_late_vs_no_ad_late,posterior_alpha_power_db_uv2,primary,-1.4178503339037247
lab_subject_2,block_late_vs_no_ad_late,posterior_alpha_power_db_uv2,primary,-0.6546208138489096
lab_subject_3,block_late_vs_no_ad_late,posterior_alpha_power_db_uv2,primary,-2.473242620143462
lab_subject_5,block_late_vs_no_ad_late,posterior_alpha_power_db_uv2,primary,-3.5971355843089237
lab_subject_6,block_late_vs_no_ad_late,posterior_alpha_power_db_uv2,primary,-2.338039792924726
lab_subject_7,block_late_vs_no_ad_late,posterior_alpha_power_db_uv2,primary,-1.2048673688102371
lab_subject_8,block_late_vs_no_ad_late,posterior_alpha_power_db_uv2,primary,-2.2842882144772814
lab_subject_9,block_late_vs_no_ad_late,posterior_alpha_power_db_uv2,primary,0.4094527901959433
lab_subject_1,any_ad_vs_matched_no_ad,posterior_alpha_power_db_uv2,primary,-0.28491059363359095
lab_subject_11,any_ad_vs_matched_no_ad,posterior_alpha_power_db_uv2,primary,-0.6773834711075437
lab_subject_12,any_ad_vs_matched_no_ad,posterior_alpha_power_db_uv2,primary,-1.622716855472667
lab_subject_13,any_ad_vs_matched_no_ad,posterior_alpha_power_db_uv2,primary,-2.915438833272375
lab_subject_14,any_ad_vs_matched_no_ad,posterior_alpha_power_db_uv2,primary,0.39775496773957464
lab_subject_15,any_ad_vs_matched_no_ad,posterior_alpha_power_db_uv2,primary,1.059820251586083
lab_subject_16,any_ad_vs_matched_no_ad,posterior_alpha_power_db_uv2,primary,-0.5695604900934261
lab_subject_17,any_ad_vs_matched_no_ad,posterior_alpha_power_db_uv2,primary,0.8966739604975201
lab_subject_18,any_ad_vs_matched_no_ad,posterior_alpha_power_db_uv2,primary,0.4396509455300939
lab_subject_19,any_ad_vs_matched_no_ad,posterior_alpha_power_db_uv2,primary,-1.7345079869384226
lab_subject_2,any_ad_vs_matched_no_ad,posterior_alpha_power_db_uv2,primary,0.9151429497285977
lab_subject_3,any_ad_vs_matched_no_ad,posterior_alpha_power_db_uv2,primary,-0.020590538701992456
lab_subject_5,any_ad_vs_matched_no_ad,posterior_alpha_power_db_uv2,primary,0.11958881226077334
lab_subject_6,any_ad_vs_matched_no_ad,posterior_alpha_power_db_uv2,primary,-0.23145679686312337
lab_subject_7,any_ad_vs_matched_no_ad,posterior_alpha_power_db_uv2,primary,-0.004665705528421271
lab_subject_8,any_ad_vs_matched_no_ad,posterior_alpha_power_db_uv2,primary,-1.8258973198061617
lab_subject_9,any_ad_vs_matched_no_ad,posterior_alpha_power_db_uv2,primary,0.22852110803342085
lab_subject_1,inline_vs_block,posterior_alpha_power_db_uv2,primary,0.014543711552383431
lab_subject_10,inline_vs_block,posterior_alpha_power_db_uv2,primary,-0.4884502292430777
lab_subject_11,inline_vs_block,posterior_alpha_power_db_uv2,primary,-0.5490189231731741
lab_subject_12,inline_vs_block,posterior_alpha_power_db_uv2,primary,0.4917309898743607
lab_subject_13,inline_vs_block,posterior_alpha_power_db_uv2,primary,1.2721589809392457
lab_subject_14,inline_vs_block,posterior_alpha_power_db_uv2,primary,-1.1453350901697013
lab_subject_15,inline_vs_block,posterior_alpha_power_db_uv2,primary,-0.809513748325335
lab_subject_16,inline_vs_block,posterior_alpha_power_db_uv2,primary,-0.3289411091018768
lab_subject_17,inline_vs_block,posterior_alpha_power_db_uv2,primary,0.1526002664999344
lab_subject_18,inline_vs_block,posterior_alpha_power_db_uv2,primary,1.1004929990652808
lab_subject_19,inline_vs_block,posterior_alpha_power_db_uv2,primary,3.4875559234122915
lab_subject_2,inline_vs_block,posterior_alpha_power_db_uv2,primary,1.9739160427587188
lab_subject_3,inline_vs_block,posterior_alpha_power_db_uv2,primary,3.2694332629945237
lab_subject_5,inline_vs_block,posterior_alpha_power_db_uv2,primary,1.2378590606044226
lab_subject_6,inline_vs_block,posterior_alpha_power_db_uv2,primary,0.9071446561521737
lab_subject_7,inline_vs_block,posterior_alpha_power_db_uv2,primary,0.5289859690309158
lab_subject_8,inline_vs_block,posterior_alpha_power_db_uv2,primary,-0.9892562379761141
lab_subject_9,inline_vs_block,posterior_alpha_power_db_uv2,primary,0.30550418118446787
lab_subject_1,early_vs_late,posterior_alpha_power_db_uv2,primary,0.6902014405063412
lab_subject_10,early_vs_late,posterior_alpha_power_db_uv2,primary,1.7971098073338534
lab_subject_11,early_vs_late,posterior_alpha_power_db_uv2,primary,1.1590552044974678
lab_subject_12,early_vs_late,posterior_alpha_power_db_uv2,primary,1.3010887064702343
lab_subject_13,early_vs_late,posterior_alpha_power_db_uv2,primary,0.2596343514972077
lab_subject_14,early_vs_late,posterior_alpha_power_db_uv2,primary,-0.8263421138237748
lab_subject_15,early_vs_late,posterior_alpha_power_db_uv2,primary,-0.8985475105888441
lab_subject_16,early_vs_late,posterior_alpha_power_db_uv2,primary,0.43720707638420864
lab_subject_17,early_vs_late,posterior_alpha_power_db_uv2,primary,2.6976790971950435
lab_subject_18,early_vs_late,posterior_alpha_power_db_uv2,primary,-0.4520280217812549
lab_subject_19,early_vs_late,posterior_alpha_power_db_uv2,primary,0.25108508812110353
lab_subject_2,early_vs_late,posterior_alpha_power_db_uv2,primary,2.280512659517099
lab_subject_3,early_vs_late,posterior_alpha_power_db_uv2,primary,1.2604244665842947
lab_subject_5,early_vs_late,posterior_alpha_power_db_uv2,primary,1.5541560624988153
lab_subject_6,early_vs_late,posterior_alpha_power_db_uv2,primary,-1.1881253840677428
lab_subject_7,early_vs_late,posterior_alpha_power_db_uv2,primary,1.3714863901224483
lab_subject_8,early_vs_late,posterior_alpha_power_db_uv2,primary,2.277791308371516
lab_subject_9,early_vs_late,posterior_alpha_power_db_uv2,primary,-0.6284908777689826
lab_subject_1,format_x_timing,posterior_alpha_power_db_uv2,primary,-0.27596219107094466
lab_subject_10,format_x_timing,posterior_alpha_power_db_uv2,primary,0.042856819418154224
lab_subject_11,format_x_timing,posterior_alpha_power_db_uv2,primary,-2.734899436314092
lab_subject_12,format_x_timing,posterior_alpha_power_db_uv2,primary,3.6985381623504843
lab_subject_13,format_x_timing,posterior_alpha_power_db_uv2,primary,-1.416079604467789
lab_subject_14,format_x_timing,posterior_alpha_power_db_uv2,primary,-4.609981254820429
lab_subject_15,format_x_timing,posterior_alpha_power_db_uv2,primary,-0.0267668248846612
lab_subject_16,format_x_timing,posterior_alpha_power_db_uv2,primary,-0.947557455685442
lab_subject_17,format_x_timing,posterior_alpha_power_db_uv2,primary,1.796773598648111
lab_subject_18,format_x_timing,posterior_alpha_power_db_uv2,primary,2.2901676023970845
lab_subject_19,format_x_timing,posterior_alpha_power_db_uv2,primary,7.970767993011319
lab_subject_2,format_x_timing,posterior_alpha_power_db_uv2,primary,1.916100547478485
lab_subject_3,format_x_timing,posterior_alpha_power_db_uv2,primary,2.009585321809813
lab_subject_5,format_x_timing,posterior_alpha_power_db_uv2,primary,-1.1044142398359993
lab_subject_6,format_x_timing,posterior_alpha_power_db_uv2,primary,-0.5854517411596563
lab_subject_7,format_x_timing,posterior_alpha_power_db_uv2,primary,-0.7782922625246687
lab_subject_8,format_x_timing,posterior_alpha_power_db_uv2,primary,2.885206117564546
lab_subject_9,format_x_timing,posterior_alpha_power_db_uv2,primary,-0.8057476934409697
lab_subject_1,inline_early_vs_no_ad_early,theta_power_db_uv2,secondary_global,2.706545047111752
lab_subject_11,inline_early_vs_no_ad_early,theta_power_db_uv2,secondary_global,0.5277221636458016
lab_subject_12,inline_early_vs_no_ad_early,theta_power_db_uv2,secondary_global,1.1050438987346887
lab_subject_13,inline_early_vs_no_ad_early,theta_power_db_uv2,secondary_global,-0.9968565623845906
lab_subject_14,inline_early_vs_no_ad_early,theta_power_db_uv2,secondary_global,-5.077310578048299
lab_subject_15,inline_early_vs_no_ad_early,theta_power_db_uv2,secondary_global,-1.8834014470180005
lab_subject_16,inline_early_vs_no_ad_early,theta_power_db_uv2,secondary_global,-1.8691744572715425
lab_subject_17,inline_early_vs_no_ad_early,theta_power_db_uv2,secondary_global,1.3568674105734084
lab_subject_18,inline_early_vs_no_ad_early,theta_power_db_uv2,secondary_global,0.8206684651225098
lab_subject_19,inline_early_vs_no_ad_early,theta_power_db_uv2,secondary_global,-0.2396026306122092
lab_subject_2,inline_early_vs_no_ad_early,theta_power_db_uv2,secondary_global,0.8606894939660048
lab_subject_3,inline_early_vs_no_ad_early,theta_power_db_uv2,secondary_global,2.5381870627191603
lab_subject_5,inline_early_vs_no_ad_early,theta_power_db_uv2,secondary_global,3.173888676499528
lab_subject_6,inline_early_vs_no_ad_early,theta_power_db_uv2,secondary_global,1.6031484903994526
lab_subject_7,inline_early_vs_no_ad_early,theta_power_db_uv2,secondary_global,0.030302963793152227
lab_subject_8,inline_early_vs_no_ad_early,theta_power_db_uv2,secondary_global,0.027728283091788875
lab_subject_9,inline_early_vs_no_ad_early,theta_power_db_uv2,secondary_global,1.4495035158777734
lab_subject_1,block_early_vs_no_ad_early,theta_power_db_uv2,secondary_global,4.906938789516776
lab_subject_11,block_early_vs_no_ad_early,theta_power_db_uv2,secondary_global,0.7937183517838404
lab_subject_12,block_early_vs_no_ad_early,theta_power_db_uv2,secondary_global,2.855934947480174
lab_subject_13,block_early_vs_no_ad_early,theta_power_db_uv2,secondary_global,-1.6540210784167106
lab_subject_14,block_early_vs_no_ad_early,theta_power_db_uv2,secondary_global,-3.4211067653187532
lab_subject_15,block_early_vs_no_ad_early,theta_power_db_uv2,secondary_global,2.1529690704907436
lab_subject_16,block_early_vs_no_ad_early,theta_power_db_uv2,secondary_global,1.9856747397353605
lab_subject_17,block_early_vs_no_ad_early,theta_power_db_uv2,secondary_global,0.18408180323391932
lab_subject_18,block_early_vs_no_ad_early,theta_power_db_uv2,secondary_global,0.4087774584744892
lab_subject_19,block_early_vs_no_ad_early,theta_power_db_uv2,secondary_global,-2.255873606524135
lab_subject_2,block_early_vs_no_ad_early,theta_power_db_uv2,secondary_global,0.36413154496591815
lab_subject_3,block_early_vs_no_ad_early,theta_power_db_uv2,secondary_global,5.390204576536159
lab_subject_5,block_early_vs_no_ad_early,theta_power_db_uv2,secondary_global,1.6769428465029836
lab_subject_6,block_early_vs_no_ad_early,theta_power_db_uv2,secondary_global,-0.24083283285924484
lab_subject_7,block_early_vs_no_ad_early,theta_power_db_uv2,secondary_global,1.6619328593400629
lab_subject_8,block_early_vs_no_ad_early,theta_power_db_uv2,secondary_global,0.8978608626309654
lab_subject_9,block_early_vs_no_ad_early,theta_power_db_uv2,secondary_global,0.02682433809083662
lab_subject_1,inline_late_vs_no_ad_late,theta_power_db_uv2,secondary_global,1.0202238916608906
lab_subject_10,inline_late_vs_no_ad_late,theta_power_db_uv2,secondary_global,-6.503464259594756
lab_subject_11,inline_late_vs_no_ad_late,theta_power_db_uv2,secondary_global,-0.11873644739528189
lab_subject_12,inline_late_vs_no_ad_late,theta_power_db_uv2,secondary_global,0.28701460512362775
lab_subject_13,inline_late_vs_no_ad_late,theta_power_db_uv2,secondary_global,2.0090670670549056
lab_subject_14,inline_late_vs_no_ad_late,theta_power_db_uv2,secondary_global,3.3092811667914166
lab_subject_15,inline_late_vs_no_ad_late,theta_power_db_uv2,secondary_global,-1.8904243700819148
lab_subject_16,inline_late_vs_no_ad_late,theta_power_db_uv2,secondary_global,-3.121651394147489
lab_subject_17,inline_late_vs_no_ad_late,theta_power_db_uv2,secondary_global,-2.6018931604912376
lab_subject_18,inline_late_vs_no_ad_late,theta_power_db_uv2,secondary_global,1.684059597342542
lab_subject_19,inline_late_vs_no_ad_late,theta_power_db_uv2,secondary_global,2.1154842681686663
lab_subject_2,inline_late_vs_no_ad_late,theta_power_db_uv2,secondary_global,-1.154091155249188
lab_subject_3,inline_late_vs_no_ad_late,theta_power_db_uv2,secondary_global,2.496415962525157
lab_subject_5,inline_late_vs_no_ad_late,theta_power_db_uv2,secondary_global,-1.329139461219646
lab_subject_6,inline_late_vs_no_ad_late,theta_power_db_uv2,secondary_global,-0.9120437773916148
lab_subject_7,inline_late_vs_no_ad_late,theta_power_db_uv2,secondary_global,1.7213518462103647
lab_subject_8,inline_late_vs_no_ad_late,theta_power_db_uv2,secondary_global,2.5365611628933253
lab_subject_9,inline_late_vs_no_ad_late,theta_power_db_uv2,secondary_global,2.890511913365229
lab_subject_1,block_late_vs_no_ad_late,theta_power_db_uv2,secondary_global,4.650669370184394
lab_subject_10,block_late_vs_no_ad_late,theta_power_db_uv2,secondary_global,-4.350379384887388
lab_subject_11,block_late_vs_no_ad_late,theta_power_db_uv2,secondary_global,-0.6174198242126581
lab_subject_12,block_late_vs_no_ad_late,theta_power_db_uv2,secondary_global,0.7589615203767401
lab_subject_13,block_late_vs_no_ad_late,theta_power_db_uv2,secondary_global,2.5291115542950298
lab_subject_14,block_late_vs_no_ad_late,theta_power_db_uv2,secondary_global,4.342208632985178
lab_subject_15,block_late_vs_no_ad_late,theta_power_db_uv2,secondary_global,0.5367592551041005
lab_subject_16,block_late_vs_no_ad_late,theta_power_db_uv2,secondary_global,-2.5288316244775233
lab_subject_17,block_late_vs_no_ad_late,theta_power_db_uv2,secondary_global,-2.725842744819321
lab_subject_18,block_late_vs_no_ad_late,theta_power_db_uv2,secondary_global,1.673114002504768
lab_subject_19,block_late_vs_no_ad_late,theta_power_db_uv2,secondary_global,-0.19423584332915667
lab_subject_2,block_late_vs_no_ad_late,theta_power_db_uv2,secondary_global,1.6050097962991021
lab_subject_3,block_late_vs_no_ad_late,theta_power_db_uv2,secondary_global,-0.8130613582119333
lab_subject_5,block_late_vs_no_ad_late,theta_power_db_uv2,secondary_global,-5.272403864408323
lab_subject_6,block_late_vs_no_ad_late,theta_power_db_uv2,secondary_global,1.5013234052453726
lab_subject_7,block_late_vs_no_ad_late,theta_power_db_uv2,secondary_global,3.3165581845234073
lab_subject_8,block_late_vs_no_ad_late,theta_power_db_uv2,secondary_global,-0.38720362666915076
lab_subject_9,block_late_vs_no_ad_late,theta_power_db_uv2,secondary_global,0.725086278999969
lab_subject_1,any_ad_vs_matched_no_ad,theta_power_db_uv2,secondary_global,3.321094274618453
lab_subject_11,any_ad_vs_matched_no_ad,theta_power_db_uv2,secondary_global,0.14632106095542552
lab_subject_12,any_ad_vs_matched_no_ad,theta_power_db_uv2,secondary_global,1.2517387429288076
lab_subject_13,any_ad_vs_matched_no_ad,theta_power_db_uv2,secondary_global,0.4718252451371585
lab_subject_14,any_ad_vs_matched_no_ad,theta_power_db_uv2,secondary_global,-0.21173188589761427
lab_subject_15,any_ad_vs_matched_no_ad,theta_power_db_uv2,secondary_global,-0.2710243728762678
lab_subject_16,any_ad_vs_matched_no_ad,theta_power_db_uv2,secondary_global,-1.3834956840402985
lab_subject_17,any_ad_vs_matched_no_ad,theta_power_db_uv2,secondary_global,-0.9466966728758077
lab_subject_18,any_ad_vs_matched_no_ad,theta_power_db_uv2,secondary_global,1.1466548808610773
lab_subject_19,any_ad_vs_matched_no_ad,theta_power_db_uv2,secondary_global,-0.14355695307420868
lab_subject_2,any_ad_vs_matched_no_ad,theta_power_db_uv2,secondary_global,0.4189349199954593
lab_subject_3,any_ad_vs_matched_no_ad,theta_power_db_uv2,secondary_global,2.402936560892136
lab_subject_5,any_ad_vs_matched_no_ad,theta_power_db_uv2,secondary_global,-0.4376779506563644
lab_subject_6,any_ad_vs_matched_no_ad,theta_power_db_uv2,secondary_global,0.4878988213484914
lab_subject_7,any_ad_vs_matched_no_ad,theta_power_db_uv2,secondary_global,1.6825364634667468
lab_subject_8,any_ad_vs_matched_no_ad,theta_power_db_uv2,secondary_global,0.7687366704867322
lab_subject_9,any_ad_vs_matched_no_ad,theta_power_db_uv2,secondary_global,1.272981511583452
lab_subject_1,inline_vs_block,theta_power_db_uv2,secondary_global,-2.9154196104642636
lab_subject_10,inline_vs_block,theta_power_db_uv2,secondary_global,0.05905238936632351
lab_subject_11,inline_vs_block,theta_power_db_uv2,secondary_global,0.11634359433966868
lab_subject_12,inline_vs_block,theta_power_db_uv2,secondary_global,-1.1114189819992988
lab_subject_13,inline_vs_block,theta_power_db_uv2,secondary_global,0.0685600143959979
lab_subject_14,inline_vs_block,theta_power_db_uv2,secondary_global,-1.3445656394616536
lab_subject_15,inline_vs_block,theta_power_db_uv2,secondary_global,-3.2317770713473797
lab_subject_16,inline_vs_block,theta_power_db_uv2,secondary_global,-2.2238344833384343
lab_subject_17,inline_vs_block,theta_power_db_uv2,secondary_global,0.6483675958337862
lab_subject_18,inline_vs_block,theta_power_db_uv2,secondary_global,0.21141830074289736
lab_subject_19,inline_vs_block,theta_power_db_uv2,secondary_global,2.1629955437048745
lab_subject_2,inline_vs_block,theta_power_db_uv2,secondary_global,-1.1312715012741017
lab_subject_3,inline_vs_block,theta_power_db_uv2,secondary_global,0.22872990346004585
lab_subject_5,inline_vs_block,theta_power_db_uv2,secondary_global,2.720105116592611
lab_subject_6,inline_vs_block,theta_power_db_uv2,secondary_global,-0.28469292968914495
lab_subject_7,inline_vs_block,theta_power_db_uv2,secondary_global,-1.6134181169299766
lab_subject_8,inline_vs_block,theta_power_db_uv2,secondary_global,1.0268161050116498
lab_subject_9,inline_vs_block,theta_power_db_uv2,secondary_global,1.7940524060760983
lab_subject_1,early_vs_late,theta_power_db_uv2,secondary_global,1.0391733417989832
lab_subject_10,early_vs_late,theta_power_db_uv2,secondary_global,1.7687228966513482
lab_subject_11,early_vs_late,theta_power_db_uv2,secondary_global,0.4452003786294547
lab_subject_12,early_vs_late,theta_power_db_uv2,secondary_global,-0.020117714901336736
lab_subject_13,early_vs_late,theta_power_db_uv2,secondary_global,-1.5214233997568858
lab_subject_14,early_vs_late,theta_power_db_uv2,secondary_global,0.04098372661295091
lab_subject_15,early_vs_late,theta_power_db_uv2,secondary_global,-2.161288452597451
lab_subject_16,early_vs_late,theta_power_db_uv2,secondary_global,-0.11098695117000723
lab_subject_17,early_vs_late,theta_power_db_uv2,secondary_global,1.1693652191237014
lab_subject_18,early_vs_late,theta_power_db_uv2,secondary_global,-1.3054843648219405
lab_subject_19,early_vs_late,theta_power_db_uv2,secondary_global,-1.6582247611032832
lab_subject_2,early_vs_late,theta_power_db_uv2,secondary_global,1.4635402516750733
lab_subject_3,early_vs_late,theta_power_db_uv2,secondary_global,0.12259474763712319
lab_subject_5,early_vs_late,theta_power_db_uv2,secondary_global,1.638351242463735
lab_subject_6,early_vs_late,theta_power_db_uv2,secondary_global,0.2952570786297546
lab_subject_7,early_vs_late,theta_power_db_uv2,secondary_global,2.921082107220238
lab_subject_8,early_vs_late,theta_power_db_uv2,secondary_global,-0.018686566779600344
lab_subject_9,early_vs_late,theta_power_db_uv2,secondary_global,2.7224109134090164
lab_subject_1,format_x_timing,theta_power_db_uv2,secondary_global,1.4300517361184797
lab_subject_10,format_x_timing,theta_power_db_uv2,secondary_global,4.424274528147382
lab_subject_11,format_x_timing,theta_power_db_uv2,secondary_global,-0.764679564955415
lab_subject_12,format_x_timing,theta_power_db_uv2,secondary_global,-1.2789441334923728
lab_subject_13,format_x_timing,theta_power_db_uv2,secondary_global,1.1772090032722442
lab_subject_14,format_x_timing,theta_power_db_uv2,secondary_global,-0.6232763465357838
lab_subject_15,format_x_timing,theta_power_db_uv2,secondary_global,-1.6091868923227288
lab_subject_16,format_x_timing,theta_power_db_uv2,secondary_global,-3.2620294273369375
lab_subject_17,format_x_timing,theta_power_db_uv2,secondary_global,1.0488360230114058
lab_subject_18,format_x_timing,theta_power_db_uv2,secondary_global,0.40094541181024645
lab_subject_19,format_x_timing,theta_power_db_uv2,secondary_global,-0.293449135585897
lab_subject_2,format_x_timing,theta_power_db_uv2,secondary_global,3.2556589005483767
lab_subject_3,format_x_timing,theta_power_db_uv2,secondary_global,-6.161494834554089
lab_subject_5,format_x_timing,theta_power_db_uv2,secondary_global,-2.4463185731921326
lab_subject_6,format_x_timing,theta_power_db_uv2,secondary_global,4.257348505895685
lab_subject_7,format_x_timing,theta_power_db_uv2,secondary_global,-0.03642355723386803
lab_subject_8,format_x_timing,theta_power_db_uv2,secondary_global,-3.7938973691016527
lab_subject_9,format_x_timing,theta_power_db_uv2,secondary_global,-0.742746456578323
lab_subject_1,inline_early_vs_no_ad_early,alpha_power_db_uv2,secondary_global,0.36811831273469053
lab_subject_11,inline_early_vs_no_ad_early,alpha_power_db_uv2,secondary_global,-2.1661830305383685
lab_subject_12,inline_early_vs_no_ad_early,alpha_power_db_uv2,secondary_global,0.13803675300623475
lab_subject_13,inline_early_vs_no_ad_early,alpha_power_db_uv2,secondary_global,-1.517681897753787
lab_subject_14,inline_early_vs_no_ad_early,alpha_power_db_uv2,secondary_global,-7.00329252263827
lab_subject_15,inline_early_vs_no_ad_early,alpha_power_db_uv2,secondary_global,-0.4770220620994501
lab_subject_16,inline_early_vs_no_ad_early,alpha_power_db_uv2,secondary_global,-1.4863112338907483
lab_subject_17,inline_early_vs_no_ad_early,alpha_power_db_uv2,secondary_global,1.579624744515769
lab_subject_18,inline_early_vs_no_ad_early,alpha_power_db_uv2,secondary_global,1.848840871273135
lab_subject_19,inline_early_vs_no_ad_early,alpha_power_db_uv2,secondary_global,0.22360901268994926
lab_subject_2,inline_early_vs_no_ad_early,alpha_power_db_uv2,secondary_global,1.818481763703904
lab_subject_3,inline_early_vs_no_ad_early,alpha_power_db_uv2,secondary_global,3.7696973548221453
lab_subject_5,inline_early_vs_no_ad_early,alpha_power_db_uv2,secondary_global,2.6298569780645886
lab_subject_6,inline_early_vs_no_ad_early,alpha_power_db_uv2,secondary_global,1.6371257282177183
lab_subject_7,inline_early_vs_no_ad_early,alpha_power_db_uv2,secondary_global,-1.184957319511971
lab_subject_8,inline_early_vs_no_ad_early,alpha_power_db_uv2,secondary_global,-0.016884318191256575
lab_subject_9,inline_early_vs_no_ad_early,alpha_power_db_uv2,secondary_global,1.2192784620793589
lab_subject_1,block_early_vs_no_ad_early,alpha_power_db_uv2,secondary_global,0.46650211962355304
lab_subject_11,block_early_vs_no_ad_early,alpha_power_db_uv2,secondary_global,-2.1104761684967297
lab_subject_12,block_early_vs_no_ad_early,alpha_power_db_uv2,secondary_global,-0.44588992783555703
lab_subject_13,block_early_vs_no_ad_early,alpha_power_db_uv2,secondary_global,-2.0257749600519426
lab_subject_14,block_early_vs_no_ad_early,alpha_power_db_uv2,secondary_global,-4.559426093532235
lab_subject_15,block_early_vs_no_ad_early,alpha_power_db_uv2,secondary_global,0.4433748903454795
lab_subject_16,block_early_vs_no_ad_early,alpha_power_db_uv2,secondary_global,-0.24502448966621682
lab_subject_17,block_early_vs_no_ad_early,alpha_power_db_uv2,secondary_global,0.09480353589623203
lab_subject_18,block_early_vs_no_ad_early,alpha_power_db_uv2,secondary_global,0.8793980197913065
lab_subject_19,block_early_vs_no_ad_early,alpha_power_db_uv2,secondary_global,-5.7882827043034455
lab_subject_2,block_early_vs_no_ad_early,alpha_power_db_uv2,secondary_global,0.08586333822031733
lab_subject_3,block_early_vs_no_ad_early,alpha_power_db_uv2,secondary_global,1.2758912060532879
lab_subject_5,block_early_vs_no_ad_early,alpha_power_db_uv2,secondary_global,2.8354651998459666
lab_subject_6,block_early_vs_no_ad_early,alpha_power_db_uv2,secondary_global,0.9249812292838024
lab_subject_7,block_early_vs_no_ad_early,alpha_power_db_uv2,secondary_global,-0.4659997000926124
lab_subject_8,block_early_vs_no_ad_early,alpha_power_db_uv2,secondary_global,-0.12601681433573564
lab_subject_9,block_early_vs_no_ad_early,alpha_power_db_uv2,secondary_global,0.4028693516865465
lab_subject_1,inline_late_vs_no_ad_late,alpha_power_db_uv2,secondary_global,-2.2776993577320974
lab_subject_10,inline_late_vs_no_ad_late,alpha_power_db_uv2,secondary_global,-2.8132563088142435
lab_subject_11,inline_late_vs_no_ad_late,alpha_power_db_uv2,secondary_global,-0.32597041391794335
lab_subject_12,inline_late_vs_no_ad_late,alpha_power_db_uv2,secondary_global,-1.5795089844932972
lab_subject_13,inline_late_vs_no_ad_late,alpha_power_db_uv2,secondary_global,-0.7982265845582508
lab_subject_14,inline_late_vs_no_ad_late,alpha_power_db_uv2,secondary_global,3.995869831700767
lab_subject_15,inline_late_vs_no_ad_late,alpha_power_db_uv2,secondary_global,0.0021978727348026528
lab_subject_16,inline_late_vs_no_ad_late,alpha_power_db_uv2,secondary_global,-1.5857298567382996
lab_subject_17,inline_late_vs_no_ad_late,alpha_power_db_uv2,secondary_global,-0.2041519281190718
lab_subject_18,inline_late_vs_no_ad_late,alpha_power_db_uv2,secondary_global,1.230076001705807
lab_subject_19,inline_late_vs_no_ad_late,alpha_power_db_uv2,secondary_global,-1.5151724787156589
lab_subject_2,inline_late_vs_no_ad_late,alpha_power_db_uv2,secondary_global,2.1022280405168514
lab_subject_3,inline_late_vs_no_ad_late,alpha_power_db_uv2,secondary_global,1.9925561189644725
lab_subject_5,inline_late_vs_no_ad_late,alpha_power_db_uv2,secondary_global,-0.6629615960404909
lab_subject_6,inline_late_vs_no_ad_late,alpha_power_db_uv2,secondary_global,-1.8121538689903303
lab_subject_7,inline_late_vs_no_ad_late,alpha_power_db_uv2,secondary_global,-0.7120846372129694
lab_subject_8,inline_late_vs_no_ad_late,alpha_power_db_uv2,secondary_global,-5.051675201603552
lab_subject_9,inline_late_vs_no_ad_late,alpha_power_db_uv2,secondary_global,1.910616853046342
lab_subject_1,block_late_vs_no_ad_late,alpha_power_db_uv2,secondary_global,0.03524557519709859
lab_subject_10,block_late_vs_no_ad_late,alpha_power_db_uv2,secondary_global,-2.6204962917747885
lab_subject_11,block_late_vs_no_ad_late,alpha_power_db_uv2,secondary_global,-0.755476634429951
lab_subject_12,block_late_vs_no_ad_late,alpha_power_db_uv2,secondary_global,-2.7511446354337767
lab_subject_13,block_late_vs_no_ad_late,alpha_power_db_uv2,secondary_global,-1.2082082335340636
lab_subject_14,block_late_vs_no_ad_late,alpha_power_db_uv2,secondary_global,4.20713334896468
lab_subject_15,block_late_vs_no_ad_late,alpha_power_db_uv2,secondary_global,2.2215091282598416
lab_subject_16,block_late_vs_no_ad_late,alpha_power_db_uv2,secondary_global,-4.217436006253414
lab_subject_17,block_late_vs_no_ad_late,alpha_power_db_uv2,secondary_global,-0.9391135500601395
lab_subject_18,block_late_vs_no_ad_late,alpha_power_db_uv2,secondary_global,-0.3407989922089021
lab_subject_19,block_late_vs_no_ad_late,alpha_power_db_uv2,secondary_global,-1.7314059311058605
lab_subject_2,block_late_vs_no_ad_late,alpha_power_db_uv2,secondary_global,3.246058576201955
lab_subject_3,block_late_vs_no_ad_late,alpha_power_db_uv2,secondary_global,-0.09502028933956552
lab_subject_5,block_late_vs_no_ad_late,alpha_power_db_uv2,secondary_global,-2.580556380782143
lab_subject_6,block_late_vs_no_ad_late,alpha_power_db_uv2,secondary_global,-1.446650248098138
lab_subject_7,block_late_vs_no_ad_late,alpha_power_db_uv2,secondary_global,0.1808099663305791
lab_subject_8,block_late_vs_no_ad_late,alpha_power_db_uv2,secondary_global,-2.707719845769419
lab_subject_9,block_late_vs_no_ad_late,alpha_power_db_uv2,secondary_global,-0.6520900240802563
lab_subject_1,any_ad_vs_matched_no_ad,alpha_power_db_uv2,secondary_global,-0.3519583375441888
lab_subject_11,any_ad_vs_matched_no_ad,alpha_power_db_uv2,secondary_global,-1.3395265618457481
lab_subject_12,any_ad_vs_matched_no_ad,alpha_power_db_uv2,secondary_global,-1.159626698689099
lab_subject_13,any_ad_vs_matched_no_ad,alpha_power_db_uv2,secondary_global,-1.387472918974511
lab_subject_14,any_ad_vs_matched_no_ad,alpha_power_db_uv2,secondary_global,-0.8399288588762643
lab_subject_15,any_ad_vs_matched_no_ad,alpha_power_db_uv2,secondary_global,0.5475149573101683
lab_subject_16,any_ad_vs_matched_no_ad,alpha_power_db_uv2,secondary_global,-1.8836253966371697
lab_subject_17,any_ad_vs_matched_no_ad,alpha_power_db_uv2,secondary_global,0.13279070055819742
lab_subject_18,any_ad_vs_matched_no_ad,alpha_power_db_uv2,secondary_global,0.9043789751403366
lab_subject_19,any_ad_vs_matched_no_ad,alpha_power_db_uv2,secondary_global,-2.202813025358754
lab_subject_2,any_ad_vs_matched_no_ad,alpha_power_db_uv2,secondary_global,1.813157929660757
lab_subject_3,any_ad_vs_matched_no_ad,alpha_power_db_uv2,secondary_global,1.7357810976250851
lab_subject_5,any_ad_vs_matched_no_ad,alpha_power_db_uv2,secondary_global,0.5554510502719804
lab_subject_6,any_ad_vs_matched_no_ad,alpha_power_db_uv2,secondary_global,-0.1741742898967369
lab_subject_7,any_ad_vs_matched_no_ad,alpha_power_db_uv2,secondary_global,-0.5455579226217434
lab_subject_8,any_ad_vs_matched_no_ad,alpha_power_db_uv2,secondary_global,-1.9755740449749908
lab_subject_9,any_ad_vs_matched_no_ad,alpha_power_db_uv2,secondary_global,0.7201686606829978
lab_subject_1,inline_vs_block,alpha_power_db_uv2,secondary_global,-1.2056643699090293
lab_subject_10,inline_vs_block,alpha_power_db_uv2,secondary_global,-0.3024317607447098
lab_subject_11,inline_vs_block,alpha_power_db_uv2,secondary_global,0.18689967923518447
lab_subject_12,inline_vs_block,alpha_power_db_uv2,secondary_global,0.8777811658911356
lab_subject_13,inline_vs_block,alpha_power_db_uv2,secondary_global,0.4590373556369842
lab_subject_14,inline_vs_block,alpha_power_db_uv2,secondary_global,-1.3275649731849741
lab_subject_15,inline_vs_block,alpha_power_db_uv2,secondary_global,-1.569854103984984
lab_subject_16,inline_vs_block,alpha_power_db_uv2,secondary_global,0.6952097026452915
lab_subject_17,inline_vs_block,alpha_power_db_uv2,secondary_global,1.1098914152803023
lab_subject_18,inline_vs_block,alpha_power_db_uv2,secondary_global,1.2701589226982688
lab_subject_19,inline_vs_block,alpha_power_db_uv2,secondary_global,3.114062584691798
lab_subject_2,inline_vs_block,alpha_power_db_uv2,secondary_global,0.2943939448992414
lab_subject_3,inline_vs_block,alpha_power_db_uv2,secondary_global,2.2906912785364475
lab_subject_5,inline_vs_block,alpha_power_db_uv2,secondary_global,0.855993281480137
lab_subject_6,inline_vs_block,alpha_power_db_uv2,secondary_global,0.1733204390208618
lab_subject_7,inline_vs_block,alpha_power_db_uv2,secondary_global,-0.8059261114814535
lab_subject_8,inline_vs_block,alpha_power_db_uv2,secondary_global,-1.117411429844827
lab_subject_9,inline_vs_block,alpha_power_db_uv2,secondary_global,1.6895579937597054
lab_subject_1,early_vs_late,alpha_power_db_uv2,secondary_global,1.0849686855570848
lab_subject_10,early_vs_late,alpha_power_db_uv2,secondary_global,0.2335053653112591
lab_subject_11,early_vs_late,alpha_power_db_uv2,secondary_global,1.1131290769428257
lab_subject_12,early_vs_late,alpha_power_db_uv2,secondary_global,1.3692834837918144
lab_subject_13,early_vs_late,alpha_power_db_uv2,secondary_global,0.4155353980821239
lab_subject_14,early_vs_late,alpha_power_db_uv2,secondary_global,-0.8781745311652025
lab_subject_15,early_vs_late,alpha_power_db_uv2,secondary_global,-2.641876005595821
lab_subject_16,early_vs_late,alpha_power_db_uv2,secondary_global,1.1500710123998115
lab_subject_17,early_vs_late,alpha_power_db_uv2,secondary_global,1.193461209216688
lab_subject_18,early_vs_late,alpha_power_db_uv2,secondary_global,-0.2765570187332358
lab_subject_19,early_vs_late,alpha_power_db_uv2,secondary_global,-0.5708511561659262
lab_subject_2,early_vs_late,alpha_power_db_uv2,secondary_global,1.8482253851084072
lab_subject_3,early_vs_late,alpha_power_db_uv2,secondary_global,0.3046772515515961
lab_subject_5,early_vs_late,alpha_power_db_uv2,secondary_global,1.5405331772397022
lab_subject_6,early_vs_late,alpha_power_db_uv2,secondary_global,-1.0202816572456843
lab_subject_7,early_vs_late,alpha_power_db_uv2,secondary_global,0.6610673720849338
lab_subject_8,early_vs_late,alpha_power_db_uv2,secondary_global,2.3667731734433595
lab_subject_9,early_vs_late,alpha_power_db_uv2,secondary_global,-0.3180697234466976
lab_subject_1,format_x_timing,alpha_power_db_uv2,secondary_global,2.2145611260403335
lab_subject_10,format_x_timing,alpha_power_db_uv2,secondary_global,-0.21934348741050957
lab_subject_11,format_x_timing,alpha_power_db_uv2,secondary_global,-0.4852130825536465
lab_subject_12,format_x_timing,alpha_power_db_uv2,secondary_global,-0.5877089700986877
lab_subject_13,format_x_timing,alpha_power_db_uv2,secondary_global,0.09811141332234286
lab_subject_14,format_x_timing,alpha_power_db_uv2,secondary_global,-2.2326029118421227
lab_subject_15,format_x_timing,alpha_power_db_uv2,secondary_global,1.2989143030801096
lab_subject_16,format_x_timing,alpha_power_db_uv2,secondary_global,-3.872992893739646
lab_subject_17,format_x_timing,alpha_power_db_uv2,secondary_global,0.7498595866784692
lab_subject_18,format_x_timing,alpha_power_db_uv2,secondary_global,-0.6014321424328806
lab_subject_19,format_x_timing,alpha_power_db_uv2,secondary_global,5.795658264603193
lab_subject_2,format_x_timing,alpha_power_db_uv2,secondary_global,2.8764489611686903
lab_subject_3,format_x_timing,alpha_power_db_uv2,secondary_global,0.4062297404648194
lab_subject_5,format_x_timing,alpha_power_db_uv2,secondary_global,-2.12320300652303
lab_subject_6,format_x_timing,alpha_power_db_uv2,secondary_global,1.077648119826108
lab_subject_7,format_x_timing,alpha_power_db_uv2,secondary_global,0.17393698412419
lab_subject_8,format_x_timing,alpha_power_db_uv2,secondary_global,2.453087851978612
lab_subject_9,format_x_timing,alpha_power_db_uv2,secondary_global,-1.746297766733786
lab_subject_1,inline_early_vs_no_ad_early,beta_power_db_uv2,secondary,-0.2669896034818695
lab_subject_11,inline_early_vs_no_ad_early,beta_power_db_uv2,secondary,1.3078710510567237
lab_subject_12,inline_early_vs_no_ad_early,beta_power_db_uv2,secondary,1.5979529326442705
lab_subject_13,inline_early_vs_no_ad_early,beta_power_db_uv2,secondary,-3.643056286204593
lab_subject_14,inline_early_vs_no_ad_early,beta_power_db_uv2,secondary,-18.668529700585673
lab_subject_15,inline_early_vs_no_ad_early,beta_power_db_uv2,secondary,-0.9996032279801126
lab_subject_16,inline_early_vs_no_ad_early,beta_power_db_uv2,secondary,-0.9935144306534163
lab_subject_17,inline_early_vs_no_ad_early,beta_power_db_uv2,secondary,1.9322606408672636
lab_subject_18,inline_early_vs_no_ad_early,beta_power_db_uv2,secondary,-1.66268072539307
lab_subject_19,inline_early_vs_no_ad_early,beta_power_db_uv2,secondary,-1.6684594955803886
lab_subject_2,inline_early_vs_no_ad_early,beta_power_db_uv2,secondary,7.658578199102914
lab_subject_3,inline_early_vs_no_ad_early,beta_power_db_uv2,secondary,0.37910949339254074
lab_subject_5,inline_early_vs_no_ad_early,beta_power_db_uv2,secondary,-2.3658600043887983
lab_subject_6,inline_early_vs_no_ad_early,beta_power_db_uv2,secondary,0.4126970015733997
lab_subject_7,inline_early_vs_no_ad_early,beta_power_db_uv2,secondary,-0.05251849983342183
lab_subject_8,inline_early_vs_no_ad_early,beta_power_db_uv2,secondary,-0.4727500772161193
lab_subject_9,inline_early_vs_no_ad_early,beta_power_db_uv2,secondary,0.08715881369924894
lab_subject_1,block_early_vs_no_ad_early,beta_power_db_uv2,secondary,0.3451012326925511
lab_subject_11,block_early_vs_no_ad_early,beta_power_db_uv2,secondary,0.5109727470554049
lab_subject_12,block_early_vs_no_ad_early,beta_power_db_uv2,secondary,1.5307046641770263
lab_subject_13,block_early_vs_no_ad_early,beta_power_db_uv2,secondary,-3.973775063361396
lab_subject_14,block_early_vs_no_ad_early,beta_power_db_uv2,secondary,-16.314463175056936
lab_subject_15,block_early_vs_no_ad_early,beta_power_db_uv2,secondary,-1.1474062518393775
lab_subject_16,block_early_vs_no_ad_early,beta_power_db_uv2,secondary,-0.2349323480546417
lab_subject_17,block_early_vs_no_ad_early,beta_power_db_uv2,secondary,1.3103761390375475
lab_subject_18,block_early_vs_no_ad_early,beta_power_db_uv2,secondary,-1.3256583740511232
lab_subject_19,block_early_vs_no_ad_early,beta_power_db_uv2,secondary,-1.9428694091189573
lab_subject_2,block_early_vs_no_ad_early,beta_power_db_uv2,secondary,-2.3015088846363607
lab_subject_3,block_early_vs_no_ad_early,beta_power_db_uv2,secondary,-1.6998925213459541
lab_subject_5,block_early_vs_no_ad_early,beta_power_db_uv2,secondary,-0.1883677905499832
lab_subject_6,block_early_vs_no_ad_early,beta_power_db_uv2,secondary,0.3213849395440187
lab_subject_7,block_early_vs_no_ad_early,beta_power_db_uv2,secondary,-0.7169592984987982
lab_subject_8,block_early_vs_no_ad_early,beta_power_db_uv2,secondary,-1.3345742910324248
lab_subject_9,block_early_vs_no_ad_early,beta_power_db_uv2,secondary,0.8813452494874969
lab_subject_1,inline_late_vs_no_ad_late,beta_power_db_uv2,secondary,-5.342078561695284
lab_subject_10,inline_late_vs_no_ad_late,beta_power_db_uv2,secondary,-1.8823541355662305
lab_subject_11,inline_late_vs_no_ad_late,beta_power_db_uv2,secondary,-0.5971514844367425
lab_subject_12,inline_late_vs_no_ad_late,beta_power_db_uv2,secondary,-0.5880517230301612
lab_subject_13,inline_late_vs_no_ad_late,beta_power_db_uv2,secondary,-0.7953617687876777
lab_subject_14,inline_late_vs_no_ad_late,beta_power_db_uv2,secondary,1.8984376868094808
lab_subject_15,inline_late_vs_no_ad_late,beta_power_db_uv2,secondary,-2.1303534477213373
lab_subject_16,inline_late_vs_no_ad_late,beta_power_db_uv2,secondary,-0.26656209640798956
lab_subject_17,inline_late_vs_no_ad_late,beta_power_db_uv2,secondary,-0.19958687996830804
lab_subject_18,inline_late_vs_no_ad_late,beta_power_db_uv2,secondary,0.5145064948573008
lab_subject_19,inline_late_vs_no_ad_late,beta_power_db_uv2,secondary,-0.29968068452565877
lab_subject_2,inline_late_vs_no_ad_late,beta_power_db_uv2,secondary,2.048142219757006
lab_subject_3,inline_late_vs_no_ad_late,beta_power_db_uv2,secondary,1.6392072824905526
lab_subject_5,inline_late_vs_no_ad_late,beta_power_db_uv2,secondary,-0.4537864899870563
lab_subject_6,inline_late_vs_no_ad_late,beta_power_db_uv2,secondary,0.1018078206404276
lab_subject_7,inline_late_vs_no_ad_late,beta_power_db_uv2,secondary,0.15722228242779668
lab_subject_8,inline_late_vs_no_ad_late,beta_power_db_uv2,secondary,-1.7783926271832247
lab_subject_9,inline_late_vs_no_ad_late,beta_power_db_uv2,secondary,4.5390940645745985
lab_subject_1,block_late_vs_no_ad_late,beta_power_db_uv2,secondary,0.7231451363716372
lab_subject_10,block_late_vs_no_ad_late,beta_power_db_uv2,secondary,-1.242786913995853
lab_subject_11,block_late_vs_no_ad_late,beta_power_db_uv2,secondary,-0.3070057271667377
lab_subject_12,block_late_vs_no_ad_late,beta_power_db_uv2,secondary,-2.21230256376875
lab_subject_13,block_late_vs_no_ad_late,beta_power_db_uv2,secondary,-0.7383761699824545
lab_subject_14,block_late_vs_no_ad_late,beta_power_db_uv2,secondary,1.2692747323101825
lab_subject_15,block_late_vs_no_ad_late,beta_power_db_uv2,secondary,5.11817589487265
lab_subject_16,block_late_vs_no_ad_late,beta_power_db_uv2,secondary,-6.446527706352578
lab_subject_17,block_late_vs_no_ad_late,beta_power_db_uv2,secondary,1.2162005409020766
lab_subject_18,block_late_vs_no_ad_late,beta_power_db_uv2,secondary,-4.978317214462415
lab_subject_19,block_late_vs_no_ad_late,beta_power_db_uv2,secondary,-1.2574622516935454
lab_subject_2,block_late_vs_no_ad_late,beta_power_db_uv2,secondary,2.2174246742290062
lab_subject_3,block_late_vs_no_ad_late,beta_power_db_uv2,secondary,-4.136266731309659
lab_subject_5,block_late_vs_no_ad_late,beta_power_db_uv2,secondary,0.25311999788121664
lab_subject_6,block_late_vs_no_ad_late,beta_power_db_uv2,secondary,0.2839620075025904
lab_subject_7,block_late_vs_no_ad_late,beta_power_db_uv2,secondary,0.36298460070775107
lab_subject_8,block_late_vs_no_ad_late,beta_power_db_uv2,secondary,-1.2184616914253983
lab_subject_9,block_late_vs_no_ad_late,beta_power_db_uv2,secondary,-0.057742302949890245
lab_subject_1,any_ad_vs_matched_no_ad,beta_power_db_uv2,secondary,-1.1352054490282413
lab_subject_11,any_ad_vs_matched_no_ad,beta_power_db_uv2,secondary,0.2286716466271621
lab_subject_12,any_ad_vs_matched_no_ad,beta_power_db_uv2,secondary,0.08207582750559639
lab_subject_13,any_ad_vs_matched_no_ad,beta_power_db_uv2,secondary,-2.2876423220840305
lab_subject_14,any_ad_vs_matched_no_ad,beta_power_db_uv2,secondary,-7.953820114130737
lab_subject_15,any_ad_vs_matched_no_ad,beta_power_db_uv2,secondary,0.21020324183295558
lab_subject_16,any_ad_vs_matched_no_ad,beta_power_db_uv2,secondary,-1.9853841453671563
lab_subject_17,any_ad_vs_matched_no_ad,beta_power_db_uv2,secondary,1.064812610209645
lab_subject_18,any_ad_vs_matched_no_ad,beta_power_db_uv2,secondary,-1.8630374547623267
lab_subject_19,any_ad_vs_matched_no_ad,beta_power_db_uv2,secondary,-1.2921179602296375
lab_subject_2,any_ad_vs_matched_no_ad,beta_power_db_uv2,secondary,2.4056590521131413
lab_subject_3,any_ad_vs_matched_no_ad,beta_power_db_uv2,secondary,-0.95446061919313
lab_subject_5,any_ad_vs_matched_no_ad,beta_power_db_uv2,secondary,-0.6887235717611553
lab_subject_6,any_ad_vs_matched_no_ad,beta_power_db_uv2,secondary,0.2799629423151091
lab_subject_7,any_ad_vs_matched_no_ad,beta_power_db_uv2,secondary,-0.06231772879916808
lab_subject_8,any_ad_vs_matched_no_ad,beta_power_db_uv2,secondary,-1.2010446717142917
lab_subject_9,any_ad_vs_matched_no_ad,beta_power_db_uv2,secondary,1.3624639562028635
lab_subject_1,inline_vs_block,beta_power_db_uv2,secondary,-3.338657267120671
lab_subject_10,inline_vs_block,beta_power_db_uv2,secondary,1.0195952411870626
lab_subject_11,inline_vs_block,beta_power_db_uv2,secondary,0.25337627336565705
lab_subject_12,inline_vs_block,beta_power_db_uv2,secondary,0.8457495546029166
lab_subject_13,inline_vs_block,beta_power_db_uv2,secondary,0.13686658917578987
lab_subject_14,inline_vs_block,beta_power_db_uv2,secondary,-0.8624517855147174
lab_subject_15,inline_vs_block,beta_power_db_uv2,secondary,-3.550363159367361
lab_subject_16,inline_vs_block,beta_power_db_uv2,secondary,2.710691763672907
lab_subject_17,inline_vs_block,beta_power_db_uv2,secondary,-0.3969514595203343
lab_subject_18,inline_vs_block,beta_power_db_uv2,secondary,2.577900678988884
lab_subject_19,inline_vs_block,beta_power_db_uv2,secondary,0.6160957403532277
lab_subject_2,inline_vs_block,beta_power_db_uv2,secondary,4.895402314633637
lab_subject_3,inline_vs_block,beta_power_db_uv2,secondary,3.9272380142693533
lab_subject_5,inline_vs_block,beta_power_db_uv2,secondary,-1.442199350853544
lab_subject_6,inline_vs_block,beta_power_db_uv2,secondary,-0.04542106241639088
lab_subject_7,inline_vs_block,beta_power_db_uv2,secondary,0.229339240192711
lab_subject_8,inline_vs_block,beta_power_db_uv2,secondary,0.15094663902923955
lab_subject_9,inline_vs_block,beta_power_db_uv2,secondary,1.9013249658681204
lab_subject_1,early_vs_late,beta_power_db_uv2,secondary,2.7845277943479934
lab_subject_10,early_vs_late,beta_power_db_uv2,secondary,2.2356003401288835
lab_subject_11,early_vs_late,beta_power_db_uv2,secondary,2.2128896722432514
lab_subject_12,early_vs_late,beta_power_db_uv2,secondary,1.4555022648625413
lab_subject_13,early_vs_late,beta_power_db_uv2,secondary,0.4525894899014964
lab_subject_14,early_vs_late,beta_power_db_uv2,secondary,-1.8807497881332624
lab_subject_15,early_vs_late,beta_power_db_uv2,secondary,-4.2267842940982465
lab_subject_16,early_vs_late,beta_power_db_uv2,secondary,3.0111087717748735
lab_subject_17,early_vs_late,beta_power_db_uv2,secondary,0.1611998153546086
lab_subject_18,early_vs_late,beta_power_db_uv2,secondary,-0.9209096556055067
lab_subject_19,early_vs_late,beta_power_db_uv2,secondary,-0.7412433372092937
lab_subject_2,early_vs_late,beta_power_db_uv2,secondary,2.6387679123381176
lab_subject_3,early_vs_late,beta_power_db_uv2,secondary,0.6329673511487299
lab_subject_5,early_vs_late,beta_power_db_uv2,secondary,-1.4256260156589535
lab_subject_6,early_vs_late,beta_power_db_uv2,secondary,-1.2857665908096476
lab_subject_7,early_vs_late,beta_power_db_uv2,secondary,-0.2145114848305396
lab_subject_8,early_vs_late,beta_power_db_uv2,secondary,0.6881167403563548
lab_subject_9,early_vs_late,beta_power_db_uv2,secondary,-1.9480616534386463
lab_subject_1,format_x_timing,beta_power_db_uv2,secondary,5.453132861892501
lab_subject_10,format_x_timing,beta_power_db_uv2,secondary,3.3183249255148803
lab_subject_11,format_x_timing,beta_power_db_uv2,secondary,1.0870440612713237
lab_subject_12,format_x_timing,beta_power_db_uv2,secondary,-1.5570025722713448
lab_subject_13,format_x_timing,beta_power_db_uv2,secondary,0.3877043759620262
lab_subject_14,format_x_timing,beta_power_db_uv2,secondary,-2.9832294800280312
lab_subject_15,format_x_timing,beta_power_db_uv2,secondary,7.396332366453252
lab_subject_16,format_x_timing,beta_power_db_uv2,secondary,-6.938547692543363
lab_subject_17,format_x_timing,beta_power_db_uv2,secondary,2.037671922700101
lab_subject_18,format_x_timing,beta_power_db_uv2,secondary,-5.829846060661662
lab_subject_19,format_x_timing,beta_power_db_uv2,secondary,-0.683371653629318
lab_subject_2,format_x_timing,beta_power_db_uv2,secondary,10.129369538211275
lab_subject_3,format_x_timing,beta_power_db_uv2,secondary,-3.6964719990617168
lab_subject_5,format_x_timing,beta_power_db_uv2,secondary,-1.4705857259705422
lab_subject_6,format_x_timing,beta_power_db_uv2,secondary,0.2734662488915438
lab_subject_7,format_x_timing,beta_power_db_uv2,secondary,0.8702031169453308
lab_subject_8,format_x_timing,beta_power_db_uv2,secondary,1.4217551495741318
lab_subject_9,format_x_timing,beta_power_db_uv2,secondary,-5.391022803312737
lab_subject_1,inline_early_vs_no_ad_early,faa_log_f4_minus_f3,secondary,0.04156209364027319
lab_subject_11,inline_early_vs_no_ad_early,faa_log_f4_minus_f3,secondary,0.45309444406969845
lab_subject_12,inline_early_vs_no_ad_early,faa_log_f4_minus_f3,secondary,-0.22150938026691946
lab_subject_13,inline_early_vs_no_ad_early,faa_log_f4_minus_f3,secondary,-0.33320073004714246
lab_subject_14,inline_early_vs_no_ad_early,faa_log_f4_minus_f3,secondary,0.4281839470635802
lab_subject_15,inline_early_vs_no_ad_early,faa_log_f4_minus_f3,secondary,-1.0078242408389144
lab_subject_16,inline_early_vs_no_ad_early,faa_log_f4_minus_f3,secondary,0.10155199987879371
lab_subject_17,inline_early_vs_no_ad_early,faa_log_f4_minus_f3,secondary,0.07629923180480347
lab_subject_18,inline_early_vs_no_ad_early,faa_log_f4_minus_f3,secondary,-0.6618728425637954
lab_subject_19,inline_early_vs_no_ad_early,faa_log_f4_minus_f3,secondary,-0.08458766426620912
lab_subject_2,inline_early_vs_no_ad_early,faa_log_f4_minus_f3,secondary,-0.5497566170560653
lab_subject_3,inline_early_vs_no_ad_early,faa_log_f4_minus_f3,secondary,-0.15651551521235163
lab_subject_5,inline_early_vs_no_ad_early,faa_log_f4_minus_f3,secondary,1.1564407108580532
lab_subject_6,inline_early_vs_no_ad_early,faa_log_f4_minus_f3,secondary,-0.2815201674491128
lab_subject_7,inline_early_vs_no_ad_early,faa_log_f4_minus_f3,secondary,-0.046255338940646595
lab_subject_8,inline_early_vs_no_ad_early,faa_log_f4_minus_f3,secondary,0.2126082904351918
lab_subject_9,inline_early_vs_no_ad_early,faa_log_f4_minus_f3,secondary,0.8959967746123354
lab_subject_1,block_early_vs_no_ad_early,faa_log_f4_minus_f3,secondary,0.5995126939359388
lab_subject_11,block_early_vs_no_ad_early,faa_log_f4_minus_f3,secondary,0.1975333593890234
lab_subject_12,block_early_vs_no_ad_early,faa_log_f4_minus_f3,secondary,0.16381044224084818
lab_subject_13,block_early_vs_no_ad_early,faa_log_f4_minus_f3,secondary,0.07933938158022968
lab_subject_14,block_early_vs_no_ad_early,faa_log_f4_minus_f3,secondary,0.03536495039842791
lab_subject_15,block_early_vs_no_ad_early,faa_log_f4_minus_f3,secondary,-0.09379070230447795
lab_subject_16,block_early_vs_no_ad_early,faa_log_f4_minus_f3,secondary,-0.243635830253222
lab_subject_17,block_early_vs_no_ad_early,faa_log_f4_minus_f3,secondary,0.37256258928387354
lab_subject_18,block_early_vs_no_ad_early,faa_log_f4_minus_f3,secondary,-0.1042629869940832
lab_subject_19,block_early_vs_no_ad_early,faa_log_f4_minus_f3,secondary,0.030825955336389654
lab_subject_2,block_early_vs_no_ad_early,faa_log_f4_minus_f3,secondary,-0.37677506013578466
lab_subject_3,block_early_vs_no_ad_early,faa_log_f4_minus_f3,secondary,0.7563660600259041
lab_subject_5,block_early_vs_no_ad_early,faa_log_f4_minus_f3,secondary,0.805294001832916
lab_subject_6,block_early_vs_no_ad_early,faa_log_f4_minus_f3,secondary,-0.5432918048417186
lab_subject_7,block_early_vs_no_ad_early,faa_log_f4_minus_f3,secondary,0.30579594722788883
lab_subject_8,block_early_vs_no_ad_early,faa_log_f4_minus_f3,secondary,-1.281945836486802
lab_subject_9,block_early_vs_no_ad_early,faa_log_f4_minus_f3,secondary,-0.3769517241250533
lab_subject_1,inline_late_vs_no_ad_late,faa_log_f4_minus_f3,secondary,-0.6094185313715954
lab_subject_10,inline_late_vs_no_ad_late,faa_log_f4_minus_f3,secondary,-0.2121875238124069
lab_subject_11,inline_late_vs_no_ad_late,faa_log_f4_minus_f3,secondary,-1.0524436669581014
lab_subject_12,inline_late_vs_no_ad_late,faa_log_f4_minus_f3,secondary,0.33563807963935943
lab_subject_13,inline_late_vs_no_ad_late,faa_log_f4_minus_f3,secondary,0.6112711265606734
lab_subject_14,inline_late_vs_no_ad_late,faa_log_f4_minus_f3,secondary,-0.08136992652218922
lab_subject_15,inline_late_vs_no_ad_late,faa_log_f4_minus_f3,secondary,-0.8395510738782157
lab_subject_16,inline_late_vs_no_ad_late,faa_log_f4_minus_f3,secondary,-0.17036424182327892
lab_subject_17,inline_late_vs_no_ad_late,faa_log_f4_minus_f3,secondary,0.44119272682937094
lab_subject_18,inline_late_vs_no_ad_late,faa_log_f4_minus_f3,secondary,0.9661188519324995
lab_subject_19,inline_late_vs_no_ad_late,faa_log_f4_minus_f3,secondary,0.08171666142692757
lab_subject_2,inline_late_vs_no_ad_late,faa_log_f4_minus_f3,secondary,-0.6536377651431025
lab_subject_3,inline_late_vs_no_ad_late,faa_log_f4_minus_f3,secondary,-0.07115498664791886
lab_subject_5,inline_late_vs_no_ad_late,faa_log_f4_minus_f3,secondary,0.15074985546619857
lab_subject_6,inline_late_vs_no_ad_late,faa_log_f4_minus_f3,secondary,-0.365770936784255
lab_subject_7,inline_late_vs_no_ad_late,faa_log_f4_minus_f3,secondary,-0.23792943711793768
lab_subject_8,inline_late_vs_no_ad_late,faa_log_f4_minus_f3,secondary,1.1671184525408833
lab_subject_9,inline_late_vs_no_ad_late,faa_log_f4_minus_f3,secondary,0.21413687369069834
lab_subject_1,block_late_vs_no_ad_late,faa_log_f4_minus_f3,secondary,-0.6136161068780126
lab_subject_10,block_late_vs_no_ad_late,faa_log_f4_minus_f3,secondary,-0.03566873054870712
lab_subject_11,block_late_vs_no_ad_late,faa_log_f4_minus_f3,secondary,-0.8873915493520244
lab_subject_12,block_late_vs_no_ad_late,faa_log_f4_minus_f3,secondary,0.1413248264880238
lab_subject_13,block_late_vs_no_ad_late,faa_log_f4_minus_f3,secondary,0.5831914784497556
lab_subject_14,block_late_vs_no_ad_late,faa_log_f4_minus_f3,secondary,-0.10064856100268571
lab_subject_15,block_late_vs_no_ad_late,faa_log_f4_minus_f3,secondary,-0.7346826926966443
lab_subject_16,block_late_vs_no_ad_late,faa_log_f4_minus_f3,secondary,1.2156978759924257
lab_subject_17,block_late_vs_no_ad_late,faa_log_f4_minus_f3,secondary,0.0392642761967501
lab_subject_18,block_late_vs_no_ad_late,faa_log_f4_minus_f3,secondary,0.5646822175401063
lab_subject_19,block_late_vs_no_ad_late,faa_log_f4_minus_f3,secondary,-0.7034569286243162
lab_subject_2,block_late_vs_no_ad_late,faa_log_f4_minus_f3,secondary,-0.06316755213513758
lab_subject_3,block_late_vs_no_ad_late,faa_log_f4_minus_f3,secondary,-0.0989083518483369
lab_subject_5,block_late_vs_no_ad_late,faa_log_f4_minus_f3,secondary,-0.3433568447514972
lab_subject_6,block_late_vs_no_ad_late,faa_log_f4_minus_f3,secondary,-0.1256071456554757
lab_subject_7,block_late_vs_no_ad_late,faa_log_f4_minus_f3,secondary,0.22484023116540186
lab_subject_8,block_late_vs_no_ad_late,faa_log_f4_minus_f3,secondary,0.19033291784947437
lab_subject_9,block_late_vs_no_ad_late,faa_log_f4_minus_f3,secondary,-0.5167515660346247
lab_subject_1,any_ad_vs_matched_no_ad,faa_log_f4_minus_f3,secondary,-0.14548996266834902
lab_subject_11,any_ad_vs_matched_no_ad,faa_log_f4_minus_f3,secondary,-0.322301853212851
lab_subject_12,any_ad_vs_matched_no_ad,faa_log_f4_minus_f3,secondary,0.10481599202532799
lab_subject_13,any_ad_vs_matched_no_ad,faa_log_f4_minus_f3,secondary,0.23515031413587906
lab_subject_14,any_ad_vs_matched_no_ad,faa_log_f4_minus_f3,secondary,0.0703826024842833
lab_subject_15,any_ad_vs_matched_no_ad,faa_log_f4_minus_f3,secondary,-0.6689621774295631
lab_subject_16,any_ad_vs_matched_no_ad,faa_log_f4_minus_f3,secondary,0.22581245094867963
lab_subject_17,any_ad_vs_matched_no_ad,faa_log_f4_minus_f3,secondary,0.2323297060286995
lab_subject_18,any_ad_vs_matched_no_ad,faa_log_f4_minus_f3,secondary,0.19116630997868178
lab_subject_19,any_ad_vs_matched_no_ad,faa_log_f4_minus_f3,secondary,-0.16887549403180202
lab_subject_2,any_ad_vs_matched_no_ad,faa_log_f4_minus_f3,secondary,-0.4108342486175225
lab_subject_3,any_ad_vs_matched_no_ad,faa_log_f4_minus_f3,secondary,0.10744680157932418
lab_subject_5,any_ad_vs_matched_no_ad,faa_log_f4_minus_f3,secondary,0.44228193085141765
lab_subject_6,any_ad_vs_matched_no_ad,faa_log_f4_minus_f3,secondary,-0.3290475136826405
lab_subject_7,any_ad_vs_matched_no_ad,faa_log_f4_minus_f3,secondary,0.061612850583676604
lab_subject_8,any_ad_vs_matched_no_ad,faa_log_f4_minus_f3,secondary,0.07202845608468689
lab_subject_9,any_ad_vs_matched_no_ad,faa_log_f4_minus_f3,secondary,0.05410758953583894
lab_subject_1,inline_vs_block,faa_log_f4_minus_f3,secondary,-0.2768765123946242
lab_subject_10,inline_vs_block,faa_log_f4_minus_f3,secondary,0.12853010974278156
lab_subject_11,inline_vs_block,faa_log_f4_minus_f3,secondary,0.045254483537298995
lab_subject_12,inline_vs_block,faa_log_f4_minus_f3,secondary,-0.095503284678216
lab_subject_13,inline_vs_block,faa_log_f4_minus_f3,secondary,-0.19223023175822718
lab_subject_14,inline_vs_block,faa_log_f4_minus_f3,secondary,0.2060488155728244
lab_subject_15,inline_vs_block,faa_log_f4_minus_f3,secondary,-0.5094509598580039
lab_subject_16,inline_vs_block,faa_log_f4_minus_f3,secondary,-0.5204371438418445
lab_subject_17,inline_vs_block,faa_log_f4_minus_f3,secondary,0.052832546576775385
lab_subject_18,inline_vs_block,faa_log_f4_minus_f3,secondary,-0.07808661058865951
lab_subject_19,inline_vs_block,faa_log_f4_minus_f3,secondary,0.3348799852243225
lab_subject_2,inline_vs_block,faa_log_f4_minus_f3,secondary,-0.38172588496412274
lab_subject_3,inline_vs_block,faa_log_f4_minus_f3,secondary,-0.44256410501891885
lab_subject_5,inline_vs_block,faa_log_f4_minus_f3,secondary,0.4226267046214165
lab_subject_6,inline_vs_block,faa_log_f4_minus_f3,secondary,0.010803923131913251
lab_subject_7,inline_vs_block,faa_log_f4_minus_f3,secondary,-0.4074104772259375
lab_subject_8,inline_vs_block,faa_log_f4_minus_f3,secondary,1.2356698308067013
lab_subject_9,inline_vs_block,faa_log_f4_minus_f3,secondary,1.0019184692313559
lab_subject_1,early_vs_late,faa_log_f4_minus_f3,secondary,-0.11293652675607824
lab_subject_10,early_vs_late,faa_log_f4_minus_f3,secondary,-0.7389595548515349
lab_subject_11,early_vs_late,faa_log_f4_minus_f3,secondary,0.48699320451930106
lab_subject_12,early_vs_late,faa_log_f4_minus_f3,secondary,0.32863596050830424
lab_subject_13,early_vs_late,faa_log_f4_minus_f3,secondary,-0.6780021452268521
lab_subject_14,early_vs_late,faa_log_f4_minus_f3,secondary,0.010917509587315521
lab_subject_15,early_vs_late,faa_log_f4_minus_f3,secondary,-0.2180818021947708
lab_subject_16,early_vs_late,faa_log_f4_minus_f3,secondary,-0.6561783836758064
lab_subject_17,early_vs_late,faa_log_f4_minus_f3,secondary,-0.18651170084578972
lab_subject_18,early_vs_late,faa_log_f4_minus_f3,secondary,-0.22832995786475152
lab_subject_19,early_vs_late,faa_log_f4_minus_f3,secondary,0.19638695320430344
lab_subject_2,early_vs_late,faa_log_f4_minus_f3,secondary,0.1702695948347639
lab_subject_3,early_vs_late,faa_log_f4_minus_f3,secondary,-0.43425678683405344
lab_subject_5,early_vs_late,faa_log_f4_minus_f3,secondary,0.03155513214248806
lab_subject_6,early_vs_late,faa_log_f4_minus_f3,secondary,-0.4487024614916244
lab_subject_7,early_vs_late,faa_log_f4_minus_f3,secondary,0.8100838673589159
lab_subject_8,early_vs_late,faa_log_f4_minus_f3,secondary,-0.3147621000188767
lab_subject_9,early_vs_late,faa_log_f4_minus_f3,secondary,0.5041119847325284
lab_subject_1,format_x_timing,faa_log_f4_minus_f3,secondary,-0.5621481758020828
lab_subject_10,format_x_timing,faa_log_f4_minus_f3,secondary,0.6100978060129627
lab_subject_11,format_x_timing,faa_log_f4_minus_f3,secondary,0.42061320228675214
lab_subject_12,format_x_timing,faa_log_f4_minus_f3,secondary,-0.5796330756591033
lab_subject_13,format_x_timing,faa_log_f4_minus_f3,secondary,-0.44061975973828993
lab_subject_14,format_x_timing,faa_log_f4_minus_f3,secondary,0.3735403621846558
lab_subject_15,format_x_timing,faa_log_f4_minus_f3,secondary,-0.8091651573528651
lab_subject_16,format_x_timing,faa_log_f4_minus_f3,secondary,1.7312499479477204
lab_subject_17,format_x_timing,faa_log_f4_minus_f3,secondary,-0.6981918081116909
lab_subject_18,format_x_timing,faa_log_f4_minus_f3,secondary,-0.9590464899621054
lab_subject_19,format_x_timing,faa_log_f4_minus_f3,secondary,-0.9005872096538425
lab_subject_2,format_x_timing,faa_log_f4_minus_f3,secondary,0.41748865608768426
lab_subject_3,format_x_timing,faa_log_f4_minus_f3,secondary,-0.9406349404386738
lab_subject_5,format_x_timing,faa_log_f4_minus_f3,secondary,-0.14295999119255853
lab_subject_6,format_x_timing,faa_log_f4_minus_f3,secondary,0.5019354285213851
lab_subject_7,format_x_timing,faa_log_f4_minus_f3,secondary,0.11071838211480411
lab_subject_8,format_x_timing,faa_log_f4_minus_f3,secondary,0.5177685922305848
lab_subject_9,format_x_timing,faa_log_f4_minus_f3,secondary,0.5420600590120657
lab_subject_1,inline_early_vs_no_ad_early,delta_power_db_uv2,exploratory,3.288694612574899
lab_subject_11,inline_early_vs_no_ad_early,delta_power_db_uv2,exploratory,5.065454258308224
lab_subject_12,inline_early_vs_no_ad_early,delta_power_db_uv2,exploratory,2.3844580470627985
lab_subject_13,inline_early_vs_no_ad_early,delta_power_db_uv2,exploratory,-2.3874797846505835
lab_subject_14,inline_early_vs_no_ad_early,delta_power_db_uv2,exploratory,-17.17805771730355
lab_subject_15,inline_early_vs_no_ad_early,delta_power_db_uv2,exploratory,-3.5516944949228915
lab_subject_16,inline_early_vs_no_ad_early,delta_power_db_uv2,exploratory,-1.7229378390480257
lab_subject_17,inline_early_vs_no_ad_early,delta_power_db_uv2,exploratory,7.68484182950675
lab_subject_18,inline_early_vs_no_ad_early,delta_power_db_uv2,exploratory,0.5357582254728506
lab_subject_19,inline_early_vs_no_ad_early,delta_power_db_uv2,exploratory,-6.8835505080528065
lab_subject_2,inline_early_vs_no_ad_early,delta_power_db_uv2,exploratory,6.732435313466336
lab_subject_3,inline_early_vs_no_ad_early,delta_power_db_uv2,exploratory,8.095565528150463
lab_subject_5,inline_early_vs_no_ad_early,delta_power_db_uv2,exploratory,5.336464125568838
lab_subject_6,inline_early_vs_no_ad_early,delta_power_db_uv2,exploratory,3.296777398516186
lab_subject_7,inline_early_vs_no_ad_early,delta_power_db_uv2,exploratory,4.591628419002351
lab_subject_8,inline_early_vs_no_ad_early,delta_power_db_uv2,exploratory,1.0911944589174531
lab_subject_9,inline_early_vs_no_ad_early,delta_power_db_uv2,exploratory,1.3516590866040836
lab_subject_1,block_early_vs_no_ad_early,delta_power_db_uv2,exploratory,7.755790591634083
lab_subject_11,block_early_vs_no_ad_early,delta_power_db_uv2,exploratory,3.937381723133212
lab_subject_12,block_early_vs_no_ad_early,delta_power_db_uv2,exploratory,11.719512100422888
lab_subject_13,block_early_vs_no_ad_early,delta_power_db_uv2,exploratory,-3.028183168931852
lab_subject_14,block_early_vs_no_ad_early,delta_power_db_uv2,exploratory,-1.8259677321356005
lab_subject_15,block_early_vs_no_ad_early,delta_power_db_uv2,exploratory,7.533401251617704
lab_subject_16,block_early_vs_no_ad_early,delta_power_db_uv2,exploratory,6.703788670686764
lab_subject_17,block_early_vs_no_ad_early,delta_power_db_uv2,exploratory,2.540009182426921
lab_subject_18,block_early_vs_no_ad_early,delta_power_db_uv2,exploratory,4.4314438373193
lab_subject_19,block_early_vs_no_ad_early,delta_power_db_uv2,exploratory,-3.8378750776367667
lab_subject_2,block_early_vs_no_ad_early,delta_power_db_uv2,exploratory,3.060445825590822
lab_subject_3,block_early_vs_no_ad_early,delta_power_db_uv2,exploratory,9.937509187905038
lab_subject_5,block_early_vs_no_ad_early,delta_power_db_uv2,exploratory,3.3626718050876807
lab_subject_6,block_early_vs_no_ad_early,delta_power_db_uv2,exploratory,-3.9320786760534645
lab_subject_7,block_early_vs_no_ad_early,delta_power_db_uv2,exploratory,4.470951612834144
lab_subject_8,block_early_vs_no_ad_early,delta_power_db_uv2,exploratory,3.2310966575355113
lab_subject_9,block_early_vs_no_ad_early,delta_power_db_uv2,exploratory,-3.5201070334157585
lab_subject_1,inline_late_vs_no_ad_late,delta_power_db_uv2,exploratory,-1.9931541783138886
lab_subject_10,inline_late_vs_no_ad_late,delta_power_db_uv2,exploratory,-10.200577437341853
lab_subject_11,inline_late_vs_no_ad_late,delta_power_db_uv2,exploratory,-3.1715593983481014
lab_subject_12,inline_late_vs_no_ad_late,delta_power_db_uv2,exploratory,1.319339241077591
lab_subject_13,inline_late_vs_no_ad_late,delta_power_db_uv2,exploratory,6.78533072013256
lab_subject_14,inline_late_vs_no_ad_late,delta_power_db_uv2,exploratory,13.652005015865738
lab_subject_15,inline_late_vs_no_ad_late,delta_power_db_uv2,exploratory,-5.190527645048119
lab_subject_16,inline_late_vs_no_ad_late,delta_power_db_uv2,exploratory,-6.060176309994059
lab_subject_17,inline_late_vs_no_ad_late,delta_power_db_uv2,exploratory,-5.092021369115301
lab_subject_18,inline_late_vs_no_ad_late,delta_power_db_uv2,exploratory,3.8625859671358054
lab_subject_19,inline_late_vs_no_ad_late,delta_power_db_uv2,exploratory,1.2202728275738544
lab_subject_2,inline_late_vs_no_ad_late,delta_power_db_uv2,exploratory,-2.4108691447769353
lab_subject_3,inline_late_vs_no_ad_late,delta_power_db_uv2,exploratory,2.883600087918259
lab_subject_5,inline_late_vs_no_ad_late,delta_power_db_uv2,exploratory,-1.569231802601692
lab_subject_6,inline_late_vs_no_ad_late,delta_power_db_uv2,exploratory,-2.545179365567881
lab_subject_7,inline_late_vs_no_ad_late,delta_power_db_uv2,exploratory,4.163406953676006
lab_subject_8,inline_late_vs_no_ad_late,delta_power_db_uv2,exploratory,12.206961771321101
lab_subject_9,inline_late_vs_no_ad_late,delta_power_db_uv2,exploratory,6.753257125728876
lab_subject_1,block_late_vs_no_ad_late,delta_power_db_uv2,exploratory,8.236556202936343
lab_subject_10,block_late_vs_no_ad_late,delta_power_db_uv2,exploratory,-3.2001520660004186
lab_subject_11,block_late_vs_no_ad_late,delta_power_db_uv2,exploratory,-0.7491849345968191
lab_subject_12,block_late_vs_no_ad_late,delta_power_db_uv2,exploratory,2.517553013206996
lab_subject_13,block_late_vs_no_ad_late,delta_power_db_uv2,exploratory,3.7783217004446
lab_subject_14,block_late_vs_no_ad_late,delta_power_db_uv2,exploratory,11.208363320238815
lab_subject_15,block_late_vs_no_ad_late,delta_power_db_uv2,exploratory,2.9434795030704226
lab_subject_16,block_late_vs_no_ad_late,delta_power_db_uv2,exploratory,-0.6534021626475912
lab_subject_17,block_late_vs_no_ad_late,delta_power_db_uv2,exploratory,-5.33544092606531
lab_subject_18,block_late_vs_no_ad_late,delta_power_db_uv2,exploratory,-0.8055290361919116
lab_subject_19,block_late_vs_no_ad_late,delta_power_db_uv2,exploratory,-4.015274734852174
lab_subject_2,block_late_vs_no_ad_late,delta_power_db_uv2,exploratory,-3.680331802671658
lab_subject_3,block_late_vs_no_ad_late,delta_power_db_uv2,exploratory,0.5162858686611855
lab_subject_5,block_late_vs_no_ad_late,delta_power_db_uv2,exploratory,-14.378698156619382
lab_subject_6,block_late_vs_no_ad_late,delta_power_db_uv2,exploratory,4.853904150778359
lab_subject_7,block_late_vs_no_ad_late,delta_power_db_uv2,exploratory,5.430713842040616
lab_subject_8,block_late_vs_no_ad_late,delta_power_db_uv2,exploratory,2.236108056813414
lab_subject_9,block_late_vs_no_ad_late,delta_power_db_uv2,exploratory,0.7505516182439571
lab_subject_1,any_ad_vs_matched_no_ad,delta_power_db_uv2,exploratory,4.321971807207859
lab_subject_11,any_ad_vs_matched_no_ad,delta_power_db_uv2,exploratory,1.2705229121241288
lab_subject_12,any_ad_vs_matched_no_ad,delta_power_db_uv2,exploratory,4.485215600442569
lab_subject_13,any_ad_vs_matched_no_ad,delta_power_db_uv2,exploratory,1.2869973667486811
lab_subject_14,any_ad_vs_matched_no_ad,delta_power_db_uv2,exploratory,1.464085721666351
lab_subject_15,any_ad_vs_matched_no_ad,delta_power_db_uv2,exploratory,0.43366465367927853
lab_subject_16,any_ad_vs_matched_no_ad,delta_power_db_uv2,exploratory,-0.4331819102507275
lab_subject_17,any_ad_vs_matched_no_ad,delta_power_db_uv2,exploratory,-0.050652820811734944
lab_subject_18,any_ad_vs_matched_no_ad,delta_power_db_uv2,exploratory,2.006064748434011
lab_subject_19,any_ad_vs_matched_no_ad,delta_power_db_uv2,exploratory,-3.379106873241973
lab_subject_2,any_ad_vs_matched_no_ad,delta_power_db_uv2,exploratory,0.9254200479021413
lab_subject_3,any_ad_vs_matched_no_ad,delta_power_db_uv2,exploratory,5.358240168158736
lab_subject_5,any_ad_vs_matched_no_ad,delta_power_db_uv2,exploratory,-1.8121985071411388
lab_subject_6,any_ad_vs_matched_no_ad,delta_power_db_uv2,exploratory,0.4183558769182998
lab_subject_7,any_ad_vs_matched_no_ad,delta_power_db_uv2,exploratory,4.664175206888279
lab_subject_8,any_ad_vs_matched_no_ad,delta_power_db_uv2,exploratory,4.6913402361468695
lab_subject_9,any_ad_vs_matched_no_ad,delta_power_db_uv2,exploratory,1.3338401992902895
lab_subject_1,inline_vs_block,delta_power_db_uv2,exploratory,-7.348403180154708
lab_subject_10,inline_vs_block,delta_power_db_uv2,exploratory,0.7002224074337695
lab_subject_11,inline_vs_block,delta_power_db_uv2,exploratory,-0.6471509642881355
lab_subject_12,inline_vs_block,delta_power_db_uv2,exploratory,-5.266633912744747
lab_subject_13,inline_vs_block,delta_power_db_uv2,exploratory,1.823856201984614
lab_subject_14,inline_vs_block,delta_power_db_uv2,exploratory,-6.454224144770513
lab_subject_15,inline_vs_block,delta_power_db_uv2,exploratory,-9.609551447329569
lab_subject_16,inline_vs_block,delta_power_db_uv2,exploratory,-6.916750328540629
lab_subject_17,inline_vs_block,delta_power_db_uv2,exploratory,2.694126102014919
lab_subject_18,inline_vs_block,delta_power_db_uv2,exploratory,0.38621469574063383
lab_subject_19,inline_vs_block,delta_power_db_uv2,exploratory,1.094936066004994
lab_subject_2,inline_vs_block,delta_power_db_uv2,exploratory,2.4707260728851184
lab_subject_3,inline_vs_block,delta_power_db_uv2,exploratory,0.2626852797512491
lab_subject_5,inline_vs_block,delta_power_db_uv2,exploratory,7.391629337249424
lab_subject_6,inline_vs_block,delta_power_db_uv2,exploratory,-0.08511372088829461
lab_subject_7,inline_vs_block,delta_power_db_uv2,exploratory,-0.5733150410982013
lab_subject_8,inline_vs_block,delta_power_db_uv2,exploratory,3.9154757579448143
lab_subject_9,inline_vs_block,delta_power_db_uv2,exploratory,5.43723581375238
lab_subject_1,early_vs_late,delta_power_db_uv2,exploratory,4.257778567838557
lab_subject_10,early_vs_late,delta_power_db_uv2,exploratory,0.7717263735056532
lab_subject_11,early_vs_late,delta_power_db_uv2,exploratory,2.4436449715480677
lab_subject_12,early_vs_late,delta_power_db_uv2,exploratory,0.7450872084460949
lab_subject_13,early_vs_late,delta_power_db_uv2,exploratory,-1.113955029131584
lab_subject_14,early_vs_late,delta_power_db_uv2,exploratory,-7.548577045930444
lab_subject_15,early_vs_late,delta_power_db_uv2,exploratory,-5.875284758344572
lab_subject_16,early_vs_late,delta_power_db_uv2,exploratory,2.741826669159475
lab_subject_17,early_vs_late,delta_power_db_uv2,exploratory,2.4695467514677505
lab_subject_18,early_vs_late,delta_power_db_uv2,exploratory,2.365220813977027
lab_subject_19,early_vs_late,delta_power_db_uv2,exploratory,-1.9349236578361086
lab_subject_2,early_vs_late,delta_power_db_uv2,exploratory,2.926729958885198
lab_subject_3,early_vs_late,delta_power_db_uv2,exploratory,0.16215300050550496
lab_subject_5,early_vs_late,delta_power_db_uv2,exploratory,5.760842890475852
lab_subject_6,early_vs_late,delta_power_db_uv2,exploratory,-1.6019961921343775
lab_subject_7,early_vs_late,delta_power_db_uv2,exploratory,7.3684374657630975
lab_subject_8,early_vs_late,delta_power_db_uv2,exploratory,-5.854016438949267
lab_subject_9,early_vs_late,delta_power_db_uv2,exploratory,6.465413973712462
lab_subject_1,format_x_timing,delta_power_db_uv2,exploratory,5.762614402191048
lab_subject_10,format_x_timing,delta_power_db_uv2,exploratory,15.401295557550407
lab_subject_11,format_x_timing,delta_power_db_uv2,exploratory,3.5504469989262937
lab_subject_12,format_x_timing,delta_power_db_uv2,exploratory,-8.136840281230684
lab_subject_13,format_x_timing,delta_power_db_uv2,exploratory,-2.3663056354066914
lab_subject_14,format_x_timing,delta_power_db_uv2,exploratory,-17.795731680794873
lab_subject_15,format_x_timing,delta_power_db_uv2,exploratory,-2.9510885984220536
lab_subject_16,format_x_timing,delta_power_db_uv2,exploratory,-3.019952362388322
lab_subject_17,format_x_timing,delta_power_db_uv2,exploratory,4.90141309012982
lab_subject_18,format_x_timing,delta_power_db_uv2,exploratory,-8.563800615174166
lab_subject_19,format_x_timing,delta_power_db_uv2,exploratory,-8.281222992842068
lab_subject_2,format_x_timing,delta_power_db_uv2,exploratory,2.4025268299807916
lab_subject_3,format_x_timing,delta_power_db_uv2,exploratory,-4.209257879011648
lab_subject_5,format_x_timing,delta_power_db_uv2,exploratory,-10.835674033536533
lab_subject_6,format_x_timing,delta_power_db_uv2,exploratory,14.62793959091589
lab_subject_7,format_x_timing,delta_power_db_uv2,exploratory,1.3879836945328172
lab_subject_8,format_x_timing,delta_power_db_uv2,exploratory,-12.110755913125745
lab_subject_9,format_x_timing,delta_power_db_uv2,exploratory,-1.1309393874650766
lab_subject_1,inline_early_vs_no_ad_early,gamma_power_db_uv2,exploratory,0.744406989683263
lab_subject_11,inline_early_vs_no_ad_early,gamma_power_db_uv2,exploratory,6.043538591919892
lab_subject_12,inline_early_vs_no_ad_early,gamma_power_db_uv2,exploratory,1.155659838540843
lab_subject_13,inline_early_vs_no_ad_early,gamma_power_db_uv2,exploratory,-1.7849299217481218
lab_subject_14,inline_early_vs_no_ad_early,gamma_power_db_uv2,exploratory,-15.648284618939067
lab_subject_15,inline_early_vs_no_ad_early,gamma_power_db_uv2,exploratory,-1.2527748223468023
lab_subject_16,inline_early_vs_no_ad_early,gamma_power_db_uv2,exploratory,-3.731816633734753
lab_subject_17,inline_early_vs_no_ad_early,gamma_power_db_uv2,exploratory,3.0999450840583886
lab_subject_18,inline_early_vs_no_ad_early,gamma_power_db_uv2,exploratory,-5.494326713357317
lab_subject_19,inline_early_vs_no_ad_early,gamma_power_db_uv2,exploratory,-1.5426906088015726
lab_subject_2,inline_early_vs_no_ad_early,gamma_power_db_uv2,exploratory,5.404873354300453
lab_subject_3,inline_early_vs_no_ad_early,gamma_power_db_uv2,exploratory,0.7768233287187147
lab_subject_5,inline_early_vs_no_ad_early,gamma_power_db_uv2,exploratory,-3.806803740457366
lab_subject_6,inline_early_vs_no_ad_early,gamma_power_db_uv2,exploratory,2.6671781884128407
lab_subject_7,inline_early_vs_no_ad_early,gamma_power_db_uv2,exploratory,-1.4871638171122172
lab_subject_8,inline_early_vs_no_ad_early,gamma_power_db_uv2,exploratory,-0.48666107060266706
lab_subject_9,inline_early_vs_no_ad_early,gamma_power_db_uv2,exploratory,-0.3783514707782203
lab_subject_1,block_early_vs_no_ad_early,gamma_power_db_uv2,exploratory,3.55330316257894
lab_subject_11,block_early_vs_no_ad_early,gamma_power_db_uv2,exploratory,-0.09175204566057199
lab_subject_12,block_early_vs_no_ad_early,gamma_power_db_uv2,exploratory,0.9917310851718675
lab_subject_13,block_early_vs_no_ad_early,gamma_power_db_uv2,exploratory,-1.3226983290653371
lab_subject_14,block_early_vs_no_ad_early,gamma_power_db_uv2,exploratory,-12.812111565869973
lab_subject_15,block_early_vs_no_ad_early,gamma_power_db_uv2,exploratory,-2.2862495448364974
lab_subject_16,block_early_vs_no_ad_early,gamma_power_db_uv2,exploratory,-1.958860528304304
lab_subject_17,block_early_vs_no_ad_early,gamma_power_db_uv2,exploratory,3.071443327771491
lab_subject_18,block_early_vs_no_ad_early,gamma_power_db_uv2,exploratory,-3.1097157519384373
lab_subject_19,block_early_vs_no_ad_early,gamma_power_db_uv2,exploratory,-0.1258250330174615
lab_subject_2,block_early_vs_no_ad_early,gamma_power_db_uv2,exploratory,-1.803934354667335
lab_subject_3,block_early_vs_no_ad_early,gamma_power_db_uv2,exploratory,-0.9762849755010521
lab_subject_5,block_early_vs_no_ad_early,gamma_power_db_uv2,exploratory,-1.0437921538612158
lab_subject_6,block_early_vs_no_ad_early,gamma_power_db_uv2,exploratory,1.2103256507122926
lab_subject_7,block_early_vs_no_ad_early,gamma_power_db_uv2,exploratory,-1.6621437152473284
lab_subject_8,block_early_vs_no_ad_early,gamma_power_db_uv2,exploratory,1.0831542691186944
lab_subject_9,block_early_vs_no_ad_early,gamma_power_db_uv2,exploratory,-0.6567149871135163
lab_subject_1,inline_late_vs_no_ad_late,gamma_power_db_uv2,exploratory,-8.883592002350523
lab_subject_10,inline_late_vs_no_ad_late,gamma_power_db_uv2,exploratory,-0.8907313131945127
lab_subject_11,inline_late_vs_no_ad_late,gamma_power_db_uv2,exploratory,-0.6093590442946865
lab_subject_12,inline_late_vs_no_ad_late,gamma_power_db_uv2,exploratory,0.9704924466636887
lab_subject_13,inline_late_vs_no_ad_late,gamma_power_db_uv2,exploratory,1.3333842203170432
lab_subject_14,inline_late_vs_no_ad_late,gamma_power_db_uv2,exploratory,2.1337756987506244
lab_subject_15,inline_late_vs_no_ad_late,gamma_power_db_uv2,exploratory,-4.433710778152092
lab_subject_16,inline_late_vs_no_ad_late,gamma_power_db_uv2,exploratory,1.4450195351382948
lab_subject_17,inline_late_vs_no_ad_late,gamma_power_db_uv2,exploratory,0.6346123197375135
lab_subject_18,inline_late_vs_no_ad_late,gamma_power_db_uv2,exploratory,0.8239213662871004
lab_subject_19,inline_late_vs_no_ad_late,gamma_power_db_uv2,exploratory,0.3289075094460827
lab_subject_2,inline_late_vs_no_ad_late,gamma_power_db_uv2,exploratory,1.4509246548352168
lab_subject_3,inline_late_vs_no_ad_late,gamma_power_db_uv2,exploratory,2.982950027669829
lab_subject_5,inline_late_vs_no_ad_late,gamma_power_db_uv2,exploratory,-0.7527912159328567
lab_subject_6,inline_late_vs_no_ad_late,gamma_power_db_uv2,exploratory,1.7132192359460023
lab_subject_7,inline_late_vs_no_ad_late,gamma_power_db_uv2,exploratory,0.02615142522583902
lab_subject_8,inline_late_vs_no_ad_late,gamma_power_db_uv2,exploratory,-0.1304897742194231
lab_subject_9,inline_late_vs_no_ad_late,gamma_power_db_uv2,exploratory,2.8264969900296046
lab_subject_1,block_late_vs_no_ad_late,gamma_power_db_uv2,exploratory,1.6779107918687464
lab_subject_10,block_late_vs_no_ad_late,gamma_power_db_uv2,exploratory,-0.38761241084331566
lab_subject_11,block_late_vs_no_ad_late,gamma_power_db_uv2,exploratory,0.1338858565420309
lab_subject_12,block_late_vs_no_ad_late,gamma_power_db_uv2,exploratory,-0.08825511138034436
lab_subject_13,block_late_vs_no_ad_late,gamma_power_db_uv2,exploratory,1.0174173085707219
lab_subject_14,block_late_vs_no_ad_late,gamma_power_db_uv2,exploratory,1.8931989390311528
lab_subject_15,block_late_vs_no_ad_late,gamma_power_db_uv2,exploratory,5.873937135189385
lab_subject_16,block_late_vs_no_ad_late,gamma_power_db_uv2,exploratory,-7.135682468534171
lab_subject_17,block_late_vs_no_ad_late,gamma_power_db_uv2,exploratory,1.6309322654301255
lab_subject_18,block_late_vs_no_ad_late,gamma_power_db_uv2,exploratory,-6.552634847575122
lab_subject_19,block_late_vs_no_ad_late,gamma_power_db_uv2,exploratory,-1.2923177623257556
lab_subject_2,block_late_vs_no_ad_late,gamma_power_db_uv2,exploratory,-0.1698267023486748
lab_subject_3,block_late_vs_no_ad_late,gamma_power_db_uv2,exploratory,-4.6429716990490775
lab_subject_5,block_late_vs_no_ad_late,gamma_power_db_uv2,exploratory,0.31341220347950394
lab_subject_6,block_late_vs_no_ad_late,gamma_power_db_uv2,exploratory,2.8070936294472433
lab_subject_7,block_late_vs_no_ad_late,gamma_power_db_uv2,exploratory,-0.2858120348360993
lab_subject_8,block_late_vs_no_ad_late,gamma_power_db_uv2,exploratory,0.24509292595112897
lab_subject_9,block_late_vs_no_ad_late,gamma_power_db_uv2,exploratory,-0.004686765118802505
lab_subject_1,any_ad_vs_matched_no_ad,gamma_power_db_uv2,exploratory,-0.7269927645548937
lab_subject_11,any_ad_vs_matched_no_ad,gamma_power_db_uv2,exploratory,1.369078339626666
lab_subject_12,any_ad_vs_matched_no_ad,gamma_power_db_uv2,exploratory,0.7574070647490136
lab_subject_13,any_ad_vs_matched_no_ad,gamma_power_db_uv2,exploratory,-0.18920668048142347
lab_subject_14,any_ad_vs_matched_no_ad,gamma_power_db_uv2,exploratory,-6.108355386756816
lab_subject_15,any_ad_vs_matched_no_ad,gamma_power_db_uv2,exploratory,-0.5246995025365015
lab_subject_16,any_ad_vs_matched_no_ad,gamma_power_db_uv2,exploratory,-2.845335023858733
lab_subject_17,any_ad_vs_matched_no_ad,gamma_power_db_uv2,exploratory,2.10923324924938
lab_subject_18,any_ad_vs_matched_no_ad,gamma_power_db_uv2,exploratory,-3.5831889866459443
lab_subject_19,any_ad_vs_matched_no_ad,gamma_power_db_uv2,exploratory,-0.6579814736746767
lab_subject_2,any_ad_vs_matched_no_ad,gamma_power_db_uv2,exploratory,1.220509238029915
lab_subject_3,any_ad_vs_matched_no_ad,gamma_power_db_uv2,exploratory,-0.4648708295403965
lab_subject_5,any_ad_vs_matched_no_ad,gamma_power_db_uv2,exploratory,-1.3224937266929842
lab_subject_6,any_ad_vs_matched_no_ad,gamma_power_db_uv2,exploratory,2.0994541761295946
lab_subject_7,any_ad_vs_matched_no_ad,gamma_power_db_uv2,exploratory,-0.8522420354924515
lab_subject_8,any_ad_vs_matched_no_ad,gamma_power_db_uv2,exploratory,0.17777408756193336
lab_subject_9,any_ad_vs_matched_no_ad,gamma_power_db_uv2,exploratory,0.4466859417547664
lab_subject_1,inline_vs_block,gamma_power_db_uv2,exploratory,-6.685199483557473
lab_subject_10,inline_vs_block,gamma_power_db_uv2,exploratory,4.247676849163154
lab_subject_11,inline_vs_block,gamma_power_db_uv2,exploratory,2.696022868371873
lab_subject_12,inline_vs_block,gamma_power_db_uv2,exploratory,0.6113381557065043
lab_subject_13,inline_vs_block,gamma_power_db_uv2,exploratory,-0.0731323404682317
lab_subject_14,inline_vs_block,gamma_power_db_uv2,exploratory,-1.297798146674811
lab_subject_15,inline_vs_block,gamma_power_db_uv2,exploratory,-4.63708659542589
lab_subject_16,inline_vs_block,gamma_power_db_uv2,exploratory,3.4038729491210087
lab_subject_17,inline_vs_block,gamma_power_db_uv2,exploratory,-0.48390909470285726
lab_subject_18,inline_vs_block,gamma_power_db_uv2,exploratory,2.4959726262216715
lab_subject_19,inline_vs_block,gamma_power_db_uv2,exploratory,0.10217984799386359
lab_subject_2,inline_vs_block,gamma_power_db_uv2,exploratory,4.41477953307584
lab_subject_3,inline_vs_block,gamma_power_db_uv2,exploratory,4.689515015469336
lab_subject_5,inline_vs_block,gamma_power_db_uv2,exploratory,-1.9146075030042558
lab_subject_6,inline_vs_block,gamma_power_db_uv2,exploratory,0.18148907209965348
lab_subject_7,inline_vs_block,gamma_power_db_uv2,exploratory,0.24347167909852474
lab_subject_8,inline_vs_block,gamma_power_db_uv2,exploratory,-0.9726990199459568
lab_subject_9,inline_vs_block,gamma_power_db_uv2,exploratory,1.5547736357418516
lab_subject_1,early_vs_late,gamma_power_db_uv2,exploratory,5.370967884709003
lab_subject_10,early_vs_late,gamma_power_db_uv2,exploratory,1.9766397802713813
lab_subject_11,early_vs_late,gamma_power_db_uv2,exploratory,2.8481079525410213
lab_subject_12,early_vs_late,gamma_power_db_uv2,exploratory,0.800581832489875
lab_subject_13,early_vs_late,gamma_power_db_uv2,exploratory,0.10887662523123134
lab_subject_14,early_vs_late,gamma_power_db_uv2,exploratory,-2.917797078008995
lab_subject_15,early_vs_late,gamma_power_db_uv2,exploratory,-6.414620465973558
lab_subject_16,early_vs_late,gamma_power_db_uv2,exploratory,3.247479035586599
lab_subject_17,early_vs_late,gamma_power_db_uv2,exploratory,-0.6098234741086492
lab_subject_18,early_vs_late,gamma_power_db_uv2,exploratory,-2.5986121601828023
lab_subject_19,early_vs_late,gamma_power_db_uv2,exploratory,-1.4023903575460714
lab_subject_2,early_vs_late,gamma_power_db_uv2,exploratory,-0.24489733489031562
lab_subject_3,early_vs_late,gamma_power_db_uv2,exploratory,0.009851169601707621
lab_subject_5,early_vs_late,gamma_power_db_uv2,exploratory,-2.771665271149312
lab_subject_6,early_vs_late,gamma_power_db_uv2,exploratory,-3.2785341975742615
lab_subject_7,early_vs_late,gamma_power_db_uv2,exploratory,-0.5463686842858511
lab_subject_8,early_vs_late,gamma_power_db_uv2,exploratory,-1.159570967402063
lab_subject_9,early_vs_late,gamma_power_db_uv2,exploratory,-1.9889394387533765
lab_subject_1,format_x_timing,gamma_power_db_uv2,exploratory,7.752606621323594
lab_subject_10,format_x_timing,gamma_power_db_uv2,exploratory,9.501591503028703
lab_subject_11,format_x_timing,gamma_power_db_uv2,exploratory,6.878535538417181
lab_subject_12,format_x_timing,gamma_power_db_uv2,exploratory,-0.8948188046750576
lab_subject_13,format_x_timing,gamma_power_db_uv2,exploratory,-0.778198504429106
lab_subject_14,format_x_timing,gamma_power_db_uv2,exploratory,-3.0767498127885653
lab_subject_15,format_x_timing,gamma_power_db_uv2,exploratory,11.34112263583117
lab_subject_16,format_x_timing,gamma_power_db_uv2,exploratory,-10.353658109102913
lab_subject_17,format_x_timing,gamma_power_db_uv2,exploratory,1.0248217019795094
lab_subject_18,format_x_timing,gamma_power_db_uv2,exploratory,-9.761167175281102
lab_subject_19,format_x_timing,gamma_power_db_uv2,exploratory,-3.0380908475559494
lab_subject_2,format_x_timing,gamma_power_db_uv2,exploratory,5.588056351783896
lab_subject_3,format_x_timing,gamma_power_db_uv2,exploratory,-5.8728134224991395
lab_subject_5,format_x_timing,gamma_power_db_uv2,exploratory,-1.6968081671837898
lab_subject_6,format_x_timing,gamma_power_db_uv2,exploratory,2.5507269312017895
lab_subject_7,format_x_timing,gamma_power_db_uv2,exploratory,-0.13698356192682715
lab_subject_8,format_x_timing,gamma_power_db_uv2,exploratory,-1.1942326395508094
lab_subject_9,format_x_timing,gamma_power_db_uv2,exploratory,-2.552820238813111
lab_subject_1,inline_early_vs_no_ad_early,delta_relative_power,exploratory,0.11288217608140871
lab_subject_11,inline_early_vs_no_ad_early,delta_relative_power,exploratory,0.24152507410851065
lab_subject_12,inline_early_vs_no_ad_early,delta_relative_power,exploratory,0.06693057805632308
lab_subject_13,inline_early_vs_no_ad_early,delta_relative_power,exploratory,-0.06969376740705857
lab_subject_14,inline_early_vs_no_ad_early,delta_relative_power,exploratory,0.14456207751128763
lab_subject_15,inline_early_vs_no_ad_early,delta_relative_power,exploratory,-0.16474487308120855
lab_subject_16,inline_early_vs_no_ad_early,delta_relative_power,exploratory,-0.05399422675738563
lab_subject_17,inline_early_vs_no_ad_early,delta_relative_power,exploratory,0.29651255533426973
lab_subject_18,inline_early_vs_no_ad_early,delta_relative_power,exploratory,0.07682530843615681
lab_subject_19,inline_early_vs_no_ad_early,delta_relative_power,exploratory,-0.19674676924842172
lab_subject_2,inline_early_vs_no_ad_early,delta_relative_power,exploratory,0.08809034591556031
lab_subject_3,inline_early_vs_no_ad_early,delta_relative_power,exploratory,0.31656888671870287
lab_subject_5,inline_early_vs_no_ad_early,delta_relative_power,exploratory,0.2614837614192045
lab_subject_6,inline_early_vs_no_ad_early,delta_relative_power,exploratory,0.09882470286972267
lab_subject_7,inline_early_vs_no_ad_early,delta_relative_power,exploratory,0.2609725577762463
lab_subject_8,inline_early_vs_no_ad_early,delta_relative_power,exploratory,0.06462695050277611
lab_subject_9,inline_early_vs_no_ad_early,delta_relative_power,exploratory,0.053410710055289634
lab_subject_1,block_early_vs_no_ad_early,delta_relative_power,exploratory,0.2953330666279376
lab_subject_11,block_early_vs_no_ad_early,delta_relative_power,exploratory,0.2356100548624379
lab_subject_12,block_early_vs_no_ad_early,delta_relative_power,exploratory,0.5762743792688207
lab_subject_13,block_early_vs_no_ad_early,delta_relative_power,exploratory,-0.03463613142726718
lab_subject_14,block_early_vs_no_ad_early,delta_relative_power,exploratory,0.6158862847038622
lab_subject_15,block_early_vs_no_ad_early,delta_relative_power,exploratory,0.20240630971020568
lab_subject_16,block_early_vs_no_ad_early,delta_relative_power,exploratory,0.3077464649347307
lab_subject_17,block_early_vs_no_ad_early,delta_relative_power,exploratory,0.08115282335046514
lab_subject_18,block_early_vs_no_ad_early,delta_relative_power,exploratory,0.2748178781311789
lab_subject_19,block_early_vs_no_ad_early,delta_relative_power,exploratory,-0.021424513684909052
lab_subject_2,block_early_vs_no_ad_early,delta_relative_power,exploratory,0.1972544657373374
lab_subject_3,block_early_vs_no_ad_early,delta_relative_power,exploratory,0.466874780000423
lab_subject_5,block_early_vs_no_ad_early,delta_relative_power,exploratory,0.11366885810289806
lab_subject_6,block_early_vs_no_ad_early,delta_relative_power,exploratory,-0.2439451533481461
lab_subject_7,block_early_vs_no_ad_early,delta_relative_power,exploratory,0.2787352672956779
lab_subject_8,block_early_vs_no_ad_early,delta_relative_power,exploratory,0.1925255259142924
lab_subject_9,block_early_vs_no_ad_early,delta_relative_power,exploratory,-0.15287022453737875
lab_subject_1,inline_late_vs_no_ad_late,delta_relative_power,exploratory,0.1502264495513711
lab_subject_10,inline_late_vs_no_ad_late,delta_relative_power,exploratory,-0.28237262961205756
lab_subject_11,inline_late_vs_no_ad_late,delta_relative_power,exploratory,-0.15991623926751453
lab_subject_12,inline_late_vs_no_ad_late,delta_relative_power,exploratory,0.10473529808345233
lab_subject_13,inline_late_vs_no_ad_late,delta_relative_power,exploratory,0.3054071717619459
lab_subject_14,inline_late_vs_no_ad_late,delta_relative_power,exploratory,0.4876744156849636
lab_subject_15,inline_late_vs_no_ad_late,delta_relative_power,exploratory,-0.1181993326095494
lab_subject_16,inline_late_vs_no_ad_late,delta_relative_power,exploratory,-0.25158986271760186
lab_subject_17,inline_late_vs_no_ad_late,delta_relative_power,exploratory,-0.17848416557196356
lab_subject_18,inline_late_vs_no_ad_late,delta_relative_power,exploratory,0.1563242397897437
lab_subject_19,inline_late_vs_no_ad_late,delta_relative_power,exploratory,0.030158231757323906
lab_subject_2,inline_late_vs_no_ad_late,delta_relative_power,exploratory,-0.1590147067996991
lab_subject_3,inline_late_vs_no_ad_late,delta_relative_power,exploratory,0.039560505467064855
lab_subject_5,inline_late_vs_no_ad_late,delta_relative_power,exploratory,0.023663090161223366
lab_subject_6,inline_late_vs_no_ad_late,delta_relative_power,exploratory,-0.11050921584081519
lab_subject_7,inline_late_vs_no_ad_late,delta_relative_power,exploratory,0.19357975096268515
lab_subject_8,inline_late_vs_no_ad_late,delta_relative_power,exploratory,0.6507610088912072
lab_subject_9,inline_late_vs_no_ad_late,delta_relative_power,exploratory,0.15195654282201887
lab_subject_1,block_late_vs_no_ad_late,delta_relative_power,exploratory,0.339423508553232
lab_subject_10,block_late_vs_no_ad_late,delta_relative_power,exploratory,0.024484611593686867
lab_subject_11,block_late_vs_no_ad_late,delta_relative_power,exploratory,-0.01834029828657968
lab_subject_12,block_late_vs_no_ad_late,delta_relative_power,exploratory,0.2191350101320883
lab_subject_13,block_late_vs_no_ad_late,delta_relative_power,exploratory,0.1269334466415687
lab_subject_14,block_late_vs_no_ad_late,delta_relative_power,exploratory,0.394275986474921
lab_subject_15,block_late_vs_no_ad_late,delta_relative_power,exploratory,-0.046970776543754034
lab_subject_16,block_late_vs_no_ad_late,delta_relative_power,exploratory,0.25776076533053893
lab_subject_17,block_late_vs_no_ad_late,delta_relative_power,exploratory,-0.22332742695236818
lab_subject_18,block_late_vs_no_ad_late,delta_relative_power,exploratory,0.16281566150687005
lab_subject_19,block_late_vs_no_ad_late,delta_relative_power,exploratory,-0.11680873463660879
lab_subject_2,block_late_vs_no_ad_late,delta_relative_power,exploratory,-0.2871510627316024
lab_subject_3,block_late_vs_no_ad_late,delta_relative_power,exploratory,0.1903326884498645
lab_subject_5,block_late_vs_no_ad_late,delta_relative_power,exploratory,-0.4072160391483438
lab_subject_6,block_late_vs_no_ad_late,delta_relative_power,exploratory,0.24035735799869856
lab_subject_7,block_late_vs_no_ad_late,delta_relative_power,exploratory,0.24028167698357838
lab_subject_8,block_late_vs_no_ad_late,delta_relative_power,exploratory,0.17637223289285037
lab_subject_9,block_late_vs_no_ad_late,delta_relative_power,exploratory,-0.012968005708328345
lab_subject_1,any_ad_vs_matched_no_ad,delta_relative_power,exploratory,0.22446630020348735
lab_subject_11,any_ad_vs_matched_no_ad,delta_relative_power,exploratory,0.07471964785421359
lab_subject_12,any_ad_vs_matched_no_ad,delta_relative_power,exploratory,0.24176881638517111
lab_subject_13,any_ad_vs_matched_no_ad,delta_relative_power,exploratory,0.0820026798922972
lab_subject_14,any_ad_vs_matched_no_ad,delta_relative_power,exploratory,0.4105996910937586
lab_subject_15,any_ad_vs_matched_no_ad,delta_relative_power,exploratory,-0.03187716813107658
lab_subject_16,any_ad_vs_matched_no_ad,delta_relative_power,exploratory,0.06498078519757053
lab_subject_17,any_ad_vs_matched_no_ad,delta_relative_power,exploratory,-0.00603655345989923
lab_subject_18,any_ad_vs_matched_no_ad,delta_relative_power,exploratory,0.16769577196598737
lab_subject_19,any_ad_vs_matched_no_ad,delta_relative_power,exploratory,-0.07620544645315391
lab_subject_2,any_ad_vs_matched_no_ad,delta_relative_power,exploratory,-0.040205239469600945
lab_subject_3,any_ad_vs_matched_no_ad,delta_relative_power,exploratory,0.25333421515901383
lab_subject_5,any_ad_vs_matched_no_ad,delta_relative_power,exploratory,-0.0021000823662544743
lab_subject_6,any_ad_vs_matched_no_ad,delta_relative_power,exploratory,-0.003818077080135013
lab_subject_7,any_ad_vs_matched_no_ad,delta_relative_power,exploratory,0.2433923132545469
lab_subject_8,any_ad_vs_matched_no_ad,delta_relative_power,exploratory,0.2710714295502815
lab_subject_9,any_ad_vs_matched_no_ad,delta_relative_power,exploratory,0.009882255657900352
lab_subject_1,inline_vs_block,delta_relative_power,exploratory,-0.1858239747741949
lab_subject_10,inline_vs_block,delta_relative_power,exploratory,0.013039193629253654
lab_subject_11,inline_vs_block,delta_relative_power,exploratory,-0.06783046086743105
lab_subject_12,inline_vs_block,delta_relative_power,exploratory,-0.31187175663056677
lab_subject_13,inline_vs_block,delta_relative_power,exploratory,0.0717080445702929
lab_subject_14,inline_vs_block,delta_relative_power,exploratory,-0.18896288899126595
lab_subject_15,inline_vs_block,delta_relative_power,exploratory,-0.2191898694286048
lab_subject_16,inline_vs_block,delta_relative_power,exploratory,-0.43554565987012855
lab_subject_17,inline_vs_block,delta_relative_power,exploratory,0.1301014966821046
lab_subject_18,inline_vs_block,delta_relative_power,exploratory,-0.10224199570607423
lab_subject_19,inline_vs_block,delta_relative_power,exploratory,-0.014177644584789983
lab_subject_2,inline_vs_block,delta_relative_power,exploratory,0.009486118055063109
lab_subject_3,inline_vs_block,delta_relative_power,exploratory,-0.15053903813225988
lab_subject_5,inline_vs_block,delta_relative_power,exploratory,0.2893470163129368
lab_subject_6,inline_vs_block,delta_relative_power,exploratory,-0.004048358810822494
lab_subject_7,inline_vs_block,delta_relative_power,exploratory,-0.032232317770162416
lab_subject_8,inline_vs_block,delta_relative_power,exploratory,0.17324510029342027
lab_subject_9,inline_vs_block,delta_relative_power,exploratory,0.1856027415615078
lab_subject_1,early_vs_late,delta_relative_power,exploratory,0.06074102341033019
lab_subject_10,early_vs_late,delta_relative_power,exploratory,-0.04629433629509594
lab_subject_11,early_vs_late,delta_relative_power,exploratory,0.047146692326577755
lab_subject_12,early_vs_late,delta_relative_power,exploratory,-0.01294265241147921
lab_subject_13,early_vs_late,delta_relative_power,exploratory,-0.05817545599029017
lab_subject_14,early_vs_late,delta_relative_power,exploratory,-0.1769704260918618
lab_subject_15,early_vs_late,delta_relative_power,exploratory,-0.06994738138507078
lab_subject_16,early_vs_late,delta_relative_power,exploratory,-0.017353176745789234
lab_subject_17,early_vs_late,delta_relative_power,exploratory,0.09760870472586161
lab_subject_18,early_vs_late,delta_relative_power,exploratory,0.15767530233749383
lab_subject_19,early_vs_late,delta_relative_power,exploratory,-0.021104455007232792
lab_subject_2,early_vs_late,delta_relative_power,exploratory,0.029944987179532034
lab_subject_3,early_vs_late,delta_relative_power,exploratory,-0.019022652093950876
lab_subject_5,early_vs_late,delta_relative_power,exploratory,0.20983159176644783
lab_subject_6,early_vs_late,delta_relative_power,exploratory,-0.04966961023266425
lab_subject_7,early_vs_late,delta_relative_power,exploratory,0.3817754819508068
lab_subject_8,early_vs_late,delta_relative_power,exploratory,-0.3229537755954361
lab_subject_9,early_vs_late,delta_relative_power,exploratory,0.31141775517965486
lab_subject_1,format_x_timing,delta_relative_power,exploratory,0.006746168455331991
lab_subject_10,format_x_timing,delta_relative_power,exploratory,0.6397928696699962
lab_subject_11,format_x_timing,delta_relative_power,exploratory,0.14749096022700758
lab_subject_12,format_x_timing,delta_relative_power,exploratory,-0.39494408916386164
lab_subject_13,format_x_timing,delta_relative_power,exploratory,-0.21353136110016857
lab_subject_14,format_x_timing,delta_relative_power,exploratory,-0.5647226364026171
lab_subject_15,format_x_timing,delta_relative_power,exploratory,-0.29592262672561886
lab_subject_16,format_x_timing,delta_relative_power,exploratory,0.14760993635602448
lab_subject_17,format_x_timing,delta_relative_power,exploratory,0.17051647060339997
lab_subject_18,format_x_timing,delta_relative_power,exploratory,-0.19150114797789575
lab_subject_19,format_x_timing,delta_relative_power,exploratory,-0.32228922195744536
lab_subject_2,format_x_timing,delta_relative_power,exploratory,-0.2373004757536804
lab_subject_3,format_x_timing,delta_relative_power,exploratory,0.0004662897010795364
lab_subject_5,format_x_timing,delta_relative_power,exploratory,-0.28306422599326075
lab_subject_6,format_x_timing,delta_relative_power,exploratory,0.6936364300573825
lab_subject_7,format_x_timing,delta_relative_power,exploratory,0.02893921650146164
lab_subject_8,format_x_timing,delta_relative_power,exploratory,-0.6022873514098731
lab_subject_9,format_x_timing,delta_relative_power,exploratory,0.04135638606232117
lab_subject_1,inline_early_vs_no_ad_early,theta_relative_power,exploratory,0.0030337461615837225
lab_subject_11,inline_early_vs_no_ad_early,theta_relative_power,exploratory,-0.0574368034455382
lab_subject_12,inline_early_vs_no_ad_early,theta_relative_power,exploratory,-0.02055904798440919
lab_subject_13,inline_early_vs_no_ad_early,theta_relative_power,exploratory,0.03210542582971646
lab_subject_14,inline_early_vs_no_ad_early,theta_relative_power,exploratory,0.11688948046921271
lab_subject_15,inline_early_vs_no_ad_early,theta_relative_power,exploratory,0.053559704418548834
lab_subject_16,inline_early_vs_no_ad_early,theta_relative_power,exploratory,-0.0038384671910554127
lab_subject_17,inline_early_vs_no_ad_early,theta_relative_power,exploratory,-0.10315791284634994
lab_subject_18,inline_early_vs_no_ad_early,theta_relative_power,exploratory,0.03062305934882094
lab_subject_19,inline_early_vs_no_ad_early,theta_relative_power,exploratory,0.09886668334611853
lab_subject_2,inline_early_vs_no_ad_early,theta_relative_power,exploratory,-0.0686334980558456
lab_subject_3,inline_early_vs_no_ad_early,theta_relative_power,exploratory,-0.06079262990332389
lab_subject_5,inline_early_vs_no_ad_early,theta_relative_power,exploratory,-0.0063328578381638065
lab_subject_6,inline_early_vs_no_ad_early,theta_relative_power,exploratory,-0.028844768589484343
lab_subject_7,inline_early_vs_no_ad_early,theta_relative_power,exploratory,-0.0483939728967771
lab_subject_8,inline_early_vs_no_ad_early,theta_relative_power,exploratory,-0.00826359332024773
lab_subject_9,inline_early_vs_no_ad_early,theta_relative_power,exploratory,0.01590537647586314
lab_subject_1,block_early_vs_no_ad_early,theta_relative_power,exploratory,-0.012327560476627947
lab_subject_11,block_early_vs_no_ad_early,theta_relative_power,exploratory,-0.03386719238806887
lab_subject_12,block_early_vs_no_ad_early,theta_relative_power,exploratory,-0.11147511753646361
lab_subject_13,block_early_vs_no_ad_early,theta_relative_power,exploratory,0.028051267942218544
lab_subject_14,block_early_vs_no_ad_early,theta_relative_power,exploratory,0.027947038855019993
lab_subject_15,block_early_vs_no_ad_early,theta_relative_power,exploratory,-0.05302055417783473
lab_subject_16,block_early_vs_no_ad_early,theta_relative_power,exploratory,-0.03156350799680897
lab_subject_17,block_early_vs_no_ad_early,theta_relative_power,exploratory,-0.04398458428137028
lab_subject_18,block_early_vs_no_ad_early,theta_relative_power,exploratory,-0.056128317667897984
lab_subject_19,block_early_vs_no_ad_early,theta_relative_power,exploratory,0.015630754195847196
lab_subject_2,block_early_vs_no_ad_early,theta_relative_power,exploratory,-0.033041455217192095
lab_subject_3,block_early_vs_no_ad_early,theta_relative_power,exploratory,-0.016953542882155587
lab_subject_5,block_early_vs_no_ad_early,theta_relative_power,exploratory,-0.017138557739829717
lab_subject_6,block_early_vs_no_ad_early,theta_relative_power,exploratory,0.055866644853330955
lab_subject_7,block_early_vs_no_ad_early,theta_relative_power,exploratory,-0.011195508968872364
lab_subject_8,block_early_vs_no_ad_early,theta_relative_power,exploratory,-0.032079865273857824
lab_subject_9,block_early_vs_no_ad_early,theta_relative_power,exploratory,0.03722467679507388
lab_subject_1,inline_late_vs_no_ad_late,theta_relative_power,exploratory,0.04370439922975573
lab_subject_10,inline_late_vs_no_ad_late,theta_relative_power,exploratory,0.051210071247609096
lab_subject_11,inline_late_vs_no_ad_late,theta_relative_power,exploratory,0.05141272574339317
lab_subject_12,inline_late_vs_no_ad_late,theta_relative_power,exploratory,-0.0032973696312786904
lab_subject_13,inline_late_vs_no_ad_late,theta_relative_power,exploratory,-0.06051136992877043
lab_subject_14,inline_late_vs_no_ad_late,theta_relative_power,exploratory,-0.09831190866902637
lab_subject_15,inline_late_vs_no_ad_late,theta_relative_power,exploratory,0.04458870532619316
lab_subject_16,inline_late_vs_no_ad_late,theta_relative_power,exploratory,0.028680820832838495
lab_subject_17,inline_late_vs_no_ad_late,theta_relative_power,exploratory,0.027252491134537052
lab_subject_18,inline_late_vs_no_ad_late,theta_relative_power,exploratory,-0.031453811221023156
lab_subject_19,inline_late_vs_no_ad_late,theta_relative_power,exploratory,0.018582902876719286
lab_subject_2,inline_late_vs_no_ad_late,theta_relative_power,exploratory,0.008865057816876201
lab_subject_3,inline_late_vs_no_ad_late,theta_relative_power,exploratory,0.0017616360275129056
lab_subject_5,inline_late_vs_no_ad_late,theta_relative_power,exploratory,0.010964436258522475
lab_subject_6,inline_late_vs_no_ad_late,theta_relative_power,exploratory,0.021578462654029976
lab_subject_7,inline_late_vs_no_ad_late,theta_relative_power,exploratory,-0.01565803369447856
lab_subject_8,inline_late_vs_no_ad_late,theta_relative_power,exploratory,-0.10381645666413997
lab_subject_9,inline_late_vs_no_ad_late,theta_relative_power,exploratory,-0.04576430878458997
lab_subject_1,block_late_vs_no_ad_late,theta_relative_power,exploratory,-0.031758499475950594
lab_subject_10,block_late_vs_no_ad_late,theta_relative_power,exploratory,-0.032586974648588035
lab_subject_11,block_late_vs_no_ad_late,theta_relative_power,exploratory,7.379592386821954e-05
lab_subject_12,block_late_vs_no_ad_late,theta_relative_power,exploratory,0.016120960247527794
lab_subject_13,block_late_vs_no_ad_late,theta_relative_power,exploratory,-0.016591946817397653
lab_subject_14,block_late_vs_no_ad_late,theta_relative_power,exploratory,-0.0696476401393527
lab_subject_15,block_late_vs_no_ad_late,theta_relative_power,exploratory,-0.04035188435300235
lab_subject_16,block_late_vs_no_ad_late,theta_relative_power,exploratory,-0.0020173013135220685
lab_subject_17,block_late_vs_no_ad_late,theta_relative_power,exploratory,0.018568794140918693
lab_subject_18,block_late_vs_no_ad_late,theta_relative_power,exploratory,0.055818355751177495
lab_subject_19,block_late_vs_no_ad_late,theta_relative_power,exploratory,0.072596275741757
lab_subject_2,block_late_vs_no_ad_late,theta_relative_power,exploratory,0.050165313389638866
lab_subject_3,block_late_vs_no_ad_late,theta_relative_power,exploratory,0.007028343526166672
lab_subject_5,block_late_vs_no_ad_late,theta_relative_power,exploratory,0.10387830858755903
lab_subject_6,block_late_vs_no_ad_late,theta_relative_power,exploratory,-0.05143963131070661
lab_subject_7,block_late_vs_no_ad_late,theta_relative_power,exploratory,-0.009806116816524574
lab_subject_8,block_late_vs_no_ad_late,theta_relative_power,exploratory,-0.03238896925815091
lab_subject_9,block_late_vs_no_ad_late,theta_relative_power,exploratory,-0.009943811093028436
lab_subject_1,any_ad_vs_matched_no_ad,theta_relative_power,exploratory,0.0006630213596902287
lab_subject_11,any_ad_vs_matched_no_ad,theta_relative_power,exploratory,-0.00995436854158642
lab_subject_12,any_ad_vs_matched_no_ad,theta_relative_power,exploratory,-0.029802643726155924
lab_subject_13,any_ad_vs_matched_no_ad,theta_relative_power,exploratory,-0.004236655743558269
lab_subject_14,any_ad_vs_matched_no_ad,theta_relative_power,exploratory,-0.005780757371036591
lab_subject_15,any_ad_vs_matched_no_ad,theta_relative_power,exploratory,0.0011939928034762279
lab_subject_16,any_ad_vs_matched_no_ad,theta_relative_power,exploratory,-0.00218461391713699
lab_subject_17,any_ad_vs_matched_no_ad,theta_relative_power,exploratory,-0.02533030296306612
lab_subject_18,any_ad_vs_matched_no_ad,theta_relative_power,exploratory,-0.0002851784472306801
lab_subject_19,any_ad_vs_matched_no_ad,theta_relative_power,exploratory,0.05141915404011051
lab_subject_2,any_ad_vs_matched_no_ad,theta_relative_power,exploratory,-0.010661145516630655
lab_subject_3,any_ad_vs_matched_no_ad,theta_relative_power,exploratory,-0.017239048307949974
lab_subject_5,any_ad_vs_matched_no_ad,theta_relative_power,exploratory,0.022842832317021996
lab_subject_6,any_ad_vs_matched_no_ad,theta_relative_power,exploratory,-0.0007098230982075064
lab_subject_7,any_ad_vs_matched_no_ad,theta_relative_power,exploratory,-0.021263408094163147
lab_subject_8,any_ad_vs_matched_no_ad,theta_relative_power,exploratory,-0.04413722112909911
lab_subject_9,any_ad_vs_matched_no_ad,theta_relative_power,exploratory,-0.0006445166516703474
lab_subject_1,inline_vs_block,theta_relative_power,exploratory,0.045412102671959
lab_subject_10,inline_vs_block,theta_relative_power,exploratory,-0.009650258813176882
lab_subject_11,inline_vs_block,theta_relative_power,exploratory,0.013884659381027814
lab_subject_12,inline_vs_block,theta_relative_power,exploratory,0.03574886983662397
lab_subject_13,inline_vs_block,theta_relative_power,exploratory,-0.01993263261193743
lab_subject_14,inline_vs_block,theta_relative_power,exploratory,0.03013908654225954
lab_subject_15,inline_vs_block,theta_relative_power,exploratory,0.09576042413778954
lab_subject_16,inline_vs_block,theta_relative_power,exploratory,0.02921158147605706
lab_subject_17,inline_vs_block,theta_relative_power,exploratory,-0.02524481578568065
lab_subject_18,inline_vs_block,theta_relative_power,exploratory,-0.00026039497774086456
lab_subject_19,inline_vs_block,theta_relative_power,exploratory,0.014611278142616806
lab_subject_2,inline_vs_block,theta_relative_power,exploratory,-0.03844614920570808
lab_subject_3,inline_vs_block,theta_relative_power,exploratory,-0.024552897259911034
lab_subject_5,inline_vs_block,theta_relative_power,exploratory,-0.04105408621368532
lab_subject_6,inline_vs_block,theta_relative_power,exploratory,-0.005846659739039355
lab_subject_7,inline_vs_block,theta_relative_power,exploratory,-0.02152519040292936
lab_subject_8,inline_vs_block,theta_relative_power,exploratory,-0.023805607726189483
lab_subject_9,inline_vs_block,theta_relative_power,exploratory,-0.02856989900538614
lab_subject_1,early_vs_late,theta_relative_power,exploratory,-0.04152913394136075
lab_subject_10,early_vs_late,theta_relative_power,exploratory,0.02473065394091155
lab_subject_11,early_vs_late,theta_relative_power,exploratory,-0.03824751952983864
lab_subject_12,early_vs_late,theta_relative_power,exploratory,-0.03843246197101226
lab_subject_13,early_vs_late,theta_relative_power,exploratory,-0.00671240970194311
lab_subject_14,early_vs_late,theta_relative_power,exploratory,0.05818523301808014
lab_subject_15,early_vs_late,theta_relative_power,exploratory,0.05236503854006205
lab_subject_16,early_vs_late,theta_relative_power,exploratory,-0.04036622497663413
lab_subject_17,early_vs_late,theta_relative_power,exploratory,-0.014486584139556752
lab_subject_18,early_vs_late,theta_relative_power,exploratory,-0.04188280322489719
lab_subject_19,early_vs_late,theta_relative_power,exploratory,-0.005814953864053042
lab_subject_2,early_vs_late,theta_relative_power,exploratory,-0.020125778375970765
lab_subject_3,early_vs_late,theta_relative_power,exploratory,-0.006662594151685401
lab_subject_5,early_vs_late,theta_relative_power,exploratory,-0.04269683362270009
lab_subject_6,early_vs_late,theta_relative_power,exploratory,0.047454911302471404
lab_subject_7,early_vs_late,theta_relative_power,exploratory,-0.022354193626747444
lab_subject_8,early_vs_late,theta_relative_power,exploratory,0.07364331423364967
lab_subject_9,early_vs_late,theta_relative_power,exploratory,-0.02331788644025034
lab_subject_1,format_x_timing,theta_relative_power,exploratory,-0.06010159206749466
lab_subject_10,format_x_timing,theta_relative_power,exploratory,-0.18689460941874803
lab_subject_11,format_x_timing,theta_relative_power,exploratory,-0.07490854087699428
lab_subject_12,format_x_timing,theta_relative_power,exploratory,0.1103343994308609
lab_subject_13,format_x_timing,theta_relative_power,exploratory,0.047973580998870696
lab_subject_14,format_x_timing,theta_relative_power,exploratory,0.11760671014386637
lab_subject_15,format_x_timing,theta_relative_power,exploratory,0.021639668917188055
lab_subject_16,format_x_timing,theta_relative_power,exploratory,-0.0029730813406070034
lab_subject_17,format_x_timing,theta_relative_power,exploratory,-0.06785702555859802
lab_subject_18,format_x_timing,theta_relative_power,exploratory,0.1740235439889196
lab_subject_19,format_x_timing,theta_relative_power,exploratory,0.13724930201530905
lab_subject_2,format_x_timing,theta_relative_power,exploratory,0.0057082127341091665
lab_subject_3,format_x_timing,theta_relative_power,exploratory,-0.038572379522514535
lab_subject_5,format_x_timing,theta_relative_power,exploratory,0.10371957223070247
lab_subject_6,format_x_timing,theta_relative_power,exploratory,-0.1577295074075519
lab_subject_7,format_x_timing,theta_relative_power,exploratory,-0.03134654704995075
lab_subject_8,format_x_timing,theta_relative_power,exploratory,0.09524375935959915
lab_subject_9,format_x_timing,theta_relative_power,exploratory,0.014501197372350796
lab_subject_1,inline_early_vs_no_ad_early,alpha_relative_power,exploratory,-0.010165023333157833
lab_subject_11,inline_early_vs_no_ad_early,alpha_relative_power,exploratory,-0.15190230363527552
lab_subject_12,inline_early_vs_no_ad_early,alpha_relative_power,exploratory,-0.037271536392904786
lab_subject_13,inline_early_vs_no_ad_early,alpha_relative_power,exploratory,0.019404937890490307
lab_subject_14,inline_early_vs_no_ad_early,alpha_relative_power,exploratory,0.08295195841221081
lab_subject_15,inline_early_vs_no_ad_early,alpha_relative_power,exploratory,0.03628043864161289
lab_subject_16,inline_early_vs_no_ad_early,alpha_relative_power,exploratory,0.007595784921936993
lab_subject_17,inline_early_vs_no_ad_early,alpha_relative_power,exploratory,-0.06194014743752516
lab_subject_18,inline_early_vs_no_ad_early,alpha_relative_power,exploratory,0.03559910115646925
lab_subject_19,inline_early_vs_no_ad_early,alpha_relative_power,exploratory,0.04717243523365583
lab_subject_2,inline_early_vs_no_ad_early,alpha_relative_power,exploratory,-0.04337773545386571
lab_subject_3,inline_early_vs_no_ad_early,alpha_relative_power,exploratory,-0.022691300558295727
lab_subject_5,inline_early_vs_no_ad_early,alpha_relative_power,exploratory,-0.012452637465338173
lab_subject_6,inline_early_vs_no_ad_early,alpha_relative_power,exploratory,-0.014588048716428291
lab_subject_7,inline_early_vs_no_ad_early,alpha_relative_power,exploratory,-0.04690819088074002
lab_subject_8,inline_early_vs_no_ad_early,alpha_relative_power,exploratory,-0.010896999024252084
lab_subject_9,inline_early_vs_no_ad_early,alpha_relative_power,exploratory,0.007004039500127138
lab_subject_1,block_early_vs_no_ad_early,alpha_relative_power,exploratory,-0.04867257502205892
lab_subject_11,block_early_vs_no_ad_early,alpha_relative_power,exploratory,-0.1304102719743852
lab_subject_12,block_early_vs_no_ad_early,alpha_relative_power,exploratory,-0.2483054828864046
lab_subject_13,block_early_vs_no_ad_early,alpha_relative_power,exploratory,0.010125637887347196
lab_subject_14,block_early_vs_no_ad_early,alpha_relative_power,exploratory,0.01827253120947708
lab_subject_15,block_early_vs_no_ad_early,alpha_relative_power,exploratory,-0.0397894492527838
lab_subject_16,block_early_vs_no_ad_early,alpha_relative_power,exploratory,-0.04504697132232105
lab_subject_17,block_early_vs_no_ad_early,alpha_relative_power,exploratory,-0.04057944353538774
lab_subject_18,block_early_vs_no_ad_early,alpha_relative_power,exploratory,-0.029418870906060685
lab_subject_19,block_early_vs_no_ad_early,alpha_relative_power,exploratory,-0.019224124860744006
lab_subject_2,block_early_vs_no_ad_early,alpha_relative_power,exploratory,-0.026221136693757606
lab_subject_3,block_early_vs_no_ad_early,alpha_relative_power,exploratory,-0.08210792883956139
lab_subject_5,block_early_vs_no_ad_early,alpha_relative_power,exploratory,0.0019689222486650934
lab_subject_6,block_early_vs_no_ad_early,alpha_relative_power,exploratory,0.06222374885518964
lab_subject_7,block_early_vs_no_ad_early,alpha_relative_power,exploratory,-0.03132075261793994
lab_subject_8,block_early_vs_no_ad_early,alpha_relative_power,exploratory,-0.04143787718338132
lab_subject_9,block_early_vs_no_ad_early,alpha_relative_power,exploratory,0.032137204103114964
lab_subject_1,inline_late_vs_no_ad_late,alpha_relative_power,exploratory,-0.0013153194429146031
lab_subject_10,inline_late_vs_no_ad_late,alpha_relative_power,exploratory,0.11201898950560724
lab_subject_11,inline_late_vs_no_ad_late,alpha_relative_power,exploratory,0.04394033489847987
lab_subject_12,inline_late_vs_no_ad_late,alpha_relative_power,exploratory,-0.06555545261271802
lab_subject_13,inline_late_vs_no_ad_late,alpha_relative_power,exploratory,-0.08524637184697889
lab_subject_14,inline_late_vs_no_ad_late,alpha_relative_power,exploratory,-0.05842419777177579
lab_subject_15,inline_late_vs_no_ad_late,alpha_relative_power,exploratory,0.04347042091754933
lab_subject_16,inline_late_vs_no_ad_late,alpha_relative_power,exploratory,0.027034213257273843
lab_subject_17,inline_late_vs_no_ad_late,alpha_relative_power,exploratory,0.04385486153268908
lab_subject_18,inline_late_vs_no_ad_late,alpha_relative_power,exploratory,-0.02418813174661273
lab_subject_19,inline_late_vs_no_ad_late,alpha_relative_power,exploratory,-0.027623829941404384
lab_subject_2,inline_late_vs_no_ad_late,alpha_relative_power,exploratory,0.05569505250218615
lab_subject_3,inline_late_vs_no_ad_late,alpha_relative_power,exploratory,-0.012107620540932382
lab_subject_5,inline_late_vs_no_ad_late,alpha_relative_power,exploratory,-0.00472221795637974
lab_subject_6,inline_late_vs_no_ad_late,alpha_relative_power,exploratory,-0.001829791009694423
lab_subject_7,inline_late_vs_no_ad_late,alpha_relative_power,exploratory,-0.03178528737377153
lab_subject_8,inline_late_vs_no_ad_late,alpha_relative_power,exploratory,-0.2190055528167612
lab_subject_9,inline_late_vs_no_ad_late,alpha_relative_power,exploratory,-0.05583124460675508
lab_subject_1,block_late_vs_no_ad_late,alpha_relative_power,exploratory,-0.0617860044811689
lab_subject_10,block_late_vs_no_ad_late,alpha_relative_power,exploratory,0.00023162432539805544
lab_subject_11,block_late_vs_no_ad_late,alpha_relative_power,exploratory,0.0014343836952250139
lab_subject_12,block_late_vs_no_ad_late,alpha_relative_power,exploratory,-0.11191470972091135
lab_subject_13,block_late_vs_no_ad_late,alpha_relative_power,exploratory,-0.04568321820415109
lab_subject_14,block_late_vs_no_ad_late,alpha_relative_power,exploratory,-0.043046414106857354
lab_subject_15,block_late_vs_no_ad_late,alpha_relative_power,exploratory,-0.00996725591454986
lab_subject_16,block_late_vs_no_ad_late,alpha_relative_power,exploratory,-0.016615764804850094
lab_subject_17,block_late_vs_no_ad_late,alpha_relative_power,exploratory,0.0214167557576478
lab_subject_18,block_late_vs_no_ad_late,alpha_relative_power,exploratory,0.014939289667955012
lab_subject_19,block_late_vs_no_ad_late,alpha_relative_power,exploratory,0.01441247316680317
lab_subject_2,block_late_vs_no_ad_late,alpha_relative_power,exploratory,0.07063713664526189
lab_subject_3,block_late_vs_no_ad_late,alpha_relative_power,exploratory,0.014401359493269386
lab_subject_5,block_late_vs_no_ad_late,alpha_relative_power,exploratory,0.07780070649913025
lab_subject_6,block_late_vs_no_ad_late,alpha_relative_power,exploratory,-0.0930796527284879
lab_subject_7,block_late_vs_no_ad_late,alpha_relative_power,exploratory,-0.03529055646312899
lab_subject_8,block_late_vs_no_ad_late,alpha_relative_power,exploratory,-0.0711773993021498
lab_subject_9,block_late_vs_no_ad_late,alpha_relative_power,exploratory,0.0008990141495566206
lab_subject_1,any_ad_vs_matched_no_ad,alpha_relative_power,exploratory,-0.030484730569825064
lab_subject_11,any_ad_vs_matched_no_ad,alpha_relative_power,exploratory,-0.05923446425398896
lab_subject_12,any_ad_vs_matched_no_ad,alpha_relative_power,exploratory,-0.1157617954032347
lab_subject_13,any_ad_vs_matched_no_ad,alpha_relative_power,exploratory,-0.025349753568323117
lab_subject_14,any_ad_vs_matched_no_ad,alpha_relative_power,exploratory,-6.15305642363128e-05
lab_subject_15,any_ad_vs_matched_no_ad,alpha_relative_power,exploratory,0.007498538597957141
lab_subject_16,any_ad_vs_matched_no_ad,alpha_relative_power,exploratory,-0.006758184486990077
lab_subject_17,any_ad_vs_matched_no_ad,alpha_relative_power,exploratory,-0.00931199342064401
lab_subject_18,any_ad_vs_matched_no_ad,alpha_relative_power,exploratory,-0.0007671529570622889
lab_subject_19,any_ad_vs_matched_no_ad,alpha_relative_power,exploratory,0.0036842383995776525
lab_subject_2,any_ad_vs_matched_no_ad,alpha_relative_power,exploratory,0.01418332924995618
lab_subject_3,any_ad_vs_matched_no_ad,alpha_relative_power,exploratory,-0.025626372611380028
lab_subject_5,any_ad_vs_matched_no_ad,alpha_relative_power,exploratory,0.01564869333151936
lab_subject_6,any_ad_vs_matched_no_ad,alpha_relative_power,exploratory,-0.011818435899855241
lab_subject_7,any_ad_vs_matched_no_ad,alpha_relative_power,exploratory,-0.036326196833895125
lab_subject_8,any_ad_vs_matched_no_ad,alpha_relative_power,exploratory,-0.0856294570816361
lab_subject_9,any_ad_vs_matched_no_ad,alpha_relative_power,exploratory,-0.003947746713489089
lab_subject_1,inline_vs_block,alpha_relative_power,exploratory,0.049489118363577694
lab_subject_10,inline_vs_block,alpha_relative_power,exploratory,-0.046654665934829406
lab_subject_11,inline_vs_block,alpha_relative_power,exploratory,0.010506959771182281
lab_subject_12,inline_vs_block,alpha_relative_power,exploratory,0.12869660180084658
lab_subject_13,inline_vs_block,alpha_relative_power,exploratory,-0.015141926819842343
lab_subject_14,inline_vs_block,alpha_relative_power,exploratory,0.02465082176890765
lab_subject_15,inline_vs_block,alpha_relative_power,exploratory,0.06475378236324794
lab_subject_16,inline_vs_block,alpha_relative_power,exploratory,0.04814636715319099
lab_subject_17,inline_vs_block,alpha_relative_power,exploratory,0.000538700936451933
lab_subject_18,inline_vs_block,alpha_relative_power,exploratory,0.012945275323981095
lab_subject_19,inline_vs_block,alpha_relative_power,exploratory,0.01218012849309614
lab_subject_2,inline_vs_block,alpha_relative_power,exploratory,-0.01604934145159192
lab_subject_3,inline_vs_block,alpha_relative_power,exploratory,0.016453824123531947
lab_subject_5,inline_vs_block,alpha_relative_power,exploratory,-0.04847224208475663
lab_subject_6,inline_vs_block,alpha_relative_power,exploratory,0.0072190320735877715
lab_subject_7,inline_vs_block,alpha_relative_power,exploratory,-0.006041084586721309
lab_subject_8,inline_vs_block,alpha_relative_power,exploratory,-0.058643637677741084
lab_subject_9,inline_vs_block,alpha_relative_power,exploratory,-0.04093171167964976
lab_subject_1,early_vs_late,alpha_relative_power,exploratory,-0.02405063854907749
lab_subject_10,early_vs_late,alpha_relative_power,exploratory,-0.0006801371440818549
lab_subject_11,early_vs_late,alpha_relative_power,exploratory,-0.030970330970623933
lab_subject_12,early_vs_late,alpha_relative_power,exploratory,0.015787725736079172
lab_subject_13,early_vs_late,alpha_relative_power,exploratory,0.020917477737452075
lab_subject_14,early_vs_late,alpha_relative_power,exploratory,0.040081211094727134
lab_subject_15,early_vs_late,alpha_relative_power,exploratory,0.023393245746263693
lab_subject_16,early_vs_late,alpha_relative_power,exploratory,-0.014096176968813594
lab_subject_17,early_vs_late,alpha_relative_power,exploratory,-0.005773848519758075
lab_subject_18,early_vs_late,alpha_relative_power,exploratory,-0.019260094633923645
lab_subject_19,early_vs_late,alpha_relative_power,exploratory,0.012907527964776304
lab_subject_2,early_vs_late,alpha_relative_power,exploratory,-0.00910420128537322
lab_subject_3,early_vs_late,alpha_relative_power,exploratory,0.003691628871660406
lab_subject_5,early_vs_late,alpha_relative_power,exploratory,-0.017475468478986993
lab_subject_6,early_vs_late,alpha_relative_power,exploratory,0.009318365312996704
lab_subject_7,early_vs_late,alpha_relative_power,exploratory,-0.04260801280182153
lab_subject_8,early_vs_late,alpha_relative_power,exploratory,0.09672998605108546
lab_subject_9,early_vs_late,alpha_relative_power,exploratory,-0.054255534157252074
lab_subject_1,format_x_timing,alpha_relative_power,exploratory,-0.02196313334935321
lab_subject_10,format_x_timing,alpha_relative_power,exploratory,-0.3168840622300772
lab_subject_11,format_x_timing,alpha_relative_power,exploratory,-0.06399798286414515
lab_subject_12,format_x_timing,alpha_relative_power,exploratory,0.1646746893853065
lab_subject_13,format_x_timing,alpha_relative_power,exploratory,0.0488424536459709
lab_subject_14,format_x_timing,alpha_relative_power,exploratory,0.08005721086765216
lab_subject_15,format_x_timing,alpha_relative_power,exploratory,0.022632211062297496
lab_subject_16,format_x_timing,alpha_relative_power,exploratory,0.008992778182134106
lab_subject_17,format_x_timing,alpha_relative_power,exploratory,-0.0437988096771787
lab_subject_18,format_x_timing,alpha_relative_power,exploratory,0.10414539347709767
lab_subject_19,format_x_timing,alpha_relative_power,exploratory,0.1084328632026074
lab_subject_2,format_x_timing,alpha_relative_power,exploratory,-0.0022145146170323687
lab_subject_3,format_x_timing,alpha_relative_power,exploratory,0.08592560831546743
lab_subject_5,format_x_timing,alpha_relative_power,exploratory,0.06810136474150671
lab_subject_6,format_x_timing,alpha_relative_power,exploratory,-0.1680616592904114
lab_subject_7,format_x_timing,alpha_relative_power,exploratory,-0.019092707352157533
lab_subject_8,format_x_timing,alpha_relative_power,exploratory,0.17836903167374066
lab_subject_9,format_x_timing,alpha_relative_power,exploratory,0.03159709415332389
lab_subject_1,inline_early_vs_no_ad_early,beta_relative_power,exploratory,-0.08055431757919368
lab_subject_11,inline_early_vs_no_ad_early,beta_relative_power,exploratory,-0.0695194361106195
lab_subject_12,inline_early_vs_no_ad_early,beta_relative_power,exploratory,-0.008493641327304763
lab_subject_13,inline_early_vs_no_ad_early,beta_relative_power,exploratory,0.0025121030167225
lab_subject_14,inline_early_vs_no_ad_early,beta_relative_power,exploratory,-0.321162598722574
lab_subject_15,inline_early_vs_no_ad_early,beta_relative_power,exploratory,0.05793575160272536
lab_subject_16,inline_early_vs_no_ad_early,beta_relative_power,exploratory,0.07341033612274936
lab_subject_17,inline_early_vs_no_ad_early,beta_relative_power,exploratory,-0.10561860133924797
lab_subject_18,inline_early_vs_no_ad_early,beta_relative_power,exploratory,-0.0625803719926262
lab_subject_19,inline_early_vs_no_ad_early,beta_relative_power,exploratory,0.04184051341706137
lab_subject_2,inline_early_vs_no_ad_early,beta_relative_power,exploratory,0.040174672651995355
lab_subject_3,inline_early_vs_no_ad_early,beta_relative_power,exploratory,-0.1603587272763644
lab_subject_5,inline_early_vs_no_ad_early,beta_relative_power,exploratory,-0.15896680689398376
lab_subject_6,inline_early_vs_no_ad_early,beta_relative_power,exploratory,-0.06398117288362522
lab_subject_7,inline_early_vs_no_ad_early,beta_relative_power,exploratory,-0.09299953089527521
lab_subject_8,inline_early_vs_no_ad_early,beta_relative_power,exploratory,-0.03813886329757282
lab_subject_9,inline_early_vs_no_ad_early,beta_relative_power,exploratory,-0.04119129587386616
lab_subject_1,block_early_vs_no_ad_early,beta_relative_power,exploratory,-0.20629996154373748
lab_subject_11,block_early_vs_no_ad_early,beta_relative_power,exploratory,-0.05790007461512239
lab_subject_12,block_early_vs_no_ad_early,beta_relative_power,exploratory,-0.17449930321816834
lab_subject_13,block_early_vs_no_ad_early,beta_relative_power,exploratory,-0.014374578016446538
lab_subject_14,block_early_vs_no_ad_early,beta_relative_power,exploratory,-0.5303685054478371
lab_subject_15,block_early_vs_no_ad_early,beta_relative_power,exploratory,-0.07645587765878795
lab_subject_16,block_early_vs_no_ad_early,beta_relative_power,exploratory,-0.13146569960220794
lab_subject_17,block_early_vs_no_ad_early,beta_relative_power,exploratory,-0.021937406142493038
lab_subject_18,block_early_vs_no_ad_early,beta_relative_power,exploratory,-0.12461759181563742
lab_subject_19,block_early_vs_no_ad_early,beta_relative_power,exploratory,0.017046252736671354
lab_subject_2,block_early_vs_no_ad_early,beta_relative_power,exploratory,-0.10234273951502862
lab_subject_3,block_early_vs_no_ad_early,beta_relative_power,exploratory,-0.2666129999642005
lab_subject_5,block_early_vs_no_ad_early,beta_relative_power,exploratory,-0.06596244952610866
lab_subject_6,block_early_vs_no_ad_early,beta_relative_power,exploratory,0.08871253697505793
lab_subject_7,block_early_vs_no_ad_early,beta_relative_power,exploratory,-0.14063307711345888
lab_subject_8,block_early_vs_no_ad_early,beta_relative_power,exploratory,-0.11815225239930147
lab_subject_9,block_early_vs_no_ad_early,beta_relative_power,exploratory,0.06698799877375311
lab_subject_1,inline_late_vs_no_ad_late,beta_relative_power,exploratory,-0.05712388352918715
lab_subject_10,inline_late_vs_no_ad_late,beta_relative_power,exploratory,0.08522562259364841
lab_subject_11,inline_late_vs_no_ad_late,beta_relative_power,exploratory,0.0545980636847721
lab_subject_12,inline_late_vs_no_ad_late,beta_relative_power,exploratory,-0.04016895143132959
lab_subject_13,inline_late_vs_no_ad_late,beta_relative_power,exploratory,-0.13172270691626575
lab_subject_14,inline_late_vs_no_ad_late,beta_relative_power,exploratory,-0.21015230561886028
lab_subject_15,inline_late_vs_no_ad_late,beta_relative_power,exploratory,0.031920927995966075
lab_subject_16,inline_late_vs_no_ad_late,beta_relative_power,exploratory,0.12161903055604004
lab_subject_17,inline_late_vs_no_ad_late,beta_relative_power,exploratory,0.06448391071314366
lab_subject_18,inline_late_vs_no_ad_late,beta_relative_power,exploratory,-0.07609151508198722
lab_subject_19,inline_late_vs_no_ad_late,beta_relative_power,exploratory,-0.01968951015628262
lab_subject_2,inline_late_vs_no_ad_late,beta_relative_power,exploratory,0.08127254578033322
lab_subject_3,inline_late_vs_no_ad_late,beta_relative_power,exploratory,-0.04939597152859232
lab_subject_5,inline_late_vs_no_ad_late,beta_relative_power,exploratory,-0.015314069841954596
lab_subject_6,inline_late_vs_no_ad_late,beta_relative_power,exploratory,0.06159381369505612
lab_subject_7,inline_late_vs_no_ad_late,beta_relative_power,exploratory,-0.08148460570509919
lab_subject_8,inline_late_vs_no_ad_late,beta_relative_power,exploratory,-0.2865320328007346
lab_subject_9,inline_late_vs_no_ad_late,beta_relative_power,exploratory,-0.022984976379074804
lab_subject_1,block_late_vs_no_ad_late,beta_relative_power,exploratory,-0.1864186252314543
lab_subject_10,block_late_vs_no_ad_late,beta_relative_power,exploratory,0.003224258537622149
lab_subject_11,block_late_vs_no_ad_late,beta_relative_power,exploratory,0.012187602801999403
lab_subject_12,block_late_vs_no_ad_late,beta_relative_power,exploratory,-0.11903202203420235
lab_subject_13,block_late_vs_no_ad_late,beta_relative_power,exploratory,-0.056415727384011724
lab_subject_14,block_late_vs_no_ad_late,beta_relative_power,exploratory,-0.1851627514269884
lab_subject_15,block_late_vs_no_ad_late,beta_relative_power,exploratory,0.04775800778173697
lab_subject_16,block_late_vs_no_ad_late,beta_relative_power,exploratory,-0.12999053246535686
lab_subject_17,block_late_vs_no_ad_late,beta_relative_power,exploratory,0.12278505178326643
lab_subject_18,block_late_vs_no_ad_late,beta_relative_power,exploratory,-0.11119856668444822
lab_subject_19,block_late_vs_no_ad_late,beta_relative_power,exploratory,0.024855111698061774
lab_subject_2,block_late_vs_no_ad_late,beta_relative_power,exploratory,0.13221972912622973
lab_subject_3,block_late_vs_no_ad_late,beta_relative_power,exploratory,-0.14744748204756844
lab_subject_5,block_late_vs_no_ad_late,beta_relative_power,exploratory,0.1638525980291011
lab_subject_6,block_late_vs_no_ad_late,beta_relative_power,exploratory,-0.0980039961744127
lab_subject_7,block_late_vs_no_ad_late,beta_relative_power,exploratory,-0.11042457742931372
lab_subject_8,block_late_vs_no_ad_late,beta_relative_power,exploratory,-0.0694434372319564
lab_subject_9,block_late_vs_no_ad_late,beta_relative_power,exploratory,0.0123375447645723
lab_subject_1,any_ad_vs_matched_no_ad,beta_relative_power,exploratory,-0.13259919697089315
lab_subject_11,any_ad_vs_matched_no_ad,beta_relative_power,exploratory,-0.015158461059742598
lab_subject_12,any_ad_vs_matched_no_ad,beta_relative_power,exploratory,-0.08554847950275127
lab_subject_13,any_ad_vs_matched_no_ad,beta_relative_power,exploratory,-0.050000227325000375
lab_subject_14,any_ad_vs_matched_no_ad,beta_relative_power,exploratory,-0.31171154030406495
lab_subject_15,any_ad_vs_matched_no_ad,beta_relative_power,exploratory,0.015289702430410113
lab_subject_16,any_ad_vs_matched_no_ad,beta_relative_power,exploratory,-0.016606716347193844
lab_subject_17,any_ad_vs_matched_no_ad,beta_relative_power,exploratory,0.014928238753667271
lab_subject_18,any_ad_vs_matched_no_ad,beta_relative_power,exploratory,-0.09362201139367476
lab_subject_19,any_ad_vs_matched_no_ad,beta_relative_power,exploratory,0.016013091923877967
lab_subject_2,any_ad_vs_matched_no_ad,beta_relative_power,exploratory,0.037831052010882424
lab_subject_3,any_ad_vs_matched_no_ad,beta_relative_power,exploratory,-0.15595379520418146
lab_subject_5,any_ad_vs_matched_no_ad,beta_relative_power,exploratory,-0.01909768205823648
lab_subject_6,any_ad_vs_matched_no_ad,beta_relative_power,exploratory,-0.002919704596980967
lab_subject_7,any_ad_vs_matched_no_ad,beta_relative_power,exploratory,-0.10638544778578675
lab_subject_8,any_ad_vs_matched_no_ad,beta_relative_power,exploratory,-0.12806664643239132
lab_subject_9,any_ad_vs_matched_no_ad,beta_relative_power,exploratory,0.0037873178213461145
lab_subject_1,inline_vs_block,beta_relative_power,exploratory,0.1275201928334055
lab_subject_10,inline_vs_block,beta_relative_power,exploratory,0.01473080881021704
lab_subject_11,inline_vs_block,beta_relative_power,exploratory,0.015395549693637794
lab_subject_12,inline_vs_block,beta_relative_power,exploratory,0.12243436624686817
lab_subject_13,inline_vs_block,beta_relative_power,exploratory,-0.02921014924954249
lab_subject_14,inline_vs_block,beta_relative_power,exploratory,0.09210817626669558
lab_subject_15,inline_vs_block,beta_relative_power,exploratory,0.05927727473787121
lab_subject_16,inline_vs_block,beta_relative_power,exploratory,0.2282427993731771
lab_subject_17,inline_vs_block,beta_relative_power,exploratory,-0.07099116813343885
lab_subject_18,inline_vs_block,beta_relative_power,exploratory,0.04857213571273611
lab_subject_19,inline_vs_block,beta_relative_power,exploratory,-0.00987518058697719
lab_subject_2,inline_vs_block,beta_relative_power,exploratory,0.04578511441056373
lab_subject_3,inline_vs_block,beta_relative_power,exploratory,0.10215289160340613
lab_subject_5,inline_vs_block,beta_relative_power,exploratory,-0.1360855126194654
lab_subject_6,inline_vs_block,beta_relative_power,exploratory,0.003452050005392837
lab_subject_7,inline_vs_block,beta_relative_power,exploratory,0.0382867589711991
lab_subject_8,inline_vs_block,beta_relative_power,exploratory,-0.06853760323352479
lab_subject_9,inline_vs_block,beta_relative_power,exploratory,-0.07175090789563318
lab_subject_1,early_vs_late,beta_relative_power,exploratory,-0.04779301355458267
lab_subject_10,early_vs_late,beta_relative_power,exploratory,0.01674028053847146
lab_subject_11,early_vs_late,beta_relative_power,exploratory,0.006278274673281847
lab_subject_12,early_vs_late,beta_relative_power,exploratory,0.03398535990307215
lab_subject_13,early_vs_late,beta_relative_power,exploratory,0.03361192627447665
lab_subject_14,early_vs_late,beta_relative_power,exploratory,0.06192205696452607
lab_subject_15,early_vs_late,beta_relative_power,exploratory,0.015004421711969501
lab_subject_16,early_vs_late,beta_relative_power,exploratory,0.03303725814957785
lab_subject_17,early_vs_late,beta_relative_power,exploratory,-0.04328144893375015
lab_subject_18,early_vs_late,beta_relative_power,exploratory,-0.07360203015148822
lab_subject_19,early_vs_late,beta_relative_power,exploratory,0.013243984443518982
lab_subject_2,early_vs_late,beta_relative_power,exploratory,0.022823477202837048
lab_subject_3,early_vs_late,beta_relative_power,exploratory,0.031553298877502245
lab_subject_5,early_vs_late,beta_relative_power,exploratory,-0.0980858167585406
lab_subject_6,early_vs_late,beta_relative_power,exploratory,0.010422948695786513
lab_subject_7,early_vs_late,beta_relative_power,exploratory,-0.205662151395001
lab_subject_8,early_vs_late,beta_relative_power,exploratory,0.13811071246189088
lab_subject_9,early_vs_late,beta_relative_power,exploratory,-0.16120311143701316
lab_subject_1,format_x_timing,beta_relative_power,exploratory,-0.0035490977377233557
lab_subject_10,format_x_timing,beta_relative_power,exploratory,-0.13454111049161843
lab_subject_11,format_x_timing,beta_relative_power,exploratory,-0.05402982237826981
lab_subject_12,format_x_timing,beta_relative_power,exploratory,0.08714259128799082
lab_subject_13,format_x_timing,beta_relative_power,exploratory,0.09219366056542305
lab_subject_14,format_x_timing,beta_relative_power,exploratory,0.23419546091713495
lab_subject_15,format_x_timing,beta_relative_power,exploratory,0.1502287090472842
lab_subject_16,format_x_timing,beta_relative_power,exploratory,-0.046733527296439606
lab_subject_17,format_x_timing,beta_relative_power,exploratory,-0.025380054126632162
lab_subject_18,format_x_timing,beta_relative_power,exploratory,0.02693016822055022
lab_subject_19,format_x_timing,beta_relative_power,exploratory,0.06933888253473441
lab_subject_2,format_x_timing,beta_relative_power,exploratory,0.1934645955129205
lab_subject_3,format_x_timing,beta_relative_power,exploratory,0.008202762168860012
lab_subject_5,format_x_timing,beta_relative_power,exploratory,0.0861623105031806
lab_subject_6,format_x_timing,beta_relative_power,exploratory,-0.31229151972815195
lab_subject_7,format_x_timing,beta_relative_power,exploratory,0.018693574493969134
lab_subject_8,format_x_timing,beta_relative_power,exploratory,0.29710198467050686
lab_subject_9,format_x_timing,beta_relative_power,exploratory,-0.07285677350397216
lab_subject_1,inline_early_vs_no_ad_early,gamma_relative_power,exploratory,-0.02519658133064112
lab_subject_11,inline_early_vs_no_ad_early,gamma_relative_power,exploratory,0.03733346908292233
lab_subject_12,inline_early_vs_no_ad_early,gamma_relative_power,exploratory,-0.0006063523517042882
lab_subject_13,inline_early_vs_no_ad_early,gamma_relative_power,exploratory,0.01567130067012916
lab_subject_14,inline_early_vs_no_ad_early,gamma_relative_power,exploratory,-0.023240917670137244
lab_subject_15,inline_early_vs_no_ad_early,gamma_relative_power,exploratory,0.016968978418321644
lab_subject_16,inline_early_vs_no_ad_early,gamma_relative_power,exploratory,-0.023173427096245314
lab_subject_17,inline_early_vs_no_ad_early,gamma_relative_power,exploratory,-0.025795893711146448
lab_subject_18,inline_early_vs_no_ad_early,gamma_relative_power,exploratory,-0.08046709694882072
lab_subject_19,inline_early_vs_no_ad_early,gamma_relative_power,exploratory,0.008867137251586124
lab_subject_2,inline_early_vs_no_ad_early,gamma_relative_power,exploratory,-0.01625378505784414
lab_subject_3,inline_early_vs_no_ad_early,gamma_relative_power,exploratory,-0.07272622898071872
lab_subject_5,inline_early_vs_no_ad_early,gamma_relative_power,exploratory,-0.0837314592217187
lab_subject_6,inline_early_vs_no_ad_early,gamma_relative_power,exploratory,0.008589287319814683
lab_subject_7,inline_early_vs_no_ad_early,gamma_relative_power,exploratory,-0.07267086310345394
lab_subject_8,inline_early_vs_no_ad_early,gamma_relative_power,exploratory,-0.007327494860704137
lab_subject_9,inline_early_vs_no_ad_early,gamma_relative_power,exploratory,-0.03512883015741372
lab_subject_1,block_early_vs_no_ad_early,gamma_relative_power,exploratory,-0.02803296958551349
lab_subject_11,block_early_vs_no_ad_early,gamma_relative_power,exploratory,-0.013432515884861291
lab_subject_12,block_early_vs_no_ad_early,gamma_relative_power,exploratory,-0.0419944756277839
lab_subject_13,block_early_vs_no_ad_early,gamma_relative_power,exploratory,0.010833803614147954
lab_subject_14,block_early_vs_no_ad_early,gamma_relative_power,exploratory,-0.13173734932052225
lab_subject_15,block_early_vs_no_ad_early,gamma_relative_power,exploratory,-0.033140428620799106
lab_subject_16,block_early_vs_no_ad_early,gamma_relative_power,exploratory,-0.09967028601339285
lab_subject_17,block_early_vs_no_ad_early,gamma_relative_power,exploratory,0.02534861060878605
lab_subject_18,block_early_vs_no_ad_early,gamma_relative_power,exploratory,-0.06465309774158282
lab_subject_19,block_early_vs_no_ad_early,gamma_relative_power,exploratory,0.00797163161313532
lab_subject_2,block_early_vs_no_ad_early,gamma_relative_power,exploratory,-0.03564913431135895
lab_subject_3,block_early_vs_no_ad_early,gamma_relative_power,exploratory,-0.10120030831450552
lab_subject_5,block_early_vs_no_ad_early,gamma_relative_power,exploratory,-0.03253677308562471
lab_subject_6,block_early_vs_no_ad_early,gamma_relative_power,exploratory,0.03714222266456751
lab_subject_7,block_early_vs_no_ad_early,gamma_relative_power,exploratory,-0.0955859285954068
lab_subject_8,block_early_vs_no_ad_early,gamma_relative_power,exploratory,-0.000855531057752032
lab_subject_9,block_early_vs_no_ad_early,gamma_relative_power,exploratory,0.016520344865436822
lab_subject_1,inline_late_vs_no_ad_late,gamma_relative_power,exploratory,-0.13549164580902479
lab_subject_10,inline_late_vs_no_ad_late,gamma_relative_power,exploratory,0.033917946265192796
lab_subject_11,inline_late_vs_no_ad_late,gamma_relative_power,exploratory,0.00996511494086922
lab_subject_12,inline_late_vs_no_ad_late,gamma_relative_power,exploratory,0.004286475591874003
lab_subject_13,inline_late_vs_no_ad_late,gamma_relative_power,exploratory,-0.027926723069930836
lab_subject_14,inline_late_vs_no_ad_late,gamma_relative_power,exploratory,-0.1207860036253012
lab_subject_15,inline_late_vs_no_ad_late,gamma_relative_power,exploratory,-0.00178072163015916
lab_subject_16,inline_late_vs_no_ad_late,gamma_relative_power,exploratory,0.07425579807144964
lab_subject_17,inline_late_vs_no_ad_late,gamma_relative_power,exploratory,0.04289290219159343
lab_subject_18,inline_late_vs_no_ad_late,gamma_relative_power,exploratory,-0.024590781740120533
lab_subject_19,inline_late_vs_no_ad_late,gamma_relative_power,exploratory,-0.0014277945363561926
lab_subject_2,inline_late_vs_no_ad_late,gamma_relative_power,exploratory,0.013182050700303913
lab_subject_3,inline_late_vs_no_ad_late,gamma_relative_power,exploratory,0.02018145057494658
lab_subject_5,inline_late_vs_no_ad_late,gamma_relative_power,exploratory,-0.014591238621411155
lab_subject_6,inline_late_vs_no_ad_late,gamma_relative_power,exploratory,0.02916673050142346
lab_subject_7,inline_late_vs_no_ad_late,gamma_relative_power,exploratory,-0.06465182418933568
lab_subject_8,inline_late_vs_no_ad_late,gamma_relative_power,exploratory,-0.04140696660957141
lab_subject_9,inline_late_vs_no_ad_late,gamma_relative_power,exploratory,-0.02737601305159904
lab_subject_1,block_late_vs_no_ad_late,gamma_relative_power,exploratory,-0.05946037936465812
lab_subject_10,block_late_vs_no_ad_late,gamma_relative_power,exploratory,0.004646480191880912
lab_subject_11,block_late_vs_no_ad_late,gamma_relative_power,exploratory,0.004644515865486899
lab_subject_12,block_late_vs_no_ad_late,gamma_relative_power,exploratory,-0.004309238624502637
lab_subject_13,block_late_vs_no_ad_late,gamma_relative_power,exploratory,-0.008242554236008294
lab_subject_14,block_late_vs_no_ad_late,gamma_relative_power,exploratory,-0.0964191808017228
lab_subject_15,block_late_vs_no_ad_late,gamma_relative_power,exploratory,0.04953190902956929
lab_subject_16,block_late_vs_no_ad_late,gamma_relative_power,exploratory,-0.10913716674680947
lab_subject_17,block_late_vs_no_ad_late,gamma_relative_power,exploratory,0.060556825270535145
lab_subject_18,block_late_vs_no_ad_late,gamma_relative_power,exploratory,-0.12237474024155426
lab_subject_19,block_late_vs_no_ad_late,gamma_relative_power,exploratory,0.004944874029986874
lab_subject_2,block_late_vs_no_ad_late,gamma_relative_power,exploratory,0.034128883570471884
lab_subject_3,block_late_vs_no_ad_late,gamma_relative_power,exploratory,-0.06431490942173239
lab_subject_5,block_late_vs_no_ad_late,gamma_relative_power,exploratory,0.061684426032553766
lab_subject_6,block_late_vs_no_ad_late,gamma_relative_power,exploratory,0.0021659222149089177
lab_subject_7,block_late_vs_no_ad_late,gamma_relative_power,exploratory,-0.08476042627461092
lab_subject_8,block_late_vs_no_ad_late,gamma_relative_power,exploratory,-0.0033624271005930385
lab_subject_9,block_late_vs_no_ad_late,gamma_relative_power,exploratory,0.009675257887228068
lab_subject_1,any_ad_vs_matched_no_ad,gamma_relative_power,exploratory,-0.06204539402245937
lab_subject_11,any_ad_vs_matched_no_ad,gamma_relative_power,exploratory,0.00962764600110429
lab_subject_12,any_ad_vs_matched_no_ad,gamma_relative_power,exploratory,-0.010655897753029206
lab_subject_13,any_ad_vs_matched_no_ad,gamma_relative_power,exploratory,-0.0024160432554155044
lab_subject_14,any_ad_vs_matched_no_ad,gamma_relative_power,exploratory,-0.09304586285442087
lab_subject_15,any_ad_vs_matched_no_ad,gamma_relative_power,exploratory,0.007894934299233169
lab_subject_16,any_ad_vs_matched_no_ad,gamma_relative_power,exploratory,-0.0394312704462495
lab_subject_17,any_ad_vs_matched_no_ad,gamma_relative_power,exploratory,0.025750611089942047
lab_subject_18,any_ad_vs_matched_no_ad,gamma_relative_power,exploratory,-0.0730214291680196
lab_subject_19,any_ad_vs_matched_no_ad,gamma_relative_power,exploratory,0.005088962089588032
lab_subject_2,any_ad_vs_matched_no_ad,gamma_relative_power,exploratory,-0.0011479962746068252
lab_subject_3,any_ad_vs_matched_no_ad,gamma_relative_power,exploratory,-0.05451499903550251
lab_subject_5,any_ad_vs_matched_no_ad,gamma_relative_power,exploratory,-0.0172937612240502
lab_subject_6,any_ad_vs_matched_no_ad,gamma_relative_power,exploratory,0.01926604067517864
lab_subject_7,any_ad_vs_matched_no_ad,gamma_relative_power,exploratory,-0.07941726054070183
lab_subject_8,any_ad_vs_matched_no_ad,gamma_relative_power,exploratory,-0.013238104907155155
lab_subject_9,any_ad_vs_matched_no_ad,gamma_relative_power,exploratory,-0.009077310114086967
lab_subject_1,inline_vs_block,gamma_relative_power,exploratory,-0.03659743909474714
lab_subject_10,inline_vs_block,gamma_relative_power,exploratory,0.028534922308535715
lab_subject_11,inline_vs_block,gamma_relative_power,exploratory,0.028043292021582972
lab_subject_12,inline_vs_block,gamma_relative_power,exploratory,0.024991918746228123
lab_subject_13,inline_vs_block,gamma_relative_power,exploratory,-0.007423335888970668
lab_subject_14,inline_vs_block,gamma_relative_power,exploratory,0.04206480441340331
lab_subject_15,inline_vs_block,gamma_relative_power,exploratory,-0.0006016118103038502
lab_subject_16,inline_vs_block,gamma_relative_power,exploratory,0.12994491186770332
lab_subject_17,inline_vs_block,gamma_relative_power,exploratory,-0.03440421369943711
lab_subject_18,inline_vs_block,gamma_relative_power,exploratory,0.04098497964709791
lab_subject_19,inline_vs_block,gamma_relative_power,exploratory,-0.002738581463946132
lab_subject_2,inline_vs_block,gamma_relative_power,exploratory,-0.0007757418083265792
lab_subject_3,inline_vs_block,gamma_relative_power,exploratory,0.056485219665232886
lab_subject_5,inline_vs_block,gamma_relative_power,exploratory,-0.06373517539502946
lab_subject_6,inline_vs_block,gamma_relative_power,exploratory,-0.0007760635291191413
lab_subject_7,inline_vs_block,gamma_relative_power,exploratory,0.02151183378861404
lab_subject_8,inline_vs_block,gamma_relative_power,exploratory,-0.02225825165596524
lab_subject_9,inline_vs_block,gamma_relative_power,exploratory,-0.04435022298083882
lab_subject_1,early_vs_late,gamma_relative_power,exploratory,0.052631762634690445
lab_subject_10,early_vs_late,gamma_relative_power,exploratory,0.005503538959795067
lab_subject_11,early_vs_late,gamma_relative_power,exploratory,0.01579288350060312
lab_subject_12,early_vs_late,gamma_relative_power,exploratory,0.0016020287433402263
lab_subject_13,early_vs_late,gamma_relative_power,exploratory,0.010358461680304628
lab_subject_14,early_vs_late,gamma_relative_power,exploratory,0.016781925014528586
lab_subject_15,early_vs_late,gamma_relative_power,exploratory,-0.020815324613224582
lab_subject_16,early_vs_late,gamma_relative_power,exploratory,0.03877832054165879
lab_subject_17,early_vs_late,gamma_relative_power,exploratory,-0.034066823132796714
lab_subject_18,early_vs_late,gamma_relative_power,exploratory,-0.02293037432718472
lab_subject_19,early_vs_late,gamma_relative_power,exploratory,0.0007678964629901992
lab_subject_2,early_vs_late,gamma_relative_power,exploratory,-0.023538484721025422
lab_subject_3,early_vs_late,gamma_relative_power,exploratory,-0.009559681503526249
lab_subject_5,early_vs_late,gamma_relative_power,exploratory,-0.051573472906219955
lab_subject_6,early_vs_late,gamma_relative_power,exploratory,-0.01752661507859066
lab_subject_7,early_vs_late,gamma_relative_power,exploratory,-0.11115112412723675
lab_subject_8,early_vs_late,gamma_relative_power,exploratory,0.014469762848809995
lab_subject_9,early_vs_late,gamma_relative_power,exploratory,-0.07264122314513916
lab_subject_1,format_x_timing,gamma_relative_power,exploratory,0.07886765469923902
lab_subject_10,format_x_timing,gamma_relative_power,exploratory,-0.0014730875295523409
lab_subject_11,format_x_timing,gamma_relative_power,exploratory,0.045445385892401303
lab_subject_12,format_x_timing,gamma_relative_power,exploratory,0.03279240905970297
lab_subject_13,format_x_timing,gamma_relative_power,exploratory,0.024521665889903746
lab_subject_14,format_x_timing,gamma_relative_power,exploratory,0.1328632544739634
lab_subject_15,format_x_timing,gamma_relative_power,exploratory,0.10142203769884921
lab_subject_16,format_x_timing,gamma_relative_power,exploratory,-0.10689610590111157
lab_subject_17,format_x_timing,gamma_relative_power,exploratory,-0.033480581240990785
lab_subject_18,format_x_timing,gamma_relative_power,exploratory,-0.11359795770867162
lab_subject_19,format_x_timing,gamma_relative_power,exploratory,0.007268174204793871
lab_subject_2,format_x_timing,gamma_relative_power,exploratory,0.040342182123682784
lab_subject_3,format_x_timing,gamma_relative_power,exploratory,-0.056022280662892165
lab_subject_5,format_x_timing,gamma_relative_power,exploratory,0.025080978517870924
lab_subject_6,format_x_timing,gamma_relative_power,exploratory,-0.05555374363126737
lab_subject_7,format_x_timing,gamma_relative_power,exploratory,0.0028064634066776034
lab_subject_8,format_x_timing,gamma_relative_power,exploratory,0.03157257570602627
lab_subject_9,format_x_timing,gamma_relative_power,exploratory,-0.014597904084023436
lab_subject_1,inline_early_vs_no_ad_early,engagement_beta_over_alpha_theta,exploratory,-0.6685925267612767
lab_subject_11,inline_early_vs_no_ad_early,engagement_beta_over_alpha_theta,exploratory,0.40835159530841303
lab_subject_12,inline_early_vs_no_ad_early,engagement_beta_over_alpha_theta,exploratory,0.11744594993935376
lab_subject_13,inline_early_vs_no_ad_early,engagement_beta_over_alpha_theta,exploratory,-0.3964290749877035
lab_subject_14,inline_early_vs_no_ad_early,engagement_beta_over_alpha_theta,exploratory,-14.673854977507105
lab_subject_15,inline_early_vs_no_ad_early,engagement_beta_over_alpha_theta,exploratory,0.04774296802447159
lab_subject_16,inline_early_vs_no_ad_early,engagement_beta_over_alpha_theta,exploratory,0.32852905493361173
lab_subject_17,inline_early_vs_no_ad_early,engagement_beta_over_alpha_theta,exploratory,0.11306102554060071
lab_subject_18,inline_early_vs_no_ad_early,engagement_beta_over_alpha_theta,exploratory,-0.5263844996953715
lab_subject_19,inline_early_vs_no_ad_early,engagement_beta_over_alpha_theta,exploratory,-0.14158882288909175
lab_subject_2,inline_early_vs_no_ad_early,engagement_beta_over_alpha_theta,exploratory,2.984439992572627
lab_subject_3,inline_early_vs_no_ad_early,engagement_beta_over_alpha_theta,exploratory,-0.5812601585726563
lab_subject_5,inline_early_vs_no_ad_early,engagement_beta_over_alpha_theta,exploratory,-1.190024915091605
lab_subject_6,inline_early_vs_no_ad_early,engagement_beta_over_alpha_theta,exploratory,-0.1860686789603303
lab_subject_7,inline_early_vs_no_ad_early,engagement_beta_over_alpha_theta,exploratory,0.12120866007695752
lab_subject_8,inline_early_vs_no_ad_early,engagement_beta_over_alpha_theta,exploratory,-0.09699344372044283
lab_subject_9,inline_early_vs_no_ad_early,engagement_beta_over_alpha_theta,exploratory,-0.44771741120623854
lab_subject_1,block_early_vs_no_ad_early,engagement_beta_over_alpha_theta,exploratory,-0.9705563397106529
lab_subject_11,block_early_vs_no_ad_early,engagement_beta_over_alpha_theta,exploratory,0.2018721011721799
lab_subject_12,block_early_vs_no_ad_early,engagement_beta_over_alpha_theta,exploratory,0.06491761936139867
lab_subject_13,block_early_vs_no_ad_early,engagement_beta_over_alpha_theta,exploratory,-0.3784510452191612
lab_subject_14,block_early_vs_no_ad_early,engagement_beta_over_alpha_theta,exploratory,-14.661763569707581
lab_subject_15,block_early_vs_no_ad_early,engagement_beta_over_alpha_theta,exploratory,-0.3477348648373976
lab_subject_16,block_early_vs_no_ad_early,engagement_beta_over_alpha_theta,exploratory,-0.3715986346369915
lab_subject_17,block_early_vs_no_ad_early,engagement_beta_over_alpha_theta,exploratory,0.25014256171623006
lab_subject_18,block_early_vs_no_ad_early,engagement_beta_over_alpha_theta,exploratory,-0.2601904662921779
lab_subject_19,block_early_vs_no_ad_early,engagement_beta_over_alpha_theta,exploratory,0.09336285287718565
lab_subject_2,block_early_vs_no_ad_early,engagement_beta_over_alpha_theta,exploratory,-0.4897709357282414
lab_subject_3,block_early_vs_no_ad_early,engagement_beta_over_alpha_theta,exploratory,-1.1197539773463752
lab_subject_5,block_early_vs_no_ad_early,engagement_beta_over_alpha_theta,exploratory,-0.4148645213059866
lab_subject_6,block_early_vs_no_ad_early,engagement_beta_over_alpha_theta,exploratory,0.013338793930869897
lab_subject_7,block_early_vs_no_ad_early,engagement_beta_over_alpha_theta,exploratory,-0.5951996905268133
lab_subject_8,block_early_vs_no_ad_early,engagement_beta_over_alpha_theta,exploratory,-0.4227187005982409
lab_subject_9,block_early_vs_no_ad_early,engagement_beta_over_alpha_theta,exploratory,0.12810377053609245
lab_subject_1,inline_late_vs_no_ad_late,engagement_beta_over_alpha_theta,exploratory,-2.028166311535756
lab_subject_10,inline_late_vs_no_ad_late,engagement_beta_over_alpha_theta,exploratory,0.16710495050228322
lab_subject_11,inline_late_vs_no_ad_late,engagement_beta_over_alpha_theta,exploratory,-0.04835304451446565
lab_subject_12,inline_late_vs_no_ad_late,engagement_beta_over_alpha_theta,exploratory,0.014411001660829759
lab_subject_13,inline_late_vs_no_ad_late,engagement_beta_over_alpha_theta,exploratory,-0.22055402804477459
lab_subject_14,inline_late_vs_no_ad_late,engagement_beta_over_alpha_theta,exploratory,-0.26523785467841177
lab_subject_15,inline_late_vs_no_ad_late,engagement_beta_over_alpha_theta,exploratory,-0.10573790822300938
lab_subject_16,inline_late_vs_no_ad_late,engagement_beta_over_alpha_theta,exploratory,0.6781595525755328
lab_subject_17,inline_late_vs_no_ad_late,engagement_beta_over_alpha_theta,exploratory,0.19972746417515785
lab_subject_18,inline_late_vs_no_ad_late,engagement_beta_over_alpha_theta,exploratory,-0.16236802716676257
lab_subject_19,inline_late_vs_no_ad_late,engagement_beta_over_alpha_theta,exploratory,-0.1195336517932013
lab_subject_2,inline_late_vs_no_ad_late,engagement_beta_over_alpha_theta,exploratory,0.23036845421649998
lab_subject_3,inline_late_vs_no_ad_late,engagement_beta_over_alpha_theta,exploratory,-0.15005643236794397
lab_subject_5,inline_late_vs_no_ad_late,engagement_beta_over_alpha_theta,exploratory,0.03443494568576966
lab_subject_6,inline_late_vs_no_ad_late,engagement_beta_over_alpha_theta,exploratory,0.2335722082192736
lab_subject_7,inline_late_vs_no_ad_late,engagement_beta_over_alpha_theta,exploratory,-0.18201628469182096
lab_subject_8,inline_late_vs_no_ad_late,engagement_beta_over_alpha_theta,exploratory,-0.1626068077711018
lab_subject_9,inline_late_vs_no_ad_late,engagement_beta_over_alpha_theta,exploratory,0.8345916502321838
lab_subject_1,block_late_vs_no_ad_late,engagement_beta_over_alpha_theta,exploratory,-0.626833588681766
lab_subject_10,block_late_vs_no_ad_late,engagement_beta_over_alpha_theta,exploratory,0.10107791215660741
lab_subject_11,block_late_vs_no_ad_late,engagement_beta_over_alpha_theta,exploratory,0.06139436604730375
lab_subject_12,block_late_vs_no_ad_late,engagement_beta_over_alpha_theta,exploratory,-0.1562224447451912
lab_subject_13,block_late_vs_no_ad_late,engagement_beta_over_alpha_theta,exploratory,-0.16757734465646312
lab_subject_14,block_late_vs_no_ad_late,engagement_beta_over_alpha_theta,exploratory,-0.6468050240579108
lab_subject_15,block_late_vs_no_ad_late,engagement_beta_over_alpha_theta,exploratory,0.9187319089071553
lab_subject_16,block_late_vs_no_ad_late,engagement_beta_over_alpha_theta,exploratory,-1.3363809416537358
lab_subject_17,block_late_vs_no_ad_late,engagement_beta_over_alpha_theta,exploratory,0.5875181787110707
lab_subject_18,block_late_vs_no_ad_late,engagement_beta_over_alpha_theta,exploratory,-1.8821828873960447
lab_subject_19,block_late_vs_no_ad_late,engagement_beta_over_alpha_theta,exploratory,-0.05534390493744096
lab_subject_2,block_late_vs_no_ad_late,engagement_beta_over_alpha_theta,exploratory,-0.03845785372512034
lab_subject_3,block_late_vs_no_ad_late,engagement_beta_over_alpha_theta,exploratory,-0.9659408471888847
lab_subject_5,block_late_vs_no_ad_late,engagement_beta_over_alpha_theta,exploratory,0.5644181113801319
lab_subject_6,block_late_vs_no_ad_late,engagement_beta_over_alpha_theta,exploratory,0.00623333489608513
lab_subject_7,block_late_vs_no_ad_late,engagement_beta_over_alpha_theta,exploratory,-0.45288470043005447
lab_subject_8,block_late_vs_no_ad_late,engagement_beta_over_alpha_theta,exploratory,0.02983920469432466
lab_subject_9,block_late_vs_no_ad_late,engagement_beta_over_alpha_theta,exploratory,-0.024563723204014898
lab_subject_1,any_ad_vs_matched_no_ad,engagement_beta_over_alpha_theta,exploratory,-1.0735371916723628
lab_subject_11,any_ad_vs_matched_no_ad,engagement_beta_over_alpha_theta,exploratory,0.15581625450335776
lab_subject_12,any_ad_vs_matched_no_ad,engagement_beta_over_alpha_theta,exploratory,0.010138031554097746
lab_subject_13,any_ad_vs_matched_no_ad,engagement_beta_over_alpha_theta,exploratory,-0.2907528732270256
lab_subject_14,any_ad_vs_matched_no_ad,engagement_beta_over_alpha_theta,exploratory,-7.561915356487752
lab_subject_15,any_ad_vs_matched_no_ad,engagement_beta_over_alpha_theta,exploratory,0.12825052596780498
lab_subject_16,any_ad_vs_matched_no_ad,engagement_beta_over_alpha_theta,exploratory,-0.17532274219539568
lab_subject_17,any_ad_vs_matched_no_ad,engagement_beta_over_alpha_theta,exploratory,0.28761230753576483
lab_subject_18,any_ad_vs_matched_no_ad,engagement_beta_over_alpha_theta,exploratory,-0.7077814701375892
lab_subject_19,any_ad_vs_matched_no_ad,engagement_beta_over_alpha_theta,exploratory,-0.05577588168563709
lab_subject_2,any_ad_vs_matched_no_ad,engagement_beta_over_alpha_theta,exploratory,0.6716449143339414
lab_subject_3,any_ad_vs_matched_no_ad,engagement_beta_over_alpha_theta,exploratory,-0.704252853868965
lab_subject_5,any_ad_vs_matched_no_ad,engagement_beta_over_alpha_theta,exploratory,-0.2515090948329225
lab_subject_6,any_ad_vs_matched_no_ad,engagement_beta_over_alpha_theta,exploratory,0.01676891452147458
lab_subject_7,any_ad_vs_matched_no_ad,engagement_beta_over_alpha_theta,exploratory,-0.2772230038929328
lab_subject_8,any_ad_vs_matched_no_ad,engagement_beta_over_alpha_theta,exploratory,-0.16311993684886522
lab_subject_9,any_ad_vs_matched_no_ad,engagement_beta_over_alpha_theta,exploratory,0.12260357158950572
lab_subject_1,inline_vs_block,engagement_beta_over_alpha_theta,exploratory,-0.5496844549523068
lab_subject_10,inline_vs_block,engagement_beta_over_alpha_theta,exploratory,0.13005317311498887
lab_subject_11,inline_vs_block,engagement_beta_over_alpha_theta,exploratory,0.04836604178723186
lab_subject_12,inline_vs_block,engagement_beta_over_alpha_theta,exploratory,0.11158088849198802
lab_subject_13,inline_vs_block,engagement_beta_over_alpha_theta,exploratory,-0.035477356578426905
lab_subject_14,inline_vs_block,engagement_beta_over_alpha_theta,exploratory,0.18473788078998832
lab_subject_15,inline_vs_block,engagement_beta_over_alpha_theta,exploratory,-0.3144959921341478
lab_subject_16,inline_vs_block,engagement_beta_over_alpha_theta,exploratory,1.357334091899936
lab_subject_17,inline_vs_block,engagement_beta_over_alpha_theta,exploratory,-0.2624361253557711
lab_subject_18,inline_vs_block,engagement_beta_over_alpha_theta,exploratory,0.7268104134130442
lab_subject_19,inline_vs_block,engagement_beta_over_alpha_theta,exploratory,-0.14957071131101887
lab_subject_2,inline_vs_block,engagement_beta_over_alpha_theta,exploratory,1.8715186181212444
lab_subject_3,inline_vs_block,engagement_beta_over_alpha_theta,exploratory,0.6771891167973298
lab_subject_5,inline_vs_block,engagement_beta_over_alpha_theta,exploratory,-0.6525717797399904
lab_subject_6,inline_vs_block,engagement_beta_over_alpha_theta,exploratory,0.013965700215994137
lab_subject_7,inline_vs_block,engagement_beta_over_alpha_theta,exploratory,0.49363838317100217
lab_subject_8,inline_vs_block,engagement_beta_over_alpha_theta,exploratory,0.0666396222061858
lab_subject_9,inline_vs_block,engagement_beta_over_alpha_theta,exploratory,0.14166709584693388
lab_subject_1,early_vs_late,engagement_beta_over_alpha_theta,exploratory,0.8258003986075
lab_subject_10,early_vs_late,engagement_beta_over_alpha_theta,exploratory,0.10266540569254712
lab_subject_11,early_vs_late,engagement_beta_over_alpha_theta,exploratory,0.24831303911575991
lab_subject_12,early_vs_late,engagement_beta_over_alpha_theta,exploratory,0.09921636919236329
lab_subject_13,early_vs_late,engagement_beta_over_alpha_theta,exploratory,0.13893807657515123
lab_subject_14,early_vs_late,engagement_beta_over_alpha_theta,exploratory,-0.4810452937320594
lab_subject_15,early_vs_late,engagement_beta_over_alpha_theta,exploratory,-0.4480258486686186
lab_subject_16,early_vs_late,engagement_beta_over_alpha_theta,exploratory,1.0402847992420265
lab_subject_17,early_vs_late,engagement_beta_over_alpha_theta,exploratory,-0.16917440344613877
lab_subject_18,early_vs_late,engagement_beta_over_alpha_theta,exploratory,0.42579892842092537
lab_subject_19,early_vs_late,engagement_beta_over_alpha_theta,exploratory,0.041208206320370616
lab_subject_2,early_vs_late,engagement_beta_over_alpha_theta,exploratory,1.1033465628147345
lab_subject_3,early_vs_late,engagement_beta_over_alpha_theta,exploratory,0.18954694078226952
lab_subject_5,early_vs_late,engagement_beta_over_alpha_theta,exploratory,-0.572097595331341
lab_subject_6,early_vs_late,engagement_beta_over_alpha_theta,exploratory,-0.1640197285370218
lab_subject_7,early_vs_late,engagement_beta_over_alpha_theta,exploratory,-0.8705465354491025
lab_subject_8,early_vs_late,engagement_beta_over_alpha_theta,exploratory,-0.11178228989670169
lab_subject_9,early_vs_late,engagement_beta_over_alpha_theta,exploratory,-0.9446650028276193
lab_subject_1,format_x_timing,engagement_beta_over_alpha_theta,exploratory,1.703296535803366
lab_subject_10,format_x_timing,engagement_beta_over_alpha_theta,exploratory,0.12805226953862614
lab_subject_11,format_x_timing,engagement_beta_over_alpha_theta,exploratory,0.3162269046980025
lab_subject_12,format_x_timing,engagement_beta_over_alpha_theta,exploratory,-0.11810511582806588
lab_subject_13,format_x_timing,engagement_beta_over_alpha_theta,exploratory,0.034998653619769116
lab_subject_14,format_x_timing,engagement_beta_over_alpha_theta,exploratory,-0.39365857717902153
lab_subject_15,format_x_timing,engagement_beta_over_alpha_theta,exploratory,1.4199476499920338
lab_subject_16,format_x_timing,engagement_beta_over_alpha_theta,exploratory,-1.3144128046586654
lab_subject_17,format_x_timing,engagement_beta_over_alpha_theta,exploratory,0.2507091783602835
lab_subject_18,format_x_timing,engagement_beta_over_alpha_theta,exploratory,-1.9860088936324756
lab_subject_19,format_x_timing,engagement_beta_over_alpha_theta,exploratory,-0.17076192891051706
lab_subject_2,format_x_timing,engagement_beta_over_alpha_theta,exploratory,3.205384620359248
lab_subject_3,format_x_timing,engagement_beta_over_alpha_theta,exploratory,-0.2773905960472218
lab_subject_5,format_x_timing,engagement_beta_over_alpha_theta,exploratory,-0.24517722809125608
lab_subject_6,format_x_timing,engagement_beta_over_alpha_theta,exploratory,-0.42674634621438867
lab_subject_7,format_x_timing,engagement_beta_over_alpha_theta,exploratory,0.44553993486553733
lab_subject_8,format_x_timing,engagement_beta_over_alpha_theta,exploratory,0.5181712693432245
lab_subject_9,format_x_timing,engagement_beta_over_alpha_theta,exploratory,-1.4349765551785296
lab_subject_1,inline_early_vs_no_ad_early,engagement_pope_frontocentral_beta_over_alpha_theta,exploratory,-0.5793900742666691
lab_subject_11,inline_early_vs_no_ad_early,engagement_pope_frontocentral_beta_over_alpha_theta,exploratory,0.4155125789849563
lab_subject_12,inline_early_vs_no_ad_early,engagement_pope_frontocentral_beta_over_alpha_theta,exploratory,0.023861694318128235
lab_subject_13,inline_early_vs_no_ad_early,engagement_pope_frontocentral_beta_over_alpha_theta,exploratory,-0.13146904336436238
lab_subject_14,inline_early_vs_no_ad_early,engagement_pope_frontocentral_beta_over_alpha_theta,exploratory,-16.835700592579755
lab_subject_15,inline_early_vs_no_ad_early,engagement_pope_frontocentral_beta_over_alpha_theta,exploratory,0.17422629321023198
lab_subject_16,inline_early_vs_no_ad_early,engagement_pope_frontocentral_beta_over_alpha_theta,exploratory,0.3460972085759697
lab_subject_17,inline_early_vs_no_ad_early,engagement_pope_frontocentral_beta_over_alpha_theta,exploratory,-0.25027491178876127
lab_subject_18,inline_early_vs_no_ad_early,engagement_pope_frontocentral_beta_over_alpha_theta,exploratory,-0.7491630716225093
lab_subject_19,inline_early_vs_no_ad_early,engagement_pope_frontocentral_beta_over_alpha_theta,exploratory,0.009694563812484402
lab_subject_2,inline_early_vs_no_ad_early,engagement_pope_frontocentral_beta_over_alpha_theta,exploratory,0.9756802613354596
lab_subject_3,inline_early_vs_no_ad_early,engagement_pope_frontocentral_beta_over_alpha_theta,exploratory,-1.061633855670776
lab_subject_5,inline_early_vs_no_ad_early,engagement_pope_frontocentral_beta_over_alpha_theta,exploratory,-0.9812957408251829
lab_subject_6,inline_early_vs_no_ad_early,engagement_pope_frontocentral_beta_over_alpha_theta,exploratory,-0.3438111708487621
lab_subject_7,inline_early_vs_no_ad_early,engagement_pope_frontocentral_beta_over_alpha_theta,exploratory,0.045397690793095635
lab_subject_8,inline_early_vs_no_ad_early,engagement_pope_frontocentral_beta_over_alpha_theta,exploratory,-0.1572932672384787
lab_subject_9,inline_early_vs_no_ad_early,engagement_pope_frontocentral_beta_over_alpha_theta,exploratory,-1.2107657177456796
lab_subject_1,block_early_vs_no_ad_early,engagement_pope_frontocentral_beta_over_alpha_theta,exploratory,-0.5533618066093631
lab_subject_11,block_early_vs_no_ad_early,engagement_pope_frontocentral_beta_over_alpha_theta,exploratory,0.4146042165760578
lab_subject_12,block_early_vs_no_ad_early,engagement_pope_frontocentral_beta_over_alpha_theta,exploratory,-0.08762806510136023
lab_subject_13,block_early_vs_no_ad_early,engagement_pope_frontocentral_beta_over_alpha_theta,exploratory,-0.15803173172638896
lab_subject_14,block_early_vs_no_ad_early,engagement_pope_frontocentral_beta_over_alpha_theta,exploratory,-17.431771440155455
lab_subject_15,block_early_vs_no_ad_early,engagement_pope_frontocentral_beta_over_alpha_theta,exploratory,-0.2814827624387488
lab_subject_16,block_early_vs_no_ad_early,engagement_pope_frontocentral_beta_over_alpha_theta,exploratory,-0.5278258893071477
lab_subject_17,block_early_vs_no_ad_early,engagement_pope_frontocentral_beta_over_alpha_theta,exploratory,0.03445340613456449
lab_subject_18,block_early_vs_no_ad_early,engagement_pope_frontocentral_beta_over_alpha_theta,exploratory,-0.38963805437718657
lab_subject_19,block_early_vs_no_ad_early,engagement_pope_frontocentral_beta_over_alpha_theta,exploratory,0.46416370058552
lab_subject_2,block_early_vs_no_ad_early,engagement_pope_frontocentral_beta_over_alpha_theta,exploratory,-0.5147949039131738
lab_subject_3,block_early_vs_no_ad_early,engagement_pope_frontocentral_beta_over_alpha_theta,exploratory,-1.5012479492846378
lab_subject_5,block_early_vs_no_ad_early,engagement_pope_frontocentral_beta_over_alpha_theta,exploratory,-0.3808841762646502
lab_subject_6,block_early_vs_no_ad_early,engagement_pope_frontocentral_beta_over_alpha_theta,exploratory,-0.2086621611389271
lab_subject_7,block_early_vs_no_ad_early,engagement_pope_frontocentral_beta_over_alpha_theta,exploratory,-0.5616241666668806
lab_subject_8,block_early_vs_no_ad_early,engagement_pope_frontocentral_beta_over_alpha_theta,exploratory,-0.24063697277821583
lab_subject_9,block_early_vs_no_ad_early,engagement_pope_frontocentral_beta_over_alpha_theta,exploratory,0.07263455216673376
lab_subject_1,inline_late_vs_no_ad_late,engagement_pope_frontocentral_beta_over_alpha_theta,exploratory,-2.9237328876672746
lab_subject_10,inline_late_vs_no_ad_late,engagement_pope_frontocentral_beta_over_alpha_theta,exploratory,0.1499008542553202
lab_subject_11,inline_late_vs_no_ad_late,engagement_pope_frontocentral_beta_over_alpha_theta,exploratory,-0.001367027306667823
lab_subject_12,inline_late_vs_no_ad_late,engagement_pope_frontocentral_beta_over_alpha_theta,exploratory,-0.061076769525517605
lab_subject_13,inline_late_vs_no_ad_late,engagement_pope_frontocentral_beta_over_alpha_theta,exploratory,-0.21852069282843972
lab_subject_14,inline_late_vs_no_ad_late,engagement_pope_frontocentral_beta_over_alpha_theta,exploratory,-0.8628860779837397
lab_subject_15,inline_late_vs_no_ad_late,engagement_pope_frontocentral_beta_over_alpha_theta,exploratory,0.15637435659656235
lab_subject_16,inline_late_vs_no_ad_late,engagement_pope_frontocentral_beta_over_alpha_theta,exploratory,1.3053960667275777
lab_subject_17,inline_late_vs_no_ad_late,engagement_pope_frontocentral_beta_over_alpha_theta,exploratory,0.6534321631722191
lab_subject_18,inline_late_vs_no_ad_late,engagement_pope_frontocentral_beta_over_alpha_theta,exploratory,-0.3129886394013494
lab_subject_19,inline_late_vs_no_ad_late,engagement_pope_frontocentral_beta_over_alpha_theta,exploratory,0.04604247124030858
lab_subject_2,inline_late_vs_no_ad_late,engagement_pope_frontocentral_beta_over_alpha_theta,exploratory,0.18082108527012875
lab_subject_3,inline_late_vs_no_ad_late,engagement_pope_frontocentral_beta_over_alpha_theta,exploratory,-1.223655004038687
lab_subject_5,inline_late_vs_no_ad_late,engagement_pope_frontocentral_beta_over_alpha_theta,exploratory,-0.04459490570906616
lab_subject_6,inline_late_vs_no_ad_late,engagement_pope_frontocentral_beta_over_alpha_theta,exploratory,0.06337746535072675
lab_subject_7,inline_late_vs_no_ad_late,engagement_pope_frontocentral_beta_over_alpha_theta,exploratory,-0.3765494210867446
lab_subject_8,inline_late_vs_no_ad_late,engagement_pope_frontocentral_beta_over_alpha_theta,exploratory,-0.37642223831614907
lab_subject_9,inline_late_vs_no_ad_late,engagement_pope_frontocentral_beta_over_alpha_theta,exploratory,0.9579094900279411
lab_subject_1,block_late_vs_no_ad_late,engagement_pope_frontocentral_beta_over_alpha_theta,exploratory,-0.4477300559436693
lab_subject_10,block_late_vs_no_ad_late,engagement_pope_frontocentral_beta_over_alpha_theta,exploratory,0.03298671910166193
lab_subject_11,block_late_vs_no_ad_late,engagement_pope_frontocentral_beta_over_alpha_theta,exploratory,0.07715075331402133
lab_subject_12,block_late_vs_no_ad_late,engagement_pope_frontocentral_beta_over_alpha_theta,exploratory,-0.23783558629411744
lab_subject_13,block_late_vs_no_ad_late,engagement_pope_frontocentral_beta_over_alpha_theta,exploratory,-0.20751584467446554
lab_subject_14,block_late_vs_no_ad_late,engagement_pope_frontocentral_beta_over_alpha_theta,exploratory,-0.8986924263943933
lab_subject_15,block_late_vs_no_ad_late,engagement_pope_frontocentral_beta_over_alpha_theta,exploratory,1.0002491075110755
lab_subject_16,block_late_vs_no_ad_late,engagement_pope_frontocentral_beta_over_alpha_theta,exploratory,-0.8681019753744765
lab_subject_17,block_late_vs_no_ad_late,engagement_pope_frontocentral_beta_over_alpha_theta,exploratory,0.5329638966861159
lab_subject_18,block_late_vs_no_ad_late,engagement_pope_frontocentral_beta_over_alpha_theta,exploratory,-2.529724043078139
lab_subject_19,block_late_vs_no_ad_late,engagement_pope_frontocentral_beta_over_alpha_theta,exploratory,0.2787770705552758
lab_subject_2,block_late_vs_no_ad_late,engagement_pope_frontocentral_beta_over_alpha_theta,exploratory,-0.14568680614244656
lab_subject_3,block_late_vs_no_ad_late,engagement_pope_frontocentral_beta_over_alpha_theta,exploratory,-1.8947369376951115
lab_subject_5,block_late_vs_no_ad_late,engagement_pope_frontocentral_beta_over_alpha_theta,exploratory,0.5858564022613606
lab_subject_6,block_late_vs_no_ad_late,engagement_pope_frontocentral_beta_over_alpha_theta,exploratory,-0.20351388492745992
lab_subject_7,block_late_vs_no_ad_late,engagement_pope_frontocentral_beta_over_alpha_theta,exploratory,-0.7923132311235541
lab_subject_8,block_late_vs_no_ad_late,engagement_pope_frontocentral_beta_over_alpha_theta,exploratory,0.13897779265971644
lab_subject_9,block_late_vs_no_ad_late,engagement_pope_frontocentral_beta_over_alpha_theta,exploratory,0.255023517473401
lab_subject_1,any_ad_vs_matched_no_ad,engagement_pope_frontocentral_beta_over_alpha_theta,exploratory,-1.126053706121744
lab_subject_11,any_ad_vs_matched_no_ad,engagement_pope_frontocentral_beta_over_alpha_theta,exploratory,0.22647513039209188
lab_subject_12,any_ad_vs_matched_no_ad,engagement_pope_frontocentral_beta_over_alpha_theta,exploratory,-0.09066968165071676
lab_subject_13,any_ad_vs_matched_no_ad,engagement_pope_frontocentral_beta_over_alpha_theta,exploratory,-0.17888432814841415
lab_subject_14,any_ad_vs_matched_no_ad,engagement_pope_frontocentral_beta_over_alpha_theta,exploratory,-9.007262634278336
lab_subject_15,any_ad_vs_matched_no_ad,engagement_pope_frontocentral_beta_over_alpha_theta,exploratory,0.2623417487197803
lab_subject_16,any_ad_vs_matched_no_ad,engagement_pope_frontocentral_beta_over_alpha_theta,exploratory,0.06389135265548085
lab_subject_17,any_ad_vs_matched_no_ad,engagement_pope_frontocentral_beta_over_alpha_theta,exploratory,0.24264363855103455
lab_subject_18,any_ad_vs_matched_no_ad,engagement_pope_frontocentral_beta_over_alpha_theta,exploratory,-0.9953784521197961
lab_subject_19,any_ad_vs_matched_no_ad,engagement_pope_frontocentral_beta_over_alpha_theta,exploratory,0.1996694515483972
lab_subject_2,any_ad_vs_matched_no_ad,engagement_pope_frontocentral_beta_over_alpha_theta,exploratory,0.12400490913749199
lab_subject_3,any_ad_vs_matched_no_ad,engagement_pope_frontocentral_beta_over_alpha_theta,exploratory,-1.4203184366723032
lab_subject_5,any_ad_vs_matched_no_ad,engagement_pope_frontocentral_beta_over_alpha_theta,exploratory,-0.20522960513438465
lab_subject_6,any_ad_vs_matched_no_ad,engagement_pope_frontocentral_beta_over_alpha_theta,exploratory,-0.1731524378911056
lab_subject_7,any_ad_vs_matched_no_ad,engagement_pope_frontocentral_beta_over_alpha_theta,exploratory,-0.42127228202102096
lab_subject_8,any_ad_vs_matched_no_ad,engagement_pope_frontocentral_beta_over_alpha_theta,exploratory,-0.1588436714182818
lab_subject_9,any_ad_vs_matched_no_ad,engagement_pope_frontocentral_beta_over_alpha_theta,exploratory,0.018700460480599063
lab_subject_1,inline_vs_block,engagement_pope_frontocentral_beta_over_alpha_theta,exploratory,-1.2510155496904556
lab_subject_10,inline_vs_block,engagement_pope_frontocentral_beta_over_alpha_theta,exploratory,0.13143075403743645
lab_subject_11,inline_vs_block,engagement_pope_frontocentral_beta_over_alpha_theta,exploratory,-0.03880470910589531
lab_subject_12,inline_vs_block,engagement_pope_frontocentral_beta_over_alpha_theta,exploratory,0.14412428809404415
lab_subject_13,inline_vs_block,engagement_pope_frontocentral_beta_over_alpha_theta,exploratory,0.007778920104026199
lab_subject_14,inline_vs_block,engagement_pope_frontocentral_beta_over_alpha_theta,exploratory,0.31593859799317786
lab_subject_15,inline_vs_block,engagement_pope_frontocentral_beta_over_alpha_theta,exploratory,-0.19408284763276623
lab_subject_16,inline_vs_block,engagement_pope_frontocentral_beta_over_alpha_theta,exploratory,1.523710569992586
lab_subject_17,inline_vs_block,engagement_pope_frontocentral_beta_over_alpha_theta,exploratory,-0.08213002571861128
lab_subject_18,inline_vs_block,engagement_pope_frontocentral_beta_over_alpha_theta,exploratory,0.9286051932157335
lab_subject_19,inline_vs_block,engagement_pope_frontocentral_beta_over_alpha_theta,exploratory,-0.3436018680440014
lab_subject_2,inline_vs_block,engagement_pope_frontocentral_beta_over_alpha_theta,exploratory,0.9084915283306044
lab_subject_3,inline_vs_block,engagement_pope_frontocentral_beta_over_alpha_theta,exploratory,0.555348013635143
lab_subject_5,inline_vs_block,engagement_pope_frontocentral_beta_over_alpha_theta,exploratory,-0.6154314362654798
lab_subject_6,inline_vs_block,engagement_pope_frontocentral_beta_over_alpha_theta,exploratory,0.06587117028417583
lab_subject_7,inline_vs_block,engagement_pope_frontocentral_beta_over_alpha_theta,exploratory,0.5113928337483928
lab_subject_8,inline_vs_block,engagement_pope_frontocentral_beta_over_alpha_theta,exploratory,-0.2160281627180642
lab_subject_9,inline_vs_block,engagement_pope_frontocentral_beta_over_alpha_theta,exploratory,-0.2902571486789367
lab_subject_1,early_vs_late,engagement_pope_frontocentral_beta_over_alpha_theta,exploratory,1.5149418829884032
lab_subject_10,early_vs_late,engagement_pope_frontocentral_beta_over_alpha_theta,exploratory,0.11950262488369143
lab_subject_11,early_vs_late,engagement_pope_frontocentral_beta_over_alpha_theta,exploratory,0.34825103780381206
lab_subject_12,early_vs_late,engagement_pope_frontocentral_beta_over_alpha_theta,exploratory,0.10052084264338168
lab_subject_13,early_vs_late,engagement_pope_frontocentral_beta_over_alpha_theta,exploratory,0.03382980457576634
lab_subject_14,early_vs_late,engagement_pope_frontocentral_beta_over_alpha_theta,exploratory,-0.8592625718289428
lab_subject_15,early_vs_late,engagement_pope_frontocentral_beta_over_alpha_theta,exploratory,-0.46071654936662015
lab_subject_16,early_vs_late,engagement_pope_frontocentral_beta_over_alpha_theta,exploratory,0.6783838626152465
lab_subject_17,early_vs_late,engagement_pope_frontocentral_beta_over_alpha_theta,exploratory,-0.23703106321322243
lab_subject_18,early_vs_late,engagement_pope_frontocentral_beta_over_alpha_theta,exploratory,0.5031174559089322
lab_subject_19,early_vs_late,engagement_pope_frontocentral_beta_over_alpha_theta,exploratory,0.035388848640621084
lab_subject_2,early_vs_late,engagement_pope_frontocentral_beta_over_alpha_theta,exploratory,0.1313212671909773
lab_subject_3,early_vs_late,engagement_pope_frontocentral_beta_over_alpha_theta,exploratory,0.448112189332804
lab_subject_5,early_vs_late,engagement_pope_frontocentral_beta_over_alpha_theta,exploratory,-0.46249638305884516
lab_subject_6,early_vs_late,engagement_pope_frontocentral_beta_over_alpha_theta,exploratory,-0.10917581793054792
lab_subject_7,early_vs_late,engagement_pope_frontocentral_beta_over_alpha_theta,exploratory,-0.7728602993522018
lab_subject_8,early_vs_late,engagement_pope_frontocentral_beta_over_alpha_theta,exploratory,-0.03425674625791447
lab_subject_9,early_vs_late,engagement_pope_frontocentral_beta_over_alpha_theta,exploratory,-1.5576404902042302
lab_subject_1,format_x_timing,engagement_pope_frontocentral_beta_over_alpha_theta,exploratory,2.4499745640662995
lab_subject_10,format_x_timing,engagement_pope_frontocentral_beta_over_alpha_theta,exploratory,0.02903323776755634
lab_subject_11,format_x_timing,engagement_pope_frontocentral_beta_over_alpha_theta,exploratory,0.07942614302958767
lab_subject_12,format_x_timing,engagement_pope_frontocentral_beta_over_alpha_theta,exploratory,-0.06526905734911137
lab_subject_13,format_x_timing,engagement_pope_frontocentral_beta_over_alpha_theta,exploratory,0.037567536516000755
lab_subject_14,format_x_timing,engagement_pope_frontocentral_beta_over_alpha_theta,exploratory,0.5602644991650485
lab_subject_15,format_x_timing,engagement_pope_frontocentral_beta_over_alpha_theta,exploratory,1.299583806563494
lab_subject_16,format_x_timing,engagement_pope_frontocentral_beta_over_alpha_theta,exploratory,-1.299574944218937
lab_subject_17,format_x_timing,engagement_pope_frontocentral_beta_over_alpha_theta,exploratory,-0.40519658440942896
lab_subject_18,format_x_timing,engagement_pope_frontocentral_beta_over_alpha_theta,exploratory,-2.5762604209221123
lab_subject_19,format_x_timing,engagement_pope_frontocentral_beta_over_alpha_theta,exploratory,-0.22173453745806837
lab_subject_2,format_x_timing,engagement_pope_frontocentral_beta_over_alpha_theta,exploratory,1.163967273836058
lab_subject_3,format_x_timing,engagement_pope_frontocentral_beta_over_alpha_theta,exploratory,-0.23146784004256282
lab_subject_5,format_x_timing,engagement_pope_frontocentral_beta_over_alpha_theta,exploratory,0.030039743409894126
lab_subject_6,format_x_timing,engagement_pope_frontocentral_beta_over_alpha_theta,exploratory,-0.4020403599880217
lab_subject_7,format_x_timing,engagement_pope_frontocentral_beta_over_alpha_theta,exploratory,0.19125804742316677
lab_subject_8,format_x_timing,engagement_pope_frontocentral_beta_over_alpha_theta,exploratory,0.5987437365156026
lab_subject_9,format_x_timing,engagement_pope_frontocentral_beta_over_alpha_theta,exploratory,-1.9862862424669536
lab_subject_1,inline_early_vs_no_ad_early,engagement_kislov_central_beta16_24_over_alpha8_12,exploratory,-0.5490441791756808
lab_subject_11,inline_early_vs_no_ad_early,engagement_kislov_central_beta16_24_over_alpha8_12,exploratory,0.363945323449668
lab_subject_12,inline_early_vs_no_ad_early,engagement_kislov_central_beta16_24_over_alpha8_12,exploratory,0.46006863881376636
lab_subject_13,inline_early_vs_no_ad_early,engagement_kislov_central_beta16_24_over_alpha8_12,exploratory,-2.4145961096910016
lab_subject_14,inline_early_vs_no_ad_early,engagement_kislov_central_beta16_24_over_alpha8_12,exploratory,-16.83325387861517
lab_subject_15,inline_early_vs_no_ad_early,engagement_kislov_central_beta16_24_over_alpha8_12,exploratory,-0.2754479235254802
lab_subject_16,inline_early_vs_no_ad_early,engagement_kislov_central_beta16_24_over_alpha8_12,exploratory,0.0951122320060791
lab_subject_17,inline_early_vs_no_ad_early,engagement_kislov_central_beta16_24_over_alpha8_12,exploratory,-0.3010280685182213
lab_subject_18,inline_early_vs_no_ad_early,engagement_kislov_central_beta16_24_over_alpha8_12,exploratory,-0.9023879253440086
lab_subject_19,inline_early_vs_no_ad_early,engagement_kislov_central_beta16_24_over_alpha8_12,exploratory,-0.25741708298692134
lab_subject_2,inline_early_vs_no_ad_early,engagement_kislov_central_beta16_24_over_alpha8_12,exploratory,3.6202802775708562
lab_subject_3,inline_early_vs_no_ad_early,engagement_kislov_central_beta16_24_over_alpha8_12,exploratory,-1.8870263855727696
lab_subject_5,inline_early_vs_no_ad_early,engagement_kislov_central_beta16_24_over_alpha8_12,exploratory,-0.8341657634805412
lab_subject_6,inline_early_vs_no_ad_early,engagement_kislov_central_beta16_24_over_alpha8_12,exploratory,0.8938966703433374
lab_subject_7,inline_early_vs_no_ad_early,engagement_kislov_central_beta16_24_over_alpha8_12,exploratory,-1.0666435069674605
lab_subject_8,inline_early_vs_no_ad_early,engagement_kislov_central_beta16_24_over_alpha8_12,exploratory,-0.47514330961687956
lab_subject_9,inline_early_vs_no_ad_early,engagement_kislov_central_beta16_24_over_alpha8_12,exploratory,-1.4028196542280023
lab_subject_1,block_early_vs_no_ad_early,engagement_kislov_central_beta16_24_over_alpha8_12,exploratory,-2.543235671724654
lab_subject_11,block_early_vs_no_ad_early,engagement_kislov_central_beta16_24_over_alpha8_12,exploratory,0.4787029933006326
lab_subject_12,block_early_vs_no_ad_early,engagement_kislov_central_beta16_24_over_alpha8_12,exploratory,0.368920366000747
lab_subject_13,block_early_vs_no_ad_early,engagement_kislov_central_beta16_24_over_alpha8_12,exploratory,-2.7792487975708524
lab_subject_14,block_early_vs_no_ad_early,engagement_kislov_central_beta16_24_over_alpha8_12,exploratory,-17.102541135816818
lab_subject_15,block_early_vs_no_ad_early,engagement_kislov_central_beta16_24_over_alpha8_12,exploratory,-0.2726470468104909
lab_subject_16,block_early_vs_no_ad_early,engagement_kislov_central_beta16_24_over_alpha8_12,exploratory,-0.7249139968770626
lab_subject_17,block_early_vs_no_ad_early,engagement_kislov_central_beta16_24_over_alpha8_12,exploratory,0.06421776643312699
lab_subject_18,block_early_vs_no_ad_early,engagement_kislov_central_beta16_24_over_alpha8_12,exploratory,-0.6418858875123712
lab_subject_19,block_early_vs_no_ad_early,engagement_kislov_central_beta16_24_over_alpha8_12,exploratory,1.0893917967101288
lab_subject_2,block_early_vs_no_ad_early,engagement_kislov_central_beta16_24_over_alpha8_12,exploratory,-0.34671010951937387
lab_subject_3,block_early_vs_no_ad_early,engagement_kislov_central_beta16_24_over_alpha8_12,exploratory,-1.398949764455891
lab_subject_5,block_early_vs_no_ad_early,engagement_kislov_central_beta16_24_over_alpha8_12,exploratory,-1.0597178926095507
lab_subject_6,block_early_vs_no_ad_early,engagement_kislov_central_beta16_24_over_alpha8_12,exploratory,0.6651176849282455
lab_subject_7,block_early_vs_no_ad_early,engagement_kislov_central_beta16_24_over_alpha8_12,exploratory,-1.0397291425445374
lab_subject_8,block_early_vs_no_ad_early,engagement_kislov_central_beta16_24_over_alpha8_12,exploratory,-0.39392716662588034
lab_subject_9,block_early_vs_no_ad_early,engagement_kislov_central_beta16_24_over_alpha8_12,exploratory,-0.14797693363352238
lab_subject_1,inline_late_vs_no_ad_late,engagement_kislov_central_beta16_24_over_alpha8_12,exploratory,0.6775342600805638
lab_subject_10,inline_late_vs_no_ad_late,engagement_kislov_central_beta16_24_over_alpha8_12,exploratory,-0.1566281478649218
lab_subject_11,inline_late_vs_no_ad_late,engagement_kislov_central_beta16_24_over_alpha8_12,exploratory,-0.003745897533621423
lab_subject_12,inline_late_vs_no_ad_late,engagement_kislov_central_beta16_24_over_alpha8_12,exploratory,0.16712014221907745
lab_subject_13,inline_late_vs_no_ad_late,engagement_kislov_central_beta16_24_over_alpha8_12,exploratory,-0.82372720021356
lab_subject_14,inline_late_vs_no_ad_late,engagement_kislov_central_beta16_24_over_alpha8_12,exploratory,-0.25841613501519856
lab_subject_15,inline_late_vs_no_ad_late,engagement_kislov_central_beta16_24_over_alpha8_12,exploratory,-1.1452532536608695
lab_subject_16,inline_late_vs_no_ad_late,engagement_kislov_central_beta16_24_over_alpha8_12,exploratory,1.035455242644854
lab_subject_17,inline_late_vs_no_ad_late,engagement_kislov_central_beta16_24_over_alpha8_12,exploratory,0.20963624380701162
lab_subject_18,inline_late_vs_no_ad_late,engagement_kislov_central_beta16_24_over_alpha8_12,exploratory,-0.1504019460319982
lab_subject_19,inline_late_vs_no_ad_late,engagement_kislov_central_beta16_24_over_alpha8_12,exploratory,0.34781965896333356
lab_subject_2,inline_late_vs_no_ad_late,engagement_kislov_central_beta16_24_over_alpha8_12,exploratory,-0.16986739781416293
lab_subject_3,inline_late_vs_no_ad_late,engagement_kislov_central_beta16_24_over_alpha8_12,exploratory,-2.4960701579999762
lab_subject_5,inline_late_vs_no_ad_late,engagement_kislov_central_beta16_24_over_alpha8_12,exploratory,0.1291545881189583
lab_subject_6,inline_late_vs_no_ad_late,engagement_kislov_central_beta16_24_over_alpha8_12,exploratory,0.7711752841126559
lab_subject_7,inline_late_vs_no_ad_late,engagement_kislov_central_beta16_24_over_alpha8_12,exploratory,0.2741815409746906
lab_subject_8,inline_late_vs_no_ad_late,engagement_kislov_central_beta16_24_over_alpha8_12,exploratory,0.9404776092092191
lab_subject_9,inline_late_vs_no_ad_late,engagement_kislov_central_beta16_24_over_alpha8_12,exploratory,2.435673848643832
lab_subject_1,block_late_vs_no_ad_late,engagement_kislov_central_beta16_24_over_alpha8_12,exploratory,1.4206809279507602
lab_subject_10,block_late_vs_no_ad_late,engagement_kislov_central_beta16_24_over_alpha8_12,exploratory,-0.04801929360245136
lab_subject_11,block_late_vs_no_ad_late,engagement_kislov_central_beta16_24_over_alpha8_12,exploratory,0.6320764494366832
lab_subject_12,block_late_vs_no_ad_late,engagement_kislov_central_beta16_24_over_alpha8_12,exploratory,0.15852269843192973
lab_subject_13,block_late_vs_no_ad_late,engagement_kislov_central_beta16_24_over_alpha8_12,exploratory,-0.17090160211043848
lab_subject_14,block_late_vs_no_ad_late,engagement_kislov_central_beta16_24_over_alpha8_12,exploratory,-0.7933636385740535
lab_subject_15,block_late_vs_no_ad_late,engagement_kislov_central_beta16_24_over_alpha8_12,exploratory,0.2499367401610415
lab_subject_16,block_late_vs_no_ad_late,engagement_kislov_central_beta16_24_over_alpha8_12,exploratory,1.157862561369391
lab_subject_17,block_late_vs_no_ad_late,engagement_kislov_central_beta16_24_over_alpha8_12,exploratory,0.47300560216344156
lab_subject_18,block_late_vs_no_ad_late,engagement_kislov_central_beta16_24_over_alpha8_12,exploratory,-2.2790815637737363
lab_subject_19,block_late_vs_no_ad_late,engagement_kislov_central_beta16_24_over_alpha8_12,exploratory,0.5720337987819684
lab_subject_2,block_late_vs_no_ad_late,engagement_kislov_central_beta16_24_over_alpha8_12,exploratory,-0.000971584925630764
lab_subject_3,block_late_vs_no_ad_late,engagement_kislov_central_beta16_24_over_alpha8_12,exploratory,-4.5606141869081425
lab_subject_5,block_late_vs_no_ad_late,engagement_kislov_central_beta16_24_over_alpha8_12,exploratory,0.8143817218713189
lab_subject_6,block_late_vs_no_ad_late,engagement_kislov_central_beta16_24_over_alpha8_12,exploratory,0.8412619664816569
lab_subject_7,block_late_vs_no_ad_late,engagement_kislov_central_beta16_24_over_alpha8_12,exploratory,-0.2979501710059407
lab_subject_8,block_late_vs_no_ad_late,engagement_kislov_central_beta16_24_over_alpha8_12,exploratory,0.7033816918167549
lab_subject_9,block_late_vs_no_ad_late,engagement_kislov_central_beta16_24_over_alpha8_12,exploratory,0.4961890455338427
lab_subject_1,any_ad_vs_matched_no_ad,engagement_kislov_central_beta16_24_over_alpha8_12,exploratory,-0.24851616571725266
lab_subject_11,any_ad_vs_matched_no_ad,engagement_kislov_central_beta16_24_over_alpha8_12,exploratory,0.36774471716334056
lab_subject_12,any_ad_vs_matched_no_ad,engagement_kislov_central_beta16_24_over_alpha8_12,exploratory,0.2886579613663801
lab_subject_13,any_ad_vs_matched_no_ad,engagement_kislov_central_beta16_24_over_alpha8_12,exploratory,-1.547118427396463
lab_subject_14,any_ad_vs_matched_no_ad,engagement_kislov_central_beta16_24_over_alpha8_12,exploratory,-8.746893697005309
lab_subject_15,any_ad_vs_matched_no_ad,engagement_kislov_central_beta16_24_over_alpha8_12,exploratory,-0.3608528709589498
lab_subject_16,any_ad_vs_matched_no_ad,engagement_kislov_central_beta16_24_over_alpha8_12,exploratory,0.39087900978581536
lab_subject_17,any_ad_vs_matched_no_ad,engagement_kislov_central_beta16_24_over_alpha8_12,exploratory,0.11145788597133972
lab_subject_18,any_ad_vs_matched_no_ad,engagement_kislov_central_beta16_24_over_alpha8_12,exploratory,-0.9934393306655287
lab_subject_19,any_ad_vs_matched_no_ad,engagement_kislov_central_beta16_24_over_alpha8_12,exploratory,0.43795704286712733
lab_subject_2,any_ad_vs_matched_no_ad,engagement_kislov_central_beta16_24_over_alpha8_12,exploratory,0.775682796327922
lab_subject_3,any_ad_vs_matched_no_ad,engagement_kislov_central_beta16_24_over_alpha8_12,exploratory,-2.585665123734195
lab_subject_5,any_ad_vs_matched_no_ad,engagement_kislov_central_beta16_24_over_alpha8_12,exploratory,-0.23758683652495366
lab_subject_6,any_ad_vs_matched_no_ad,engagement_kislov_central_beta16_24_over_alpha8_12,exploratory,0.7928629014664739
lab_subject_7,any_ad_vs_matched_no_ad,engagement_kislov_central_beta16_24_over_alpha8_12,exploratory,-0.532535319885812
lab_subject_8,any_ad_vs_matched_no_ad,engagement_kislov_central_beta16_24_over_alpha8_12,exploratory,0.19369720619580352
lab_subject_9,any_ad_vs_matched_no_ad,engagement_kislov_central_beta16_24_over_alpha8_12,exploratory,0.3452665765790376
lab_subject_1,inline_vs_block,engagement_kislov_central_beta16_24_over_alpha8_12,exploratory,0.6255224123393883
lab_subject_10,inline_vs_block,engagement_kislov_central_beta16_24_over_alpha8_12,exploratory,0.02434654699560962
lab_subject_11,inline_vs_block,engagement_kislov_central_beta16_24_over_alpha8_12,exploratory,-0.3752900084106346
lab_subject_12,inline_vs_block,engagement_kislov_central_beta16_24_over_alpha8_12,exploratory,0.049872858300083533
lab_subject_13,inline_vs_block,engagement_kislov_central_beta16_24_over_alpha8_12,exploratory,-0.14408645511163537
lab_subject_14,inline_vs_block,engagement_kislov_central_beta16_24_over_alpha8_12,exploratory,0.4021173803802508
lab_subject_15,inline_vs_block,engagement_kislov_central_beta16_24_over_alpha8_12,exploratory,-0.6989954352684502
lab_subject_16,inline_vs_block,engagement_kislov_central_beta16_24_over_alpha8_12,exploratory,0.3488094550793024
lab_subject_17,inline_vs_block,engagement_kislov_central_beta16_24_over_alpha8_12,exploratory,-0.3143075966538891
lab_subject_18,inline_vs_block,engagement_kislov_central_beta16_24_over_alpha8_12,exploratory,0.9340887899550504
lab_subject_19,inline_vs_block,engagement_kislov_central_beta16_24_over_alpha8_12,exploratory,-0.7855115097578425
lab_subject_2,inline_vs_block,engagement_kislov_central_beta16_24_over_alpha8_12,exploratory,1.8990472871008488
lab_subject_3,inline_vs_block,engagement_kislov_central_beta16_24_over_alpha8_12,exploratory,0.7882337038956437
lab_subject_5,inline_vs_block,engagement_kislov_central_beta16_24_over_alpha8_12,exploratory,-0.22983750231167555
lab_subject_6,inline_vs_block,engagement_kislov_central_beta16_24_over_alpha8_12,exploratory,0.07934615152304547
lab_subject_7,inline_vs_block,engagement_kislov_central_beta16_24_over_alpha8_12,exploratory,0.2726086737788541
lab_subject_8,inline_vs_block,engagement_kislov_central_beta16_24_over_alpha8_12,exploratory,0.07793988720073247
lab_subject_9,inline_vs_block,engagement_kislov_central_beta16_24_over_alpha8_12,exploratory,0.34232104125775487
lab_subject_1,early_vs_late,engagement_kislov_central_beta16_24_over_alpha8_12,exploratory,-0.040616611150037896
lab_subject_10,early_vs_late,engagement_kislov_central_beta16_24_over_alpha8_12,exploratory,0.19316601233777136
lab_subject_11,early_vs_late,engagement_kislov_central_beta16_24_over_alpha8_12,exploratory,-0.23635722445045299
lab_subject_12,early_vs_late,engagement_kislov_central_beta16_24_over_alpha8_12,exploratory,-0.25077586957212306
lab_subject_13,early_vs_late,engagement_kislov_central_beta16_24_over_alpha8_12,exploratory,-0.008070886495838703
lab_subject_14,early_vs_late,engagement_kislov_central_beta16_24_over_alpha8_12,exploratory,-0.7787550485117763
lab_subject_15,early_vs_late,engagement_kislov_central_beta16_24_over_alpha8_12,exploratory,-0.07810316761550051
lab_subject_16,early_vs_late,engagement_kislov_central_beta16_24_over_alpha8_12,exploratory,-0.04113154561227317
lab_subject_17,early_vs_late,engagement_kislov_central_beta16_24_over_alpha8_12,exploratory,-0.4745613649165722
lab_subject_18,early_vs_late,engagement_kislov_central_beta16_24_over_alpha8_12,exploratory,0.3936040237503825
lab_subject_19,early_vs_late,engagement_kislov_central_beta16_24_over_alpha8_12,exploratory,-0.4259633336901265
lab_subject_2,early_vs_late,engagement_kislov_central_beta16_24_over_alpha8_12,exploratory,1.294123660458272
lab_subject_3,early_vs_late,engagement_kislov_central_beta16_24_over_alpha8_12,exploratory,1.67627325427502
lab_subject_5,early_vs_late,engagement_kislov_central_beta16_24_over_alpha8_12,exploratory,-0.5441286910659513
lab_subject_6,early_vs_late,engagement_kislov_central_beta16_24_over_alpha8_12,exploratory,0.5442774826408505
lab_subject_7,early_vs_late,engagement_kislov_central_beta16_24_over_alpha8_12,exploratory,-0.4207777771063098
lab_subject_8,early_vs_late,engagement_kislov_central_beta16_24_over_alpha8_12,exploratory,-0.2703487942306973
lab_subject_9,early_vs_late,engagement_kislov_central_beta16_24_over_alpha8_12,exploratory,-1.1765366427207842
lab_subject_1,format_x_timing,engagement_kislov_central_beta16_24_over_alpha8_12,exploratory,2.7373381604191693
lab_subject_10,format_x_timing,engagement_kislov_central_beta16_24_over_alpha8_12,exploratory,0.2659108025161601
lab_subject_11,format_x_timing,engagement_kislov_central_beta16_24_over_alpha8_12,exploratory,0.52106467711934
lab_subject_12,format_x_timing,engagement_kislov_central_beta16_24_over_alpha8_12,exploratory,0.08255082902587163
lab_subject_13,format_x_timing,engagement_kislov_central_beta16_24_over_alpha8_12,exploratory,1.0174782859829725
lab_subject_14,format_x_timing,engagement_kislov_central_beta16_24_over_alpha8_12,exploratory,-0.2656602463572082
lab_subject_15,format_x_timing,engagement_kislov_central_beta16_24_over_alpha8_12,exploratory,1.3923891171069218
lab_subject_16,format_x_timing,engagement_kislov_central_beta16_24_over_alpha8_12,exploratory,0.9424335476076786
lab_subject_17,format_x_timing,engagement_kislov_central_beta16_24_over_alpha8_12,exploratory,-0.10187647659491833
lab_subject_18,format_x_timing,engagement_kislov_central_beta16_24_over_alpha8_12,exploratory,-2.389181655573376
lab_subject_19,format_x_timing,engagement_kislov_central_beta16_24_over_alpha8_12,exploratory,-1.1225947398784153
lab_subject_2,format_x_timing,engagement_kislov_central_beta16_24_over_alpha8_12,exploratory,4.135886199978762
lab_subject_3,format_x_timing,engagement_kislov_central_beta16_24_over_alpha8_12,exploratory,-2.552620650025045
lab_subject_5,format_x_timing,engagement_kislov_central_beta16_24_over_alpha8_12,exploratory,0.91077926288137
lab_subject_6,format_x_timing,engagement_kislov_central_beta16_24_over_alpha8_12,exploratory,0.29886566778409285
lab_subject_7,format_x_timing,engagement_kislov_central_beta16_24_over_alpha8_12,exploratory,-0.5990460764035543
lab_subject_8,format_x_timing,engagement_kislov_central_beta16_24_over_alpha8_12,exploratory,-0.3183120603834634
lab_subject_9,format_x_timing,engagement_kislov_central_beta16_24_over_alpha8_12,exploratory,-3.1943275237044695
