subject_id,contrast_id,feature,feature_tier,difference
lab_subject_1,inline_early_vs_no_ad_early,fz_theta_power_db_uv2,primary,2.6116057939836077
lab_subject_10,inline_early_vs_no_ad_early,fz_theta_power_db_uv2,primary,7.660938359561728
lab_subject_11,inline_early_vs_no_ad_early,fz_theta_power_db_uv2,primary,-6.5368174703358095
lab_subject_12,inline_early_vs_no_ad_early,fz_theta_power_db_uv2,primary,-1.8155409806733127
lab_subject_13,inline_early_vs_no_ad_early,fz_theta_power_db_uv2,primary,3.7142906762950636
lab_subject_14,inline_early_vs_no_ad_early,fz_theta_power_db_uv2,primary,0.42113698561466495
lab_subject_15,inline_early_vs_no_ad_early,fz_theta_power_db_uv2,primary,-0.5113494815725637
lab_subject_16,inline_early_vs_no_ad_early,fz_theta_power_db_uv2,primary,4.043428772470268
lab_subject_17,inline_early_vs_no_ad_early,fz_theta_power_db_uv2,primary,-3.0327956462130263
lab_subject_18,inline_early_vs_no_ad_early,fz_theta_power_db_uv2,primary,-1.2516107424963065
lab_subject_19,inline_early_vs_no_ad_early,fz_theta_power_db_uv2,primary,-0.4085445230199989
lab_subject_2,inline_early_vs_no_ad_early,fz_theta_power_db_uv2,primary,3.4658731314203637
lab_subject_3,inline_early_vs_no_ad_early,fz_theta_power_db_uv2,primary,-0.9501699073460683
lab_subject_5,inline_early_vs_no_ad_early,fz_theta_power_db_uv2,primary,2.2261112192896264
lab_subject_6,inline_early_vs_no_ad_early,fz_theta_power_db_uv2,primary,4.339264886287593
lab_subject_7,inline_early_vs_no_ad_early,fz_theta_power_db_uv2,primary,-0.173179509779259
lab_subject_8,inline_early_vs_no_ad_early,fz_theta_power_db_uv2,primary,8.67249660886645
lab_subject_9,inline_early_vs_no_ad_early,fz_theta_power_db_uv2,primary,-1.2203860272110818
lab_subject_1,block_early_vs_no_ad_early,fz_theta_power_db_uv2,primary,2.941361676873359
lab_subject_10,block_early_vs_no_ad_early,fz_theta_power_db_uv2,primary,5.5116628136340395
lab_subject_11,block_early_vs_no_ad_early,fz_theta_power_db_uv2,primary,0.5176943593273728
lab_subject_12,block_early_vs_no_ad_early,fz_theta_power_db_uv2,primary,9.321442503794684
lab_subject_13,block_early_vs_no_ad_early,fz_theta_power_db_uv2,primary,4.895540138223902
lab_subject_14,block_early_vs_no_ad_early,fz_theta_power_db_uv2,primary,1.8540857517871039
lab_subject_15,block_early_vs_no_ad_early,fz_theta_power_db_uv2,primary,-2.554969418041315
lab_subject_16,block_early_vs_no_ad_early,fz_theta_power_db_uv2,primary,7.05072521284721
lab_subject_17,block_early_vs_no_ad_early,fz_theta_power_db_uv2,primary,0.038834096952688135
lab_subject_18,block_early_vs_no_ad_early,fz_theta_power_db_uv2,primary,0.5868300991468001
lab_subject_19,block_early_vs_no_ad_early,fz_theta_power_db_uv2,primary,1.0582160263668987
lab_subject_2,block_early_vs_no_ad_early,fz_theta_power_db_uv2,primary,10.518399777182896
lab_subject_3,block_early_vs_no_ad_early,fz_theta_power_db_uv2,primary,-5.234275688365606
lab_subject_5,block_early_vs_no_ad_early,fz_theta_power_db_uv2,primary,-0.6656349122357064
lab_subject_6,block_early_vs_no_ad_early,fz_theta_power_db_uv2,primary,8.826314266784042
lab_subject_7,block_early_vs_no_ad_early,fz_theta_power_db_uv2,primary,2.6308875109204375
lab_subject_8,block_early_vs_no_ad_early,fz_theta_power_db_uv2,primary,8.927018999936923
lab_subject_9,block_early_vs_no_ad_early,fz_theta_power_db_uv2,primary,3.2501844628845626
lab_subject_1,inline_late_vs_no_ad_late,fz_theta_power_db_uv2,primary,3.033667044200305
lab_subject_10,inline_late_vs_no_ad_late,fz_theta_power_db_uv2,primary,-9.648599879451863
lab_subject_11,inline_late_vs_no_ad_late,fz_theta_power_db_uv2,primary,0.38803889486347387
lab_subject_12,inline_late_vs_no_ad_late,fz_theta_power_db_uv2,primary,-1.1994127244070532
lab_subject_13,inline_late_vs_no_ad_late,fz_theta_power_db_uv2,primary,-2.1469489097304777
lab_subject_14,inline_late_vs_no_ad_late,fz_theta_power_db_uv2,primary,-5.635368331248829
lab_subject_15,inline_late_vs_no_ad_late,fz_theta_power_db_uv2,primary,-0.1644108853142041
lab_subject_16,inline_late_vs_no_ad_late,fz_theta_power_db_uv2,primary,-4.365958995265789
lab_subject_17,inline_late_vs_no_ad_late,fz_theta_power_db_uv2,primary,4.3119253914387174
lab_subject_18,inline_late_vs_no_ad_late,fz_theta_power_db_uv2,primary,6.245256161802857
lab_subject_19,inline_late_vs_no_ad_late,fz_theta_power_db_uv2,primary,1.5116984353293565
lab_subject_2,inline_late_vs_no_ad_late,fz_theta_power_db_uv2,primary,-12.050102419643148
lab_subject_3,inline_late_vs_no_ad_late,fz_theta_power_db_uv2,primary,2.4122870571039012
lab_subject_5,inline_late_vs_no_ad_late,fz_theta_power_db_uv2,primary,-1.794028466076906
lab_subject_6,inline_late_vs_no_ad_late,fz_theta_power_db_uv2,primary,0.6410413918257873
lab_subject_7,inline_late_vs_no_ad_late,fz_theta_power_db_uv2,primary,9.741049015640868
lab_subject_8,inline_late_vs_no_ad_late,fz_theta_power_db_uv2,primary,-11.926146181122695
lab_subject_9,inline_late_vs_no_ad_late,fz_theta_power_db_uv2,primary,5.626373602197846
lab_subject_1,block_late_vs_no_ad_late,fz_theta_power_db_uv2,primary,2.833370580794698
lab_subject_10,block_late_vs_no_ad_late,fz_theta_power_db_uv2,primary,-7.832230427905901
lab_subject_11,block_late_vs_no_ad_late,fz_theta_power_db_uv2,primary,3.0606551289038855
lab_subject_12,block_late_vs_no_ad_late,fz_theta_power_db_uv2,primary,1.1312780324090426
lab_subject_13,block_late_vs_no_ad_late,fz_theta_power_db_uv2,primary,-0.5718333481008457
lab_subject_14,block_late_vs_no_ad_late,fz_theta_power_db_uv2,primary,-1.3006097423326337
lab_subject_15,block_late_vs_no_ad_late,fz_theta_power_db_uv2,primary,-3.0902811256153444
lab_subject_16,block_late_vs_no_ad_late,fz_theta_power_db_uv2,primary,0.17668104020787556
lab_subject_17,block_late_vs_no_ad_late,fz_theta_power_db_uv2,primary,2.814998228202552
lab_subject_18,block_late_vs_no_ad_late,fz_theta_power_db_uv2,primary,2.164827121604308
lab_subject_19,block_late_vs_no_ad_late,fz_theta_power_db_uv2,primary,1.1176226676820615
lab_subject_2,block_late_vs_no_ad_late,fz_theta_power_db_uv2,primary,-4.661495563035058
lab_subject_3,block_late_vs_no_ad_late,fz_theta_power_db_uv2,primary,0.8978945386997896
lab_subject_5,block_late_vs_no_ad_late,fz_theta_power_db_uv2,primary,-6.538694296931517
lab_subject_6,block_late_vs_no_ad_late,fz_theta_power_db_uv2,primary,-1.3313795283379388
lab_subject_7,block_late_vs_no_ad_late,fz_theta_power_db_uv2,primary,5.109515062579226
lab_subject_8,block_late_vs_no_ad_late,fz_theta_power_db_uv2,primary,-6.370329219687939
lab_subject_9,block_late_vs_no_ad_late,fz_theta_power_db_uv2,primary,1.8554683313489821
lab_subject_1,any_ad_vs_matched_no_ad,fz_theta_power_db_uv2,primary,2.8550012739629924
lab_subject_10,any_ad_vs_matched_no_ad,fz_theta_power_db_uv2,primary,-1.0770572835404992
lab_subject_11,any_ad_vs_matched_no_ad,fz_theta_power_db_uv2,primary,-0.6426072718102693
lab_subject_12,any_ad_vs_matched_no_ad,fz_theta_power_db_uv2,primary,1.85944170778084
lab_subject_13,any_ad_vs_matched_no_ad,fz_theta_power_db_uv2,primary,1.4727621391719103
lab_subject_14,any_ad_vs_matched_no_ad,fz_theta_power_db_uv2,primary,-1.1651888340449235
lab_subject_15,any_ad_vs_matched_no_ad,fz_theta_power_db_uv2,primary,-1.5802527276358567
lab_subject_16,any_ad_vs_matched_no_ad,fz_theta_power_db_uv2,primary,1.7262190075648909
lab_subject_17,any_ad_vs_matched_no_ad,fz_theta_power_db_uv2,primary,1.0332405175952328
lab_subject_18,any_ad_vs_matched_no_ad,fz_theta_power_db_uv2,primary,1.9363256600144148
lab_subject_19,any_ad_vs_matched_no_ad,fz_theta_power_db_uv2,primary,0.8197481515895795
lab_subject_2,any_ad_vs_matched_no_ad,fz_theta_power_db_uv2,primary,-0.6818312685187367
lab_subject_3,any_ad_vs_matched_no_ad,fz_theta_power_db_uv2,primary,-0.7185659999769958
lab_subject_5,any_ad_vs_matched_no_ad,fz_theta_power_db_uv2,primary,-1.6930616139886256
lab_subject_6,any_ad_vs_matched_no_ad,fz_theta_power_db_uv2,primary,3.118810254139871
lab_subject_7,any_ad_vs_matched_no_ad,fz_theta_power_db_uv2,primary,4.327068019840318
lab_subject_8,any_ad_vs_matched_no_ad,fz_theta_power_db_uv2,primary,-0.1742399480018153
lab_subject_9,any_ad_vs_matched_no_ad,fz_theta_power_db_uv2,primary,2.3779100923050773
lab_subject_1,inline_vs_block,fz_theta_power_db_uv2,primary,-0.06472970974207204
lab_subject_10,inline_vs_block,fz_theta_power_db_uv2,primary,0.16645304719086296
lab_subject_11,inline_vs_block,fz_theta_power_db_uv2,primary,-4.863564031851797
lab_subject_12,inline_vs_block,fz_theta_power_db_uv2,primary,-6.733837120642047
lab_subject_13,inline_vs_block,fz_theta_power_db_uv2,primary,-1.3781825117792352
lab_subject_14,inline_vs_block,fz_theta_power_db_uv2,primary,-2.8838536775443173
lab_subject_15,inline_vs_block,fz_theta_power_db_uv2,primary,2.484745088384946
lab_subject_16,inline_vs_block,fz_theta_power_db_uv2,primary,-3.7749682379253033
lab_subject_17,inline_vs_block,fz_theta_power_db_uv2,primary,-0.7873512899647745
lab_subject_18,inline_vs_block,fz_theta_power_db_uv2,primary,1.1209940992777216
lab_subject_19,inline_vs_block,fz_theta_power_db_uv2,primary,-0.5363423908698013
lab_subject_2,inline_vs_block,fz_theta_power_db_uv2,primary,-7.220566751185311
lab_subject_3,inline_vs_block,fz_theta_power_db_uv2,primary,2.8992491497118245
lab_subject_5,inline_vs_block,fz_theta_power_db_uv2,primary,3.818205981189972
lab_subject_6,inline_vs_block,fz_theta_power_db_uv2,primary,-1.2573142301663616
lab_subject_7,inline_vs_block,fz_theta_power_db_uv2,primary,0.9137334661809728
lab_subject_8,inline_vs_block,fz_theta_power_db_uv2,primary,-2.905169676252614
lab_subject_9,inline_vs_block,fz_theta_power_db_uv2,primary,-0.34983260962339013
lab_subject_1,early_vs_late,fz_theta_power_db_uv2,primary,4.591593751681724
lab_subject_10,early_vs_late,fz_theta_power_db_uv2,primary,9.036500851251418
lab_subject_11,early_vs_late,fz_theta_power_db_uv2,primary,-1.4323788041346086
lab_subject_12,early_vs_late,fz_theta_power_db_uv2,primary,1.8094953478261315
lab_subject_13,early_vs_late,fz_theta_power_db_uv2,primary,6.865901480203374
lab_subject_14,early_vs_late,fz_theta_power_db_uv2,primary,-0.19021923214428638
lab_subject_15,early_vs_late,fz_theta_power_db_uv2,primary,0.22252187466044615
lab_subject_16,early_vs_late,fz_theta_power_db_uv2,primary,-4.486088743796015
lab_subject_17,early_vs_late,fz_theta_power_db_uv2,primary,-1.626409861304332
lab_subject_18,early_vs_late,fz_theta_power_db_uv2,primary,-4.827881793467016
lab_subject_19,early_vs_late,fz_theta_power_db_uv2,primary,4.97081359208811
lab_subject_2,early_vs_late,fz_theta_power_db_uv2,primary,7.280693808474186
lab_subject_3,early_vs_late,fz_theta_power_db_uv2,primary,-2.9013899643040064
lab_subject_5,early_vs_late,fz_theta_power_db_uv2,primary,-0.5477871274560402
lab_subject_6,early_vs_late,fz_theta_power_db_uv2,primary,3.820520619843151
lab_subject_7,early_vs_late,fz_theta_power_db_uv2,primary,-3.471820120984
lab_subject_8,early_vs_late,fz_theta_power_db_uv2,primary,5.602366842739142
lab_subject_9,early_vs_late,fz_theta_power_db_uv2,primary,-5.164536376082438
lab_subject_1,format_x_timing,fz_theta_power_db_uv2,primary,-0.5300523462953581
lab_subject_10,format_x_timing,fz_theta_power_db_uv2,primary,3.9656449974736505
lab_subject_11,format_x_timing,fz_theta_power_db_uv2,primary,-4.381895595622771
lab_subject_12,format_x_timing,fz_theta_power_db_uv2,primary,-8.8062927276519
lab_subject_13,format_x_timing,fz_theta_power_db_uv2,primary,0.39386609970079345
lab_subject_14,format_x_timing,fz_theta_power_db_uv2,primary,2.9018098227437568
lab_subject_15,format_x_timing,fz_theta_power_db_uv2,primary,-0.8822503038323888
lab_subject_16,format_x_timing,fz_theta_power_db_uv2,primary,1.5353435950967222
lab_subject_17,format_x_timing,fz_theta_power_db_uv2,primary,-4.56855690640188
lab_subject_18,format_x_timing,fz_theta_power_db_uv2,primary,-5.918869881841656
lab_subject_19,format_x_timing,fz_theta_power_db_uv2,primary,-1.8608363170341926
lab_subject_2,format_x_timing,fz_theta_power_db_uv2,primary,0.33608021084555784
lab_subject_3,format_x_timing,fz_theta_power_db_uv2,primary,2.7697132626154257
lab_subject_5,format_x_timing,fz_theta_power_db_uv2,primary,-1.8529196993292785
lab_subject_6,format_x_timing,fz_theta_power_db_uv2,primary,-6.4594703006601755
lab_subject_7,format_x_timing,fz_theta_power_db_uv2,primary,-7.435600973761339
lab_subject_8,format_x_timing,fz_theta_power_db_uv2,primary,5.301294570364284
lab_subject_9,format_x_timing,fz_theta_power_db_uv2,primary,-8.24147576094451
lab_subject_1,inline_early_vs_no_ad_early,posterior_alpha_power_db_uv2,primary,0.8370769138535801
lab_subject_10,inline_early_vs_no_ad_early,posterior_alpha_power_db_uv2,primary,-1.1325616224161648
lab_subject_11,inline_early_vs_no_ad_early,posterior_alpha_power_db_uv2,primary,0.4654252292616068
lab_subject_12,inline_early_vs_no_ad_early,posterior_alpha_power_db_uv2,primary,3.9345195536489577
lab_subject_13,inline_early_vs_no_ad_early,posterior_alpha_power_db_uv2,primary,-14.193108449564864
lab_subject_14,inline_early_vs_no_ad_early,posterior_alpha_power_db_uv2,primary,-2.874696706348862
lab_subject_15,inline_early_vs_no_ad_early,posterior_alpha_power_db_uv2,primary,6.794299915768791
lab_subject_16,inline_early_vs_no_ad_early,posterior_alpha_power_db_uv2,primary,-1.974089549308621
lab_subject_17,inline_early_vs_no_ad_early,posterior_alpha_power_db_uv2,primary,7.562849301133208
lab_subject_18,inline_early_vs_no_ad_early,posterior_alpha_power_db_uv2,primary,-1.9039909609381676
lab_subject_19,inline_early_vs_no_ad_early,posterior_alpha_power_db_uv2,primary,0.2894041344513276
lab_subject_2,inline_early_vs_no_ad_early,posterior_alpha_power_db_uv2,primary,5.900994324878198
lab_subject_3,inline_early_vs_no_ad_early,posterior_alpha_power_db_uv2,primary,-6.697316482889224
lab_subject_5,inline_early_vs_no_ad_early,posterior_alpha_power_db_uv2,primary,-2.971868534329938
lab_subject_6,inline_early_vs_no_ad_early,posterior_alpha_power_db_uv2,primary,8.109538489655833
lab_subject_7,inline_early_vs_no_ad_early,posterior_alpha_power_db_uv2,primary,1.584023210591098
lab_subject_8,inline_early_vs_no_ad_early,posterior_alpha_power_db_uv2,primary,2.2421053868965437
lab_subject_9,inline_early_vs_no_ad_early,posterior_alpha_power_db_uv2,primary,-3.186722623379846
lab_subject_1,block_early_vs_no_ad_early,posterior_alpha_power_db_uv2,primary,-3.117900383092568
lab_subject_10,block_early_vs_no_ad_early,posterior_alpha_power_db_uv2,primary,-3.4415778224347937
lab_subject_11,block_early_vs_no_ad_early,posterior_alpha_power_db_uv2,primary,1.3835747053105454
lab_subject_12,block_early_vs_no_ad_early,posterior_alpha_power_db_uv2,primary,5.676946376752611
lab_subject_13,block_early_vs_no_ad_early,posterior_alpha_power_db_uv2,primary,-12.89049396059997
lab_subject_14,block_early_vs_no_ad_early,posterior_alpha_power_db_uv2,primary,0.9809469532251569
lab_subject_15,block_early_vs_no_ad_early,posterior_alpha_power_db_uv2,primary,4.366979759058973
lab_subject_16,block_early_vs_no_ad_early,posterior_alpha_power_db_uv2,primary,-1.498452632231869
lab_subject_17,block_early_vs_no_ad_early,posterior_alpha_power_db_uv2,primary,4.22136481870975
lab_subject_18,block_early_vs_no_ad_early,posterior_alpha_power_db_uv2,primary,-4.611299351505581
lab_subject_19,block_early_vs_no_ad_early,posterior_alpha_power_db_uv2,primary,0.8564673165052525
lab_subject_2,block_early_vs_no_ad_early,posterior_alpha_power_db_uv2,primary,7.5583565568166975
lab_subject_3,block_early_vs_no_ad_early,posterior_alpha_power_db_uv2,primary,-4.344435566317537
lab_subject_5,block_early_vs_no_ad_early,posterior_alpha_power_db_uv2,primary,-0.9990319765174105
lab_subject_6,block_early_vs_no_ad_early,posterior_alpha_power_db_uv2,primary,3.584250272493125
lab_subject_7,block_early_vs_no_ad_early,posterior_alpha_power_db_uv2,primary,2.856924052524193
lab_subject_8,block_early_vs_no_ad_early,posterior_alpha_power_db_uv2,primary,3.5947421195591094
lab_subject_9,block_early_vs_no_ad_early,posterior_alpha_power_db_uv2,primary,4.5068897910150385
lab_subject_1,inline_late_vs_no_ad_late,posterior_alpha_power_db_uv2,primary,-4.25605665086265
lab_subject_10,inline_late_vs_no_ad_late,posterior_alpha_power_db_uv2,primary,-9.811524079181414
lab_subject_11,inline_late_vs_no_ad_late,posterior_alpha_power_db_uv2,primary,1.1671195032408122
lab_subject_12,inline_late_vs_no_ad_late,posterior_alpha_power_db_uv2,primary,-3.1479049968969437
lab_subject_13,inline_late_vs_no_ad_late,posterior_alpha_power_db_uv2,primary,1.5488160418270187
lab_subject_14,inline_late_vs_no_ad_late,posterior_alpha_power_db_uv2,primary,1.5681745577216208
lab_subject_15,inline_late_vs_no_ad_late,posterior_alpha_power_db_uv2,primary,2.278045148391274
lab_subject_16,inline_late_vs_no_ad_late,posterior_alpha_power_db_uv2,primary,3.459523373514771
lab_subject_17,inline_late_vs_no_ad_late,posterior_alpha_power_db_uv2,primary,1.926950847695637
lab_subject_18,inline_late_vs_no_ad_late,posterior_alpha_power_db_uv2,primary,6.233564993493281
lab_subject_19,inline_late_vs_no_ad_late,posterior_alpha_power_db_uv2,primary,-3.3221452939804514
lab_subject_2,inline_late_vs_no_ad_late,posterior_alpha_power_db_uv2,primary,-1.2983322179747372
lab_subject_3,inline_late_vs_no_ad_late,posterior_alpha_power_db_uv2,primary,-2.328967122204042
lab_subject_5,inline_late_vs_no_ad_late,posterior_alpha_power_db_uv2,primary,0.07207996057442179
lab_subject_6,inline_late_vs_no_ad_late,posterior_alpha_power_db_uv2,primary,0.9130893531077628
lab_subject_7,inline_late_vs_no_ad_late,posterior_alpha_power_db_uv2,primary,-2.617667119066415
lab_subject_8,inline_late_vs_no_ad_late,posterior_alpha_power_db_uv2,primary,-14.411511442397426
lab_subject_9,inline_late_vs_no_ad_late,posterior_alpha_power_db_uv2,primary,-2.9091354428183207
lab_subject_1,block_late_vs_no_ad_late,posterior_alpha_power_db_uv2,primary,-5.8694719952207475
lab_subject_10,block_late_vs_no_ad_late,posterior_alpha_power_db_uv2,primary,-11.476299989399084
lab_subject_11,block_late_vs_no_ad_late,posterior_alpha_power_db_uv2,primary,-3.263894086494582
lab_subject_12,block_late_vs_no_ad_late,posterior_alpha_power_db_uv2,primary,-2.7593859629523707
lab_subject_13,block_late_vs_no_ad_late,posterior_alpha_power_db_uv2,primary,-1.5355947094102271
lab_subject_14,block_late_vs_no_ad_late,posterior_alpha_power_db_uv2,primary,1.5524459130670918
lab_subject_15,block_late_vs_no_ad_late,posterior_alpha_power_db_uv2,primary,-0.6145197313958187
lab_subject_16,block_late_vs_no_ad_late,posterior_alpha_power_db_uv2,primary,3.034623484599832
lab_subject_17,block_late_vs_no_ad_late,posterior_alpha_power_db_uv2,primary,-0.5856603634317121
lab_subject_18,block_late_vs_no_ad_late,posterior_alpha_power_db_uv2,primary,-0.11719411401814117
lab_subject_19,block_late_vs_no_ad_late,posterior_alpha_power_db_uv2,primary,-4.248933392539506
lab_subject_2,block_late_vs_no_ad_late,posterior_alpha_power_db_uv2,primary,-1.9313970548586683
lab_subject_3,block_late_vs_no_ad_late,posterior_alpha_power_db_uv2,primary,3.8076565626972547
lab_subject_5,block_late_vs_no_ad_late,posterior_alpha_power_db_uv2,primary,-3.989727548550309
lab_subject_6,block_late_vs_no_ad_late,posterior_alpha_power_db_uv2,primary,1.9069641428133988
lab_subject_7,block_late_vs_no_ad_late,posterior_alpha_power_db_uv2,primary,0.31141632008296805
lab_subject_8,block_late_vs_no_ad_late,posterior_alpha_power_db_uv2,primary,-8.748989660950318
lab_subject_9,block_late_vs_no_ad_late,posterior_alpha_power_db_uv2,primary,0.09764118278571488
lab_subject_1,any_ad_vs_matched_no_ad,posterior_alpha_power_db_uv2,primary,-3.1015880288305966
lab_subject_10,any_ad_vs_matched_no_ad,posterior_alpha_power_db_uv2,primary,-6.4654908783578655
lab_subject_11,any_ad_vs_matched_no_ad,posterior_alpha_power_db_uv2,primary,-0.06194366217040437
lab_subject_12,any_ad_vs_matched_no_ad,posterior_alpha_power_db_uv2,primary,0.9260437426380637
lab_subject_13,any_ad_vs_matched_no_ad,posterior_alpha_power_db_uv2,primary,-6.767595269437011
lab_subject_14,any_ad_vs_matched_no_ad,posterior_alpha_power_db_uv2,primary,0.30671767941625183
lab_subject_15,any_ad_vs_matched_no_ad,posterior_alpha_power_db_uv2,primary,3.206201272955805
lab_subject_16,any_ad_vs_matched_no_ad,posterior_alpha_power_db_uv2,primary,0.7554011691435283
lab_subject_17,any_ad_vs_matched_no_ad,posterior_alpha_power_db_uv2,primary,3.2813761510267208
lab_subject_18,any_ad_vs_matched_no_ad,posterior_alpha_power_db_uv2,primary,-0.09972985824215219
lab_subject_19,any_ad_vs_matched_no_ad,posterior_alpha_power_db_uv2,primary,-1.6063018088908443
lab_subject_2,any_ad_vs_matched_no_ad,posterior_alpha_power_db_uv2,primary,2.5574054022153723
lab_subject_3,any_ad_vs_matched_no_ad,posterior_alpha_power_db_uv2,primary,-2.390765652178387
lab_subject_5,any_ad_vs_matched_no_ad,posterior_alpha_power_db_uv2,primary,-1.972137024705809
lab_subject_6,any_ad_vs_matched_no_ad,posterior_alpha_power_db_uv2,primary,3.6284605645175296
lab_subject_7,any_ad_vs_matched_no_ad,posterior_alpha_power_db_uv2,primary,0.533674116032961
lab_subject_8,any_ad_vs_matched_no_ad,posterior_alpha_power_db_uv2,primary,-4.330913399223023
lab_subject_9,any_ad_vs_matched_no_ad,posterior_alpha_power_db_uv2,primary,-0.37283177309935334
lab_subject_1,inline_vs_block,posterior_alpha_power_db_uv2,primary,2.784196320652123
lab_subject_10,inline_vs_block,posterior_alpha_power_db_uv2,primary,1.9868960551181498
lab_subject_11,inline_vs_block,posterior_alpha_power_db_uv2,primary,1.7564320568432277
lab_subject_12,inline_vs_block,posterior_alpha_power_db_uv2,primary,-1.0654729285241133
lab_subject_13,inline_vs_block,posterior_alpha_power_db_uv2,primary,0.8908981311361757
lab_subject_14,inline_vs_block,posterior_alpha_power_db_uv2,primary,-1.919957507459745
lab_subject_15,inline_vs_block,posterior_alpha_power_db_uv2,primary,2.6599425182484557
lab_subject_16,inline_vs_block,posterior_alpha_power_db_uv2,primary,-0.025368514080906568
lab_subject_17,inline_vs_block,posterior_alpha_power_db_uv2,primary,2.9270478467754035
lab_subject_18,inline_vs_block,posterior_alpha_power_db_uv2,primary,4.529033749039417
lab_subject_19,inline_vs_block,posterior_alpha_power_db_uv2,primary,0.17986245825256475
lab_subject_2,inline_vs_block,posterior_alpha_power_db_uv2,primary,-0.5121486975272842
lab_subject_3,inline_vs_block,posterior_alpha_power_db_uv2,primary,-4.244752300736492
lab_subject_5,inline_vs_block,posterior_alpha_power_db_uv2,primary,1.0444854756561015
lab_subject_6,inline_vs_block,posterior_alpha_power_db_uv2,primary,1.7657067137285356
lab_subject_7,inline_vs_block,posterior_alpha_power_db_uv2,primary,-2.100992140541239
lab_subject_8,inline_vs_block,posterior_alpha_power_db_uv2,primary,-3.5075792570548368
lab_subject_9,inline_vs_block,posterior_alpha_power_db_uv2,primary,-5.3501945199994605
lab_subject_1,early_vs_late,posterior_alpha_power_db_uv2,primary,2.9886108088599577
lab_subject_10,early_vs_late,posterior_alpha_power_db_uv2,primary,4.958160515230648
lab_subject_11,early_vs_late,posterior_alpha_power_db_uv2,primary,-0.7241664426536247
lab_subject_12,early_vs_late,posterior_alpha_power_db_uv2,primary,4.708137821157282
lab_subject_13,early_vs_late,posterior_alpha_power_db_uv2,primary,0.021069301348587643
lab_subject_14,early_vs_late,posterior_alpha_power_db_uv2,primary,1.3255403601708555
lab_subject_15,early_vs_late,posterior_alpha_power_db_uv2,primary,0.7376487769575102
lab_subject_16,early_vs_late,posterior_alpha_power_db_uv2,primary,-2.5976278109587763
lab_subject_17,early_vs_late,posterior_alpha_power_db_uv2,primary,0.4942843633752698
lab_subject_18,early_vs_late,posterior_alpha_power_db_uv2,primary,-3.853427714998866
lab_subject_19,early_vs_late,posterior_alpha_power_db_uv2,primary,1.6839742819703192
lab_subject_2,early_vs_late,posterior_alpha_power_db_uv2,primary,5.2873886204106775
lab_subject_3,early_vs_late,posterior_alpha_power_db_uv2,primary,-3.5456131314760873
lab_subject_5,early_vs_late,posterior_alpha_power_db_uv2,primary,3.471536521668196
lab_subject_6,early_vs_late,posterior_alpha_power_db_uv2,primary,-2.2459422056977303
lab_subject_7,early_vs_late,posterior_alpha_power_db_uv2,primary,0.9383260059593423
lab_subject_8,early_vs_late,posterior_alpha_power_db_uv2,primary,4.8382310183523165
lab_subject_9,early_vs_late,posterior_alpha_power_db_uv2,primary,-3.2881483760735857
lab_subject_1,format_x_timing,posterior_alpha_power_db_uv2,primary,2.34156195258805
lab_subject_10,format_x_timing,posterior_alpha_power_db_uv2,primary,0.6442402898009583
lab_subject_11,format_x_timing,posterior_alpha_power_db_uv2,primary,-5.3491630657843325
lab_subject_12,format_x_timing,posterior_alpha_power_db_uv2,primary,-1.3539077891590807
lab_subject_13,format_x_timing,posterior_alpha_power_db_uv2,primary,-4.38702524020214
lab_subject_14,format_x_timing,posterior_alpha_power_db_uv2,primary,-3.871372304228548
lab_subject_15,format_x_timing,posterior_alpha_power_db_uv2,primary,-0.46524472307727405
lab_subject_16,format_x_timing,posterior_alpha_power_db_uv2,primary,-0.900536805991691
lab_subject_17,format_x_timing,posterior_alpha_power_db_uv2,primary,0.8288732712961089
lab_subject_18,format_x_timing,posterior_alpha_power_db_uv2,primary,-3.6434507169440087
lab_subject_19,format_x_timing,posterior_alpha_power_db_uv2,primary,-1.4938512806129793
lab_subject_2,format_x_timing,posterior_alpha_power_db_uv2,primary,-2.2904270688224306
lab_subject_3,format_x_timing,posterior_alpha_power_db_uv2,primary,3.7837427683296094
lab_subject_5,format_x_timing,posterior_alpha_power_db_uv2,primary,-6.0346440669372585
lab_subject_6,format_x_timing,posterior_alpha_power_db_uv2,primary,5.519163006868343
lab_subject_7,format_x_timing,posterior_alpha_power_db_uv2,primary,1.6561825972162882
lab_subject_8,format_x_timing,posterior_alpha_power_db_uv2,primary,4.309885048784542
lab_subject_9,format_x_timing,posterior_alpha_power_db_uv2,primary,-4.686835788790849
lab_subject_1,inline_early_vs_no_ad_early,theta_power_db_uv2,secondary_global,-1.4654458089353626
lab_subject_10,inline_early_vs_no_ad_early,theta_power_db_uv2,secondary_global,0.8493083085376583
lab_subject_11,inline_early_vs_no_ad_early,theta_power_db_uv2,secondary_global,-7.008558333374362
lab_subject_12,inline_early_vs_no_ad_early,theta_power_db_uv2,secondary_global,-3.6869390944638925
lab_subject_13,inline_early_vs_no_ad_early,theta_power_db_uv2,secondary_global,-4.053059717694199
lab_subject_14,inline_early_vs_no_ad_early,theta_power_db_uv2,secondary_global,-0.8256008770615666
lab_subject_15,inline_early_vs_no_ad_early,theta_power_db_uv2,secondary_global,-0.8515624926148408
lab_subject_16,inline_early_vs_no_ad_early,theta_power_db_uv2,secondary_global,0.26454329401703225
lab_subject_17,inline_early_vs_no_ad_early,theta_power_db_uv2,secondary_global,1.2299469013892095
lab_subject_18,inline_early_vs_no_ad_early,theta_power_db_uv2,secondary_global,-0.13460345312106714
lab_subject_19,inline_early_vs_no_ad_early,theta_power_db_uv2,secondary_global,-3.02268393111533
lab_subject_2,inline_early_vs_no_ad_early,theta_power_db_uv2,secondary_global,-0.7852664167612664
lab_subject_3,inline_early_vs_no_ad_early,theta_power_db_uv2,secondary_global,4.254741214487996
lab_subject_5,inline_early_vs_no_ad_early,theta_power_db_uv2,secondary_global,2.5151788577694774
lab_subject_6,inline_early_vs_no_ad_early,theta_power_db_uv2,secondary_global,4.445918720357058
lab_subject_7,inline_early_vs_no_ad_early,theta_power_db_uv2,secondary_global,2.8073225290943635
lab_subject_8,inline_early_vs_no_ad_early,theta_power_db_uv2,secondary_global,2.575229418146873
lab_subject_9,inline_early_vs_no_ad_early,theta_power_db_uv2,secondary_global,2.1370693832504033
lab_subject_1,block_early_vs_no_ad_early,theta_power_db_uv2,secondary_global,-4.080820035274994
lab_subject_10,block_early_vs_no_ad_early,theta_power_db_uv2,secondary_global,3.064270145083256
lab_subject_11,block_early_vs_no_ad_early,theta_power_db_uv2,secondary_global,-1.8710434159879457
lab_subject_12,block_early_vs_no_ad_early,theta_power_db_uv2,secondary_global,1.2720833640565026
lab_subject_13,block_early_vs_no_ad_early,theta_power_db_uv2,secondary_global,-0.7948744249580524
lab_subject_14,block_early_vs_no_ad_early,theta_power_db_uv2,secondary_global,-0.4862147359447433
lab_subject_15,block_early_vs_no_ad_early,theta_power_db_uv2,secondary_global,2.5630642895179276
lab_subject_16,block_early_vs_no_ad_early,theta_power_db_uv2,secondary_global,2.4404512472151287
lab_subject_17,block_early_vs_no_ad_early,theta_power_db_uv2,secondary_global,2.28127073027036
lab_subject_18,block_early_vs_no_ad_early,theta_power_db_uv2,secondary_global,-0.06105668523434815
lab_subject_19,block_early_vs_no_ad_early,theta_power_db_uv2,secondary_global,3.8268491118349846
lab_subject_2,block_early_vs_no_ad_early,theta_power_db_uv2,secondary_global,0.716776987264776
lab_subject_3,block_early_vs_no_ad_early,theta_power_db_uv2,secondary_global,-0.03131876477143258
lab_subject_5,block_early_vs_no_ad_early,theta_power_db_uv2,secondary_global,1.5667397894916921
lab_subject_6,block_early_vs_no_ad_early,theta_power_db_uv2,secondary_global,3.8234218103269297
lab_subject_7,block_early_vs_no_ad_early,theta_power_db_uv2,secondary_global,6.770645755306948
lab_subject_8,block_early_vs_no_ad_early,theta_power_db_uv2,secondary_global,3.043705195619303
lab_subject_9,block_early_vs_no_ad_early,theta_power_db_uv2,secondary_global,9.523815057267392
lab_subject_1,inline_late_vs_no_ad_late,theta_power_db_uv2,secondary_global,-1.9441548544483385
lab_subject_10,inline_late_vs_no_ad_late,theta_power_db_uv2,secondary_global,0.4135397265330747
lab_subject_11,inline_late_vs_no_ad_late,theta_power_db_uv2,secondary_global,-0.32602425907837684
lab_subject_12,inline_late_vs_no_ad_late,theta_power_db_uv2,secondary_global,0.6211485228342069
lab_subject_13,inline_late_vs_no_ad_late,theta_power_db_uv2,secondary_global,1.6194146151035462
lab_subject_14,inline_late_vs_no_ad_late,theta_power_db_uv2,secondary_global,1.302515082770376
lab_subject_15,inline_late_vs_no_ad_late,theta_power_db_uv2,secondary_global,6.165490806383996
lab_subject_16,inline_late_vs_no_ad_late,theta_power_db_uv2,secondary_global,-1.6964980123407538
lab_subject_17,inline_late_vs_no_ad_late,theta_power_db_uv2,secondary_global,4.987289226589296
lab_subject_18,inline_late_vs_no_ad_late,theta_power_db_uv2,secondary_global,3.8055541577345817
lab_subject_19,inline_late_vs_no_ad_late,theta_power_db_uv2,secondary_global,1.1264879639052676
lab_subject_2,inline_late_vs_no_ad_late,theta_power_db_uv2,secondary_global,-1.4465290595274993
lab_subject_3,inline_late_vs_no_ad_late,theta_power_db_uv2,secondary_global,2.4190027959096354
lab_subject_5,inline_late_vs_no_ad_late,theta_power_db_uv2,secondary_global,4.552344299374929
lab_subject_6,inline_late_vs_no_ad_late,theta_power_db_uv2,secondary_global,-0.11060832695026335
lab_subject_7,inline_late_vs_no_ad_late,theta_power_db_uv2,secondary_global,7.812707366320487
lab_subject_8,inline_late_vs_no_ad_late,theta_power_db_uv2,secondary_global,-4.963777682904885
lab_subject_9,inline_late_vs_no_ad_late,theta_power_db_uv2,secondary_global,-5.724439096441343
lab_subject_1,block_late_vs_no_ad_late,theta_power_db_uv2,secondary_global,2.845941474178908
lab_subject_10,block_late_vs_no_ad_late,theta_power_db_uv2,secondary_global,0.21973553941774338
lab_subject_11,block_late_vs_no_ad_late,theta_power_db_uv2,secondary_global,1.6662938138825352
lab_subject_12,block_late_vs_no_ad_late,theta_power_db_uv2,secondary_global,-0.05209727409325993
lab_subject_13,block_late_vs_no_ad_late,theta_power_db_uv2,secondary_global,4.382573600875549
lab_subject_14,block_late_vs_no_ad_late,theta_power_db_uv2,secondary_global,2.8720109188255663
lab_subject_15,block_late_vs_no_ad_late,theta_power_db_uv2,secondary_global,-3.6866913467441607
lab_subject_16,block_late_vs_no_ad_late,theta_power_db_uv2,secondary_global,-3.6254199249021037
lab_subject_17,block_late_vs_no_ad_late,theta_power_db_uv2,secondary_global,2.8255068061373123
lab_subject_18,block_late_vs_no_ad_late,theta_power_db_uv2,secondary_global,2.6375253728869135
lab_subject_19,block_late_vs_no_ad_late,theta_power_db_uv2,secondary_global,9.296767274092947
lab_subject_2,block_late_vs_no_ad_late,theta_power_db_uv2,secondary_global,-2.9127070205693526
lab_subject_3,block_late_vs_no_ad_late,theta_power_db_uv2,secondary_global,1.6035187273536278
lab_subject_5,block_late_vs_no_ad_late,theta_power_db_uv2,secondary_global,-1.707852171283042
lab_subject_6,block_late_vs_no_ad_late,theta_power_db_uv2,secondary_global,0.28515483003128494
lab_subject_7,block_late_vs_no_ad_late,theta_power_db_uv2,secondary_global,3.4219341264697043
lab_subject_8,block_late_vs_no_ad_late,theta_power_db_uv2,secondary_global,-1.3619743691767585
lab_subject_9,block_late_vs_no_ad_late,theta_power_db_uv2,secondary_global,-5.645225942315396
lab_subject_1,any_ad_vs_matched_no_ad,theta_power_db_uv2,secondary_global,-1.1611198061199466
lab_subject_10,any_ad_vs_matched_no_ad,theta_power_db_uv2,secondary_global,1.1367134298929331
lab_subject_11,any_ad_vs_matched_no_ad,theta_power_db_uv2,secondary_global,-1.8848330486395373
lab_subject_12,any_ad_vs_matched_no_ad,theta_power_db_uv2,secondary_global,-0.46145112041661074
lab_subject_13,any_ad_vs_matched_no_ad,theta_power_db_uv2,secondary_global,0.2885135183317109
lab_subject_14,any_ad_vs_matched_no_ad,theta_power_db_uv2,secondary_global,0.7156775971474081
lab_subject_15,any_ad_vs_matched_no_ad,theta_power_db_uv2,secondary_global,1.0475753141357305
lab_subject_16,any_ad_vs_matched_no_ad,theta_power_db_uv2,secondary_global,-0.6542308490026741
lab_subject_17,any_ad_vs_matched_no_ad,theta_power_db_uv2,secondary_global,2.8310034160965447
lab_subject_18,any_ad_vs_matched_no_ad,theta_power_db_uv2,secondary_global,1.56185484806652
lab_subject_19,any_ad_vs_matched_no_ad,theta_power_db_uv2,secondary_global,2.8068551046794674
lab_subject_2,any_ad_vs_matched_no_ad,theta_power_db_uv2,secondary_global,-1.1069313773983356
lab_subject_3,any_ad_vs_matched_no_ad,theta_power_db_uv2,secondary_global,2.0614859932449567
lab_subject_5,any_ad_vs_matched_no_ad,theta_power_db_uv2,secondary_global,1.731602693838264
lab_subject_6,any_ad_vs_matched_no_ad,theta_power_db_uv2,secondary_global,2.110971758441252
lab_subject_7,any_ad_vs_matched_no_ad,theta_power_db_uv2,secondary_global,5.203152444297875
lab_subject_8,any_ad_vs_matched_no_ad,theta_power_db_uv2,secondary_global,-0.1767043595788671
lab_subject_9,any_ad_vs_matched_no_ad,theta_power_db_uv2,secondary_global,0.07280485044026408
lab_subject_1,inline_vs_block,theta_power_db_uv2,secondary_global,-1.0873610511438077
lab_subject_10,inline_vs_block,theta_power_db_uv2,secondary_global,-1.0105788247151333
lab_subject_11,inline_vs_block,theta_power_db_uv2,secondary_global,-3.564916495173664
lab_subject_12,inline_vs_block,theta_power_db_uv2,secondary_global,-2.142888330796464
lab_subject_13,inline_vs_block,theta_power_db_uv2,secondary_global,-3.0106721392540745
lab_subject_14,inline_vs_block,theta_power_db_uv2,secondary_global,-0.9544409885860068
lab_subject_15,inline_vs_block,theta_power_db_uv2,secondary_global,3.2187776854976944
lab_subject_16,inline_vs_block,theta_power_db_uv2,secondary_global,-0.12349302031837328
lab_subject_17,inline_vs_block,theta_power_db_uv2,secondary_global,0.5552292957854168
lab_subject_18,inline_vs_block,theta_power_db_uv2,secondary_global,0.5472410084804746
lab_subject_19,inline_vs_block,theta_power_db_uv2,secondary_global,-7.509906176568997
lab_subject_2,inline_vs_block,theta_power_db_uv2,secondary_global,-0.017932721492094572
lab_subject_3,inline_vs_block,theta_power_db_uv2,secondary_global,2.5507720239077183
lab_subject_5,inline_vs_block,theta_power_db_uv2,secondary_global,3.604317769467878
lab_subject_6,inline_vs_block,theta_power_db_uv2,secondary_global,0.11336687652429012
lab_subject_7,inline_vs_block,theta_power_db_uv2,secondary_global,0.21372500681909967
lab_subject_8,inline_vs_block,theta_power_db_uv2,secondary_global,-2.0351395456002783
lab_subject_9,inline_vs_block,theta_power_db_uv2,secondary_global,-3.732979414071468
lab_subject_1,early_vs_late,theta_power_db_uv2,secondary_global,3.529552198735356
lab_subject_10,early_vs_late,theta_power_db_uv2,secondary_global,-0.23674430149380576
lab_subject_11,early_vs_late,theta_power_db_uv2,secondary_global,-1.9854130487231023
lab_subject_12,early_vs_late,theta_power_db_uv2,secondary_global,-2.3439716806140094
lab_subject_13,early_vs_late,theta_power_db_uv2,secondary_global,-0.42119041249567823
lab_subject_14,early_vs_late,theta_power_db_uv2,secondary_global,0.5790555528145567
lab_subject_15,early_vs_late,theta_power_db_uv2,secondary_global,-1.7681338337742116
lab_subject_16,early_vs_late,theta_power_db_uv2,secondary_global,1.100230366341082
lab_subject_17,early_vs_late,theta_power_db_uv2,secondary_global,0.13962081002240856
lab_subject_18,early_vs_late,theta_power_db_uv2,secondary_global,-3.1372579528157516
lab_subject_19,early_vs_late,theta_power_db_uv2,secondary_global,2.742335942416455
lab_subject_2,early_vs_late,theta_power_db_uv2,secondary_global,-1.853952220309952
lab_subject_3,early_vs_late,theta_power_db_uv2,secondary_global,-1.119843468712371
lab_subject_5,early_vs_late,theta_power_db_uv2,secondary_global,4.837066801553171
lab_subject_6,early_vs_late,theta_power_db_uv2,secondary_global,-0.584359439014412
lab_subject_7,early_vs_late,theta_power_db_uv2,secondary_global,1.7069870624072054
lab_subject_8,early_vs_late,theta_power_db_uv2,secondary_global,2.870598713455481
lab_subject_9,early_vs_late,theta_power_db_uv2,secondary_global,7.213965167607659
lab_subject_1,format_x_timing,theta_power_db_uv2,secondary_global,7.405470554966878
lab_subject_10,format_x_timing,theta_power_db_uv2,secondary_global,-2.408766023660929
lab_subject_11,format_x_timing,theta_power_db_uv2,secondary_global,-3.145196844425504
lab_subject_12,format_x_timing,theta_power_db_uv2,secondary_global,-5.632268255447862
lab_subject_13,format_x_timing,theta_power_db_uv2,secondary_global,-0.49502630696414407
lab_subject_14,format_x_timing,theta_power_db_uv2,secondary_global,1.230109694938367
lab_subject_15,format_x_timing,theta_power_db_uv2,secondary_global,-13.266808935260926
lab_subject_16,format_x_timing,theta_power_db_uv2,secondary_global,-4.104829865759447
lab_subject_17,format_x_timing,theta_power_db_uv2,secondary_global,-3.2131062493331344
lab_subject_18,format_x_timing,theta_power_db_uv2,secondary_global,-1.2415755527343872
lab_subject_19,format_x_timing,theta_power_db_uv2,secondary_global,1.3207462672373644
lab_subject_2,format_x_timing,theta_power_db_uv2,secondary_global,-2.9682213650678957
lab_subject_3,format_x_timing,theta_power_db_uv2,secondary_global,3.4705759107034213
lab_subject_5,format_x_timing,theta_power_db_uv2,secondary_global,-5.311757402380186
lab_subject_6,format_x_timing,theta_power_db_uv2,secondary_global,1.0182600670116768
lab_subject_7,format_x_timing,theta_power_db_uv2,secondary_global,-8.354096466063366
lab_subject_8,format_x_timing,theta_power_db_uv2,secondary_global,3.1333275362556963
lab_subject_9,format_x_timing,theta_power_db_uv2,secondary_global,-7.307532519891043
lab_subject_1,inline_early_vs_no_ad_early,alpha_power_db_uv2,secondary_global,-1.7768659723086007
lab_subject_10,inline_early_vs_no_ad_early,alpha_power_db_uv2,secondary_global,-3.624432137923682
lab_subject_11,inline_early_vs_no_ad_early,alpha_power_db_uv2,secondary_global,-1.4624006400848764
lab_subject_12,inline_early_vs_no_ad_early,alpha_power_db_uv2,secondary_global,2.115408539828567
lab_subject_13,inline_early_vs_no_ad_early,alpha_power_db_uv2,secondary_global,-9.891138485488097
lab_subject_14,inline_early_vs_no_ad_early,alpha_power_db_uv2,secondary_global,-2.5340953122010923
lab_subject_15,inline_early_vs_no_ad_early,alpha_power_db_uv2,secondary_global,7.438951383141342
lab_subject_16,inline_early_vs_no_ad_early,alpha_power_db_uv2,secondary_global,-1.256536088506126
lab_subject_17,inline_early_vs_no_ad_early,alpha_power_db_uv2,secondary_global,4.7078822846969075
lab_subject_18,inline_early_vs_no_ad_early,alpha_power_db_uv2,secondary_global,0.452428671416488
lab_subject_19,inline_early_vs_no_ad_early,alpha_power_db_uv2,secondary_global,-0.06950304459484968
lab_subject_2,inline_early_vs_no_ad_early,alpha_power_db_uv2,secondary_global,2.44120406838121
lab_subject_3,inline_early_vs_no_ad_early,alpha_power_db_uv2,secondary_global,-3.067496467459443
lab_subject_5,inline_early_vs_no_ad_early,alpha_power_db_uv2,secondary_global,-1.107666636403315
lab_subject_6,inline_early_vs_no_ad_early,alpha_power_db_uv2,secondary_global,7.49493507823038
lab_subject_7,inline_early_vs_no_ad_early,alpha_power_db_uv2,secondary_global,1.2254189361984569
lab_subject_8,inline_early_vs_no_ad_early,alpha_power_db_uv2,secondary_global,0.6767828358324319
lab_subject_9,inline_early_vs_no_ad_early,alpha_power_db_uv2,secondary_global,-2.0553694887728327
lab_subject_1,block_early_vs_no_ad_early,alpha_power_db_uv2,secondary_global,-4.947940668775393
lab_subject_10,block_early_vs_no_ad_early,alpha_power_db_uv2,secondary_global,-0.8815671153218485
lab_subject_11,block_early_vs_no_ad_early,alpha_power_db_uv2,secondary_global,-1.1154561285997548
lab_subject_12,block_early_vs_no_ad_early,alpha_power_db_uv2,secondary_global,5.194974292766132
lab_subject_13,block_early_vs_no_ad_early,alpha_power_db_uv2,secondary_global,-10.56237104234531
lab_subject_14,block_early_vs_no_ad_early,alpha_power_db_uv2,secondary_global,-0.512737063264326
lab_subject_15,block_early_vs_no_ad_early,alpha_power_db_uv2,secondary_global,0.7573816771853839
lab_subject_16,block_early_vs_no_ad_early,alpha_power_db_uv2,secondary_global,-0.9829719258726
lab_subject_17,block_early_vs_no_ad_early,alpha_power_db_uv2,secondary_global,3.2207676181211897
lab_subject_18,block_early_vs_no_ad_early,alpha_power_db_uv2,secondary_global,-0.9481193927962499
lab_subject_19,block_early_vs_no_ad_early,alpha_power_db_uv2,secondary_global,0.5304944085394645
lab_subject_2,block_early_vs_no_ad_early,alpha_power_db_uv2,secondary_global,5.634736275165376
lab_subject_3,block_early_vs_no_ad_early,alpha_power_db_uv2,secondary_global,-2.904917386439409
lab_subject_5,block_early_vs_no_ad_early,alpha_power_db_uv2,secondary_global,0.7443638496365859
lab_subject_6,block_early_vs_no_ad_early,alpha_power_db_uv2,secondary_global,3.0743826992386616
lab_subject_7,block_early_vs_no_ad_early,alpha_power_db_uv2,secondary_global,1.5557584009782501
lab_subject_8,block_early_vs_no_ad_early,alpha_power_db_uv2,secondary_global,2.272483133303882
lab_subject_9,block_early_vs_no_ad_early,alpha_power_db_uv2,secondary_global,3.764117319845022
lab_subject_1,inline_late_vs_no_ad_late,alpha_power_db_uv2,secondary_global,-4.458276511786272
lab_subject_10,inline_late_vs_no_ad_late,alpha_power_db_uv2,secondary_global,-5.162493002572872
lab_subject_11,inline_late_vs_no_ad_late,alpha_power_db_uv2,secondary_global,0.2869316174000405
lab_subject_12,inline_late_vs_no_ad_late,alpha_power_db_uv2,secondary_global,-4.211114905221563
lab_subject_13,inline_late_vs_no_ad_late,alpha_power_db_uv2,secondary_global,0.09720272683386577
lab_subject_14,inline_late_vs_no_ad_late,alpha_power_db_uv2,secondary_global,1.9689558115964185
lab_subject_15,inline_late_vs_no_ad_late,alpha_power_db_uv2,secondary_global,0.879946221486457
lab_subject_16,inline_late_vs_no_ad_late,alpha_power_db_uv2,secondary_global,0.44998831637896375
lab_subject_17,inline_late_vs_no_ad_late,alpha_power_db_uv2,secondary_global,4.070470423362762
lab_subject_18,inline_late_vs_no_ad_late,alpha_power_db_uv2,secondary_global,2.98599189141392
lab_subject_19,inline_late_vs_no_ad_late,alpha_power_db_uv2,secondary_global,-3.2128411244643678
lab_subject_2,inline_late_vs_no_ad_late,alpha_power_db_uv2,secondary_global,-1.9759968305715576
lab_subject_3,inline_late_vs_no_ad_late,alpha_power_db_uv2,secondary_global,-3.5063862539607715
lab_subject_5,inline_late_vs_no_ad_late,alpha_power_db_uv2,secondary_global,1.1351966870088535
lab_subject_6,inline_late_vs_no_ad_late,alpha_power_db_uv2,secondary_global,2.263972907093283
lab_subject_7,inline_late_vs_no_ad_late,alpha_power_db_uv2,secondary_global,2.816336601135296
lab_subject_8,inline_late_vs_no_ad_late,alpha_power_db_uv2,secondary_global,-12.261865591052786
lab_subject_9,inline_late_vs_no_ad_late,alpha_power_db_uv2,secondary_global,-4.268340353170753
lab_subject_1,block_late_vs_no_ad_late,alpha_power_db_uv2,secondary_global,-5.131969489027664
lab_subject_10,block_late_vs_no_ad_late,alpha_power_db_uv2,secondary_global,-7.971324473256165
lab_subject_11,block_late_vs_no_ad_late,alpha_power_db_uv2,secondary_global,-3.2503750642056763
lab_subject_12,block_late_vs_no_ad_late,alpha_power_db_uv2,secondary_global,-5.349339127571018
lab_subject_13,block_late_vs_no_ad_late,alpha_power_db_uv2,secondary_global,-1.0603117178269659
lab_subject_14,block_late_vs_no_ad_late,alpha_power_db_uv2,secondary_global,2.1391651433435364
lab_subject_15,block_late_vs_no_ad_late,alpha_power_db_uv2,secondary_global,0.712033610708385
lab_subject_16,block_late_vs_no_ad_late,alpha_power_db_uv2,secondary_global,0.389777212774046
lab_subject_17,block_late_vs_no_ad_late,alpha_power_db_uv2,secondary_global,2.2559226926068776
lab_subject_18,block_late_vs_no_ad_late,alpha_power_db_uv2,secondary_global,-0.5937575511865156
lab_subject_19,block_late_vs_no_ad_late,alpha_power_db_uv2,secondary_global,-1.8539335033939617
lab_subject_2,block_late_vs_no_ad_late,alpha_power_db_uv2,secondary_global,-3.4699315941046462
lab_subject_3,block_late_vs_no_ad_late,alpha_power_db_uv2,secondary_global,1.939012007009345
lab_subject_5,block_late_vs_no_ad_late,alpha_power_db_uv2,secondary_global,-2.640196020051968
lab_subject_6,block_late_vs_no_ad_late,alpha_power_db_uv2,secondary_global,1.7573858603111208
lab_subject_7,block_late_vs_no_ad_late,alpha_power_db_uv2,secondary_global,0.40107671047685844
lab_subject_8,block_late_vs_no_ad_late,alpha_power_db_uv2,secondary_global,-7.634147788460141
lab_subject_9,block_late_vs_no_ad_late,alpha_power_db_uv2,secondary_global,-1.2033093736709555
lab_subject_1,any_ad_vs_matched_no_ad,alpha_power_db_uv2,secondary_global,-4.078763160474482
lab_subject_10,any_ad_vs_matched_no_ad,alpha_power_db_uv2,secondary_global,-4.409954182268642
lab_subject_11,any_ad_vs_matched_no_ad,alpha_power_db_uv2,secondary_global,-1.3853250538725668
lab_subject_12,any_ad_vs_matched_no_ad,alpha_power_db_uv2,secondary_global,-0.5625178000494704
lab_subject_13,any_ad_vs_matched_no_ad,alpha_power_db_uv2,secondary_global,-5.354154629706627
lab_subject_14,any_ad_vs_matched_no_ad,alpha_power_db_uv2,secondary_global,0.26532214486863415
lab_subject_15,any_ad_vs_matched_no_ad,alpha_power_db_uv2,secondary_global,2.447078223130392
lab_subject_16,any_ad_vs_matched_no_ad,alpha_power_db_uv2,secondary_global,-0.3499356213064291
lab_subject_17,any_ad_vs_matched_no_ad,alpha_power_db_uv2,secondary_global,3.5637607546969337
lab_subject_18,any_ad_vs_matched_no_ad,alpha_power_db_uv2,secondary_global,0.4741359047119106
lab_subject_19,any_ad_vs_matched_no_ad,alpha_power_db_uv2,secondary_global,-1.1514458159784287
lab_subject_2,any_ad_vs_matched_no_ad,alpha_power_db_uv2,secondary_global,0.6575029797175955
lab_subject_3,any_ad_vs_matched_no_ad,alpha_power_db_uv2,secondary_global,-1.8849470252125695
lab_subject_5,any_ad_vs_matched_no_ad,alpha_power_db_uv2,secondary_global,-0.46707552995246093
lab_subject_6,any_ad_vs_matched_no_ad,alpha_power_db_uv2,secondary_global,3.6476691362183615
lab_subject_7,any_ad_vs_matched_no_ad,alpha_power_db_uv2,secondary_global,1.4996476621972152
lab_subject_8,any_ad_vs_matched_no_ad,alpha_power_db_uv2,secondary_global,-4.236686852594153
lab_subject_9,any_ad_vs_matched_no_ad,alpha_power_db_uv2,secondary_global,-0.9407254739423798
lab_subject_1,inline_vs_block,alpha_power_db_uv2,secondary_global,1.9223838368540929
lab_subject_10,inline_vs_block,alpha_power_db_uv2,secondary_global,0.03298322404072973
lab_subject_11,inline_vs_block,alpha_power_db_uv2,secondary_global,1.5951810850602977
lab_subject_12,inline_vs_block,alpha_power_db_uv2,secondary_global,-0.9706707652940549
lab_subject_13,inline_vs_block,alpha_power_db_uv2,secondary_global,0.9143735007590226
lab_subject_14,inline_vs_block,alpha_power_db_uv2,secondary_global,-1.095783790341942
lab_subject_15,inline_vs_block,alpha_power_db_uv2,secondary_global,3.4247411583670146
lab_subject_16,inline_vs_block,alpha_power_db_uv2,secondary_global,-0.10667652951430417
lab_subject_17,inline_vs_block,alpha_power_db_uv2,secondary_global,1.6508311986658009
lab_subject_18,inline_vs_block,alpha_power_db_uv2,secondary_global,2.4901487534065865
lab_subject_19,inline_vs_block,alpha_power_db_uv2,secondary_global,-0.9794525371023601
lab_subject_2,inline_vs_block,alpha_power_db_uv2,secondary_global,-0.8497987216255387
lab_subject_3,inline_vs_block,alpha_power_db_uv2,secondary_global,-2.803988670995075
lab_subject_5,inline_vs_block,alpha_power_db_uv2,secondary_global,0.9616811105104603
lab_subject_6,inline_vs_block,alpha_power_db_uv2,secondary_global,2.4635697128869407
lab_subject_7,inline_vs_block,alpha_power_db_uv2,secondary_global,1.042460212939322
lab_subject_8,inline_vs_block,alpha_power_db_uv2,secondary_global,-3.111709050032047
lab_subject_9,inline_vs_block,alpha_power_db_uv2,secondary_global,-4.442258894058826
lab_subject_1,early_vs_late,alpha_power_db_uv2,secondary_global,2.96112704098569
lab_subject_10,early_vs_late,alpha_power_db_uv2,secondary_global,-1.0707518883172646
lab_subject_11,early_vs_late,alpha_power_db_uv2,secondary_global,-1.592486368845102
lab_subject_12,early_vs_late,alpha_power_db_uv2,secondary_global,4.566611137020859
lab_subject_13,early_vs_late,alpha_power_db_uv2,secondary_global,-1.2744861432005319
lab_subject_14,early_vs_late,alpha_power_db_uv2,secondary_global,0.09077340910520681
lab_subject_15,early_vs_late,alpha_power_db_uv2,secondary_global,1.0989765175222161
lab_subject_16,early_vs_late,alpha_power_db_uv2,secondary_global,-0.5586564735929871
lab_subject_17,early_vs_late,alpha_power_db_uv2,secondary_global,-0.33770209916090055
lab_subject_18,early_vs_late,alpha_power_db_uv2,secondary_global,-3.0557962104059486
lab_subject_19,early_vs_late,alpha_power_db_uv2,secondary_global,0.7424347410270755
lab_subject_2,early_vs_late,alpha_power_db_uv2,secondary_global,3.493600714069194
lab_subject_3,early_vs_late,alpha_power_db_uv2,secondary_global,-3.09810373498939
lab_subject_5,early_vs_late,alpha_power_db_uv2,secondary_global,2.3666634986517074
lab_subject_6,early_vs_late,alpha_power_db_uv2,secondary_global,-0.7092469516382787
lab_subject_7,early_vs_late,alpha_power_db_uv2,secondary_global,1.6437133665324741
lab_subject_8,early_vs_late,alpha_power_db_uv2,secondary_global,3.3399803013946587
lab_subject_9,early_vs_late,alpha_power_db_uv2,secondary_global,-0.9621213626556684
lab_subject_1,format_x_timing,alpha_power_db_uv2,secondary_global,2.4973817192253986
lab_subject_10,format_x_timing,alpha_power_db_uv2,secondary_global,-5.551696493285126
lab_subject_11,format_x_timing,alpha_power_db_uv2,secondary_global,-3.8842511930908383
lab_subject_12,format_x_timing,alpha_power_db_uv2,secondary_global,-4.217789975287021
lab_subject_13,format_x_timing,alpha_power_db_uv2,secondary_global,-0.48628188780361814
lab_subject_14,format_x_timing,alpha_power_db_uv2,secondary_global,-1.8511489171896485
lab_subject_15,format_x_timing,alpha_power_db_uv2,secondary_global,6.513657095177885
lab_subject_16,format_x_timing,alpha_power_db_uv2,secondary_global,-0.3337752662384439
lab_subject_17,format_x_timing,alpha_power_db_uv2,secondary_global,-0.32743306418016704
lab_subject_18,format_x_timing,alpha_power_db_uv2,secondary_global,-2.1792013783876976
lab_subject_19,format_x_timing,alpha_power_db_uv2,secondary_global,0.7589101679360919
lab_subject_2,format_x_timing,alpha_power_db_uv2,secondary_global,-4.687466970317255
lab_subject_3,format_x_timing,alpha_power_db_uv2,secondary_global,5.282819179950082
lab_subject_5,format_x_timing,alpha_power_db_uv2,secondary_global,-5.6274231931007215
lab_subject_6,format_x_timing,alpha_power_db_uv2,secondary_global,3.9139653322095564
lab_subject_7,format_x_timing,alpha_power_db_uv2,secondary_global,-2.7455993554382303
lab_subject_8,format_x_timing,alpha_power_db_uv2,secondary_global,3.0320175051211935
lab_subject_9,format_x_timing,alpha_power_db_uv2,secondary_global,-2.754455829118057
lab_subject_1,inline_early_vs_no_ad_early,beta_power_db_uv2,secondary,1.5723072384571797
lab_subject_10,inline_early_vs_no_ad_early,beta_power_db_uv2,secondary,3.502578804466885
lab_subject_11,inline_early_vs_no_ad_early,beta_power_db_uv2,secondary,1.8747536322933023
lab_subject_12,inline_early_vs_no_ad_early,beta_power_db_uv2,secondary,3.8096616216970762
lab_subject_13,inline_early_vs_no_ad_early,beta_power_db_uv2,secondary,-11.361014322544111
lab_subject_14,inline_early_vs_no_ad_early,beta_power_db_uv2,secondary,-2.828577339119523
lab_subject_15,inline_early_vs_no_ad_early,beta_power_db_uv2,secondary,6.478904229083856
lab_subject_16,inline_early_vs_no_ad_early,beta_power_db_uv2,secondary,-0.004885894525882506
lab_subject_17,inline_early_vs_no_ad_early,beta_power_db_uv2,secondary,2.7694250969837713
lab_subject_18,inline_early_vs_no_ad_early,beta_power_db_uv2,secondary,0.8958816940811101
lab_subject_19,inline_early_vs_no_ad_early,beta_power_db_uv2,secondary,0.9006662117803481
lab_subject_2,inline_early_vs_no_ad_early,beta_power_db_uv2,secondary,1.3410538177071523
lab_subject_3,inline_early_vs_no_ad_early,beta_power_db_uv2,secondary,-5.347700781150907
lab_subject_5,inline_early_vs_no_ad_early,beta_power_db_uv2,secondary,-0.7247620493977429
lab_subject_6,inline_early_vs_no_ad_early,beta_power_db_uv2,secondary,4.750104931306898
lab_subject_7,inline_early_vs_no_ad_early,beta_power_db_uv2,secondary,-4.238638161504104
lab_subject_8,inline_early_vs_no_ad_early,beta_power_db_uv2,secondary,-2.876755164306436
lab_subject_9,inline_early_vs_no_ad_early,beta_power_db_uv2,secondary,2.378859099086812
lab_subject_1,block_early_vs_no_ad_early,beta_power_db_uv2,secondary,2.003876702554697
lab_subject_10,block_early_vs_no_ad_early,beta_power_db_uv2,secondary,4.095075888908686
lab_subject_11,block_early_vs_no_ad_early,beta_power_db_uv2,secondary,1.747819030945199
lab_subject_12,block_early_vs_no_ad_early,beta_power_db_uv2,secondary,5.759021637563859
lab_subject_13,block_early_vs_no_ad_early,beta_power_db_uv2,secondary,-12.327902678323959
lab_subject_14,block_early_vs_no_ad_early,beta_power_db_uv2,secondary,-0.6449528984921908
lab_subject_15,block_early_vs_no_ad_early,beta_power_db_uv2,secondary,0.22111725848174535
lab_subject_16,block_early_vs_no_ad_early,beta_power_db_uv2,secondary,0.6523639927034814
lab_subject_17,block_early_vs_no_ad_early,beta_power_db_uv2,secondary,2.868652677655837
lab_subject_18,block_early_vs_no_ad_early,beta_power_db_uv2,secondary,-0.8214340694334847
lab_subject_19,block_early_vs_no_ad_early,beta_power_db_uv2,secondary,0.8597811323121842
lab_subject_2,block_early_vs_no_ad_early,beta_power_db_uv2,secondary,2.861467314989895
lab_subject_3,block_early_vs_no_ad_early,beta_power_db_uv2,secondary,-2.124067287817935
lab_subject_5,block_early_vs_no_ad_early,beta_power_db_uv2,secondary,-0.6624491444382308
lab_subject_6,block_early_vs_no_ad_early,beta_power_db_uv2,secondary,4.55333846680553
lab_subject_7,block_early_vs_no_ad_early,beta_power_db_uv2,secondary,-3.973316069271702
lab_subject_8,block_early_vs_no_ad_early,beta_power_db_uv2,secondary,-2.9239565894917057
lab_subject_9,block_early_vs_no_ad_early,beta_power_db_uv2,secondary,3.7841394266686397
lab_subject_1,inline_late_vs_no_ad_late,beta_power_db_uv2,secondary,-5.707298073490493
lab_subject_10,inline_late_vs_no_ad_late,beta_power_db_uv2,secondary,-1.0007762111272136
lab_subject_11,inline_late_vs_no_ad_late,beta_power_db_uv2,secondary,0.5081160282075601
lab_subject_12,inline_late_vs_no_ad_late,beta_power_db_uv2,secondary,-4.399090269329385
lab_subject_13,inline_late_vs_no_ad_late,beta_power_db_uv2,secondary,-0.7171023800842935
lab_subject_14,inline_late_vs_no_ad_late,beta_power_db_uv2,secondary,1.0253516084636667
lab_subject_15,inline_late_vs_no_ad_late,beta_power_db_uv2,secondary,-1.267233208402669
lab_subject_16,inline_late_vs_no_ad_late,beta_power_db_uv2,secondary,-1.749562757490179
lab_subject_17,inline_late_vs_no_ad_late,beta_power_db_uv2,secondary,-1.8336896951152868
lab_subject_18,inline_late_vs_no_ad_late,beta_power_db_uv2,secondary,-0.3924940816852631
lab_subject_19,inline_late_vs_no_ad_late,beta_power_db_uv2,secondary,-3.333197750094415
lab_subject_2,inline_late_vs_no_ad_late,beta_power_db_uv2,secondary,-2.21759321499413
lab_subject_3,inline_late_vs_no_ad_late,beta_power_db_uv2,secondary,-1.6219379217435232
lab_subject_5,inline_late_vs_no_ad_late,beta_power_db_uv2,secondary,0.6806149239657371
lab_subject_6,inline_late_vs_no_ad_late,beta_power_db_uv2,secondary,1.4584027388957717
lab_subject_7,inline_late_vs_no_ad_late,beta_power_db_uv2,secondary,0.350727442102416
lab_subject_8,inline_late_vs_no_ad_late,beta_power_db_uv2,secondary,-7.732568943493266
lab_subject_9,inline_late_vs_no_ad_late,beta_power_db_uv2,secondary,-0.6003837844717559
lab_subject_1,block_late_vs_no_ad_late,beta_power_db_uv2,secondary,-0.44128131983592933
lab_subject_10,block_late_vs_no_ad_late,beta_power_db_uv2,secondary,-0.6413086692613055
lab_subject_11,block_late_vs_no_ad_late,beta_power_db_uv2,secondary,-0.4938771761607992
lab_subject_12,block_late_vs_no_ad_late,beta_power_db_uv2,secondary,-4.025666116085011
lab_subject_13,block_late_vs_no_ad_late,beta_power_db_uv2,secondary,0.09483814863305096
lab_subject_14,block_late_vs_no_ad_late,beta_power_db_uv2,secondary,2.3383668908141866
lab_subject_15,block_late_vs_no_ad_late,beta_power_db_uv2,secondary,-0.9878900186905386
lab_subject_16,block_late_vs_no_ad_late,beta_power_db_uv2,secondary,-1.5119506149344968
lab_subject_17,block_late_vs_no_ad_late,beta_power_db_uv2,secondary,-0.9415721835525535
lab_subject_18,block_late_vs_no_ad_late,beta_power_db_uv2,secondary,-3.981213755778006
lab_subject_19,block_late_vs_no_ad_late,beta_power_db_uv2,secondary,-2.0252525702933477
lab_subject_2,block_late_vs_no_ad_late,beta_power_db_uv2,secondary,-1.1789804411606273
lab_subject_3,block_late_vs_no_ad_late,beta_power_db_uv2,secondary,-1.1153119707730976
lab_subject_5,block_late_vs_no_ad_late,beta_power_db_uv2,secondary,-0.831998794961688
lab_subject_6,block_late_vs_no_ad_late,beta_power_db_uv2,secondary,0.8468732890138781
lab_subject_7,block_late_vs_no_ad_late,beta_power_db_uv2,secondary,0.05021455705084321
lab_subject_8,block_late_vs_no_ad_late,beta_power_db_uv2,secondary,-5.040574580907085
lab_subject_9,block_late_vs_no_ad_late,beta_power_db_uv2,secondary,-0.8531808754628436
lab_subject_1,any_ad_vs_matched_no_ad,beta_power_db_uv2,secondary,-0.6430988630786363
lab_subject_10,any_ad_vs_matched_no_ad,beta_power_db_uv2,secondary,1.488892453246763
lab_subject_11,any_ad_vs_matched_no_ad,beta_power_db_uv2,secondary,0.9092028788213156
lab_subject_12,any_ad_vs_matched_no_ad,beta_power_db_uv2,secondary,0.2859817184616349
lab_subject_13,any_ad_vs_matched_no_ad,beta_power_db_uv2,secondary,-6.077795308079829
lab_subject_14,any_ad_vs_matched_no_ad,beta_power_db_uv2,secondary,-0.027452934583465094
lab_subject_15,any_ad_vs_matched_no_ad,beta_power_db_uv2,secondary,1.1112245651180983
lab_subject_16,any_ad_vs_matched_no_ad,beta_power_db_uv2,secondary,-0.6535088185617692
lab_subject_17,any_ad_vs_matched_no_ad,beta_power_db_uv2,secondary,0.715703973992942
lab_subject_18,any_ad_vs_matched_no_ad,beta_power_db_uv2,secondary,-1.074815053203911
lab_subject_19,any_ad_vs_matched_no_ad,beta_power_db_uv2,secondary,-0.8995007440738076
lab_subject_2,any_ad_vs_matched_no_ad,beta_power_db_uv2,secondary,0.20148686913557246
lab_subject_3,any_ad_vs_matched_no_ad,beta_power_db_uv2,secondary,-2.5522544903713658
lab_subject_5,any_ad_vs_matched_no_ad,beta_power_db_uv2,secondary,-0.38464876620798116
lab_subject_6,any_ad_vs_matched_no_ad,beta_power_db_uv2,secondary,2.9021798565055192
lab_subject_7,any_ad_vs_matched_no_ad,beta_power_db_uv2,secondary,-1.9527530579056367
lab_subject_8,any_ad_vs_matched_no_ad,beta_power_db_uv2,secondary,-4.643463819549623
lab_subject_9,any_ad_vs_matched_no_ad,beta_power_db_uv2,secondary,1.177358466455213
lab_subject_1,inline_vs_block,beta_power_db_uv2,secondary,-2.8487931088760403
lab_subject_10,inline_vs_block,beta_power_db_uv2,secondary,-0.47598231315385453
lab_subject_11,inline_vs_block,beta_power_db_uv2,secondary,0.5644639028582312
lab_subject_12,inline_vs_block,beta_power_db_uv2,secondary,-1.1613920845555783
lab_subject_13,inline_vs_block,beta_power_db_uv2,secondary,0.07747391353125144
lab_subject_14,inline_vs_block,beta_power_db_uv2,secondary,-1.748319861488926
lab_subject_15,inline_vs_block,beta_power_db_uv2,secondary,2.98922189044499
lab_subject_16,inline_vs_block,beta_power_db_uv2,secondary,-0.4474310148925231
lab_subject_17,inline_vs_block,beta_power_db_uv2,secondary,-0.49567254611739964
lab_subject_18,inline_vs_block,beta_power_db_uv2,secondary,2.6530177188036688
lab_subject_19,inline_vs_block,beta_power_db_uv2,secondary,-0.6335300501664518
lab_subject_2,inline_vs_block,beta_power_db_uv2,secondary,-1.2795131355581226
lab_subject_3,inline_vs_block,beta_power_db_uv2,secondary,-1.865129722151699
lab_subject_5,inline_vs_block,beta_power_db_uv2,secondary,0.7251504069839565
lab_subject_6,inline_vs_block,beta_power_db_uv2,secondary,0.40414795719163044
lab_subject_7,inline_vs_block,beta_power_db_uv2,secondary,0.017595396409585184
lab_subject_8,inline_vs_block,beta_power_db_uv2,secondary,-1.3223964687004557
lab_subject_9,inline_vs_block,beta_power_db_uv2,secondary,-0.57624161829537
lab_subject_1,early_vs_late,beta_power_db_uv2,secondary,4.024421494835313
lab_subject_10,early_vs_late,beta_power_db_uv2,secondary,1.0254877198637282
lab_subject_11,early_vs_late,beta_power_db_uv2,secondary,0.23156316112201702
lab_subject_12,early_vs_late,beta_power_db_uv2,secondary,4.294781965207536
lab_subject_13,early_vs_late,beta_power_db_uv2,secondary,0.3074643155583625
lab_subject_14,early_vs_late,beta_power_db_uv2,secondary,0.3189951544460934
lab_subject_15,early_vs_late,beta_power_db_uv2,secondary,2.6286304434955983
lab_subject_16,early_vs_late,beta_power_db_uv2,secondary,1.6450686466779705
lab_subject_17,early_vs_late,beta_power_db_uv2,secondary,1.8186595736037616
lab_subject_18,early_vs_late,beta_power_db_uv2,secondary,-2.4967170250704833
lab_subject_19,early_vs_late,beta_power_db_uv2,secondary,1.1755043109542154
lab_subject_2,early_vs_late,beta_power_db_uv2,secondary,2.1516615262343866
lab_subject_3,early_vs_late,beta_power_db_uv2,secondary,-1.199107720801618
lab_subject_5,early_vs_late,beta_power_db_uv2,secondary,0.5682258385411711
lab_subject_6,early_vs_late,beta_power_db_uv2,secondary,0.7932760271303327
lab_subject_7,early_vs_late,beta_power_db_uv2,secondary,0.7213875212167933
lab_subject_8,early_vs_late,beta_power_db_uv2,secondary,0.5466731238105407
lab_subject_9,early_vs_late,beta_power_db_uv2,secondary,1.7120309353546013
lab_subject_1,format_x_timing,beta_power_db_uv2,secondary,4.834447289557046
lab_subject_10,format_x_timing,beta_power_db_uv2,secondary,-0.2330295425758928
lab_subject_11,format_x_timing,beta_power_db_uv2,secondary,-0.8750586030202561
lab_subject_12,format_x_timing,beta_power_db_uv2,secondary,-1.5759358626224094
lab_subject_13,format_x_timing,beta_power_db_uv2,secondary,1.7788288844971918
lab_subject_14,format_x_timing,beta_power_db_uv2,secondary,-0.8706091582768121
lab_subject_15,format_x_timing,beta_power_db_uv2,secondary,6.53713016031424
lab_subject_16,format_x_timing,beta_power_db_uv2,secondary,-0.41963774467368165
lab_subject_17,format_x_timing,beta_power_db_uv2,secondary,0.7928899308906674
lab_subject_18,format_x_timing,beta_power_db_uv2,secondary,-1.871403910578148
lab_subject_19,format_x_timing,beta_power_db_uv2,secondary,1.3488302592692314
lab_subject_2,format_x_timing,beta_power_db_uv2,secondary,-0.48180072344923985
lab_subject_3,format_x_timing,beta_power_db_uv2,secondary,-2.7170075423625466
lab_subject_5,format_x_timing,beta_power_db_uv2,secondary,-1.5749266238869373
lab_subject_6,format_x_timing,beta_power_db_uv2,secondary,-0.41476298538052614
lab_subject_7,format_x_timing,beta_power_db_uv2,secondary,-0.5658349772839752
lab_subject_8,format_x_timing,beta_power_db_uv2,secondary,2.7391957877714503
lab_subject_9,format_x_timing,beta_power_db_uv2,secondary,-1.6580774185729155
lab_subject_1,inline_early_vs_no_ad_early,faa_log_f4_minus_f3,secondary,3.0681756624823535
lab_subject_10,inline_early_vs_no_ad_early,faa_log_f4_minus_f3,secondary,-1.5348894693338515
lab_subject_11,inline_early_vs_no_ad_early,faa_log_f4_minus_f3,secondary,0.6850937595717319
lab_subject_12,inline_early_vs_no_ad_early,faa_log_f4_minus_f3,secondary,-0.2697208136042981
lab_subject_13,inline_early_vs_no_ad_early,faa_log_f4_minus_f3,secondary,-2.1178987043530384
lab_subject_14,inline_early_vs_no_ad_early,faa_log_f4_minus_f3,secondary,0.017782897861206237
lab_subject_15,inline_early_vs_no_ad_early,faa_log_f4_minus_f3,secondary,-1.3403310631300265
lab_subject_16,inline_early_vs_no_ad_early,faa_log_f4_minus_f3,secondary,-0.5390951523601473
lab_subject_17,inline_early_vs_no_ad_early,faa_log_f4_minus_f3,secondary,0.16586965758776273
lab_subject_18,inline_early_vs_no_ad_early,faa_log_f4_minus_f3,secondary,0.24013526109484573
lab_subject_19,inline_early_vs_no_ad_early,faa_log_f4_minus_f3,secondary,-1.7736755119648784
lab_subject_2,inline_early_vs_no_ad_early,faa_log_f4_minus_f3,secondary,-2.3408193168859555
lab_subject_3,inline_early_vs_no_ad_early,faa_log_f4_minus_f3,secondary,2.6973954564270954
lab_subject_5,inline_early_vs_no_ad_early,faa_log_f4_minus_f3,secondary,2.1097775082558883
lab_subject_6,inline_early_vs_no_ad_early,faa_log_f4_minus_f3,secondary,2.608156330805066
lab_subject_7,inline_early_vs_no_ad_early,faa_log_f4_minus_f3,secondary,-0.22226571978060505
lab_subject_8,inline_early_vs_no_ad_early,faa_log_f4_minus_f3,secondary,0.29629261931156137
lab_subject_9,inline_early_vs_no_ad_early,faa_log_f4_minus_f3,secondary,-0.4972363235685826
lab_subject_1,block_early_vs_no_ad_early,faa_log_f4_minus_f3,secondary,2.5883088220405774
lab_subject_10,block_early_vs_no_ad_early,faa_log_f4_minus_f3,secondary,-1.7239191484845833
lab_subject_11,block_early_vs_no_ad_early,faa_log_f4_minus_f3,secondary,0.5419207544956137
lab_subject_12,block_early_vs_no_ad_early,faa_log_f4_minus_f3,secondary,0.48354435681323693
lab_subject_13,block_early_vs_no_ad_early,faa_log_f4_minus_f3,secondary,-1.123678863575634
lab_subject_14,block_early_vs_no_ad_early,faa_log_f4_minus_f3,secondary,-1.1793681333935915
lab_subject_15,block_early_vs_no_ad_early,faa_log_f4_minus_f3,secondary,0.08665974563118439
lab_subject_16,block_early_vs_no_ad_early,faa_log_f4_minus_f3,secondary,-2.092036874426192
lab_subject_17,block_early_vs_no_ad_early,faa_log_f4_minus_f3,secondary,0.8160378460251252
lab_subject_18,block_early_vs_no_ad_early,faa_log_f4_minus_f3,secondary,0.09908726112800892
lab_subject_19,block_early_vs_no_ad_early,faa_log_f4_minus_f3,secondary,-1.2005479203957776
lab_subject_2,block_early_vs_no_ad_early,faa_log_f4_minus_f3,secondary,-1.992276952198612
lab_subject_3,block_early_vs_no_ad_early,faa_log_f4_minus_f3,secondary,0.37004545809675804
lab_subject_5,block_early_vs_no_ad_early,faa_log_f4_minus_f3,secondary,2.1569602775421757
lab_subject_6,block_early_vs_no_ad_early,faa_log_f4_minus_f3,secondary,0.23555587743206274
lab_subject_7,block_early_vs_no_ad_early,faa_log_f4_minus_f3,secondary,0.6412528017898822
lab_subject_8,block_early_vs_no_ad_early,faa_log_f4_minus_f3,secondary,-1.6159738486014668
lab_subject_9,block_early_vs_no_ad_early,faa_log_f4_minus_f3,secondary,-0.3103029246563267
lab_subject_1,inline_late_vs_no_ad_late,faa_log_f4_minus_f3,secondary,1.571653063315381
lab_subject_10,inline_late_vs_no_ad_late,faa_log_f4_minus_f3,secondary,-0.7496389777471606
lab_subject_11,inline_late_vs_no_ad_late,faa_log_f4_minus_f3,secondary,-1.5262001081243959
lab_subject_12,inline_late_vs_no_ad_late,faa_log_f4_minus_f3,secondary,1.6743817084743
lab_subject_13,inline_late_vs_no_ad_late,faa_log_f4_minus_f3,secondary,0.9237843771932504
lab_subject_14,inline_late_vs_no_ad_late,faa_log_f4_minus_f3,secondary,0.41515595926751203
lab_subject_15,inline_late_vs_no_ad_late,faa_log_f4_minus_f3,secondary,-0.27696289886053194
lab_subject_16,inline_late_vs_no_ad_late,faa_log_f4_minus_f3,secondary,0.85923511215762
lab_subject_17,inline_late_vs_no_ad_late,faa_log_f4_minus_f3,secondary,0.40964931359351553
lab_subject_18,inline_late_vs_no_ad_late,faa_log_f4_minus_f3,secondary,-1.1539780237991941
lab_subject_19,inline_late_vs_no_ad_late,faa_log_f4_minus_f3,secondary,-0.938237691410297
lab_subject_2,inline_late_vs_no_ad_late,faa_log_f4_minus_f3,secondary,-0.387759266634756
lab_subject_3,inline_late_vs_no_ad_late,faa_log_f4_minus_f3,secondary,0.2182804447225486
lab_subject_5,inline_late_vs_no_ad_late,faa_log_f4_minus_f3,secondary,0.4903856434728482
lab_subject_6,inline_late_vs_no_ad_late,faa_log_f4_minus_f3,secondary,0.8643466004097142
lab_subject_7,inline_late_vs_no_ad_late,faa_log_f4_minus_f3,secondary,0.6325377426570213
lab_subject_8,inline_late_vs_no_ad_late,faa_log_f4_minus_f3,secondary,1.7059670102689353
lab_subject_9,inline_late_vs_no_ad_late,faa_log_f4_minus_f3,secondary,-0.9359186904167487
lab_subject_1,block_late_vs_no_ad_late,faa_log_f4_minus_f3,secondary,1.3077603549944037
lab_subject_10,block_late_vs_no_ad_late,faa_log_f4_minus_f3,secondary,-1.7164868528430368
lab_subject_11,block_late_vs_no_ad_late,faa_log_f4_minus_f3,secondary,-1.6208268731666635
lab_subject_12,block_late_vs_no_ad_late,faa_log_f4_minus_f3,secondary,-0.3163199409484392
lab_subject_13,block_late_vs_no_ad_late,faa_log_f4_minus_f3,secondary,0.8073894747316537
lab_subject_14,block_late_vs_no_ad_late,faa_log_f4_minus_f3,secondary,2.4729723474102627
lab_subject_15,block_late_vs_no_ad_late,faa_log_f4_minus_f3,secondary,-0.41038840479756544
lab_subject_16,block_late_vs_no_ad_late,faa_log_f4_minus_f3,secondary,0.26872848126274107
lab_subject_17,block_late_vs_no_ad_late,faa_log_f4_minus_f3,secondary,0.7893641932177324
lab_subject_18,block_late_vs_no_ad_late,faa_log_f4_minus_f3,secondary,1.8513125512488777
lab_subject_19,block_late_vs_no_ad_late,faa_log_f4_minus_f3,secondary,-0.2945078947330444
lab_subject_2,block_late_vs_no_ad_late,faa_log_f4_minus_f3,secondary,0.9755250485595965
lab_subject_3,block_late_vs_no_ad_late,faa_log_f4_minus_f3,secondary,-0.17984477153981615
lab_subject_5,block_late_vs_no_ad_late,faa_log_f4_minus_f3,secondary,1.5296747271688709
lab_subject_6,block_late_vs_no_ad_late,faa_log_f4_minus_f3,secondary,-1.1758326332052143
lab_subject_7,block_late_vs_no_ad_late,faa_log_f4_minus_f3,secondary,0.03130578345681201
lab_subject_8,block_late_vs_no_ad_late,faa_log_f4_minus_f3,secondary,1.8930284504899646
lab_subject_9,block_late_vs_no_ad_late,faa_log_f4_minus_f3,secondary,-2.437852347191985
lab_subject_1,any_ad_vs_matched_no_ad,faa_log_f4_minus_f3,secondary,2.133974475708179
lab_subject_10,any_ad_vs_matched_no_ad,faa_log_f4_minus_f3,secondary,-1.431233612102158
lab_subject_11,any_ad_vs_matched_no_ad,faa_log_f4_minus_f3,secondary,-0.48000311680592844
lab_subject_12,any_ad_vs_matched_no_ad,faa_log_f4_minus_f3,secondary,0.3929713276836999
lab_subject_13,any_ad_vs_matched_no_ad,faa_log_f4_minus_f3,secondary,-0.3776009290009421
lab_subject_14,any_ad_vs_matched_no_ad,faa_log_f4_minus_f3,secondary,0.4316357677863474
lab_subject_15,any_ad_vs_matched_no_ad,faa_log_f4_minus_f3,secondary,-0.48525565528923487
lab_subject_16,any_ad_vs_matched_no_ad,faa_log_f4_minus_f3,secondary,-0.37579210834149457
lab_subject_17,any_ad_vs_matched_no_ad,faa_log_f4_minus_f3,secondary,0.545230252606034
lab_subject_18,any_ad_vs_matched_no_ad,faa_log_f4_minus_f3,secondary,0.25913926241813456
lab_subject_19,any_ad_vs_matched_no_ad,faa_log_f4_minus_f3,secondary,-1.0517422546259994
lab_subject_2,any_ad_vs_matched_no_ad,faa_log_f4_minus_f3,secondary,-0.9363326217899317
lab_subject_3,any_ad_vs_matched_no_ad,faa_log_f4_minus_f3,secondary,0.7764691469266465
lab_subject_5,any_ad_vs_matched_no_ad,faa_log_f4_minus_f3,secondary,1.5716995391099458
lab_subject_6,any_ad_vs_matched_no_ad,faa_log_f4_minus_f3,secondary,0.6330565438604072
lab_subject_7,any_ad_vs_matched_no_ad,faa_log_f4_minus_f3,secondary,0.2707076520307776
lab_subject_8,any_ad_vs_matched_no_ad,faa_log_f4_minus_f3,secondary,0.5698285578672486
lab_subject_9,any_ad_vs_matched_no_ad,faa_log_f4_minus_f3,secondary,-1.0453275714584107
lab_subject_1,inline_vs_block,faa_log_f4_minus_f3,secondary,0.37187977438137665
lab_subject_10,inline_vs_block,faa_log_f4_minus_f3,secondary,0.577938777123304
lab_subject_11,inline_vs_block,faa_log_f4_minus_f3,secondary,0.11889988505919291
lab_subject_12,inline_vs_block,faa_log_f4_minus_f3,secondary,0.6187182395026021
lab_subject_13,inline_vs_block,faa_log_f4_minus_f3,secondary,-0.43891246915790383
lab_subject_14,inline_vs_block,faa_log_f4_minus_f3,secondary,-0.4303326784439765
lab_subject_15,inline_vs_block,faa_log_f4_minus_f3,secondary,-0.6467826514120887
lab_subject_16,inline_vs_block,faa_log_f4_minus_f3,secondary,1.071724176480462
lab_subject_17,inline_vs_block,faa_log_f4_minus_f3,secondary,-0.5149415340307897
lab_subject_18,inline_vs_block,faa_log_f4_minus_f3,secondary,-1.4321212875406175
lab_subject_19,inline_vs_block,faa_log_f4_minus_f3,secondary,-0.6084286941231767
lab_subject_2,inline_vs_block,faa_log_f4_minus_f3,secondary,-0.8559133399408481
lab_subject_3,inline_vs_block,faa_log_f4_minus_f3,secondary,1.362737607296351
lab_subject_5,inline_vs_block,faa_log_f4_minus_f3,secondary,-0.543235926491155
lab_subject_6,inline_vs_block,faa_log_f4_minus_f3,secondary,2.206389843493966
lab_subject_7,inline_vs_block,faa_log_f4_minus_f3,secondary,-0.13114328118513896
lab_subject_8,inline_vs_block,faa_log_f4_minus_f3,secondary,0.8626025138459994
lab_subject_9,inline_vs_block,faa_log_f4_minus_f3,secondary,0.6575001289314901
lab_subject_1,early_vs_late,faa_log_f4_minus_f3,secondary,0.3883839243532101
lab_subject_10,early_vs_late,faa_log_f4_minus_f3,secondary,-0.2053739414596798
lab_subject_11,early_vs_late,faa_log_f4_minus_f3,secondary,-0.036090964738495046
lab_subject_12,early_vs_late,faa_log_f4_minus_f3,secondary,0.303096504303106
lab_subject_13,early_vs_late,faa_log_f4_minus_f3,secondary,-2.346957892655672
lab_subject_14,early_vs_late,faa_log_f4_minus_f3,secondary,-0.3082836039347452
lab_subject_15,early_vs_late,faa_log_f4_minus_f3,secondary,-0.1073246382950046
lab_subject_16,early_vs_late,faa_log_f4_minus_f3,secondary,0.2360772229636261
lab_subject_17,early_vs_late,faa_log_f4_minus_f3,secondary,0.41871118836489174
lab_subject_18,early_vs_late,faa_log_f4_minus_f3,secondary,0.07256474300053739
lab_subject_19,early_vs_late,faa_log_f4_minus_f3,secondary,-0.7411741874971547
lab_subject_2,early_vs_late,faa_log_f4_minus_f3,secondary,-0.25544091305027905
lab_subject_3,early_vs_late,faa_log_f4_minus_f3,secondary,0.5752402271594637
lab_subject_5,early_vs_late,faa_log_f4_minus_f3,secondary,0.9314099733045662
lab_subject_6,early_vs_late,faa_log_f4_minus_f3,secondary,-0.31049799535636424
lab_subject_7,early_vs_late,faa_log_f4_minus_f3,secondary,-0.0769723915023981
lab_subject_8,early_vs_late,faa_log_f4_minus_f3,secondary,0.12436799419017674
lab_subject_9,early_vs_late,faa_log_f4_minus_f3,secondary,1.6915501271989495
lab_subject_1,format_x_timing,faa_log_f4_minus_f3,secondary,0.21597413212079886
lab_subject_10,format_x_timing,faa_log_f4_minus_f3,secondary,-0.7778181959451445
lab_subject_11,format_x_timing,faa_log_f4_minus_f3,secondary,0.04854624003385055
lab_subject_12,format_x_timing,faa_log_f4_minus_f3,secondary,-2.7439668198402742
lab_subject_13,format_x_timing,faa_log_f4_minus_f3,secondary,-1.110614743239001
lab_subject_14,format_x_timing,faa_log_f4_minus_f3,secondary,3.2549674193975484
lab_subject_15,format_x_timing,faa_log_f4_minus_f3,secondary,-1.5604163146982444
lab_subject_16,format_x_timing,faa_log_f4_minus_f3,secondary,0.9624350911711659
lab_subject_17,format_x_timing,faa_log_f4_minus_f3,secondary,-0.27045330881314555
lab_subject_18,format_x_timing,faa_log_f4_minus_f3,secondary,3.1463385750149087
lab_subject_19,format_x_timing,faa_log_f4_minus_f3,secondary,0.07060220510815185
lab_subject_2,format_x_timing,faa_log_f4_minus_f3,secondary,1.014741950507009
lab_subject_3,format_x_timing,faa_log_f4_minus_f3,secondary,1.9292247820679727
lab_subject_5,format_x_timing,faa_log_f4_minus_f3,secondary,0.9921063144097353
lab_subject_6,format_x_timing,faa_log_f4_minus_f3,secondary,0.3324212197580749
lab_subject_7,format_x_timing,faa_log_f4_minus_f3,secondary,-1.4647504807706966
lab_subject_8,format_x_timing,faa_log_f4_minus_f3,secondary,2.0993279081340575
lab_subject_9,format_x_timing,faa_log_f4_minus_f3,secondary,-1.688867055687492
lab_subject_1,inline_early_vs_no_ad_early,delta_power_db_uv2,exploratory,-10.215391868682076
lab_subject_10,inline_early_vs_no_ad_early,delta_power_db_uv2,exploratory,-2.9091297163813525
lab_subject_11,inline_early_vs_no_ad_early,delta_power_db_uv2,exploratory,1.1833976767953374
lab_subject_12,inline_early_vs_no_ad_early,delta_power_db_uv2,exploratory,-6.951206310650214
lab_subject_13,inline_early_vs_no_ad_early,delta_power_db_uv2,exploratory,-7.111379422915853
lab_subject_14,inline_early_vs_no_ad_early,delta_power_db_uv2,exploratory,-5.952312793302662
lab_subject_15,inline_early_vs_no_ad_early,delta_power_db_uv2,exploratory,-1.8468292115400757
lab_subject_16,inline_early_vs_no_ad_early,delta_power_db_uv2,exploratory,8.257444037283364
lab_subject_17,inline_early_vs_no_ad_early,delta_power_db_uv2,exploratory,3.716879256467596
lab_subject_18,inline_early_vs_no_ad_early,delta_power_db_uv2,exploratory,-2.5715868333055827
lab_subject_19,inline_early_vs_no_ad_early,delta_power_db_uv2,exploratory,-4.44841472632967
lab_subject_2,inline_early_vs_no_ad_early,delta_power_db_uv2,exploratory,2.190907881242339
lab_subject_3,inline_early_vs_no_ad_early,delta_power_db_uv2,exploratory,12.2681909450332
lab_subject_5,inline_early_vs_no_ad_early,delta_power_db_uv2,exploratory,0.1545214704997253
lab_subject_6,inline_early_vs_no_ad_early,delta_power_db_uv2,exploratory,0.03843650508442131
lab_subject_7,inline_early_vs_no_ad_early,delta_power_db_uv2,exploratory,-2.393201815678067
lab_subject_8,inline_early_vs_no_ad_early,delta_power_db_uv2,exploratory,3.7018262616735047
lab_subject_9,inline_early_vs_no_ad_early,delta_power_db_uv2,exploratory,-3.6036942472998597
lab_subject_1,block_early_vs_no_ad_early,delta_power_db_uv2,exploratory,-6.006741426911843
lab_subject_10,block_early_vs_no_ad_early,delta_power_db_uv2,exploratory,-1.3806382635895176
lab_subject_11,block_early_vs_no_ad_early,delta_power_db_uv2,exploratory,10.971837614383197
lab_subject_12,block_early_vs_no_ad_early,delta_power_db_uv2,exploratory,-1.4688883514808424
lab_subject_13,block_early_vs_no_ad_early,delta_power_db_uv2,exploratory,-4.97699636011394
lab_subject_14,block_early_vs_no_ad_early,delta_power_db_uv2,exploratory,-3.823368606019658
lab_subject_15,block_early_vs_no_ad_early,delta_power_db_uv2,exploratory,12.874987257037299
lab_subject_16,block_early_vs_no_ad_early,delta_power_db_uv2,exploratory,4.26069214075453
lab_subject_17,block_early_vs_no_ad_early,delta_power_db_uv2,exploratory,3.5631428492452493
lab_subject_18,block_early_vs_no_ad_early,delta_power_db_uv2,exploratory,-2.312640659576232
lab_subject_19,block_early_vs_no_ad_early,delta_power_db_uv2,exploratory,3.1645957614192035
lab_subject_2,block_early_vs_no_ad_early,delta_power_db_uv2,exploratory,3.901108628329082
lab_subject_3,block_early_vs_no_ad_early,delta_power_db_uv2,exploratory,8.396852747971721
lab_subject_5,block_early_vs_no_ad_early,delta_power_db_uv2,exploratory,4.3001954105618765
lab_subject_6,block_early_vs_no_ad_early,delta_power_db_uv2,exploratory,3.151586101954292
lab_subject_7,block_early_vs_no_ad_early,delta_power_db_uv2,exploratory,3.848889933381468
lab_subject_8,block_early_vs_no_ad_early,delta_power_db_uv2,exploratory,7.691749842426603
lab_subject_9,block_early_vs_no_ad_early,delta_power_db_uv2,exploratory,6.413515004854734
lab_subject_1,inline_late_vs_no_ad_late,delta_power_db_uv2,exploratory,-5.596625850502377
lab_subject_10,inline_late_vs_no_ad_late,delta_power_db_uv2,exploratory,6.0564190148255275
lab_subject_11,inline_late_vs_no_ad_late,delta_power_db_uv2,exploratory,-1.0114679518498662
lab_subject_12,inline_late_vs_no_ad_late,delta_power_db_uv2,exploratory,-0.13165621805798544
lab_subject_13,inline_late_vs_no_ad_late,delta_power_db_uv2,exploratory,-1.010414003837628
lab_subject_14,inline_late_vs_no_ad_late,delta_power_db_uv2,exploratory,9.606471177654234
lab_subject_15,inline_late_vs_no_ad_late,delta_power_db_uv2,exploratory,10.134520717580598
lab_subject_16,inline_late_vs_no_ad_late,delta_power_db_uv2,exploratory,5.259786402831027
lab_subject_17,inline_late_vs_no_ad_late,delta_power_db_uv2,exploratory,4.287439320204253
lab_subject_18,inline_late_vs_no_ad_late,delta_power_db_uv2,exploratory,-0.2172405432328759
lab_subject_19,inline_late_vs_no_ad_late,delta_power_db_uv2,exploratory,-3.969220330274238
lab_subject_2,inline_late_vs_no_ad_late,delta_power_db_uv2,exploratory,1.6312689061037027
lab_subject_3,inline_late_vs_no_ad_late,delta_power_db_uv2,exploratory,3.4336475545526515
lab_subject_5,inline_late_vs_no_ad_late,delta_power_db_uv2,exploratory,0.5347770615189695
lab_subject_6,inline_late_vs_no_ad_late,delta_power_db_uv2,exploratory,6.916290436454256
lab_subject_7,inline_late_vs_no_ad_late,delta_power_db_uv2,exploratory,16.063955333027707
lab_subject_8,inline_late_vs_no_ad_late,delta_power_db_uv2,exploratory,11.95658118199331
lab_subject_9,inline_late_vs_no_ad_late,delta_power_db_uv2,exploratory,-11.007182312788862
lab_subject_1,block_late_vs_no_ad_late,delta_power_db_uv2,exploratory,3.978546711633445
lab_subject_10,block_late_vs_no_ad_late,delta_power_db_uv2,exploratory,6.1429497620493425
lab_subject_11,block_late_vs_no_ad_late,delta_power_db_uv2,exploratory,1.9944730388775298
lab_subject_12,block_late_vs_no_ad_late,delta_power_db_uv2,exploratory,2.592451730009593
lab_subject_13,block_late_vs_no_ad_late,delta_power_db_uv2,exploratory,4.523447104849517
lab_subject_14,block_late_vs_no_ad_late,delta_power_db_uv2,exploratory,12.155223204485274
lab_subject_15,block_late_vs_no_ad_late,delta_power_db_uv2,exploratory,4.3527616422212
lab_subject_16,block_late_vs_no_ad_late,delta_power_db_uv2,exploratory,2.7721139963006394
lab_subject_17,block_late_vs_no_ad_late,delta_power_db_uv2,exploratory,-1.9474401987646655
lab_subject_18,block_late_vs_no_ad_late,delta_power_db_uv2,exploratory,0.9589243713951312
lab_subject_19,block_late_vs_no_ad_late,delta_power_db_uv2,exploratory,11.875420507367512
lab_subject_2,block_late_vs_no_ad_late,delta_power_db_uv2,exploratory,-4.869964785940319
lab_subject_3,block_late_vs_no_ad_late,delta_power_db_uv2,exploratory,6.7838195423174295
lab_subject_5,block_late_vs_no_ad_late,delta_power_db_uv2,exploratory,-10.294456038959419
lab_subject_6,block_late_vs_no_ad_late,delta_power_db_uv2,exploratory,9.649701200941031
lab_subject_7,block_late_vs_no_ad_late,delta_power_db_uv2,exploratory,7.084782565743405
lab_subject_8,block_late_vs_no_ad_late,delta_power_db_uv2,exploratory,10.832025615770108
lab_subject_9,block_late_vs_no_ad_late,delta_power_db_uv2,exploratory,-8.500270372674233
lab_subject_1,any_ad_vs_matched_no_ad,delta_power_db_uv2,exploratory,-4.460053108615712
lab_subject_10,any_ad_vs_matched_no_ad,delta_power_db_uv2,exploratory,1.977400199226
lab_subject_11,any_ad_vs_matched_no_ad,delta_power_db_uv2,exploratory,3.2845600945515496
lab_subject_12,any_ad_vs_matched_no_ad,delta_power_db_uv2,exploratory,-1.4898247875448623
lab_subject_13,any_ad_vs_matched_no_ad,delta_power_db_uv2,exploratory,-2.143835670504476
lab_subject_14,any_ad_vs_matched_no_ad,delta_power_db_uv2,exploratory,2.996503245704297
lab_subject_15,any_ad_vs_matched_no_ad,delta_power_db_uv2,exploratory,6.378860101324755
lab_subject_16,any_ad_vs_matched_no_ad,delta_power_db_uv2,exploratory,5.13750914429239
lab_subject_17,any_ad_vs_matched_no_ad,delta_power_db_uv2,exploratory,2.4050053067881083
lab_subject_18,any_ad_vs_matched_no_ad,delta_power_db_uv2,exploratory,-1.0356359161798898
lab_subject_19,any_ad_vs_matched_no_ad,delta_power_db_uv2,exploratory,1.6555953030457018
lab_subject_2,any_ad_vs_matched_no_ad,delta_power_db_uv2,exploratory,0.7133301574337008
lab_subject_3,any_ad_vs_matched_no_ad,delta_power_db_uv2,exploratory,7.720627697468751
lab_subject_5,any_ad_vs_matched_no_ad,delta_power_db_uv2,exploratory,-1.326240524094712
lab_subject_6,any_ad_vs_matched_no_ad,delta_power_db_uv2,exploratory,4.9390035611085
lab_subject_7,any_ad_vs_matched_no_ad,delta_power_db_uv2,exploratory,6.151106504118628
lab_subject_8,any_ad_vs_matched_no_ad,delta_power_db_uv2,exploratory,8.545545725465882
lab_subject_9,any_ad_vs_matched_no_ad,delta_power_db_uv2,exploratory,-4.174407981977055
lab_subject_1,inline_vs_block,delta_power_db_uv2,exploratory,-6.891911501953028
lab_subject_10,inline_vs_block,delta_power_db_uv2,exploratory,-0.807511100007825
lab_subject_11,inline_vs_block,delta_power_db_uv2,exploratory,-6.397190464157628
lab_subject_12,inline_vs_block,delta_power_db_uv2,exploratory,-4.103212953618475
lab_subject_13,inline_vs_block,delta_power_db_uv2,exploratory,-3.8341220857445286
lab_subject_14,inline_vs_block,delta_power_db_uv2,exploratory,-2.3388481070570224
lab_subject_15,inline_vs_block,delta_power_db_uv2,exploratory,-4.470028696608988
lab_subject_16,inline_vs_block,delta_power_db_uv2,exploratory,3.2422121515296105
lab_subject_17,inline_vs_block,delta_power_db_uv2,exploratory,3.194307963095633
lab_subject_18,inline_vs_block,delta_power_db_uv2,exploratory,-0.717555544178679
lab_subject_19,inline_vs_block,delta_power_db_uv2,exploratory,-11.72882566269531
lab_subject_2,inline_vs_block,delta_power_db_uv2,exploratory,2.395516472478639
lab_subject_3,inline_vs_block,delta_power_db_uv2,exploratory,0.2605831046483509
lab_subject_5,inline_vs_block,delta_power_db_uv2,exploratory,3.3417795802081187
lab_subject_6,inline_vs_block,delta_power_db_uv2,exploratory,-2.923280180678323
lab_subject_7,inline_vs_block,delta_power_db_uv2,exploratory,1.3685405091123846
lab_subject_8,inline_vs_block,delta_power_db_uv2,exploratory,-1.4326840072649487
lab_subject_9,inline_vs_block,delta_power_db_uv2,exploratory,-6.262060596134611
lab_subject_1,early_vs_late,delta_power_db_uv2,exploratory,4.113403690511375
lab_subject_10,early_vs_late,delta_power_db_uv2,exploratory,-2.5016238675676776
lab_subject_11,early_vs_late,delta_power_db_uv2,exploratory,-2.618414379529801
lab_subject_12,early_vs_late,delta_power_db_uv2,exploratory,-4.310585256526859
lab_subject_13,early_vs_late,delta_power_db_uv2,exploratory,-6.03760071450562
lab_subject_14,early_vs_late,delta_power_db_uv2,exploratory,-0.18210525200584993
lab_subject_15,early_vs_late,delta_power_db_uv2,exploratory,-8.66027055186371
lab_subject_16,early_vs_late,delta_power_db_uv2,exploratory,3.092737854825188
lab_subject_17,early_vs_late,delta_power_db_uv2,exploratory,-1.984810934047256
lab_subject_18,early_vs_late,delta_power_db_uv2,exploratory,-1.7992092156187054
lab_subject_19,early_vs_late,delta_power_db_uv2,exploratory,6.70698332186777
lab_subject_2,early_vs_late,delta_power_db_uv2,exploratory,3.5578562201179524
lab_subject_3,early_vs_late,delta_power_db_uv2,exploratory,-1.1830780195099084
lab_subject_5,early_vs_late,delta_power_db_uv2,exploratory,7.889079675447977
lab_subject_6,early_vs_late,delta_power_db_uv2,exploratory,-0.16737552933167255
lab_subject_7,early_vs_late,delta_power_db_uv2,exploratory,-0.14314756515186478
lab_subject_8,early_vs_late,delta_power_db_uv2,exploratory,-6.005221205365186
lab_subject_9,early_vs_late,delta_power_db_uv2,exploratory,16.088807238767025
lab_subject_1,format_x_timing,delta_power_db_uv2,exploratory,5.366522120365589
lab_subject_10,format_x_timing,delta_power_db_uv2,exploratory,-1.44196070556802
lab_subject_11,format_x_timing,delta_power_db_uv2,exploratory,-6.782498946860464
lab_subject_12,format_x_timing,delta_power_db_uv2,exploratory,-2.7582100111017933
lab_subject_13,format_x_timing,delta_power_db_uv2,exploratory,3.399478045885232
lab_subject_14,format_x_timing,delta_power_db_uv2,exploratory,0.4198078395480369
lab_subject_15,format_x_timing,delta_power_db_uv2,exploratory,-20.503575543936776
lab_subject_16,format_x_timing,delta_power_db_uv2,exploratory,1.5090794899984452
lab_subject_17,format_x_timing,delta_power_db_uv2,exploratory,-6.081143111746572
lab_subject_18,format_x_timing,delta_power_db_uv2,exploratory,0.9172187408986563
lab_subject_19,format_x_timing,delta_power_db_uv2,exploratory,8.231630349892876
lab_subject_2,format_x_timing,delta_power_db_uv2,exploratory,-8.211434439130764
lab_subject_3,format_x_timing,delta_power_db_uv2,exploratory,7.221510184826258
lab_subject_5,format_x_timing,delta_power_db_uv2,exploratory,-14.97490704054054
lab_subject_6,format_x_timing,delta_power_db_uv2,exploratory,-0.37973883238309547
lab_subject_7,format_x_timing,delta_power_db_uv2,exploratory,-15.221264516343838
lab_subject_8,format_x_timing,delta_power_db_uv2,exploratory,-5.114479146976299
lab_subject_9,format_x_timing,delta_power_db_uv2,exploratory,-7.510297312039965
lab_subject_1,inline_early_vs_no_ad_early,gamma_power_db_uv2,exploratory,1.222285140835071
lab_subject_10,inline_early_vs_no_ad_early,gamma_power_db_uv2,exploratory,3.543808294592569
lab_subject_11,inline_early_vs_no_ad_early,gamma_power_db_uv2,exploratory,1.1307274014415183
lab_subject_12,inline_early_vs_no_ad_early,gamma_power_db_uv2,exploratory,1.7319501340802503
lab_subject_13,inline_early_vs_no_ad_early,gamma_power_db_uv2,exploratory,-4.888613616229955
lab_subject_14,inline_early_vs_no_ad_early,gamma_power_db_uv2,exploratory,-2.6640344683531216
lab_subject_15,inline_early_vs_no_ad_early,gamma_power_db_uv2,exploratory,7.58548171187983
lab_subject_16,inline_early_vs_no_ad_early,gamma_power_db_uv2,exploratory,-2.7173257850902246
lab_subject_17,inline_early_vs_no_ad_early,gamma_power_db_uv2,exploratory,1.7103867656492078
lab_subject_18,inline_early_vs_no_ad_early,gamma_power_db_uv2,exploratory,1.175114869745281
lab_subject_19,inline_early_vs_no_ad_early,gamma_power_db_uv2,exploratory,5.768916322627418
lab_subject_2,inline_early_vs_no_ad_early,gamma_power_db_uv2,exploratory,0.6119160346699868
lab_subject_3,inline_early_vs_no_ad_early,gamma_power_db_uv2,exploratory,-0.6149125305034835
lab_subject_5,inline_early_vs_no_ad_early,gamma_power_db_uv2,exploratory,-0.3043962573543397
lab_subject_6,inline_early_vs_no_ad_early,gamma_power_db_uv2,exploratory,4.03520186906923
lab_subject_7,inline_early_vs_no_ad_early,gamma_power_db_uv2,exploratory,-7.499348088317477
lab_subject_8,inline_early_vs_no_ad_early,gamma_power_db_uv2,exploratory,-4.969010231631758
lab_subject_9,inline_early_vs_no_ad_early,gamma_power_db_uv2,exploratory,0.6268723565788052
lab_subject_1,block_early_vs_no_ad_early,gamma_power_db_uv2,exploratory,0.5848217517033207
lab_subject_10,block_early_vs_no_ad_early,gamma_power_db_uv2,exploratory,7.206802641834839
lab_subject_11,block_early_vs_no_ad_early,gamma_power_db_uv2,exploratory,-1.8109131578434337
lab_subject_12,block_early_vs_no_ad_early,gamma_power_db_uv2,exploratory,1.889086211447017
lab_subject_13,block_early_vs_no_ad_early,gamma_power_db_uv2,exploratory,-7.965219237401184
lab_subject_14,block_early_vs_no_ad_early,gamma_power_db_uv2,exploratory,0.3699927615539247
lab_subject_15,block_early_vs_no_ad_early,gamma_power_db_uv2,exploratory,-2.61510020853679
lab_subject_16,block_early_vs_no_ad_early,gamma_power_db_uv2,exploratory,-0.9569159822953148
lab_subject_17,block_early_vs_no_ad_early,gamma_power_db_uv2,exploratory,1.292962834279721
lab_subject_18,block_early_vs_no_ad_early,gamma_power_db_uv2,exploratory,-0.6322463119887933
lab_subject_19,block_early_vs_no_ad_early,gamma_power_db_uv2,exploratory,0.23657861923928636
lab_subject_2,block_early_vs_no_ad_early,gamma_power_db_uv2,exploratory,4.028644295661331
lab_subject_3,block_early_vs_no_ad_early,gamma_power_db_uv2,exploratory,-1.9912080203574387
lab_subject_5,block_early_vs_no_ad_early,gamma_power_db_uv2,exploratory,-1.204617065476604
lab_subject_6,block_early_vs_no_ad_early,gamma_power_db_uv2,exploratory,3.6039920871069224
lab_subject_7,block_early_vs_no_ad_early,gamma_power_db_uv2,exploratory,-7.661781305562325
lab_subject_8,block_early_vs_no_ad_early,gamma_power_db_uv2,exploratory,0.9980703447840429
lab_subject_9,block_early_vs_no_ad_early,gamma_power_db_uv2,exploratory,0.34834185073165
lab_subject_1,inline_late_vs_no_ad_late,gamma_power_db_uv2,exploratory,-10.181308004886628
lab_subject_10,inline_late_vs_no_ad_late,gamma_power_db_uv2,exploratory,-8.107650154118234
lab_subject_11,inline_late_vs_no_ad_late,gamma_power_db_uv2,exploratory,0.18947459039493975
lab_subject_12,inline_late_vs_no_ad_late,gamma_power_db_uv2,exploratory,1.2759019564542982
lab_subject_13,inline_late_vs_no_ad_late,gamma_power_db_uv2,exploratory,3.450906866043743
lab_subject_14,inline_late_vs_no_ad_late,gamma_power_db_uv2,exploratory,-1.1018713582321658
lab_subject_15,inline_late_vs_no_ad_late,gamma_power_db_uv2,exploratory,-0.17157450557068832
lab_subject_16,inline_late_vs_no_ad_late,gamma_power_db_uv2,exploratory,-3.109878808095036
lab_subject_17,inline_late_vs_no_ad_late,gamma_power_db_uv2,exploratory,1.2709160663127528
lab_subject_18,inline_late_vs_no_ad_late,gamma_power_db_uv2,exploratory,-1.8776631918593591
lab_subject_19,inline_late_vs_no_ad_late,gamma_power_db_uv2,exploratory,0.20087704692491526
lab_subject_2,inline_late_vs_no_ad_late,gamma_power_db_uv2,exploratory,0.2921421667610735
lab_subject_3,inline_late_vs_no_ad_late,gamma_power_db_uv2,exploratory,-1.585219286165085
lab_subject_5,inline_late_vs_no_ad_late,gamma_power_db_uv2,exploratory,0.6696641136178743
lab_subject_6,inline_late_vs_no_ad_late,gamma_power_db_uv2,exploratory,1.5850457700691054
lab_subject_7,inline_late_vs_no_ad_late,gamma_power_db_uv2,exploratory,-0.04738709024181764
lab_subject_8,inline_late_vs_no_ad_late,gamma_power_db_uv2,exploratory,-0.6501507204162964
lab_subject_9,inline_late_vs_no_ad_late,gamma_power_db_uv2,exploratory,-0.2438125176464938
lab_subject_1,block_late_vs_no_ad_late,gamma_power_db_uv2,exploratory,-0.3545099109511045
lab_subject_10,block_late_vs_no_ad_late,gamma_power_db_uv2,exploratory,0.8133792118845968
lab_subject_11,block_late_vs_no_ad_late,gamma_power_db_uv2,exploratory,0.09071671770789957
lab_subject_12,block_late_vs_no_ad_late,gamma_power_db_uv2,exploratory,-0.30106237995667584
lab_subject_13,block_late_vs_no_ad_late,gamma_power_db_uv2,exploratory,3.6793434821984707
lab_subject_14,block_late_vs_no_ad_late,gamma_power_db_uv2,exploratory,1.7627187987750552
lab_subject_15,block_late_vs_no_ad_late,gamma_power_db_uv2,exploratory,-1.436278513244254
lab_subject_16,block_late_vs_no_ad_late,gamma_power_db_uv2,exploratory,-3.171641692670649
lab_subject_17,block_late_vs_no_ad_late,gamma_power_db_uv2,exploratory,1.1356229771852895
lab_subject_18,block_late_vs_no_ad_late,gamma_power_db_uv2,exploratory,-5.297761964675052
lab_subject_19,block_late_vs_no_ad_late,gamma_power_db_uv2,exploratory,1.2021111650707759
lab_subject_2,block_late_vs_no_ad_late,gamma_power_db_uv2,exploratory,-1.0626986193707806
lab_subject_3,block_late_vs_no_ad_late,gamma_power_db_uv2,exploratory,-1.9470349453367906
lab_subject_5,block_late_vs_no_ad_late,gamma_power_db_uv2,exploratory,0.5221756850257782
lab_subject_6,block_late_vs_no_ad_late,gamma_power_db_uv2,exploratory,0.8998216965559016
lab_subject_7,block_late_vs_no_ad_late,gamma_power_db_uv2,exploratory,-1.1342825907896241
lab_subject_8,block_late_vs_no_ad_late,gamma_power_db_uv2,exploratory,-0.5236249017956514
lab_subject_9,block_late_vs_no_ad_late,gamma_power_db_uv2,exploratory,-1.1511024203904432
lab_subject_1,any_ad_vs_matched_no_ad,gamma_power_db_uv2,exploratory,-2.182177755824835
lab_subject_10,any_ad_vs_matched_no_ad,gamma_power_db_uv2,exploratory,0.8640849985484431
lab_subject_11,any_ad_vs_matched_no_ad,gamma_power_db_uv2,exploratory,-0.0999986120747689
lab_subject_12,any_ad_vs_matched_no_ad,gamma_power_db_uv2,exploratory,1.1489689805062224
lab_subject_13,any_ad_vs_matched_no_ad,gamma_power_db_uv2,exploratory,-1.4308956263472314
lab_subject_14,any_ad_vs_matched_no_ad,gamma_power_db_uv2,exploratory,-0.40829856656407687
lab_subject_15,any_ad_vs_matched_no_ad,gamma_power_db_uv2,exploratory,0.8406321211320247
lab_subject_16,any_ad_vs_matched_no_ad,gamma_power_db_uv2,exploratory,-2.488940567037806
lab_subject_17,any_ad_vs_matched_no_ad,gamma_power_db_uv2,exploratory,1.3524721608567427
lab_subject_18,any_ad_vs_matched_no_ad,gamma_power_db_uv2,exploratory,-1.6581391496944813
lab_subject_19,any_ad_vs_matched_no_ad,gamma_power_db_uv2,exploratory,1.852120788465599
lab_subject_2,any_ad_vs_matched_no_ad,gamma_power_db_uv2,exploratory,0.9675009694304026
lab_subject_3,any_ad_vs_matched_no_ad,gamma_power_db_uv2,exploratory,-1.5345936955906994
lab_subject_5,any_ad_vs_matched_no_ad,gamma_power_db_uv2,exploratory,-0.07929338104682282
lab_subject_6,any_ad_vs_matched_no_ad,gamma_power_db_uv2,exploratory,2.5310153557002897
lab_subject_7,any_ad_vs_matched_no_ad,gamma_power_db_uv2,exploratory,-4.085699768727811
lab_subject_8,any_ad_vs_matched_no_ad,gamma_power_db_uv2,exploratory,-1.2861788772649159
lab_subject_9,any_ad_vs_matched_no_ad,gamma_power_db_uv2,exploratory,-0.10492518268162043
lab_subject_1,inline_vs_block,gamma_power_db_uv2,exploratory,-4.594667352401887
lab_subject_10,inline_vs_block,gamma_power_db_uv2,exploratory,-6.292011856622551
lab_subject_11,inline_vs_block,gamma_power_db_uv2,exploratory,1.520199215985996
lab_subject_12,inline_vs_block,gamma_power_db_uv2,exploratory,0.7099141295221036
lab_subject_13,inline_vs_block,gamma_power_db_uv2,exploratory,1.4240845025082505
lab_subject_14,inline_vs_block,gamma_power_db_uv2,exploratory,-2.9493086934571338
lab_subject_15,inline_vs_block,gamma_power_db_uv2,exploratory,5.732642964045093
lab_subject_16,inline_vs_block,gamma_power_db_uv2,exploratory,-0.8493234591096483
lab_subject_17,inline_vs_block,gamma_power_db_uv2,exploratory,0.276358510248475
lab_subject_18,inline_vs_block,gamma_power_db_uv2,exploratory,2.613729977274884
lab_subject_19,inline_vs_block,gamma_power_db_uv2,exploratory,2.2655517926211357
lab_subject_2,inline_vs_block,gamma_power_db_uv2,exploratory,-1.030943737429745
lab_subject_3,inline_vs_block,gamma_power_db_uv2,exploratory,0.8690555745128304
lab_subject_5,inline_vs_block,gamma_power_db_uv2,exploratory,0.5238546183571802
lab_subject_6,inline_vs_block,gamma_power_db_uv2,exploratory,0.5582169277377558
lab_subject_7,inline_vs_block,gamma_power_db_uv2,exploratory,0.624664358896327
lab_subject_8,inline_vs_block,gamma_power_db_uv2,exploratory,-3.046803197518223
lab_subject_9,inline_vs_block,gamma_power_db_uv2,exploratory,0.5929102042955523
lab_subject_1,early_vs_late,gamma_power_db_uv2,exploratory,5.595954499313315
lab_subject_10,early_vs_late,gamma_power_db_uv2,exploratory,2.029334178774868
lab_subject_11,early_vs_late,gamma_power_db_uv2,exploratory,-3.3897197484733343
lab_subject_12,early_vs_late,gamma_power_db_uv2,exploratory,2.1070372043350054
lab_subject_13,early_vs_late,gamma_power_db_uv2,exploratory,2.342983658598382
lab_subject_14,early_vs_late,gamma_power_db_uv2,exploratory,1.2911614127143203
lab_subject_15,early_vs_late,gamma_power_db_uv2,exploratory,1.8371494038071963
lab_subject_16,early_vs_late,gamma_power_db_uv2,exploratory,-0.1965770352153331
lab_subject_17,early_vs_late,gamma_power_db_uv2,exploratory,-1.168464472331428
lab_subject_18,early_vs_late,gamma_power_db_uv2,exploratory,-2.2278880909400143
lab_subject_19,early_vs_late,gamma_power_db_uv2,exploratory,2.609968668046363
lab_subject_2,early_vs_late,gamma_power_db_uv2,exploratory,2.112277138532322
lab_subject_3,early_vs_late,gamma_power_db_uv2,exploratory,0.5620393954746671
lab_subject_5,early_vs_late,gamma_power_db_uv2,exploratory,-0.17516656492244298
lab_subject_6,early_vs_late,gamma_power_db_uv2,exploratory,1.0393542677209704
lab_subject_7,early_vs_late,gamma_power_db_uv2,exploratory,-0.48667907556510004
lab_subject_8,early_vs_late,gamma_power_db_uv2,exploratory,-0.9888894096061269
lab_subject_9,early_vs_late,gamma_power_db_uv2,exploratory,0.7118398148888816
lab_subject_1,format_x_timing,gamma_power_db_uv2,exploratory,10.464261483067274
lab_subject_10,format_x_timing,gamma_power_db_uv2,exploratory,5.258035018760562
lab_subject_11,format_x_timing,gamma_power_db_uv2,exploratory,2.8428826865979118
lab_subject_12,format_x_timing,gamma_power_db_uv2,exploratory,-1.7341004137777407
lab_subject_13,format_x_timing,gamma_power_db_uv2,exploratory,3.305042237325956
lab_subject_14,format_x_timing,gamma_power_db_uv2,exploratory,-0.16943707289982535
lab_subject_15,format_x_timing,gamma_power_db_uv2,exploratory,8.935877912743054
lab_subject_16,format_x_timing,gamma_power_db_uv2,exploratory,-1.8221726873705228
lab_subject_17,format_x_timing,gamma_power_db_uv2,exploratory,0.28213084224202345
lab_subject_18,format_x_timing,gamma_power_db_uv2,exploratory,-1.6127375910816193
lab_subject_19,format_x_timing,gamma_power_db_uv2,exploratory,6.533571821533992
lab_subject_2,format_x_timing,gamma_power_db_uv2,exploratory,-4.771569047123198
lab_subject_3,format_x_timing,gamma_power_db_uv2,exploratory,1.0144798306822496
lab_subject_5,format_x_timing,gamma_power_db_uv2,exploratory,0.7527323795301681
lab_subject_6,format_x_timing,gamma_power_db_uv2,exploratory,-0.25401429155089605
lab_subject_7,format_x_timing,gamma_power_db_uv2,exploratory,-0.924462283302959
lab_subject_8,format_x_timing,gamma_power_db_uv2,exploratory,-5.8405547577951555
lab_subject_9,format_x_timing,gamma_power_db_uv2,exploratory,-0.6287593968967942
lab_subject_1,inline_early_vs_no_ad_early,delta_relative_power,exploratory,-0.5639642508674185
lab_subject_10,inline_early_vs_no_ad_early,delta_relative_power,exploratory,-0.20523172390243333
lab_subject_11,inline_early_vs_no_ad_early,delta_relative_power,exploratory,0.14509976389547868
lab_subject_12,inline_early_vs_no_ad_early,delta_relative_power,exploratory,-0.4486490472613731
lab_subject_13,inline_early_vs_no_ad_early,delta_relative_power,exploratory,0.14282808519949547
lab_subject_14,inline_early_vs_no_ad_early,delta_relative_power,exploratory,-0.12264707044771861
lab_subject_15,inline_early_vs_no_ad_early,delta_relative_power,exploratory,-0.3676838241470563
lab_subject_16,inline_early_vs_no_ad_early,delta_relative_power,exploratory,0.4167823949030385
lab_subject_17,inline_early_vs_no_ad_early,delta_relative_power,exploratory,0.06323273021431669
lab_subject_18,inline_early_vs_no_ad_early,delta_relative_power,exploratory,-0.1900400470211463
lab_subject_19,inline_early_vs_no_ad_early,delta_relative_power,exploratory,-0.2341868668992953
lab_subject_2,inline_early_vs_no_ad_early,delta_relative_power,exploratory,-0.02233689551585971
lab_subject_3,inline_early_vs_no_ad_early,delta_relative_power,exploratory,0.7003524765056963
lab_subject_5,inline_early_vs_no_ad_early,delta_relative_power,exploratory,-0.048050389808539595
lab_subject_6,inline_early_vs_no_ad_early,delta_relative_power,exploratory,-0.28740437460374807
lab_subject_7,inline_early_vs_no_ad_early,delta_relative_power,exploratory,0.051265919184012965
lab_subject_8,inline_early_vs_no_ad_early,delta_relative_power,exploratory,0.15408292723422595
lab_subject_9,inline_early_vs_no_ad_early,delta_relative_power,exploratory,-0.24172677552671107
lab_subject_1,block_early_vs_no_ad_early,delta_relative_power,exploratory,-0.27637293238644356
lab_subject_10,block_early_vs_no_ad_early,delta_relative_power,exploratory,-0.2297080100978331
lab_subject_11,block_early_vs_no_ad_early,delta_relative_power,exploratory,0.6086578166787329
lab_subject_12,block_early_vs_no_ad_early,delta_relative_power,exploratory,-0.3196899114480974
lab_subject_13,block_early_vs_no_ad_early,delta_relative_power,exploratory,0.20688747044704142
lab_subject_14,block_early_vs_no_ad_early,delta_relative_power,exploratory,-0.17423527424463975
lab_subject_15,block_early_vs_no_ad_early,delta_relative_power,exploratory,0.19100551675458777
lab_subject_16,block_early_vs_no_ad_early,delta_relative_power,exploratory,0.1395158975990074
lab_subject_17,block_early_vs_no_ad_early,delta_relative_power,exploratory,0.06266453731637167
lab_subject_18,block_early_vs_no_ad_early,delta_relative_power,exploratory,-0.14963821913759656
lab_subject_19,block_early_vs_no_ad_early,delta_relative_power,exploratory,0.03477289014141044
lab_subject_2,block_early_vs_no_ad_early,delta_relative_power,exploratory,0.07867119261925071
lab_subject_3,block_early_vs_no_ad_early,delta_relative_power,exploratory,0.44207644636941296
lab_subject_5,block_early_vs_no_ad_early,delta_relative_power,exploratory,0.1709691222254368
lab_subject_6,block_early_vs_no_ad_early,delta_relative_power,exploratory,-0.042344845383718965
lab_subject_7,block_early_vs_no_ad_early,delta_relative_power,exploratory,0.35829651312760674
lab_subject_8,block_early_vs_no_ad_early,delta_relative_power,exploratory,0.31479404552860435
lab_subject_9,block_early_vs_no_ad_early,delta_relative_power,exploratory,-0.03377721286741786
lab_subject_1,inline_late_vs_no_ad_late,delta_relative_power,exploratory,0.03292611176911486
lab_subject_10,inline_late_vs_no_ad_late,delta_relative_power,exploratory,0.4823922544965716
lab_subject_11,inline_late_vs_no_ad_late,delta_relative_power,exploratory,-0.06590120300306967
lab_subject_12,inline_late_vs_no_ad_late,delta_relative_power,exploratory,0.1391225844924706
lab_subject_13,inline_late_vs_no_ad_late,delta_relative_power,exploratory,-0.09633069242739323
lab_subject_14,inline_late_vs_no_ad_late,delta_relative_power,exploratory,0.413063743389612
lab_subject_15,inline_late_vs_no_ad_late,delta_relative_power,exploratory,0.22935488772426849
lab_subject_16,inline_late_vs_no_ad_late,delta_relative_power,exploratory,0.3701812096778341
lab_subject_17,inline_late_vs_no_ad_late,delta_relative_power,exploratory,0.15334816242704308
lab_subject_18,inline_late_vs_no_ad_late,delta_relative_power,exploratory,-0.09872177182769037
lab_subject_19,inline_late_vs_no_ad_late,delta_relative_power,exploratory,-0.13274295738894515
lab_subject_2,inline_late_vs_no_ad_late,delta_relative_power,exploratory,0.031208913282497308
lab_subject_3,inline_late_vs_no_ad_late,delta_relative_power,exploratory,0.258621349961681
lab_subject_5,inline_late_vs_no_ad_late,delta_relative_power,exploratory,-0.09776934463109233
lab_subject_6,inline_late_vs_no_ad_late,delta_relative_power,exploratory,0.24835871003598592
lab_subject_7,inline_late_vs_no_ad_late,delta_relative_power,exploratory,0.6272930311687028
lab_subject_8,inline_late_vs_no_ad_late,delta_relative_power,exploratory,0.952425831063111
lab_subject_9,inline_late_vs_no_ad_late,delta_relative_power,exploratory,-0.30221926796541865
lab_subject_1,block_late_vs_no_ad_late,delta_relative_power,exploratory,0.23364211110283778
lab_subject_10,block_late_vs_no_ad_late,delta_relative_power,exploratory,0.4812568509154368
lab_subject_11,block_late_vs_no_ad_late,delta_relative_power,exploratory,0.14087659661119994
lab_subject_12,block_late_vs_no_ad_late,delta_relative_power,exploratory,0.29352668477089894
lab_subject_13,block_late_vs_no_ad_late,delta_relative_power,exploratory,0.05354103757433648
lab_subject_14,block_late_vs_no_ad_late,delta_relative_power,exploratory,0.464840168104116
lab_subject_15,block_late_vs_no_ad_late,delta_relative_power,exploratory,0.26979390982082163
lab_subject_16,block_late_vs_no_ad_late,delta_relative_power,exploratory,0.24519173172845898
lab_subject_17,block_late_vs_no_ad_late,delta_relative_power,exploratory,-0.17027249112083032
lab_subject_18,block_late_vs_no_ad_late,delta_relative_power,exploratory,0.11372302036288656
lab_subject_19,block_late_vs_no_ad_late,delta_relative_power,exploratory,0.45624970749622035
lab_subject_2,block_late_vs_no_ad_late,delta_relative_power,exploratory,-0.15720991852822486
lab_subject_3,block_late_vs_no_ad_late,delta_relative_power,exploratory,0.3728493344224826
lab_subject_5,block_late_vs_no_ad_late,delta_relative_power,exploratory,-0.1981489991104236
lab_subject_6,block_late_vs_no_ad_late,delta_relative_power,exploratory,0.41703207045885243
lab_subject_7,block_late_vs_no_ad_late,delta_relative_power,exploratory,0.20003690143453795
lab_subject_8,block_late_vs_no_ad_late,delta_relative_power,exploratory,0.6981711347672455
lab_subject_9,block_late_vs_no_ad_late,delta_relative_power,exploratory,-0.224466344688401
lab_subject_1,any_ad_vs_matched_no_ad,delta_relative_power,exploratory,-0.14344224009547737
lab_subject_10,any_ad_vs_matched_no_ad,delta_relative_power,exploratory,0.13217734285293548
lab_subject_11,any_ad_vs_matched_no_ad,delta_relative_power,exploratory,0.20718324354558543
lab_subject_12,any_ad_vs_matched_no_ad,delta_relative_power,exploratory,-0.08392242236152522
lab_subject_13,any_ad_vs_matched_no_ad,delta_relative_power,exploratory,0.07673147519837004
lab_subject_14,any_ad_vs_matched_no_ad,delta_relative_power,exploratory,0.1452553917003424
lab_subject_15,any_ad_vs_matched_no_ad,delta_relative_power,exploratory,0.0806176225381554
lab_subject_16,any_ad_vs_matched_no_ad,delta_relative_power,exploratory,0.2929178084770847
lab_subject_17,any_ad_vs_matched_no_ad,delta_relative_power,exploratory,0.02724323470922528
lab_subject_18,any_ad_vs_matched_no_ad,delta_relative_power,exploratory,-0.08116925440588667
lab_subject_19,any_ad_vs_matched_no_ad,delta_relative_power,exploratory,0.031023193337347585
lab_subject_2,any_ad_vs_matched_no_ad,delta_relative_power,exploratory,-0.01741667703558414
lab_subject_3,any_ad_vs_matched_no_ad,delta_relative_power,exploratory,0.44347490181481825
lab_subject_5,any_ad_vs_matched_no_ad,delta_relative_power,exploratory,-0.04324990283115468
lab_subject_6,any_ad_vs_matched_no_ad,delta_relative_power,exploratory,0.08391039012684283
lab_subject_7,any_ad_vs_matched_no_ad,delta_relative_power,exploratory,0.3092230912287151
lab_subject_8,any_ad_vs_matched_no_ad,delta_relative_power,exploratory,0.5298684846482967
lab_subject_9,any_ad_vs_matched_no_ad,delta_relative_power,exploratory,-0.20054740026198714
lab_subject_1,inline_vs_block,delta_relative_power,exploratory,-0.24415365890734897
lab_subject_10,inline_vs_block,delta_relative_power,exploratory,0.012805844888267276
lab_subject_11,inline_vs_block,delta_relative_power,exploratory,-0.33516792619876185
lab_subject_12,inline_vs_block,delta_relative_power,exploratory,-0.14168161804585203
lab_subject_13,inline_vs_block,delta_relative_power,exploratory,-0.10696555762463783
lab_subject_14,inline_vs_block,delta_relative_power,exploratory,-9.411045879142987e-05
lab_subject_15,inline_vs_block,delta_relative_power,exploratory,-0.2995641814990986
lab_subject_16,inline_vs_block,delta_relative_power,exploratory,0.2011279876267031
lab_subject_17,inline_vs_block,delta_relative_power,exploratory,0.1620944232229092
lab_subject_18,inline_vs_block,delta_relative_power,exploratory,-0.12642331003706334
lab_subject_19,inline_vs_block,delta_relative_power,exploratory,-0.4289762109629356
lab_subject_2,inline_vs_block,delta_relative_power,exploratory,0.04370537183780587
lab_subject_3,inline_vs_block,delta_relative_power,exploratory,0.07202402283774093
lab_subject_5,inline_vs_block,delta_relative_power,exploratory,-0.05931992877732256
lab_subject_6,inline_vs_block,delta_relative_power,exploratory,-0.2068664448214478
lab_subject_7,inline_vs_block,delta_relative_power,exploratory,0.06011276789528555
lab_subject_8,inline_vs_block,delta_relative_power,exploratory,0.04677178900074355
lab_subject_9,inline_vs_block,delta_relative_power,exploratory,-0.14285124296815543
lab_subject_1,early_vs_late,delta_relative_power,exploratory,-0.017774790953926367
lab_subject_10,early_vs_late,delta_relative_power,exploratory,-0.12985785990328072
lab_subject_11,early_vs_late,delta_relative_power,exploratory,-0.07307523397898316
lab_subject_12,early_vs_late,delta_relative_power,exploratory,-0.3698471756052136
lab_subject_13,early_vs_late,delta_relative_power,exploratory,-0.25810099451424534
lab_subject_14,early_vs_late,delta_relative_power,exploratory,-0.016539118342390857
lab_subject_15,early_vs_late,delta_relative_power,exploratory,-0.354139957422947
lab_subject_16,early_vs_late,delta_relative_power,exploratory,0.12029271610492281
lab_subject_17,early_vs_late,delta_relative_power,exploratory,-0.13982264686097393
lab_subject_18,early_vs_late,delta_relative_power,exploratory,0.07097752253344017
lab_subject_19,early_vs_late,delta_relative_power,exploratory,0.2433280180445467
lab_subject_2,early_vs_late,delta_relative_power,exploratory,0.12580234462235762
lab_subject_3,early_vs_late,delta_relative_power,exploratory,0.009859464339903229
lab_subject_5,early_vs_late,delta_relative_power,exploratory,0.16719100120627
lab_subject_6,early_vs_late,delta_relative_power,exploratory,-0.009791926530244272
lab_subject_7,early_vs_late,delta_relative_power,exploratory,-0.04707539651981432
lab_subject_8,early_vs_late,delta_relative_power,exploratory,-0.417258873113605
lab_subject_9,early_vs_late,delta_relative_power,exploratory,0.5127761656721138
lab_subject_1,format_x_timing,delta_relative_power,exploratory,-0.0868753191472521
lab_subject_10,format_x_timing,delta_relative_power,exploratory,0.02334088261426498
lab_subject_11,format_x_timing,delta_relative_power,exploratory,-0.2567802531689845
lab_subject_12,format_x_timing,delta_relative_power,exploratory,0.025444964465152597
lab_subject_13,format_x_timing,delta_relative_power,exploratory,0.08581234475418376
lab_subject_14,format_x_timing,delta_relative_power,exploratory,0.10336462851142514
lab_subject_15,format_x_timing,delta_relative_power,exploratory,-0.518250318805091
lab_subject_16,format_x_timing,delta_relative_power,exploratory,0.15227701935465598
lab_subject_17,format_x_timing,delta_relative_power,exploratory,-0.3230524606499284
lab_subject_18,format_x_timing,delta_relative_power,exploratory,0.1720429643070272
lab_subject_19,format_x_timing,delta_relative_power,exploratory,0.32003290784445976
lab_subject_2,format_x_timing,delta_relative_power,exploratory,-0.2894269199458326
lab_subject_3,format_x_timing,delta_relative_power,exploratory,0.372504014597085
lab_subject_5,format_x_timing,delta_relative_power,exploratory,-0.3193991665133077
lab_subject_6,format_x_timing,delta_relative_power,exploratory,-0.07638616879716259
lab_subject_7,format_x_timing,delta_relative_power,exploratory,-0.7342867236777586
lab_subject_8,format_x_timing,delta_relative_power,exploratory,-0.4149658145902439
lab_subject_9,format_x_timing,delta_relative_power,exploratory,-0.13019663938227555
lab_subject_1,inline_early_vs_no_ad_early,theta_relative_power,exploratory,0.0675821387627735
lab_subject_10,inline_early_vs_no_ad_early,theta_relative_power,exploratory,0.0646569787585549
lab_subject_11,inline_early_vs_no_ad_early,theta_relative_power,exploratory,-0.19940364568305605
lab_subject_12,inline_early_vs_no_ad_early,theta_relative_power,exploratory,-0.02981404987460047
lab_subject_13,inline_early_vs_no_ad_early,theta_relative_power,exploratory,0.12182382384148008
lab_subject_14,inline_early_vs_no_ad_early,theta_relative_power,exploratory,0.028771858128192166
lab_subject_15,inline_early_vs_no_ad_early,theta_relative_power,exploratory,-0.005416641736111109
lab_subject_16,inline_early_vs_no_ad_early,theta_relative_power,exploratory,-0.04440279382541999
lab_subject_17,inline_early_vs_no_ad_early,theta_relative_power,exploratory,-0.05324921490285002
lab_subject_18,inline_early_vs_no_ad_early,theta_relative_power,exploratory,0.030643702261704306
lab_subject_19,inline_early_vs_no_ad_early,theta_relative_power,exploratory,-0.011120557720196426
lab_subject_2,inline_early_vs_no_ad_early,theta_relative_power,exploratory,-0.0006723907269464216
lab_subject_3,inline_early_vs_no_ad_early,theta_relative_power,exploratory,-0.021840775153903105
lab_subject_5,inline_early_vs_no_ad_early,theta_relative_power,exploratory,0.059902576020301634
lab_subject_6,inline_early_vs_no_ad_early,theta_relative_power,exploratory,0.04452957049203711
lab_subject_7,inline_early_vs_no_ad_early,theta_relative_power,exploratory,0.07509983308635555
lab_subject_8,inline_early_vs_no_ad_early,theta_relative_power,exploratory,0.0013283391952728096
lab_subject_9,inline_early_vs_no_ad_early,theta_relative_power,exploratory,0.06809236571849436
lab_subject_1,block_early_vs_no_ad_early,theta_relative_power,exploratory,-0.028519455191732067
lab_subject_10,block_early_vs_no_ad_early,theta_relative_power,exploratory,0.08920337783838612
lab_subject_11,block_early_vs_no_ad_early,theta_relative_power,exploratory,-0.2281962823054316
lab_subject_12,block_early_vs_no_ad_early,theta_relative_power,exploratory,-0.03132456087212898
lab_subject_13,block_early_vs_no_ad_early,theta_relative_power,exploratory,0.17139218996584363
lab_subject_14,block_early_vs_no_ad_early,theta_relative_power,exploratory,0.020566286116296767
lab_subject_15,block_early_vs_no_ad_early,theta_relative_power,exploratory,-0.05844212613882735
lab_subject_16,block_early_vs_no_ad_early,theta_relative_power,exploratory,0.017741040138750563
lab_subject_17,block_early_vs_no_ad_early,theta_relative_power,exploratory,-0.0205364887317583
lab_subject_18,block_early_vs_no_ad_early,theta_relative_power,exploratory,0.08631197910218227
lab_subject_19,block_early_vs_no_ad_early,theta_relative_power,exploratory,0.0032795437835040075
lab_subject_2,block_early_vs_no_ad_early,theta_relative_power,exploratory,-0.06259406712860113
lab_subject_3,block_early_vs_no_ad_early,theta_relative_power,exploratory,-0.07706028073918404
lab_subject_5,block_early_vs_no_ad_early,theta_relative_power,exploratory,-0.012216914812669042
lab_subject_6,block_early_vs_no_ad_early,theta_relative_power,exploratory,-0.0002558982045688246
lab_subject_7,block_early_vs_no_ad_early,theta_relative_power,exploratory,0.08687553015965341
lab_subject_8,block_early_vs_no_ad_early,theta_relative_power,exploratory,-0.03708318733673896
lab_subject_9,block_early_vs_no_ad_early,theta_relative_power,exploratory,0.051637467471772856
lab_subject_1,inline_late_vs_no_ad_late,theta_relative_power,exploratory,0.09470142241844316
lab_subject_10,inline_late_vs_no_ad_late,theta_relative_power,exploratory,-0.07661886960086398
lab_subject_11,inline_late_vs_no_ad_late,theta_relative_power,exploratory,0.0033658567293550767
lab_subject_12,inline_late_vs_no_ad_late,theta_relative_power,exploratory,0.05645764949100507
lab_subject_13,inline_late_vs_no_ad_late,theta_relative_power,exploratory,0.06446147183811445
lab_subject_14,inline_late_vs_no_ad_late,theta_relative_power,exploratory,-0.04682458406907693
lab_subject_15,inline_late_vs_no_ad_late,theta_relative_power,exploratory,-0.06647717256270737
lab_subject_16,inline_late_vs_no_ad_late,theta_relative_power,exploratory,-0.05764200493979142
lab_subject_17,inline_late_vs_no_ad_late,theta_relative_power,exploratory,0.05808105517457908
lab_subject_18,inline_late_vs_no_ad_late,theta_relative_power,exploratory,0.12561006123086355
lab_subject_19,inline_late_vs_no_ad_late,theta_relative_power,exploratory,0.09527858692196846
lab_subject_2,inline_late_vs_no_ad_late,theta_relative_power,exploratory,-0.034079117681089614
lab_subject_3,inline_late_vs_no_ad_late,theta_relative_power,exploratory,0.03636946919470821
lab_subject_5,inline_late_vs_no_ad_late,theta_relative_power,exploratory,0.08169252360400416
lab_subject_6,inline_late_vs_no_ad_late,theta_relative_power,exploratory,-0.1315346274762098
lab_subject_7,inline_late_vs_no_ad_late,theta_relative_power,exploratory,-0.056924818554652284
lab_subject_8,inline_late_vs_no_ad_late,theta_relative_power,exploratory,-0.11093189956763358
lab_subject_9,inline_late_vs_no_ad_late,theta_relative_power,exploratory,0.06466192960460995
lab_subject_1,block_late_vs_no_ad_late,theta_relative_power,exploratory,0.05566820425535174
lab_subject_10,block_late_vs_no_ad_late,theta_relative_power,exploratory,-0.04129205666939244
lab_subject_11,block_late_vs_no_ad_late,theta_relative_power,exploratory,0.027094525038617506
lab_subject_12,block_late_vs_no_ad_late,theta_relative_power,exploratory,0.02828003813436919
lab_subject_13,block_late_vs_no_ad_late,theta_relative_power,exploratory,0.025661176526412907
lab_subject_14,block_late_vs_no_ad_late,theta_relative_power,exploratory,-0.059861013737972826
lab_subject_15,block_late_vs_no_ad_late,theta_relative_power,exploratory,-0.14855997130846316
lab_subject_16,block_late_vs_no_ad_late,theta_relative_power,exploratory,-0.06576763067053305
lab_subject_17,block_late_vs_no_ad_late,theta_relative_power,exploratory,0.09487440969159032
lab_subject_18,block_late_vs_no_ad_late,theta_relative_power,exploratory,0.14587776649252585
lab_subject_19,block_late_vs_no_ad_late,theta_relative_power,exploratory,0.007751090134248337
lab_subject_2,block_late_vs_no_ad_late,theta_relative_power,exploratory,0.01905361346638118
lab_subject_3,block_late_vs_no_ad_late,theta_relative_power,exploratory,-0.03675847175131983
lab_subject_5,block_late_vs_no_ad_late,theta_relative_power,exploratory,0.09238635940239338
lab_subject_6,block_late_vs_no_ad_late,theta_relative_power,exploratory,-0.16173019167945896
lab_subject_7,block_late_vs_no_ad_late,theta_relative_power,exploratory,-0.043020690797835354
lab_subject_8,block_late_vs_no_ad_late,theta_relative_power,exploratory,-0.07995949297886902
lab_subject_9,block_late_vs_no_ad_late,theta_relative_power,exploratory,0.022345654619033657
lab_subject_1,any_ad_vs_matched_no_ad,theta_relative_power,exploratory,0.047358077561209085
lab_subject_10,any_ad_vs_matched_no_ad,theta_relative_power,exploratory,0.00898735758167115
lab_subject_11,any_ad_vs_matched_no_ad,theta_relative_power,exploratory,-0.09928488655512877
lab_subject_12,any_ad_vs_matched_no_ad,theta_relative_power,exploratory,0.005899769219661198
lab_subject_13,any_ad_vs_matched_no_ad,theta_relative_power,exploratory,0.09583466554296277
lab_subject_14,any_ad_vs_matched_no_ad,theta_relative_power,exploratory,-0.014336863390640206
lab_subject_15,any_ad_vs_matched_no_ad,theta_relative_power,exploratory,-0.06972397793652725
lab_subject_16,any_ad_vs_matched_no_ad,theta_relative_power,exploratory,-0.037517847324248475
lab_subject_17,any_ad_vs_matched_no_ad,theta_relative_power,exploratory,0.01979244030789027
lab_subject_18,any_ad_vs_matched_no_ad,theta_relative_power,exploratory,0.097110877271819
lab_subject_19,any_ad_vs_matched_no_ad,theta_relative_power,exploratory,0.023797165779881092
lab_subject_2,any_ad_vs_matched_no_ad,theta_relative_power,exploratory,-0.019572990517564
lab_subject_3,any_ad_vs_matched_no_ad,theta_relative_power,exploratory,-0.02482251461242469
lab_subject_5,any_ad_vs_matched_no_ad,theta_relative_power,exploratory,0.055441136053507534
lab_subject_6,any_ad_vs_matched_no_ad,theta_relative_power,exploratory,-0.06224778671705012
lab_subject_7,any_ad_vs_matched_no_ad,theta_relative_power,exploratory,0.01550746347338033
lab_subject_8,any_ad_vs_matched_no_ad,theta_relative_power,exploratory,-0.056661560171992184
lab_subject_9,any_ad_vs_matched_no_ad,theta_relative_power,exploratory,0.05168435435347771
lab_subject_1,inline_vs_block,theta_relative_power,exploratory,0.06756740605879849
lab_subject_10,inline_vs_block,theta_relative_power,exploratory,-0.02993660600565138
lab_subject_11,inline_vs_block,theta_relative_power,exploratory,0.0025319841565565604
lab_subject_12,inline_vs_block,theta_relative_power,exploratory,0.014844061177082195
lab_subject_13,inline_vs_block,theta_relative_power,exploratory,-0.005384035406331006
lab_subject_14,inline_vs_block,theta_relative_power,exploratory,0.01062100084039565
lab_subject_15,inline_vs_block,theta_relative_power,exploratory,0.06755414157423602
lab_subject_16,inline_vs_block,theta_relative_power,exploratory,-0.02700910411671446
lab_subject_17,inline_vs_block,theta_relative_power,exploratory,-0.03475304034405148
lab_subject_18,inline_vs_block,theta_relative_power,exploratory,-0.03796799105107013
lab_subject_19,inline_vs_block,theta_relative_power,exploratory,0.03656369764200984
lab_subject_2,inline_vs_block,theta_relative_power,exploratory,0.004394472627091965
lab_subject_3,inline_vs_block,theta_relative_power,exploratory,0.06417372326565449
lab_subject_5,inline_vs_block,theta_relative_power,exploratory,0.030712827517290722
lab_subject_6,inline_vs_block,theta_relative_power,exploratory,0.03749051644992754
lab_subject_7,inline_vs_block,theta_relative_power,exploratory,-0.012839912415057393
lab_subject_8,inline_vs_block,theta_relative_power,exploratory,0.003719559971623612
lab_subject_9,inline_vs_block,theta_relative_power,exploratory,0.029385586616148904
lab_subject_1,early_vs_late,theta_relative_power,exploratory,-0.012428552988627828
lab_subject_10,early_vs_late,theta_relative_power,exploratory,0.029227981701450585
lab_subject_11,early_vs_late,theta_relative_power,exploratory,0.004365097066040047
lab_subject_12,early_vs_late,theta_relative_power,exploratory,-0.06728868789161727
lab_subject_13,early_vs_late,theta_relative_power,exploratory,0.09345556330008985
lab_subject_14,early_vs_late,theta_relative_power,exploratory,-0.011758782759140841
lab_subject_15,early_vs_late,theta_relative_power,exploratory,0.07103196157457714
lab_subject_16,early_vs_late,theta_relative_power,exploratory,-0.012680931103282025
lab_subject_17,early_vs_late,theta_relative_power,exploratory,0.02217827677078231
lab_subject_18,early_vs_late,theta_relative_power,exploratory,-0.02824315476409671
lab_subject_19,early_vs_late,theta_relative_power,exploratory,-0.0508017617304006
lab_subject_2,early_vs_late,theta_relative_power,exploratory,-0.05630272019555063
lab_subject_3,early_vs_late,theta_relative_power,exploratory,0.015450884116679262
lab_subject_5,early_vs_late,theta_relative_power,exploratory,-0.01506335146436713
lab_subject_6,early_vs_late,theta_relative_power,exploratory,-0.024742916810328502
lab_subject_7,early_vs_late,theta_relative_power,exploratory,0.03290289485586136
lab_subject_8,early_vs_late,theta_relative_power,exploratory,0.13573429296110226
lab_subject_9,early_vs_late,theta_relative_power,exploratory,-0.08345438889042045
lab_subject_1,format_x_timing,theta_relative_power,exploratory,0.05706837579141413
lab_subject_10,format_x_timing,theta_relative_power,exploratory,0.010780413851640316
lab_subject_11,format_x_timing,theta_relative_power,exploratory,0.05252130493163798
lab_subject_12,format_x_timing,theta_relative_power,exploratory,-0.026667100359107368
lab_subject_13,format_x_timing,theta_relative_power,exploratory,-0.08836866143606507
lab_subject_14,format_x_timing,theta_relative_power,exploratory,-0.0048308576570005
lab_subject_15,format_x_timing,theta_relative_power,exploratory,-0.029057314343039563
lab_subject_16,format_x_timing,theta_relative_power,exploratory,-0.07026945969491219
lab_subject_17,format_x_timing,theta_relative_power,exploratory,0.004080628345919518
lab_subject_18,format_x_timing,theta_relative_power,exploratory,-0.03540057157881567
lab_subject_19,format_x_timing,theta_relative_power,exploratory,-0.10192759829142056
lab_subject_2,format_x_timing,theta_relative_power,exploratory,0.11505440754912552
lab_subject_3,format_x_timing,theta_relative_power,exploratory,-0.0179084353607471
lab_subject_5,format_x_timing,theta_relative_power,exploratory,0.0828133266313599
lab_subject_6,format_x_timing,theta_relative_power,exploratory,0.014589904493356787
lab_subject_7,format_x_timing,theta_relative_power,exploratory,0.0021284306835190753
lab_subject_8,format_x_timing,theta_relative_power,exploratory,0.06938393312077633
lab_subject_9,format_x_timing,theta_relative_power,exploratory,-0.025861376738854802
lab_subject_1,inline_early_vs_no_ad_early,alpha_relative_power,exploratory,0.04155074364284578
lab_subject_10,inline_early_vs_no_ad_early,alpha_relative_power,exploratory,-0.0991561910015866
lab_subject_11,inline_early_vs_no_ad_early,alpha_relative_power,exploratory,-0.045867115193477054
lab_subject_12,inline_early_vs_no_ad_early,alpha_relative_power,exploratory,0.12987439534884782
lab_subject_13,inline_early_vs_no_ad_early,alpha_relative_power,exploratory,-0.030288911936083022
lab_subject_14,inline_early_vs_no_ad_early,alpha_relative_power,exploratory,0.016162813608245456
lab_subject_15,inline_early_vs_no_ad_early,alpha_relative_power,exploratory,0.07966228575018838
lab_subject_16,inline_early_vs_no_ad_early,alpha_relative_power,exploratory,-0.055632906861210155
lab_subject_17,inline_early_vs_no_ad_early,alpha_relative_power,exploratory,0.032645903126446205
lab_subject_18,inline_early_vs_no_ad_early,alpha_relative_power,exploratory,0.02030543362942079
lab_subject_19,inline_early_vs_no_ad_early,alpha_relative_power,exploratory,0.07594649378949099
lab_subject_2,inline_early_vs_no_ad_early,alpha_relative_power,exploratory,0.02004318404088187
lab_subject_3,inline_early_vs_no_ad_early,alpha_relative_power,exploratory,-0.1500617583897561
lab_subject_5,inline_early_vs_no_ad_early,alpha_relative_power,exploratory,-0.0161910125449244
lab_subject_6,inline_early_vs_no_ad_early,alpha_relative_power,exploratory,0.14882811957355174
lab_subject_7,inline_early_vs_no_ad_early,alpha_relative_power,exploratory,0.07237426286788982
lab_subject_8,inline_early_vs_no_ad_early,alpha_relative_power,exploratory,-0.007651396481371149
lab_subject_9,inline_early_vs_no_ad_early,alpha_relative_power,exploratory,-0.004566217675747143
lab_subject_1,block_early_vs_no_ad_early,alpha_relative_power,exploratory,-0.03815007971016045
lab_subject_10,block_early_vs_no_ad_early,alpha_relative_power,exploratory,-0.07004251095919192
lab_subject_11,block_early_vs_no_ad_early,alpha_relative_power,exploratory,-0.2024337160995596
lab_subject_12,block_early_vs_no_ad_early,alpha_relative_power,exploratory,0.15638861328163028
lab_subject_13,block_early_vs_no_ad_early,alpha_relative_power,exploratory,-0.07191653988635083
lab_subject_14,block_early_vs_no_ad_early,alpha_relative_power,exploratory,0.021661668604381887
lab_subject_15,block_early_vs_no_ad_early,alpha_relative_power,exploratory,-0.031271011850102275
lab_subject_16,block_early_vs_no_ad_early,alpha_relative_power,exploratory,-0.03465583437041363
lab_subject_17,block_early_vs_no_ad_early,alpha_relative_power,exploratory,-0.002850973469593121
lab_subject_18,block_early_vs_no_ad_early,alpha_relative_power,exploratory,-0.00014112243262195956
lab_subject_19,block_early_vs_no_ad_early,alpha_relative_power,exploratory,-0.014888062505369809
lab_subject_2,block_early_vs_no_ad_early,alpha_relative_power,exploratory,0.010061467476347181
lab_subject_3,block_early_vs_no_ad_early,alpha_relative_power,exploratory,-0.11440401554761978
lab_subject_5,block_early_vs_no_ad_early,alpha_relative_power,exploratory,-0.028582066350748638
lab_subject_6,block_early_vs_no_ad_early,alpha_relative_power,exploratory,-0.01394731376364615
lab_subject_7,block_early_vs_no_ad_early,alpha_relative_power,exploratory,0.003570402704748416
lab_subject_8,block_early_vs_no_ad_early,alpha_relative_power,exploratory,-0.0163825304235609
lab_subject_9,block_early_vs_no_ad_early,alpha_relative_power,exploratory,-0.007219234284571274
lab_subject_1,inline_late_vs_no_ad_late,alpha_relative_power,exploratory,-0.026774512995577197
lab_subject_10,inline_late_vs_no_ad_late,alpha_relative_power,exploratory,-0.25366383948868504
lab_subject_11,inline_late_vs_no_ad_late,alpha_relative_power,exploratory,0.013800938381232405
lab_subject_12,inline_late_vs_no_ad_late,alpha_relative_power,exploratory,-0.08240212111893121
lab_subject_13,inline_late_vs_no_ad_late,alpha_relative_power,exploratory,0.0023536219953418924
lab_subject_14,inline_late_vs_no_ad_late,alpha_relative_power,exploratory,-0.028514013051343906
lab_subject_15,inline_late_vs_no_ad_late,alpha_relative_power,exploratory,-0.03242828010312408
lab_subject_16,inline_late_vs_no_ad_late,alpha_relative_power,exploratory,-0.018601525144377108
lab_subject_17,inline_late_vs_no_ad_late,alpha_relative_power,exploratory,0.023015954401318053
lab_subject_18,inline_late_vs_no_ad_late,alpha_relative_power,exploratory,0.07968239409756311
lab_subject_19,inline_late_vs_no_ad_late,alpha_relative_power,exploratory,0.003346811731154198
lab_subject_2,inline_late_vs_no_ad_late,alpha_relative_power,exploratory,-0.00490331280394847
lab_subject_3,inline_late_vs_no_ad_late,alpha_relative_power,exploratory,-0.07795969172461607
lab_subject_5,inline_late_vs_no_ad_late,alpha_relative_power,exploratory,0.002407706849603085
lab_subject_6,inline_late_vs_no_ad_late,alpha_relative_power,exploratory,-0.00469502801378964
lab_subject_7,inline_late_vs_no_ad_late,alpha_relative_power,exploratory,-0.06620517308454918
lab_subject_8,inline_late_vs_no_ad_late,alpha_relative_power,exploratory,-0.4833367693851471
lab_subject_9,inline_late_vs_no_ad_late,alpha_relative_power,exploratory,-0.003905399832124956
lab_subject_1,block_late_vs_no_ad_late,alpha_relative_power,exploratory,-0.11287543886027278
lab_subject_10,block_late_vs_no_ad_late,alpha_relative_power,exploratory,-0.3821743500549942
lab_subject_11,block_late_vs_no_ad_late,alpha_relative_power,exploratory,-0.09868430517057145
lab_subject_12,block_late_vs_no_ad_late,alpha_relative_power,exploratory,-0.16954959675526404
lab_subject_13,block_late_vs_no_ad_late,alpha_relative_power,exploratory,-0.061145975427407004
lab_subject_14,block_late_vs_no_ad_late,alpha_relative_power,exploratory,-0.06318320721776727
lab_subject_15,block_late_vs_no_ad_late,alpha_relative_power,exploratory,-0.022434659590108152
lab_subject_16,block_late_vs_no_ad_late,alpha_relative_power,exploratory,0.0012993057323917936
lab_subject_17,block_late_vs_no_ad_late,alpha_relative_power,exploratory,0.053038860540135443
lab_subject_18,block_late_vs_no_ad_late,alpha_relative_power,exploratory,-0.0017763285965318731
lab_subject_19,block_late_vs_no_ad_late,alpha_relative_power,exploratory,-0.18291677960402197
lab_subject_2,block_late_vs_no_ad_late,alpha_relative_power,exploratory,-0.008872084249118416
lab_subject_3,block_late_vs_no_ad_late,alpha_relative_power,exploratory,0.015384265655431842
lab_subject_5,block_late_vs_no_ad_late,alpha_relative_power,exploratory,0.042961357474410045
lab_subject_6,block_late_vs_no_ad_late,alpha_relative_power,exploratory,-0.04324328879603548
lab_subject_7,block_late_vs_no_ad_late,alpha_relative_power,exploratory,-0.028954651317808902
lab_subject_8,block_late_vs_no_ad_late,alpha_relative_power,exploratory,-0.3068412025140042
lab_subject_9,block_late_vs_no_ad_late,alpha_relative_power,exploratory,0.049257771342298334
lab_subject_1,any_ad_vs_matched_no_ad,alpha_relative_power,exploratory,-0.03406232198079116
lab_subject_10,any_ad_vs_matched_no_ad,alpha_relative_power,exploratory,-0.20125922287611447
lab_subject_11,any_ad_vs_matched_no_ad,alpha_relative_power,exploratory,-0.08329604952059393
lab_subject_12,any_ad_vs_matched_no_ad,alpha_relative_power,exploratory,0.008577822689070723
lab_subject_13,any_ad_vs_matched_no_ad,alpha_relative_power,exploratory,-0.04024945131362474
lab_subject_14,any_ad_vs_matched_no_ad,alpha_relative_power,exploratory,-0.013468184514120959
lab_subject_15,any_ad_vs_matched_no_ad,alpha_relative_power,exploratory,-0.0016179164482865334
lab_subject_16,any_ad_vs_matched_no_ad,alpha_relative_power,exploratory,-0.026897740160902274
lab_subject_17,any_ad_vs_matched_no_ad,alpha_relative_power,exploratory,0.026462436149576645
lab_subject_18,any_ad_vs_matched_no_ad,alpha_relative_power,exploratory,0.024517594174457518
lab_subject_19,any_ad_vs_matched_no_ad,alpha_relative_power,exploratory,-0.02962788414718665
lab_subject_2,any_ad_vs_matched_no_ad,alpha_relative_power,exploratory,0.004082313616040542
lab_subject_3,any_ad_vs_matched_no_ad,alpha_relative_power,exploratory,-0.08176030000164003
lab_subject_5,any_ad_vs_matched_no_ad,alpha_relative_power,exploratory,0.0001489963570850232
lab_subject_6,any_ad_vs_matched_no_ad,alpha_relative_power,exploratory,0.021735622250020126
lab_subject_7,any_ad_vs_matched_no_ad,alpha_relative_power,exploratory,-0.004803789707429965
lab_subject_8,any_ad_vs_matched_no_ad,alpha_relative_power,exploratory,-0.20355297470102085
lab_subject_9,any_ad_vs_matched_no_ad,alpha_relative_power,exploratory,0.008391729887463742
lab_subject_1,inline_vs_block,alpha_relative_power,exploratory,0.0829008746088509
lab_subject_10,inline_vs_block,alpha_relative_power,exploratory,0.049698415261957264
lab_subject_11,inline_vs_block,alpha_relative_power,exploratory,0.1345259222289432
lab_subject_12,inline_vs_block,alpha_relative_power,exploratory,0.030316628851775176
lab_subject_13,inline_vs_block,alpha_relative_power,exploratory,0.05256361268650835
lab_subject_14,inline_vs_block,alpha_relative_power,exploratory,0.014585169585143465
lab_subject_15,inline_vs_block,alpha_relative_power,exploratory,0.05046983854363736
lab_subject_16,inline_vs_block,alpha_relative_power,exploratory,-0.020438951683782715
lab_subject_17,inline_vs_block,alpha_relative_power,exploratory,0.0027369852286109678
lab_subject_18,inline_vs_block,alpha_relative_power,exploratory,0.05095263937806887
lab_subject_19,inline_vs_block,alpha_relative_power,exploratory,0.1385490738150185
lab_subject_2,inline_vs_block,alpha_relative_power,exploratory,0.0069752440048523115
lab_subject_3,inline_vs_block,alpha_relative_power,exploratory,-0.06450085011109213
lab_subject_5,inline_vs_block,alpha_relative_power,exploratory,-0.01408129840949136
lab_subject_6,inline_vs_block,alpha_relative_power,exploratory,0.10066184705972187
lab_subject_7,inline_vs_block,alpha_relative_power,exploratory,0.01577666919820056
lab_subject_8,inline_vs_block,alpha_relative_power,exploratory,-0.08388221646447655
lab_subject_9,inline_vs_block,alpha_relative_power,exploratory,-0.02525507728279958
lab_subject_1,early_vs_late,alpha_relative_power,exploratory,-0.005685277942278803
lab_subject_10,early_vs_late,alpha_relative_power,exploratory,0.0029794362381616313
lab_subject_11,early_vs_late,alpha_relative_power,exploratory,-0.007666184335142219
lab_subject_12,early_vs_late,alpha_relative_power,exploratory,0.19686632275293175
lab_subject_13,early_vs_late,alpha_relative_power,exploratory,0.025874943342223754
lab_subject_14,early_vs_late,alpha_relative_power,exploratory,-0.006602689635879169
lab_subject_15,early_vs_late,alpha_relative_power,exploratory,0.061877430201519736
lab_subject_16,early_vs_late,alpha_relative_power,exploratory,-0.0316754969324593
lab_subject_17,early_vs_late,alpha_relative_power,exploratory,0.003963165547108592
lab_subject_18,early_vs_late,alpha_relative_power,exploratory,-0.027204723080741754
lab_subject_19,early_vs_late,alpha_relative_power,exploratory,-0.05858938262407316
lab_subject_2,early_vs_late,alpha_relative_power,exploratory,0.013420709258448044
lab_subject_3,early_vs_late,alpha_relative_power,exploratory,-0.05329603704859726
lab_subject_5,early_vs_late,alpha_relative_power,exploratory,-0.04154998598992754
lab_subject_6,early_vs_late,alpha_relative_power,exploratory,-0.008566240721065897
lab_subject_7,early_vs_late,alpha_relative_power,exploratory,0.03732058256997957
lab_subject_8,early_vs_late,alpha_relative_power,exploratory,0.1613532932602217
lab_subject_9,early_vs_late,alpha_relative_power,exploratory,-0.13627886813723927
lab_subject_1,format_x_timing,alpha_relative_power,exploratory,-0.006400102511689355
lab_subject_10,format_x_timing,alpha_relative_power,exploratory,-0.15762419060870386
lab_subject_11,format_x_timing,alpha_relative_power,exploratory,0.04408135735427869
lab_subject_12,format_x_timing,alpha_relative_power,exploratory,-0.11366169356911532
lab_subject_13,format_x_timing,alpha_relative_power,exploratory,-0.02187196947248109
lab_subject_14,format_x_timing,alpha_relative_power,exploratory,-0.040168049162559796
lab_subject_15,format_x_timing,alpha_relative_power,exploratory,0.1209269181133066
lab_subject_16,format_x_timing,alpha_relative_power,exploratory,-0.001076241614027626
lab_subject_17,format_x_timing,alpha_relative_power,exploratory,0.06551978273485672
lab_subject_18,format_x_timing,alpha_relative_power,exploratory,-0.06101216663205224
lab_subject_19,format_x_timing,alpha_relative_power,exploratory,-0.09542903504031537
lab_subject_2,format_x_timing,alpha_relative_power,exploratory,0.0060129451193647425
lab_subject_3,format_x_timing,alpha_relative_power,exploratory,0.057686214537911576
lab_subject_5,format_x_timing,alpha_relative_power,exploratory,0.052944704430631206
lab_subject_6,format_x_timing,alpha_relative_power,exploratory,0.12422717255495207
lab_subject_7,format_x_timing,alpha_relative_power,exploratory,0.10605438192988169
lab_subject_8,format_x_timing,alpha_relative_power,exploratory,0.18522670081333262
lab_subject_9,format_x_timing,alpha_relative_power,exploratory,0.05581618778324743
lab_subject_1,inline_early_vs_no_ad_early,beta_relative_power,exploratory,0.26097444519230684
lab_subject_10,inline_early_vs_no_ad_early,beta_relative_power,exploratory,0.1581231155693994
lab_subject_11,inline_early_vs_no_ad_early,beta_relative_power,exploratory,0.08194020572595533
lab_subject_12,inline_early_vs_no_ad_early,beta_relative_power,exploratory,0.29042685913288707
lab_subject_13,inline_early_vs_no_ad_early,beta_relative_power,exploratory,-0.23401867040173346
lab_subject_14,inline_early_vs_no_ad_early,beta_relative_power,exploratory,0.04459753889383979
lab_subject_15,inline_early_vs_no_ad_early,beta_relative_power,exploratory,0.1486622425218298
lab_subject_16,inline_early_vs_no_ad_early,beta_relative_power,exploratory,-0.14317642969041414
lab_subject_17,inline_early_vs_no_ad_early,beta_relative_power,exploratory,-0.015857712849437405
lab_subject_18,inline_early_vs_no_ad_early,beta_relative_power,exploratory,0.08515236478578259
lab_subject_19,inline_early_vs_no_ad_early,beta_relative_power,exploratory,0.12743854769539092
lab_subject_2,inline_early_vs_no_ad_early,beta_relative_power,exploratory,0.013306802927522204
lab_subject_3,inline_early_vs_no_ad_early,beta_relative_power,exploratory,-0.46155433605186236
lab_subject_5,inline_early_vs_no_ad_early,beta_relative_power,exploratory,-0.003727267635227162
lab_subject_6,inline_early_vs_no_ad_early,beta_relative_power,exploratory,0.08320939765808094
lab_subject_7,inline_early_vs_no_ad_early,beta_relative_power,exploratory,-0.042141410920555816
lab_subject_8,inline_early_vs_no_ad_early,beta_relative_power,exploratory,-0.09950186668558711
lab_subject_9,inline_early_vs_no_ad_early,beta_relative_power,exploratory,0.14653430307876691
lab_subject_1,block_early_vs_no_ad_early,beta_relative_power,exploratory,0.19093513243551588
lab_subject_10,block_early_vs_no_ad_early,beta_relative_power,exploratory,0.10740480925359991
lab_subject_11,block_early_vs_no_ad_early,beta_relative_power,exploratory,-0.12500715372451032
lab_subject_12,block_early_vs_no_ad_early,beta_relative_power,exploratory,0.2016311306654711
lab_subject_13,block_early_vs_no_ad_early,beta_relative_power,exploratory,-0.29484740811949905
lab_subject_14,block_early_vs_no_ad_early,beta_relative_power,exploratory,0.058386899427217004
lab_subject_15,block_early_vs_no_ad_early,beta_relative_power,exploratory,-0.06282156011117276
lab_subject_16,block_early_vs_no_ad_early,beta_relative_power,exploratory,-0.04611781360208567
lab_subject_17,block_early_vs_no_ad_early,beta_relative_power,exploratory,-0.005921227225647946
lab_subject_18,block_early_vs_no_ad_early,beta_relative_power,exploratory,0.02875227383413262
lab_subject_19,block_early_vs_no_ad_early,beta_relative_power,exploratory,-0.013392377120547388
lab_subject_2,block_early_vs_no_ad_early,beta_relative_power,exploratory,-0.035339633992044386
lab_subject_3,block_early_vs_no_ad_early,beta_relative_power,exploratory,-0.18542911104823856
lab_subject_5,block_early_vs_no_ad_early,beta_relative_power,exploratory,-0.09549416741660255
lab_subject_6,block_early_vs_no_ad_early,beta_relative_power,exploratory,0.05338507823067859
lab_subject_7,block_early_vs_no_ad_early,beta_relative_power,exploratory,-0.1992815656376567
lab_subject_8,block_early_vs_no_ad_early,beta_relative_power,exploratory,-0.24347048563848855
lab_subject_9,block_early_vs_no_ad_early,beta_relative_power,exploratory,0.031827046605703735
lab_subject_1,inline_late_vs_no_ad_late,beta_relative_power,exploratory,-0.00773555790555594
lab_subject_10,inline_late_vs_no_ad_late,beta_relative_power,exploratory,-0.0648315069488953
lab_subject_11,inline_late_vs_no_ad_late,beta_relative_power,exploratory,0.04285479408287041
lab_subject_12,inline_late_vs_no_ad_late,beta_relative_power,exploratory,-0.13990295856411383
lab_subject_13,inline_late_vs_no_ad_late,beta_relative_power,exploratory,-0.026178351207223782
lab_subject_14,inline_late_vs_no_ad_late,beta_relative_power,exploratory,-0.17781779782222543
lab_subject_15,inline_late_vs_no_ad_late,beta_relative_power,exploratory,-0.08979782863210045
lab_subject_16,inline_late_vs_no_ad_late,beta_relative_power,exploratory,-0.1772984130601183
lab_subject_17,inline_late_vs_no_ad_late,beta_relative_power,exploratory,-0.21033519762202119
lab_subject_18,inline_late_vs_no_ad_late,beta_relative_power,exploratory,-0.05304462680995961
lab_subject_19,inline_late_vs_no_ad_late,beta_relative_power,exploratory,0.018589504343856922
lab_subject_2,inline_late_vs_no_ad_late,beta_relative_power,exploratory,-0.006775718412194751
lab_subject_3,inline_late_vs_no_ad_late,beta_relative_power,exploratory,-0.14359707821758066
lab_subject_5,inline_late_vs_no_ad_late,beta_relative_power,exploratory,0.01154705173047181
lab_subject_6,inline_late_vs_no_ad_late,beta_relative_power,exploratory,-0.08496312531666858
lab_subject_7,inline_late_vs_no_ad_late,beta_relative_power,exploratory,-0.32251887917745337
lab_subject_8,inline_late_vs_no_ad_late,beta_relative_power,exploratory,-0.34469793551355066
lab_subject_9,inline_late_vs_no_ad_late,beta_relative_power,exploratory,0.17538701402459933
lab_subject_1,block_late_vs_no_ad_late,beta_relative_power,exploratory,-0.13514273026021287
lab_subject_10,block_late_vs_no_ad_late,beta_relative_power,exploratory,-0.05362991436068094
lab_subject_11,block_late_vs_no_ad_late,beta_relative_power,exploratory,-0.05784598741425426
lab_subject_12,block_late_vs_no_ad_late,beta_relative_power,exploratory,-0.15677928419323503
lab_subject_13,block_late_vs_no_ad_late,beta_relative_power,exploratory,-0.053409424565801084
lab_subject_14,block_late_vs_no_ad_late,beta_relative_power,exploratory,-0.21389985809443832
lab_subject_15,block_late_vs_no_ad_late,beta_relative_power,exploratory,-0.06535862546863255
lab_subject_16,block_late_vs_no_ad_late,beta_relative_power,exploratory,-0.09682733190570669
lab_subject_17,block_late_vs_no_ad_late,beta_relative_power,exploratory,-0.005480675476156341
lab_subject_18,block_late_vs_no_ad_late,beta_relative_power,exploratory,-0.16497402070709408
lab_subject_19,block_late_vs_no_ad_late,beta_relative_power,exploratory,-0.24977237904392113
lab_subject_2,block_late_vs_no_ad_late,beta_relative_power,exploratory,0.10366928066525757
lab_subject_3,block_late_vs_no_ad_late,beta_relative_power,exploratory,-0.23287069463086224
lab_subject_5,block_late_vs_no_ad_late,beta_relative_power,exploratory,0.04579892610143854
lab_subject_6,block_late_vs_no_ad_late,beta_relative_power,exploratory,-0.16616247895549016
lab_subject_7,block_late_vs_no_ad_late,beta_relative_power,exploratory,-0.06920096260196076
lab_subject_8,block_late_vs_no_ad_late,beta_relative_power,exploratory,-0.2848661008612329
lab_subject_9,block_late_vs_no_ad_late,beta_relative_power,exploratory,0.10041584900815388
lab_subject_1,any_ad_vs_matched_no_ad,beta_relative_power,exploratory,0.07725782236551348
lab_subject_10,any_ad_vs_matched_no_ad,beta_relative_power,exploratory,0.03676662587835577
lab_subject_11,any_ad_vs_matched_no_ad,beta_relative_power,exploratory,-0.014514535332484712
lab_subject_12,any_ad_vs_matched_no_ad,beta_relative_power,exploratory,0.048843936760252324
lab_subject_13,any_ad_vs_matched_no_ad,beta_relative_power,exploratory,-0.15211346357356437
lab_subject_14,any_ad_vs_matched_no_ad,beta_relative_power,exploratory,-0.07218330439890173
lab_subject_15,any_ad_vs_matched_no_ad,beta_relative_power,exploratory,-0.01732894292251899
lab_subject_16,any_ad_vs_matched_no_ad,beta_relative_power,exploratory,-0.11585499706458119
lab_subject_17,any_ad_vs_matched_no_ad,beta_relative_power,exploratory,-0.05939870329331572
lab_subject_18,any_ad_vs_matched_no_ad,beta_relative_power,exploratory,-0.02602850222428462
lab_subject_19,any_ad_vs_matched_no_ad,beta_relative_power,exploratory,-0.02928417603130517
lab_subject_2,any_ad_vs_matched_no_ad,beta_relative_power,exploratory,0.01871518279713516
lab_subject_3,any_ad_vs_matched_no_ad,beta_relative_power,exploratory,-0.25586280498713593
lab_subject_5,any_ad_vs_matched_no_ad,beta_relative_power,exploratory,-0.010468864304979845
lab_subject_6,any_ad_vs_matched_no_ad,beta_relative_power,exploratory,-0.028632782095849803
lab_subject_7,any_ad_vs_matched_no_ad,beta_relative_power,exploratory,-0.1582857045844067
lab_subject_8,any_ad_vs_matched_no_ad,beta_relative_power,exploratory,-0.2431340971747148
lab_subject_9,any_ad_vs_matched_no_ad,beta_relative_power,exploratory,0.11354105317930596
lab_subject_1,inline_vs_block,beta_relative_power,exploratory,0.09872324255572394
lab_subject_10,inline_vs_block,beta_relative_power,exploratory,0.019758356863792563
lab_subject_11,inline_vs_block,beta_relative_power,exploratory,0.15382407047379515
lab_subject_12,inline_vs_block,beta_relative_power,exploratory,0.05283602704826859
lab_subject_13,inline_vs_block,beta_relative_power,exploratory,0.04402990553817145
lab_subject_14,inline_vs_block,beta_relative_power,exploratory,0.01114634986941784
lab_subject_15,inline_vs_block,beta_relative_power,exploratory,0.09352229973476733
lab_subject_16,inline_vs_block,beta_relative_power,exploratory,-0.08876484862137003
lab_subject_17,inline_vs_block,beta_relative_power,exploratory,-0.10739550388482716
lab_subject_18,inline_vs_block,beta_relative_power,exploratory,0.08416474242439222
lab_subject_19,inline_vs_block,beta_relative_power,exploratory,0.20459640410185817
lab_subject_2,inline_vs_block,beta_relative_power,exploratory,-0.030899281078942867
lab_subject_3,inline_vs_block,beta_relative_power,exploratory,-0.0934258042951711
lab_subject_5,inline_vs_block,beta_relative_power,exploratory,0.02875751270520433
lab_subject_6,inline_vs_block,beta_relative_power,exploratory,0.055511836533111966
lab_subject_7,inline_vs_block,beta_relative_power,exploratory,-0.048088880929195874
lab_subject_8,inline_vs_block,beta_relative_power,exploratory,0.0420683921502918
lab_subject_9,inline_vs_block,beta_relative_power,exploratory,0.09483921074475432
lab_subject_1,early_vs_late,beta_relative_power,exploratory,0.004496416970992581
lab_subject_10,early_vs_late,beta_relative_power,exploratory,0.06859560384124064
lab_subject_11,early_vs_late,beta_relative_power,exploratory,0.08362781819160522
lab_subject_12,early_vs_late,beta_relative_power,exploratory,0.20650198579482856
lab_subject_13,early_vs_late,beta_relative_power,exploratory,0.09629550720699406
lab_subject_14,early_vs_late,beta_relative_power,exploratory,-0.0007364007292845233
lab_subject_15,early_vs_late,beta_relative_power,exploratory,0.12885444055656348
lab_subject_16,early_vs_late,beta_relative_power,exploratory,-0.014239504119611099
lab_subject_17,early_vs_late,beta_relative_power,exploratory,0.11915094854121658
lab_subject_18,early_vs_late,beta_relative_power,exploratory,-0.0072656948957037365
lab_subject_19,early_vs_late,beta_relative_power,exploratory,-0.11733544351393999
lab_subject_2,early_vs_late,beta_relative_power,exploratory,-0.06497556759619383
lab_subject_3,early_vs_late,beta_relative_power,exploratory,-0.0031473765063498166
lab_subject_5,early_vs_late,beta_relative_power,exploratory,-0.08077777931633688
lab_subject_6,early_vs_late,beta_relative_power,exploratory,0.03522509361845476
lab_subject_7,early_vs_late,beta_relative_power,exploratory,0.015621946831811687
lab_subject_8,early_vs_late,beta_relative_power,exploratory,0.11192470782421597
lab_subject_9,early_vs_late,beta_relative_power,exploratory,-0.1959335284489231
lab_subject_1,format_x_timing,beta_relative_power,exploratory,-0.05736785959786597
lab_subject_10,format_x_timing,beta_relative_power,exploratory,0.06191989890401385
lab_subject_11,format_x_timing,beta_relative_power,exploratory,0.10624657795334097
lab_subject_12,format_x_timing,beta_relative_power,exploratory,0.07191940283829479
lab_subject_13,format_x_timing,beta_relative_power,exploratory,0.0335976643591883
lab_subject_14,format_x_timing,beta_relative_power,exploratory,-0.0498714208055901
lab_subject_15,format_x_timing,beta_relative_power,exploratory,0.23592300579647046
lab_subject_16,format_x_timing,beta_relative_power,exploratory,-0.016587534933916875
lab_subject_17,format_x_timing,beta_relative_power,exploratory,0.1949180365220754
lab_subject_18,format_x_timing,beta_relative_power,exploratory,-0.0555293029454845
lab_subject_19,format_x_timing,beta_relative_power,exploratory,-0.12753095857183971
lab_subject_2,format_x_timing,beta_relative_power,exploratory,0.15909143599701892
lab_subject_3,format_x_timing,beta_relative_power,exploratory,-0.3653988414169054
lab_subject_5,format_x_timing,beta_relative_power,exploratory,0.1260187741523421
lab_subject_6,format_x_timing,beta_relative_power,exploratory,-0.05137503421141923
lab_subject_7,format_x_timing,beta_relative_power,exploratory,0.4104580712925935
lab_subject_8,format_x_timing,beta_relative_power,exploratory,0.20380045360521928
lab_subject_9,format_x_timing,beta_relative_power,exploratory,0.03973609145661772
lab_subject_1,inline_early_vs_no_ad_early,gamma_relative_power,exploratory,0.19385692326949255
lab_subject_10,inline_early_vs_no_ad_early,gamma_relative_power,exploratory,0.0816078205760657
lab_subject_11,inline_early_vs_no_ad_early,gamma_relative_power,exploratory,0.018230791255098692
lab_subject_12,inline_early_vs_no_ad_early,gamma_relative_power,exploratory,0.05816184265423868
lab_subject_13,inline_early_vs_no_ad_early,gamma_relative_power,exploratory,-0.0003443267031587316
lab_subject_14,inline_early_vs_no_ad_early,gamma_relative_power,exploratory,0.03311485981744108
lab_subject_15,inline_early_vs_no_ad_early,gamma_relative_power,exploratory,0.14477593761114896
lab_subject_16,inline_early_vs_no_ad_early,gamma_relative_power,exploratory,-0.17357026452599436
lab_subject_17,inline_early_vs_no_ad_early,gamma_relative_power,exploratory,-0.026771705588475518
lab_subject_18,inline_early_vs_no_ad_early,gamma_relative_power,exploratory,0.05393854634423882
lab_subject_19,inline_early_vs_no_ad_early,gamma_relative_power,exploratory,0.04192238313460994
lab_subject_2,inline_early_vs_no_ad_early,gamma_relative_power,exploratory,-0.010340700725598291
lab_subject_3,inline_early_vs_no_ad_early,gamma_relative_power,exploratory,-0.06689560691017457
lab_subject_5,inline_early_vs_no_ad_early,gamma_relative_power,exploratory,0.008066093968389216
lab_subject_6,inline_early_vs_no_ad_early,gamma_relative_power,exploratory,0.010837286880078574
lab_subject_7,inline_early_vs_no_ad_early,gamma_relative_power,exploratory,-0.1565986042177025
lab_subject_8,inline_early_vs_no_ad_early,gamma_relative_power,exploratory,-0.04825800326254056
lab_subject_9,inline_early_vs_no_ad_early,gamma_relative_power,exploratory,0.03166632440519722
lab_subject_1,block_early_vs_no_ad_early,gamma_relative_power,exploratory,0.15210733485282024
lab_subject_10,block_early_vs_no_ad_early,gamma_relative_power,exploratory,0.10314233396503932
lab_subject_11,block_early_vs_no_ad_early,gamma_relative_power,exploratory,-0.053020664549231246
lab_subject_12,block_early_vs_no_ad_early,gamma_relative_power,exploratory,-0.007005271626874775
lab_subject_13,block_early_vs_no_ad_early,gamma_relative_power,exploratory,-0.011515712407035007
lab_subject_14,block_early_vs_no_ad_early,gamma_relative_power,exploratory,0.0736204200967435
lab_subject_15,block_early_vs_no_ad_early,gamma_relative_power,exploratory,-0.03847081865448537
lab_subject_16,block_early_vs_no_ad_early,gamma_relative_power,exploratory,-0.0764832897652585
lab_subject_17,block_early_vs_no_ad_early,gamma_relative_power,exploratory,-0.03335584788937237
lab_subject_18,block_early_vs_no_ad_early,gamma_relative_power,exploratory,0.03471508863390365
lab_subject_19,block_early_vs_no_ad_early,gamma_relative_power,exploratory,-0.009771994298997146
lab_subject_2,block_early_vs_no_ad_early,gamma_relative_power,exploratory,0.009201041025046881
lab_subject_3,block_early_vs_no_ad_early,gamma_relative_power,exploratory,-0.06518303903437031
lab_subject_5,block_early_vs_no_ad_early,gamma_relative_power,exploratory,-0.03467597364541697
lab_subject_6,block_early_vs_no_ad_early,gamma_relative_power,exploratory,0.003162979121255509
lab_subject_7,block_early_vs_no_ad_early,gamma_relative_power,exploratory,-0.2494608803543521
lab_subject_8,block_early_vs_no_ad_early,gamma_relative_power,exploratory,-0.01785784212981585
lab_subject_9,block_early_vs_no_ad_early,gamma_relative_power,exploratory,-0.04246806692548723
lab_subject_1,inline_late_vs_no_ad_late,gamma_relative_power,exploratory,-0.09311746328642553
lab_subject_10,inline_late_vs_no_ad_late,gamma_relative_power,exploratory,-0.08727803845812757
lab_subject_11,inline_late_vs_no_ad_late,gamma_relative_power,exploratory,0.005879613809611453
lab_subject_12,inline_late_vs_no_ad_late,gamma_relative_power,exploratory,0.026724845699569275
lab_subject_13,inline_late_vs_no_ad_late,gamma_relative_power,exploratory,0.05569394980116068
lab_subject_14,inline_late_vs_no_ad_late,gamma_relative_power,exploratory,-0.15990734844696558
lab_subject_15,inline_late_vs_no_ad_late,gamma_relative_power,exploratory,-0.04065160642633682
lab_subject_16,inline_late_vs_no_ad_late,gamma_relative_power,exploratory,-0.11663926653354764
lab_subject_17,inline_late_vs_no_ad_late,gamma_relative_power,exploratory,-0.024109974380918872
lab_subject_18,inline_late_vs_no_ad_late,gamma_relative_power,exploratory,-0.05352605669077635
lab_subject_19,inline_late_vs_no_ad_late,gamma_relative_power,exploratory,0.01552805439196528
lab_subject_2,inline_late_vs_no_ad_late,gamma_relative_power,exploratory,0.014549235614735385
lab_subject_3,inline_late_vs_no_ad_late,gamma_relative_power,exploratory,-0.0734340492141923
lab_subject_5,inline_late_vs_no_ad_late,gamma_relative_power,exploratory,0.0021220624470132954
lab_subject_6,inline_late_vs_no_ad_late,gamma_relative_power,exploratory,-0.027165929229317543
lab_subject_7,inline_late_vs_no_ad_late,gamma_relative_power,exploratory,-0.1816441603520481
lab_subject_8,inline_late_vs_no_ad_late,gamma_relative_power,exploratory,-0.013459226596779832
lab_subject_9,inline_late_vs_no_ad_late,gamma_relative_power,exploratory,0.06607572416833454
lab_subject_1,block_late_vs_no_ad_late,gamma_relative_power,exploratory,-0.04129214623770436
lab_subject_10,block_late_vs_no_ad_late,gamma_relative_power,exploratory,-0.004160529830369309
lab_subject_11,block_late_vs_no_ad_late,gamma_relative_power,exploratory,-0.011440829064991755
lab_subject_12,block_late_vs_no_ad_late,gamma_relative_power,exploratory,0.004522158043230792
lab_subject_13,block_late_vs_no_ad_late,gamma_relative_power,exploratory,0.03535318589245881
lab_subject_14,block_late_vs_no_ad_late,gamma_relative_power,exploratory,-0.12789608905393723
lab_subject_15,block_late_vs_no_ad_late,gamma_relative_power,exploratory,-0.033440653453618185
lab_subject_16,block_late_vs_no_ad_late,gamma_relative_power,exploratory,-0.08389607488461125
lab_subject_17,block_late_vs_no_ad_late,gamma_relative_power,exploratory,0.027839896365260908
lab_subject_18,block_late_vs_no_ad_late,gamma_relative_power,exploratory,-0.09285043755178647
lab_subject_19,block_late_vs_no_ad_late,gamma_relative_power,exploratory,-0.03131163898252579
lab_subject_2,block_late_vs_no_ad_late,gamma_relative_power,exploratory,0.04335910864570459
lab_subject_3,block_late_vs_no_ad_late,gamma_relative_power,exploratory,-0.11860443369573216
lab_subject_5,block_late_vs_no_ad_late,gamma_relative_power,exploratory,0.01700235613218145
lab_subject_6,block_late_vs_no_ad_late,gamma_relative_power,exploratory,-0.04589611102786763
lab_subject_7,block_late_vs_no_ad_late,gamma_relative_power,exploratory,-0.05886059671693321
lab_subject_8,block_late_vs_no_ad_late,gamma_relative_power,exploratory,-0.02650433841313929
lab_subject_9,block_late_vs_no_ad_late,gamma_relative_power,exploratory,0.05244706971891547
lab_subject_1,any_ad_vs_matched_no_ad,gamma_relative_power,exploratory,0.052888662149545726
lab_subject_10,any_ad_vs_matched_no_ad,gamma_relative_power,exploratory,0.023327896563152036
lab_subject_11,any_ad_vs_matched_no_ad,gamma_relative_power,exploratory,-0.010087772137378211
lab_subject_12,any_ad_vs_matched_no_ad,gamma_relative_power,exploratory,0.02060089369254099
lab_subject_13,any_ad_vs_matched_no_ad,gamma_relative_power,exploratory,0.019796774145856438
lab_subject_14,any_ad_vs_matched_no_ad,gamma_relative_power,exploratory,-0.045267039396679566
lab_subject_15,any_ad_vs_matched_no_ad,gamma_relative_power,exploratory,0.008053214769177149
lab_subject_16,any_ad_vs_matched_no_ad,gamma_relative_power,exploratory,-0.11264722392735294
lab_subject_17,any_ad_vs_matched_no_ad,gamma_relative_power,exploratory,-0.014099407873376463
lab_subject_18,any_ad_vs_matched_no_ad,gamma_relative_power,exploratory,-0.014430714816105087
lab_subject_19,any_ad_vs_matched_no_ad,gamma_relative_power,exploratory,0.00409170106126307
lab_subject_2,any_ad_vs_matched_no_ad,gamma_relative_power,exploratory,0.014192171139972141
lab_subject_3,any_ad_vs_matched_no_ad,gamma_relative_power,exploratory,-0.08102928221361733
lab_subject_5,any_ad_vs_matched_no_ad,gamma_relative_power,exploratory,-0.0018713652744582528
lab_subject_6,any_ad_vs_matched_no_ad,gamma_relative_power,exploratory,-0.014765443563962772
lab_subject_7,any_ad_vs_matched_no_ad,gamma_relative_power,exploratory,-0.16164106041025897
lab_subject_8,any_ad_vs_matched_no_ad,gamma_relative_power,exploratory,-0.026519852600568883
lab_subject_9,any_ad_vs_matched_no_ad,gamma_relative_power,exploratory,0.026930262841740004
lab_subject_1,inline_vs_block,gamma_relative_power,exploratory,-0.005037864316024418
lab_subject_10,inline_vs_block,gamma_relative_power,exploratory,-0.05232601100836593
lab_subject_11,inline_vs_block,gamma_relative_power,exploratory,0.04428594933946657
lab_subject_12,inline_vs_block,gamma_relative_power,exploratory,0.043684900968725966
lab_subject_13,inline_vs_block,gamma_relative_power,exploratory,0.015756074806289072
lab_subject_14,inline_vs_block,gamma_relative_power,exploratory,-0.03625840983616538
lab_subject_15,inline_vs_block,gamma_relative_power,exploratory,0.08801790164645784
lab_subject_16,inline_vs_block,gamma_relative_power,exploratory,-0.06491508320483613
lab_subject_17,inline_vs_block,gamma_relative_power,exploratory,-0.022682864222641465
lab_subject_18,inline_vs_block,gamma_relative_power,exploratory,0.029273919285672644
lab_subject_19,inline_vs_block,gamma_relative_power,exploratory,0.04926703540404907
lab_subject_2,inline_vs_block,gamma_relative_power,exploratory,-0.024175807390807186
lab_subject_3,inline_vs_block,gamma_relative_power,exploratory,0.021728908302867802
lab_subject_5,inline_vs_block,gamma_relative_power,exploratory,0.013930886964319017
lab_subject_6,inline_vs_block,gamma_relative_power,exploratory,0.013202244778686575
lab_subject_7,inline_vs_block,gamma_relative_power,exploratory,-0.014960643749232658
lab_subject_8,inline_vs_block,gamma_relative_power,exploratory,-0.008677524658182625
lab_subject_9,inline_vs_block,gamma_relative_power,exploratory,0.04388152289005176
lab_subject_1,early_vs_late,gamma_relative_power,exploratory,0.03139220491384076
lab_subject_10,early_vs_late,gamma_relative_power,exploratory,0.029054838122427967
lab_subject_11,early_vs_late,gamma_relative_power,exploratory,-0.007251496943520088
lab_subject_12,early_vs_late,gamma_relative_power,exploratory,0.033767554949070445
lab_subject_13,early_vs_late,gamma_relative_power,exploratory,0.04247498066493775
lab_subject_14,early_vs_late,gamma_relative_power,exploratory,0.035636991466694995
lab_subject_15,early_vs_late,gamma_relative_power,exploratory,0.09237612509028684
lab_subject_16,early_vs_late,gamma_relative_power,exploratory,-0.061696783949570004
lab_subject_17,early_vs_late,gamma_relative_power,exploratory,-0.005469743998133665
lab_subject_18,early_vs_late,gamma_relative_power,exploratory,-0.008263949792898101
lab_subject_19,early_vs_late,gamma_relative_power,exploratory,-0.016601430176132838
lab_subject_2,early_vs_late,gamma_relative_power,exploratory,-0.01794476608906105
lab_subject_3,early_vs_late,gamma_relative_power,exploratory,0.03113306509836442
lab_subject_5,early_vs_late,gamma_relative_power,exploratory,-0.029799884435638566
lab_subject_6,early_vs_late,gamma_relative_power,exploratory,0.00787599044318403
lab_subject_7,early_vs_late,gamma_relative_power,exploratory,-0.03877002773783861
lab_subject_8,early_vs_late,gamma_relative_power,exploratory,0.008246579068065099
lab_subject_9,early_vs_late,gamma_relative_power,exploratory,-0.09710938019553078
lab_subject_1,format_x_timing,gamma_relative_power,exploratory,0.09357490546539352
lab_subject_10,format_x_timing,gamma_relative_power,exploratory,0.06158299523878463
lab_subject_11,format_x_timing,gamma_relative_power,exploratory,0.05393101292972673
lab_subject_12,format_x_timing,gamma_relative_power,exploratory,0.042964426624774975
lab_subject_13,format_x_timing,gamma_relative_power,exploratory,-0.009169378204825586
lab_subject_14,format_x_timing,gamma_relative_power,exploratory,-0.008494300886274085
lab_subject_15,format_x_timing,gamma_relative_power,exploratory,0.19045770923835298
lab_subject_16,format_x_timing,gamma_relative_power,exploratory,-0.06434378311179946
lab_subject_17,format_x_timing,gamma_relative_power,exploratory,0.05853401304707663
lab_subject_18,format_x_timing,gamma_relative_power,exploratory,-0.02010092315067495
lab_subject_19,format_x_timing,gamma_relative_power,exploratory,0.004854684059116012
lab_subject_2,format_x_timing,gamma_relative_power,exploratory,0.00926813128032403
lab_subject_3,format_x_timing,gamma_relative_power,exploratory,-0.046882952357344125
lab_subject_5,format_x_timing,gamma_relative_power,exploratory,0.05762236129897434
lab_subject_6,format_x_timing,gamma_relative_power,exploratory,-0.01105587403972702
lab_subject_7,format_x_timing,gamma_relative_power,exploratory,0.2156458397717645
lab_subject_8,format_x_timing,gamma_relative_power,exploratory,-0.043445272949084165
lab_subject_9,format_x_timing,gamma_relative_power,exploratory,0.06050573688126537
lab_subject_1,inline_early_vs_no_ad_early,engagement_beta_over_alpha_theta,exploratory,1.7324203791206936
lab_subject_10,inline_early_vs_no_ad_early,engagement_beta_over_alpha_theta,exploratory,0.6345683777459745
lab_subject_11,inline_early_vs_no_ad_early,engagement_beta_over_alpha_theta,exploratory,0.912079020750387
lab_subject_12,inline_early_vs_no_ad_early,engagement_beta_over_alpha_theta,exploratory,0.8310465795869638
lab_subject_13,inline_early_vs_no_ad_early,engagement_beta_over_alpha_theta,exploratory,-1.5140734198015928
lab_subject_14,inline_early_vs_no_ad_early,engagement_beta_over_alpha_theta,exploratory,-0.305166966923371
lab_subject_15,inline_early_vs_no_ad_early,engagement_beta_over_alpha_theta,exploratory,0.7049756164724259
lab_subject_16,inline_early_vs_no_ad_early,engagement_beta_over_alpha_theta,exploratory,0.352574778548536
lab_subject_17,inline_early_vs_no_ad_early,engagement_beta_over_alpha_theta,exploratory,0.010542245237154746
lab_subject_18,inline_early_vs_no_ad_early,engagement_beta_over_alpha_theta,exploratory,0.33888935895208594
lab_subject_19,inline_early_vs_no_ad_early,engagement_beta_over_alpha_theta,exploratory,0.38046896327427515
lab_subject_2,inline_early_vs_no_ad_early,engagement_beta_over_alpha_theta,exploratory,0.1409225147183678
lab_subject_3,inline_early_vs_no_ad_early,engagement_beta_over_alpha_theta,exploratory,-1.6898680226102172
lab_subject_5,inline_early_vs_no_ad_early,engagement_beta_over_alpha_theta,exploratory,-0.33489787375340996
lab_subject_6,inline_early_vs_no_ad_early,engagement_beta_over_alpha_theta,exploratory,-0.1891312093007237
lab_subject_7,inline_early_vs_no_ad_early,engagement_beta_over_alpha_theta,exploratory,-3.408872802488333
lab_subject_8,inline_early_vs_no_ad_early,engagement_beta_over_alpha_theta,exploratory,-0.9885171205104553
lab_subject_9,inline_early_vs_no_ad_early,engagement_beta_over_alpha_theta,exploratory,0.9067601409740216
lab_subject_1,block_early_vs_no_ad_early,engagement_beta_over_alpha_theta,exploratory,2.7929603186040985
lab_subject_10,block_early_vs_no_ad_early,engagement_beta_over_alpha_theta,exploratory,0.4316216525501859
lab_subject_11,block_early_vs_no_ad_early,engagement_beta_over_alpha_theta,exploratory,0.4839860602550404
lab_subject_12,block_early_vs_no_ad_early,engagement_beta_over_alpha_theta,exploratory,0.4777668104646674
lab_subject_13,block_early_vs_no_ad_early,engagement_beta_over_alpha_theta,exploratory,-1.9111090960881323
lab_subject_14,block_early_vs_no_ad_early,engagement_beta_over_alpha_theta,exploratory,-0.0362948580090785
lab_subject_15,block_early_vs_no_ad_early,engagement_beta_over_alpha_theta,exploratory,-0.28565108020597174
lab_subject_16,block_early_vs_no_ad_early,engagement_beta_over_alpha_theta,exploratory,-0.1996407946280394
lab_subject_17,block_early_vs_no_ad_early,engagement_beta_over_alpha_theta,exploratory,0.06274358918252843
lab_subject_18,block_early_vs_no_ad_early,engagement_beta_over_alpha_theta,exploratory,0.534446577921874
lab_subject_19,block_early_vs_no_ad_early,engagement_beta_over_alpha_theta,exploratory,-0.23583631190167526
lab_subject_2,block_early_vs_no_ad_early,engagement_beta_over_alpha_theta,exploratory,-0.10873013177910695
lab_subject_3,block_early_vs_no_ad_early,engagement_beta_over_alpha_theta,exploratory,0.0463328745313335
lab_subject_5,block_early_vs_no_ad_early,engagement_beta_over_alpha_theta,exploratory,-0.3819252339687579
lab_subject_6,block_early_vs_no_ad_early,engagement_beta_over_alpha_theta,exploratory,0.17935449639640522
lab_subject_7,block_early_vs_no_ad_early,engagement_beta_over_alpha_theta,exploratory,-4.254636687312509
lab_subject_8,block_early_vs_no_ad_early,engagement_beta_over_alpha_theta,exploratory,-1.3902815664401214
lab_subject_9,block_early_vs_no_ad_early,engagement_beta_over_alpha_theta,exploratory,-0.5823029655543006
lab_subject_1,inline_late_vs_no_ad_late,engagement_beta_over_alpha_theta,exploratory,-0.7524995007932688
lab_subject_10,inline_late_vs_no_ad_late,engagement_beta_over_alpha_theta,exploratory,-0.03838943802508904
lab_subject_11,inline_late_vs_no_ad_late,engagement_beta_over_alpha_theta,exploratory,0.09784622548262589
lab_subject_12,inline_late_vs_no_ad_late,engagement_beta_over_alpha_theta,exploratory,-0.4805912629380845
lab_subject_13,inline_late_vs_no_ad_late,engagement_beta_over_alpha_theta,exploratory,-0.3813185500339533
lab_subject_14,inline_late_vs_no_ad_late,engagement_beta_over_alpha_theta,exploratory,-0.13788921575924395
lab_subject_15,inline_late_vs_no_ad_late,engagement_beta_over_alpha_theta,exploratory,-0.6068497245060297
lab_subject_16,inline_late_vs_no_ad_late,engagement_beta_over_alpha_theta,exploratory,-0.2827705905724627
lab_subject_17,inline_late_vs_no_ad_late,engagement_beta_over_alpha_theta,exploratory,-1.2705399758139952
lab_subject_18,inline_late_vs_no_ad_late,engagement_beta_over_alpha_theta,exploratory,-0.5675381010005736
lab_subject_19,inline_late_vs_no_ad_late,engagement_beta_over_alpha_theta,exploratory,-0.337727032996333
lab_subject_2,inline_late_vs_no_ad_late,engagement_beta_over_alpha_theta,exploratory,-0.04776745262224119
lab_subject_3,inline_late_vs_no_ad_late,engagement_beta_over_alpha_theta,exploratory,-0.3857020064464366
lab_subject_5,inline_late_vs_no_ad_late,engagement_beta_over_alpha_theta,exploratory,-0.3441002931465248
lab_subject_6,inline_late_vs_no_ad_late,engagement_beta_over_alpha_theta,exploratory,0.10279812820305168
lab_subject_7,inline_late_vs_no_ad_late,engagement_beta_over_alpha_theta,exploratory,-1.470046500679229
lab_subject_8,inline_late_vs_no_ad_late,engagement_beta_over_alpha_theta,exploratory,0.3310301258118007
lab_subject_9,inline_late_vs_no_ad_late,engagement_beta_over_alpha_theta,exploratory,1.0315100983973777
lab_subject_1,block_late_vs_no_ad_late,engagement_beta_over_alpha_theta,exploratory,-0.006010096075044213
lab_subject_10,block_late_vs_no_ad_late,engagement_beta_over_alpha_theta,exploratory,0.17453011349580566
lab_subject_11,block_late_vs_no_ad_late,engagement_beta_over_alpha_theta,exploratory,0.01890234552578962
lab_subject_12,block_late_vs_no_ad_late,engagement_beta_over_alpha_theta,exploratory,-0.19220938393565618
lab_subject_13,block_late_vs_no_ad_late,engagement_beta_over_alpha_theta,exploratory,-0.32933287071083894
lab_subject_14,block_late_vs_no_ad_late,engagement_beta_over_alpha_theta,exploratory,-0.05780403523765387
lab_subject_15,block_late_vs_no_ad_late,engagement_beta_over_alpha_theta,exploratory,0.14567898838602777
lab_subject_16,block_late_vs_no_ad_late,engagement_beta_over_alpha_theta,exploratory,0.17748610922042007
lab_subject_17,block_late_vs_no_ad_late,engagement_beta_over_alpha_theta,exploratory,-0.5335279581367174
lab_subject_18,block_late_vs_no_ad_late,engagement_beta_over_alpha_theta,exploratory,-0.9099941087304477
lab_subject_19,block_late_vs_no_ad_late,engagement_beta_over_alpha_theta,exploratory,-0.8652920209447399
lab_subject_2,block_late_vs_no_ad_late,engagement_beta_over_alpha_theta,exploratory,0.5354427727995154
lab_subject_3,block_late_vs_no_ad_late,engagement_beta_over_alpha_theta,exploratory,-0.8414719555103464
lab_subject_5,block_late_vs_no_ad_late,engagement_beta_over_alpha_theta,exploratory,0.027161595629647484
lab_subject_6,block_late_vs_no_ad_late,engagement_beta_over_alpha_theta,exploratory,0.0357402668261636
lab_subject_7,block_late_vs_no_ad_late,engagement_beta_over_alpha_theta,exploratory,-0.16117198554517675
lab_subject_8,block_late_vs_no_ad_late,engagement_beta_over_alpha_theta,exploratory,-0.24304213057275814
lab_subject_9,block_late_vs_no_ad_late,engagement_beta_over_alpha_theta,exploratory,0.6303451568718806
lab_subject_1,any_ad_vs_matched_no_ad,engagement_beta_over_alpha_theta,exploratory,0.9417177752141198
lab_subject_10,any_ad_vs_matched_no_ad,engagement_beta_over_alpha_theta,exploratory,0.30058267644171927
lab_subject_11,any_ad_vs_matched_no_ad,engagement_beta_over_alpha_theta,exploratory,0.3782034130034607
lab_subject_12,any_ad_vs_matched_no_ad,engagement_beta_over_alpha_theta,exploratory,0.15900318579447265
lab_subject_13,any_ad_vs_matched_no_ad,engagement_beta_over_alpha_theta,exploratory,-1.0339584841586293
lab_subject_14,any_ad_vs_matched_no_ad,engagement_beta_over_alpha_theta,exploratory,-0.13428876898233683
lab_subject_15,any_ad_vs_matched_no_ad,engagement_beta_over_alpha_theta,exploratory,-0.01046154996338694
lab_subject_16,any_ad_vs_matched_no_ad,engagement_beta_over_alpha_theta,exploratory,0.011912375642113504
lab_subject_17,any_ad_vs_matched_no_ad,engagement_beta_over_alpha_theta,exploratory,-0.4326955248827573
lab_subject_18,any_ad_vs_matched_no_ad,engagement_beta_over_alpha_theta,exploratory,-0.15104906821426534
lab_subject_19,any_ad_vs_matched_no_ad,engagement_beta_over_alpha_theta,exploratory,-0.2645966006421182
lab_subject_2,any_ad_vs_matched_no_ad,engagement_beta_over_alpha_theta,exploratory,0.12996692577913377
lab_subject_3,any_ad_vs_matched_no_ad,engagement_beta_over_alpha_theta,exploratory,-0.7176772775089166
lab_subject_5,any_ad_vs_matched_no_ad,engagement_beta_over_alpha_theta,exploratory,-0.2584404513097613
lab_subject_6,any_ad_vs_matched_no_ad,engagement_beta_over_alpha_theta,exploratory,0.0321904205312242
lab_subject_7,any_ad_vs_matched_no_ad,engagement_beta_over_alpha_theta,exploratory,-2.3236819940063116
lab_subject_8,any_ad_vs_matched_no_ad,engagement_beta_over_alpha_theta,exploratory,-0.5727026729278835
lab_subject_9,any_ad_vs_matched_no_ad,engagement_beta_over_alpha_theta,exploratory,0.49657810767224486
lab_subject_1,inline_vs_block,engagement_beta_over_alpha_theta,exploratory,-0.9035146721008147
lab_subject_10,inline_vs_block,engagement_beta_over_alpha_theta,exploratory,-0.004986413162553077
lab_subject_11,inline_vs_block,engagement_beta_over_alpha_theta,exploratory,0.25351842022609145
lab_subject_12,inline_vs_block,engagement_beta_over_alpha_theta,exploratory,0.03244894505993404
lab_subject_13,inline_vs_block,engagement_beta_over_alpha_theta,exploratory,0.1725249984817126
lab_subject_14,inline_vs_block,engagement_beta_over_alpha_theta,exploratory,-0.17447864471794128
lab_subject_15,inline_vs_block,engagement_beta_over_alpha_theta,exploratory,0.11904899189317009
lab_subject_16,inline_vs_block,engagement_beta_over_alpha_theta,exploratory,0.04597943669184634
lab_subject_17,inline_vs_block,engagement_beta_over_alpha_theta,exploratory,-0.39460668081132577
lab_subject_18,inline_vs_block,engagement_beta_over_alpha_theta,exploratory,0.07344939438004305
lab_subject_19,inline_vs_block,engagement_beta_over_alpha_theta,exploratory,0.5719351315621786
lab_subject_2,inline_vs_block,engagement_beta_over_alpha_theta,exploratory,-0.1667787894621409
lab_subject_3,inline_vs_block,engagement_beta_over_alpha_theta,exploratory,-0.6402154740388204
lab_subject_5,inline_vs_block,engagement_beta_over_alpha_theta,exploratory,-0.16211726428041218
lab_subject_6,inline_vs_block,engagement_beta_over_alpha_theta,exploratory,-0.15071392216012042
lab_subject_7,inline_vs_block,engagement_beta_over_alpha_theta,exploratory,-0.23155531515493827
lab_subject_8,inline_vs_block,engagement_beta_over_alpha_theta,exploratory,0.48791835115711235
lab_subject_9,inline_vs_block,engagement_beta_over_alpha_theta,exploratory,0.9451140240269096
lab_subject_1,early_vs_late,engagement_beta_over_alpha_theta,exploratory,0.11367879123073094
lab_subject_10,early_vs_late,engagement_beta_over_alpha_theta,exploratory,0.22940844805676527
lab_subject_11,early_vs_late,engagement_beta_over_alpha_theta,exploratory,0.3355792971413008
lab_subject_12,early_vs_late,engagement_beta_over_alpha_theta,exploratory,0.47060520241574244
lab_subject_13,early_vs_late,engagement_beta_over_alpha_theta,exploratory,0.17784355147254222
lab_subject_14,early_vs_late,engagement_beta_over_alpha_theta,exploratory,0.00019096133979490393
lab_subject_15,early_vs_late,engagement_beta_over_alpha_theta,exploratory,0.4230793703458645
lab_subject_16,early_vs_late,engagement_beta_over_alpha_theta,exploratory,0.5432083148721919
lab_subject_17,early_vs_late,engagement_beta_over_alpha_theta,exploratory,0.42821301884713014
lab_subject_18,early_vs_late,engagement_beta_over_alpha_theta,exploratory,-0.12063584033175878
lab_subject_19,early_vs_late,engagement_beta_over_alpha_theta,exploratory,-0.15687496336682027
lab_subject_2,early_vs_late,engagement_beta_over_alpha_theta,exploratory,0.34336534252928386
lab_subject_3,early_vs_late,engagement_beta_over_alpha_theta,exploratory,0.16148302923960672
lab_subject_5,early_vs_late,engagement_beta_over_alpha_theta,exploratory,-0.44417621310629407
lab_subject_6,early_vs_late,engagement_beta_over_alpha_theta,exploratory,0.2317512112016064
lab_subject_7,early_vs_late,engagement_beta_over_alpha_theta,exploratory,-0.6117151677844823
lab_subject_8,early_vs_late,engagement_beta_over_alpha_theta,exploratory,-0.7953229692915285
lab_subject_9,early_vs_late,engagement_beta_over_alpha_theta,exploratory,-0.11977195146380976
lab_subject_1,format_x_timing,engagement_beta_over_alpha_theta,exploratory,-0.3140505347651804
lab_subject_10,format_x_timing,engagement_beta_over_alpha_theta,exploratory,0.41586627671668325
lab_subject_11,format_x_timing,engagement_beta_over_alpha_theta,exploratory,0.34914908053851035
lab_subject_12,format_x_timing,engagement_beta_over_alpha_theta,exploratory,0.6416616481247248
lab_subject_13,format_x_timing,engagement_beta_over_alpha_theta,exploratory,0.44902135560965395
lab_subject_14,format_x_timing,engagement_beta_over_alpha_theta,exploratory,-0.1887869283927024
lab_subject_15,format_x_timing,engagement_beta_over_alpha_theta,exploratory,1.7431554095704551
lab_subject_16,format_x_timing,engagement_beta_over_alpha_theta,exploratory,1.0124722729694582
lab_subject_17,format_x_timing,engagement_beta_over_alpha_theta,exploratory,0.6848106737319042
lab_subject_18,format_x_timing,engagement_beta_over_alpha_theta,exploratory,-0.5380132266996622
lab_subject_19,format_x_timing,engagement_beta_over_alpha_theta,exploratory,0.08874028722754357
lab_subject_2,format_x_timing,engagement_beta_over_alpha_theta,exploratory,0.8328628719192313
lab_subject_3,format_x_timing,engagement_beta_over_alpha_theta,exploratory,-2.1919708462054603
lab_subject_5,format_x_timing,engagement_beta_over_alpha_theta,exploratory,0.4182892489915202
lab_subject_6,format_x_timing,engagement_beta_over_alpha_theta,exploratory,-0.435543567074017
lab_subject_7,format_x_timing,engagement_beta_over_alpha_theta,exploratory,2.1546383999582277
lab_subject_8,format_x_timing,engagement_beta_over_alpha_theta,exploratory,-0.17230781045489285
lab_subject_9,format_x_timing,engagement_beta_over_alpha_theta,exploratory,1.0878981650028252
lab_subject_1,inline_early_vs_no_ad_early,engagement_pope_frontocentral_beta_over_alpha_theta,exploratory,1.6199454920847869
lab_subject_10,inline_early_vs_no_ad_early,engagement_pope_frontocentral_beta_over_alpha_theta,exploratory,0.30081328409728136
lab_subject_11,inline_early_vs_no_ad_early,engagement_pope_frontocentral_beta_over_alpha_theta,exploratory,1.0548607890105826
lab_subject_12,inline_early_vs_no_ad_early,engagement_pope_frontocentral_beta_over_alpha_theta,exploratory,1.1624666143654068
lab_subject_13,inline_early_vs_no_ad_early,engagement_pope_frontocentral_beta_over_alpha_theta,exploratory,-0.6190584914672036
lab_subject_14,inline_early_vs_no_ad_early,engagement_pope_frontocentral_beta_over_alpha_theta,exploratory,0.8337938682979704
lab_subject_15,inline_early_vs_no_ad_early,engagement_pope_frontocentral_beta_over_alpha_theta,exploratory,0.6275144069496913
lab_subject_16,inline_early_vs_no_ad_early,engagement_pope_frontocentral_beta_over_alpha_theta,exploratory,0.17866026564038262
lab_subject_17,inline_early_vs_no_ad_early,engagement_pope_frontocentral_beta_over_alpha_theta,exploratory,0.012004432986276514
lab_subject_18,inline_early_vs_no_ad_early,engagement_pope_frontocentral_beta_over_alpha_theta,exploratory,0.5493291679557524
lab_subject_19,inline_early_vs_no_ad_early,engagement_pope_frontocentral_beta_over_alpha_theta,exploratory,0.6889847936339203
lab_subject_2,inline_early_vs_no_ad_early,engagement_pope_frontocentral_beta_over_alpha_theta,exploratory,0.48556759249036785
lab_subject_3,inline_early_vs_no_ad_early,engagement_pope_frontocentral_beta_over_alpha_theta,exploratory,-1.4319117454540558
lab_subject_5,inline_early_vs_no_ad_early,engagement_pope_frontocentral_beta_over_alpha_theta,exploratory,-0.3905723621988956
lab_subject_6,inline_early_vs_no_ad_early,engagement_pope_frontocentral_beta_over_alpha_theta,exploratory,-0.0904873332151569
lab_subject_7,inline_early_vs_no_ad_early,engagement_pope_frontocentral_beta_over_alpha_theta,exploratory,-4.168246065853906
lab_subject_8,inline_early_vs_no_ad_early,engagement_pope_frontocentral_beta_over_alpha_theta,exploratory,-0.8562971611741088
lab_subject_9,inline_early_vs_no_ad_early,engagement_pope_frontocentral_beta_over_alpha_theta,exploratory,1.373171257758328
lab_subject_1,block_early_vs_no_ad_early,engagement_pope_frontocentral_beta_over_alpha_theta,exploratory,2.9512402217994245
lab_subject_10,block_early_vs_no_ad_early,engagement_pope_frontocentral_beta_over_alpha_theta,exploratory,0.5053684153760523
lab_subject_11,block_early_vs_no_ad_early,engagement_pope_frontocentral_beta_over_alpha_theta,exploratory,0.5117995478149979
lab_subject_12,block_early_vs_no_ad_early,engagement_pope_frontocentral_beta_over_alpha_theta,exploratory,0.4857281180028669
lab_subject_13,block_early_vs_no_ad_early,engagement_pope_frontocentral_beta_over_alpha_theta,exploratory,-1.480095270177109
lab_subject_14,block_early_vs_no_ad_early,engagement_pope_frontocentral_beta_over_alpha_theta,exploratory,0.6316860651828367
lab_subject_15,block_early_vs_no_ad_early,engagement_pope_frontocentral_beta_over_alpha_theta,exploratory,0.030289498533047465
lab_subject_16,block_early_vs_no_ad_early,engagement_pope_frontocentral_beta_over_alpha_theta,exploratory,0.6643727261980987
lab_subject_17,block_early_vs_no_ad_early,engagement_pope_frontocentral_beta_over_alpha_theta,exploratory,-0.18034904908730154
lab_subject_18,block_early_vs_no_ad_early,engagement_pope_frontocentral_beta_over_alpha_theta,exploratory,2.060894968630817
lab_subject_19,block_early_vs_no_ad_early,engagement_pope_frontocentral_beta_over_alpha_theta,exploratory,0.18557160310209042
lab_subject_2,block_early_vs_no_ad_early,engagement_pope_frontocentral_beta_over_alpha_theta,exploratory,-0.6258278845598005
lab_subject_3,block_early_vs_no_ad_early,engagement_pope_frontocentral_beta_over_alpha_theta,exploratory,0.08028613259293294
lab_subject_5,block_early_vs_no_ad_early,engagement_pope_frontocentral_beta_over_alpha_theta,exploratory,-0.7326578840563197
lab_subject_6,block_early_vs_no_ad_early,engagement_pope_frontocentral_beta_over_alpha_theta,exploratory,-0.13805107422559537
lab_subject_7,block_early_vs_no_ad_early,engagement_pope_frontocentral_beta_over_alpha_theta,exploratory,-5.257562381173052
lab_subject_8,block_early_vs_no_ad_early,engagement_pope_frontocentral_beta_over_alpha_theta,exploratory,-1.292370208489944
lab_subject_9,block_early_vs_no_ad_early,engagement_pope_frontocentral_beta_over_alpha_theta,exploratory,-0.4795478442255183
lab_subject_1,inline_late_vs_no_ad_late,engagement_pope_frontocentral_beta_over_alpha_theta,exploratory,-1.5436631110581427
lab_subject_10,inline_late_vs_no_ad_late,engagement_pope_frontocentral_beta_over_alpha_theta,exploratory,-0.001504492718296252
lab_subject_11,inline_late_vs_no_ad_late,engagement_pope_frontocentral_beta_over_alpha_theta,exploratory,0.1539148409403509
lab_subject_12,inline_late_vs_no_ad_late,engagement_pope_frontocentral_beta_over_alpha_theta,exploratory,-0.19528206683293936
lab_subject_13,inline_late_vs_no_ad_late,engagement_pope_frontocentral_beta_over_alpha_theta,exploratory,-0.34787032860708944
lab_subject_14,inline_late_vs_no_ad_late,engagement_pope_frontocentral_beta_over_alpha_theta,exploratory,0.16042621227298226
lab_subject_15,inline_late_vs_no_ad_late,engagement_pope_frontocentral_beta_over_alpha_theta,exploratory,-0.531829837100069
lab_subject_16,inline_late_vs_no_ad_late,engagement_pope_frontocentral_beta_over_alpha_theta,exploratory,0.8271259333150829
lab_subject_17,inline_late_vs_no_ad_late,engagement_pope_frontocentral_beta_over_alpha_theta,exploratory,-0.3615335318845918
lab_subject_18,inline_late_vs_no_ad_late,engagement_pope_frontocentral_beta_over_alpha_theta,exploratory,-1.0324183132521523
lab_subject_19,inline_late_vs_no_ad_late,engagement_pope_frontocentral_beta_over_alpha_theta,exploratory,-0.4738833275732791
lab_subject_2,inline_late_vs_no_ad_late,engagement_pope_frontocentral_beta_over_alpha_theta,exploratory,-0.0020724646284245862
lab_subject_3,inline_late_vs_no_ad_late,engagement_pope_frontocentral_beta_over_alpha_theta,exploratory,-0.07242110066849627
lab_subject_5,inline_late_vs_no_ad_late,engagement_pope_frontocentral_beta_over_alpha_theta,exploratory,0.16329219649159266
lab_subject_6,inline_late_vs_no_ad_late,engagement_pope_frontocentral_beta_over_alpha_theta,exploratory,0.04141853231687154
lab_subject_7,inline_late_vs_no_ad_late,engagement_pope_frontocentral_beta_over_alpha_theta,exploratory,-1.8372426087968434
lab_subject_8,inline_late_vs_no_ad_late,engagement_pope_frontocentral_beta_over_alpha_theta,exploratory,-0.03466525430220957
lab_subject_9,inline_late_vs_no_ad_late,engagement_pope_frontocentral_beta_over_alpha_theta,exploratory,0.9926094333547063
lab_subject_1,block_late_vs_no_ad_late,engagement_pope_frontocentral_beta_over_alpha_theta,exploratory,0.5165251774620396
lab_subject_10,block_late_vs_no_ad_late,engagement_pope_frontocentral_beta_over_alpha_theta,exploratory,0.13803893595191527
lab_subject_11,block_late_vs_no_ad_late,engagement_pope_frontocentral_beta_over_alpha_theta,exploratory,0.05630329306964443
lab_subject_12,block_late_vs_no_ad_late,engagement_pope_frontocentral_beta_over_alpha_theta,exploratory,0.12619439557984902
lab_subject_13,block_late_vs_no_ad_late,engagement_pope_frontocentral_beta_over_alpha_theta,exploratory,-0.5165775688787585
lab_subject_14,block_late_vs_no_ad_late,engagement_pope_frontocentral_beta_over_alpha_theta,exploratory,-0.168365240460029
lab_subject_15,block_late_vs_no_ad_late,engagement_pope_frontocentral_beta_over_alpha_theta,exploratory,0.09047484765336233
lab_subject_16,block_late_vs_no_ad_late,engagement_pope_frontocentral_beta_over_alpha_theta,exploratory,0.32251101620912226
lab_subject_17,block_late_vs_no_ad_late,engagement_pope_frontocentral_beta_over_alpha_theta,exploratory,-0.7158031753802323
lab_subject_18,block_late_vs_no_ad_late,engagement_pope_frontocentral_beta_over_alpha_theta,exploratory,-1.6149306589001369
lab_subject_19,block_late_vs_no_ad_late,engagement_pope_frontocentral_beta_over_alpha_theta,exploratory,-0.592384044985249
lab_subject_2,block_late_vs_no_ad_late,engagement_pope_frontocentral_beta_over_alpha_theta,exploratory,0.450824078936795
lab_subject_3,block_late_vs_no_ad_late,engagement_pope_frontocentral_beta_over_alpha_theta,exploratory,-0.6028437610735995
lab_subject_5,block_late_vs_no_ad_late,engagement_pope_frontocentral_beta_over_alpha_theta,exploratory,0.21157986671058004
lab_subject_6,block_late_vs_no_ad_late,engagement_pope_frontocentral_beta_over_alpha_theta,exploratory,0.2156911086105162
lab_subject_7,block_late_vs_no_ad_late,engagement_pope_frontocentral_beta_over_alpha_theta,exploratory,-0.12274017133724091
lab_subject_8,block_late_vs_no_ad_late,engagement_pope_frontocentral_beta_over_alpha_theta,exploratory,-0.31143606977818405
lab_subject_9,block_late_vs_no_ad_late,engagement_pope_frontocentral_beta_over_alpha_theta,exploratory,0.7708342998041389
lab_subject_1,any_ad_vs_matched_no_ad,engagement_pope_frontocentral_beta_over_alpha_theta,exploratory,0.8860119450720271
lab_subject_10,any_ad_vs_matched_no_ad,engagement_pope_frontocentral_beta_over_alpha_theta,exploratory,0.23567903567673815
lab_subject_11,any_ad_vs_matched_no_ad,engagement_pope_frontocentral_beta_over_alpha_theta,exploratory,0.44421961770889395
lab_subject_12,any_ad_vs_matched_no_ad,engagement_pope_frontocentral_beta_over_alpha_theta,exploratory,0.39477676527879585
lab_subject_13,any_ad_vs_matched_no_ad,engagement_pope_frontocentral_beta_over_alpha_theta,exploratory,-0.7409004147825402
lab_subject_14,any_ad_vs_matched_no_ad,engagement_pope_frontocentral_beta_over_alpha_theta,exploratory,0.36438522632344006
lab_subject_15,any_ad_vs_matched_no_ad,engagement_pope_frontocentral_beta_over_alpha_theta,exploratory,0.054112229009008014
lab_subject_16,any_ad_vs_matched_no_ad,engagement_pope_frontocentral_beta_over_alpha_theta,exploratory,0.4981674853406716
lab_subject_17,any_ad_vs_matched_no_ad,engagement_pope_frontocentral_beta_over_alpha_theta,exploratory,-0.31142033084146226
lab_subject_18,any_ad_vs_matched_no_ad,engagement_pope_frontocentral_beta_over_alpha_theta,exploratory,-0.009281208891430026
lab_subject_19,any_ad_vs_matched_no_ad,engagement_pope_frontocentral_beta_over_alpha_theta,exploratory,-0.04792774395562935
lab_subject_2,any_ad_vs_matched_no_ad,engagement_pope_frontocentral_beta_over_alpha_theta,exploratory,0.07712283055973443
lab_subject_3,any_ad_vs_matched_no_ad,engagement_pope_frontocentral_beta_over_alpha_theta,exploratory,-0.5067226186508047
lab_subject_5,any_ad_vs_matched_no_ad,engagement_pope_frontocentral_beta_over_alpha_theta,exploratory,-0.18708954576326065
lab_subject_6,any_ad_vs_matched_no_ad,engagement_pope_frontocentral_beta_over_alpha_theta,exploratory,0.007142808371658871
lab_subject_7,any_ad_vs_matched_no_ad,engagement_pope_frontocentral_beta_over_alpha_theta,exploratory,-2.8464478067902608
lab_subject_8,any_ad_vs_matched_no_ad,engagement_pope_frontocentral_beta_over_alpha_theta,exploratory,-0.6236921734361116
lab_subject_9,any_ad_vs_matched_no_ad,engagement_pope_frontocentral_beta_over_alpha_theta,exploratory,0.6642667866729137
lab_subject_1,inline_vs_block,engagement_pope_frontocentral_beta_over_alpha_theta,exploratory,-1.69574150911741
lab_subject_10,inline_vs_block,engagement_pope_frontocentral_beta_over_alpha_theta,exploratory,-0.17204927997449118
lab_subject_11,inline_vs_block,engagement_pope_frontocentral_beta_over_alpha_theta,exploratory,0.3203363945331456
lab_subject_12,inline_vs_block,engagement_pope_frontocentral_beta_over_alpha_theta,exploratory,0.1776310169748758
lab_subject_13,inline_vs_block,engagement_pope_frontocentral_beta_over_alpha_theta,exploratory,0.5148720094907873
lab_subject_14,inline_vs_block,engagement_pope_frontocentral_beta_over_alpha_theta,exploratory,0.2654496279240725
lab_subject_15,inline_vs_block,engagement_pope_frontocentral_beta_over_alpha_theta,exploratory,-0.01253988816839377
lab_subject_16,inline_vs_block,engagement_pope_frontocentral_beta_over_alpha_theta,exploratory,0.009451228274122259
lab_subject_17,inline_vs_block,engagement_pope_frontocentral_beta_over_alpha_theta,exploratory,0.2733115627846093
lab_subject_18,inline_vs_block,engagement_pope_frontocentral_beta_over_alpha_theta,exploratory,-0.46452672751353996
lab_subject_19,inline_vs_block,engagement_pope_frontocentral_beta_over_alpha_theta,exploratory,0.3109569539718999
lab_subject_2,inline_vs_block,engagement_pope_frontocentral_beta_over_alpha_theta,exploratory,0.3292494667424744
lab_subject_3,inline_vs_block,engagement_pope_frontocentral_beta_over_alpha_theta,exploratory,-0.49088760882094273
lab_subject_5,inline_vs_block,engagement_pope_frontocentral_beta_over_alpha_theta,exploratory,0.14689892581921837
lab_subject_6,inline_vs_block,engagement_pope_frontocentral_beta_over_alpha_theta,exploratory,-0.0633544176416031
lab_subject_7,inline_vs_block,engagement_pope_frontocentral_beta_over_alpha_theta,exploratory,-0.3125930610702284
lab_subject_8,inline_vs_block,engagement_pope_frontocentral_beta_over_alpha_theta,exploratory,0.35642193139590483
lab_subject_9,inline_vs_block,engagement_pope_frontocentral_beta_over_alpha_theta,exploratory,1.037247117767207
lab_subject_1,early_vs_late,engagement_pope_frontocentral_beta_over_alpha_theta,exploratory,-0.3033328243963965
lab_subject_10,early_vs_late,engagement_pope_frontocentral_beta_over_alpha_theta,exploratory,0.020586951683473714
lab_subject_11,early_vs_late,engagement_pope_frontocentral_beta_over_alpha_theta,exploratory,0.4554939735859393
lab_subject_12,early_vs_late,engagement_pope_frontocentral_beta_over_alpha_theta,exploratory,0.43265480336641426
lab_subject_13,early_vs_late,engagement_pope_frontocentral_beta_over_alpha_theta,exploratory,0.08702229345845652
lab_subject_14,early_vs_late,engagement_pope_frontocentral_beta_over_alpha_theta,exploratory,-0.011373585439718836
lab_subject_15,early_vs_late,engagement_pope_frontocentral_beta_over_alpha_theta,exploratory,0.47725481604209763
lab_subject_16,early_vs_late,engagement_pope_frontocentral_beta_over_alpha_theta,exploratory,0.13955323970043543
lab_subject_17,early_vs_late,engagement_pope_frontocentral_beta_over_alpha_theta,exploratory,0.10410575133499839
lab_subject_18,early_vs_late,engagement_pope_frontocentral_beta_over_alpha_theta,exploratory,-0.6517995796461253
lab_subject_19,early_vs_late,engagement_pope_frontocentral_beta_over_alpha_theta,exploratory,-0.13075462105545416
lab_subject_2,early_vs_late,engagement_pope_frontocentral_beta_over_alpha_theta,exploratory,-0.07284284497562382
lab_subject_3,early_vs_late,engagement_pope_frontocentral_beta_over_alpha_theta,exploratory,0.18224626544262346
lab_subject_5,early_vs_late,engagement_pope_frontocentral_beta_over_alpha_theta,exploratory,-0.6082753832769222
lab_subject_6,early_vs_late,engagement_pope_frontocentral_beta_over_alpha_theta,exploratory,-0.012742463393288217
lab_subject_7,early_vs_late,engagement_pope_frontocentral_beta_over_alpha_theta,exploratory,-0.6347775294865248
lab_subject_8,early_vs_late,engagement_pope_frontocentral_beta_over_alpha_theta,exploratory,-0.48952956771271305
lab_subject_9,early_vs_late,engagement_pope_frontocentral_beta_over_alpha_theta,exploratory,-0.2138439312415934
lab_subject_1,format_x_timing,engagement_pope_frontocentral_beta_over_alpha_theta,exploratory,0.728893558805545
lab_subject_10,format_x_timing,engagement_pope_frontocentral_beta_over_alpha_theta,exploratory,-0.06501170260855932
lab_subject_11,format_x_timing,engagement_pope_frontocentral_beta_over_alpha_theta,exploratory,0.44544969332487827
lab_subject_12,format_x_timing,engagement_pope_frontocentral_beta_over_alpha_theta,exploratory,0.9982149587753284
lab_subject_13,format_x_timing,engagement_pope_frontocentral_beta_over_alpha_theta,exploratory,0.6923295384382365
lab_subject_14,format_x_timing,engagement_pope_frontocentral_beta_over_alpha_theta,exploratory,-0.12668364961787748
lab_subject_15,format_x_timing,engagement_pope_frontocentral_beta_over_alpha_theta,exploratory,1.2195295931700751
lab_subject_16,format_x_timing,engagement_pope_frontocentral_beta_over_alpha_theta,exploratory,-0.9903273776636767
lab_subject_17,format_x_timing,engagement_pope_frontocentral_beta_over_alpha_theta,exploratory,-0.16191616142206244
lab_subject_18,format_x_timing,engagement_pope_frontocentral_beta_over_alpha_theta,exploratory,-2.0940781463230493
lab_subject_19,format_x_timing,engagement_pope_frontocentral_beta_over_alpha_theta,exploratory,0.38491247311986
lab_subject_2,format_x_timing,engagement_pope_frontocentral_beta_over_alpha_theta,exploratory,1.564292020615388
lab_subject_3,format_x_timing,engagement_pope_frontocentral_beta_over_alpha_theta,exploratory,-2.042620538452092
lab_subject_5,format_x_timing,engagement_pope_frontocentral_beta_over_alpha_theta,exploratory,0.3903731920764115
lab_subject_6,format_x_timing,engagement_pope_frontocentral_beta_over_alpha_theta,exploratory,0.22183631730408315
lab_subject_7,format_x_timing,engagement_pope_frontocentral_beta_over_alpha_theta,exploratory,2.8038187527787484
lab_subject_8,format_x_timing,engagement_pope_frontocentral_beta_over_alpha_theta,exploratory,0.1593022318398607
lab_subject_9,format_x_timing,engagement_pope_frontocentral_beta_over_alpha_theta,exploratory,1.6309439684332787
lab_subject_1,inline_early_vs_no_ad_early,engagement_kislov_central_beta16_24_over_alpha8_12,exploratory,-2.092624173682047
lab_subject_10,inline_early_vs_no_ad_early,engagement_kislov_central_beta16_24_over_alpha8_12,exploratory,0.23894918943322402
lab_subject_11,inline_early_vs_no_ad_early,engagement_kislov_central_beta16_24_over_alpha8_12,exploratory,0.43884948248530325
lab_subject_12,inline_early_vs_no_ad_early,engagement_kislov_central_beta16_24_over_alpha8_12,exploratory,0.01564053525236425
lab_subject_13,inline_early_vs_no_ad_early,engagement_kislov_central_beta16_24_over_alpha8_12,exploratory,-2.074850470914899
lab_subject_14,inline_early_vs_no_ad_early,engagement_kislov_central_beta16_24_over_alpha8_12,exploratory,0.38420440357758245
lab_subject_15,inline_early_vs_no_ad_early,engagement_kislov_central_beta16_24_over_alpha8_12,exploratory,-0.5438912001831515
lab_subject_16,inline_early_vs_no_ad_early,engagement_kislov_central_beta16_24_over_alpha8_12,exploratory,-0.37845146930740925
lab_subject_17,inline_early_vs_no_ad_early,engagement_kislov_central_beta16_24_over_alpha8_12,exploratory,-0.9875341306928972
lab_subject_18,inline_early_vs_no_ad_early,engagement_kislov_central_beta16_24_over_alpha8_12,exploratory,2.8832983703837467
lab_subject_19,inline_early_vs_no_ad_early,engagement_kislov_central_beta16_24_over_alpha8_12,exploratory,-0.4102653714175384
lab_subject_2,inline_early_vs_no_ad_early,engagement_kislov_central_beta16_24_over_alpha8_12,exploratory,0.781126624152389
lab_subject_3,inline_early_vs_no_ad_early,engagement_kislov_central_beta16_24_over_alpha8_12,exploratory,0.47068455561349687
lab_subject_5,inline_early_vs_no_ad_early,engagement_kislov_central_beta16_24_over_alpha8_12,exploratory,0.268465044607189
lab_subject_6,inline_early_vs_no_ad_early,engagement_kislov_central_beta16_24_over_alpha8_12,exploratory,-0.9465474430550922
lab_subject_7,inline_early_vs_no_ad_early,engagement_kislov_central_beta16_24_over_alpha8_12,exploratory,-0.9193807037580466
lab_subject_8,inline_early_vs_no_ad_early,engagement_kislov_central_beta16_24_over_alpha8_12,exploratory,-1.5656789522106922
lab_subject_9,inline_early_vs_no_ad_early,engagement_kislov_central_beta16_24_over_alpha8_12,exploratory,4.675860847290997
lab_subject_1,block_early_vs_no_ad_early,engagement_kislov_central_beta16_24_over_alpha8_12,exploratory,4.2085430515415805
lab_subject_10,block_early_vs_no_ad_early,engagement_kislov_central_beta16_24_over_alpha8_12,exploratory,0.21511483060126504
lab_subject_11,block_early_vs_no_ad_early,engagement_kislov_central_beta16_24_over_alpha8_12,exploratory,0.5460795403972777
lab_subject_12,block_early_vs_no_ad_early,engagement_kislov_central_beta16_24_over_alpha8_12,exploratory,-0.7332261542399293
lab_subject_13,block_early_vs_no_ad_early,engagement_kislov_central_beta16_24_over_alpha8_12,exploratory,-3.0949420356801896
lab_subject_14,block_early_vs_no_ad_early,engagement_kislov_central_beta16_24_over_alpha8_12,exploratory,-1.5768933463030728
lab_subject_15,block_early_vs_no_ad_early,engagement_kislov_central_beta16_24_over_alpha8_12,exploratory,-0.8991806899921017
lab_subject_16,block_early_vs_no_ad_early,engagement_kislov_central_beta16_24_over_alpha8_12,exploratory,0.6953115493005175
lab_subject_17,block_early_vs_no_ad_early,engagement_kislov_central_beta16_24_over_alpha8_12,exploratory,-0.27631128498599133
lab_subject_18,block_early_vs_no_ad_early,engagement_kislov_central_beta16_24_over_alpha8_12,exploratory,3.343954276648494
lab_subject_19,block_early_vs_no_ad_early,engagement_kislov_central_beta16_24_over_alpha8_12,exploratory,0.41037545639184847
lab_subject_2,block_early_vs_no_ad_early,engagement_kislov_central_beta16_24_over_alpha8_12,exploratory,0.10648638732409577
lab_subject_3,block_early_vs_no_ad_early,engagement_kislov_central_beta16_24_over_alpha8_12,exploratory,0.14974515286463597
lab_subject_5,block_early_vs_no_ad_early,engagement_kislov_central_beta16_24_over_alpha8_12,exploratory,-0.0348915627720483
lab_subject_6,block_early_vs_no_ad_early,engagement_kislov_central_beta16_24_over_alpha8_12,exploratory,1.375468274451983
lab_subject_7,block_early_vs_no_ad_early,engagement_kislov_central_beta16_24_over_alpha8_12,exploratory,-3.800340110552716
lab_subject_8,block_early_vs_no_ad_early,engagement_kislov_central_beta16_24_over_alpha8_12,exploratory,-1.032790509797605
lab_subject_9,block_early_vs_no_ad_early,engagement_kislov_central_beta16_24_over_alpha8_12,exploratory,0.33659551658596354
lab_subject_1,inline_late_vs_no_ad_late,engagement_kislov_central_beta16_24_over_alpha8_12,exploratory,4.320535147363138
lab_subject_10,inline_late_vs_no_ad_late,engagement_kislov_central_beta16_24_over_alpha8_12,exploratory,0.6833553918985794
lab_subject_11,inline_late_vs_no_ad_late,engagement_kislov_central_beta16_24_over_alpha8_12,exploratory,-0.012433231992344806
lab_subject_12,inline_late_vs_no_ad_late,engagement_kislov_central_beta16_24_over_alpha8_12,exploratory,-0.23488652690167033
lab_subject_13,inline_late_vs_no_ad_late,engagement_kislov_central_beta16_24_over_alpha8_12,exploratory,-0.5691712885912587
lab_subject_14,inline_late_vs_no_ad_late,engagement_kislov_central_beta16_24_over_alpha8_12,exploratory,0.007122356538542873
lab_subject_15,inline_late_vs_no_ad_late,engagement_kislov_central_beta16_24_over_alpha8_12,exploratory,-1.8265968395128902
lab_subject_16,inline_late_vs_no_ad_late,engagement_kislov_central_beta16_24_over_alpha8_12,exploratory,-2.6466670159253005
lab_subject_17,inline_late_vs_no_ad_late,engagement_kislov_central_beta16_24_over_alpha8_12,exploratory,-0.07639226525462273
lab_subject_18,inline_late_vs_no_ad_late,engagement_kislov_central_beta16_24_over_alpha8_12,exploratory,-1.5469316076718598
lab_subject_19,inline_late_vs_no_ad_late,engagement_kislov_central_beta16_24_over_alpha8_12,exploratory,-0.14207297383526712
lab_subject_2,inline_late_vs_no_ad_late,engagement_kislov_central_beta16_24_over_alpha8_12,exploratory,0.5858515591873277
lab_subject_3,inline_late_vs_no_ad_late,engagement_kislov_central_beta16_24_over_alpha8_12,exploratory,0.9379541717576441
lab_subject_5,inline_late_vs_no_ad_late,engagement_kislov_central_beta16_24_over_alpha8_12,exploratory,0.6106468461190151
lab_subject_6,inline_late_vs_no_ad_late,engagement_kislov_central_beta16_24_over_alpha8_12,exploratory,0.9800747418984697
lab_subject_7,inline_late_vs_no_ad_late,engagement_kislov_central_beta16_24_over_alpha8_12,exploratory,1.0119910205809541
lab_subject_8,inline_late_vs_no_ad_late,engagement_kislov_central_beta16_24_over_alpha8_12,exploratory,1.186469856054781
lab_subject_9,inline_late_vs_no_ad_late,engagement_kislov_central_beta16_24_over_alpha8_12,exploratory,-0.5983676423111071
lab_subject_1,block_late_vs_no_ad_late,engagement_kislov_central_beta16_24_over_alpha8_12,exploratory,-0.8748725333925913
lab_subject_10,block_late_vs_no_ad_late,engagement_kislov_central_beta16_24_over_alpha8_12,exploratory,0.4550858549933615
lab_subject_11,block_late_vs_no_ad_late,engagement_kislov_central_beta16_24_over_alpha8_12,exploratory,1.1428918609799124
lab_subject_12,block_late_vs_no_ad_late,engagement_kislov_central_beta16_24_over_alpha8_12,exploratory,0.5949535281521056
lab_subject_13,block_late_vs_no_ad_late,engagement_kislov_central_beta16_24_over_alpha8_12,exploratory,0.14256724056162207
lab_subject_14,block_late_vs_no_ad_late,engagement_kislov_central_beta16_24_over_alpha8_12,exploratory,0.8716659425292851
lab_subject_15,block_late_vs_no_ad_late,engagement_kislov_central_beta16_24_over_alpha8_12,exploratory,0.17064864191878704
lab_subject_16,block_late_vs_no_ad_late,engagement_kislov_central_beta16_24_over_alpha8_12,exploratory,-0.6803263568596916
lab_subject_17,block_late_vs_no_ad_late,engagement_kislov_central_beta16_24_over_alpha8_12,exploratory,0.016431117019684804
lab_subject_18,block_late_vs_no_ad_late,engagement_kislov_central_beta16_24_over_alpha8_12,exploratory,-2.131205115430619
lab_subject_19,block_late_vs_no_ad_late,engagement_kislov_central_beta16_24_over_alpha8_12,exploratory,0.031557992779789545
lab_subject_2,block_late_vs_no_ad_late,engagement_kislov_central_beta16_24_over_alpha8_12,exploratory,0.10430117828367047
lab_subject_3,block_late_vs_no_ad_late,engagement_kislov_central_beta16_24_over_alpha8_12,exploratory,-0.5954109516105304
lab_subject_5,block_late_vs_no_ad_late,engagement_kislov_central_beta16_24_over_alpha8_12,exploratory,1.0448730658052598
lab_subject_6,block_late_vs_no_ad_late,engagement_kislov_central_beta16_24_over_alpha8_12,exploratory,0.301905339072982
lab_subject_7,block_late_vs_no_ad_late,engagement_kislov_central_beta16_24_over_alpha8_12,exploratory,0.4463915399781855
lab_subject_8,block_late_vs_no_ad_late,engagement_kislov_central_beta16_24_over_alpha8_12,exploratory,1.1108411270532246
lab_subject_9,block_late_vs_no_ad_late,engagement_kislov_central_beta16_24_over_alpha8_12,exploratory,-0.2445171371365198
lab_subject_1,any_ad_vs_matched_no_ad,engagement_kislov_central_beta16_24_over_alpha8_12,exploratory,1.3903953729575202
lab_subject_10,any_ad_vs_matched_no_ad,engagement_kislov_central_beta16_24_over_alpha8_12,exploratory,0.3981263167316075
lab_subject_11,any_ad_vs_matched_no_ad,engagement_kislov_central_beta16_24_over_alpha8_12,exploratory,0.528846912967537
lab_subject_12,any_ad_vs_matched_no_ad,engagement_kislov_central_beta16_24_over_alpha8_12,exploratory,-0.08937965443428247
lab_subject_13,any_ad_vs_matched_no_ad,engagement_kislov_central_beta16_24_over_alpha8_12,exploratory,-1.3990991386561813
lab_subject_14,any_ad_vs_matched_no_ad,engagement_kislov_central_beta16_24_over_alpha8_12,exploratory,-0.07847516091441553
lab_subject_15,any_ad_vs_matched_no_ad,engagement_kislov_central_beta16_24_over_alpha8_12,exploratory,-0.7747550219423391
lab_subject_16,any_ad_vs_matched_no_ad,engagement_kislov_central_beta16_24_over_alpha8_12,exploratory,-0.752533323197971
lab_subject_17,any_ad_vs_matched_no_ad,engagement_kislov_central_beta16_24_over_alpha8_12,exploratory,-0.33095164097845664
lab_subject_18,any_ad_vs_matched_no_ad,engagement_kislov_central_beta16_24_over_alpha8_12,exploratory,0.6372789809824405
lab_subject_19,any_ad_vs_matched_no_ad,engagement_kislov_central_beta16_24_over_alpha8_12,exploratory,-0.027601224020291873
lab_subject_2,any_ad_vs_matched_no_ad,engagement_kislov_central_beta16_24_over_alpha8_12,exploratory,0.39444143723687064
lab_subject_3,any_ad_vs_matched_no_ad,engagement_kislov_central_beta16_24_over_alpha8_12,exploratory,0.24074323215631155
lab_subject_5,any_ad_vs_matched_no_ad,engagement_kislov_central_beta16_24_over_alpha8_12,exploratory,0.4722733484398539
lab_subject_6,any_ad_vs_matched_no_ad,engagement_kislov_central_beta16_24_over_alpha8_12,exploratory,0.42772522809208563
lab_subject_7,any_ad_vs_matched_no_ad,engagement_kislov_central_beta16_24_over_alpha8_12,exploratory,-0.8153345634379058
lab_subject_8,any_ad_vs_matched_no_ad,engagement_kislov_central_beta16_24_over_alpha8_12,exploratory,-0.07528961972507298
lab_subject_9,any_ad_vs_matched_no_ad,engagement_kislov_central_beta16_24_over_alpha8_12,exploratory,1.0423928961073332
lab_subject_1,inline_vs_block,engagement_kislov_central_beta16_24_over_alpha8_12,exploratory,-0.5528797722339491
lab_subject_10,inline_vs_block,engagement_kislov_central_beta16_24_over_alpha8_12,exploratory,0.12605194786858842
lab_subject_11,inline_vs_block,engagement_kislov_central_beta16_24_over_alpha8_12,exploratory,-0.6312775754421157
lab_subject_12,inline_vs_block,engagement_kislov_central_beta16_24_over_alpha8_12,exploratory,-0.04048668278074119
lab_subject_13,inline_vs_block,engagement_kislov_central_beta16_24_over_alpha8_12,exploratory,0.15417651780620473
lab_subject_14,inline_vs_block,engagement_kislov_central_beta16_24_over_alpha8_12,exploratory,0.5482770819449565
lab_subject_15,inline_vs_block,engagement_kislov_central_beta16_24_over_alpha8_12,exploratory,-0.8209779958113637
lab_subject_16,inline_vs_block,engagement_kislov_central_beta16_24_over_alpha8_12,exploratory,-1.5200518388367679
lab_subject_17,inline_vs_block,engagement_kislov_central_beta16_24_over_alpha8_12,exploratory,-0.4020231139906067
lab_subject_18,inline_vs_block,engagement_kislov_central_beta16_24_over_alpha8_12,exploratory,0.061808800747006176
lab_subject_19,inline_vs_block,engagement_kislov_central_beta16_24_over_alpha8_12,exploratory,-0.49713589721222173
lab_subject_2,inline_vs_block,engagement_kislov_central_beta16_24_over_alpha8_12,exploratory,0.5780953088659752
lab_subject_3,inline_vs_block,engagement_kislov_central_beta16_24_over_alpha8_12,exploratory,0.9271522630585176
lab_subject_5,inline_vs_block,engagement_kislov_central_beta16_24_over_alpha8_12,exploratory,-0.06543480615350372
lab_subject_6,inline_vs_block,engagement_kislov_central_beta16_24_over_alpha8_12,exploratory,-0.8219231573407938
lab_subject_7,inline_vs_block,engagement_kislov_central_beta16_24_over_alpha8_12,exploratory,1.723279443698719
lab_subject_8,inline_vs_block,engagement_kislov_central_beta16_24_over_alpha8_12,exploratory,-0.2286298567057654
lab_subject_9,inline_vs_block,engagement_kislov_central_beta16_24_over_alpha8_12,exploratory,1.9927074127652227
lab_subject_1,early_vs_late,engagement_kislov_central_beta16_24_over_alpha8_12,exploratory,2.7039411991919944
lab_subject_10,early_vs_late,engagement_kislov_central_beta16_24_over_alpha8_12,exploratory,-0.2747469047794237
lab_subject_11,early_vs_late,engagement_kislov_central_beta16_24_over_alpha8_12,exploratory,0.12268139668521594
lab_subject_12,early_vs_late,engagement_kislov_central_beta16_24_over_alpha8_12,exploratory,-0.4595052708703141
lab_subject_13,early_vs_late,engagement_kislov_central_beta16_24_over_alpha8_12,exploratory,0.054933785118554845
lab_subject_14,early_vs_late,engagement_kislov_central_beta16_24_over_alpha8_12,exploratory,-0.9809076562136264
lab_subject_15,early_vs_late,engagement_kislov_central_beta16_24_over_alpha8_12,exploratory,0.5329791276078957
lab_subject_16,early_vs_late,engagement_kislov_central_beta16_24_over_alpha8_12,exploratory,0.9666138466757082
lab_subject_17,early_vs_late,engagement_kislov_central_beta16_24_over_alpha8_12,exploratory,-0.4967114879274918
lab_subject_18,early_vs_late,engagement_kislov_central_beta16_24_over_alpha8_12,exploratory,0.9713506678617716
lab_subject_19,early_vs_late,engagement_kislov_central_beta16_24_over_alpha8_12,exploratory,-0.6660851693196012
lab_subject_2,early_vs_late,engagement_kislov_central_beta16_24_over_alpha8_12,exploratory,-0.3053749416292156
lab_subject_3,early_vs_late,engagement_kislov_central_beta16_24_over_alpha8_12,exploratory,0.0012979604369899311
lab_subject_5,early_vs_late,engagement_kislov_central_beta16_24_over_alpha8_12,exploratory,-0.8706869821636145
lab_subject_6,early_vs_late,engagement_kislov_central_beta16_24_over_alpha8_12,exploratory,0.7561796776794073
lab_subject_7,early_vs_late,engagement_kislov_central_beta16_24_over_alpha8_12,exploratory,-0.6478688145430942
lab_subject_8,early_vs_late,engagement_kislov_central_beta16_24_over_alpha8_12,exploratory,-1.2030641482916742
lab_subject_9,early_vs_late,engagement_kislov_central_beta16_24_over_alpha8_12,exploratory,3.666550602329507
lab_subject_1,format_x_timing,engagement_kislov_central_beta16_24_over_alpha8_12,exploratory,-11.496574905979358
lab_subject_10,format_x_timing,engagement_kislov_central_beta16_24_over_alpha8_12,exploratory,-0.20443517807325892
lab_subject_11,format_x_timing,engagement_kislov_central_beta16_24_over_alpha8_12,exploratory,1.0480950350602827
lab_subject_12,format_x_timing,engagement_kislov_central_beta16_24_over_alpha8_12,exploratory,1.5787067445460694
lab_subject_13,format_x_timing,engagement_kislov_central_beta16_24_over_alpha8_12,exploratory,1.731830093918171
lab_subject_14,format_x_timing,engagement_kislov_central_beta16_24_over_alpha8_12,exploratory,2.8256413358713974
lab_subject_15,format_x_timing,engagement_kislov_central_beta16_24_over_alpha8_12,exploratory,2.3525349712406274
lab_subject_16,format_x_timing,engagement_kislov_central_beta16_24_over_alpha8_12,exploratory,0.8925776404576822
lab_subject_17,format_x_timing,engagement_kislov_central_beta16_24_over_alpha8_12,exploratory,-0.6183994634325983
lab_subject_18,format_x_timing,engagement_kislov_central_beta16_24_over_alpha8_12,exploratory,-1.0449294140235064
lab_subject_19,format_x_timing,engagement_kislov_central_beta16_24_over_alpha8_12,exploratory,-0.6470098611943302
lab_subject_2,format_x_timing,engagement_kislov_central_beta16_24_over_alpha8_12,exploratory,0.193089855924636
lab_subject_3,format_x_timing,engagement_kislov_central_beta16_24_over_alpha8_12,exploratory,-1.2124257206193136
lab_subject_5,format_x_timing,engagement_kislov_central_beta16_24_over_alpha8_12,exploratory,0.7375828270654821
lab_subject_6,format_x_timing,engagement_kislov_central_beta16_24_over_alpha8_12,exploratory,-3.000185120332563
lab_subject_7,format_x_timing,engagement_kislov_central_beta16_24_over_alpha8_12,exploratory,2.315359926191901
lab_subject_8,format_x_timing,engagement_kislov_central_beta16_24_over_alpha8_12,exploratory,-0.6085171714146438
lab_subject_9,format_x_timing,engagement_kislov_central_beta16_24_over_alpha8_12,exploratory,4.6931158358796194
