subject_id,dataset,contrast_space,pair_id,condition_1,condition_2,feature,feature_tier,difference
lab_subject_1,dataset_b,delta_matched_control,inline_early__minus__inline_late,inline_early,inline_late,fz_theta_power_db_uv2,primary,1.527165783979994
lab_subject_10,dataset_b,delta_matched_control,inline_early__minus__inline_late,inline_early,inline_late,fz_theta_power_db_uv2,primary,7.627679134322368
lab_subject_11,dataset_b,delta_matched_control,inline_early__minus__inline_late,inline_early,inline_late,fz_theta_power_db_uv2,primary,-3.0570819561607987
lab_subject_12,dataset_b,delta_matched_control,inline_early__minus__inline_late,inline_early,inline_late,fz_theta_power_db_uv2,primary,0.5081610010108362
lab_subject_13,dataset_b,delta_matched_control,inline_early__minus__inline_late,inline_early,inline_late,fz_theta_power_db_uv2,primary,5.609800313190421
lab_subject_14,dataset_b,delta_matched_control,inline_early__minus__inline_late,inline_early,inline_late,fz_theta_power_db_uv2,primary,0.4370479601961197
lab_subject_15,dataset_b,delta_matched_control,inline_early__minus__inline_late,inline_early,inline_late,fz_theta_power_db_uv2,primary,2.1630843613419533
lab_subject_16,dataset_b,delta_matched_control,inline_early__minus__inline_late,inline_early,inline_late,fz_theta_power_db_uv2,primary,2.638949814512725
lab_subject_17,dataset_b,delta_matched_control,inline_early__minus__inline_late,inline_early,inline_late,fz_theta_power_db_uv2,primary,4.27842444444072
lab_subject_18,dataset_b,delta_matched_control,inline_early__minus__inline_late,inline_early,inline_late,fz_theta_power_db_uv2,primary,-0.5530418262085162
lab_subject_19,dataset_b,delta_matched_control,inline_early__minus__inline_late,inline_early,inline_late,fz_theta_power_db_uv2,primary,6.42538985850991
lab_subject_2,dataset_b,delta_matched_control,inline_early__minus__inline_late,inline_early,inline_late,fz_theta_power_db_uv2,primary,-1.2877957514429585
lab_subject_3,dataset_b,delta_matched_control,inline_early__minus__inline_late,inline_early,inline_late,fz_theta_power_db_uv2,primary,0.05081613807951513
lab_subject_5,dataset_b,delta_matched_control,inline_early__minus__inline_late,inline_early,inline_late,fz_theta_power_db_uv2,primary,6.573078287257188
lab_subject_6,dataset_b,delta_matched_control,inline_early__minus__inline_late,inline_early,inline_late,fz_theta_power_db_uv2,primary,1.3790297524640023
lab_subject_7,dataset_b,delta_matched_control,inline_early__minus__inline_late,inline_early,inline_late,fz_theta_power_db_uv2,primary,-5.220264449329283
lab_subject_8,dataset_b,delta_matched_control,inline_early__minus__inline_late,inline_early,inline_late,fz_theta_power_db_uv2,primary,5.685342879438145
lab_subject_9,dataset_b,delta_matched_control,inline_early__minus__inline_late,inline_early,inline_late,fz_theta_power_db_uv2,primary,1.0732281462194457
lab_subject_1,dataset_b,delta_matched_control,inline_early__minus__block_early,inline_early,block_early,fz_theta_power_db_uv2,primary,-3.545796715856924
lab_subject_10,dataset_b,delta_matched_control,inline_early__minus__block_early,inline_early,block_early,fz_theta_power_db_uv2,primary,1.399168855488174
lab_subject_11,dataset_b,delta_matched_control,inline_early__minus__block_early,inline_early,block_early,fz_theta_power_db_uv2,primary,-1.9498825869019738
lab_subject_12,dataset_b,delta_matched_control,inline_early__minus__block_early,inline_early,block_early,fz_theta_power_db_uv2,primary,-7.269255965106079
lab_subject_13,dataset_b,delta_matched_control,inline_early__minus__block_early,inline_early,block_early,fz_theta_power_db_uv2,primary,2.2294913874594755
lab_subject_14,dataset_b,delta_matched_control,inline_early__minus__block_early,inline_early,block_early,fz_theta_power_db_uv2,primary,-3.026289737772268
lab_subject_15,dataset_b,delta_matched_control,inline_early__minus__block_early,inline_early,block_early,fz_theta_power_db_uv2,primary,1.2303109010119906
lab_subject_16,dataset_b,delta_matched_control,inline_early__minus__block_early,inline_early,block_early,fz_theta_power_db_uv2,primary,-0.3199359352741331
lab_subject_17,dataset_b,delta_matched_control,inline_early__minus__block_early,inline_early,block_early,fz_theta_power_db_uv2,primary,0.5177130745008949
lab_subject_18,dataset_b,delta_matched_control,inline_early__minus__block_early,inline_early,block_early,fz_theta_power_db_uv2,primary,3.2054742784974772
lab_subject_19,dataset_b,delta_matched_control,inline_early__minus__block_early,inline_early,block_early,fz_theta_power_db_uv2,primary,1.1151970456651252
lab_subject_2,dataset_b,delta_matched_control,inline_early__minus__block_early,inline_early,block_early,fz_theta_power_db_uv2,primary,-6.1758450128556115
lab_subject_3,dataset_b,delta_matched_control,inline_early__minus__block_early,inline_early,block_early,fz_theta_power_db_uv2,primary,-2.412215193037781
lab_subject_5,dataset_b,delta_matched_control,inline_early__minus__block_early,inline_early,block_early,fz_theta_power_db_uv2,primary,7.228020140485431
lab_subject_6,dataset_b,delta_matched_control,inline_early__minus__block_early,inline_early,block_early,fz_theta_power_db_uv2,primary,3.782333645167431
lab_subject_7,dataset_b,delta_matched_control,inline_early__minus__block_early,inline_early,block_early,fz_theta_power_db_uv2,primary,-0.8823735757417672
lab_subject_8,dataset_b,delta_matched_control,inline_early__minus__block_early,inline_early,block_early,fz_theta_power_db_uv2,primary,-1.4424538853065059
lab_subject_9,dataset_b,delta_matched_control,inline_early__minus__block_early,inline_early,block_early,fz_theta_power_db_uv2,primary,4.050504150609853
lab_subject_1,dataset_b,delta_matched_control,inline_early__minus__block_late,inline_early,block_late,fz_theta_power_db_uv2,primary,-2.7099113568891795
lab_subject_10,dataset_b,delta_matched_control,inline_early__minus__block_late,inline_early,block_late,fz_theta_power_db_uv2,primary,5.862826949892711
lab_subject_11,dataset_b,delta_matched_control,inline_early__minus__block_late,inline_early,block_late,fz_theta_power_db_uv2,primary,-3.2996525383610003
lab_subject_12,dataset_b,delta_matched_control,inline_early__minus__block_late,inline_early,block_late,fz_theta_power_db_uv2,primary,-1.4324074143175052
lab_subject_13,dataset_b,delta_matched_control,inline_early__minus__block_late,inline_early,block_late,fz_theta_power_db_uv2,primary,3.129494988121338
lab_subject_14,dataset_b,delta_matched_control,inline_early__minus__block_late,inline_early,block_late,fz_theta_power_db_uv2,primary,-6.183404103141578
lab_subject_15,dataset_b,delta_matched_control,inline_early__minus__block_late,inline_early,block_late,fz_theta_power_db_uv2,primary,4.220964524068175
lab_subject_16,dataset_b,delta_matched_control,inline_early__minus__block_late,inline_early,block_late,fz_theta_power_db_uv2,primary,0.7056177463952646
lab_subject_17,dataset_b,delta_matched_control,inline_early__minus__block_late,inline_early,block_late,fz_theta_power_db_uv2,primary,4.283793068115398
lab_subject_18,dataset_b,delta_matched_control,inline_early__minus__block_late,inline_early,block_late,fz_theta_power_db_uv2,primary,2.480210792069159
lab_subject_19,dataset_b,delta_matched_control,inline_early__minus__block_late,inline_early,block_late,fz_theta_power_db_uv2,primary,2.780484202664807
lab_subject_2,dataset_b,delta_matched_control,inline_early__minus__block_late,inline_early,block_late,fz_theta_power_db_uv2,primary,-6.0837540044814435
lab_subject_3,dataset_b,delta_matched_control,inline_early__minus__block_late,inline_early,block_late,fz_theta_power_db_uv2,primary,0.08505358006907926
lab_subject_5,dataset_b,delta_matched_control,inline_early__minus__block_late,inline_early,block_late,fz_theta_power_db_uv2,primary,6.278659776283606
lab_subject_6,dataset_b,delta_matched_control,inline_early__minus__block_late,inline_early,block_late,fz_theta_power_db_uv2,primary,1.3433381187777949
lab_subject_7,dataset_b,delta_matched_control,inline_early__minus__block_late,inline_early,block_late,fz_theta_power_db_uv2,primary,-6.597605595135298
lab_subject_8,dataset_b,delta_matched_control,inline_early__minus__block_late,inline_early,block_late,fz_theta_power_db_uv2,primary,3.8762602693622306
lab_subject_9,dataset_b,delta_matched_control,inline_early__minus__block_late,inline_early,block_late,fz_theta_power_db_uv2,primary,4.4976308126038465
lab_subject_1,dataset_b,delta_matched_control,inline_late__minus__block_early,inline_late,block_early,fz_theta_power_db_uv2,primary,-5.072962499836918
lab_subject_10,dataset_b,delta_matched_control,inline_late__minus__block_early,inline_late,block_early,fz_theta_power_db_uv2,primary,-6.228510278834194
lab_subject_11,dataset_b,delta_matched_control,inline_late__minus__block_early,inline_late,block_early,fz_theta_power_db_uv2,primary,1.107199369258825
lab_subject_12,dataset_b,delta_matched_control,inline_late__minus__block_early,inline_late,block_early,fz_theta_power_db_uv2,primary,-7.777416966116915
lab_subject_13,dataset_b,delta_matched_control,inline_late__minus__block_early,inline_late,block_early,fz_theta_power_db_uv2,primary,-3.380308925730945
lab_subject_14,dataset_b,delta_matched_control,inline_late__minus__block_early,inline_late,block_early,fz_theta_power_db_uv2,primary,-3.4633376979683876
lab_subject_15,dataset_b,delta_matched_control,inline_late__minus__block_early,inline_late,block_early,fz_theta_power_db_uv2,primary,-0.9327734603299627
lab_subject_16,dataset_b,delta_matched_control,inline_late__minus__block_early,inline_late,block_early,fz_theta_power_db_uv2,primary,-2.9588857497868584
lab_subject_17,dataset_b,delta_matched_control,inline_late__minus__block_early,inline_late,block_early,fz_theta_power_db_uv2,primary,-3.760711369939825
lab_subject_18,dataset_b,delta_matched_control,inline_late__minus__block_early,inline_late,block_early,fz_theta_power_db_uv2,primary,3.7585161047059934
lab_subject_19,dataset_b,delta_matched_control,inline_late__minus__block_early,inline_late,block_early,fz_theta_power_db_uv2,primary,-5.310192812844785
lab_subject_2,dataset_b,delta_matched_control,inline_late__minus__block_early,inline_late,block_early,fz_theta_power_db_uv2,primary,-4.888049261412653
lab_subject_3,dataset_b,delta_matched_control,inline_late__minus__block_early,inline_late,block_early,fz_theta_power_db_uv2,primary,-2.463031331117296
lab_subject_5,dataset_b,delta_matched_control,inline_late__minus__block_early,inline_late,block_early,fz_theta_power_db_uv2,primary,0.6549418532282436
lab_subject_6,dataset_b,delta_matched_control,inline_late__minus__block_early,inline_late,block_early,fz_theta_power_db_uv2,primary,2.4033038927034287
lab_subject_7,dataset_b,delta_matched_control,inline_late__minus__block_early,inline_late,block_early,fz_theta_power_db_uv2,primary,4.337890873587517
lab_subject_8,dataset_b,delta_matched_control,inline_late__minus__block_early,inline_late,block_early,fz_theta_power_db_uv2,primary,-7.127796764744651
lab_subject_9,dataset_b,delta_matched_control,inline_late__minus__block_early,inline_late,block_early,fz_theta_power_db_uv2,primary,2.977276004390407
lab_subject_1,dataset_b,delta_matched_control,inline_late__minus__block_late,inline_late,block_late,fz_theta_power_db_uv2,primary,-4.237077140869173
lab_subject_10,dataset_b,delta_matched_control,inline_late__minus__block_late,inline_late,block_late,fz_theta_power_db_uv2,primary,-1.7648521844296567
lab_subject_11,dataset_b,delta_matched_control,inline_late__minus__block_late,inline_late,block_late,fz_theta_power_db_uv2,primary,-0.24257058220020156
lab_subject_12,dataset_b,delta_matched_control,inline_late__minus__block_late,inline_late,block_late,fz_theta_power_db_uv2,primary,-1.9405684153283413
lab_subject_13,dataset_b,delta_matched_control,inline_late__minus__block_late,inline_late,block_late,fz_theta_power_db_uv2,primary,-2.4803053250690827
lab_subject_14,dataset_b,delta_matched_control,inline_late__minus__block_late,inline_late,block_late,fz_theta_power_db_uv2,primary,-6.620452063337698
lab_subject_15,dataset_b,delta_matched_control,inline_late__minus__block_late,inline_late,block_late,fz_theta_power_db_uv2,primary,2.0578801627262218
lab_subject_16,dataset_b,delta_matched_control,inline_late__minus__block_late,inline_late,block_late,fz_theta_power_db_uv2,primary,-1.9333320681174606
lab_subject_17,dataset_b,delta_matched_control,inline_late__minus__block_late,inline_late,block_late,fz_theta_power_db_uv2,primary,0.0053686236746779414
lab_subject_18,dataset_b,delta_matched_control,inline_late__minus__block_late,inline_late,block_late,fz_theta_power_db_uv2,primary,3.0332526182776753
lab_subject_19,dataset_b,delta_matched_control,inline_late__minus__block_late,inline_late,block_late,fz_theta_power_db_uv2,primary,-3.644905655845103
lab_subject_2,dataset_b,delta_matched_control,inline_late__minus__block_late,inline_late,block_late,fz_theta_power_db_uv2,primary,-4.795958253038485
lab_subject_3,dataset_b,delta_matched_control,inline_late__minus__block_late,inline_late,block_late,fz_theta_power_db_uv2,primary,0.03423744198956413
lab_subject_5,dataset_b,delta_matched_control,inline_late__minus__block_late,inline_late,block_late,fz_theta_power_db_uv2,primary,-0.29441851097358196
lab_subject_6,dataset_b,delta_matched_control,inline_late__minus__block_late,inline_late,block_late,fz_theta_power_db_uv2,primary,-0.035691633686207425
lab_subject_7,dataset_b,delta_matched_control,inline_late__minus__block_late,inline_late,block_late,fz_theta_power_db_uv2,primary,-1.3773411458060143
lab_subject_8,dataset_b,delta_matched_control,inline_late__minus__block_late,inline_late,block_late,fz_theta_power_db_uv2,primary,-1.8090826100759143
lab_subject_9,dataset_b,delta_matched_control,inline_late__minus__block_late,inline_late,block_late,fz_theta_power_db_uv2,primary,3.4244026663844007
lab_subject_1,dataset_b,delta_matched_control,block_early__minus__block_late,block_early,block_late,fz_theta_power_db_uv2,primary,0.8358853589677446
lab_subject_10,dataset_b,delta_matched_control,block_early__minus__block_late,block_early,block_late,fz_theta_power_db_uv2,primary,4.463658094404537
lab_subject_11,dataset_b,delta_matched_control,block_early__minus__block_late,block_early,block_late,fz_theta_power_db_uv2,primary,-1.3497699514590265
lab_subject_12,dataset_b,delta_matched_control,block_early__minus__block_late,block_early,block_late,fz_theta_power_db_uv2,primary,5.836848550788574
lab_subject_13,dataset_b,delta_matched_control,block_early__minus__block_late,block_early,block_late,fz_theta_power_db_uv2,primary,0.9000036006618624
lab_subject_14,dataset_b,delta_matched_control,block_early__minus__block_late,block_early,block_late,fz_theta_power_db_uv2,primary,-3.1571143653693103
lab_subject_15,dataset_b,delta_matched_control,block_early__minus__block_late,block_early,block_late,fz_theta_power_db_uv2,primary,2.9906536230561844
lab_subject_16,dataset_b,delta_matched_control,block_early__minus__block_late,block_early,block_late,fz_theta_power_db_uv2,primary,1.0255536816693978
lab_subject_17,dataset_b,delta_matched_control,block_early__minus__block_late,block_early,block_late,fz_theta_power_db_uv2,primary,3.766079993614503
lab_subject_18,dataset_b,delta_matched_control,block_early__minus__block_late,block_early,block_late,fz_theta_power_db_uv2,primary,-0.7252634864283181
lab_subject_19,dataset_b,delta_matched_control,block_early__minus__block_late,block_early,block_late,fz_theta_power_db_uv2,primary,1.6652871569996819
lab_subject_2,dataset_b,delta_matched_control,block_early__minus__block_late,block_early,block_late,fz_theta_power_db_uv2,primary,0.09209100837416795
lab_subject_3,dataset_b,delta_matched_control,block_early__minus__block_late,block_early,block_late,fz_theta_power_db_uv2,primary,2.4972687731068604
lab_subject_5,dataset_b,delta_matched_control,block_early__minus__block_late,block_early,block_late,fz_theta_power_db_uv2,primary,-0.9493603642018256
lab_subject_6,dataset_b,delta_matched_control,block_early__minus__block_late,block_early,block_late,fz_theta_power_db_uv2,primary,-2.438995526389636
lab_subject_7,dataset_b,delta_matched_control,block_early__minus__block_late,block_early,block_late,fz_theta_power_db_uv2,primary,-5.715232019393531
lab_subject_8,dataset_b,delta_matched_control,block_early__minus__block_late,block_early,block_late,fz_theta_power_db_uv2,primary,5.318714154668736
lab_subject_9,dataset_b,delta_matched_control,block_early__minus__block_late,block_early,block_late,fz_theta_power_db_uv2,primary,0.44712666199399376
lab_subject_1,dataset_b,raw_post_minus_pre,inline_early__minus__inline_late,inline_early,inline_late,fz_theta_power_db_uv2,primary,-0.22933042549917193
lab_subject_10,dataset_b,raw_post_minus_pre,inline_early__minus__inline_late,inline_early,inline_late,fz_theta_power_db_uv2,primary,5.796655632454465
lab_subject_11,dataset_b,raw_post_minus_pre,inline_early__minus__inline_late,inline_early,inline_late,fz_theta_power_db_uv2,primary,-0.7140571325979446
lab_subject_12,dataset_b,raw_post_minus_pre,inline_early__minus__inline_late,inline_early,inline_late,fz_theta_power_db_uv2,primary,-2.44380952444328
lab_subject_13,dataset_b,raw_post_minus_pre,inline_early__minus__inline_late,inline_early,inline_late,fz_theta_power_db_uv2,primary,3.773693612770558
lab_subject_14,dataset_b,raw_post_minus_pre,inline_early__minus__inline_late,inline_early,inline_late,fz_theta_power_db_uv2,primary,1.4264110323244328
lab_subject_15,dataset_b,raw_post_minus_pre,inline_early__minus__inline_late,inline_early,inline_late,fz_theta_power_db_uv2,primary,1.311235135638327
lab_subject_16,dataset_b,raw_post_minus_pre,inline_early__minus__inline_late,inline_early,inline_late,fz_theta_power_db_uv2,primary,-1.1015382650900356
lab_subject_17,dataset_b,raw_post_minus_pre,inline_early__minus__inline_late,inline_early,inline_late,fz_theta_power_db_uv2,primary,1.5793900517382689
lab_subject_18,dataset_b,raw_post_minus_pre,inline_early__minus__inline_late,inline_early,inline_late,fz_theta_power_db_uv2,primary,-2.3002489902775993
lab_subject_19,dataset_b,raw_post_minus_pre,inline_early__minus__inline_late,inline_early,inline_late,fz_theta_power_db_uv2,primary,4.16718685702982
lab_subject_2,dataset_b,raw_post_minus_pre,inline_early__minus__inline_late,inline_early,inline_late,fz_theta_power_db_uv2,primary,-0.3040324764367863
lab_subject_3,dataset_b,raw_post_minus_pre,inline_early__minus__inline_late,inline_early,inline_late,fz_theta_power_db_uv2,primary,1.768438089391517
lab_subject_5,dataset_b,raw_post_minus_pre,inline_early__minus__inline_late,inline_early,inline_late,fz_theta_power_db_uv2,primary,3.3921403417065603
lab_subject_6,dataset_b,raw_post_minus_pre,inline_early__minus__inline_late,inline_early,inline_late,fz_theta_power_db_uv2,primary,1.3462694387435592
lab_subject_7,dataset_b,raw_post_minus_pre,inline_early__minus__inline_late,inline_early,inline_late,fz_theta_power_db_uv2,primary,0.180037422637217
lab_subject_8,dataset_b,raw_post_minus_pre,inline_early__minus__inline_late,inline_early,inline_late,fz_theta_power_db_uv2,primary,4.597668904373717
lab_subject_9,dataset_b,raw_post_minus_pre,inline_early__minus__inline_late,inline_early,inline_late,fz_theta_power_db_uv2,primary,-0.009411895651216362
lab_subject_1,dataset_b,raw_post_minus_pre,inline_early__minus__block_early,inline_early,block_early,fz_theta_power_db_uv2,primary,-3.545796715856924
lab_subject_10,dataset_b,raw_post_minus_pre,inline_early__minus__block_early,inline_early,block_early,fz_theta_power_db_uv2,primary,1.399168855488174
lab_subject_11,dataset_b,raw_post_minus_pre,inline_early__minus__block_early,inline_early,block_early,fz_theta_power_db_uv2,primary,-1.9498825869019738
lab_subject_12,dataset_b,raw_post_minus_pre,inline_early__minus__block_early,inline_early,block_early,fz_theta_power_db_uv2,primary,-7.269255965106079
lab_subject_13,dataset_b,raw_post_minus_pre,inline_early__minus__block_early,inline_early,block_early,fz_theta_power_db_uv2,primary,2.2294913874594755
lab_subject_14,dataset_b,raw_post_minus_pre,inline_early__minus__block_early,inline_early,block_early,fz_theta_power_db_uv2,primary,-3.026289737772268
lab_subject_15,dataset_b,raw_post_minus_pre,inline_early__minus__block_early,inline_early,block_early,fz_theta_power_db_uv2,primary,1.2303109010119906
lab_subject_16,dataset_b,raw_post_minus_pre,inline_early__minus__block_early,inline_early,block_early,fz_theta_power_db_uv2,primary,-0.3199359352741331
lab_subject_17,dataset_b,raw_post_minus_pre,inline_early__minus__block_early,inline_early,block_early,fz_theta_power_db_uv2,primary,0.5177130745008949
lab_subject_18,dataset_b,raw_post_minus_pre,inline_early__minus__block_early,inline_early,block_early,fz_theta_power_db_uv2,primary,3.2054742784974772
lab_subject_19,dataset_b,raw_post_minus_pre,inline_early__minus__block_early,inline_early,block_early,fz_theta_power_db_uv2,primary,1.1151970456651252
lab_subject_2,dataset_b,raw_post_minus_pre,inline_early__minus__block_early,inline_early,block_early,fz_theta_power_db_uv2,primary,-6.1758450128556115
lab_subject_3,dataset_b,raw_post_minus_pre,inline_early__minus__block_early,inline_early,block_early,fz_theta_power_db_uv2,primary,-2.412215193037781
lab_subject_5,dataset_b,raw_post_minus_pre,inline_early__minus__block_early,inline_early,block_early,fz_theta_power_db_uv2,primary,7.228020140485431
lab_subject_6,dataset_b,raw_post_minus_pre,inline_early__minus__block_early,inline_early,block_early,fz_theta_power_db_uv2,primary,3.782333645167431
lab_subject_7,dataset_b,raw_post_minus_pre,inline_early__minus__block_early,inline_early,block_early,fz_theta_power_db_uv2,primary,-0.8823735757417674
lab_subject_8,dataset_b,raw_post_minus_pre,inline_early__minus__block_early,inline_early,block_early,fz_theta_power_db_uv2,primary,-1.4424538853065059
lab_subject_9,dataset_b,raw_post_minus_pre,inline_early__minus__block_early,inline_early,block_early,fz_theta_power_db_uv2,primary,4.050504150609853
lab_subject_1,dataset_b,raw_post_minus_pre,inline_early__minus__block_late,inline_early,block_late,fz_theta_power_db_uv2,primary,-4.466407566368345
lab_subject_10,dataset_b,raw_post_minus_pre,inline_early__minus__block_late,inline_early,block_late,fz_theta_power_db_uv2,primary,4.031803448024808
lab_subject_11,dataset_b,raw_post_minus_pre,inline_early__minus__block_late,inline_early,block_late,fz_theta_power_db_uv2,primary,-0.9566277147981461
lab_subject_12,dataset_b,raw_post_minus_pre,inline_early__minus__block_late,inline_early,block_late,fz_theta_power_db_uv2,primary,-4.384377939771621
lab_subject_13,dataset_b,raw_post_minus_pre,inline_early__minus__block_late,inline_early,block_late,fz_theta_power_db_uv2,primary,1.2933882877014753
lab_subject_14,dataset_b,raw_post_minus_pre,inline_early__minus__block_late,inline_early,block_late,fz_theta_power_db_uv2,primary,-5.194041031013265
lab_subject_15,dataset_b,raw_post_minus_pre,inline_early__minus__block_late,inline_early,block_late,fz_theta_power_db_uv2,primary,3.3691152983645485
lab_subject_16,dataset_b,raw_post_minus_pre,inline_early__minus__block_late,inline_early,block_late,fz_theta_power_db_uv2,primary,-3.034870333207496
lab_subject_17,dataset_b,raw_post_minus_pre,inline_early__minus__block_late,inline_early,block_late,fz_theta_power_db_uv2,primary,1.5847586754129468
lab_subject_18,dataset_b,raw_post_minus_pre,inline_early__minus__block_late,inline_early,block_late,fz_theta_power_db_uv2,primary,0.733003628000076
lab_subject_19,dataset_b,raw_post_minus_pre,inline_early__minus__block_late,inline_early,block_late,fz_theta_power_db_uv2,primary,0.5222812011847164
lab_subject_2,dataset_b,raw_post_minus_pre,inline_early__minus__block_late,inline_early,block_late,fz_theta_power_db_uv2,primary,-5.099990729475271
lab_subject_3,dataset_b,raw_post_minus_pre,inline_early__minus__block_late,inline_early,block_late,fz_theta_power_db_uv2,primary,1.8026755313810812
lab_subject_5,dataset_b,raw_post_minus_pre,inline_early__minus__block_late,inline_early,block_late,fz_theta_power_db_uv2,primary,3.0977218307329784
lab_subject_6,dataset_b,raw_post_minus_pre,inline_early__minus__block_late,inline_early,block_late,fz_theta_power_db_uv2,primary,1.3105778050573518
lab_subject_7,dataset_b,raw_post_minus_pre,inline_early__minus__block_late,inline_early,block_late,fz_theta_power_db_uv2,primary,-1.197303723168797
lab_subject_8,dataset_b,raw_post_minus_pre,inline_early__minus__block_late,inline_early,block_late,fz_theta_power_db_uv2,primary,2.7885862942978026
lab_subject_9,dataset_b,raw_post_minus_pre,inline_early__minus__block_late,inline_early,block_late,fz_theta_power_db_uv2,primary,3.4149907707331844
lab_subject_1,dataset_b,raw_post_minus_pre,inline_late__minus__block_early,inline_late,block_early,fz_theta_power_db_uv2,primary,-3.316466290357752
lab_subject_10,dataset_b,raw_post_minus_pre,inline_late__minus__block_early,inline_late,block_early,fz_theta_power_db_uv2,primary,-4.397486776966291
lab_subject_11,dataset_b,raw_post_minus_pre,inline_late__minus__block_early,inline_late,block_early,fz_theta_power_db_uv2,primary,-1.2358254543040292
lab_subject_12,dataset_b,raw_post_minus_pre,inline_late__minus__block_early,inline_late,block_early,fz_theta_power_db_uv2,primary,-4.825446440662799
lab_subject_13,dataset_b,raw_post_minus_pre,inline_late__minus__block_early,inline_late,block_early,fz_theta_power_db_uv2,primary,-1.5442022253110825
lab_subject_14,dataset_b,raw_post_minus_pre,inline_late__minus__block_early,inline_late,block_early,fz_theta_power_db_uv2,primary,-4.452700770096701
lab_subject_15,dataset_b,raw_post_minus_pre,inline_late__minus__block_early,inline_late,block_early,fz_theta_power_db_uv2,primary,-0.08092423462633636
lab_subject_16,dataset_b,raw_post_minus_pre,inline_late__minus__block_early,inline_late,block_early,fz_theta_power_db_uv2,primary,0.7816023298159025
lab_subject_17,dataset_b,raw_post_minus_pre,inline_late__minus__block_early,inline_late,block_early,fz_theta_power_db_uv2,primary,-1.061676977237374
lab_subject_18,dataset_b,raw_post_minus_pre,inline_late__minus__block_early,inline_late,block_early,fz_theta_power_db_uv2,primary,5.505723268775077
lab_subject_19,dataset_b,raw_post_minus_pre,inline_late__minus__block_early,inline_late,block_early,fz_theta_power_db_uv2,primary,-3.0519898113646944
lab_subject_2,dataset_b,raw_post_minus_pre,inline_late__minus__block_early,inline_late,block_early,fz_theta_power_db_uv2,primary,-5.871812536418825
lab_subject_3,dataset_b,raw_post_minus_pre,inline_late__minus__block_early,inline_late,block_early,fz_theta_power_db_uv2,primary,-4.180653282429298
lab_subject_5,dataset_b,raw_post_minus_pre,inline_late__minus__block_early,inline_late,block_early,fz_theta_power_db_uv2,primary,3.835879798778871
lab_subject_6,dataset_b,raw_post_minus_pre,inline_late__minus__block_early,inline_late,block_early,fz_theta_power_db_uv2,primary,2.436064206423872
lab_subject_7,dataset_b,raw_post_minus_pre,inline_late__minus__block_early,inline_late,block_early,fz_theta_power_db_uv2,primary,-1.0624109983789845
lab_subject_8,dataset_b,raw_post_minus_pre,inline_late__minus__block_early,inline_late,block_early,fz_theta_power_db_uv2,primary,-6.040122789680223
lab_subject_9,dataset_b,raw_post_minus_pre,inline_late__minus__block_early,inline_late,block_early,fz_theta_power_db_uv2,primary,4.059916046261069
lab_subject_1,dataset_b,raw_post_minus_pre,inline_late__minus__block_late,inline_late,block_late,fz_theta_power_db_uv2,primary,-4.237077140869173
lab_subject_10,dataset_b,raw_post_minus_pre,inline_late__minus__block_late,inline_late,block_late,fz_theta_power_db_uv2,primary,-1.7648521844296567
lab_subject_11,dataset_b,raw_post_minus_pre,inline_late__minus__block_late,inline_late,block_late,fz_theta_power_db_uv2,primary,-0.24257058220020156
lab_subject_12,dataset_b,raw_post_minus_pre,inline_late__minus__block_late,inline_late,block_late,fz_theta_power_db_uv2,primary,-1.9405684153283413
lab_subject_13,dataset_b,raw_post_minus_pre,inline_late__minus__block_late,inline_late,block_late,fz_theta_power_db_uv2,primary,-2.4803053250690827
lab_subject_14,dataset_b,raw_post_minus_pre,inline_late__minus__block_late,inline_late,block_late,fz_theta_power_db_uv2,primary,-6.620452063337698
lab_subject_15,dataset_b,raw_post_minus_pre,inline_late__minus__block_late,inline_late,block_late,fz_theta_power_db_uv2,primary,2.0578801627262218
lab_subject_16,dataset_b,raw_post_minus_pre,inline_late__minus__block_late,inline_late,block_late,fz_theta_power_db_uv2,primary,-1.9333320681174606
lab_subject_17,dataset_b,raw_post_minus_pre,inline_late__minus__block_late,inline_late,block_late,fz_theta_power_db_uv2,primary,0.0053686236746779414
lab_subject_18,dataset_b,raw_post_minus_pre,inline_late__minus__block_late,inline_late,block_late,fz_theta_power_db_uv2,primary,3.0332526182776753
lab_subject_19,dataset_b,raw_post_minus_pre,inline_late__minus__block_late,inline_late,block_late,fz_theta_power_db_uv2,primary,-3.644905655845103
lab_subject_2,dataset_b,raw_post_minus_pre,inline_late__minus__block_late,inline_late,block_late,fz_theta_power_db_uv2,primary,-4.795958253038485
lab_subject_3,dataset_b,raw_post_minus_pre,inline_late__minus__block_late,inline_late,block_late,fz_theta_power_db_uv2,primary,0.03423744198956413
lab_subject_5,dataset_b,raw_post_minus_pre,inline_late__minus__block_late,inline_late,block_late,fz_theta_power_db_uv2,primary,-0.29441851097358196
lab_subject_6,dataset_b,raw_post_minus_pre,inline_late__minus__block_late,inline_late,block_late,fz_theta_power_db_uv2,primary,-0.035691633686207425
lab_subject_7,dataset_b,raw_post_minus_pre,inline_late__minus__block_late,inline_late,block_late,fz_theta_power_db_uv2,primary,-1.377341145806014
lab_subject_8,dataset_b,raw_post_minus_pre,inline_late__minus__block_late,inline_late,block_late,fz_theta_power_db_uv2,primary,-1.8090826100759143
lab_subject_9,dataset_b,raw_post_minus_pre,inline_late__minus__block_late,inline_late,block_late,fz_theta_power_db_uv2,primary,3.4244026663844007
lab_subject_1,dataset_b,raw_post_minus_pre,block_early__minus__block_late,block_early,block_late,fz_theta_power_db_uv2,primary,-0.9206108505114212
lab_subject_10,dataset_b,raw_post_minus_pre,block_early__minus__block_late,block_early,block_late,fz_theta_power_db_uv2,primary,2.6326345925366343
lab_subject_11,dataset_b,raw_post_minus_pre,block_early__minus__block_late,block_early,block_late,fz_theta_power_db_uv2,primary,0.9932548721038277
lab_subject_12,dataset_b,raw_post_minus_pre,block_early__minus__block_late,block_early,block_late,fz_theta_power_db_uv2,primary,2.8848780253344577
lab_subject_13,dataset_b,raw_post_minus_pre,block_early__minus__block_late,block_early,block_late,fz_theta_power_db_uv2,primary,-0.9361030997580002
lab_subject_14,dataset_b,raw_post_minus_pre,block_early__minus__block_late,block_early,block_late,fz_theta_power_db_uv2,primary,-2.1677512932409972
lab_subject_15,dataset_b,raw_post_minus_pre,block_early__minus__block_late,block_early,block_late,fz_theta_power_db_uv2,primary,2.138804397352558
lab_subject_16,dataset_b,raw_post_minus_pre,block_early__minus__block_late,block_early,block_late,fz_theta_power_db_uv2,primary,-2.714934397933363
lab_subject_17,dataset_b,raw_post_minus_pre,block_early__minus__block_late,block_early,block_late,fz_theta_power_db_uv2,primary,1.067045600912052
lab_subject_18,dataset_b,raw_post_minus_pre,block_early__minus__block_late,block_early,block_late,fz_theta_power_db_uv2,primary,-2.4724706504974012
lab_subject_19,dataset_b,raw_post_minus_pre,block_early__minus__block_late,block_early,block_late,fz_theta_power_db_uv2,primary,-0.5929158444804088
lab_subject_2,dataset_b,raw_post_minus_pre,block_early__minus__block_late,block_early,block_late,fz_theta_power_db_uv2,primary,1.0758542833803402
lab_subject_3,dataset_b,raw_post_minus_pre,block_early__minus__block_late,block_early,block_late,fz_theta_power_db_uv2,primary,4.214890724418862
lab_subject_5,dataset_b,raw_post_minus_pre,block_early__minus__block_late,block_early,block_late,fz_theta_power_db_uv2,primary,-4.130298309752453
lab_subject_6,dataset_b,raw_post_minus_pre,block_early__minus__block_late,block_early,block_late,fz_theta_power_db_uv2,primary,-2.471755840110079
lab_subject_7,dataset_b,raw_post_minus_pre,block_early__minus__block_late,block_early,block_late,fz_theta_power_db_uv2,primary,-0.3149301474270296
lab_subject_8,dataset_b,raw_post_minus_pre,block_early__minus__block_late,block_early,block_late,fz_theta_power_db_uv2,primary,4.2310401796043084
lab_subject_9,dataset_b,raw_post_minus_pre,block_early__minus__block_late,block_early,block_late,fz_theta_power_db_uv2,primary,-0.6355133798766683
lab_subject_1,dataset_b,delta_matched_control,inline_early__minus__inline_late,inline_early,inline_late,posterior_alpha_power_db_uv2,primary,4.2766215495217095
lab_subject_10,dataset_b,delta_matched_control,inline_early__minus__inline_late,inline_early,inline_late,posterior_alpha_power_db_uv2,primary,2.29957077626642
lab_subject_11,dataset_b,delta_matched_control,inline_early__minus__inline_late,inline_early,inline_late,posterior_alpha_power_db_uv2,primary,-5.65745636544644
lab_subject_12,dataset_b,delta_matched_control,inline_early__minus__inline_late,inline_early,inline_late,posterior_alpha_power_db_uv2,primary,8.207196113295915
lab_subject_13,dataset_b,delta_matched_control,inline_early__minus__inline_late,inline_early,inline_late,posterior_alpha_power_db_uv2,primary,-10.688802614753104
lab_subject_14,dataset_b,delta_matched_control,inline_early__minus__inline_late,inline_early,inline_late,posterior_alpha_power_db_uv2,primary,-5.422804948240543
lab_subject_15,dataset_b,delta_matched_control,inline_early__minus__inline_late,inline_early,inline_late,posterior_alpha_power_db_uv2,primary,3.8889576303950983
lab_subject_16,dataset_b,delta_matched_control,inline_early__minus__inline_late,inline_early,inline_late,posterior_alpha_power_db_uv2,primary,-0.9571398205384778
lab_subject_17,dataset_b,delta_matched_control,inline_early__minus__inline_late,inline_early,inline_late,posterior_alpha_power_db_uv2,primary,6.917645763709929
lab_subject_18,dataset_b,delta_matched_control,inline_early__minus__inline_late,inline_early,inline_late,posterior_alpha_power_db_uv2,primary,-1.299920749101903
lab_subject_19,dataset_b,delta_matched_control,inline_early__minus__inline_late,inline_early,inline_late,posterior_alpha_power_db_uv2,primary,7.650298529113934
lab_subject_2,dataset_b,delta_matched_control,inline_early__minus__inline_late,inline_early,inline_late,posterior_alpha_power_db_uv2,primary,1.1228842192948942
lab_subject_3,dataset_b,delta_matched_control,inline_early__minus__inline_late,inline_early,inline_late,posterior_alpha_power_db_uv2,primary,0.42787178349114896
lab_subject_5,dataset_b,delta_matched_control,inline_early__minus__inline_late,inline_early,inline_late,posterior_alpha_power_db_uv2,primary,3.5065418125890853
lab_subject_6,dataset_b,delta_matched_control,inline_early__minus__inline_late,inline_early,inline_late,posterior_alpha_power_db_uv2,primary,4.202377682217407
lab_subject_7,dataset_b,delta_matched_control,inline_early__minus__inline_late,inline_early,inline_late,posterior_alpha_power_db_uv2,primary,4.0220315533945445
lab_subject_8,dataset_b,delta_matched_control,inline_early__minus__inline_late,inline_early,inline_late,posterior_alpha_power_db_uv2,primary,6.218712080367002
lab_subject_9,dataset_b,delta_matched_control,inline_early__minus__inline_late,inline_early,inline_late,posterior_alpha_power_db_uv2,primary,-0.7906301883441138
lab_subject_1,dataset_b,delta_matched_control,inline_early__minus__block_early,inline_early,block_early,posterior_alpha_power_db_uv2,primary,4.059257700292485
lab_subject_10,dataset_b,delta_matched_control,inline_early__minus__block_early,inline_early,block_early,posterior_alpha_power_db_uv2,primary,-0.03856193032470312
lab_subject_11,dataset_b,delta_matched_control,inline_early__minus__block_early,inline_early,block_early,posterior_alpha_power_db_uv2,primary,-5.8441388095075775
lab_subject_12,dataset_b,delta_matched_control,inline_early__minus__block_early,inline_early,block_early,posterior_alpha_power_db_uv2,primary,-3.323741982136049
lab_subject_13,dataset_b,delta_matched_control,inline_early__minus__block_early,inline_early,block_early,posterior_alpha_power_db_uv2,primary,-3.8035166966892557
lab_subject_14,dataset_b,delta_matched_control,inline_early__minus__block_early,inline_early,block_early,posterior_alpha_power_db_uv2,primary,-5.78831658800099
lab_subject_15,dataset_b,delta_matched_control,inline_early__minus__block_early,inline_early,block_early,posterior_alpha_power_db_uv2,primary,1.693824469673028
lab_subject_16,dataset_b,delta_matched_control,inline_early__minus__block_early,inline_early,block_early,posterior_alpha_power_db_uv2,primary,-0.2580035420795781
lab_subject_17,dataset_b,delta_matched_control,inline_early__minus__block_early,inline_early,block_early,posterior_alpha_power_db_uv2,primary,-0.43934212239317905
lab_subject_18,dataset_b,delta_matched_control,inline_early__minus__block_early,inline_early,block_early,posterior_alpha_power_db_uv2,primary,6.044754886978435
lab_subject_19,dataset_b,delta_matched_control,inline_early__minus__block_early,inline_early,block_early,posterior_alpha_power_db_uv2,primary,6.9303592621756875
lab_subject_2,dataset_b,delta_matched_control,inline_early__minus__block_early,inline_early,block_early,posterior_alpha_power_db_uv2,primary,-1.0167173238220446
lab_subject_3,dataset_b,delta_matched_control,inline_early__minus__block_early,inline_early,block_early,posterior_alpha_power_db_uv2,primary,3.2200093489581043
lab_subject_5,dataset_b,delta_matched_control,inline_early__minus__block_early,inline_early,block_early,posterior_alpha_power_db_uv2,primary,-1.1311397049103422
lab_subject_6,dataset_b,delta_matched_control,inline_early__minus__block_early,inline_early,block_early,posterior_alpha_power_db_uv2,primary,2.2133626525669934
lab_subject_7,dataset_b,delta_matched_control,inline_early__minus__block_early,inline_early,block_early,posterior_alpha_power_db_uv2,primary,-2.066484791826146
lab_subject_8,dataset_b,delta_matched_control,inline_early__minus__block_early,inline_early,block_early,posterior_alpha_power_db_uv2,primary,0.48319638925523023
lab_subject_9,dataset_b,delta_matched_control,inline_early__minus__block_early,inline_early,block_early,posterior_alpha_power_db_uv2,primary,-4.634189329711071
lab_subject_1,dataset_b,delta_matched_control,inline_early__minus__block_late,inline_early,block_late,posterior_alpha_power_db_uv2,primary,3.9286479389980897
lab_subject_10,dataset_b,delta_matched_control,inline_early__minus__block_late,inline_early,block_late,posterior_alpha_power_db_uv2,primary,5.283981583300812
lab_subject_11,dataset_b,delta_matched_control,inline_early__minus__block_late,inline_early,block_late,posterior_alpha_power_db_uv2,primary,-4.363112447256559
lab_subject_12,dataset_b,delta_matched_control,inline_early__minus__block_late,inline_early,block_late,posterior_alpha_power_db_uv2,primary,2.7973307305672126
lab_subject_13,dataset_b,delta_matched_control,inline_early__minus__block_late,inline_early,block_late,posterior_alpha_power_db_uv2,primary,-10.507906779783843
lab_subject_14,dataset_b,delta_matched_control,inline_early__minus__block_late,inline_early,block_late,posterior_alpha_power_db_uv2,primary,-3.894519990769177
lab_subject_15,dataset_b,delta_matched_control,inline_early__minus__block_late,inline_early,block_late,posterior_alpha_power_db_uv2,primary,3.4390602707506326
lab_subject_16,dataset_b,delta_matched_control,inline_early__minus__block_late,inline_early,block_late,posterior_alpha_power_db_uv2,primary,-2.2960344201500185
lab_subject_17,dataset_b,delta_matched_control,inline_early__minus__block_late,inline_early,block_late,posterior_alpha_power_db_uv2,primary,4.875894693278314
lab_subject_18,dataset_b,delta_matched_control,inline_early__minus__block_late,inline_early,block_late,posterior_alpha_power_db_uv2,primary,1.971927523715331
lab_subject_19,dataset_b,delta_matched_control,inline_early__minus__block_late,inline_early,block_late,posterior_alpha_power_db_uv2,primary,2.6575191736682893
lab_subject_2,dataset_b,delta_matched_control,inline_early__minus__block_late,inline_early,block_late,posterior_alpha_power_db_uv2,primary,2.3324629631106246
lab_subject_3,dataset_b,delta_matched_control,inline_early__minus__block_late,inline_early,block_late,posterior_alpha_power_db_uv2,primary,2.987806675596925
lab_subject_5,dataset_b,delta_matched_control,inline_early__minus__block_late,inline_early,block_late,posterior_alpha_power_db_uv2,primary,5.841130902567958
lab_subject_6,dataset_b,delta_matched_control,inline_early__minus__block_late,inline_early,block_late,posterior_alpha_power_db_uv2,primary,4.079155289819256
lab_subject_7,dataset_b,delta_matched_control,inline_early__minus__block_late,inline_early,block_late,posterior_alpha_power_db_uv2,primary,4.389029298681634
lab_subject_8,dataset_b,delta_matched_control,inline_early__minus__block_late,inline_early,block_late,posterior_alpha_power_db_uv2,primary,5.5121489809021735
lab_subject_9,dataset_b,delta_matched_control,inline_early__minus__block_late,inline_early,block_late,posterior_alpha_power_db_uv2,primary,1.976352752764539
lab_subject_1,dataset_b,delta_matched_control,inline_late__minus__block_early,inline_late,block_early,posterior_alpha_power_db_uv2,primary,-0.21736384922922447
lab_subject_10,dataset_b,delta_matched_control,inline_late__minus__block_early,inline_late,block_early,posterior_alpha_power_db_uv2,primary,-2.3381327065911233
lab_subject_11,dataset_b,delta_matched_control,inline_late__minus__block_early,inline_late,block_early,posterior_alpha_power_db_uv2,primary,-0.18668244406113743
lab_subject_12,dataset_b,delta_matched_control,inline_late__minus__block_early,inline_late,block_early,posterior_alpha_power_db_uv2,primary,-11.530938095431964
lab_subject_13,dataset_b,delta_matched_control,inline_late__minus__block_early,inline_late,block_early,posterior_alpha_power_db_uv2,primary,6.885285918063848
lab_subject_14,dataset_b,delta_matched_control,inline_late__minus__block_early,inline_late,block_early,posterior_alpha_power_db_uv2,primary,-0.36551163976044654
lab_subject_15,dataset_b,delta_matched_control,inline_late__minus__block_early,inline_late,block_early,posterior_alpha_power_db_uv2,primary,-2.1951331607220705
lab_subject_16,dataset_b,delta_matched_control,inline_late__minus__block_early,inline_late,block_early,posterior_alpha_power_db_uv2,primary,0.6991362784588997
lab_subject_17,dataset_b,delta_matched_control,inline_late__minus__block_early,inline_late,block_early,posterior_alpha_power_db_uv2,primary,-7.3569878861031075
lab_subject_18,dataset_b,delta_matched_control,inline_late__minus__block_early,inline_late,block_early,posterior_alpha_power_db_uv2,primary,7.344675636080338
lab_subject_19,dataset_b,delta_matched_control,inline_late__minus__block_early,inline_late,block_early,posterior_alpha_power_db_uv2,primary,-0.7199392669382467
lab_subject_2,dataset_b,delta_matched_control,inline_late__minus__block_early,inline_late,block_early,posterior_alpha_power_db_uv2,primary,-2.139601543116939
lab_subject_3,dataset_b,delta_matched_control,inline_late__minus__block_early,inline_late,block_early,posterior_alpha_power_db_uv2,primary,2.7921375654669554
lab_subject_5,dataset_b,delta_matched_control,inline_late__minus__block_early,inline_late,block_early,posterior_alpha_power_db_uv2,primary,-4.637681517499427
lab_subject_6,dataset_b,delta_matched_control,inline_late__minus__block_early,inline_late,block_early,posterior_alpha_power_db_uv2,primary,-1.9890150296504139
lab_subject_7,dataset_b,delta_matched_control,inline_late__minus__block_early,inline_late,block_early,posterior_alpha_power_db_uv2,primary,-6.088516345220691
lab_subject_8,dataset_b,delta_matched_control,inline_late__minus__block_early,inline_late,block_early,posterior_alpha_power_db_uv2,primary,-5.735515691111772
lab_subject_9,dataset_b,delta_matched_control,inline_late__minus__block_early,inline_late,block_early,posterior_alpha_power_db_uv2,primary,-3.843559141366957
lab_subject_1,dataset_b,delta_matched_control,inline_late__minus__block_late,inline_late,block_late,posterior_alpha_power_db_uv2,primary,-0.34797361052361975
lab_subject_10,dataset_b,delta_matched_control,inline_late__minus__block_late,inline_late,block_late,posterior_alpha_power_db_uv2,primary,2.9844108070343918
lab_subject_11,dataset_b,delta_matched_control,inline_late__minus__block_late,inline_late,block_late,posterior_alpha_power_db_uv2,primary,1.294343918189881
lab_subject_12,dataset_b,delta_matched_control,inline_late__minus__block_late,inline_late,block_late,posterior_alpha_power_db_uv2,primary,-5.409865382728701
lab_subject_13,dataset_b,delta_matched_control,inline_late__minus__block_late,inline_late,block_late,posterior_alpha_power_db_uv2,primary,0.18089583496925998
lab_subject_14,dataset_b,delta_matched_control,inline_late__minus__block_late,inline_late,block_late,posterior_alpha_power_db_uv2,primary,1.5282849574713664
lab_subject_15,dataset_b,delta_matched_control,inline_late__minus__block_late,inline_late,block_late,posterior_alpha_power_db_uv2,primary,-0.44989735964446576
lab_subject_16,dataset_b,delta_matched_control,inline_late__minus__block_late,inline_late,block_late,posterior_alpha_power_db_uv2,primary,-1.3388945996115407
lab_subject_17,dataset_b,delta_matched_control,inline_late__minus__block_late,inline_late,block_late,posterior_alpha_power_db_uv2,primary,-2.041751070431615
lab_subject_18,dataset_b,delta_matched_control,inline_late__minus__block_late,inline_late,block_late,posterior_alpha_power_db_uv2,primary,3.271848272817234
lab_subject_19,dataset_b,delta_matched_control,inline_late__minus__block_late,inline_late,block_late,posterior_alpha_power_db_uv2,primary,-4.992779355445645
lab_subject_2,dataset_b,delta_matched_control,inline_late__minus__block_late,inline_late,block_late,posterior_alpha_power_db_uv2,primary,1.2095787438157304
lab_subject_3,dataset_b,delta_matched_control,inline_late__minus__block_late,inline_late,block_late,posterior_alpha_power_db_uv2,primary,2.559934892105776
lab_subject_5,dataset_b,delta_matched_control,inline_late__minus__block_late,inline_late,block_late,posterior_alpha_power_db_uv2,primary,2.3345890899788726
lab_subject_6,dataset_b,delta_matched_control,inline_late__minus__block_late,inline_late,block_late,posterior_alpha_power_db_uv2,primary,-0.12322239239815147
lab_subject_7,dataset_b,delta_matched_control,inline_late__minus__block_late,inline_late,block_late,posterior_alpha_power_db_uv2,primary,0.36699774528708895
lab_subject_8,dataset_b,delta_matched_control,inline_late__minus__block_late,inline_late,block_late,posterior_alpha_power_db_uv2,primary,-0.7065630994648284
lab_subject_9,dataset_b,delta_matched_control,inline_late__minus__block_late,inline_late,block_late,posterior_alpha_power_db_uv2,primary,2.766982941108653
lab_subject_1,dataset_b,delta_matched_control,block_early__minus__block_late,block_early,block_late,posterior_alpha_power_db_uv2,primary,-0.13060976129439528
lab_subject_10,dataset_b,delta_matched_control,block_early__minus__block_late,block_early,block_late,posterior_alpha_power_db_uv2,primary,5.322543513625515
lab_subject_11,dataset_b,delta_matched_control,block_early__minus__block_late,block_early,block_late,posterior_alpha_power_db_uv2,primary,1.4810263622510185
lab_subject_12,dataset_b,delta_matched_control,block_early__minus__block_late,block_early,block_late,posterior_alpha_power_db_uv2,primary,6.121072712703262
lab_subject_13,dataset_b,delta_matched_control,block_early__minus__block_late,block_early,block_late,posterior_alpha_power_db_uv2,primary,-6.704390083094587
lab_subject_14,dataset_b,delta_matched_control,block_early__minus__block_late,block_early,block_late,posterior_alpha_power_db_uv2,primary,1.893796597231813
lab_subject_15,dataset_b,delta_matched_control,block_early__minus__block_late,block_early,block_late,posterior_alpha_power_db_uv2,primary,1.7452358010776046
lab_subject_16,dataset_b,delta_matched_control,block_early__minus__block_late,block_early,block_late,posterior_alpha_power_db_uv2,primary,-2.0380308780704404
lab_subject_17,dataset_b,delta_matched_control,block_early__minus__block_late,block_early,block_late,posterior_alpha_power_db_uv2,primary,5.3152368156714935
lab_subject_18,dataset_b,delta_matched_control,block_early__minus__block_late,block_early,block_late,posterior_alpha_power_db_uv2,primary,-4.072827363263104
lab_subject_19,dataset_b,delta_matched_control,block_early__minus__block_late,block_early,block_late,posterior_alpha_power_db_uv2,primary,-4.272840088507398
lab_subject_2,dataset_b,delta_matched_control,block_early__minus__block_late,block_early,block_late,posterior_alpha_power_db_uv2,primary,3.3491802869326692
lab_subject_3,dataset_b,delta_matched_control,block_early__minus__block_late,block_early,block_late,posterior_alpha_power_db_uv2,primary,-0.23220267336117928
lab_subject_5,dataset_b,delta_matched_control,block_early__minus__block_late,block_early,block_late,posterior_alpha_power_db_uv2,primary,6.9722706074783005
lab_subject_6,dataset_b,delta_matched_control,block_early__minus__block_late,block_early,block_late,posterior_alpha_power_db_uv2,primary,1.8657926372522624
lab_subject_7,dataset_b,delta_matched_control,block_early__minus__block_late,block_early,block_late,posterior_alpha_power_db_uv2,primary,6.45551409050778
lab_subject_8,dataset_b,delta_matched_control,block_early__minus__block_late,block_early,block_late,posterior_alpha_power_db_uv2,primary,5.028952591646943
lab_subject_9,dataset_b,delta_matched_control,block_early__minus__block_late,block_early,block_late,posterior_alpha_power_db_uv2,primary,6.61054208247561
lab_subject_1,dataset_b,raw_post_minus_pre,inline_early__minus__inline_late,inline_early,inline_late,posterior_alpha_power_db_uv2,primary,4.1323043076333805
lab_subject_10,dataset_b,raw_post_minus_pre,inline_early__minus__inline_late,inline_early,inline_late,posterior_alpha_power_db_uv2,primary,3.3409044774331376
lab_subject_11,dataset_b,raw_post_minus_pre,inline_early__minus__inline_late,inline_early,inline_late,posterior_alpha_power_db_uv2,primary,-2.251673639886026
lab_subject_12,dataset_b,raw_post_minus_pre,inline_early__minus__inline_late,inline_early,inline_late,posterior_alpha_power_db_uv2,primary,5.109522748516018
lab_subject_13,dataset_b,raw_post_minus_pre,inline_early__minus__inline_late,inline_early,inline_late,posterior_alpha_power_db_uv2,primary,-2.9077941284100937
lab_subject_14,dataset_b,raw_post_minus_pre,inline_early__minus__inline_late,inline_early,inline_late,posterior_alpha_power_db_uv2,primary,-3.692487040606347
lab_subject_15,dataset_b,raw_post_minus_pre,inline_early__minus__inline_late,inline_early,inline_late,posterior_alpha_power_db_uv2,primary,1.2885573330833682
lab_subject_16,dataset_b,raw_post_minus_pre,inline_early__minus__inline_late,inline_early,inline_late,posterior_alpha_power_db_uv2,primary,-0.3545108992799415
lab_subject_17,dataset_b,raw_post_minus_pre,inline_early__minus__inline_late,inline_early,inline_late,posterior_alpha_power_db_uv2,primary,2.1082099093447346
lab_subject_18,dataset_b,raw_post_minus_pre,inline_early__minus__inline_late,inline_early,inline_late,posterior_alpha_power_db_uv2,primary,-0.9252064590485038
lab_subject_19,dataset_b,raw_post_minus_pre,inline_early__minus__inline_late,inline_early,inline_late,posterior_alpha_power_db_uv2,primary,8.069543151520147
lab_subject_2,dataset_b,raw_post_minus_pre,inline_early__minus__inline_late,inline_early,inline_late,posterior_alpha_power_db_uv2,primary,3.350493746273969
lab_subject_3,dataset_b,raw_post_minus_pre,inline_early__minus__inline_late,inline_early,inline_late,posterior_alpha_power_db_uv2,primary,0.6928341021111626
lab_subject_5,dataset_b,raw_post_minus_pre,inline_early__minus__inline_late,inline_early,inline_late,posterior_alpha_power_db_uv2,primary,1.79333791219489
lab_subject_6,dataset_b,raw_post_minus_pre,inline_early__minus__inline_late,inline_early,inline_late,posterior_alpha_power_db_uv2,primary,0.52145535172831
lab_subject_7,dataset_b,raw_post_minus_pre,inline_early__minus__inline_late,inline_early,inline_late,posterior_alpha_power_db_uv2,primary,1.0950921923242074
lab_subject_8,dataset_b,raw_post_minus_pre,inline_early__minus__inline_late,inline_early,inline_late,posterior_alpha_power_db_uv2,primary,2.1808408728785356
lab_subject_9,dataset_b,raw_post_minus_pre,inline_early__minus__inline_late,inline_early,inline_late,posterior_alpha_power_db_uv2,primary,-4.833799172306987
lab_subject_1,dataset_b,raw_post_minus_pre,inline_early__minus__block_early,inline_early,block_early,posterior_alpha_power_db_uv2,primary,4.059257700292485
lab_subject_10,dataset_b,raw_post_minus_pre,inline_early__minus__block_early,inline_early,block_early,posterior_alpha_power_db_uv2,primary,-0.03856193032470312
lab_subject_11,dataset_b,raw_post_minus_pre,inline_early__minus__block_early,inline_early,block_early,posterior_alpha_power_db_uv2,primary,-5.8441388095075775
lab_subject_12,dataset_b,raw_post_minus_pre,inline_early__minus__block_early,inline_early,block_early,posterior_alpha_power_db_uv2,primary,-3.323741982136049
lab_subject_13,dataset_b,raw_post_minus_pre,inline_early__minus__block_early,inline_early,block_early,posterior_alpha_power_db_uv2,primary,-3.803516696689255
lab_subject_14,dataset_b,raw_post_minus_pre,inline_early__minus__block_early,inline_early,block_early,posterior_alpha_power_db_uv2,primary,-5.78831658800099
lab_subject_15,dataset_b,raw_post_minus_pre,inline_early__minus__block_early,inline_early,block_early,posterior_alpha_power_db_uv2,primary,1.6938244696730278
lab_subject_16,dataset_b,raw_post_minus_pre,inline_early__minus__block_early,inline_early,block_early,posterior_alpha_power_db_uv2,primary,-0.2580035420795781
lab_subject_17,dataset_b,raw_post_minus_pre,inline_early__minus__block_early,inline_early,block_early,posterior_alpha_power_db_uv2,primary,-0.4393421223931786
lab_subject_18,dataset_b,raw_post_minus_pre,inline_early__minus__block_early,inline_early,block_early,posterior_alpha_power_db_uv2,primary,6.044754886978435
lab_subject_19,dataset_b,raw_post_minus_pre,inline_early__minus__block_early,inline_early,block_early,posterior_alpha_power_db_uv2,primary,6.9303592621756875
lab_subject_2,dataset_b,raw_post_minus_pre,inline_early__minus__block_early,inline_early,block_early,posterior_alpha_power_db_uv2,primary,-1.0167173238220446
lab_subject_3,dataset_b,raw_post_minus_pre,inline_early__minus__block_early,inline_early,block_early,posterior_alpha_power_db_uv2,primary,3.2200093489581043
lab_subject_5,dataset_b,raw_post_minus_pre,inline_early__minus__block_early,inline_early,block_early,posterior_alpha_power_db_uv2,primary,-1.1311397049103422
lab_subject_6,dataset_b,raw_post_minus_pre,inline_early__minus__block_early,inline_early,block_early,posterior_alpha_power_db_uv2,primary,2.2133626525669934
lab_subject_7,dataset_b,raw_post_minus_pre,inline_early__minus__block_early,inline_early,block_early,posterior_alpha_power_db_uv2,primary,-2.066484791826146
lab_subject_8,dataset_b,raw_post_minus_pre,inline_early__minus__block_early,inline_early,block_early,posterior_alpha_power_db_uv2,primary,0.48319638925523023
lab_subject_9,dataset_b,raw_post_minus_pre,inline_early__minus__block_early,inline_early,block_early,posterior_alpha_power_db_uv2,primary,-4.634189329711071
lab_subject_1,dataset_b,raw_post_minus_pre,inline_early__minus__block_late,inline_early,block_late,posterior_alpha_power_db_uv2,primary,3.7843306971097608
lab_subject_10,dataset_b,raw_post_minus_pre,inline_early__minus__block_late,inline_early,block_late,posterior_alpha_power_db_uv2,primary,6.325315284467528
lab_subject_11,dataset_b,raw_post_minus_pre,inline_early__minus__block_late,inline_early,block_late,posterior_alpha_power_db_uv2,primary,-0.9573297216961452
lab_subject_12,dataset_b,raw_post_minus_pre,inline_early__minus__block_late,inline_early,block_late,posterior_alpha_power_db_uv2,primary,-0.3003426342126829
lab_subject_13,dataset_b,raw_post_minus_pre,inline_early__minus__block_late,inline_early,block_late,posterior_alpha_power_db_uv2,primary,-2.7268982934408337
lab_subject_14,dataset_b,raw_post_minus_pre,inline_early__minus__block_late,inline_early,block_late,posterior_alpha_power_db_uv2,primary,-2.1642020831349806
lab_subject_15,dataset_b,raw_post_minus_pre,inline_early__minus__block_late,inline_early,block_late,posterior_alpha_power_db_uv2,primary,0.8386599734389024
lab_subject_16,dataset_b,raw_post_minus_pre,inline_early__minus__block_late,inline_early,block_late,posterior_alpha_power_db_uv2,primary,-1.6934054988914822
lab_subject_17,dataset_b,raw_post_minus_pre,inline_early__minus__block_late,inline_early,block_late,posterior_alpha_power_db_uv2,primary,0.06645883891311977
lab_subject_18,dataset_b,raw_post_minus_pre,inline_early__minus__block_late,inline_early,block_late,posterior_alpha_power_db_uv2,primary,2.34664181376873
lab_subject_19,dataset_b,raw_post_minus_pre,inline_early__minus__block_late,inline_early,block_late,posterior_alpha_power_db_uv2,primary,3.076763796074502
lab_subject_2,dataset_b,raw_post_minus_pre,inline_early__minus__block_late,inline_early,block_late,posterior_alpha_power_db_uv2,primary,4.560072490089699
lab_subject_3,dataset_b,raw_post_minus_pre,inline_early__minus__block_late,inline_early,block_late,posterior_alpha_power_db_uv2,primary,3.2527689942169387
lab_subject_5,dataset_b,raw_post_minus_pre,inline_early__minus__block_late,inline_early,block_late,posterior_alpha_power_db_uv2,primary,4.127927002173763
lab_subject_6,dataset_b,raw_post_minus_pre,inline_early__minus__block_late,inline_early,block_late,posterior_alpha_power_db_uv2,primary,0.39823295933015856
lab_subject_7,dataset_b,raw_post_minus_pre,inline_early__minus__block_late,inline_early,block_late,posterior_alpha_power_db_uv2,primary,1.4620899376112964
lab_subject_8,dataset_b,raw_post_minus_pre,inline_early__minus__block_late,inline_early,block_late,posterior_alpha_power_db_uv2,primary,1.4742777734137071
lab_subject_9,dataset_b,raw_post_minus_pre,inline_early__minus__block_late,inline_early,block_late,posterior_alpha_power_db_uv2,primary,-2.0668162311983345
lab_subject_1,dataset_b,raw_post_minus_pre,inline_late__minus__block_early,inline_late,block_early,posterior_alpha_power_db_uv2,primary,-0.07304660734089552
lab_subject_10,dataset_b,raw_post_minus_pre,inline_late__minus__block_early,inline_late,block_early,posterior_alpha_power_db_uv2,primary,-3.3794664077578407
lab_subject_11,dataset_b,raw_post_minus_pre,inline_late__minus__block_early,inline_late,block_early,posterior_alpha_power_db_uv2,primary,-3.5924651696215513
lab_subject_12,dataset_b,raw_post_minus_pre,inline_late__minus__block_early,inline_late,block_early,posterior_alpha_power_db_uv2,primary,-8.433264730652066
lab_subject_13,dataset_b,raw_post_minus_pre,inline_late__minus__block_early,inline_late,block_early,posterior_alpha_power_db_uv2,primary,-0.8957225682791612
lab_subject_14,dataset_b,raw_post_minus_pre,inline_late__minus__block_early,inline_late,block_early,posterior_alpha_power_db_uv2,primary,-2.095829547394643
lab_subject_15,dataset_b,raw_post_minus_pre,inline_late__minus__block_early,inline_late,block_early,posterior_alpha_power_db_uv2,primary,0.4052671365896596
lab_subject_16,dataset_b,raw_post_minus_pre,inline_late__minus__block_early,inline_late,block_early,posterior_alpha_power_db_uv2,primary,0.09650735720036341
lab_subject_17,dataset_b,raw_post_minus_pre,inline_late__minus__block_early,inline_late,block_early,posterior_alpha_power_db_uv2,primary,-2.5475520317379132
lab_subject_18,dataset_b,raw_post_minus_pre,inline_late__minus__block_early,inline_late,block_early,posterior_alpha_power_db_uv2,primary,6.969961346026939
lab_subject_19,dataset_b,raw_post_minus_pre,inline_late__minus__block_early,inline_late,block_early,posterior_alpha_power_db_uv2,primary,-1.1391838893444595
lab_subject_2,dataset_b,raw_post_minus_pre,inline_late__minus__block_early,inline_late,block_early,posterior_alpha_power_db_uv2,primary,-4.367211070096014
lab_subject_3,dataset_b,raw_post_minus_pre,inline_late__minus__block_early,inline_late,block_early,posterior_alpha_power_db_uv2,primary,2.5271752468469417
lab_subject_5,dataset_b,raw_post_minus_pre,inline_late__minus__block_early,inline_late,block_early,posterior_alpha_power_db_uv2,primary,-2.9244776171052322
lab_subject_6,dataset_b,raw_post_minus_pre,inline_late__minus__block_early,inline_late,block_early,posterior_alpha_power_db_uv2,primary,1.6919073008386833
lab_subject_7,dataset_b,raw_post_minus_pre,inline_late__minus__block_early,inline_late,block_early,posterior_alpha_power_db_uv2,primary,-3.1615769841503534
lab_subject_8,dataset_b,raw_post_minus_pre,inline_late__minus__block_early,inline_late,block_early,posterior_alpha_power_db_uv2,primary,-1.6976444836233053
lab_subject_9,dataset_b,raw_post_minus_pre,inline_late__minus__block_early,inline_late,block_early,posterior_alpha_power_db_uv2,primary,0.1996098425959163
lab_subject_1,dataset_b,raw_post_minus_pre,inline_late__minus__block_late,inline_late,block_late,posterior_alpha_power_db_uv2,primary,-0.34797361052361975
lab_subject_10,dataset_b,raw_post_minus_pre,inline_late__minus__block_late,inline_late,block_late,posterior_alpha_power_db_uv2,primary,2.984410807034391
lab_subject_11,dataset_b,raw_post_minus_pre,inline_late__minus__block_late,inline_late,block_late,posterior_alpha_power_db_uv2,primary,1.294343918189881
lab_subject_12,dataset_b,raw_post_minus_pre,inline_late__minus__block_late,inline_late,block_late,posterior_alpha_power_db_uv2,primary,-5.409865382728701
lab_subject_13,dataset_b,raw_post_minus_pre,inline_late__minus__block_late,inline_late,block_late,posterior_alpha_power_db_uv2,primary,0.18089583496925998
lab_subject_14,dataset_b,raw_post_minus_pre,inline_late__minus__block_late,inline_late,block_late,posterior_alpha_power_db_uv2,primary,1.5282849574713664
lab_subject_15,dataset_b,raw_post_minus_pre,inline_late__minus__block_late,inline_late,block_late,posterior_alpha_power_db_uv2,primary,-0.44989735964446576
lab_subject_16,dataset_b,raw_post_minus_pre,inline_late__minus__block_late,inline_late,block_late,posterior_alpha_power_db_uv2,primary,-1.3388945996115407
lab_subject_17,dataset_b,raw_post_minus_pre,inline_late__minus__block_late,inline_late,block_late,posterior_alpha_power_db_uv2,primary,-2.041751070431615
lab_subject_18,dataset_b,raw_post_minus_pre,inline_late__minus__block_late,inline_late,block_late,posterior_alpha_power_db_uv2,primary,3.271848272817234
lab_subject_19,dataset_b,raw_post_minus_pre,inline_late__minus__block_late,inline_late,block_late,posterior_alpha_power_db_uv2,primary,-4.992779355445645
lab_subject_2,dataset_b,raw_post_minus_pre,inline_late__minus__block_late,inline_late,block_late,posterior_alpha_power_db_uv2,primary,1.2095787438157304
lab_subject_3,dataset_b,raw_post_minus_pre,inline_late__minus__block_late,inline_late,block_late,posterior_alpha_power_db_uv2,primary,2.559934892105776
lab_subject_5,dataset_b,raw_post_minus_pre,inline_late__minus__block_late,inline_late,block_late,posterior_alpha_power_db_uv2,primary,2.3345890899788726
lab_subject_6,dataset_b,raw_post_minus_pre,inline_late__minus__block_late,inline_late,block_late,posterior_alpha_power_db_uv2,primary,-0.12322239239815147
lab_subject_7,dataset_b,raw_post_minus_pre,inline_late__minus__block_late,inline_late,block_late,posterior_alpha_power_db_uv2,primary,0.36699774528708895
lab_subject_8,dataset_b,raw_post_minus_pre,inline_late__minus__block_late,inline_late,block_late,posterior_alpha_power_db_uv2,primary,-0.7065630994648284
lab_subject_9,dataset_b,raw_post_minus_pre,inline_late__minus__block_late,inline_late,block_late,posterior_alpha_power_db_uv2,primary,2.766982941108653
lab_subject_1,dataset_b,raw_post_minus_pre,block_early__minus__block_late,block_early,block_late,posterior_alpha_power_db_uv2,primary,-0.27492700318272423
lab_subject_10,dataset_b,raw_post_minus_pre,block_early__minus__block_late,block_early,block_late,posterior_alpha_power_db_uv2,primary,6.363877214792232
lab_subject_11,dataset_b,raw_post_minus_pre,block_early__minus__block_late,block_early,block_late,posterior_alpha_power_db_uv2,primary,4.886809087811432
lab_subject_12,dataset_b,raw_post_minus_pre,block_early__minus__block_late,block_early,block_late,posterior_alpha_power_db_uv2,primary,3.023399347923366
lab_subject_13,dataset_b,raw_post_minus_pre,block_early__minus__block_late,block_early,block_late,posterior_alpha_power_db_uv2,primary,1.0766184032484212
lab_subject_14,dataset_b,raw_post_minus_pre,block_early__minus__block_late,block_early,block_late,posterior_alpha_power_db_uv2,primary,3.6241145048660095
lab_subject_15,dataset_b,raw_post_minus_pre,block_early__minus__block_late,block_early,block_late,posterior_alpha_power_db_uv2,primary,-0.8551644962341254
lab_subject_16,dataset_b,raw_post_minus_pre,block_early__minus__block_late,block_early,block_late,posterior_alpha_power_db_uv2,primary,-1.435401956811904
lab_subject_17,dataset_b,raw_post_minus_pre,block_early__minus__block_late,block_early,block_late,posterior_alpha_power_db_uv2,primary,0.5058009613062984
lab_subject_18,dataset_b,raw_post_minus_pre,block_early__minus__block_late,block_early,block_late,posterior_alpha_power_db_uv2,primary,-3.698113073209705
lab_subject_19,dataset_b,raw_post_minus_pre,block_early__minus__block_late,block_early,block_late,posterior_alpha_power_db_uv2,primary,-3.8535954661011855
lab_subject_2,dataset_b,raw_post_minus_pre,block_early__minus__block_late,block_early,block_late,posterior_alpha_power_db_uv2,primary,5.576789813911744
lab_subject_3,dataset_b,raw_post_minus_pre,block_early__minus__block_late,block_early,block_late,posterior_alpha_power_db_uv2,primary,0.03275964525883435
lab_subject_5,dataset_b,raw_post_minus_pre,block_early__minus__block_late,block_early,block_late,posterior_alpha_power_db_uv2,primary,5.259066707084105
lab_subject_6,dataset_b,raw_post_minus_pre,block_early__minus__block_late,block_early,block_late,posterior_alpha_power_db_uv2,primary,-1.8151296932368348
lab_subject_7,dataset_b,raw_post_minus_pre,block_early__minus__block_late,block_early,block_late,posterior_alpha_power_db_uv2,primary,3.5285747294374428
lab_subject_8,dataset_b,raw_post_minus_pre,block_early__minus__block_late,block_early,block_late,posterior_alpha_power_db_uv2,primary,0.9910813841584769
lab_subject_9,dataset_b,raw_post_minus_pre,block_early__minus__block_late,block_early,block_late,posterior_alpha_power_db_uv2,primary,2.5673730985127365
lab_subject_1,dataset_b,delta_matched_control,inline_early__minus__inline_late,inline_early,inline_late,theta_power_db_uv2,secondary_global,7.959758005891161
lab_subject_10,dataset_b,delta_matched_control,inline_early__minus__inline_late,inline_early,inline_late,theta_power_db_uv2,secondary_global,5.302829258355834
lab_subject_11,dataset_b,delta_matched_control,inline_early__minus__inline_late,inline_early,inline_late,theta_power_db_uv2,secondary_global,-2.771394109208586
lab_subject_12,dataset_b,delta_matched_control,inline_early__minus__inline_late,inline_early,inline_late,theta_power_db_uv2,secondary_global,-0.08794213879550394
lab_subject_13,dataset_b,delta_matched_control,inline_early__minus__inline_late,inline_early,inline_late,theta_power_db_uv2,secondary_global,-1.340191699906344
lab_subject_14,dataset_b,delta_matched_control,inline_early__minus__inline_late,inline_early,inline_late,theta_power_db_uv2,secondary_global,-6.24000391639717
lab_subject_15,dataset_b,delta_matched_control,inline_early__minus__inline_late,inline_early,inline_late,theta_power_db_uv2,secondary_global,-3.927992806475418
lab_subject_16,dataset_b,delta_matched_control,inline_early__minus__inline_late,inline_early,inline_late,theta_power_db_uv2,secondary_global,1.3914104394367488
lab_subject_17,dataset_b,delta_matched_control,inline_early__minus__inline_late,inline_early,inline_late,theta_power_db_uv2,secondary_global,3.0938572518624587
lab_subject_18,dataset_b,delta_matched_control,inline_early__minus__inline_late,inline_early,inline_late,theta_power_db_uv2,secondary_global,-2.2867570757115354
lab_subject_19,dataset_b,delta_matched_control,inline_early__minus__inline_late,inline_early,inline_late,theta_power_db_uv2,secondary_global,8.225400505936948
lab_subject_2,dataset_b,delta_matched_control,inline_early__minus__inline_late,inline_early,inline_late,theta_power_db_uv2,secondary_global,-3.5578971660264047
lab_subject_3,dataset_b,delta_matched_control,inline_early__minus__inline_late,inline_early,inline_late,theta_power_db_uv2,secondary_global,1.6807281322390626
lab_subject_5,dataset_b,delta_matched_control,inline_early__minus__inline_late,inline_early,inline_late,theta_power_db_uv2,secondary_global,-1.085108507387011
lab_subject_6,dataset_b,delta_matched_control,inline_early__minus__inline_late,inline_early,inline_late,theta_power_db_uv2,secondary_global,3.2727375411020345
lab_subject_7,dataset_b,delta_matched_control,inline_early__minus__inline_late,inline_early,inline_late,theta_power_db_uv2,secondary_global,-4.450243973093405
lab_subject_8,dataset_b,delta_matched_control,inline_early__minus__inline_late,inline_early,inline_late,theta_power_db_uv2,secondary_global,0.7005405512295786
lab_subject_9,dataset_b,delta_matched_control,inline_early__minus__inline_late,inline_early,inline_late,theta_power_db_uv2,secondary_global,-1.6723835429145621
lab_subject_1,dataset_b,delta_matched_control,inline_early__minus__block_early,inline_early,block_early,theta_power_db_uv2,secondary_global,-2.2948590881501403
lab_subject_10,dataset_b,delta_matched_control,inline_early__minus__block_early,inline_early,block_early,theta_power_db_uv2,secondary_global,2.3951965049033763
lab_subject_11,dataset_b,delta_matched_control,inline_early__minus__block_early,inline_early,block_early,theta_power_db_uv2,secondary_global,-3.126957064931699
lab_subject_12,dataset_b,delta_matched_control,inline_early__minus__block_early,inline_early,block_early,theta_power_db_uv2,secondary_global,-3.012745973785404
lab_subject_13,dataset_b,delta_matched_control,inline_early__minus__block_early,inline_early,block_early,theta_power_db_uv2,secondary_global,-1.0627402295226709
lab_subject_14,dataset_b,delta_matched_control,inline_early__minus__block_early,inline_early,block_early,theta_power_db_uv2,secondary_global,-1.5796251396626344
lab_subject_15,dataset_b,delta_matched_control,inline_early__minus__block_early,inline_early,block_early,theta_power_db_uv2,secondary_global,-7.788584389611501
lab_subject_16,dataset_b,delta_matched_control,inline_early__minus__block_early,inline_early,block_early,theta_power_db_uv2,secondary_global,-1.7539537552831224
lab_subject_17,dataset_b,delta_matched_control,inline_early__minus__block_early,inline_early,block_early,theta_power_db_uv2,secondary_global,0.5698338142762429
lab_subject_18,dataset_b,delta_matched_control,inline_early__minus__block_early,inline_early,block_early,theta_power_db_uv2,secondary_global,2.3695688543613143
lab_subject_19,dataset_b,delta_matched_control,inline_early__minus__block_early,inline_early,block_early,theta_power_db_uv2,secondary_global,1.5226383253255005
lab_subject_2,dataset_b,delta_matched_control,inline_early__minus__block_early,inline_early,block_early,theta_power_db_uv2,secondary_global,-3.079711546364204
lab_subject_3,dataset_b,delta_matched_control,inline_early__minus__block_early,inline_early,block_early,theta_power_db_uv2,secondary_global,-1.7710027647660151
lab_subject_5,dataset_b,delta_matched_control,inline_early__minus__block_early,inline_early,block_early,theta_power_db_uv2,secondary_global,2.309809513265682
lab_subject_6,dataset_b,delta_matched_control,inline_early__minus__block_early,inline_early,block_early,theta_power_db_uv2,secondary_global,3.076271901856468
lab_subject_7,dataset_b,delta_matched_control,inline_early__minus__block_early,inline_early,block_early,theta_power_db_uv2,secondary_global,-1.8271366665474775
lab_subject_8,dataset_b,delta_matched_control,inline_early__minus__block_early,inline_early,block_early,theta_power_db_uv2,secondary_global,0.30173334597618684
lab_subject_9,dataset_b,delta_matched_control,inline_early__minus__block_early,inline_early,block_early,theta_power_db_uv2,secondary_global,-1.9577444912822477
lab_subject_1,dataset_b,delta_matched_control,inline_early__minus__block_late,inline_early,block_late,theta_power_db_uv2,secondary_global,-0.45990300437070797
lab_subject_10,dataset_b,delta_matched_control,inline_early__minus__block_late,inline_early,block_late,theta_power_db_uv2,secondary_global,5.98944691360842
lab_subject_11,dataset_b,delta_matched_control,inline_early__minus__block_late,inline_early,block_late,theta_power_db_uv2,secondary_global,-2.8627029133759727
lab_subject_12,dataset_b,delta_matched_control,inline_early__minus__block_late,inline_early,block_late,theta_power_db_uv2,secondary_global,0.7406626441744404
lab_subject_13,dataset_b,delta_matched_control,inline_early__minus__block_late,inline_early,block_late,theta_power_db_uv2,secondary_global,-9.48900266515641
lab_subject_14,dataset_b,delta_matched_control,inline_early__minus__block_late,inline_early,block_late,theta_power_db_uv2,secondary_global,-6.500270842779246
lab_subject_15,dataset_b,delta_matched_control,inline_early__minus__block_late,inline_early,block_late,theta_power_db_uv2,secondary_global,-2.2821460985542417
lab_subject_16,dataset_b,delta_matched_control,inline_early__minus__block_late,inline_early,block_late,theta_power_db_uv2,secondary_global,-5.876769209359127
lab_subject_17,dataset_b,delta_matched_control,inline_early__minus__block_late,inline_early,block_late,theta_power_db_uv2,secondary_global,3.730396608373928
lab_subject_18,dataset_b,delta_matched_control,inline_early__minus__block_late,inline_early,block_late,theta_power_db_uv2,secondary_global,0.6354543375065882
lab_subject_19,dataset_b,delta_matched_control,inline_early__minus__block_late,inline_early,block_late,theta_power_db_uv2,secondary_global,0.3631791776022535
lab_subject_2,dataset_b,delta_matched_control,inline_early__minus__block_late,inline_early,block_late,theta_power_db_uv2,secondary_global,-2.163169307257151
lab_subject_3,dataset_b,delta_matched_control,inline_early__minus__block_late,inline_early,block_late,theta_power_db_uv2,secondary_global,2.9020191747005226
lab_subject_5,dataset_b,delta_matched_control,inline_early__minus__block_late,inline_early,block_late,theta_power_db_uv2,secondary_global,3.6862012679176903
lab_subject_6,dataset_b,delta_matched_control,inline_early__minus__block_late,inline_early,block_late,theta_power_db_uv2,secondary_global,1.7978869926678467
lab_subject_7,dataset_b,delta_matched_control,inline_early__minus__block_late,inline_early,block_late,theta_power_db_uv2,secondary_global,-1.920135810891065
lab_subject_8,dataset_b,delta_matched_control,inline_early__minus__block_late,inline_early,block_late,theta_power_db_uv2,secondary_global,0.9175039215095868
lab_subject_9,dataset_b,delta_matched_control,inline_early__minus__block_late,inline_early,block_late,theta_power_db_uv2,secondary_global,3.8287158500957643
lab_subject_1,dataset_b,delta_matched_control,inline_late__minus__block_early,inline_late,block_early,theta_power_db_uv2,secondary_global,-10.2546170940413
lab_subject_10,dataset_b,delta_matched_control,inline_late__minus__block_early,inline_late,block_early,theta_power_db_uv2,secondary_global,-2.9076327534524573
lab_subject_11,dataset_b,delta_matched_control,inline_late__minus__block_early,inline_late,block_early,theta_power_db_uv2,secondary_global,-0.35556295572311303
lab_subject_12,dataset_b,delta_matched_control,inline_late__minus__block_early,inline_late,block_early,theta_power_db_uv2,secondary_global,-2.9248038349899
lab_subject_13,dataset_b,delta_matched_control,inline_late__minus__block_early,inline_late,block_early,theta_power_db_uv2,secondary_global,0.277451470383673
lab_subject_14,dataset_b,delta_matched_control,inline_late__minus__block_early,inline_late,block_early,theta_power_db_uv2,secondary_global,4.660378776734536
lab_subject_15,dataset_b,delta_matched_control,inline_late__minus__block_early,inline_late,block_early,theta_power_db_uv2,secondary_global,-3.8605915831360824
lab_subject_16,dataset_b,delta_matched_control,inline_late__minus__block_early,inline_late,block_early,theta_power_db_uv2,secondary_global,-3.145364194719871
lab_subject_17,dataset_b,delta_matched_control,inline_late__minus__block_early,inline_late,block_early,theta_power_db_uv2,secondary_global,-2.524023437586216
lab_subject_18,dataset_b,delta_matched_control,inline_late__minus__block_early,inline_late,block_early,theta_power_db_uv2,secondary_global,4.65632593007285
lab_subject_19,dataset_b,delta_matched_control,inline_late__minus__block_early,inline_late,block_early,theta_power_db_uv2,secondary_global,-6.7027621806114475
lab_subject_2,dataset_b,delta_matched_control,inline_late__minus__block_early,inline_late,block_early,theta_power_db_uv2,secondary_global,0.4781856196622005
lab_subject_3,dataset_b,delta_matched_control,inline_late__minus__block_early,inline_late,block_early,theta_power_db_uv2,secondary_global,-3.4517308970050777
lab_subject_5,dataset_b,delta_matched_control,inline_late__minus__block_early,inline_late,block_early,theta_power_db_uv2,secondary_global,3.394918020652693
lab_subject_6,dataset_b,delta_matched_control,inline_late__minus__block_early,inline_late,block_early,theta_power_db_uv2,secondary_global,-0.1964656392455666
lab_subject_7,dataset_b,delta_matched_control,inline_late__minus__block_early,inline_late,block_early,theta_power_db_uv2,secondary_global,2.623107306545928
lab_subject_8,dataset_b,delta_matched_control,inline_late__minus__block_early,inline_late,block_early,theta_power_db_uv2,secondary_global,-0.39880720525339175
lab_subject_9,dataset_b,delta_matched_control,inline_late__minus__block_early,inline_late,block_early,theta_power_db_uv2,secondary_global,-0.28536094836768555
lab_subject_1,dataset_b,delta_matched_control,inline_late__minus__block_late,inline_late,block_late,theta_power_db_uv2,secondary_global,-8.41966101026187
lab_subject_10,dataset_b,delta_matched_control,inline_late__minus__block_late,inline_late,block_late,theta_power_db_uv2,secondary_global,0.6866176552525864
lab_subject_11,dataset_b,delta_matched_control,inline_late__minus__block_late,inline_late,block_late,theta_power_db_uv2,secondary_global,-0.09130880416738663
lab_subject_12,dataset_b,delta_matched_control,inline_late__minus__block_late,inline_late,block_late,theta_power_db_uv2,secondary_global,0.8286047829699443
lab_subject_13,dataset_b,delta_matched_control,inline_late__minus__block_late,inline_late,block_late,theta_power_db_uv2,secondary_global,-8.148810965250066
lab_subject_14,dataset_b,delta_matched_control,inline_late__minus__block_late,inline_late,block_late,theta_power_db_uv2,secondary_global,-0.2602669263820756
lab_subject_15,dataset_b,delta_matched_control,inline_late__minus__block_late,inline_late,block_late,theta_power_db_uv2,secondary_global,1.6458467079211765
lab_subject_16,dataset_b,delta_matched_control,inline_late__minus__block_late,inline_late,block_late,theta_power_db_uv2,secondary_global,-7.268179648795876
lab_subject_17,dataset_b,delta_matched_control,inline_late__minus__block_late,inline_late,block_late,theta_power_db_uv2,secondary_global,0.6365393565114692
lab_subject_18,dataset_b,delta_matched_control,inline_late__minus__block_late,inline_late,block_late,theta_power_db_uv2,secondary_global,2.9222114132181236
lab_subject_19,dataset_b,delta_matched_control,inline_late__minus__block_late,inline_late,block_late,theta_power_db_uv2,secondary_global,-7.8622213283346944
lab_subject_2,dataset_b,delta_matched_control,inline_late__minus__block_late,inline_late,block_late,theta_power_db_uv2,secondary_global,1.3947278587692535
lab_subject_3,dataset_b,delta_matched_control,inline_late__minus__block_late,inline_late,block_late,theta_power_db_uv2,secondary_global,1.22129104246146
lab_subject_5,dataset_b,delta_matched_control,inline_late__minus__block_late,inline_late,block_late,theta_power_db_uv2,secondary_global,4.771309775304701
lab_subject_6,dataset_b,delta_matched_control,inline_late__minus__block_late,inline_late,block_late,theta_power_db_uv2,secondary_global,-1.4748505484341878
lab_subject_7,dataset_b,delta_matched_control,inline_late__minus__block_late,inline_late,block_late,theta_power_db_uv2,secondary_global,2.5301081622023402
lab_subject_8,dataset_b,delta_matched_control,inline_late__minus__block_late,inline_late,block_late,theta_power_db_uv2,secondary_global,0.21696337028000823
lab_subject_9,dataset_b,delta_matched_control,inline_late__minus__block_late,inline_late,block_late,theta_power_db_uv2,secondary_global,5.5010993930103265
lab_subject_1,dataset_b,delta_matched_control,block_early__minus__block_late,block_early,block_late,theta_power_db_uv2,secondary_global,1.8349560837794323
lab_subject_10,dataset_b,delta_matched_control,block_early__minus__block_late,block_early,block_late,theta_power_db_uv2,secondary_global,3.5942504087050438
lab_subject_11,dataset_b,delta_matched_control,block_early__minus__block_late,block_early,block_late,theta_power_db_uv2,secondary_global,0.2642541515557264
lab_subject_12,dataset_b,delta_matched_control,block_early__minus__block_late,block_early,block_late,theta_power_db_uv2,secondary_global,3.7534086179598445
lab_subject_13,dataset_b,delta_matched_control,block_early__minus__block_late,block_early,block_late,theta_power_db_uv2,secondary_global,-8.426262435633738
lab_subject_14,dataset_b,delta_matched_control,block_early__minus__block_late,block_early,block_late,theta_power_db_uv2,secondary_global,-4.9206457031166115
lab_subject_15,dataset_b,delta_matched_control,block_early__minus__block_late,block_early,block_late,theta_power_db_uv2,secondary_global,5.506438291057259
lab_subject_16,dataset_b,delta_matched_control,block_early__minus__block_late,block_early,block_late,theta_power_db_uv2,secondary_global,-4.1228154540760045
lab_subject_17,dataset_b,delta_matched_control,block_early__minus__block_late,block_early,block_late,theta_power_db_uv2,secondary_global,3.160562794097685
lab_subject_18,dataset_b,delta_matched_control,block_early__minus__block_late,block_early,block_late,theta_power_db_uv2,secondary_global,-1.734114516854726
lab_subject_19,dataset_b,delta_matched_control,block_early__minus__block_late,block_early,block_late,theta_power_db_uv2,secondary_global,-1.159459147723247
lab_subject_2,dataset_b,delta_matched_control,block_early__minus__block_late,block_early,block_late,theta_power_db_uv2,secondary_global,0.916542239107053
lab_subject_3,dataset_b,delta_matched_control,block_early__minus__block_late,block_early,block_late,theta_power_db_uv2,secondary_global,4.673021939466538
lab_subject_5,dataset_b,delta_matched_control,block_early__minus__block_late,block_early,block_late,theta_power_db_uv2,secondary_global,1.3763917546520084
lab_subject_6,dataset_b,delta_matched_control,block_early__minus__block_late,block_early,block_late,theta_power_db_uv2,secondary_global,-1.2783849091886212
lab_subject_7,dataset_b,delta_matched_control,block_early__minus__block_late,block_early,block_late,theta_power_db_uv2,secondary_global,-0.09299914434358758
lab_subject_8,dataset_b,delta_matched_control,block_early__minus__block_late,block_early,block_late,theta_power_db_uv2,secondary_global,0.6157705755334
lab_subject_9,dataset_b,delta_matched_control,block_early__minus__block_late,block_early,block_late,theta_power_db_uv2,secondary_global,5.786460341378012
lab_subject_1,dataset_b,raw_post_minus_pre,inline_early__minus__inline_late,inline_early,inline_late,theta_power_db_uv2,secondary_global,3.5811550654934514
lab_subject_10,dataset_b,raw_post_minus_pre,inline_early__minus__inline_late,inline_early,inline_late,theta_power_db_uv2,secondary_global,2.484427324520552
lab_subject_11,dataset_b,raw_post_minus_pre,inline_early__minus__inline_late,inline_early,inline_late,theta_power_db_uv2,secondary_global,-2.941081463651095
lab_subject_12,dataset_b,raw_post_minus_pre,inline_early__minus__inline_late,inline_early,inline_late,theta_power_db_uv2,secondary_global,-2.912208268363157
lab_subject_13,dataset_b,raw_post_minus_pre,inline_early__minus__inline_late,inline_early,inline_late,theta_power_db_uv2,secondary_global,0.12290630668027758
lab_subject_14,dataset_b,raw_post_minus_pre,inline_early__minus__inline_late,inline_early,inline_late,theta_power_db_uv2,secondary_global,-0.07670685762322993
lab_subject_15,dataset_b,raw_post_minus_pre,inline_early__minus__inline_late,inline_early,inline_late,theta_power_db_uv2,secondary_global,-7.063883616564036
lab_subject_16,dataset_b,raw_post_minus_pre,inline_early__minus__inline_late,inline_early,inline_late,theta_power_db_uv2,secondary_global,2.403596380200937
lab_subject_17,dataset_b,raw_post_minus_pre,inline_early__minus__inline_late,inline_early,inline_late,theta_power_db_uv2,secondary_global,0.6161221900358438
lab_subject_18,dataset_b,raw_post_minus_pre,inline_early__minus__inline_late,inline_early,inline_late,theta_power_db_uv2,secondary_global,-1.852137824702898
lab_subject_19,dataset_b,raw_post_minus_pre,inline_early__minus__inline_late,inline_early,inline_late,theta_power_db_uv2,secondary_global,7.904803632259537
lab_subject_2,dataset_b,raw_post_minus_pre,inline_early__minus__inline_late,inline_early,inline_late,theta_power_db_uv2,secondary_global,-0.8492018554108647
lab_subject_3,dataset_b,raw_post_minus_pre,inline_early__minus__inline_late,inline_early,inline_late,theta_power_db_uv2,secondary_global,-1.1456097386081288
lab_subject_5,dataset_b,raw_post_minus_pre,inline_early__minus__inline_late,inline_early,inline_late,theta_power_db_uv2,secondary_global,-0.5454427305672103
lab_subject_6,dataset_b,raw_post_minus_pre,inline_early__minus__inline_late,inline_early,inline_late,theta_power_db_uv2,secondary_global,1.8259729179929858
lab_subject_7,dataset_b,raw_post_minus_pre,inline_early__minus__inline_late,inline_early,inline_late,theta_power_db_uv2,secondary_global,-2.5113565065571914
lab_subject_8,dataset_b,raw_post_minus_pre,inline_early__minus__inline_late,inline_early,inline_late,theta_power_db_uv2,secondary_global,1.729387055359238
lab_subject_9,dataset_b,raw_post_minus_pre,inline_early__minus__inline_late,inline_early,inline_late,theta_power_db_uv2,secondary_global,0.5095168709748634
lab_subject_1,dataset_b,raw_post_minus_pre,inline_early__minus__block_early,inline_early,block_early,theta_power_db_uv2,secondary_global,-2.2948590881501403
lab_subject_10,dataset_b,raw_post_minus_pre,inline_early__minus__block_early,inline_early,block_early,theta_power_db_uv2,secondary_global,2.3951965049033763
lab_subject_11,dataset_b,raw_post_minus_pre,inline_early__minus__block_early,inline_early,block_early,theta_power_db_uv2,secondary_global,-3.126957064931699
lab_subject_12,dataset_b,raw_post_minus_pre,inline_early__minus__block_early,inline_early,block_early,theta_power_db_uv2,secondary_global,-3.012745973785404
lab_subject_13,dataset_b,raw_post_minus_pre,inline_early__minus__block_early,inline_early,block_early,theta_power_db_uv2,secondary_global,-1.0627402295226709
lab_subject_14,dataset_b,raw_post_minus_pre,inline_early__minus__block_early,inline_early,block_early,theta_power_db_uv2,secondary_global,-1.5796251396626344
lab_subject_15,dataset_b,raw_post_minus_pre,inline_early__minus__block_early,inline_early,block_early,theta_power_db_uv2,secondary_global,-7.788584389611501
lab_subject_16,dataset_b,raw_post_minus_pre,inline_early__minus__block_early,inline_early,block_early,theta_power_db_uv2,secondary_global,-1.7539537552831224
lab_subject_17,dataset_b,raw_post_minus_pre,inline_early__minus__block_early,inline_early,block_early,theta_power_db_uv2,secondary_global,0.5698338142762429
lab_subject_18,dataset_b,raw_post_minus_pre,inline_early__minus__block_early,inline_early,block_early,theta_power_db_uv2,secondary_global,2.3695688543613143
lab_subject_19,dataset_b,raw_post_minus_pre,inline_early__minus__block_early,inline_early,block_early,theta_power_db_uv2,secondary_global,1.5226383253255005
lab_subject_2,dataset_b,raw_post_minus_pre,inline_early__minus__block_early,inline_early,block_early,theta_power_db_uv2,secondary_global,-3.079711546364204
lab_subject_3,dataset_b,raw_post_minus_pre,inline_early__minus__block_early,inline_early,block_early,theta_power_db_uv2,secondary_global,-1.7710027647660151
lab_subject_5,dataset_b,raw_post_minus_pre,inline_early__minus__block_early,inline_early,block_early,theta_power_db_uv2,secondary_global,2.309809513265682
lab_subject_6,dataset_b,raw_post_minus_pre,inline_early__minus__block_early,inline_early,block_early,theta_power_db_uv2,secondary_global,3.076271901856468
lab_subject_7,dataset_b,raw_post_minus_pre,inline_early__minus__block_early,inline_early,block_early,theta_power_db_uv2,secondary_global,-1.8271366665474775
lab_subject_8,dataset_b,raw_post_minus_pre,inline_early__minus__block_early,inline_early,block_early,theta_power_db_uv2,secondary_global,0.30173334597618684
lab_subject_9,dataset_b,raw_post_minus_pre,inline_early__minus__block_early,inline_early,block_early,theta_power_db_uv2,secondary_global,-1.9577444912822477
lab_subject_1,dataset_b,raw_post_minus_pre,inline_early__minus__block_late,inline_early,block_late,theta_power_db_uv2,secondary_global,-4.838505944768418
lab_subject_10,dataset_b,raw_post_minus_pre,inline_early__minus__block_late,inline_early,block_late,theta_power_db_uv2,secondary_global,3.1710449797731384
lab_subject_11,dataset_b,raw_post_minus_pre,inline_early__minus__block_late,inline_early,block_late,theta_power_db_uv2,secondary_global,-3.0323902678184815
lab_subject_12,dataset_b,raw_post_minus_pre,inline_early__minus__block_late,inline_early,block_late,theta_power_db_uv2,secondary_global,-2.083603485393213
lab_subject_13,dataset_b,raw_post_minus_pre,inline_early__minus__block_late,inline_early,block_late,theta_power_db_uv2,secondary_global,-8.025904658569788
lab_subject_14,dataset_b,raw_post_minus_pre,inline_early__minus__block_late,inline_early,block_late,theta_power_db_uv2,secondary_global,-0.33697378400530553
lab_subject_15,dataset_b,raw_post_minus_pre,inline_early__minus__block_late,inline_early,block_late,theta_power_db_uv2,secondary_global,-5.4180369086428595
lab_subject_16,dataset_b,raw_post_minus_pre,inline_early__minus__block_late,inline_early,block_late,theta_power_db_uv2,secondary_global,-4.864583268594939
lab_subject_17,dataset_b,raw_post_minus_pre,inline_early__minus__block_late,inline_early,block_late,theta_power_db_uv2,secondary_global,1.252661546547313
lab_subject_18,dataset_b,raw_post_minus_pre,inline_early__minus__block_late,inline_early,block_late,theta_power_db_uv2,secondary_global,1.0700735885152257
lab_subject_19,dataset_b,raw_post_minus_pre,inline_early__minus__block_late,inline_early,block_late,theta_power_db_uv2,secondary_global,0.04258230392484208
lab_subject_2,dataset_b,raw_post_minus_pre,inline_early__minus__block_late,inline_early,block_late,theta_power_db_uv2,secondary_global,0.5455260033583889
lab_subject_3,dataset_b,raw_post_minus_pre,inline_early__minus__block_late,inline_early,block_late,theta_power_db_uv2,secondary_global,0.07568130385333127
lab_subject_5,dataset_b,raw_post_minus_pre,inline_early__minus__block_late,inline_early,block_late,theta_power_db_uv2,secondary_global,4.225867044737491
lab_subject_6,dataset_b,raw_post_minus_pre,inline_early__minus__block_late,inline_early,block_late,theta_power_db_uv2,secondary_global,0.35112236955879794
lab_subject_7,dataset_b,raw_post_minus_pre,inline_early__minus__block_late,inline_early,block_late,theta_power_db_uv2,secondary_global,0.018751655645148357
lab_subject_8,dataset_b,raw_post_minus_pre,inline_early__minus__block_late,inline_early,block_late,theta_power_db_uv2,secondary_global,1.9463504256392463
lab_subject_9,dataset_b,raw_post_minus_pre,inline_early__minus__block_late,inline_early,block_late,theta_power_db_uv2,secondary_global,6.01061626398519
lab_subject_1,dataset_b,raw_post_minus_pre,inline_late__minus__block_early,inline_late,block_early,theta_power_db_uv2,secondary_global,-5.876014153643592
lab_subject_10,dataset_b,raw_post_minus_pre,inline_late__minus__block_early,inline_late,block_early,theta_power_db_uv2,secondary_global,-0.0892308196171756
lab_subject_11,dataset_b,raw_post_minus_pre,inline_late__minus__block_early,inline_late,block_early,theta_power_db_uv2,secondary_global,-0.1858756012806042
lab_subject_12,dataset_b,raw_post_minus_pre,inline_late__minus__block_early,inline_late,block_early,theta_power_db_uv2,secondary_global,-0.10053770542224694
lab_subject_13,dataset_b,raw_post_minus_pre,inline_late__minus__block_early,inline_late,block_early,theta_power_db_uv2,secondary_global,-1.1856465362029485
lab_subject_14,dataset_b,raw_post_minus_pre,inline_late__minus__block_early,inline_late,block_early,theta_power_db_uv2,secondary_global,-1.5029182820394045
lab_subject_15,dataset_b,raw_post_minus_pre,inline_late__minus__block_early,inline_late,block_early,theta_power_db_uv2,secondary_global,-0.7247007730474646
lab_subject_16,dataset_b,raw_post_minus_pre,inline_late__minus__block_early,inline_late,block_early,theta_power_db_uv2,secondary_global,-4.157550135484059
lab_subject_17,dataset_b,raw_post_minus_pre,inline_late__minus__block_early,inline_late,block_early,theta_power_db_uv2,secondary_global,-0.046288375759600875
lab_subject_18,dataset_b,raw_post_minus_pre,inline_late__minus__block_early,inline_late,block_early,theta_power_db_uv2,secondary_global,4.221706679064212
lab_subject_19,dataset_b,raw_post_minus_pre,inline_late__minus__block_early,inline_late,block_early,theta_power_db_uv2,secondary_global,-6.382165306934037
lab_subject_2,dataset_b,raw_post_minus_pre,inline_late__minus__block_early,inline_late,block_early,theta_power_db_uv2,secondary_global,-2.2305096909533395
lab_subject_3,dataset_b,raw_post_minus_pre,inline_late__minus__block_early,inline_late,block_early,theta_power_db_uv2,secondary_global,-0.6253930261578864
lab_subject_5,dataset_b,raw_post_minus_pre,inline_late__minus__block_early,inline_late,block_early,theta_power_db_uv2,secondary_global,2.8552522438328922
lab_subject_6,dataset_b,raw_post_minus_pre,inline_late__minus__block_early,inline_late,block_early,theta_power_db_uv2,secondary_global,1.2502989838634821
lab_subject_7,dataset_b,raw_post_minus_pre,inline_late__minus__block_early,inline_late,block_early,theta_power_db_uv2,secondary_global,0.6842198400097139
lab_subject_8,dataset_b,raw_post_minus_pre,inline_late__minus__block_early,inline_late,block_early,theta_power_db_uv2,secondary_global,-1.4276537093830513
lab_subject_9,dataset_b,raw_post_minus_pre,inline_late__minus__block_early,inline_late,block_early,theta_power_db_uv2,secondary_global,-2.467261362257111
lab_subject_1,dataset_b,raw_post_minus_pre,inline_late__minus__block_late,inline_late,block_late,theta_power_db_uv2,secondary_global,-8.41966101026187
lab_subject_10,dataset_b,raw_post_minus_pre,inline_late__minus__block_late,inline_late,block_late,theta_power_db_uv2,secondary_global,0.6866176552525864
lab_subject_11,dataset_b,raw_post_minus_pre,inline_late__minus__block_late,inline_late,block_late,theta_power_db_uv2,secondary_global,-0.09130880416738663
lab_subject_12,dataset_b,raw_post_minus_pre,inline_late__minus__block_late,inline_late,block_late,theta_power_db_uv2,secondary_global,0.8286047829699443
lab_subject_13,dataset_b,raw_post_minus_pre,inline_late__minus__block_late,inline_late,block_late,theta_power_db_uv2,secondary_global,-8.148810965250066
lab_subject_14,dataset_b,raw_post_minus_pre,inline_late__minus__block_late,inline_late,block_late,theta_power_db_uv2,secondary_global,-0.2602669263820756
lab_subject_15,dataset_b,raw_post_minus_pre,inline_late__minus__block_late,inline_late,block_late,theta_power_db_uv2,secondary_global,1.6458467079211765
lab_subject_16,dataset_b,raw_post_minus_pre,inline_late__minus__block_late,inline_late,block_late,theta_power_db_uv2,secondary_global,-7.268179648795876
lab_subject_17,dataset_b,raw_post_minus_pre,inline_late__minus__block_late,inline_late,block_late,theta_power_db_uv2,secondary_global,0.6365393565114692
lab_subject_18,dataset_b,raw_post_minus_pre,inline_late__minus__block_late,inline_late,block_late,theta_power_db_uv2,secondary_global,2.9222114132181236
lab_subject_19,dataset_b,raw_post_minus_pre,inline_late__minus__block_late,inline_late,block_late,theta_power_db_uv2,secondary_global,-7.862221328334695
lab_subject_2,dataset_b,raw_post_minus_pre,inline_late__minus__block_late,inline_late,block_late,theta_power_db_uv2,secondary_global,1.3947278587692535
lab_subject_3,dataset_b,raw_post_minus_pre,inline_late__minus__block_late,inline_late,block_late,theta_power_db_uv2,secondary_global,1.22129104246146
lab_subject_5,dataset_b,raw_post_minus_pre,inline_late__minus__block_late,inline_late,block_late,theta_power_db_uv2,secondary_global,4.771309775304701
lab_subject_6,dataset_b,raw_post_minus_pre,inline_late__minus__block_late,inline_late,block_late,theta_power_db_uv2,secondary_global,-1.4748505484341878
lab_subject_7,dataset_b,raw_post_minus_pre,inline_late__minus__block_late,inline_late,block_late,theta_power_db_uv2,secondary_global,2.53010816220234
lab_subject_8,dataset_b,raw_post_minus_pre,inline_late__minus__block_late,inline_late,block_late,theta_power_db_uv2,secondary_global,0.21696337028000823
lab_subject_9,dataset_b,raw_post_minus_pre,inline_late__minus__block_late,inline_late,block_late,theta_power_db_uv2,secondary_global,5.5010993930103265
lab_subject_1,dataset_b,raw_post_minus_pre,block_early__minus__block_late,block_early,block_late,theta_power_db_uv2,secondary_global,-2.5436468566182775
lab_subject_10,dataset_b,raw_post_minus_pre,block_early__minus__block_late,block_early,block_late,theta_power_db_uv2,secondary_global,0.775848474869762
lab_subject_11,dataset_b,raw_post_minus_pre,block_early__minus__block_late,block_early,block_late,theta_power_db_uv2,secondary_global,0.09456679711321758
lab_subject_12,dataset_b,raw_post_minus_pre,block_early__minus__block_late,block_early,block_late,theta_power_db_uv2,secondary_global,0.9291424883921913
lab_subject_13,dataset_b,raw_post_minus_pre,block_early__minus__block_late,block_early,block_late,theta_power_db_uv2,secondary_global,-6.963164429047117
lab_subject_14,dataset_b,raw_post_minus_pre,block_early__minus__block_late,block_early,block_late,theta_power_db_uv2,secondary_global,1.2426513556573289
lab_subject_15,dataset_b,raw_post_minus_pre,block_early__minus__block_late,block_early,block_late,theta_power_db_uv2,secondary_global,2.370547480968641
lab_subject_16,dataset_b,raw_post_minus_pre,block_early__minus__block_late,block_early,block_late,theta_power_db_uv2,secondary_global,-3.1106295133118165
lab_subject_17,dataset_b,raw_post_minus_pre,block_early__minus__block_late,block_early,block_late,theta_power_db_uv2,secondary_global,0.6828277322710701
lab_subject_18,dataset_b,raw_post_minus_pre,block_early__minus__block_late,block_early,block_late,theta_power_db_uv2,secondary_global,-1.2994952658460885
lab_subject_19,dataset_b,raw_post_minus_pre,block_early__minus__block_late,block_early,block_late,theta_power_db_uv2,secondary_global,-1.4800560214006584
lab_subject_2,dataset_b,raw_post_minus_pre,block_early__minus__block_late,block_early,block_late,theta_power_db_uv2,secondary_global,3.625237549722593
lab_subject_3,dataset_b,raw_post_minus_pre,block_early__minus__block_late,block_early,block_late,theta_power_db_uv2,secondary_global,1.8466840686193464
lab_subject_5,dataset_b,raw_post_minus_pre,block_early__minus__block_late,block_early,block_late,theta_power_db_uv2,secondary_global,1.9160575314718091
lab_subject_6,dataset_b,raw_post_minus_pre,block_early__minus__block_late,block_early,block_late,theta_power_db_uv2,secondary_global,-2.72514953229767
lab_subject_7,dataset_b,raw_post_minus_pre,block_early__minus__block_late,block_early,block_late,theta_power_db_uv2,secondary_global,1.8458883221926259
lab_subject_8,dataset_b,raw_post_minus_pre,block_early__minus__block_late,block_early,block_late,theta_power_db_uv2,secondary_global,1.6446170796630595
lab_subject_9,dataset_b,raw_post_minus_pre,block_early__minus__block_late,block_early,block_late,theta_power_db_uv2,secondary_global,7.968360755267438
lab_subject_1,dataset_b,delta_matched_control,inline_early__minus__inline_late,inline_early,inline_late,alpha_power_db_uv2,secondary_global,6.248939709681908
lab_subject_10,dataset_b,delta_matched_control,inline_early__minus__inline_late,inline_early,inline_late,alpha_power_db_uv2,secondary_global,1.6508411094420605
lab_subject_11,dataset_b,delta_matched_control,inline_early__minus__inline_late,inline_early,inline_late,alpha_power_db_uv2,secondary_global,-4.533368364356833
lab_subject_12,dataset_b,delta_matched_control,inline_early__minus__inline_late,inline_early,inline_late,alpha_power_db_uv2,secondary_global,7.399091839696973
lab_subject_13,dataset_b,delta_matched_control,inline_early__minus__inline_late,inline_early,inline_late,alpha_power_db_uv2,secondary_global,-5.3830197126821755
lab_subject_14,dataset_b,delta_matched_control,inline_early__minus__inline_late,inline_early,inline_late,alpha_power_db_uv2,secondary_global,-10.158452721015248
lab_subject_15,dataset_b,delta_matched_control,inline_early__minus__inline_late,inline_early,inline_late,alpha_power_db_uv2,secondary_global,3.7500571079924288
lab_subject_16,dataset_b,delta_matched_control,inline_early__minus__inline_late,inline_early,inline_late,alpha_power_db_uv2,secondary_global,-2.757052069981591
lab_subject_17,dataset_b,delta_matched_control,inline_early__minus__inline_late,inline_early,inline_late,alpha_power_db_uv2,secondary_global,5.629555597628352
lab_subject_18,dataset_b,delta_matched_control,inline_early__minus__inline_late,inline_early,inline_late,alpha_power_db_uv2,secondary_global,-0.37886396486943674
lab_subject_19,dataset_b,delta_matched_control,inline_early__minus__inline_late,inline_early,inline_late,alpha_power_db_uv2,secondary_global,7.130049071034779
lab_subject_2,dataset_b,delta_matched_control,inline_early__minus__inline_late,inline_early,inline_late,alpha_power_db_uv2,secondary_global,-2.970351565445452
lab_subject_3,dataset_b,delta_matched_control,inline_early__minus__inline_late,inline_early,inline_late,alpha_power_db_uv2,secondary_global,0.27542786684375953
lab_subject_5,dataset_b,delta_matched_control,inline_early__minus__inline_late,inline_early,inline_late,alpha_power_db_uv2,secondary_global,-1.4215715457976876
lab_subject_6,dataset_b,delta_matched_control,inline_early__minus__inline_late,inline_early,inline_late,alpha_power_db_uv2,secondary_global,6.2599394276771845
lab_subject_7,dataset_b,delta_matched_control,inline_early__minus__inline_late,inline_early,inline_late,alpha_power_db_uv2,secondary_global,0.817674900469058
lab_subject_8,dataset_b,delta_matched_control,inline_early__minus__inline_late,inline_early,inline_late,alpha_power_db_uv2,secondary_global,4.042415590305704
lab_subject_9,dataset_b,delta_matched_control,inline_early__minus__inline_late,inline_early,inline_late,alpha_power_db_uv2,secondary_global,-1.3266385131772003
lab_subject_1,dataset_b,delta_matched_control,inline_early__minus__block_early,inline_early,block_early,alpha_power_db_uv2,secondary_global,3.8340926692612785
lab_subject_10,dataset_b,delta_matched_control,inline_early__minus__block_early,inline_early,block_early,alpha_power_db_uv2,secondary_global,-0.5590936050939357
lab_subject_11,dataset_b,delta_matched_control,inline_early__minus__block_early,inline_early,block_early,alpha_power_db_uv2,secondary_global,-2.9970157406961295
lab_subject_12,dataset_b,delta_matched_control,inline_early__minus__block_early,inline_early,block_early,alpha_power_db_uv2,secondary_global,-3.404484433037463
lab_subject_13,dataset_b,delta_matched_control,inline_early__minus__block_early,inline_early,block_early,alpha_power_db_uv2,secondary_global,-1.722299171225698
lab_subject_14,dataset_b,delta_matched_control,inline_early__minus__block_early,inline_early,block_early,alpha_power_db_uv2,secondary_global,-4.318383250505294
lab_subject_15,dataset_b,delta_matched_control,inline_early__minus__block_early,inline_early,block_early,alpha_power_db_uv2,secondary_global,1.9043915979432986
lab_subject_16,dataset_b,delta_matched_control,inline_early__minus__block_early,inline_early,block_early,alpha_power_db_uv2,secondary_global,-0.8488015139151415
lab_subject_17,dataset_b,delta_matched_control,inline_early__minus__block_early,inline_early,block_early,alpha_power_db_uv2,secondary_global,1.2842501195593563
lab_subject_18,dataset_b,delta_matched_control,inline_early__minus__block_early,inline_early,block_early,alpha_power_db_uv2,secondary_global,4.187893122199942
lab_subject_19,dataset_b,delta_matched_control,inline_early__minus__block_early,inline_early,block_early,alpha_power_db_uv2,secondary_global,6.144204098359035
lab_subject_2,dataset_b,delta_matched_control,inline_early__minus__block_early,inline_early,block_early,alpha_power_db_uv2,secondary_global,-1.1843531097631015
lab_subject_3,dataset_b,delta_matched_control,inline_early__minus__block_early,inline_early,block_early,alpha_power_db_uv2,secondary_global,1.2984799951696977
lab_subject_5,dataset_b,delta_matched_control,inline_early__minus__block_early,inline_early,block_early,alpha_power_db_uv2,secondary_global,-2.9435848055661746
lab_subject_6,dataset_b,delta_matched_control,inline_early__minus__block_early,inline_early,block_early,alpha_power_db_uv2,secondary_global,3.0712420055939837
lab_subject_7,dataset_b,delta_matched_control,inline_early__minus__block_early,inline_early,block_early,alpha_power_db_uv2,secondary_global,0.060339235409072156
lab_subject_8,dataset_b,delta_matched_control,inline_early__minus__block_early,inline_early,block_early,alpha_power_db_uv2,secondary_global,-0.44777908714575965
lab_subject_9,dataset_b,delta_matched_control,inline_early__minus__block_early,inline_early,block_early,alpha_power_db_uv2,secondary_global,-3.3045761058254888
lab_subject_1,dataset_b,delta_matched_control,inline_early__minus__block_late,inline_early,block_late,alpha_power_db_uv2,secondary_global,2.749416167031301
lab_subject_10,dataset_b,delta_matched_control,inline_early__minus__block_late,inline_early,block_late,alpha_power_db_uv2,secondary_global,4.055153351760824
lab_subject_11,dataset_b,delta_matched_control,inline_early__minus__block_late,inline_early,block_late,alpha_power_db_uv2,secondary_global,-3.709706693813315
lab_subject_12,dataset_b,delta_matched_control,inline_early__minus__block_late,inline_early,block_late,alpha_power_db_uv2,secondary_global,4.601392177478649
lab_subject_13,dataset_b,delta_matched_control,inline_early__minus__block_late,inline_early,block_late,alpha_power_db_uv2,secondary_global,-6.839812542160827
lab_subject_14,dataset_b,delta_matched_control,inline_early__minus__block_late,inline_early,block_late,alpha_power_db_uv2,secondary_global,-10.031539962831648
lab_subject_15,dataset_b,delta_matched_control,inline_early__minus__block_late,inline_early,block_late,alpha_power_db_uv2,secondary_global,1.824055223945846
lab_subject_16,dataset_b,delta_matched_control,inline_early__minus__block_late,inline_early,block_late,alpha_power_db_uv2,secondary_global,-4.769105388013061
lab_subject_17,dataset_b,delta_matched_control,inline_early__minus__block_late,inline_early,block_late,alpha_power_db_uv2,secondary_global,5.656680400324813
lab_subject_18,dataset_b,delta_matched_control,inline_early__minus__block_late,inline_early,block_late,alpha_power_db_uv2,secondary_global,4.671307730716872
lab_subject_19,dataset_b,delta_matched_control,inline_early__minus__block_late,inline_early,block_late,alpha_power_db_uv2,secondary_global,2.408082444507775
lab_subject_2,dataset_b,delta_matched_control,inline_early__minus__block_late,inline_early,block_late,alpha_power_db_uv2,secondary_global,-2.868814131285739
lab_subject_3,dataset_b,delta_matched_control,inline_early__minus__block_late,inline_early,block_late,alpha_power_db_uv2,secondary_global,0.03393491147274785
lab_subject_5,dataset_b,delta_matched_control,inline_early__minus__block_late,inline_early,block_late,alpha_power_db_uv2,secondary_global,2.41678848070691
lab_subject_6,dataset_b,delta_matched_control,inline_early__minus__block_late,inline_early,block_late,alpha_power_db_uv2,secondary_global,4.270027714347489
lab_subject_7,dataset_b,delta_matched_control,inline_early__minus__block_late,inline_early,block_late,alpha_power_db_uv2,secondary_global,2.2739383165618183
lab_subject_8,dataset_b,delta_matched_control,inline_early__minus__block_late,inline_early,block_late,alpha_power_db_uv2,secondary_global,3.810854103381093
lab_subject_9,dataset_b,delta_matched_control,inline_early__minus__block_late,inline_early,block_late,alpha_power_db_uv2,secondary_global,2.2400927650339186
lab_subject_1,dataset_b,delta_matched_control,inline_late__minus__block_early,inline_late,block_early,alpha_power_db_uv2,secondary_global,-2.4148470404206295
lab_subject_10,dataset_b,delta_matched_control,inline_late__minus__block_early,inline_late,block_early,alpha_power_db_uv2,secondary_global,-2.209934714535996
lab_subject_11,dataset_b,delta_matched_control,inline_late__minus__block_early,inline_late,block_early,alpha_power_db_uv2,secondary_global,1.5363526236607035
lab_subject_12,dataset_b,delta_matched_control,inline_late__minus__block_early,inline_late,block_early,alpha_power_db_uv2,secondary_global,-10.803576272734436
lab_subject_13,dataset_b,delta_matched_control,inline_late__minus__block_early,inline_late,block_early,alpha_power_db_uv2,secondary_global,3.660720541456477
lab_subject_14,dataset_b,delta_matched_control,inline_late__minus__block_early,inline_late,block_early,alpha_power_db_uv2,secondary_global,5.840069470509955
lab_subject_15,dataset_b,delta_matched_control,inline_late__minus__block_early,inline_late,block_early,alpha_power_db_uv2,secondary_global,-1.8456655100491302
lab_subject_16,dataset_b,delta_matched_control,inline_late__minus__block_early,inline_late,block_early,alpha_power_db_uv2,secondary_global,1.9082505560664496
lab_subject_17,dataset_b,delta_matched_control,inline_late__minus__block_early,inline_late,block_early,alpha_power_db_uv2,secondary_global,-4.345305478068996
lab_subject_18,dataset_b,delta_matched_control,inline_late__minus__block_early,inline_late,block_early,alpha_power_db_uv2,secondary_global,4.566757087069378
lab_subject_19,dataset_b,delta_matched_control,inline_late__minus__block_early,inline_late,block_early,alpha_power_db_uv2,secondary_global,-0.9858449726757437
lab_subject_2,dataset_b,delta_matched_control,inline_late__minus__block_early,inline_late,block_early,alpha_power_db_uv2,secondary_global,1.7859984556823507
lab_subject_3,dataset_b,delta_matched_control,inline_late__minus__block_early,inline_late,block_early,alpha_power_db_uv2,secondary_global,1.0230521283259382
lab_subject_5,dataset_b,delta_matched_control,inline_late__minus__block_early,inline_late,block_early,alpha_power_db_uv2,secondary_global,-1.522013259768487
lab_subject_6,dataset_b,delta_matched_control,inline_late__minus__block_early,inline_late,block_early,alpha_power_db_uv2,secondary_global,-3.1886974220832007
lab_subject_7,dataset_b,delta_matched_control,inline_late__minus__block_early,inline_late,block_early,alpha_power_db_uv2,secondary_global,-0.7573356650599858
lab_subject_8,dataset_b,delta_matched_control,inline_late__minus__block_early,inline_late,block_early,alpha_power_db_uv2,secondary_global,-4.490194677451464
lab_subject_9,dataset_b,delta_matched_control,inline_late__minus__block_early,inline_late,block_early,alpha_power_db_uv2,secondary_global,-1.9779375926482885
lab_subject_1,dataset_b,delta_matched_control,inline_late__minus__block_late,inline_late,block_late,alpha_power_db_uv2,secondary_global,-3.499523542650607
lab_subject_10,dataset_b,delta_matched_control,inline_late__minus__block_late,inline_late,block_late,alpha_power_db_uv2,secondary_global,2.4043122423187633
lab_subject_11,dataset_b,delta_matched_control,inline_late__minus__block_late,inline_late,block_late,alpha_power_db_uv2,secondary_global,0.823661670543518
lab_subject_12,dataset_b,delta_matched_control,inline_late__minus__block_late,inline_late,block_late,alpha_power_db_uv2,secondary_global,-2.7976996622183234
lab_subject_13,dataset_b,delta_matched_control,inline_late__minus__block_late,inline_late,block_late,alpha_power_db_uv2,secondary_global,-1.4567928294786516
lab_subject_14,dataset_b,delta_matched_control,inline_late__minus__block_late,inline_late,block_late,alpha_power_db_uv2,secondary_global,0.12691275818360204
lab_subject_15,dataset_b,delta_matched_control,inline_late__minus__block_late,inline_late,block_late,alpha_power_db_uv2,secondary_global,-1.9260018840465827
lab_subject_16,dataset_b,delta_matched_control,inline_late__minus__block_late,inline_late,block_late,alpha_power_db_uv2,secondary_global,-2.01205331803147
lab_subject_17,dataset_b,delta_matched_control,inline_late__minus__block_late,inline_late,block_late,alpha_power_db_uv2,secondary_global,0.027124802696461003
lab_subject_18,dataset_b,delta_matched_control,inline_late__minus__block_late,inline_late,block_late,alpha_power_db_uv2,secondary_global,5.050171695586309
lab_subject_19,dataset_b,delta_matched_control,inline_late__minus__block_late,inline_late,block_late,alpha_power_db_uv2,secondary_global,-4.721966626527004
lab_subject_2,dataset_b,delta_matched_control,inline_late__minus__block_late,inline_late,block_late,alpha_power_db_uv2,secondary_global,0.10153743415971306
lab_subject_3,dataset_b,delta_matched_control,inline_late__minus__block_late,inline_late,block_late,alpha_power_db_uv2,secondary_global,-0.24149295537101167
lab_subject_5,dataset_b,delta_matched_control,inline_late__minus__block_late,inline_late,block_late,alpha_power_db_uv2,secondary_global,3.838360026504598
lab_subject_6,dataset_b,delta_matched_control,inline_late__minus__block_late,inline_late,block_late,alpha_power_db_uv2,secondary_global,-1.989911713329695
lab_subject_7,dataset_b,delta_matched_control,inline_late__minus__block_late,inline_late,block_late,alpha_power_db_uv2,secondary_global,1.4562634160927603
lab_subject_8,dataset_b,delta_matched_control,inline_late__minus__block_late,inline_late,block_late,alpha_power_db_uv2,secondary_global,-0.23156148692461098
lab_subject_9,dataset_b,delta_matched_control,inline_late__minus__block_late,inline_late,block_late,alpha_power_db_uv2,secondary_global,3.566731278211119
lab_subject_1,dataset_b,delta_matched_control,block_early__minus__block_late,block_early,block_late,alpha_power_db_uv2,secondary_global,-1.0846765022299776
lab_subject_10,dataset_b,delta_matched_control,block_early__minus__block_late,block_early,block_late,alpha_power_db_uv2,secondary_global,4.6142469568547595
lab_subject_11,dataset_b,delta_matched_control,block_early__minus__block_late,block_early,block_late,alpha_power_db_uv2,secondary_global,-0.7126909531171854
lab_subject_12,dataset_b,delta_matched_control,block_early__minus__block_late,block_early,block_late,alpha_power_db_uv2,secondary_global,8.005876610516111
lab_subject_13,dataset_b,delta_matched_control,block_early__minus__block_late,block_early,block_late,alpha_power_db_uv2,secondary_global,-5.117513370935129
lab_subject_14,dataset_b,delta_matched_control,block_early__minus__block_late,block_early,block_late,alpha_power_db_uv2,secondary_global,-5.713156712326353
lab_subject_15,dataset_b,delta_matched_control,block_early__minus__block_late,block_early,block_late,alpha_power_db_uv2,secondary_global,-0.08033637399745253
lab_subject_16,dataset_b,delta_matched_control,block_early__minus__block_late,block_early,block_late,alpha_power_db_uv2,secondary_global,-3.9203038740979195
lab_subject_17,dataset_b,delta_matched_control,block_early__minus__block_late,block_early,block_late,alpha_power_db_uv2,secondary_global,4.372430280765457
lab_subject_18,dataset_b,delta_matched_control,block_early__minus__block_late,block_early,block_late,alpha_power_db_uv2,secondary_global,0.4834146085169304
lab_subject_19,dataset_b,delta_matched_control,block_early__minus__block_late,block_early,block_late,alpha_power_db_uv2,secondary_global,-3.73612165385126
lab_subject_2,dataset_b,delta_matched_control,block_early__minus__block_late,block_early,block_late,alpha_power_db_uv2,secondary_global,-1.6844610215226377
lab_subject_3,dataset_b,delta_matched_control,block_early__minus__block_late,block_early,block_late,alpha_power_db_uv2,secondary_global,-1.2645450836969498
lab_subject_5,dataset_b,delta_matched_control,block_early__minus__block_late,block_early,block_late,alpha_power_db_uv2,secondary_global,5.360373286273084
lab_subject_6,dataset_b,delta_matched_control,block_early__minus__block_late,block_early,block_late,alpha_power_db_uv2,secondary_global,1.1987857087535057
lab_subject_7,dataset_b,delta_matched_control,block_early__minus__block_late,block_early,block_late,alpha_power_db_uv2,secondary_global,2.213599081152746
lab_subject_8,dataset_b,delta_matched_control,block_early__minus__block_late,block_early,block_late,alpha_power_db_uv2,secondary_global,4.258633190526853
lab_subject_9,dataset_b,delta_matched_control,block_early__minus__block_late,block_early,block_late,alpha_power_db_uv2,secondary_global,5.544668870859407
lab_subject_1,dataset_b,raw_post_minus_pre,inline_early__minus__inline_late,inline_early,inline_late,alpha_power_db_uv2,secondary_global,5.133335744391904
lab_subject_10,dataset_b,raw_post_minus_pre,inline_early__minus__inline_late,inline_early,inline_late,alpha_power_db_uv2,secondary_global,0.4860378848315312
lab_subject_11,dataset_b,raw_post_minus_pre,inline_early__minus__inline_late,inline_early,inline_late,alpha_power_db_uv2,secondary_global,-0.7501568742473488
lab_subject_12,dataset_b,raw_post_minus_pre,inline_early__minus__inline_late,inline_early,inline_late,alpha_power_db_uv2,secondary_global,3.5633224234989544
lab_subject_13,dataset_b,raw_post_minus_pre,inline_early__minus__inline_late,inline_early,inline_late,alpha_power_db_uv2,secondary_global,-2.3665983712108916
lab_subject_14,dataset_b,raw_post_minus_pre,inline_early__minus__inline_late,inline_early,inline_late,alpha_power_db_uv2,secondary_global,-2.629076543734416
lab_subject_15,dataset_b,raw_post_minus_pre,inline_early__minus__inline_late,inline_early,inline_late,alpha_power_db_uv2,secondary_global,1.9371127413529896
lab_subject_16,dataset_b,raw_post_minus_pre,inline_early__minus__inline_late,inline_early,inline_late,alpha_power_db_uv2,secondary_global,-1.0553894268281558
lab_subject_17,dataset_b,raw_post_minus_pre,inline_early__minus__inline_late,inline_early,inline_late,alpha_power_db_uv2,secondary_global,2.0646668985457453
lab_subject_18,dataset_b,raw_post_minus_pre,inline_early__minus__inline_late,inline_early,inline_late,alpha_power_db_uv2,secondary_global,-1.139635262582042
lab_subject_19,dataset_b,raw_post_minus_pre,inline_early__minus__inline_late,inline_early,inline_late,alpha_power_db_uv2,secondary_global,6.19666544598956
lab_subject_2,dataset_b,raw_post_minus_pre,inline_early__minus__inline_late,inline_early,inline_late,alpha_power_db_uv2,secondary_global,3.352163948766802
lab_subject_3,dataset_b,raw_post_minus_pre,inline_early__minus__inline_late,inline_early,inline_late,alpha_power_db_uv2,secondary_global,-0.251800813140608
lab_subject_5,dataset_b,raw_post_minus_pre,inline_early__minus__inline_late,inline_early,inline_late,alpha_power_db_uv2,secondary_global,-1.4191620351701193
lab_subject_6,dataset_b,raw_post_minus_pre,inline_early__minus__inline_late,inline_early,inline_late,alpha_power_db_uv2,secondary_global,2.215950819261897
lab_subject_7,dataset_b,raw_post_minus_pre,inline_early__minus__inline_late,inline_early,inline_late,alpha_power_db_uv2,secondary_global,-0.0972111542458618
lab_subject_8,dataset_b,raw_post_minus_pre,inline_early__minus__inline_late,inline_early,inline_late,alpha_power_db_uv2,secondary_global,0.17598368619337101
lab_subject_9,dataset_b,raw_post_minus_pre,inline_early__minus__inline_late,inline_early,inline_late,alpha_power_db_uv2,secondary_global,-4.69855741129422
lab_subject_1,dataset_b,raw_post_minus_pre,inline_early__minus__block_early,inline_early,block_early,alpha_power_db_uv2,secondary_global,3.8340926692612785
lab_subject_10,dataset_b,raw_post_minus_pre,inline_early__minus__block_early,inline_early,block_early,alpha_power_db_uv2,secondary_global,-0.5590936050939357
lab_subject_11,dataset_b,raw_post_minus_pre,inline_early__minus__block_early,inline_early,block_early,alpha_power_db_uv2,secondary_global,-2.9970157406961295
lab_subject_12,dataset_b,raw_post_minus_pre,inline_early__minus__block_early,inline_early,block_early,alpha_power_db_uv2,secondary_global,-3.404484433037463
lab_subject_13,dataset_b,raw_post_minus_pre,inline_early__minus__block_early,inline_early,block_early,alpha_power_db_uv2,secondary_global,-1.7222991712256985
lab_subject_14,dataset_b,raw_post_minus_pre,inline_early__minus__block_early,inline_early,block_early,alpha_power_db_uv2,secondary_global,-4.318383250505294
lab_subject_15,dataset_b,raw_post_minus_pre,inline_early__minus__block_early,inline_early,block_early,alpha_power_db_uv2,secondary_global,1.9043915979432988
lab_subject_16,dataset_b,raw_post_minus_pre,inline_early__minus__block_early,inline_early,block_early,alpha_power_db_uv2,secondary_global,-0.8488015139151415
lab_subject_17,dataset_b,raw_post_minus_pre,inline_early__minus__block_early,inline_early,block_early,alpha_power_db_uv2,secondary_global,1.2842501195593563
lab_subject_18,dataset_b,raw_post_minus_pre,inline_early__minus__block_early,inline_early,block_early,alpha_power_db_uv2,secondary_global,4.187893122199942
lab_subject_19,dataset_b,raw_post_minus_pre,inline_early__minus__block_early,inline_early,block_early,alpha_power_db_uv2,secondary_global,6.144204098359035
lab_subject_2,dataset_b,raw_post_minus_pre,inline_early__minus__block_early,inline_early,block_early,alpha_power_db_uv2,secondary_global,-1.1843531097631015
lab_subject_3,dataset_b,raw_post_minus_pre,inline_early__minus__block_early,inline_early,block_early,alpha_power_db_uv2,secondary_global,1.2984799951696977
lab_subject_5,dataset_b,raw_post_minus_pre,inline_early__minus__block_early,inline_early,block_early,alpha_power_db_uv2,secondary_global,-2.9435848055661746
lab_subject_6,dataset_b,raw_post_minus_pre,inline_early__minus__block_early,inline_early,block_early,alpha_power_db_uv2,secondary_global,3.0712420055939837
lab_subject_7,dataset_b,raw_post_minus_pre,inline_early__minus__block_early,inline_early,block_early,alpha_power_db_uv2,secondary_global,0.060339235409072156
lab_subject_8,dataset_b,raw_post_minus_pre,inline_early__minus__block_early,inline_early,block_early,alpha_power_db_uv2,secondary_global,-0.44777908714575965
lab_subject_9,dataset_b,raw_post_minus_pre,inline_early__minus__block_early,inline_early,block_early,alpha_power_db_uv2,secondary_global,-3.3045761058254888
lab_subject_1,dataset_b,raw_post_minus_pre,inline_early__minus__block_late,inline_early,block_late,alpha_power_db_uv2,secondary_global,1.6338122017412973
lab_subject_10,dataset_b,raw_post_minus_pre,inline_early__minus__block_late,inline_early,block_late,alpha_power_db_uv2,secondary_global,2.8903501271502945
lab_subject_11,dataset_b,raw_post_minus_pre,inline_early__minus__block_late,inline_early,block_late,alpha_power_db_uv2,secondary_global,0.07350479629616924
lab_subject_12,dataset_b,raw_post_minus_pre,inline_early__minus__block_late,inline_early,block_late,alpha_power_db_uv2,secondary_global,0.765622761280631
lab_subject_13,dataset_b,raw_post_minus_pre,inline_early__minus__block_late,inline_early,block_late,alpha_power_db_uv2,secondary_global,-3.823391200689543
lab_subject_14,dataset_b,raw_post_minus_pre,inline_early__minus__block_late,inline_early,block_late,alpha_power_db_uv2,secondary_global,-2.502163785550814
lab_subject_15,dataset_b,raw_post_minus_pre,inline_early__minus__block_late,inline_early,block_late,alpha_power_db_uv2,secondary_global,0.01111085730640693
lab_subject_16,dataset_b,raw_post_minus_pre,inline_early__minus__block_late,inline_early,block_late,alpha_power_db_uv2,secondary_global,-3.0674427448596258
lab_subject_17,dataset_b,raw_post_minus_pre,inline_early__minus__block_late,inline_early,block_late,alpha_power_db_uv2,secondary_global,2.0917917012422063
lab_subject_18,dataset_b,raw_post_minus_pre,inline_early__minus__block_late,inline_early,block_late,alpha_power_db_uv2,secondary_global,3.9105364330042667
lab_subject_19,dataset_b,raw_post_minus_pre,inline_early__minus__block_late,inline_early,block_late,alpha_power_db_uv2,secondary_global,1.4746988194625574
lab_subject_2,dataset_b,raw_post_minus_pre,inline_early__minus__block_late,inline_early,block_late,alpha_power_db_uv2,secondary_global,3.453701382926515
lab_subject_3,dataset_b,raw_post_minus_pre,inline_early__minus__block_late,inline_early,block_late,alpha_power_db_uv2,secondary_global,-0.49329376851161966
lab_subject_5,dataset_b,raw_post_minus_pre,inline_early__minus__block_late,inline_early,block_late,alpha_power_db_uv2,secondary_global,2.4191979913344785
lab_subject_6,dataset_b,raw_post_minus_pre,inline_early__minus__block_late,inline_early,block_late,alpha_power_db_uv2,secondary_global,0.22603910593220178
lab_subject_7,dataset_b,raw_post_minus_pre,inline_early__minus__block_late,inline_early,block_late,alpha_power_db_uv2,secondary_global,1.3590522618468985
lab_subject_8,dataset_b,raw_post_minus_pre,inline_early__minus__block_late,inline_early,block_late,alpha_power_db_uv2,secondary_global,-0.05557780073123997
lab_subject_9,dataset_b,raw_post_minus_pre,inline_early__minus__block_late,inline_early,block_late,alpha_power_db_uv2,secondary_global,-1.1318261330831012
lab_subject_1,dataset_b,raw_post_minus_pre,inline_late__minus__block_early,inline_late,block_early,alpha_power_db_uv2,secondary_global,-1.2992430751306259
lab_subject_10,dataset_b,raw_post_minus_pre,inline_late__minus__block_early,inline_late,block_early,alpha_power_db_uv2,secondary_global,-1.045131489925467
lab_subject_11,dataset_b,raw_post_minus_pre,inline_late__minus__block_early,inline_late,block_early,alpha_power_db_uv2,secondary_global,-2.2468588664487807
lab_subject_12,dataset_b,raw_post_minus_pre,inline_late__minus__block_early,inline_late,block_early,alpha_power_db_uv2,secondary_global,-6.967806856536417
lab_subject_13,dataset_b,raw_post_minus_pre,inline_late__minus__block_early,inline_late,block_early,alpha_power_db_uv2,secondary_global,0.644299199985193
lab_subject_14,dataset_b,raw_post_minus_pre,inline_late__minus__block_early,inline_late,block_early,alpha_power_db_uv2,secondary_global,-1.6893067067708776
lab_subject_15,dataset_b,raw_post_minus_pre,inline_late__minus__block_early,inline_late,block_early,alpha_power_db_uv2,secondary_global,-0.03272114340969079
lab_subject_16,dataset_b,raw_post_minus_pre,inline_late__minus__block_early,inline_late,block_early,alpha_power_db_uv2,secondary_global,0.20658791291301437
lab_subject_17,dataset_b,raw_post_minus_pre,inline_late__minus__block_early,inline_late,block_early,alpha_power_db_uv2,secondary_global,-0.780416778986389
lab_subject_18,dataset_b,raw_post_minus_pre,inline_late__minus__block_early,inline_late,block_early,alpha_power_db_uv2,secondary_global,5.327528384781983
lab_subject_19,dataset_b,raw_post_minus_pre,inline_late__minus__block_early,inline_late,block_early,alpha_power_db_uv2,secondary_global,-0.052461347630525346
lab_subject_2,dataset_b,raw_post_minus_pre,inline_late__minus__block_early,inline_late,block_early,alpha_power_db_uv2,secondary_global,-4.5365170585299035
lab_subject_3,dataset_b,raw_post_minus_pre,inline_late__minus__block_early,inline_late,block_early,alpha_power_db_uv2,secondary_global,1.5502808083103057
lab_subject_5,dataset_b,raw_post_minus_pre,inline_late__minus__block_early,inline_late,block_early,alpha_power_db_uv2,secondary_global,-1.5244227703960553
lab_subject_6,dataset_b,raw_post_minus_pre,inline_late__minus__block_early,inline_late,block_early,alpha_power_db_uv2,secondary_global,0.8552911863320869
lab_subject_7,dataset_b,raw_post_minus_pre,inline_late__minus__block_early,inline_late,block_early,alpha_power_db_uv2,secondary_global,0.15755038965493395
lab_subject_8,dataset_b,raw_post_minus_pre,inline_late__minus__block_early,inline_late,block_early,alpha_power_db_uv2,secondary_global,-0.6237627733391307
lab_subject_9,dataset_b,raw_post_minus_pre,inline_late__minus__block_early,inline_late,block_early,alpha_power_db_uv2,secondary_global,1.3939813054687313
lab_subject_1,dataset_b,raw_post_minus_pre,inline_late__minus__block_late,inline_late,block_late,alpha_power_db_uv2,secondary_global,-3.499523542650607
lab_subject_10,dataset_b,raw_post_minus_pre,inline_late__minus__block_late,inline_late,block_late,alpha_power_db_uv2,secondary_global,2.4043122423187633
lab_subject_11,dataset_b,raw_post_minus_pre,inline_late__minus__block_late,inline_late,block_late,alpha_power_db_uv2,secondary_global,0.823661670543518
lab_subject_12,dataset_b,raw_post_minus_pre,inline_late__minus__block_late,inline_late,block_late,alpha_power_db_uv2,secondary_global,-2.7976996622183234
lab_subject_13,dataset_b,raw_post_minus_pre,inline_late__minus__block_late,inline_late,block_late,alpha_power_db_uv2,secondary_global,-1.4567928294786516
lab_subject_14,dataset_b,raw_post_minus_pre,inline_late__minus__block_late,inline_late,block_late,alpha_power_db_uv2,secondary_global,0.12691275818360226
lab_subject_15,dataset_b,raw_post_minus_pre,inline_late__minus__block_late,inline_late,block_late,alpha_power_db_uv2,secondary_global,-1.9260018840465827
lab_subject_16,dataset_b,raw_post_minus_pre,inline_late__minus__block_late,inline_late,block_late,alpha_power_db_uv2,secondary_global,-2.01205331803147
lab_subject_17,dataset_b,raw_post_minus_pre,inline_late__minus__block_late,inline_late,block_late,alpha_power_db_uv2,secondary_global,0.027124802696461003
lab_subject_18,dataset_b,raw_post_minus_pre,inline_late__minus__block_late,inline_late,block_late,alpha_power_db_uv2,secondary_global,5.050171695586309
lab_subject_19,dataset_b,raw_post_minus_pre,inline_late__minus__block_late,inline_late,block_late,alpha_power_db_uv2,secondary_global,-4.721966626527003
lab_subject_2,dataset_b,raw_post_minus_pre,inline_late__minus__block_late,inline_late,block_late,alpha_power_db_uv2,secondary_global,0.10153743415971306
lab_subject_3,dataset_b,raw_post_minus_pre,inline_late__minus__block_late,inline_late,block_late,alpha_power_db_uv2,secondary_global,-0.24149295537101167
lab_subject_5,dataset_b,raw_post_minus_pre,inline_late__minus__block_late,inline_late,block_late,alpha_power_db_uv2,secondary_global,3.838360026504598
lab_subject_6,dataset_b,raw_post_minus_pre,inline_late__minus__block_late,inline_late,block_late,alpha_power_db_uv2,secondary_global,-1.989911713329695
lab_subject_7,dataset_b,raw_post_minus_pre,inline_late__minus__block_late,inline_late,block_late,alpha_power_db_uv2,secondary_global,1.4562634160927603
lab_subject_8,dataset_b,raw_post_minus_pre,inline_late__minus__block_late,inline_late,block_late,alpha_power_db_uv2,secondary_global,-0.23156148692461098
lab_subject_9,dataset_b,raw_post_minus_pre,inline_late__minus__block_late,inline_late,block_late,alpha_power_db_uv2,secondary_global,3.566731278211119
lab_subject_1,dataset_b,raw_post_minus_pre,block_early__minus__block_late,block_early,block_late,alpha_power_db_uv2,secondary_global,-2.200280467519981
lab_subject_10,dataset_b,raw_post_minus_pre,block_early__minus__block_late,block_early,block_late,alpha_power_db_uv2,secondary_global,3.44944373224423
lab_subject_11,dataset_b,raw_post_minus_pre,block_early__minus__block_late,block_early,block_late,alpha_power_db_uv2,secondary_global,3.0705205369922988
lab_subject_12,dataset_b,raw_post_minus_pre,block_early__minus__block_late,block_early,block_late,alpha_power_db_uv2,secondary_global,4.170107194318094
lab_subject_13,dataset_b,raw_post_minus_pre,block_early__minus__block_late,block_early,block_late,alpha_power_db_uv2,secondary_global,-2.1010920294638447
lab_subject_14,dataset_b,raw_post_minus_pre,block_early__minus__block_late,block_early,block_late,alpha_power_db_uv2,secondary_global,1.8162194649544798
lab_subject_15,dataset_b,raw_post_minus_pre,block_early__minus__block_late,block_early,block_late,alpha_power_db_uv2,secondary_global,-1.893280740636892
lab_subject_16,dataset_b,raw_post_minus_pre,block_early__minus__block_late,block_early,block_late,alpha_power_db_uv2,secondary_global,-2.2186412309444843
lab_subject_17,dataset_b,raw_post_minus_pre,block_early__minus__block_late,block_early,block_late,alpha_power_db_uv2,secondary_global,0.80754158168285
lab_subject_18,dataset_b,raw_post_minus_pre,block_early__minus__block_late,block_early,block_late,alpha_power_db_uv2,secondary_global,-0.2773566891956749
lab_subject_19,dataset_b,raw_post_minus_pre,block_early__minus__block_late,block_early,block_late,alpha_power_db_uv2,secondary_global,-4.6695052788964775
lab_subject_2,dataset_b,raw_post_minus_pre,block_early__minus__block_late,block_early,block_late,alpha_power_db_uv2,secondary_global,4.638054492689617
lab_subject_3,dataset_b,raw_post_minus_pre,block_early__minus__block_late,block_early,block_late,alpha_power_db_uv2,secondary_global,-1.7917737636813174
lab_subject_5,dataset_b,raw_post_minus_pre,block_early__minus__block_late,block_early,block_late,alpha_power_db_uv2,secondary_global,5.362782796900653
lab_subject_6,dataset_b,raw_post_minus_pre,block_early__minus__block_late,block_early,block_late,alpha_power_db_uv2,secondary_global,-2.845202899661782
lab_subject_7,dataset_b,raw_post_minus_pre,block_early__minus__block_late,block_early,block_late,alpha_power_db_uv2,secondary_global,1.2987130264378264
lab_subject_8,dataset_b,raw_post_minus_pre,block_early__minus__block_late,block_early,block_late,alpha_power_db_uv2,secondary_global,0.3922012864145197
lab_subject_9,dataset_b,raw_post_minus_pre,block_early__minus__block_late,block_early,block_late,alpha_power_db_uv2,secondary_global,2.1727499727423876
lab_subject_1,dataset_b,delta_matched_control,inline_early__minus__inline_late,inline_early,inline_late,beta_power_db_uv2,secondary,10.759805074423104
lab_subject_10,dataset_b,delta_matched_control,inline_early__minus__inline_late,inline_early,inline_late,beta_power_db_uv2,secondary,11.279026179948595
lab_subject_11,dataset_b,delta_matched_control,inline_early__minus__inline_late,inline_early,inline_late,beta_power_db_uv2,secondary,-1.475191081558803
lab_subject_12,dataset_b,delta_matched_control,inline_early__minus__inline_late,inline_early,inline_late,beta_power_db_uv2,secondary,5.6893345428410855
lab_subject_13,dataset_b,delta_matched_control,inline_early__minus__inline_late,inline_early,inline_late,beta_power_db_uv2,secondary,-9.008702275893459
lab_subject_14,dataset_b,delta_matched_control,inline_early__minus__inline_late,inline_early,inline_late,beta_power_db_uv2,secondary,-11.696986628574862
lab_subject_15,dataset_b,delta_matched_control,inline_early__minus__inline_late,inline_early,inline_late,beta_power_db_uv2,secondary,6.497613109398304
lab_subject_16,dataset_b,delta_matched_control,inline_early__minus__inline_late,inline_early,inline_late,beta_power_db_uv2,secondary,-1.4789700274902522
lab_subject_17,dataset_b,delta_matched_control,inline_early__minus__inline_late,inline_early,inline_late,beta_power_db_uv2,secondary,4.976426505489733
lab_subject_18,dataset_b,delta_matched_control,inline_early__minus__inline_late,inline_early,inline_late,beta_power_db_uv2,secondary,-2.9587857157911346
lab_subject_19,dataset_b,delta_matched_control,inline_early__minus__inline_late,inline_early,inline_late,beta_power_db_uv2,secondary,3.713061400917251
lab_subject_2,dataset_b,delta_matched_control,inline_early__minus__inline_late,inline_early,inline_late,beta_power_db_uv2,secondary,5.64680763016691
lab_subject_3,dataset_b,delta_matched_control,inline_early__minus__inline_late,inline_early,inline_late,beta_power_db_uv2,secondary,-0.7961493532378716
lab_subject_5,dataset_b,delta_matched_control,inline_early__minus__inline_late,inline_early,inline_late,beta_power_db_uv2,secondary,-3.609220534881497
lab_subject_6,dataset_b,delta_matched_control,inline_early__minus__inline_late,inline_early,inline_late,beta_power_db_uv2,secondary,2.0478374996937774
lab_subject_7,dataset_b,delta_matched_control,inline_early__minus__inline_late,inline_early,inline_late,beta_power_db_uv2,secondary,-2.3618456622406097
lab_subject_8,dataset_b,delta_matched_control,inline_early__minus__inline_late,inline_early,inline_late,beta_power_db_uv2,secondary,1.46854177419746
lab_subject_9,dataset_b,delta_matched_control,inline_early__minus__inline_late,inline_early,inline_late,beta_power_db_uv2,secondary,-4.890077360458497
lab_subject_1,dataset_b,delta_matched_control,inline_early__minus__block_early,inline_early,block_early,beta_power_db_uv2,secondary,1.0694614400369105
lab_subject_10,dataset_b,delta_matched_control,inline_early__minus__block_early,inline_early,block_early,beta_power_db_uv2,secondary,0.4726769504399222
lab_subject_11,dataset_b,delta_matched_control,inline_early__minus__block_early,inline_early,block_early,beta_power_db_uv2,secondary,-2.2159467642236237
lab_subject_12,dataset_b,delta_matched_control,inline_early__minus__block_early,inline_early,block_early,beta_power_db_uv2,secondary,0.3938616032226001
lab_subject_13,dataset_b,delta_matched_control,inline_early__minus__block_early,inline_early,block_early,beta_power_db_uv2,secondary,-2.546397846783952
lab_subject_14,dataset_b,delta_matched_control,inline_early__minus__block_early,inline_early,block_early,beta_power_db_uv2,secondary,-3.4940244344386757
lab_subject_15,dataset_b,delta_matched_control,inline_early__minus__block_early,inline_early,block_early,beta_power_db_uv2,secondary,4.121563073338058
lab_subject_16,dataset_b,delta_matched_control,inline_early__minus__block_early,inline_early,block_early,beta_power_db_uv2,secondary,-0.5724457691524822
lab_subject_17,dataset_b,delta_matched_control,inline_early__minus__block_early,inline_early,block_early,beta_power_db_uv2,secondary,-0.4450710437405707
lab_subject_18,dataset_b,delta_matched_control,inline_early__minus__block_early,inline_early,block_early,beta_power_db_uv2,secondary,-0.39702226616647973
lab_subject_19,dataset_b,delta_matched_control,inline_early__minus__block_early,inline_early,block_early,beta_power_db_uv2,secondary,1.1662739789864016
lab_subject_2,dataset_b,delta_matched_control,inline_early__minus__block_early,inline_early,block_early,beta_power_db_uv2,secondary,7.63383418736224
lab_subject_3,dataset_b,delta_matched_control,inline_early__minus__block_early,inline_early,block_early,beta_power_db_uv2,secondary,-1.0318452064113242
lab_subject_5,dataset_b,delta_matched_control,inline_early__minus__block_early,inline_early,block_early,beta_power_db_uv2,secondary,-4.000185768254942
lab_subject_6,dataset_b,delta_matched_control,inline_early__minus__block_early,inline_early,block_early,beta_power_db_uv2,secondary,1.82389522446572
lab_subject_7,dataset_b,delta_matched_control,inline_early__minus__block_early,inline_early,block_early,beta_power_db_uv2,secondary,-0.31831436983125627
lab_subject_8,dataset_b,delta_matched_control,inline_early__minus__block_early,inline_early,block_early,beta_power_db_uv2,secondary,0.2747842435345689
lab_subject_9,dataset_b,delta_matched_control,inline_early__minus__block_early,inline_early,block_early,beta_power_db_uv2,secondary,-0.28519807741677283
lab_subject_1,dataset_b,delta_matched_control,inline_early__minus__block_late,inline_early,block_late,beta_power_db_uv2,secondary,1.564765624897002
lab_subject_10,dataset_b,delta_matched_control,inline_early__minus__block_late,inline_early,block_late,beta_power_db_uv2,secondary,10.446326413142707
lab_subject_11,dataset_b,delta_matched_control,inline_early__minus__block_late,inline_early,block_late,beta_power_db_uv2,secondary,-0.9666343506194055
lab_subject_12,dataset_b,delta_matched_control,inline_early__minus__block_late,inline_early,block_late,beta_power_db_uv2,secondary,6.029749361688651
lab_subject_13,dataset_b,delta_matched_control,inline_early__minus__block_late,inline_early,block_late,beta_power_db_uv2,secondary,-9.581697877967027
lab_subject_14,dataset_b,delta_matched_control,inline_early__minus__block_late,inline_early,block_late,beta_power_db_uv2,secondary,-12.464887745049229
lab_subject_15,dataset_b,delta_matched_control,inline_early__minus__block_late,inline_early,block_late,beta_power_db_uv2,secondary,5.9164481327958525
lab_subject_16,dataset_b,delta_matched_control,inline_early__minus__block_late,inline_early,block_late,beta_power_db_uv2,secondary,-0.860415886160105
lab_subject_17,dataset_b,delta_matched_control,inline_early__minus__block_late,inline_early,block_late,beta_power_db_uv2,secondary,1.7804355211476341
lab_subject_18,dataset_b,delta_matched_control,inline_early__minus__block_late,inline_early,block_late,beta_power_db_uv2,secondary,5.340641899986597
lab_subject_19,dataset_b,delta_matched_control,inline_early__minus__block_late,inline_early,block_late,beta_power_db_uv2,secondary,2.3301891509514023
lab_subject_2,dataset_b,delta_matched_control,inline_early__minus__block_late,inline_early,block_late,beta_power_db_uv2,secondary,5.395799439196784
lab_subject_3,dataset_b,delta_matched_control,inline_early__minus__block_late,inline_early,block_late,beta_power_db_uv2,secondary,-0.5694978318669683
lab_subject_5,dataset_b,delta_matched_control,inline_early__minus__block_late,inline_early,block_late,beta_power_db_uv2,secondary,-2.7860338070696313
lab_subject_6,dataset_b,delta_matched_control,inline_early__minus__block_late,inline_early,block_late,beta_power_db_uv2,secondary,0.6844559317835772
lab_subject_7,dataset_b,delta_matched_control,inline_early__minus__block_late,inline_early,block_late,beta_power_db_uv2,secondary,-2.340064310869389
lab_subject_8,dataset_b,delta_matched_control,inline_early__minus__block_late,inline_early,block_late,beta_power_db_uv2,secondary,1.5987124148375056
lab_subject_9,dataset_b,delta_matched_control,inline_early__minus__block_late,inline_early,block_late,beta_power_db_uv2,secondary,1.7232778728557694
lab_subject_1,dataset_b,delta_matched_control,inline_late__minus__block_early,inline_late,block_early,beta_power_db_uv2,secondary,-9.690343634386194
lab_subject_10,dataset_b,delta_matched_control,inline_late__minus__block_early,inline_late,block_early,beta_power_db_uv2,secondary,-10.806349229508672
lab_subject_11,dataset_b,delta_matched_control,inline_late__minus__block_early,inline_late,block_early,beta_power_db_uv2,secondary,-0.7407556826648207
lab_subject_12,dataset_b,delta_matched_control,inline_late__minus__block_early,inline_late,block_early,beta_power_db_uv2,secondary,-5.295472939618485
lab_subject_13,dataset_b,delta_matched_control,inline_late__minus__block_early,inline_late,block_early,beta_power_db_uv2,secondary,6.462304429109506
lab_subject_14,dataset_b,delta_matched_control,inline_late__minus__block_early,inline_late,block_early,beta_power_db_uv2,secondary,8.202962194136186
lab_subject_15,dataset_b,delta_matched_control,inline_late__minus__block_early,inline_late,block_early,beta_power_db_uv2,secondary,-2.3760500360602457
lab_subject_16,dataset_b,delta_matched_control,inline_late__minus__block_early,inline_late,block_early,beta_power_db_uv2,secondary,0.90652425833777
lab_subject_17,dataset_b,delta_matched_control,inline_late__minus__block_early,inline_late,block_early,beta_power_db_uv2,secondary,-5.4214975492303035
lab_subject_18,dataset_b,delta_matched_control,inline_late__minus__block_early,inline_late,block_early,beta_power_db_uv2,secondary,2.561763449624655
lab_subject_19,dataset_b,delta_matched_control,inline_late__minus__block_early,inline_late,block_early,beta_power_db_uv2,secondary,-2.5467874219308495
lab_subject_2,dataset_b,delta_matched_control,inline_late__minus__block_early,inline_late,block_early,beta_power_db_uv2,secondary,1.98702655719533
lab_subject_3,dataset_b,delta_matched_control,inline_late__minus__block_early,inline_late,block_early,beta_power_db_uv2,secondary,-0.23569585317345254
lab_subject_5,dataset_b,delta_matched_control,inline_late__minus__block_early,inline_late,block_early,beta_power_db_uv2,secondary,-0.39096523337344546
lab_subject_6,dataset_b,delta_matched_control,inline_late__minus__block_early,inline_late,block_early,beta_power_db_uv2,secondary,-0.22394227522805732
lab_subject_7,dataset_b,delta_matched_control,inline_late__minus__block_early,inline_late,block_early,beta_power_db_uv2,secondary,2.0435312924093534
lab_subject_8,dataset_b,delta_matched_control,inline_late__minus__block_early,inline_late,block_early,beta_power_db_uv2,secondary,-1.1937575306628911
lab_subject_9,dataset_b,delta_matched_control,inline_late__minus__block_early,inline_late,block_early,beta_power_db_uv2,secondary,4.604879283041724
lab_subject_1,dataset_b,delta_matched_control,inline_late__minus__block_late,inline_late,block_late,beta_power_db_uv2,secondary,-9.195039449526103
lab_subject_10,dataset_b,delta_matched_control,inline_late__minus__block_late,inline_late,block_late,beta_power_db_uv2,secondary,-0.8326997668058862
lab_subject_11,dataset_b,delta_matched_control,inline_late__minus__block_late,inline_late,block_late,beta_power_db_uv2,secondary,0.5085567309393975
lab_subject_12,dataset_b,delta_matched_control,inline_late__minus__block_late,inline_late,block_late,beta_power_db_uv2,secondary,0.34041481884756575
lab_subject_13,dataset_b,delta_matched_control,inline_late__minus__block_late,inline_late,block_late,beta_power_db_uv2,secondary,-0.5729956020735703
lab_subject_14,dataset_b,delta_matched_control,inline_late__minus__block_late,inline_late,block_late,beta_power_db_uv2,secondary,-0.7679011164743672
lab_subject_15,dataset_b,delta_matched_control,inline_late__minus__block_late,inline_late,block_late,beta_power_db_uv2,secondary,-0.5811649766024516
lab_subject_16,dataset_b,delta_matched_control,inline_late__minus__block_late,inline_late,block_late,beta_power_db_uv2,secondary,0.6185541413301472
lab_subject_17,dataset_b,delta_matched_control,inline_late__minus__block_late,inline_late,block_late,beta_power_db_uv2,secondary,-3.1959909843420986
lab_subject_18,dataset_b,delta_matched_control,inline_late__minus__block_late,inline_late,block_late,beta_power_db_uv2,secondary,8.29942761577773
lab_subject_19,dataset_b,delta_matched_control,inline_late__minus__block_late,inline_late,block_late,beta_power_db_uv2,secondary,-1.3828722499658488
lab_subject_2,dataset_b,delta_matched_control,inline_late__minus__block_late,inline_late,block_late,beta_power_db_uv2,secondary,-0.2510081909701256
lab_subject_3,dataset_b,delta_matched_control,inline_late__minus__block_late,inline_late,block_late,beta_power_db_uv2,secondary,0.22665152137090327
lab_subject_5,dataset_b,delta_matched_control,inline_late__minus__block_late,inline_late,block_late,beta_power_db_uv2,secondary,0.8231867278118656
lab_subject_6,dataset_b,delta_matched_control,inline_late__minus__block_late,inline_late,block_late,beta_power_db_uv2,secondary,-1.3633815679102002
lab_subject_7,dataset_b,delta_matched_control,inline_late__minus__block_late,inline_late,block_late,beta_power_db_uv2,secondary,0.021781351371220836
lab_subject_8,dataset_b,delta_matched_control,inline_late__minus__block_late,inline_late,block_late,beta_power_db_uv2,secondary,0.13017064064004558
lab_subject_9,dataset_b,delta_matched_control,inline_late__minus__block_late,inline_late,block_late,beta_power_db_uv2,secondary,6.613355233314266
lab_subject_1,dataset_b,delta_matched_control,block_early__minus__block_late,block_early,block_late,beta_power_db_uv2,secondary,0.49530418486009165
lab_subject_10,dataset_b,delta_matched_control,block_early__minus__block_late,block_early,block_late,beta_power_db_uv2,secondary,9.973649462702785
lab_subject_11,dataset_b,delta_matched_control,block_early__minus__block_late,block_early,block_late,beta_power_db_uv2,secondary,1.2493124136042182
lab_subject_12,dataset_b,delta_matched_control,block_early__minus__block_late,block_early,block_late,beta_power_db_uv2,secondary,5.635887758466051
lab_subject_13,dataset_b,delta_matched_control,block_early__minus__block_late,block_early,block_late,beta_power_db_uv2,secondary,-7.035300031183076
lab_subject_14,dataset_b,delta_matched_control,block_early__minus__block_late,block_early,block_late,beta_power_db_uv2,secondary,-8.970863310610554
lab_subject_15,dataset_b,delta_matched_control,block_early__minus__block_late,block_early,block_late,beta_power_db_uv2,secondary,1.794885059457794
lab_subject_16,dataset_b,delta_matched_control,block_early__minus__block_late,block_early,block_late,beta_power_db_uv2,secondary,-0.28797011700762276
lab_subject_17,dataset_b,delta_matched_control,block_early__minus__block_late,block_early,block_late,beta_power_db_uv2,secondary,2.225506564888205
lab_subject_18,dataset_b,delta_matched_control,block_early__minus__block_late,block_early,block_late,beta_power_db_uv2,secondary,5.737664166153077
lab_subject_19,dataset_b,delta_matched_control,block_early__minus__block_late,block_early,block_late,beta_power_db_uv2,secondary,1.1639151719650007
lab_subject_2,dataset_b,delta_matched_control,block_early__minus__block_late,block_early,block_late,beta_power_db_uv2,secondary,-2.2380347481654557
lab_subject_3,dataset_b,delta_matched_control,block_early__minus__block_late,block_early,block_late,beta_power_db_uv2,secondary,0.4623473745443558
lab_subject_5,dataset_b,delta_matched_control,block_early__minus__block_late,block_early,block_late,beta_power_db_uv2,secondary,1.214151961185311
lab_subject_6,dataset_b,delta_matched_control,block_early__minus__block_late,block_early,block_late,beta_power_db_uv2,secondary,-1.1394392926821428
lab_subject_7,dataset_b,delta_matched_control,block_early__minus__block_late,block_early,block_late,beta_power_db_uv2,secondary,-2.0217499410381325
lab_subject_8,dataset_b,delta_matched_control,block_early__minus__block_late,block_early,block_late,beta_power_db_uv2,secondary,1.3239281713029367
lab_subject_9,dataset_b,delta_matched_control,block_early__minus__block_late,block_early,block_late,beta_power_db_uv2,secondary,2.008475950272542
lab_subject_1,dataset_b,raw_post_minus_pre,inline_early__minus__inline_late,inline_early,inline_late,beta_power_db_uv2,secondary,8.507415118019864
lab_subject_10,dataset_b,raw_post_minus_pre,inline_early__minus__inline_late,inline_early,inline_late,beta_power_db_uv2,secondary,3.402445103126724
lab_subject_11,dataset_b,raw_post_minus_pre,inline_early__minus__inline_late,inline_early,inline_late,beta_power_db_uv2,secondary,-0.06317051185917233
lab_subject_12,dataset_b,raw_post_minus_pre,inline_early__minus__inline_late,inline_early,inline_late,beta_power_db_uv2,secondary,3.3497370618236495
lab_subject_13,dataset_b,raw_post_minus_pre,inline_early__minus__inline_late,inline_early,inline_late,beta_power_db_uv2,secondary,-1.8921591606098644
lab_subject_14,dataset_b,raw_post_minus_pre,inline_early__minus__inline_late,inline_early,inline_late,beta_power_db_uv2,secondary,-1.3232408965312166
lab_subject_15,dataset_b,raw_post_minus_pre,inline_early__minus__inline_late,inline_early,inline_late,beta_power_db_uv2,secondary,2.8483434781423353
lab_subject_16,dataset_b,raw_post_minus_pre,inline_early__minus__inline_late,inline_early,inline_late,beta_power_db_uv2,secondary,-0.42259242218834636
lab_subject_17,dataset_b,raw_post_minus_pre,inline_early__minus__inline_late,inline_early,inline_late,beta_power_db_uv2,secondary,1.9123710100534277
lab_subject_18,dataset_b,raw_post_minus_pre,inline_early__minus__inline_late,inline_early,inline_late,beta_power_db_uv2,secondary,-4.7588074471534485
lab_subject_19,dataset_b,raw_post_minus_pre,inline_early__minus__inline_late,inline_early,inline_late,beta_power_db_uv2,secondary,2.7662720145260993
lab_subject_2,dataset_b,raw_post_minus_pre,inline_early__minus__inline_late,inline_early,inline_late,beta_power_db_uv2,secondary,9.773631441392515
lab_subject_3,dataset_b,raw_post_minus_pre,inline_early__minus__inline_late,inline_early,inline_late,beta_power_db_uv2,secondary,-0.9641747565607579
lab_subject_5,dataset_b,raw_post_minus_pre,inline_early__minus__inline_late,inline_early,inline_late,beta_power_db_uv2,secondary,-3.825093572638802
lab_subject_6,dataset_b,raw_post_minus_pre,inline_early__minus__inline_late,inline_early,inline_late,beta_power_db_uv2,secondary,0.907521810192959
lab_subject_7,dataset_b,raw_post_minus_pre,inline_early__minus__inline_late,inline_early,inline_late,beta_power_db_uv2,secondary,-0.5985690435465099
lab_subject_8,dataset_b,raw_post_minus_pre,inline_early__minus__inline_late,inline_early,inline_late,beta_power_db_uv2,secondary,-0.7107783480463112
lab_subject_9,dataset_b,raw_post_minus_pre,inline_early__minus__inline_late,inline_early,inline_late,beta_power_db_uv2,secondary,-5.295588627490268
lab_subject_1,dataset_b,raw_post_minus_pre,inline_early__minus__block_early,inline_early,block_early,beta_power_db_uv2,secondary,1.0694614400369105
lab_subject_10,dataset_b,raw_post_minus_pre,inline_early__minus__block_early,inline_early,block_early,beta_power_db_uv2,secondary,0.4726769504399222
lab_subject_11,dataset_b,raw_post_minus_pre,inline_early__minus__block_early,inline_early,block_early,beta_power_db_uv2,secondary,-2.2159467642236237
lab_subject_12,dataset_b,raw_post_minus_pre,inline_early__minus__block_early,inline_early,block_early,beta_power_db_uv2,secondary,0.3938616032226001
lab_subject_13,dataset_b,raw_post_minus_pre,inline_early__minus__block_early,inline_early,block_early,beta_power_db_uv2,secondary,-2.546397846783952
lab_subject_14,dataset_b,raw_post_minus_pre,inline_early__minus__block_early,inline_early,block_early,beta_power_db_uv2,secondary,-3.4940244344386766
lab_subject_15,dataset_b,raw_post_minus_pre,inline_early__minus__block_early,inline_early,block_early,beta_power_db_uv2,secondary,4.121563073338058
lab_subject_16,dataset_b,raw_post_minus_pre,inline_early__minus__block_early,inline_early,block_early,beta_power_db_uv2,secondary,-0.5724457691524822
lab_subject_17,dataset_b,raw_post_minus_pre,inline_early__minus__block_early,inline_early,block_early,beta_power_db_uv2,secondary,-0.4450710437405707
lab_subject_18,dataset_b,raw_post_minus_pre,inline_early__minus__block_early,inline_early,block_early,beta_power_db_uv2,secondary,-0.39702226616647973
lab_subject_19,dataset_b,raw_post_minus_pre,inline_early__minus__block_early,inline_early,block_early,beta_power_db_uv2,secondary,1.1662739789864016
lab_subject_2,dataset_b,raw_post_minus_pre,inline_early__minus__block_early,inline_early,block_early,beta_power_db_uv2,secondary,7.63383418736224
lab_subject_3,dataset_b,raw_post_minus_pre,inline_early__minus__block_early,inline_early,block_early,beta_power_db_uv2,secondary,-1.0318452064113242
lab_subject_5,dataset_b,raw_post_minus_pre,inline_early__minus__block_early,inline_early,block_early,beta_power_db_uv2,secondary,-4.000185768254942
lab_subject_6,dataset_b,raw_post_minus_pre,inline_early__minus__block_early,inline_early,block_early,beta_power_db_uv2,secondary,1.82389522446572
lab_subject_7,dataset_b,raw_post_minus_pre,inline_early__minus__block_early,inline_early,block_early,beta_power_db_uv2,secondary,-0.31831436983125627
lab_subject_8,dataset_b,raw_post_minus_pre,inline_early__minus__block_early,inline_early,block_early,beta_power_db_uv2,secondary,0.2747842435345689
lab_subject_9,dataset_b,raw_post_minus_pre,inline_early__minus__block_early,inline_early,block_early,beta_power_db_uv2,secondary,-0.28519807741677283
lab_subject_1,dataset_b,raw_post_minus_pre,inline_early__minus__block_late,inline_early,block_late,beta_power_db_uv2,secondary,-0.6876243315062371
lab_subject_10,dataset_b,raw_post_minus_pre,inline_early__minus__block_late,inline_early,block_late,beta_power_db_uv2,secondary,2.569745336320838
lab_subject_11,dataset_b,raw_post_minus_pre,inline_early__minus__block_late,inline_early,block_late,beta_power_db_uv2,secondary,0.44538621908022513
lab_subject_12,dataset_b,raw_post_minus_pre,inline_early__minus__block_late,inline_early,block_late,beta_power_db_uv2,secondary,3.6901518806712152
lab_subject_13,dataset_b,raw_post_minus_pre,inline_early__minus__block_late,inline_early,block_late,beta_power_db_uv2,secondary,-2.4651547626834347
lab_subject_14,dataset_b,raw_post_minus_pre,inline_early__minus__block_late,inline_early,block_late,beta_power_db_uv2,secondary,-2.0911420130055838
lab_subject_15,dataset_b,raw_post_minus_pre,inline_early__minus__block_late,inline_early,block_late,beta_power_db_uv2,secondary,2.2671785015398838
lab_subject_16,dataset_b,raw_post_minus_pre,inline_early__minus__block_late,inline_early,block_late,beta_power_db_uv2,secondary,0.19596171914180083
lab_subject_17,dataset_b,raw_post_minus_pre,inline_early__minus__block_late,inline_early,block_late,beta_power_db_uv2,secondary,-1.283619974288671
lab_subject_18,dataset_b,raw_post_minus_pre,inline_early__minus__block_late,inline_early,block_late,beta_power_db_uv2,secondary,3.540620168624283
lab_subject_19,dataset_b,raw_post_minus_pre,inline_early__minus__block_late,inline_early,block_late,beta_power_db_uv2,secondary,1.3833997645602505
lab_subject_2,dataset_b,raw_post_minus_pre,inline_early__minus__block_late,inline_early,block_late,beta_power_db_uv2,secondary,9.52262325042239
lab_subject_3,dataset_b,raw_post_minus_pre,inline_early__minus__block_late,inline_early,block_late,beta_power_db_uv2,secondary,-0.7375232351898546
lab_subject_5,dataset_b,raw_post_minus_pre,inline_early__minus__block_late,inline_early,block_late,beta_power_db_uv2,secondary,-3.0019068448269364
lab_subject_6,dataset_b,raw_post_minus_pre,inline_early__minus__block_late,inline_early,block_late,beta_power_db_uv2,secondary,-0.4558597577172412
lab_subject_7,dataset_b,raw_post_minus_pre,inline_early__minus__block_late,inline_early,block_late,beta_power_db_uv2,secondary,-0.576787692175289
lab_subject_8,dataset_b,raw_post_minus_pre,inline_early__minus__block_late,inline_early,block_late,beta_power_db_uv2,secondary,-0.5806077074062657
lab_subject_9,dataset_b,raw_post_minus_pre,inline_early__minus__block_late,inline_early,block_late,beta_power_db_uv2,secondary,1.3177666058239978
lab_subject_1,dataset_b,raw_post_minus_pre,inline_late__minus__block_early,inline_late,block_early,beta_power_db_uv2,secondary,-7.437953677982954
lab_subject_10,dataset_b,raw_post_minus_pre,inline_late__minus__block_early,inline_late,block_early,beta_power_db_uv2,secondary,-2.929768152686802
lab_subject_11,dataset_b,raw_post_minus_pre,inline_late__minus__block_early,inline_late,block_early,beta_power_db_uv2,secondary,-2.1527762523644514
lab_subject_12,dataset_b,raw_post_minus_pre,inline_late__minus__block_early,inline_late,block_early,beta_power_db_uv2,secondary,-2.9558754586010494
lab_subject_13,dataset_b,raw_post_minus_pre,inline_late__minus__block_early,inline_late,block_early,beta_power_db_uv2,secondary,-0.6542386861740876
lab_subject_14,dataset_b,raw_post_minus_pre,inline_late__minus__block_early,inline_late,block_early,beta_power_db_uv2,secondary,-2.17078353790746
lab_subject_15,dataset_b,raw_post_minus_pre,inline_late__minus__block_early,inline_late,block_early,beta_power_db_uv2,secondary,1.273219595195723
lab_subject_16,dataset_b,raw_post_minus_pre,inline_late__minus__block_early,inline_late,block_early,beta_power_db_uv2,secondary,-0.14985334696413588
lab_subject_17,dataset_b,raw_post_minus_pre,inline_late__minus__block_early,inline_late,block_early,beta_power_db_uv2,secondary,-2.3574420537939984
lab_subject_18,dataset_b,raw_post_minus_pre,inline_late__minus__block_early,inline_late,block_early,beta_power_db_uv2,secondary,4.361785180986969
lab_subject_19,dataset_b,raw_post_minus_pre,inline_late__minus__block_early,inline_late,block_early,beta_power_db_uv2,secondary,-1.5999980355396977
lab_subject_2,dataset_b,raw_post_minus_pre,inline_late__minus__block_early,inline_late,block_early,beta_power_db_uv2,secondary,-2.1397972540302757
lab_subject_3,dataset_b,raw_post_minus_pre,inline_late__minus__block_early,inline_late,block_early,beta_power_db_uv2,secondary,-0.06767044985056625
lab_subject_5,dataset_b,raw_post_minus_pre,inline_late__minus__block_early,inline_late,block_early,beta_power_db_uv2,secondary,-0.17509219561614042
lab_subject_6,dataset_b,raw_post_minus_pre,inline_late__minus__block_early,inline_late,block_early,beta_power_db_uv2,secondary,0.9163734142727611
lab_subject_7,dataset_b,raw_post_minus_pre,inline_late__minus__block_early,inline_late,block_early,beta_power_db_uv2,secondary,0.2802546737152536
lab_subject_8,dataset_b,raw_post_minus_pre,inline_late__minus__block_early,inline_late,block_early,beta_power_db_uv2,secondary,0.9855625915808801
lab_subject_9,dataset_b,raw_post_minus_pre,inline_late__minus__block_early,inline_late,block_early,beta_power_db_uv2,secondary,5.010390550073495
lab_subject_1,dataset_b,raw_post_minus_pre,inline_late__minus__block_late,inline_late,block_late,beta_power_db_uv2,secondary,-9.195039449526101
lab_subject_10,dataset_b,raw_post_minus_pre,inline_late__minus__block_late,inline_late,block_late,beta_power_db_uv2,secondary,-0.8326997668058862
lab_subject_11,dataset_b,raw_post_minus_pre,inline_late__minus__block_late,inline_late,block_late,beta_power_db_uv2,secondary,0.5085567309393975
lab_subject_12,dataset_b,raw_post_minus_pre,inline_late__minus__block_late,inline_late,block_late,beta_power_db_uv2,secondary,0.34041481884756575
lab_subject_13,dataset_b,raw_post_minus_pre,inline_late__minus__block_late,inline_late,block_late,beta_power_db_uv2,secondary,-0.5729956020735703
lab_subject_14,dataset_b,raw_post_minus_pre,inline_late__minus__block_late,inline_late,block_late,beta_power_db_uv2,secondary,-0.7679011164743672
lab_subject_15,dataset_b,raw_post_minus_pre,inline_late__minus__block_late,inline_late,block_late,beta_power_db_uv2,secondary,-0.5811649766024516
lab_subject_16,dataset_b,raw_post_minus_pre,inline_late__minus__block_late,inline_late,block_late,beta_power_db_uv2,secondary,0.6185541413301472
lab_subject_17,dataset_b,raw_post_minus_pre,inline_late__minus__block_late,inline_late,block_late,beta_power_db_uv2,secondary,-3.1959909843420986
lab_subject_18,dataset_b,raw_post_minus_pre,inline_late__minus__block_late,inline_late,block_late,beta_power_db_uv2,secondary,8.29942761577773
lab_subject_19,dataset_b,raw_post_minus_pre,inline_late__minus__block_late,inline_late,block_late,beta_power_db_uv2,secondary,-1.3828722499658488
lab_subject_2,dataset_b,raw_post_minus_pre,inline_late__minus__block_late,inline_late,block_late,beta_power_db_uv2,secondary,-0.2510081909701256
lab_subject_3,dataset_b,raw_post_minus_pre,inline_late__minus__block_late,inline_late,block_late,beta_power_db_uv2,secondary,0.22665152137090327
lab_subject_5,dataset_b,raw_post_minus_pre,inline_late__minus__block_late,inline_late,block_late,beta_power_db_uv2,secondary,0.8231867278118656
lab_subject_6,dataset_b,raw_post_minus_pre,inline_late__minus__block_late,inline_late,block_late,beta_power_db_uv2,secondary,-1.3633815679102002
lab_subject_7,dataset_b,raw_post_minus_pre,inline_late__minus__block_late,inline_late,block_late,beta_power_db_uv2,secondary,0.021781351371220836
lab_subject_8,dataset_b,raw_post_minus_pre,inline_late__minus__block_late,inline_late,block_late,beta_power_db_uv2,secondary,0.13017064064004558
lab_subject_9,dataset_b,raw_post_minus_pre,inline_late__minus__block_late,inline_late,block_late,beta_power_db_uv2,secondary,6.613355233314266
lab_subject_1,dataset_b,raw_post_minus_pre,block_early__minus__block_late,block_early,block_late,beta_power_db_uv2,secondary,-1.7570857715431476
lab_subject_10,dataset_b,raw_post_minus_pre,block_early__minus__block_late,block_early,block_late,beta_power_db_uv2,secondary,2.097068385880916
lab_subject_11,dataset_b,raw_post_minus_pre,block_early__minus__block_late,block_early,block_late,beta_power_db_uv2,secondary,2.661332983303849
lab_subject_12,dataset_b,raw_post_minus_pre,block_early__minus__block_late,block_early,block_late,beta_power_db_uv2,secondary,3.296290277448615
lab_subject_13,dataset_b,raw_post_minus_pre,block_early__minus__block_late,block_early,block_late,beta_power_db_uv2,secondary,0.0812430841005174
lab_subject_14,dataset_b,raw_post_minus_pre,block_early__minus__block_late,block_early,block_late,beta_power_db_uv2,secondary,1.4028824214330928
lab_subject_15,dataset_b,raw_post_minus_pre,block_early__minus__block_late,block_early,block_late,beta_power_db_uv2,secondary,-1.8543845717981746
lab_subject_16,dataset_b,raw_post_minus_pre,block_early__minus__block_late,block_early,block_late,beta_power_db_uv2,secondary,0.7684074882942831
lab_subject_17,dataset_b,raw_post_minus_pre,block_early__minus__block_late,block_early,block_late,beta_power_db_uv2,secondary,-0.8385489305481002
lab_subject_18,dataset_b,raw_post_minus_pre,block_early__minus__block_late,block_early,block_late,beta_power_db_uv2,secondary,3.937642434790763
lab_subject_19,dataset_b,raw_post_minus_pre,block_early__minus__block_late,block_early,block_late,beta_power_db_uv2,secondary,0.21712578557384887
lab_subject_2,dataset_b,raw_post_minus_pre,block_early__minus__block_late,block_early,block_late,beta_power_db_uv2,secondary,1.88878906306015
lab_subject_3,dataset_b,raw_post_minus_pre,block_early__minus__block_late,block_early,block_late,beta_power_db_uv2,secondary,0.2943219712214695
lab_subject_5,dataset_b,raw_post_minus_pre,block_early__minus__block_late,block_early,block_late,beta_power_db_uv2,secondary,0.9982789234280061
lab_subject_6,dataset_b,raw_post_minus_pre,block_early__minus__block_late,block_early,block_late,beta_power_db_uv2,secondary,-2.2797549821829612
lab_subject_7,dataset_b,raw_post_minus_pre,block_early__minus__block_late,block_early,block_late,beta_power_db_uv2,secondary,-0.25847332234403275
lab_subject_8,dataset_b,raw_post_minus_pre,block_early__minus__block_late,block_early,block_late,beta_power_db_uv2,secondary,-0.8553919509408345
lab_subject_9,dataset_b,raw_post_minus_pre,block_early__minus__block_late,block_early,block_late,beta_power_db_uv2,secondary,1.6029646832407707
lab_subject_1,dataset_b,delta_matched_control,inline_early__minus__inline_late,inline_early,inline_late,faa_log_f4_minus_f3,secondary,2.0993992432355704
lab_subject_10,dataset_b,delta_matched_control,inline_early__minus__inline_late,inline_early,inline_late,faa_log_f4_minus_f3,secondary,0.47490097176358503
lab_subject_11,dataset_b,delta_matched_control,inline_early__minus__inline_late,inline_early,inline_late,faa_log_f4_minus_f3,secondary,1.5215286741630898
lab_subject_12,dataset_b,delta_matched_control,inline_early__minus__inline_late,inline_early,inline_late,faa_log_f4_minus_f3,secondary,1.2059530681055577
lab_subject_13,dataset_b,delta_matched_control,inline_early__minus__inline_late,inline_early,inline_late,faa_log_f4_minus_f3,secondary,-0.6302279964910547
lab_subject_14,dataset_b,delta_matched_control,inline_early__minus__inline_late,inline_early,inline_late,faa_log_f4_minus_f3,secondary,2.2453414100809717
lab_subject_15,dataset_b,delta_matched_control,inline_early__minus__inline_late,inline_early,inline_late,faa_log_f4_minus_f3,secondary,-1.3251557667000498
lab_subject_16,dataset_b,delta_matched_control,inline_early__minus__inline_late,inline_early,inline_late,faa_log_f4_minus_f3,secondary,-0.5053572019076782
lab_subject_17,dataset_b,delta_matched_control,inline_early__minus__inline_late,inline_early,inline_late,faa_log_f4_minus_f3,secondary,-0.7618344172109168
lab_subject_18,dataset_b,delta_matched_control,inline_early__minus__inline_late,inline_early,inline_late,faa_log_f4_minus_f3,secondary,0.39777420624668025
lab_subject_19,dataset_b,delta_matched_control,inline_early__minus__inline_late,inline_early,inline_late,faa_log_f4_minus_f3,secondary,1.3216010353254113
lab_subject_2,dataset_b,delta_matched_control,inline_early__minus__inline_late,inline_early,inline_late,faa_log_f4_minus_f3,secondary,-0.16190687231292955
lab_subject_3,dataset_b,delta_matched_control,inline_early__minus__inline_late,inline_early,inline_late,faa_log_f4_minus_f3,secondary,1.574295497395358
lab_subject_5,dataset_b,delta_matched_control,inline_early__minus__inline_late,inline_early,inline_late,faa_log_f4_minus_f3,secondary,0.7464107781153118
lab_subject_6,dataset_b,delta_matched_control,inline_early__minus__inline_late,inline_early,inline_late,faa_log_f4_minus_f3,secondary,0.30349423547594157
lab_subject_7,dataset_b,delta_matched_control,inline_early__minus__inline_late,inline_early,inline_late,faa_log_f4_minus_f3,secondary,-1.2870113999426884
lab_subject_8,dataset_b,delta_matched_control,inline_early__minus__inline_late,inline_early,inline_late,faa_log_f4_minus_f3,secondary,-0.6703176941039004
lab_subject_9,dataset_b,delta_matched_control,inline_early__minus__inline_late,inline_early,inline_late,faa_log_f4_minus_f3,secondary,0.3612006426241088
lab_subject_1,dataset_b,delta_matched_control,inline_early__minus__block_early,inline_early,block_early,faa_log_f4_minus_f3,secondary,-0.30659193358528114
lab_subject_10,dataset_b,delta_matched_control,inline_early__minus__block_early,inline_early,block_early,faa_log_f4_minus_f3,secondary,-0.0039038907807267265
lab_subject_11,dataset_b,delta_matched_control,inline_early__minus__block_early,inline_early,block_early,faa_log_f4_minus_f3,secondary,0.34941281555041215
lab_subject_12,dataset_b,delta_matched_control,inline_early__minus__block_early,inline_early,block_early,faa_log_f4_minus_f3,secondary,0.7585928073185322
lab_subject_13,dataset_b,delta_matched_control,inline_early__minus__block_early,inline_early,block_early,faa_log_f4_minus_f3,secondary,-0.8715453298514078
lab_subject_14,dataset_b,delta_matched_control,inline_early__minus__block_early,inline_early,block_early,faa_log_f4_minus_f3,secondary,0.7028105771063302
lab_subject_15,dataset_b,delta_matched_control,inline_early__minus__block_early,inline_early,block_early,faa_log_f4_minus_f3,secondary,-2.558572283917794
lab_subject_16,dataset_b,delta_matched_control,inline_early__minus__block_early,inline_early,block_early,faa_log_f4_minus_f3,secondary,-0.4763855997813806
lab_subject_17,dataset_b,delta_matched_control,inline_early__minus__block_early,inline_early,block_early,faa_log_f4_minus_f3,secondary,-0.620923156706283
lab_subject_18,dataset_b,delta_matched_control,inline_early__minus__block_early,inline_early,block_early,faa_log_f4_minus_f3,secondary,-0.32816909655709026
lab_subject_19,dataset_b,delta_matched_control,inline_early__minus__block_early,inline_early,block_early,faa_log_f4_minus_f3,secondary,0.399572329811523
lab_subject_2,dataset_b,delta_matched_control,inline_early__minus__block_early,inline_early,block_early,faa_log_f4_minus_f3,secondary,0.3459689039296556
lab_subject_3,dataset_b,delta_matched_control,inline_early__minus__block_early,inline_early,block_early,faa_log_f4_minus_f3,secondary,1.3305879144035373
lab_subject_5,dataset_b,delta_matched_control,inline_early__minus__block_early,inline_early,block_early,faa_log_f4_minus_f3,secondary,-0.14806799365364398
lab_subject_6,dataset_b,delta_matched_control,inline_early__minus__block_early,inline_early,block_early,faa_log_f4_minus_f3,secondary,1.2124711662577106
lab_subject_7,dataset_b,delta_matched_control,inline_early__minus__block_early,inline_early,block_early,faa_log_f4_minus_f3,secondary,-0.8465086408223783
lab_subject_8,dataset_b,delta_matched_control,inline_early__minus__block_early,inline_early,block_early,faa_log_f4_minus_f3,secondary,1.9361327069153447
lab_subject_9,dataset_b,delta_matched_control,inline_early__minus__block_early,inline_early,block_early,faa_log_f4_minus_f3,secondary,0.5654872356500675
lab_subject_1,dataset_b,delta_matched_control,inline_early__minus__block_late,inline_early,block_late,faa_log_f4_minus_f3,secondary,2.5754838911377895
lab_subject_10,dataset_b,delta_matched_control,inline_early__minus__block_late,inline_early,block_late,faa_log_f4_minus_f3,secondary,-0.37556905356771253
lab_subject_11,dataset_b,delta_matched_control,inline_early__minus__block_late,inline_early,block_late,faa_log_f4_minus_f3,secondary,1.1472857187150112
lab_subject_12,dataset_b,delta_matched_control,inline_early__minus__block_late,inline_early,block_late,faa_log_f4_minus_f3,secondary,1.9189359997138062
lab_subject_13,dataset_b,delta_matched_control,inline_early__minus__block_late,inline_early,block_late,faa_log_f4_minus_f3,secondary,-1.9610482209384337
lab_subject_14,dataset_b,delta_matched_control,inline_early__minus__block_late,inline_early,block_late,faa_log_f4_minus_f3,secondary,1.2766437006759617
lab_subject_15,dataset_b,delta_matched_control,inline_early__minus__block_late,inline_early,block_late,faa_log_f4_minus_f3,secondary,-2.628338899388975
lab_subject_16,dataset_b,delta_matched_control,inline_early__minus__block_late,inline_early,block_late,faa_log_f4_minus_f3,secondary,-1.242723093796826
lab_subject_17,dataset_b,delta_matched_control,inline_early__minus__block_late,inline_early,block_late,faa_log_f4_minus_f3,secondary,-0.48542545118619174
lab_subject_18,dataset_b,delta_matched_control,inline_early__minus__block_late,inline_early,block_late,faa_log_f4_minus_f3,secondary,0.04820379495322413
lab_subject_19,dataset_b,delta_matched_control,inline_early__minus__block_late,inline_early,block_late,faa_log_f4_minus_f3,secondary,0.42137417834279844
lab_subject_2,dataset_b,delta_matched_control,inline_early__minus__block_late,inline_early,block_late,faa_log_f4_minus_f3,secondary,-0.5625312771387989
lab_subject_3,dataset_b,delta_matched_control,inline_early__minus__block_late,inline_early,block_late,faa_log_f4_minus_f3,secondary,1.2534064166251042
lab_subject_5,dataset_b,delta_matched_control,inline_early__minus__block_late,inline_early,block_late,faa_log_f4_minus_f3,secondary,0.9419878853226678
lab_subject_6,dataset_b,delta_matched_control,inline_early__minus__block_late,inline_early,block_late,faa_log_f4_minus_f3,secondary,0.6351342812887175
lab_subject_7,dataset_b,delta_matched_control,inline_early__minus__block_late,inline_early,block_late,faa_log_f4_minus_f3,secondary,-0.5446808501803488
lab_subject_8,dataset_b,delta_matched_control,inline_early__minus__block_late,inline_early,block_late,faa_log_f4_minus_f3,secondary,-1.0511000318073513
lab_subject_9,dataset_b,delta_matched_control,inline_early__minus__block_late,inline_early,block_late,faa_log_f4_minus_f3,secondary,1.1769980352302092
lab_subject_1,dataset_b,delta_matched_control,inline_late__minus__block_early,inline_late,block_early,faa_log_f4_minus_f3,secondary,-2.4059911768208515
lab_subject_10,dataset_b,delta_matched_control,inline_late__minus__block_early,inline_late,block_early,faa_log_f4_minus_f3,secondary,-0.47880486254431176
lab_subject_11,dataset_b,delta_matched_control,inline_late__minus__block_early,inline_late,block_early,faa_log_f4_minus_f3,secondary,-1.1721158586126776
lab_subject_12,dataset_b,delta_matched_control,inline_late__minus__block_early,inline_late,block_early,faa_log_f4_minus_f3,secondary,-0.4473602607870255
lab_subject_13,dataset_b,delta_matched_control,inline_late__minus__block_early,inline_late,block_early,faa_log_f4_minus_f3,secondary,-0.2413173333603531
lab_subject_14,dataset_b,delta_matched_control,inline_late__minus__block_early,inline_late,block_early,faa_log_f4_minus_f3,secondary,-1.5425308329746414
lab_subject_15,dataset_b,delta_matched_control,inline_late__minus__block_early,inline_late,block_early,faa_log_f4_minus_f3,secondary,-1.2334165172177443
lab_subject_16,dataset_b,delta_matched_control,inline_late__minus__block_early,inline_late,block_early,faa_log_f4_minus_f3,secondary,0.02897160212629757
lab_subject_17,dataset_b,delta_matched_control,inline_late__minus__block_early,inline_late,block_early,faa_log_f4_minus_f3,secondary,0.14091126050463387
lab_subject_18,dataset_b,delta_matched_control,inline_late__minus__block_early,inline_late,block_early,faa_log_f4_minus_f3,secondary,-0.7259433028037705
lab_subject_19,dataset_b,delta_matched_control,inline_late__minus__block_early,inline_late,block_early,faa_log_f4_minus_f3,secondary,-0.9220287055138883
lab_subject_2,dataset_b,delta_matched_control,inline_late__minus__block_early,inline_late,block_early,faa_log_f4_minus_f3,secondary,0.5078757762425852
lab_subject_3,dataset_b,delta_matched_control,inline_late__minus__block_early,inline_late,block_early,faa_log_f4_minus_f3,secondary,-0.24370758299182071
lab_subject_5,dataset_b,delta_matched_control,inline_late__minus__block_early,inline_late,block_early,faa_log_f4_minus_f3,secondary,-0.8944787717689557
lab_subject_6,dataset_b,delta_matched_control,inline_late__minus__block_early,inline_late,block_early,faa_log_f4_minus_f3,secondary,0.908976930781769
lab_subject_7,dataset_b,delta_matched_control,inline_late__minus__block_early,inline_late,block_early,faa_log_f4_minus_f3,secondary,0.4405027591203101
lab_subject_8,dataset_b,delta_matched_control,inline_late__minus__block_early,inline_late,block_early,faa_log_f4_minus_f3,secondary,2.606450401019245
lab_subject_9,dataset_b,delta_matched_control,inline_late__minus__block_early,inline_late,block_early,faa_log_f4_minus_f3,secondary,0.20428659302595875
lab_subject_1,dataset_b,delta_matched_control,inline_late__minus__block_late,inline_late,block_late,faa_log_f4_minus_f3,secondary,0.47608464790221916
lab_subject_10,dataset_b,delta_matched_control,inline_late__minus__block_late,inline_late,block_late,faa_log_f4_minus_f3,secondary,-0.8504700253312976
lab_subject_11,dataset_b,delta_matched_control,inline_late__minus__block_late,inline_late,block_late,faa_log_f4_minus_f3,secondary,-0.3742429554480786
lab_subject_12,dataset_b,delta_matched_control,inline_late__minus__block_late,inline_late,block_late,faa_log_f4_minus_f3,secondary,0.7129829316082485
lab_subject_13,dataset_b,delta_matched_control,inline_late__minus__block_late,inline_late,block_late,faa_log_f4_minus_f3,secondary,-1.330820224447379
lab_subject_14,dataset_b,delta_matched_control,inline_late__minus__block_late,inline_late,block_late,faa_log_f4_minus_f3,secondary,-0.96869770940501
lab_subject_15,dataset_b,delta_matched_control,inline_late__minus__block_late,inline_late,block_late,faa_log_f4_minus_f3,secondary,-1.3031831326889254
lab_subject_16,dataset_b,delta_matched_control,inline_late__minus__block_late,inline_late,block_late,faa_log_f4_minus_f3,secondary,-0.7373658918891479
lab_subject_17,dataset_b,delta_matched_control,inline_late__minus__block_late,inline_late,block_late,faa_log_f4_minus_f3,secondary,0.2764089660247251
lab_subject_18,dataset_b,delta_matched_control,inline_late__minus__block_late,inline_late,block_late,faa_log_f4_minus_f3,secondary,-0.3495704112934561
lab_subject_19,dataset_b,delta_matched_control,inline_late__minus__block_late,inline_late,block_late,faa_log_f4_minus_f3,secondary,-0.9002268569826128
lab_subject_2,dataset_b,delta_matched_control,inline_late__minus__block_late,inline_late,block_late,faa_log_f4_minus_f3,secondary,-0.40062440482586936
lab_subject_3,dataset_b,delta_matched_control,inline_late__minus__block_late,inline_late,block_late,faa_log_f4_minus_f3,secondary,-0.3208890807702538
lab_subject_5,dataset_b,delta_matched_control,inline_late__minus__block_late,inline_late,block_late,faa_log_f4_minus_f3,secondary,0.195577107207356
lab_subject_6,dataset_b,delta_matched_control,inline_late__minus__block_late,inline_late,block_late,faa_log_f4_minus_f3,secondary,0.33164004581277595
lab_subject_7,dataset_b,delta_matched_control,inline_late__minus__block_late,inline_late,block_late,faa_log_f4_minus_f3,secondary,0.7423305497623396
lab_subject_8,dataset_b,delta_matched_control,inline_late__minus__block_late,inline_late,block_late,faa_log_f4_minus_f3,secondary,-0.38078233770345093
lab_subject_9,dataset_b,delta_matched_control,inline_late__minus__block_late,inline_late,block_late,faa_log_f4_minus_f3,secondary,0.8157973926061004
lab_subject_1,dataset_b,delta_matched_control,block_early__minus__block_late,block_early,block_late,faa_log_f4_minus_f3,secondary,2.8820758247230707
lab_subject_10,dataset_b,delta_matched_control,block_early__minus__block_late,block_early,block_late,faa_log_f4_minus_f3,secondary,-0.3716651627869858
lab_subject_11,dataset_b,delta_matched_control,block_early__minus__block_late,block_early,block_late,faa_log_f4_minus_f3,secondary,0.797872903164599
lab_subject_12,dataset_b,delta_matched_control,block_early__minus__block_late,block_early,block_late,faa_log_f4_minus_f3,secondary,1.160343192395274
lab_subject_13,dataset_b,delta_matched_control,block_early__minus__block_late,block_early,block_late,faa_log_f4_minus_f3,secondary,-1.089502891087026
lab_subject_14,dataset_b,delta_matched_control,block_early__minus__block_late,block_early,block_late,faa_log_f4_minus_f3,secondary,0.5738331235696315
lab_subject_15,dataset_b,delta_matched_control,block_early__minus__block_late,block_early,block_late,faa_log_f4_minus_f3,secondary,-0.06976661547118113
lab_subject_16,dataset_b,delta_matched_control,block_early__minus__block_late,block_early,block_late,faa_log_f4_minus_f3,secondary,-0.7663374940154455
lab_subject_17,dataset_b,delta_matched_control,block_early__minus__block_late,block_early,block_late,faa_log_f4_minus_f3,secondary,0.13549770552009122
lab_subject_18,dataset_b,delta_matched_control,block_early__minus__block_late,block_early,block_late,faa_log_f4_minus_f3,secondary,0.3763728915103144
lab_subject_19,dataset_b,delta_matched_control,block_early__minus__block_late,block_early,block_late,faa_log_f4_minus_f3,secondary,0.021801848531275425
lab_subject_2,dataset_b,delta_matched_control,block_early__minus__block_late,block_early,block_late,faa_log_f4_minus_f3,secondary,-0.9085001810684545
lab_subject_3,dataset_b,delta_matched_control,block_early__minus__block_late,block_early,block_late,faa_log_f4_minus_f3,secondary,-0.07718149777843308
lab_subject_5,dataset_b,delta_matched_control,block_early__minus__block_late,block_early,block_late,faa_log_f4_minus_f3,secondary,1.0900558789763117
lab_subject_6,dataset_b,delta_matched_control,block_early__minus__block_late,block_early,block_late,faa_log_f4_minus_f3,secondary,-0.577336884968993
lab_subject_7,dataset_b,delta_matched_control,block_early__minus__block_late,block_early,block_late,faa_log_f4_minus_f3,secondary,0.30182779064202947
lab_subject_8,dataset_b,delta_matched_control,block_early__minus__block_late,block_early,block_late,faa_log_f4_minus_f3,secondary,-2.987232738722696
lab_subject_9,dataset_b,delta_matched_control,block_early__minus__block_late,block_early,block_late,faa_log_f4_minus_f3,secondary,0.6115107995801417
lab_subject_1,dataset_b,raw_post_minus_pre,inline_early__minus__inline_late,inline_early,inline_late,faa_log_f4_minus_f3,secondary,0.3422858938419928
lab_subject_10,dataset_b,raw_post_minus_pre,inline_early__minus__inline_late,inline_early,inline_late,faa_log_f4_minus_f3,secondary,0.6733188204268252
lab_subject_11,dataset_b,raw_post_minus_pre,inline_early__minus__inline_late,inline_early,inline_late,faa_log_f4_minus_f3,secondary,0.9391498986408138
lab_subject_12,dataset_b,raw_post_minus_pre,inline_early__minus__inline_late,inline_early,inline_late,faa_log_f4_minus_f3,secondary,1.0173840926443063
lab_subject_13,dataset_b,raw_post_minus_pre,inline_early__minus__inline_late,inline_early,inline_late,faa_log_f4_minus_f3,secondary,-1.0990780945537786
lab_subject_14,dataset_b,raw_post_minus_pre,inline_early__minus__inline_late,inline_early,inline_late,faa_log_f4_minus_f3,secondary,0.9902436373753751
lab_subject_15,dataset_b,raw_post_minus_pre,inline_early__minus__inline_late,inline_early,inline_late,faa_log_f4_minus_f3,secondary,-1.0500615676570746
lab_subject_16,dataset_b,raw_post_minus_pre,inline_early__minus__inline_late,inline_early,inline_late,faa_log_f4_minus_f3,secondary,-0.6344802005369452
lab_subject_17,dataset_b,raw_post_minus_pre,inline_early__minus__inline_late,inline_early,inline_late,faa_log_f4_minus_f3,secondary,-0.5102721596128745
lab_subject_18,dataset_b,raw_post_minus_pre,inline_early__minus__inline_late,inline_early,inline_late,faa_log_f4_minus_f3,secondary,0.8823361398443765
lab_subject_19,dataset_b,raw_post_minus_pre,inline_early__minus__inline_late,inline_early,inline_late,faa_log_f4_minus_f3,secondary,1.340444302195941
lab_subject_2,dataset_b,raw_post_minus_pre,inline_early__minus__inline_late,inline_early,inline_late,faa_log_f4_minus_f3,secondary,0.7829640739943464
lab_subject_3,dataset_b,raw_post_minus_pre,inline_early__minus__inline_late,inline_early,inline_late,faa_log_f4_minus_f3,secondary,0.2751108337548054
lab_subject_5,dataset_b,raw_post_minus_pre,inline_early__minus__inline_late,inline_early,inline_late,faa_log_f4_minus_f3,secondary,0.1376994501255524
lab_subject_6,dataset_b,raw_post_minus_pre,inline_early__minus__inline_late,inline_early,inline_late,faa_log_f4_minus_f3,secondary,0.0745863253789949
lab_subject_7,dataset_b,raw_post_minus_pre,inline_early__minus__inline_late,inline_early,inline_late,faa_log_f4_minus_f3,secondary,-0.949856253036991
lab_subject_8,dataset_b,raw_post_minus_pre,inline_early__minus__inline_late,inline_early,inline_late,faa_log_f4_minus_f3,secondary,1.5737407888922519
lab_subject_9,dataset_b,raw_post_minus_pre,inline_early__minus__inline_late,inline_early,inline_late,faa_log_f4_minus_f3,secondary,0.7554058370406196
lab_subject_1,dataset_b,raw_post_minus_pre,inline_early__minus__block_early,inline_early,block_early,faa_log_f4_minus_f3,secondary,-0.30659193358528114
lab_subject_10,dataset_b,raw_post_minus_pre,inline_early__minus__block_early,inline_early,block_early,faa_log_f4_minus_f3,secondary,-0.0039038907807267265
lab_subject_11,dataset_b,raw_post_minus_pre,inline_early__minus__block_early,inline_early,block_early,faa_log_f4_minus_f3,secondary,0.34941281555041215
lab_subject_12,dataset_b,raw_post_minus_pre,inline_early__minus__block_early,inline_early,block_early,faa_log_f4_minus_f3,secondary,0.7585928073185322
lab_subject_13,dataset_b,raw_post_minus_pre,inline_early__minus__block_early,inline_early,block_early,faa_log_f4_minus_f3,secondary,-0.8715453298514078
lab_subject_14,dataset_b,raw_post_minus_pre,inline_early__minus__block_early,inline_early,block_early,faa_log_f4_minus_f3,secondary,0.7028105771063302
lab_subject_15,dataset_b,raw_post_minus_pre,inline_early__minus__block_early,inline_early,block_early,faa_log_f4_minus_f3,secondary,-2.558572283917794
lab_subject_16,dataset_b,raw_post_minus_pre,inline_early__minus__block_early,inline_early,block_early,faa_log_f4_minus_f3,secondary,-0.4763855997813806
lab_subject_17,dataset_b,raw_post_minus_pre,inline_early__minus__block_early,inline_early,block_early,faa_log_f4_minus_f3,secondary,-0.620923156706283
lab_subject_18,dataset_b,raw_post_minus_pre,inline_early__minus__block_early,inline_early,block_early,faa_log_f4_minus_f3,secondary,-0.32816909655709026
lab_subject_19,dataset_b,raw_post_minus_pre,inline_early__minus__block_early,inline_early,block_early,faa_log_f4_minus_f3,secondary,0.399572329811523
lab_subject_2,dataset_b,raw_post_minus_pre,inline_early__minus__block_early,inline_early,block_early,faa_log_f4_minus_f3,secondary,0.3459689039296556
lab_subject_3,dataset_b,raw_post_minus_pre,inline_early__minus__block_early,inline_early,block_early,faa_log_f4_minus_f3,secondary,1.3305879144035373
lab_subject_5,dataset_b,raw_post_minus_pre,inline_early__minus__block_early,inline_early,block_early,faa_log_f4_minus_f3,secondary,-0.14806799365364398
lab_subject_6,dataset_b,raw_post_minus_pre,inline_early__minus__block_early,inline_early,block_early,faa_log_f4_minus_f3,secondary,1.2124711662577106
lab_subject_7,dataset_b,raw_post_minus_pre,inline_early__minus__block_early,inline_early,block_early,faa_log_f4_minus_f3,secondary,-0.8465086408223783
lab_subject_8,dataset_b,raw_post_minus_pre,inline_early__minus__block_early,inline_early,block_early,faa_log_f4_minus_f3,secondary,1.9361327069153447
lab_subject_9,dataset_b,raw_post_minus_pre,inline_early__minus__block_early,inline_early,block_early,faa_log_f4_minus_f3,secondary,0.5654872356500675
lab_subject_1,dataset_b,raw_post_minus_pre,inline_early__minus__block_late,inline_early,block_late,faa_log_f4_minus_f3,secondary,0.818370541744212
lab_subject_10,dataset_b,raw_post_minus_pre,inline_early__minus__block_late,inline_early,block_late,faa_log_f4_minus_f3,secondary,-0.17715120490447234
lab_subject_11,dataset_b,raw_post_minus_pre,inline_early__minus__block_late,inline_early,block_late,faa_log_f4_minus_f3,secondary,0.5649069431927352
lab_subject_12,dataset_b,raw_post_minus_pre,inline_early__minus__block_late,inline_early,block_late,faa_log_f4_minus_f3,secondary,1.7303670242525548
lab_subject_13,dataset_b,raw_post_minus_pre,inline_early__minus__block_late,inline_early,block_late,faa_log_f4_minus_f3,secondary,-2.4298983190011576
lab_subject_14,dataset_b,raw_post_minus_pre,inline_early__minus__block_late,inline_early,block_late,faa_log_f4_minus_f3,secondary,0.021545927970365142
lab_subject_15,dataset_b,raw_post_minus_pre,inline_early__minus__block_late,inline_early,block_late,faa_log_f4_minus_f3,secondary,-2.353244700346
lab_subject_16,dataset_b,raw_post_minus_pre,inline_early__minus__block_late,inline_early,block_late,faa_log_f4_minus_f3,secondary,-1.3718460924260931
lab_subject_17,dataset_b,raw_post_minus_pre,inline_early__minus__block_late,inline_early,block_late,faa_log_f4_minus_f3,secondary,-0.23386319358814944
lab_subject_18,dataset_b,raw_post_minus_pre,inline_early__minus__block_late,inline_early,block_late,faa_log_f4_minus_f3,secondary,0.5327657285509204
lab_subject_19,dataset_b,raw_post_minus_pre,inline_early__minus__block_late,inline_early,block_late,faa_log_f4_minus_f3,secondary,0.44021744521332806
lab_subject_2,dataset_b,raw_post_minus_pre,inline_early__minus__block_late,inline_early,block_late,faa_log_f4_minus_f3,secondary,0.38233966916847706
lab_subject_3,dataset_b,raw_post_minus_pre,inline_early__minus__block_late,inline_early,block_late,faa_log_f4_minus_f3,secondary,-0.045778247015448414
lab_subject_5,dataset_b,raw_post_minus_pre,inline_early__minus__block_late,inline_early,block_late,faa_log_f4_minus_f3,secondary,0.3332765573329084
lab_subject_6,dataset_b,raw_post_minus_pre,inline_early__minus__block_late,inline_early,block_late,faa_log_f4_minus_f3,secondary,0.40622637119177085
lab_subject_7,dataset_b,raw_post_minus_pre,inline_early__minus__block_late,inline_early,block_late,faa_log_f4_minus_f3,secondary,-0.20752570327465136
lab_subject_8,dataset_b,raw_post_minus_pre,inline_early__minus__block_late,inline_early,block_late,faa_log_f4_minus_f3,secondary,1.192958451188801
lab_subject_9,dataset_b,raw_post_minus_pre,inline_early__minus__block_late,inline_early,block_late,faa_log_f4_minus_f3,secondary,1.57120322964672
lab_subject_1,dataset_b,raw_post_minus_pre,inline_late__minus__block_early,inline_late,block_early,faa_log_f4_minus_f3,secondary,-0.648877827427274
lab_subject_10,dataset_b,raw_post_minus_pre,inline_late__minus__block_early,inline_late,block_early,faa_log_f4_minus_f3,secondary,-0.677222711207552
lab_subject_11,dataset_b,raw_post_minus_pre,inline_late__minus__block_early,inline_late,block_early,faa_log_f4_minus_f3,secondary,-0.5897370830904016
lab_subject_12,dataset_b,raw_post_minus_pre,inline_late__minus__block_early,inline_late,block_early,faa_log_f4_minus_f3,secondary,-0.2587912853257741
lab_subject_13,dataset_b,raw_post_minus_pre,inline_late__minus__block_early,inline_late,block_early,faa_log_f4_minus_f3,secondary,0.22753276470237083
lab_subject_14,dataset_b,raw_post_minus_pre,inline_late__minus__block_early,inline_late,block_early,faa_log_f4_minus_f3,secondary,-0.2874330602690449
lab_subject_15,dataset_b,raw_post_minus_pre,inline_late__minus__block_early,inline_late,block_early,faa_log_f4_minus_f3,secondary,-1.5085107162607194
lab_subject_16,dataset_b,raw_post_minus_pre,inline_late__minus__block_early,inline_late,block_early,faa_log_f4_minus_f3,secondary,0.15809460075556458
lab_subject_17,dataset_b,raw_post_minus_pre,inline_late__minus__block_early,inline_late,block_early,faa_log_f4_minus_f3,secondary,-0.11065099709340842
lab_subject_18,dataset_b,raw_post_minus_pre,inline_late__minus__block_early,inline_late,block_early,faa_log_f4_minus_f3,secondary,-1.2105052364014668
lab_subject_19,dataset_b,raw_post_minus_pre,inline_late__minus__block_early,inline_late,block_early,faa_log_f4_minus_f3,secondary,-0.9408719723844179
lab_subject_2,dataset_b,raw_post_minus_pre,inline_late__minus__block_early,inline_late,block_early,faa_log_f4_minus_f3,secondary,-0.4369951700646908
lab_subject_3,dataset_b,raw_post_minus_pre,inline_late__minus__block_early,inline_late,block_early,faa_log_f4_minus_f3,secondary,1.055477080648732
lab_subject_5,dataset_b,raw_post_minus_pre,inline_late__minus__block_early,inline_late,block_early,faa_log_f4_minus_f3,secondary,-0.2857674437791964
lab_subject_6,dataset_b,raw_post_minus_pre,inline_late__minus__block_early,inline_late,block_early,faa_log_f4_minus_f3,secondary,1.1378848408787157
lab_subject_7,dataset_b,raw_post_minus_pre,inline_late__minus__block_early,inline_late,block_early,faa_log_f4_minus_f3,secondary,0.10334761221461264
lab_subject_8,dataset_b,raw_post_minus_pre,inline_late__minus__block_early,inline_late,block_early,faa_log_f4_minus_f3,secondary,0.3623919180230928
lab_subject_9,dataset_b,raw_post_minus_pre,inline_late__minus__block_early,inline_late,block_early,faa_log_f4_minus_f3,secondary,-0.18991860139055206
lab_subject_1,dataset_b,raw_post_minus_pre,inline_late__minus__block_late,inline_late,block_late,faa_log_f4_minus_f3,secondary,0.47608464790221916
lab_subject_10,dataset_b,raw_post_minus_pre,inline_late__minus__block_late,inline_late,block_late,faa_log_f4_minus_f3,secondary,-0.8504700253312976
lab_subject_11,dataset_b,raw_post_minus_pre,inline_late__minus__block_late,inline_late,block_late,faa_log_f4_minus_f3,secondary,-0.3742429554480786
lab_subject_12,dataset_b,raw_post_minus_pre,inline_late__minus__block_late,inline_late,block_late,faa_log_f4_minus_f3,secondary,0.7129829316082485
lab_subject_13,dataset_b,raw_post_minus_pre,inline_late__minus__block_late,inline_late,block_late,faa_log_f4_minus_f3,secondary,-1.330820224447379
lab_subject_14,dataset_b,raw_post_minus_pre,inline_late__minus__block_late,inline_late,block_late,faa_log_f4_minus_f3,secondary,-0.96869770940501
lab_subject_15,dataset_b,raw_post_minus_pre,inline_late__minus__block_late,inline_late,block_late,faa_log_f4_minus_f3,secondary,-1.3031831326889254
lab_subject_16,dataset_b,raw_post_minus_pre,inline_late__minus__block_late,inline_late,block_late,faa_log_f4_minus_f3,secondary,-0.7373658918891479
lab_subject_17,dataset_b,raw_post_minus_pre,inline_late__minus__block_late,inline_late,block_late,faa_log_f4_minus_f3,secondary,0.2764089660247251
lab_subject_18,dataset_b,raw_post_minus_pre,inline_late__minus__block_late,inline_late,block_late,faa_log_f4_minus_f3,secondary,-0.3495704112934561
lab_subject_19,dataset_b,raw_post_minus_pre,inline_late__minus__block_late,inline_late,block_late,faa_log_f4_minus_f3,secondary,-0.9002268569826128
lab_subject_2,dataset_b,raw_post_minus_pre,inline_late__minus__block_late,inline_late,block_late,faa_log_f4_minus_f3,secondary,-0.40062440482586936
lab_subject_3,dataset_b,raw_post_minus_pre,inline_late__minus__block_late,inline_late,block_late,faa_log_f4_minus_f3,secondary,-0.3208890807702538
lab_subject_5,dataset_b,raw_post_minus_pre,inline_late__minus__block_late,inline_late,block_late,faa_log_f4_minus_f3,secondary,0.195577107207356
lab_subject_6,dataset_b,raw_post_minus_pre,inline_late__minus__block_late,inline_late,block_late,faa_log_f4_minus_f3,secondary,0.33164004581277595
lab_subject_7,dataset_b,raw_post_minus_pre,inline_late__minus__block_late,inline_late,block_late,faa_log_f4_minus_f3,secondary,0.7423305497623396
lab_subject_8,dataset_b,raw_post_minus_pre,inline_late__minus__block_late,inline_late,block_late,faa_log_f4_minus_f3,secondary,-0.38078233770345093
lab_subject_9,dataset_b,raw_post_minus_pre,inline_late__minus__block_late,inline_late,block_late,faa_log_f4_minus_f3,secondary,0.8157973926061004
lab_subject_1,dataset_b,raw_post_minus_pre,block_early__minus__block_late,block_early,block_late,faa_log_f4_minus_f3,secondary,1.1249624753294931
lab_subject_10,dataset_b,raw_post_minus_pre,block_early__minus__block_late,block_early,block_late,faa_log_f4_minus_f3,secondary,-0.1732473141237456
lab_subject_11,dataset_b,raw_post_minus_pre,block_early__minus__block_late,block_early,block_late,faa_log_f4_minus_f3,secondary,0.215494127642323
lab_subject_12,dataset_b,raw_post_minus_pre,block_early__minus__block_late,block_early,block_late,faa_log_f4_minus_f3,secondary,0.9717742169340227
lab_subject_13,dataset_b,raw_post_minus_pre,block_early__minus__block_late,block_early,block_late,faa_log_f4_minus_f3,secondary,-1.5583529891497498
lab_subject_14,dataset_b,raw_post_minus_pre,block_early__minus__block_late,block_early,block_late,faa_log_f4_minus_f3,secondary,-0.6812646491359651
lab_subject_15,dataset_b,raw_post_minus_pre,block_early__minus__block_late,block_early,block_late,faa_log_f4_minus_f3,secondary,0.20532758357179404
lab_subject_16,dataset_b,raw_post_minus_pre,block_early__minus__block_late,block_early,block_late,faa_log_f4_minus_f3,secondary,-0.8954604926447125
lab_subject_17,dataset_b,raw_post_minus_pre,block_early__minus__block_late,block_early,block_late,faa_log_f4_minus_f3,secondary,0.3870599631181335
lab_subject_18,dataset_b,raw_post_minus_pre,block_early__minus__block_late,block_early,block_late,faa_log_f4_minus_f3,secondary,0.8609348251080107
lab_subject_19,dataset_b,raw_post_minus_pre,block_early__minus__block_late,block_early,block_late,faa_log_f4_minus_f3,secondary,0.04064511540180504
lab_subject_2,dataset_b,raw_post_minus_pre,block_early__minus__block_late,block_early,block_late,faa_log_f4_minus_f3,secondary,0.036370765238821434
lab_subject_3,dataset_b,raw_post_minus_pre,block_early__minus__block_late,block_early,block_late,faa_log_f4_minus_f3,secondary,-1.3763661614189857
lab_subject_5,dataset_b,raw_post_minus_pre,block_early__minus__block_late,block_early,block_late,faa_log_f4_minus_f3,secondary,0.4813445509865524
lab_subject_6,dataset_b,raw_post_minus_pre,block_early__minus__block_late,block_early,block_late,faa_log_f4_minus_f3,secondary,-0.8062447950659397
lab_subject_7,dataset_b,raw_post_minus_pre,block_early__minus__block_late,block_early,block_late,faa_log_f4_minus_f3,secondary,0.638982937547727
lab_subject_8,dataset_b,raw_post_minus_pre,block_early__minus__block_late,block_early,block_late,faa_log_f4_minus_f3,secondary,-0.7431742557265437
lab_subject_9,dataset_b,raw_post_minus_pre,block_early__minus__block_late,block_early,block_late,faa_log_f4_minus_f3,secondary,1.0057159939966525
lab_subject_1,dataset_b,delta_matched_control,inline_early__minus__inline_late,inline_early,inline_late,delta_power_db_uv2,exploratory,7.99883033017888
lab_subject_10,dataset_b,delta_matched_control,inline_early__minus__inline_late,inline_early,inline_late,delta_power_db_uv2,exploratory,12.266846420596837
lab_subject_11,dataset_b,delta_matched_control,inline_early__minus__inline_late,inline_early,inline_late,delta_power_db_uv2,exploratory,6.209413539384839
lab_subject_12,dataset_b,delta_matched_control,inline_early__minus__inline_late,inline_early,inline_late,delta_power_db_uv2,exploratory,2.3876971814974954
lab_subject_13,dataset_b,delta_matched_control,inline_early__minus__inline_late,inline_early,inline_late,delta_power_db_uv2,exploratory,-5.874754912601819
lab_subject_14,dataset_b,delta_matched_control,inline_early__minus__inline_late,inline_early,inline_late,delta_power_db_uv2,exploratory,-23.187891627858587
lab_subject_15,dataset_b,delta_matched_control,inline_early__minus__inline_late,inline_early,inline_late,delta_power_db_uv2,exploratory,-5.411508449156964
lab_subject_16,dataset_b,delta_matched_control,inline_early__minus__inline_late,inline_early,inline_late,delta_power_db_uv2,exploratory,5.598860124798028
lab_subject_17,dataset_b,delta_matched_control,inline_early__minus__inline_late,inline_early,inline_late,delta_power_db_uv2,exploratory,8.145979262847135
lab_subject_18,dataset_b,delta_matched_control,inline_early__minus__inline_late,inline_early,inline_late,delta_power_db_uv2,exploratory,-5.575487360603592
lab_subject_19,dataset_b,delta_matched_control,inline_early__minus__inline_late,inline_early,inline_late,delta_power_db_uv2,exploratory,13.203369279632728
lab_subject_2,dataset_b,delta_matched_control,inline_early__minus__inline_late,inline_early,inline_late,delta_power_db_uv2,exploratory,4.0677595348134705
lab_subject_3,dataset_b,delta_matched_control,inline_early__minus__inline_late,inline_early,inline_late,delta_power_db_uv2,exploratory,8.335712861918925
lab_subject_5,dataset_b,delta_matched_control,inline_early__minus__inline_late,inline_early,inline_late,delta_power_db_uv2,exploratory,-2.881136043115541
lab_subject_6,dataset_b,delta_matched_control,inline_early__minus__inline_late,inline_early,inline_late,delta_power_db_uv2,exploratory,-1.0098154467764573
lab_subject_7,dataset_b,delta_matched_control,inline_early__minus__inline_late,inline_early,inline_late,delta_power_db_uv2,exploratory,-17.810733911567265
lab_subject_8,dataset_b,delta_matched_control,inline_early__minus__inline_late,inline_early,inline_late,delta_power_db_uv2,exploratory,-6.431031243054035
lab_subject_9,dataset_b,delta_matched_control,inline_early__minus__inline_late,inline_early,inline_late,delta_power_db_uv2,exploratory,-8.412507115704267
lab_subject_1,dataset_b,delta_matched_control,inline_early__minus__block_early,inline_early,block_early,delta_power_db_uv2,exploratory,-5.328474714422299
lab_subject_10,dataset_b,delta_matched_control,inline_early__minus__block_early,inline_early,block_early,delta_power_db_uv2,exploratory,3.8545438223413875
lab_subject_11,dataset_b,delta_matched_control,inline_early__minus__block_early,inline_early,block_early,delta_power_db_uv2,exploratory,-5.314300451206387
lab_subject_12,dataset_b,delta_matched_control,inline_early__minus__block_early,inline_early,block_early,delta_power_db_uv2,exploratory,-6.246416378184879
lab_subject_13,dataset_b,delta_matched_control,inline_early__minus__block_early,inline_early,block_early,delta_power_db_uv2,exploratory,-6.953615059011206
lab_subject_14,dataset_b,delta_matched_control,inline_early__minus__block_early,inline_early,block_early,delta_power_db_uv2,exploratory,-9.613594421167278
lab_subject_15,dataset_b,delta_matched_control,inline_early__minus__block_early,inline_early,block_early,delta_power_db_uv2,exploratory,-16.4362053842772
lab_subject_16,dataset_b,delta_matched_control,inline_early__minus__block_early,inline_early,block_early,delta_power_db_uv2,exploratory,-4.846478767526852
lab_subject_17,dataset_b,delta_matched_control,inline_early__minus__block_early,inline_early,block_early,delta_power_db_uv2,exploratory,2.0844061997758825
lab_subject_18,dataset_b,delta_matched_control,inline_early__minus__block_early,inline_early,block_early,delta_power_db_uv2,exploratory,-2.231255387810929
lab_subject_19,dataset_b,delta_matched_control,inline_early__minus__block_early,inline_early,block_early,delta_power_db_uv2,exploratory,-3.462587577503154
lab_subject_2,dataset_b,delta_matched_control,inline_early__minus__block_early,inline_early,block_early,delta_power_db_uv2,exploratory,-7.41774817107534
lab_subject_3,dataset_b,delta_matched_control,inline_early__minus__block_early,inline_early,block_early,delta_power_db_uv2,exploratory,1.2689780980797227
lab_subject_5,dataset_b,delta_matched_control,inline_early__minus__block_early,inline_early,block_early,delta_power_db_uv2,exploratory,-5.360248462140902
lab_subject_6,dataset_b,delta_matched_control,inline_early__minus__block_early,inline_early,block_early,delta_power_db_uv2,exploratory,9.211346801649551
lab_subject_7,dataset_b,delta_matched_control,inline_early__minus__block_early,inline_early,block_early,delta_power_db_uv2,exploratory,-4.655892172275062
lab_subject_8,dataset_b,delta_matched_control,inline_early__minus__block_early,inline_early,block_early,delta_power_db_uv2,exploratory,-1.0483504685218321
lab_subject_9,dataset_b,delta_matched_control,inline_early__minus__block_early,inline_early,block_early,delta_power_db_uv2,exploratory,-2.9374146295053016
lab_subject_1,dataset_b,delta_matched_control,inline_early__minus__block_late,inline_early,block_late,delta_power_db_uv2,exploratory,-7.129900436770285
lab_subject_10,dataset_b,delta_matched_control,inline_early__minus__block_late,inline_early,block_late,delta_power_db_uv2,exploratory,9.283599533127983
lab_subject_11,dataset_b,delta_matched_control,inline_early__minus__block_late,inline_early,block_late,delta_power_db_uv2,exploratory,0.46244910507952675
lab_subject_12,dataset_b,delta_matched_control,inline_early__minus__block_late,inline_early,block_late,delta_power_db_uv2,exploratory,3.441034828625602
lab_subject_13,dataset_b,delta_matched_control,inline_early__minus__block_late,inline_early,block_late,delta_power_db_uv2,exploratory,-14.368016361706175
lab_subject_14,dataset_b,delta_matched_control,inline_early__minus__block_late,inline_early,block_late,delta_power_db_uv2,exploratory,-23.329214668177343
lab_subject_15,dataset_b,delta_matched_control,inline_early__minus__block_late,inline_early,block_late,delta_power_db_uv2,exploratory,-3.5374999889266885
lab_subject_16,dataset_b,delta_matched_control,inline_early__minus__block_late,inline_early,block_late,delta_power_db_uv2,exploratory,-9.10158604564311
lab_subject_17,dataset_b,delta_matched_control,inline_early__minus__block_late,inline_early,block_late,delta_power_db_uv2,exploratory,8.895978692875147
lab_subject_18,dataset_b,delta_matched_control,inline_early__minus__block_late,inline_early,block_late,delta_power_db_uv2,exploratory,1.0984261943671587
lab_subject_19,dataset_b,delta_matched_control,inline_early__minus__block_late,inline_early,block_late,delta_power_db_uv2,exploratory,3.6225235685400428
lab_subject_2,dataset_b,delta_matched_control,inline_early__minus__block_late,inline_early,block_late,delta_power_db_uv2,exploratory,8.969650853894764
lab_subject_3,dataset_b,delta_matched_control,inline_early__minus__block_late,inline_early,block_late,delta_power_db_uv2,exploratory,5.057512483613362
lab_subject_5,dataset_b,delta_matched_control,inline_early__minus__block_late,inline_early,block_late,delta_power_db_uv2,exploratory,12.765934036323461
lab_subject_6,dataset_b,delta_matched_control,inline_early__minus__block_late,inline_early,block_late,delta_power_db_uv2,exploratory,-4.822651834212653
lab_subject_7,dataset_b,delta_matched_control,inline_early__minus__block_late,inline_early,block_late,delta_power_db_uv2,exploratory,-9.564794469646994
lab_subject_8,dataset_b,delta_matched_control,inline_early__minus__block_late,inline_early,block_late,delta_power_db_uv2,exploratory,-4.529848436402814
lab_subject_9,dataset_b,delta_matched_control,inline_early__minus__block_late,inline_early,block_late,delta_power_db_uv2,exploratory,1.7803733295888708
lab_subject_1,dataset_b,delta_matched_control,inline_late__minus__block_early,inline_late,block_early,delta_power_db_uv2,exploratory,-13.327305044601179
lab_subject_10,dataset_b,delta_matched_control,inline_late__minus__block_early,inline_late,block_early,delta_power_db_uv2,exploratory,-8.41230259825545
lab_subject_11,dataset_b,delta_matched_control,inline_late__minus__block_early,inline_late,block_early,delta_power_db_uv2,exploratory,-11.523713990591226
lab_subject_12,dataset_b,delta_matched_control,inline_late__minus__block_early,inline_late,block_early,delta_power_db_uv2,exploratory,-8.634113559682374
lab_subject_13,dataset_b,delta_matched_control,inline_late__minus__block_early,inline_late,block_early,delta_power_db_uv2,exploratory,-1.0788601464093865
lab_subject_14,dataset_b,delta_matched_control,inline_late__minus__block_early,inline_late,block_early,delta_power_db_uv2,exploratory,13.574297206691309
lab_subject_15,dataset_b,delta_matched_control,inline_late__minus__block_early,inline_late,block_early,delta_power_db_uv2,exploratory,-11.024696935120238
lab_subject_16,dataset_b,delta_matched_control,inline_late__minus__block_early,inline_late,block_early,delta_power_db_uv2,exploratory,-10.44533889232488
lab_subject_17,dataset_b,delta_matched_control,inline_late__minus__block_early,inline_late,block_early,delta_power_db_uv2,exploratory,-6.061573063071252
lab_subject_18,dataset_b,delta_matched_control,inline_late__minus__block_early,inline_late,block_early,delta_power_db_uv2,exploratory,3.344231972792663
lab_subject_19,dataset_b,delta_matched_control,inline_late__minus__block_early,inline_late,block_early,delta_power_db_uv2,exploratory,-16.665956857135882
lab_subject_2,dataset_b,delta_matched_control,inline_late__minus__block_early,inline_late,block_early,delta_power_db_uv2,exploratory,-11.48550770588881
lab_subject_3,dataset_b,delta_matched_control,inline_late__minus__block_early,inline_late,block_early,delta_power_db_uv2,exploratory,-7.066734763839202
lab_subject_5,dataset_b,delta_matched_control,inline_late__minus__block_early,inline_late,block_early,delta_power_db_uv2,exploratory,-2.479112419025361
lab_subject_6,dataset_b,delta_matched_control,inline_late__minus__block_early,inline_late,block_early,delta_power_db_uv2,exploratory,10.221162248426008
lab_subject_7,dataset_b,delta_matched_control,inline_late__minus__block_early,inline_late,block_early,delta_power_db_uv2,exploratory,13.154841739292202
lab_subject_8,dataset_b,delta_matched_control,inline_late__minus__block_early,inline_late,block_early,delta_power_db_uv2,exploratory,5.3826807745322025
lab_subject_9,dataset_b,delta_matched_control,inline_late__minus__block_early,inline_late,block_early,delta_power_db_uv2,exploratory,5.475092486198966
lab_subject_1,dataset_b,delta_matched_control,inline_late__minus__block_late,inline_late,block_late,delta_power_db_uv2,exploratory,-15.128730766949165
lab_subject_10,dataset_b,delta_matched_control,inline_late__minus__block_late,inline_late,block_late,delta_power_db_uv2,exploratory,-2.9832468874688534
lab_subject_11,dataset_b,delta_matched_control,inline_late__minus__block_late,inline_late,block_late,delta_power_db_uv2,exploratory,-5.746964434305312
lab_subject_12,dataset_b,delta_matched_control,inline_late__minus__block_late,inline_late,block_late,delta_power_db_uv2,exploratory,1.0533376471281066
lab_subject_13,dataset_b,delta_matched_control,inline_late__minus__block_late,inline_late,block_late,delta_power_db_uv2,exploratory,-8.493261449104356
lab_subject_14,dataset_b,delta_matched_control,inline_late__minus__block_late,inline_late,block_late,delta_power_db_uv2,exploratory,-0.14132304031875442
lab_subject_15,dataset_b,delta_matched_control,inline_late__minus__block_late,inline_late,block_late,delta_power_db_uv2,exploratory,1.8740084602302751
lab_subject_16,dataset_b,delta_matched_control,inline_late__minus__block_late,inline_late,block_late,delta_power_db_uv2,exploratory,-14.700446170441138
lab_subject_17,dataset_b,delta_matched_control,inline_late__minus__block_late,inline_late,block_late,delta_power_db_uv2,exploratory,0.7499994300280122
lab_subject_18,dataset_b,delta_matched_control,inline_late__minus__block_late,inline_late,block_late,delta_power_db_uv2,exploratory,6.673913554970751
lab_subject_19,dataset_b,delta_matched_control,inline_late__minus__block_late,inline_late,block_late,delta_power_db_uv2,exploratory,-9.580845711092685
lab_subject_2,dataset_b,delta_matched_control,inline_late__minus__block_late,inline_late,block_late,delta_power_db_uv2,exploratory,4.901891319081294
lab_subject_3,dataset_b,delta_matched_control,inline_late__minus__block_late,inline_late,block_late,delta_power_db_uv2,exploratory,-3.278200378305563
lab_subject_5,dataset_b,delta_matched_control,inline_late__minus__block_late,inline_late,block_late,delta_power_db_uv2,exploratory,15.647070079439002
lab_subject_6,dataset_b,delta_matched_control,inline_late__minus__block_late,inline_late,block_late,delta_power_db_uv2,exploratory,-3.812836387436196
lab_subject_7,dataset_b,delta_matched_control,inline_late__minus__block_late,inline_late,block_late,delta_power_db_uv2,exploratory,8.24593944192027
lab_subject_8,dataset_b,delta_matched_control,inline_late__minus__block_late,inline_late,block_late,delta_power_db_uv2,exploratory,1.9011828066512209
lab_subject_9,dataset_b,delta_matched_control,inline_late__minus__block_late,inline_late,block_late,delta_power_db_uv2,exploratory,10.192880445293138
lab_subject_1,dataset_b,delta_matched_control,block_early__minus__block_late,block_early,block_late,delta_power_db_uv2,exploratory,-1.801425722347986
lab_subject_10,dataset_b,delta_matched_control,block_early__minus__block_late,block_early,block_late,delta_power_db_uv2,exploratory,5.429055710786596
lab_subject_11,dataset_b,delta_matched_control,block_early__minus__block_late,block_early,block_late,delta_power_db_uv2,exploratory,5.776749556285914
lab_subject_12,dataset_b,delta_matched_control,block_early__minus__block_late,block_early,block_late,delta_power_db_uv2,exploratory,9.687451206810481
lab_subject_13,dataset_b,delta_matched_control,block_early__minus__block_late,block_early,block_late,delta_power_db_uv2,exploratory,-7.414401302694969
lab_subject_14,dataset_b,delta_matched_control,block_early__minus__block_late,block_early,block_late,delta_power_db_uv2,exploratory,-13.715620247010063
lab_subject_15,dataset_b,delta_matched_control,block_early__minus__block_late,block_early,block_late,delta_power_db_uv2,exploratory,12.898705395350513
lab_subject_16,dataset_b,delta_matched_control,block_early__minus__block_late,block_early,block_late,delta_power_db_uv2,exploratory,-4.255107278116258
lab_subject_17,dataset_b,delta_matched_control,block_early__minus__block_late,block_early,block_late,delta_power_db_uv2,exploratory,6.8115724930992645
lab_subject_18,dataset_b,delta_matched_control,block_early__minus__block_late,block_early,block_late,delta_power_db_uv2,exploratory,3.329681582178088
lab_subject_19,dataset_b,delta_matched_control,block_early__minus__block_late,block_early,block_late,delta_power_db_uv2,exploratory,7.085111146043197
lab_subject_2,dataset_b,delta_matched_control,block_early__minus__block_late,block_early,block_late,delta_power_db_uv2,exploratory,16.387399024970104
lab_subject_3,dataset_b,delta_matched_control,block_early__minus__block_late,block_early,block_late,delta_power_db_uv2,exploratory,3.788534385533639
lab_subject_5,dataset_b,delta_matched_control,block_early__minus__block_late,block_early,block_late,delta_power_db_uv2,exploratory,18.126182498464363
lab_subject_6,dataset_b,delta_matched_control,block_early__minus__block_late,block_early,block_late,delta_power_db_uv2,exploratory,-14.033998635862204
lab_subject_7,dataset_b,delta_matched_control,block_early__minus__block_late,block_early,block_late,delta_power_db_uv2,exploratory,-4.908902297371933
lab_subject_8,dataset_b,delta_matched_control,block_early__minus__block_late,block_early,block_late,delta_power_db_uv2,exploratory,-3.4814979678809816
lab_subject_9,dataset_b,delta_matched_control,block_early__minus__block_late,block_early,block_late,delta_power_db_uv2,exploratory,4.7177879590941725
lab_subject_1,dataset_b,raw_post_minus_pre,inline_early__minus__inline_late,inline_early,inline_late,delta_power_db_uv2,exploratory,6.939506200013017
lab_subject_10,dataset_b,raw_post_minus_pre,inline_early__minus__inline_late,inline_early,inline_late,delta_power_db_uv2,exploratory,5.43701750954515
lab_subject_11,dataset_b,raw_post_minus_pre,inline_early__minus__inline_late,inline_early,inline_late,delta_power_db_uv2,exploratory,-1.3171036304822152
lab_subject_12,dataset_b,raw_post_minus_pre,inline_early__minus__inline_late,inline_early,inline_late,delta_power_db_uv2,exploratory,-6.040805258078908
lab_subject_13,dataset_b,raw_post_minus_pre,inline_early__minus__inline_late,inline_early,inline_late,delta_power_db_uv2,exploratory,-4.282971368230431
lab_subject_14,dataset_b,raw_post_minus_pre,inline_early__minus__inline_late,inline_early,inline_late,delta_power_db_uv2,exploratory,-6.696156496482407
lab_subject_15,dataset_b,raw_post_minus_pre,inline_early__minus__inline_late,inline_early,inline_late,delta_power_db_uv2,exploratory,-15.648964059496208
lab_subject_16,dataset_b,raw_post_minus_pre,inline_early__minus__inline_late,inline_early,inline_late,delta_power_db_uv2,exploratory,8.386120534687901
lab_subject_17,dataset_b,raw_post_minus_pre,inline_early__minus__inline_late,inline_early,inline_late,delta_power_db_uv2,exploratory,0.31368770925435996
lab_subject_18,dataset_b,raw_post_minus_pre,inline_early__minus__inline_late,inline_early,inline_late,delta_power_db_uv2,exploratory,-2.7762341050240966
lab_subject_19,dataset_b,raw_post_minus_pre,inline_early__minus__inline_late,inline_early,inline_late,delta_power_db_uv2,exploratory,13.649293635762714
lab_subject_2,dataset_b,raw_post_minus_pre,inline_early__minus__inline_late,inline_early,inline_late,delta_power_db_uv2,exploratory,3.9315549412548627
lab_subject_3,dataset_b,raw_post_minus_pre,inline_early__minus__inline_late,inline_early,inline_late,delta_power_db_uv2,exploratory,1.1006390205671792
lab_subject_5,dataset_b,raw_post_minus_pre,inline_early__minus__inline_late,inline_early,inline_late,delta_power_db_uv2,exploratory,-5.389331288250043
lab_subject_6,dataset_b,raw_post_minus_pre,inline_early__minus__inline_late,inline_early,inline_late,delta_power_db_uv2,exploratory,4.010555130838906
lab_subject_7,dataset_b,raw_post_minus_pre,inline_early__minus__inline_late,inline_early,inline_late,delta_power_db_uv2,exploratory,-10.04108963439376
lab_subject_8,dataset_b,raw_post_minus_pre,inline_early__minus__inline_late,inline_early,inline_late,delta_power_db_uv2,exploratory,-5.696502797369394
lab_subject_9,dataset_b,raw_post_minus_pre,inline_early__minus__inline_late,inline_early,inline_late,delta_power_db_uv2,exploratory,1.4636988866719207
lab_subject_1,dataset_b,raw_post_minus_pre,inline_early__minus__block_early,inline_early,block_early,delta_power_db_uv2,exploratory,-5.328474714422299
lab_subject_10,dataset_b,raw_post_minus_pre,inline_early__minus__block_early,inline_early,block_early,delta_power_db_uv2,exploratory,3.8545438223413875
lab_subject_11,dataset_b,raw_post_minus_pre,inline_early__minus__block_early,inline_early,block_early,delta_power_db_uv2,exploratory,-5.314300451206387
lab_subject_12,dataset_b,raw_post_minus_pre,inline_early__minus__block_early,inline_early,block_early,delta_power_db_uv2,exploratory,-6.246416378184879
lab_subject_13,dataset_b,raw_post_minus_pre,inline_early__minus__block_early,inline_early,block_early,delta_power_db_uv2,exploratory,-6.953615059011206
lab_subject_14,dataset_b,raw_post_minus_pre,inline_early__minus__block_early,inline_early,block_early,delta_power_db_uv2,exploratory,-9.613594421167278
lab_subject_15,dataset_b,raw_post_minus_pre,inline_early__minus__block_early,inline_early,block_early,delta_power_db_uv2,exploratory,-16.4362053842772
lab_subject_16,dataset_b,raw_post_minus_pre,inline_early__minus__block_early,inline_early,block_early,delta_power_db_uv2,exploratory,-4.846478767526852
lab_subject_17,dataset_b,raw_post_minus_pre,inline_early__minus__block_early,inline_early,block_early,delta_power_db_uv2,exploratory,2.0844061997758825
lab_subject_18,dataset_b,raw_post_minus_pre,inline_early__minus__block_early,inline_early,block_early,delta_power_db_uv2,exploratory,-2.231255387810929
lab_subject_19,dataset_b,raw_post_minus_pre,inline_early__minus__block_early,inline_early,block_early,delta_power_db_uv2,exploratory,-3.462587577503154
lab_subject_2,dataset_b,raw_post_minus_pre,inline_early__minus__block_early,inline_early,block_early,delta_power_db_uv2,exploratory,-7.417748171075342
lab_subject_3,dataset_b,raw_post_minus_pre,inline_early__minus__block_early,inline_early,block_early,delta_power_db_uv2,exploratory,1.2689780980797227
lab_subject_5,dataset_b,raw_post_minus_pre,inline_early__minus__block_early,inline_early,block_early,delta_power_db_uv2,exploratory,-5.360248462140902
lab_subject_6,dataset_b,raw_post_minus_pre,inline_early__minus__block_early,inline_early,block_early,delta_power_db_uv2,exploratory,9.211346801649551
lab_subject_7,dataset_b,raw_post_minus_pre,inline_early__minus__block_early,inline_early,block_early,delta_power_db_uv2,exploratory,-4.655892172275062
lab_subject_8,dataset_b,raw_post_minus_pre,inline_early__minus__block_early,inline_early,block_early,delta_power_db_uv2,exploratory,-1.0483504685218321
lab_subject_9,dataset_b,raw_post_minus_pre,inline_early__minus__block_early,inline_early,block_early,delta_power_db_uv2,exploratory,-2.9374146295053016
lab_subject_1,dataset_b,raw_post_minus_pre,inline_early__minus__block_late,inline_early,block_late,delta_power_db_uv2,exploratory,-8.189224566936147
lab_subject_10,dataset_b,raw_post_minus_pre,inline_early__minus__block_late,inline_early,block_late,delta_power_db_uv2,exploratory,2.4537706220762967
lab_subject_11,dataset_b,raw_post_minus_pre,inline_early__minus__block_late,inline_early,block_late,delta_power_db_uv2,exploratory,-7.064068064787527
lab_subject_12,dataset_b,raw_post_minus_pre,inline_early__minus__block_late,inline_early,block_late,delta_power_db_uv2,exploratory,-4.987467610950802
lab_subject_13,dataset_b,raw_post_minus_pre,inline_early__minus__block_late,inline_early,block_late,delta_power_db_uv2,exploratory,-12.776232817334787
lab_subject_14,dataset_b,raw_post_minus_pre,inline_early__minus__block_late,inline_early,block_late,delta_power_db_uv2,exploratory,-6.837479536801162
lab_subject_15,dataset_b,raw_post_minus_pre,inline_early__minus__block_late,inline_early,block_late,delta_power_db_uv2,exploratory,-13.774955599265933
lab_subject_16,dataset_b,raw_post_minus_pre,inline_early__minus__block_late,inline_early,block_late,delta_power_db_uv2,exploratory,-6.314325635753237
lab_subject_17,dataset_b,raw_post_minus_pre,inline_early__minus__block_late,inline_early,block_late,delta_power_db_uv2,exploratory,1.0636871392823721
lab_subject_18,dataset_b,raw_post_minus_pre,inline_early__minus__block_late,inline_early,block_late,delta_power_db_uv2,exploratory,3.8976794499466543
lab_subject_19,dataset_b,raw_post_minus_pre,inline_early__minus__block_late,inline_early,block_late,delta_power_db_uv2,exploratory,4.0684479246700285
lab_subject_2,dataset_b,raw_post_minus_pre,inline_early__minus__block_late,inline_early,block_late,delta_power_db_uv2,exploratory,8.833446260336157
lab_subject_3,dataset_b,raw_post_minus_pre,inline_early__minus__block_late,inline_early,block_late,delta_power_db_uv2,exploratory,-2.1775613577383837
lab_subject_5,dataset_b,raw_post_minus_pre,inline_early__minus__block_late,inline_early,block_late,delta_power_db_uv2,exploratory,10.25773879118896
lab_subject_6,dataset_b,raw_post_minus_pre,inline_early__minus__block_late,inline_early,block_late,delta_power_db_uv2,exploratory,0.19771874340271012
lab_subject_7,dataset_b,raw_post_minus_pre,inline_early__minus__block_late,inline_early,block_late,delta_power_db_uv2,exploratory,-1.79515019247349
lab_subject_8,dataset_b,raw_post_minus_pre,inline_early__minus__block_late,inline_early,block_late,delta_power_db_uv2,exploratory,-3.7953199907181734
lab_subject_9,dataset_b,raw_post_minus_pre,inline_early__minus__block_late,inline_early,block_late,delta_power_db_uv2,exploratory,11.656579331965059
lab_subject_1,dataset_b,raw_post_minus_pre,inline_late__minus__block_early,inline_late,block_early,delta_power_db_uv2,exploratory,-12.267980914435316
lab_subject_10,dataset_b,raw_post_minus_pre,inline_late__minus__block_early,inline_late,block_early,delta_power_db_uv2,exploratory,-1.5824736872037626
lab_subject_11,dataset_b,raw_post_minus_pre,inline_late__minus__block_early,inline_late,block_early,delta_power_db_uv2,exploratory,-3.997196820724172
lab_subject_12,dataset_b,raw_post_minus_pre,inline_late__minus__block_early,inline_late,block_early,delta_power_db_uv2,exploratory,-0.2056111201059707
lab_subject_13,dataset_b,raw_post_minus_pre,inline_late__minus__block_early,inline_late,block_early,delta_power_db_uv2,exploratory,-2.670643690780775
lab_subject_14,dataset_b,raw_post_minus_pre,inline_late__minus__block_early,inline_late,block_early,delta_power_db_uv2,exploratory,-2.9174379246848705
lab_subject_15,dataset_b,raw_post_minus_pre,inline_late__minus__block_early,inline_late,block_early,delta_power_db_uv2,exploratory,-0.7872413247809931
lab_subject_16,dataset_b,raw_post_minus_pre,inline_late__minus__block_early,inline_late,block_early,delta_power_db_uv2,exploratory,-13.232599302214753
lab_subject_17,dataset_b,raw_post_minus_pre,inline_late__minus__block_early,inline_late,block_early,delta_power_db_uv2,exploratory,1.7707184905215225
lab_subject_18,dataset_b,raw_post_minus_pre,inline_late__minus__block_early,inline_late,block_early,delta_power_db_uv2,exploratory,0.5449787172131675
lab_subject_19,dataset_b,raw_post_minus_pre,inline_late__minus__block_early,inline_late,block_early,delta_power_db_uv2,exploratory,-17.111881213265868
lab_subject_2,dataset_b,raw_post_minus_pre,inline_late__minus__block_early,inline_late,block_early,delta_power_db_uv2,exploratory,-11.349303112330205
lab_subject_3,dataset_b,raw_post_minus_pre,inline_late__minus__block_early,inline_late,block_early,delta_power_db_uv2,exploratory,0.1683390775125435
lab_subject_5,dataset_b,raw_post_minus_pre,inline_late__minus__block_early,inline_late,block_early,delta_power_db_uv2,exploratory,0.029082826109140925
lab_subject_6,dataset_b,raw_post_minus_pre,inline_late__minus__block_early,inline_late,block_early,delta_power_db_uv2,exploratory,5.200791670810645
lab_subject_7,dataset_b,raw_post_minus_pre,inline_late__minus__block_early,inline_late,block_early,delta_power_db_uv2,exploratory,5.385197462118697
lab_subject_8,dataset_b,raw_post_minus_pre,inline_late__minus__block_early,inline_late,block_early,delta_power_db_uv2,exploratory,4.648152328847562
lab_subject_9,dataset_b,raw_post_minus_pre,inline_late__minus__block_early,inline_late,block_early,delta_power_db_uv2,exploratory,-4.401113516177222
lab_subject_1,dataset_b,raw_post_minus_pre,inline_late__minus__block_late,inline_late,block_late,delta_power_db_uv2,exploratory,-15.128730766949165
lab_subject_10,dataset_b,raw_post_minus_pre,inline_late__minus__block_late,inline_late,block_late,delta_power_db_uv2,exploratory,-2.9832468874688534
lab_subject_11,dataset_b,raw_post_minus_pre,inline_late__minus__block_late,inline_late,block_late,delta_power_db_uv2,exploratory,-5.746964434305312
lab_subject_12,dataset_b,raw_post_minus_pre,inline_late__minus__block_late,inline_late,block_late,delta_power_db_uv2,exploratory,1.0533376471281066
lab_subject_13,dataset_b,raw_post_minus_pre,inline_late__minus__block_late,inline_late,block_late,delta_power_db_uv2,exploratory,-8.493261449104356
lab_subject_14,dataset_b,raw_post_minus_pre,inline_late__minus__block_late,inline_late,block_late,delta_power_db_uv2,exploratory,-0.14132304031875442
lab_subject_15,dataset_b,raw_post_minus_pre,inline_late__minus__block_late,inline_late,block_late,delta_power_db_uv2,exploratory,1.8740084602302751
lab_subject_16,dataset_b,raw_post_minus_pre,inline_late__minus__block_late,inline_late,block_late,delta_power_db_uv2,exploratory,-14.700446170441138
lab_subject_17,dataset_b,raw_post_minus_pre,inline_late__minus__block_late,inline_late,block_late,delta_power_db_uv2,exploratory,0.7499994300280122
lab_subject_18,dataset_b,raw_post_minus_pre,inline_late__minus__block_late,inline_late,block_late,delta_power_db_uv2,exploratory,6.673913554970751
lab_subject_19,dataset_b,raw_post_minus_pre,inline_late__minus__block_late,inline_late,block_late,delta_power_db_uv2,exploratory,-9.580845711092685
lab_subject_2,dataset_b,raw_post_minus_pre,inline_late__minus__block_late,inline_late,block_late,delta_power_db_uv2,exploratory,4.901891319081294
lab_subject_3,dataset_b,raw_post_minus_pre,inline_late__minus__block_late,inline_late,block_late,delta_power_db_uv2,exploratory,-3.278200378305563
lab_subject_5,dataset_b,raw_post_minus_pre,inline_late__minus__block_late,inline_late,block_late,delta_power_db_uv2,exploratory,15.647070079439002
lab_subject_6,dataset_b,raw_post_minus_pre,inline_late__minus__block_late,inline_late,block_late,delta_power_db_uv2,exploratory,-3.812836387436196
lab_subject_7,dataset_b,raw_post_minus_pre,inline_late__minus__block_late,inline_late,block_late,delta_power_db_uv2,exploratory,8.24593944192027
lab_subject_8,dataset_b,raw_post_minus_pre,inline_late__minus__block_late,inline_late,block_late,delta_power_db_uv2,exploratory,1.9011828066512209
lab_subject_9,dataset_b,raw_post_minus_pre,inline_late__minus__block_late,inline_late,block_late,delta_power_db_uv2,exploratory,10.192880445293138
lab_subject_1,dataset_b,raw_post_minus_pre,block_early__minus__block_late,block_early,block_late,delta_power_db_uv2,exploratory,-2.860749852513848
lab_subject_10,dataset_b,raw_post_minus_pre,block_early__minus__block_late,block_early,block_late,delta_power_db_uv2,exploratory,-1.4007732002650908
lab_subject_11,dataset_b,raw_post_minus_pre,block_early__minus__block_late,block_early,block_late,delta_power_db_uv2,exploratory,-1.74976761358114
lab_subject_12,dataset_b,raw_post_minus_pre,block_early__minus__block_late,block_early,block_late,delta_power_db_uv2,exploratory,1.2589487672340773
lab_subject_13,dataset_b,raw_post_minus_pre,block_early__minus__block_late,block_early,block_late,delta_power_db_uv2,exploratory,-5.822617758323581
lab_subject_14,dataset_b,raw_post_minus_pre,block_early__minus__block_late,block_early,block_late,delta_power_db_uv2,exploratory,2.776114884366116
lab_subject_15,dataset_b,raw_post_minus_pre,block_early__minus__block_late,block_early,block_late,delta_power_db_uv2,exploratory,2.661249785011268
lab_subject_16,dataset_b,raw_post_minus_pre,block_early__minus__block_late,block_early,block_late,delta_power_db_uv2,exploratory,-1.4678468682263848
lab_subject_17,dataset_b,raw_post_minus_pre,block_early__minus__block_late,block_early,block_late,delta_power_db_uv2,exploratory,-1.0207190604935104
lab_subject_18,dataset_b,raw_post_minus_pre,block_early__minus__block_late,block_early,block_late,delta_power_db_uv2,exploratory,6.128934837757583
lab_subject_19,dataset_b,raw_post_minus_pre,block_early__minus__block_late,block_early,block_late,delta_power_db_uv2,exploratory,7.531035502173182
lab_subject_2,dataset_b,raw_post_minus_pre,block_early__minus__block_late,block_early,block_late,delta_power_db_uv2,exploratory,16.2511944314115
lab_subject_3,dataset_b,raw_post_minus_pre,block_early__minus__block_late,block_early,block_late,delta_power_db_uv2,exploratory,-3.4465394558181064
lab_subject_5,dataset_b,raw_post_minus_pre,block_early__minus__block_late,block_early,block_late,delta_power_db_uv2,exploratory,15.617987253329861
lab_subject_6,dataset_b,raw_post_minus_pre,block_early__minus__block_late,block_early,block_late,delta_power_db_uv2,exploratory,-9.01362805824684
lab_subject_7,dataset_b,raw_post_minus_pre,block_early__minus__block_late,block_early,block_late,delta_power_db_uv2,exploratory,2.8607419798015723
lab_subject_8,dataset_b,raw_post_minus_pre,block_early__minus__block_late,block_early,block_late,delta_power_db_uv2,exploratory,-2.7469695221963413
lab_subject_9,dataset_b,raw_post_minus_pre,block_early__minus__block_late,block_early,block_late,delta_power_db_uv2,exploratory,14.59399396147036
lab_subject_1,dataset_b,delta_matched_control,inline_early__minus__inline_late,inline_early,inline_late,gamma_power_db_uv2,exploratory,15.250546610029993
lab_subject_10,dataset_b,delta_matched_control,inline_early__minus__inline_late,inline_early,inline_late,gamma_power_db_uv2,exploratory,17.137280366967524
lab_subject_11,dataset_b,delta_matched_control,inline_early__minus__inline_late,inline_early,inline_late,gamma_power_db_uv2,exploratory,-1.7660454812574542
lab_subject_12,dataset_b,delta_matched_control,inline_early__minus__inline_late,inline_early,inline_late,gamma_power_db_uv2,exploratory,0.7689901894244476
lab_subject_13,dataset_b,delta_matched_control,inline_early__minus__inline_late,inline_early,inline_late,gamma_power_db_uv2,exploratory,-4.803408020424372
lab_subject_14,dataset_b,delta_matched_control,inline_early__minus__inline_late,inline_early,inline_late,gamma_power_db_uv2,exploratory,-11.212720365765483
lab_subject_15,dataset_b,delta_matched_control,inline_early__minus__inline_late,inline_early,inline_late,gamma_power_db_uv2,exploratory,10.325065295782105
lab_subject_16,dataset_b,delta_matched_control,inline_early__minus__inline_late,inline_early,inline_late,gamma_power_db_uv2,exploratory,-2.347825636395002
lab_subject_17,dataset_b,delta_matched_control,inline_early__minus__inline_late,inline_early,inline_late,gamma_power_db_uv2,exploratory,5.510719399394057
lab_subject_18,dataset_b,delta_matched_control,inline_early__minus__inline_late,inline_early,inline_late,gamma_power_db_uv2,exploratory,-4.838226497650522
lab_subject_19,dataset_b,delta_matched_control,inline_early__minus__inline_late,inline_early,inline_late,gamma_power_db_uv2,exploratory,4.777978729244506
lab_subject_2,dataset_b,delta_matched_control,inline_early__minus__inline_late,inline_early,inline_late,gamma_power_db_uv2,exploratory,4.4997883308478155
lab_subject_3,dataset_b,delta_matched_control,inline_early__minus__inline_late,inline_early,inline_late,gamma_power_db_uv2,exploratory,2.9007283124146457
lab_subject_5,dataset_b,delta_matched_control,inline_early__minus__inline_late,inline_early,inline_late,gamma_power_db_uv2,exploratory,-4.588229878192269
lab_subject_6,dataset_b,delta_matched_control,inline_early__minus__inline_late,inline_early,inline_late,gamma_power_db_uv2,exploratory,1.316673349371271
lab_subject_7,dataset_b,delta_matched_control,inline_early__minus__inline_late,inline_early,inline_late,gamma_power_db_uv2,exploratory,-4.8342484899032945
lab_subject_8,dataset_b,delta_matched_control,inline_early__minus__inline_late,inline_early,inline_late,gamma_power_db_uv2,exploratory,-1.522264184551526
lab_subject_9,dataset_b,delta_matched_control,inline_early__minus__inline_late,inline_early,inline_late,gamma_power_db_uv2,exploratory,-3.9664144529197527
lab_subject_1,dataset_b,delta_matched_control,inline_early__minus__block_early,inline_early,block_early,gamma_power_db_uv2,exploratory,-0.9888437309804066
lab_subject_10,dataset_b,delta_matched_control,inline_early__minus__block_early,inline_early,block_early,gamma_power_db_uv2,exploratory,0.13750873087509774
lab_subject_11,dataset_b,delta_matched_control,inline_early__minus__block_early,inline_early,block_early,gamma_power_db_uv2,exploratory,0.9950021164650291
lab_subject_12,dataset_b,delta_matched_control,inline_early__minus__block_early,inline_early,block_early,gamma_power_db_uv2,exploratory,0.8761882879300702
lab_subject_13,dataset_b,delta_matched_control,inline_early__minus__block_early,inline_early,block_early,gamma_power_db_uv2,exploratory,-2.6495400306257175
lab_subject_14,dataset_b,delta_matched_control,inline_early__minus__block_early,inline_early,block_early,gamma_power_db_uv2,exploratory,-3.916233021408079
lab_subject_15,dataset_b,delta_matched_control,inline_early__minus__block_early,inline_early,block_early,gamma_power_db_uv2,exploratory,9.0217779586911
lab_subject_16,dataset_b,delta_matched_control,inline_early__minus__block_early,inline_early,block_early,gamma_power_db_uv2,exploratory,-2.4935423457068833
lab_subject_17,dataset_b,delta_matched_control,inline_early__minus__block_early,inline_early,block_early,gamma_power_db_uv2,exploratory,-0.5753625884069002
lab_subject_18,dataset_b,delta_matched_control,inline_early__minus__block_early,inline_early,block_early,gamma_power_db_uv2,exploratory,-1.501532322400812
lab_subject_19,dataset_b,delta_matched_control,inline_early__minus__block_early,inline_early,block_early,gamma_power_db_uv2,exploratory,4.437245228715369
lab_subject_2,dataset_b,delta_matched_control,inline_early__minus__block_early,inline_early,block_early,gamma_power_db_uv2,exploratory,3.2185297179097976
lab_subject_3,dataset_b,delta_matched_control,inline_early__minus__block_early,inline_early,block_early,gamma_power_db_uv2,exploratory,3.407325660719444
lab_subject_5,dataset_b,delta_matched_control,inline_early__minus__block_early,inline_early,block_early,gamma_power_db_uv2,exploratory,-4.887932842268187
lab_subject_6,dataset_b,delta_matched_control,inline_early__minus__block_early,inline_early,block_early,gamma_power_db_uv2,exploratory,5.072008581817835
lab_subject_7,dataset_b,delta_matched_control,inline_early__minus__block_early,inline_early,block_early,gamma_power_db_uv2,exploratory,-0.35960200308055423
lab_subject_8,dataset_b,delta_matched_control,inline_early__minus__block_early,inline_early,block_early,gamma_power_db_uv2,exploratory,-2.977806106835747
lab_subject_9,dataset_b,delta_matched_control,inline_early__minus__block_early,inline_early,block_early,gamma_power_db_uv2,exploratory,0.4222175941632962
lab_subject_1,dataset_b,delta_matched_control,inline_early__minus__block_late,inline_early,block_late,gamma_power_db_uv2,exploratory,0.5445575988106346
lab_subject_10,dataset_b,delta_matched_control,inline_early__minus__block_late,inline_early,block_late,gamma_power_db_uv2,exploratory,12.509163757174218
lab_subject_11,dataset_b,delta_matched_control,inline_early__minus__block_late,inline_early,block_late,gamma_power_db_uv2,exploratory,-1.5058004477809666
lab_subject_12,dataset_b,delta_matched_control,inline_early__minus__block_late,inline_early,block_late,gamma_power_db_uv2,exploratory,1.0441050196605697
lab_subject_13,dataset_b,delta_matched_control,inline_early__minus__block_late,inline_early,block_late,gamma_power_db_uv2,exploratory,-6.736631885975018
lab_subject_14,dataset_b,delta_matched_control,inline_early__minus__block_late,inline_early,block_late,gamma_power_db_uv2,exploratory,-12.759609554478928
lab_subject_15,dataset_b,delta_matched_control,inline_early__minus__block_late,inline_early,block_late,gamma_power_db_uv2,exploratory,9.921015994489567
lab_subject_16,dataset_b,delta_matched_control,inline_early__minus__block_late,inline_early,block_late,gamma_power_db_uv2,exploratory,-1.9334187270366412
lab_subject_17,dataset_b,delta_matched_control,inline_early__minus__block_late,inline_early,block_late,gamma_power_db_uv2,exploratory,2.72683725347932
lab_subject_18,dataset_b,delta_matched_control,inline_early__minus__block_late,inline_early,block_late,gamma_power_db_uv2,exploratory,6.244252645256866
lab_subject_19,dataset_b,delta_matched_control,inline_early__minus__block_late,inline_early,block_late,gamma_power_db_uv2,exploratory,3.6907688631870537
lab_subject_2,dataset_b,delta_matched_control,inline_early__minus__block_late,inline_early,block_late,gamma_power_db_uv2,exploratory,6.647353942419892
lab_subject_3,dataset_b,delta_matched_control,inline_early__minus__block_late,inline_early,block_late,gamma_power_db_uv2,exploratory,2.787607294857676
lab_subject_5,dataset_b,delta_matched_control,inline_early__minus__block_late,inline_early,block_late,gamma_power_db_uv2,exploratory,-5.223915343871304
lab_subject_6,dataset_b,delta_matched_control,inline_early__minus__block_late,inline_early,block_late,gamma_power_db_uv2,exploratory,0.6213148032029914
lab_subject_7,dataset_b,delta_matched_control,inline_early__minus__block_late,inline_early,block_late,gamma_power_db_uv2,exploratory,-4.224313228077286
lab_subject_8,dataset_b,delta_matched_control,inline_early__minus__block_late,inline_early,block_late,gamma_power_db_uv2,exploratory,-1.0988160062281234
lab_subject_9,dataset_b,delta_matched_control,inline_early__minus__block_late,inline_early,block_late,gamma_power_db_uv2,exploratory,0.860099090491719
lab_subject_1,dataset_b,delta_matched_control,inline_late__minus__block_early,inline_late,block_early,gamma_power_db_uv2,exploratory,-16.2393903410104
lab_subject_10,dataset_b,delta_matched_control,inline_late__minus__block_early,inline_late,block_early,gamma_power_db_uv2,exploratory,-16.999771636092426
lab_subject_11,dataset_b,delta_matched_control,inline_late__minus__block_early,inline_late,block_early,gamma_power_db_uv2,exploratory,2.7610475977224835
lab_subject_12,dataset_b,delta_matched_control,inline_late__minus__block_early,inline_late,block_early,gamma_power_db_uv2,exploratory,0.10719809850562256
lab_subject_13,dataset_b,delta_matched_control,inline_late__minus__block_early,inline_late,block_early,gamma_power_db_uv2,exploratory,2.1538679897986546
lab_subject_14,dataset_b,delta_matched_control,inline_late__minus__block_early,inline_late,block_early,gamma_power_db_uv2,exploratory,7.296487344357404
lab_subject_15,dataset_b,delta_matched_control,inline_late__minus__block_early,inline_late,block_early,gamma_power_db_uv2,exploratory,-1.3032873370910054
lab_subject_16,dataset_b,delta_matched_control,inline_late__minus__block_early,inline_late,block_early,gamma_power_db_uv2,exploratory,-0.1457167093118814
lab_subject_17,dataset_b,delta_matched_control,inline_late__minus__block_early,inline_late,block_early,gamma_power_db_uv2,exploratory,-6.0860819878009575
lab_subject_18,dataset_b,delta_matched_control,inline_late__minus__block_early,inline_late,block_early,gamma_power_db_uv2,exploratory,3.3366941752497103
lab_subject_19,dataset_b,delta_matched_control,inline_late__minus__block_early,inline_late,block_early,gamma_power_db_uv2,exploratory,-0.3407335005291361
lab_subject_2,dataset_b,delta_matched_control,inline_late__minus__block_early,inline_late,block_early,gamma_power_db_uv2,exploratory,-1.2812586129380183
lab_subject_3,dataset_b,delta_matched_control,inline_late__minus__block_early,inline_late,block_early,gamma_power_db_uv2,exploratory,0.5065973483047985
lab_subject_5,dataset_b,delta_matched_control,inline_late__minus__block_early,inline_late,block_early,gamma_power_db_uv2,exploratory,-0.29970296407591857
lab_subject_6,dataset_b,delta_matched_control,inline_late__minus__block_early,inline_late,block_early,gamma_power_db_uv2,exploratory,3.7553352324465648
lab_subject_7,dataset_b,delta_matched_control,inline_late__minus__block_early,inline_late,block_early,gamma_power_db_uv2,exploratory,4.47464648682274
lab_subject_8,dataset_b,delta_matched_control,inline_late__minus__block_early,inline_late,block_early,gamma_power_db_uv2,exploratory,-1.4555419222842212
lab_subject_9,dataset_b,delta_matched_control,inline_late__minus__block_early,inline_late,block_early,gamma_power_db_uv2,exploratory,4.388632047083049
lab_subject_1,dataset_b,delta_matched_control,inline_late__minus__block_late,inline_late,block_late,gamma_power_db_uv2,exploratory,-14.705989011219359
lab_subject_10,dataset_b,delta_matched_control,inline_late__minus__block_late,inline_late,block_late,gamma_power_db_uv2,exploratory,-4.628116609793308
lab_subject_11,dataset_b,delta_matched_control,inline_late__minus__block_late,inline_late,block_late,gamma_power_db_uv2,exploratory,0.26024503347648764
lab_subject_12,dataset_b,delta_matched_control,inline_late__minus__block_late,inline_late,block_late,gamma_power_db_uv2,exploratory,0.27511483023612204
lab_subject_13,dataset_b,delta_matched_control,inline_late__minus__block_late,inline_late,block_late,gamma_power_db_uv2,exploratory,-1.933223865550646
lab_subject_14,dataset_b,delta_matched_control,inline_late__minus__block_late,inline_late,block_late,gamma_power_db_uv2,exploratory,-1.546889188713445
lab_subject_15,dataset_b,delta_matched_control,inline_late__minus__block_late,inline_late,block_late,gamma_power_db_uv2,exploratory,-0.4040493012925377
lab_subject_16,dataset_b,delta_matched_control,inline_late__minus__block_late,inline_late,block_late,gamma_power_db_uv2,exploratory,0.41440690935836066
lab_subject_17,dataset_b,delta_matched_control,inline_late__minus__block_late,inline_late,block_late,gamma_power_db_uv2,exploratory,-2.783882145914738
lab_subject_18,dataset_b,delta_matched_control,inline_late__minus__block_late,inline_late,block_late,gamma_power_db_uv2,exploratory,11.082479142907388
lab_subject_19,dataset_b,delta_matched_control,inline_late__minus__block_late,inline_late,block_late,gamma_power_db_uv2,exploratory,-1.087209866057452
lab_subject_2,dataset_b,delta_matched_control,inline_late__minus__block_late,inline_late,block_late,gamma_power_db_uv2,exploratory,2.1475656115720763
lab_subject_3,dataset_b,delta_matched_control,inline_late__minus__block_late,inline_late,block_late,gamma_power_db_uv2,exploratory,-0.11312101755696968
lab_subject_5,dataset_b,delta_matched_control,inline_late__minus__block_late,inline_late,block_late,gamma_power_db_uv2,exploratory,-0.6356854656790352
lab_subject_6,dataset_b,delta_matched_control,inline_late__minus__block_late,inline_late,block_late,gamma_power_db_uv2,exploratory,-0.6953585461682796
lab_subject_7,dataset_b,delta_matched_control,inline_late__minus__block_late,inline_late,block_late,gamma_power_db_uv2,exploratory,0.6099352618260081
lab_subject_8,dataset_b,delta_matched_control,inline_late__minus__block_late,inline_late,block_late,gamma_power_db_uv2,exploratory,0.42344817832340254
lab_subject_9,dataset_b,delta_matched_control,inline_late__minus__block_late,inline_late,block_late,gamma_power_db_uv2,exploratory,4.826513543411472
lab_subject_1,dataset_b,delta_matched_control,block_early__minus__block_late,block_early,block_late,gamma_power_db_uv2,exploratory,1.5334013297910412
lab_subject_10,dataset_b,delta_matched_control,block_early__minus__block_late,block_early,block_late,gamma_power_db_uv2,exploratory,12.37165502629912
lab_subject_11,dataset_b,delta_matched_control,block_early__minus__block_late,block_early,block_late,gamma_power_db_uv2,exploratory,-2.500802564245996
lab_subject_12,dataset_b,delta_matched_control,block_early__minus__block_late,block_early,block_late,gamma_power_db_uv2,exploratory,0.16791673173049948
lab_subject_13,dataset_b,delta_matched_control,block_early__minus__block_late,block_early,block_late,gamma_power_db_uv2,exploratory,-4.0870918553493
lab_subject_14,dataset_b,delta_matched_control,block_early__minus__block_late,block_early,block_late,gamma_power_db_uv2,exploratory,-8.843376533070849
lab_subject_15,dataset_b,delta_matched_control,block_early__minus__block_late,block_early,block_late,gamma_power_db_uv2,exploratory,0.8992380357984677
lab_subject_16,dataset_b,delta_matched_control,block_early__minus__block_late,block_early,block_late,gamma_power_db_uv2,exploratory,0.5601236186702421
lab_subject_17,dataset_b,delta_matched_control,block_early__minus__block_late,block_early,block_late,gamma_power_db_uv2,exploratory,3.30219984188622
lab_subject_18,dataset_b,delta_matched_control,block_early__minus__block_late,block_early,block_late,gamma_power_db_uv2,exploratory,7.745784967657678
lab_subject_19,dataset_b,delta_matched_control,block_early__minus__block_late,block_early,block_late,gamma_power_db_uv2,exploratory,-0.746476365528316
lab_subject_2,dataset_b,delta_matched_control,block_early__minus__block_late,block_early,block_late,gamma_power_db_uv2,exploratory,3.4288242245100946
lab_subject_3,dataset_b,delta_matched_control,block_early__minus__block_late,block_early,block_late,gamma_power_db_uv2,exploratory,-0.6197183658617682
lab_subject_5,dataset_b,delta_matched_control,block_early__minus__block_late,block_early,block_late,gamma_power_db_uv2,exploratory,-0.3359825016031166
lab_subject_6,dataset_b,delta_matched_control,block_early__minus__block_late,block_early,block_late,gamma_power_db_uv2,exploratory,-4.450693778614844
lab_subject_7,dataset_b,delta_matched_control,block_early__minus__block_late,block_early,block_late,gamma_power_db_uv2,exploratory,-3.864711224996732
lab_subject_8,dataset_b,delta_matched_control,block_early__minus__block_late,block_early,block_late,gamma_power_db_uv2,exploratory,1.8789901006076237
lab_subject_9,dataset_b,delta_matched_control,block_early__minus__block_late,block_early,block_late,gamma_power_db_uv2,exploratory,0.43788149632842277
lab_subject_1,dataset_b,raw_post_minus_pre,inline_early__minus__inline_late,inline_early,inline_late,gamma_power_db_uv2,exploratory,13.216701362539906
lab_subject_10,dataset_b,raw_post_minus_pre,inline_early__minus__inline_late,inline_early,inline_late,gamma_power_db_uv2,exploratory,7.519017269510217
lab_subject_11,dataset_b,raw_post_minus_pre,inline_early__minus__inline_late,inline_early,inline_late,gamma_power_db_uv2,exploratory,-1.7575470247506977
lab_subject_12,dataset_b,raw_post_minus_pre,inline_early__minus__inline_late,inline_early,inline_late,gamma_power_db_uv2,exploratory,2.1417890952466485
lab_subject_13,dataset_b,raw_post_minus_pre,inline_early__minus__inline_late,inline_early,inline_late,gamma_power_db_uv2,exploratory,0.7133368662303468
lab_subject_14,dataset_b,raw_post_minus_pre,inline_early__minus__inline_late,inline_early,inline_late,gamma_power_db_uv2,exploratory,-0.5385214730367642
lab_subject_15,dataset_b,raw_post_minus_pre,inline_early__minus__inline_late,inline_early,inline_late,gamma_power_db_uv2,exploratory,3.729412365789965
lab_subject_16,dataset_b,raw_post_minus_pre,inline_early__minus__inline_late,inline_early,inline_late,gamma_power_db_uv2,exploratory,-2.471662751331528
lab_subject_17,dataset_b,raw_post_minus_pre,inline_early__minus__inline_late,inline_early,inline_late,gamma_power_db_uv2,exploratory,0.937527815493377
lab_subject_18,dataset_b,raw_post_minus_pre,inline_early__minus__inline_late,inline_early,inline_late,gamma_power_db_uv2,exploratory,-6.782066517227878
lab_subject_19,dataset_b,raw_post_minus_pre,inline_early__minus__inline_late,inline_early,inline_late,gamma_power_db_uv2,exploratory,3.8671123894634167
lab_subject_2,dataset_b,raw_post_minus_pre,inline_early__minus__inline_late,inline_early,inline_late,gamma_power_db_uv2,exploratory,4.5237188441477905
lab_subject_3,dataset_b,raw_post_minus_pre,inline_early__minus__inline_late,inline_early,inline_late,gamma_power_db_uv2,exploratory,2.801822826867225
lab_subject_5,dataset_b,raw_post_minus_pre,inline_early__minus__inline_late,inline_early,inline_late,gamma_power_db_uv2,exploratory,-5.04947301595263
lab_subject_6,dataset_b,raw_post_minus_pre,inline_early__minus__inline_late,inline_early,inline_late,gamma_power_db_uv2,exploratory,1.5543131863297794
lab_subject_7,dataset_b,raw_post_minus_pre,inline_early__minus__inline_late,inline_early,inline_late,gamma_power_db_uv2,exploratory,-0.7865611951282254
lab_subject_8,dataset_b,raw_post_minus_pre,inline_early__minus__inline_late,inline_early,inline_late,gamma_power_db_uv2,exploratory,-2.9931907910427777
lab_subject_9,dataset_b,raw_post_minus_pre,inline_early__minus__inline_late,inline_early,inline_late,gamma_power_db_uv2,exploratory,-4.666574885213809
lab_subject_1,dataset_b,raw_post_minus_pre,inline_early__minus__block_early,inline_early,block_early,gamma_power_db_uv2,exploratory,-0.9888437309804066
lab_subject_10,dataset_b,raw_post_minus_pre,inline_early__minus__block_early,inline_early,block_early,gamma_power_db_uv2,exploratory,0.1375087308750983
lab_subject_11,dataset_b,raw_post_minus_pre,inline_early__minus__block_early,inline_early,block_early,gamma_power_db_uv2,exploratory,0.9950021164650291
lab_subject_12,dataset_b,raw_post_minus_pre,inline_early__minus__block_early,inline_early,block_early,gamma_power_db_uv2,exploratory,0.8761882879300702
lab_subject_13,dataset_b,raw_post_minus_pre,inline_early__minus__block_early,inline_early,block_early,gamma_power_db_uv2,exploratory,-2.649540030625718
lab_subject_14,dataset_b,raw_post_minus_pre,inline_early__minus__block_early,inline_early,block_early,gamma_power_db_uv2,exploratory,-3.9162330214080794
lab_subject_15,dataset_b,raw_post_minus_pre,inline_early__minus__block_early,inline_early,block_early,gamma_power_db_uv2,exploratory,9.0217779586911
lab_subject_16,dataset_b,raw_post_minus_pre,inline_early__minus__block_early,inline_early,block_early,gamma_power_db_uv2,exploratory,-2.4935423457068833
lab_subject_17,dataset_b,raw_post_minus_pre,inline_early__minus__block_early,inline_early,block_early,gamma_power_db_uv2,exploratory,-0.5753625884069002
lab_subject_18,dataset_b,raw_post_minus_pre,inline_early__minus__block_early,inline_early,block_early,gamma_power_db_uv2,exploratory,-1.501532322400812
lab_subject_19,dataset_b,raw_post_minus_pre,inline_early__minus__block_early,inline_early,block_early,gamma_power_db_uv2,exploratory,4.437245228715369
lab_subject_2,dataset_b,raw_post_minus_pre,inline_early__minus__block_early,inline_early,block_early,gamma_power_db_uv2,exploratory,3.2185297179097985
lab_subject_3,dataset_b,raw_post_minus_pre,inline_early__minus__block_early,inline_early,block_early,gamma_power_db_uv2,exploratory,3.407325660719444
lab_subject_5,dataset_b,raw_post_minus_pre,inline_early__minus__block_early,inline_early,block_early,gamma_power_db_uv2,exploratory,-4.887932842268187
lab_subject_6,dataset_b,raw_post_minus_pre,inline_early__minus__block_early,inline_early,block_early,gamma_power_db_uv2,exploratory,5.072008581817835
lab_subject_7,dataset_b,raw_post_minus_pre,inline_early__minus__block_early,inline_early,block_early,gamma_power_db_uv2,exploratory,-0.35960200308055423
lab_subject_8,dataset_b,raw_post_minus_pre,inline_early__minus__block_early,inline_early,block_early,gamma_power_db_uv2,exploratory,-2.977806106835747
lab_subject_9,dataset_b,raw_post_minus_pre,inline_early__minus__block_early,inline_early,block_early,gamma_power_db_uv2,exploratory,0.4222175941632962
lab_subject_1,dataset_b,raw_post_minus_pre,inline_early__minus__block_late,inline_early,block_late,gamma_power_db_uv2,exploratory,-1.4892876486794524
lab_subject_10,dataset_b,raw_post_minus_pre,inline_early__minus__block_late,inline_early,block_late,gamma_power_db_uv2,exploratory,2.890900659716909
lab_subject_11,dataset_b,raw_post_minus_pre,inline_early__minus__block_late,inline_early,block_late,gamma_power_db_uv2,exploratory,-1.49730199127421
lab_subject_12,dataset_b,raw_post_minus_pre,inline_early__minus__block_late,inline_early,block_late,gamma_power_db_uv2,exploratory,2.4169039254827704
lab_subject_13,dataset_b,raw_post_minus_pre,inline_early__minus__block_late,inline_early,block_late,gamma_power_db_uv2,exploratory,-1.2198869993202992
lab_subject_14,dataset_b,raw_post_minus_pre,inline_early__minus__block_late,inline_early,block_late,gamma_power_db_uv2,exploratory,-2.0854106617502093
lab_subject_15,dataset_b,raw_post_minus_pre,inline_early__minus__block_late,inline_early,block_late,gamma_power_db_uv2,exploratory,3.3253630644974272
lab_subject_16,dataset_b,raw_post_minus_pre,inline_early__minus__block_late,inline_early,block_late,gamma_power_db_uv2,exploratory,-2.0572558419731672
lab_subject_17,dataset_b,raw_post_minus_pre,inline_early__minus__block_late,inline_early,block_late,gamma_power_db_uv2,exploratory,-1.8463543304213608
lab_subject_18,dataset_b,raw_post_minus_pre,inline_early__minus__block_late,inline_early,block_late,gamma_power_db_uv2,exploratory,4.300412625679511
lab_subject_19,dataset_b,raw_post_minus_pre,inline_early__minus__block_late,inline_early,block_late,gamma_power_db_uv2,exploratory,2.7799025234059647
lab_subject_2,dataset_b,raw_post_minus_pre,inline_early__minus__block_late,inline_early,block_late,gamma_power_db_uv2,exploratory,6.671284455719867
lab_subject_3,dataset_b,raw_post_minus_pre,inline_early__minus__block_late,inline_early,block_late,gamma_power_db_uv2,exploratory,2.6887018093102553
lab_subject_5,dataset_b,raw_post_minus_pre,inline_early__minus__block_late,inline_early,block_late,gamma_power_db_uv2,exploratory,-5.685158481631665
lab_subject_6,dataset_b,raw_post_minus_pre,inline_early__minus__block_late,inline_early,block_late,gamma_power_db_uv2,exploratory,0.8589546401614998
lab_subject_7,dataset_b,raw_post_minus_pre,inline_early__minus__block_late,inline_early,block_late,gamma_power_db_uv2,exploratory,-0.17662593330221732
lab_subject_8,dataset_b,raw_post_minus_pre,inline_early__minus__block_late,inline_early,block_late,gamma_power_db_uv2,exploratory,-2.5697426127193754
lab_subject_9,dataset_b,raw_post_minus_pre,inline_early__minus__block_late,inline_early,block_late,gamma_power_db_uv2,exploratory,0.15993865819766295
lab_subject_1,dataset_b,raw_post_minus_pre,inline_late__minus__block_early,inline_late,block_early,gamma_power_db_uv2,exploratory,-14.205545093520312
lab_subject_10,dataset_b,raw_post_minus_pre,inline_late__minus__block_early,inline_late,block_early,gamma_power_db_uv2,exploratory,-7.381508538635119
lab_subject_11,dataset_b,raw_post_minus_pre,inline_late__minus__block_early,inline_late,block_early,gamma_power_db_uv2,exploratory,2.752549141215727
lab_subject_12,dataset_b,raw_post_minus_pre,inline_late__minus__block_early,inline_late,block_early,gamma_power_db_uv2,exploratory,-1.265600807316578
lab_subject_13,dataset_b,raw_post_minus_pre,inline_late__minus__block_early,inline_late,block_early,gamma_power_db_uv2,exploratory,-3.362876896856065
lab_subject_14,dataset_b,raw_post_minus_pre,inline_late__minus__block_early,inline_late,block_early,gamma_power_db_uv2,exploratory,-3.377711548371315
lab_subject_15,dataset_b,raw_post_minus_pre,inline_late__minus__block_early,inline_late,block_early,gamma_power_db_uv2,exploratory,5.292365592901135
lab_subject_16,dataset_b,raw_post_minus_pre,inline_late__minus__block_early,inline_late,block_early,gamma_power_db_uv2,exploratory,-0.02187959437535536
lab_subject_17,dataset_b,raw_post_minus_pre,inline_late__minus__block_early,inline_late,block_early,gamma_power_db_uv2,exploratory,-1.5128904039002773
lab_subject_18,dataset_b,raw_post_minus_pre,inline_late__minus__block_early,inline_late,block_early,gamma_power_db_uv2,exploratory,5.280534194827066
lab_subject_19,dataset_b,raw_post_minus_pre,inline_late__minus__block_early,inline_late,block_early,gamma_power_db_uv2,exploratory,0.5701328392519527
lab_subject_2,dataset_b,raw_post_minus_pre,inline_late__minus__block_early,inline_late,block_early,gamma_power_db_uv2,exploratory,-1.3051891262379924
lab_subject_3,dataset_b,raw_post_minus_pre,inline_late__minus__block_early,inline_late,block_early,gamma_power_db_uv2,exploratory,0.6055028338522193
lab_subject_5,dataset_b,raw_post_minus_pre,inline_late__minus__block_early,inline_late,block_early,gamma_power_db_uv2,exploratory,0.16154017368444284
lab_subject_6,dataset_b,raw_post_minus_pre,inline_late__minus__block_early,inline_late,block_early,gamma_power_db_uv2,exploratory,3.517695395488056
lab_subject_7,dataset_b,raw_post_minus_pre,inline_late__minus__block_early,inline_late,block_early,gamma_power_db_uv2,exploratory,0.4269591920476712
lab_subject_8,dataset_b,raw_post_minus_pre,inline_late__minus__block_early,inline_late,block_early,gamma_power_db_uv2,exploratory,0.015384684207030652
lab_subject_9,dataset_b,raw_post_minus_pre,inline_late__minus__block_early,inline_late,block_early,gamma_power_db_uv2,exploratory,5.088792479377105
lab_subject_1,dataset_b,raw_post_minus_pre,inline_late__minus__block_late,inline_late,block_late,gamma_power_db_uv2,exploratory,-14.705989011219359
lab_subject_10,dataset_b,raw_post_minus_pre,inline_late__minus__block_late,inline_late,block_late,gamma_power_db_uv2,exploratory,-4.628116609793308
lab_subject_11,dataset_b,raw_post_minus_pre,inline_late__minus__block_late,inline_late,block_late,gamma_power_db_uv2,exploratory,0.26024503347648764
lab_subject_12,dataset_b,raw_post_minus_pre,inline_late__minus__block_late,inline_late,block_late,gamma_power_db_uv2,exploratory,0.27511483023612204
lab_subject_13,dataset_b,raw_post_minus_pre,inline_late__minus__block_late,inline_late,block_late,gamma_power_db_uv2,exploratory,-1.933223865550646
lab_subject_14,dataset_b,raw_post_minus_pre,inline_late__minus__block_late,inline_late,block_late,gamma_power_db_uv2,exploratory,-1.546889188713445
lab_subject_15,dataset_b,raw_post_minus_pre,inline_late__minus__block_late,inline_late,block_late,gamma_power_db_uv2,exploratory,-0.40404930129253747
lab_subject_16,dataset_b,raw_post_minus_pre,inline_late__minus__block_late,inline_late,block_late,gamma_power_db_uv2,exploratory,0.41440690935836066
lab_subject_17,dataset_b,raw_post_minus_pre,inline_late__minus__block_late,inline_late,block_late,gamma_power_db_uv2,exploratory,-2.783882145914738
lab_subject_18,dataset_b,raw_post_minus_pre,inline_late__minus__block_late,inline_late,block_late,gamma_power_db_uv2,exploratory,11.082479142907388
lab_subject_19,dataset_b,raw_post_minus_pre,inline_late__minus__block_late,inline_late,block_late,gamma_power_db_uv2,exploratory,-1.087209866057452
lab_subject_2,dataset_b,raw_post_minus_pre,inline_late__minus__block_late,inline_late,block_late,gamma_power_db_uv2,exploratory,2.1475656115720763
lab_subject_3,dataset_b,raw_post_minus_pre,inline_late__minus__block_late,inline_late,block_late,gamma_power_db_uv2,exploratory,-0.11312101755696968
lab_subject_5,dataset_b,raw_post_minus_pre,inline_late__minus__block_late,inline_late,block_late,gamma_power_db_uv2,exploratory,-0.6356854656790352
lab_subject_6,dataset_b,raw_post_minus_pre,inline_late__minus__block_late,inline_late,block_late,gamma_power_db_uv2,exploratory,-0.6953585461682796
lab_subject_7,dataset_b,raw_post_minus_pre,inline_late__minus__block_late,inline_late,block_late,gamma_power_db_uv2,exploratory,0.6099352618260081
lab_subject_8,dataset_b,raw_post_minus_pre,inline_late__minus__block_late,inline_late,block_late,gamma_power_db_uv2,exploratory,0.42344817832340254
lab_subject_9,dataset_b,raw_post_minus_pre,inline_late__minus__block_late,inline_late,block_late,gamma_power_db_uv2,exploratory,4.826513543411472
lab_subject_1,dataset_b,raw_post_minus_pre,block_early__minus__block_late,block_early,block_late,gamma_power_db_uv2,exploratory,-0.5004439176990458
lab_subject_10,dataset_b,raw_post_minus_pre,block_early__minus__block_late,block_early,block_late,gamma_power_db_uv2,exploratory,2.7533919288418107
lab_subject_11,dataset_b,raw_post_minus_pre,block_early__minus__block_late,block_early,block_late,gamma_power_db_uv2,exploratory,-2.492304107739239
lab_subject_12,dataset_b,raw_post_minus_pre,block_early__minus__block_late,block_early,block_late,gamma_power_db_uv2,exploratory,1.5407156375527002
lab_subject_13,dataset_b,raw_post_minus_pre,block_early__minus__block_late,block_early,block_late,gamma_power_db_uv2,exploratory,1.4296530313054188
lab_subject_14,dataset_b,raw_post_minus_pre,block_early__minus__block_late,block_early,block_late,gamma_power_db_uv2,exploratory,1.83082235965787
lab_subject_15,dataset_b,raw_post_minus_pre,block_early__minus__block_late,block_early,block_late,gamma_power_db_uv2,exploratory,-5.696414894193672
lab_subject_16,dataset_b,raw_post_minus_pre,block_early__minus__block_late,block_early,block_late,gamma_power_db_uv2,exploratory,0.436286503733716
lab_subject_17,dataset_b,raw_post_minus_pre,block_early__minus__block_late,block_early,block_late,gamma_power_db_uv2,exploratory,-1.2709917420144605
lab_subject_18,dataset_b,raw_post_minus_pre,block_early__minus__block_late,block_early,block_late,gamma_power_db_uv2,exploratory,5.801944948080323
lab_subject_19,dataset_b,raw_post_minus_pre,block_early__minus__block_late,block_early,block_late,gamma_power_db_uv2,exploratory,-1.657342705309405
lab_subject_2,dataset_b,raw_post_minus_pre,block_early__minus__block_late,block_early,block_late,gamma_power_db_uv2,exploratory,3.4527547378100687
lab_subject_3,dataset_b,raw_post_minus_pre,block_early__minus__block_late,block_early,block_late,gamma_power_db_uv2,exploratory,-0.7186238514091889
lab_subject_5,dataset_b,raw_post_minus_pre,block_early__minus__block_late,block_early,block_late,gamma_power_db_uv2,exploratory,-0.797225639363478
lab_subject_6,dataset_b,raw_post_minus_pre,block_early__minus__block_late,block_early,block_late,gamma_power_db_uv2,exploratory,-4.2130539416563355
lab_subject_7,dataset_b,raw_post_minus_pre,block_early__minus__block_late,block_early,block_late,gamma_power_db_uv2,exploratory,0.18297606977833691
lab_subject_8,dataset_b,raw_post_minus_pre,block_early__minus__block_late,block_early,block_late,gamma_power_db_uv2,exploratory,0.4080634941163719
lab_subject_9,dataset_b,raw_post_minus_pre,block_early__minus__block_late,block_early,block_late,gamma_power_db_uv2,exploratory,-0.26227893596563323
lab_subject_1,dataset_b,delta_matched_control,inline_early__minus__inline_late,inline_early,inline_late,delta_relative_power,exploratory,-0.22694430657129028
lab_subject_10,dataset_b,delta_matched_control,inline_early__minus__inline_late,inline_early,inline_late,delta_relative_power,exploratory,0.08358072823073948
lab_subject_11,dataset_b,delta_matched_control,inline_early__minus__inline_late,inline_early,inline_late,delta_relative_power,exploratory,0.47259750847045023
lab_subject_12,dataset_b,delta_matched_control,inline_early__minus__inline_late,inline_early,inline_late,delta_relative_power,exploratory,-0.10740098476728804
lab_subject_13,dataset_b,delta_matched_control,inline_early__minus__inline_late,inline_early,inline_late,delta_relative_power,exploratory,0.028453824595955413
lab_subject_14,dataset_b,delta_matched_control,inline_early__minus__inline_late,inline_early,inline_late,delta_relative_power,exploratory,-0.2986712217297126
lab_subject_15,dataset_b,delta_matched_control,inline_early__minus__inline_late,inline_early,inline_late,delta_relative_power,exploratory,-0.31606257474915156
lab_subject_16,dataset_b,delta_matched_control,inline_early__minus__inline_late,inline_early,inline_late,delta_relative_power,exploratory,0.20633844223626185
lab_subject_17,dataset_b,delta_matched_control,inline_early__minus__inline_late,inline_early,inline_late,delta_relative_power,exploratory,0.12964074506207052
lab_subject_18,dataset_b,delta_matched_control,inline_early__minus__inline_late,inline_early,inline_late,delta_relative_power,exploratory,-0.11922962121947872
lab_subject_19,dataset_b,delta_matched_control,inline_early__minus__inline_late,inline_early,inline_late,delta_relative_power,exploratory,0.33985512623559583
lab_subject_2,dataset_b,delta_matched_control,inline_early__minus__inline_late,inline_early,inline_late,delta_relative_power,exploratory,0.07458073374702046
lab_subject_3,dataset_b,delta_matched_control,inline_early__minus__inline_late,inline_early,inline_late,delta_relative_power,exploratory,0.34403077839485846
lab_subject_5,dataset_b,delta_matched_control,inline_early__minus__inline_late,inline_early,inline_late,delta_relative_power,exploratory,-0.014225073469727345
lab_subject_6,dataset_b,delta_matched_control,inline_early__minus__inline_late,inline_early,inline_late,delta_relative_power,exploratory,-0.21136781045755343
lab_subject_7,dataset_b,delta_matched_control,inline_early__minus__inline_late,inline_early,inline_late,delta_relative_power,exploratory,-0.7687480029278282
lab_subject_8,dataset_b,delta_matched_control,inline_early__minus__inline_late,inline_early,inline_late,delta_relative_power,exploratory,-0.420510516808424
lab_subject_9,dataset_b,delta_matched_control,inline_early__minus__inline_late,inline_early,inline_late,delta_relative_power,exploratory,-0.2895226401800015
lab_subject_1,dataset_b,delta_matched_control,inline_early__minus__block_early,inline_early,block_early,delta_relative_power,exploratory,-0.32829635413357694
lab_subject_10,dataset_b,delta_matched_control,inline_early__minus__block_early,inline_early,block_early,delta_relative_power,exploratory,0.17772123263675882
lab_subject_11,dataset_b,delta_matched_control,inline_early__minus__block_early,inline_early,block_early,delta_relative_power,exploratory,-0.15922357522654446
lab_subject_12,dataset_b,delta_matched_control,inline_early__minus__block_early,inline_early,block_early,delta_relative_power,exploratory,-0.25710719052961134
lab_subject_13,dataset_b,delta_matched_control,inline_early__minus__block_early,inline_early,block_early,delta_relative_power,exploratory,-0.240472539303221
lab_subject_14,dataset_b,delta_matched_control,inline_early__minus__block_early,inline_early,block_early,delta_relative_power,exploratory,-0.10723900104648731
lab_subject_15,dataset_b,delta_matched_control,inline_early__minus__block_early,inline_early,block_early,delta_relative_power,exploratory,-0.5309713970548011
lab_subject_16,dataset_b,delta_matched_control,inline_early__minus__block_early,inline_early,block_early,delta_relative_power,exploratory,-0.16799060666832422
lab_subject_17,dataset_b,delta_matched_control,inline_early__minus__block_early,inline_early,block_early,delta_relative_power,exploratory,0.11308312242213747
lab_subject_18,dataset_b,delta_matched_control,inline_early__minus__block_early,inline_early,block_early,delta_relative_power,exploratory,-0.14748381599792376
lab_subject_19,dataset_b,delta_matched_control,inline_early__minus__block_early,inline_early,block_early,delta_relative_power,exploratory,-0.2519803306389322
lab_subject_2,dataset_b,delta_matched_control,inline_early__minus__block_early,inline_early,block_early,delta_relative_power,exploratory,-0.35778268340476993
lab_subject_3,dataset_b,delta_matched_control,inline_early__minus__block_early,inline_early,block_early,delta_relative_power,exploratory,0.07737650925667006
lab_subject_5,dataset_b,delta_matched_control,inline_early__minus__block_early,inline_early,block_early,delta_relative_power,exploratory,-0.12104862503529024
lab_subject_6,dataset_b,delta_matched_control,inline_early__minus__block_early,inline_early,block_early,delta_relative_power,exploratory,0.36108494064256474
lab_subject_7,dataset_b,delta_matched_control,inline_early__minus__block_early,inline_early,block_early,delta_relative_power,exploratory,-0.23035350472338723
lab_subject_8,dataset_b,delta_matched_control,inline_early__minus__block_early,inline_early,block_early,delta_relative_power,exploratory,-0.061965721869834955
lab_subject_9,dataset_b,delta_matched_control,inline_early__minus__block_early,inline_early,block_early,delta_relative_power,exploratory,-0.043438992163922996
lab_subject_1,dataset_b,delta_matched_control,inline_early__minus__block_late,inline_early,block_late,delta_relative_power,exploratory,-0.48045473040360615
lab_subject_10,dataset_b,delta_matched_control,inline_early__minus__block_late,inline_early,block_late,delta_relative_power,exploratory,-0.06921486423728263
lab_subject_11,dataset_b,delta_matched_control,inline_early__minus__block_late,inline_early,block_late,delta_relative_power,exploratory,0.15161303743127807
lab_subject_12,dataset_b,delta_matched_control,inline_early__minus__block_late,inline_early,block_late,delta_relative_power,exploratory,-0.014631246140908716
lab_subject_13,dataset_b,delta_matched_control,inline_early__minus__block_late,inline_early,block_late,delta_relative_power,exploratory,-0.10968683478731434
lab_subject_14,dataset_b,delta_matched_control,inline_early__minus__block_late,inline_early,block_late,delta_relative_power,exploratory,-0.2662081138003374
lab_subject_15,dataset_b,delta_matched_control,inline_early__minus__block_late,inline_early,block_late,delta_relative_power,exploratory,-0.3089828439742549
lab_subject_16,dataset_b,delta_matched_control,inline_early__minus__block_late,inline_early,block_late,delta_relative_power,exploratory,-0.37334648281122906
lab_subject_17,dataset_b,delta_matched_control,inline_early__minus__block_late,inline_early,block_late,delta_relative_power,exploratory,0.263402805254193
lab_subject_18,dataset_b,delta_matched_control,inline_early__minus__block_late,inline_early,block_late,delta_relative_power,exploratory,-0.19814007499627556
lab_subject_19,dataset_b,delta_matched_control,inline_early__minus__block_late,inline_early,block_late,delta_relative_power,exploratory,0.08236103310017473
lab_subject_2,dataset_b,delta_matched_control,inline_early__minus__block_late,inline_early,block_late,delta_relative_power,exploratory,0.2743699916815144
lab_subject_3,dataset_b,delta_matched_control,inline_early__minus__block_late,inline_early,block_late,delta_relative_power,exploratory,0.1416006412481582
lab_subject_5,dataset_b,delta_matched_control,inline_early__minus__block_late,inline_early,block_late,delta_relative_power,exploratory,0.4001719328319804
lab_subject_6,dataset_b,delta_matched_control,inline_early__minus__block_late,inline_early,block_late,delta_relative_power,exploratory,-0.3454073346634236
lab_subject_7,dataset_b,delta_matched_control,inline_early__minus__block_late,inline_early,block_late,delta_relative_power,exploratory,-0.3471785300970517
lab_subject_8,dataset_b,delta_matched_control,inline_early__minus__block_late,inline_early,block_late,delta_relative_power,exploratory,-0.3085138088189905
lab_subject_9,dataset_b,delta_matched_control,inline_early__minus__block_late,inline_early,block_late,delta_relative_power,exploratory,-0.04467372393627422
lab_subject_1,dataset_b,delta_matched_control,inline_late__minus__block_early,inline_late,block_early,delta_relative_power,exploratory,-0.10135204756228666
lab_subject_10,dataset_b,delta_matched_control,inline_late__minus__block_early,inline_late,block_early,delta_relative_power,exploratory,0.09414050440601934
lab_subject_11,dataset_b,delta_matched_control,inline_late__minus__block_early,inline_late,block_early,delta_relative_power,exploratory,-0.6318210836969946
lab_subject_12,dataset_b,delta_matched_control,inline_late__minus__block_early,inline_late,block_early,delta_relative_power,exploratory,-0.1497062057623233
lab_subject_13,dataset_b,delta_matched_control,inline_late__minus__block_early,inline_late,block_early,delta_relative_power,exploratory,-0.2689263638991764
lab_subject_14,dataset_b,delta_matched_control,inline_late__minus__block_early,inline_late,block_early,delta_relative_power,exploratory,0.1914322206832253
lab_subject_15,dataset_b,delta_matched_control,inline_late__minus__block_early,inline_late,block_early,delta_relative_power,exploratory,-0.21490882230564956
lab_subject_16,dataset_b,delta_matched_control,inline_late__minus__block_early,inline_late,block_early,delta_relative_power,exploratory,-0.37432904890458607
lab_subject_17,dataset_b,delta_matched_control,inline_late__minus__block_early,inline_late,block_early,delta_relative_power,exploratory,-0.016557622639933045
lab_subject_18,dataset_b,delta_matched_control,inline_late__minus__block_early,inline_late,block_early,delta_relative_power,exploratory,-0.02825419477844504
lab_subject_19,dataset_b,delta_matched_control,inline_late__minus__block_early,inline_late,block_early,delta_relative_power,exploratory,-0.5918354568745281
lab_subject_2,dataset_b,delta_matched_control,inline_late__minus__block_early,inline_late,block_early,delta_relative_power,exploratory,-0.4323634171517904
lab_subject_3,dataset_b,delta_matched_control,inline_late__minus__block_early,inline_late,block_early,delta_relative_power,exploratory,-0.2666542691381884
lab_subject_5,dataset_b,delta_matched_control,inline_late__minus__block_early,inline_late,block_early,delta_relative_power,exploratory,-0.10682355156556289
lab_subject_6,dataset_b,delta_matched_control,inline_late__minus__block_early,inline_late,block_early,delta_relative_power,exploratory,0.5724527511001182
lab_subject_7,dataset_b,delta_matched_control,inline_late__minus__block_early,inline_late,block_early,delta_relative_power,exploratory,0.5383944982044411
lab_subject_8,dataset_b,delta_matched_control,inline_late__minus__block_early,inline_late,block_early,delta_relative_power,exploratory,0.35854479493858904
lab_subject_9,dataset_b,delta_matched_control,inline_late__minus__block_early,inline_late,block_early,delta_relative_power,exploratory,0.24608364801607852
lab_subject_1,dataset_b,delta_matched_control,inline_late__minus__block_late,inline_late,block_late,delta_relative_power,exploratory,-0.25351042383231587
lab_subject_10,dataset_b,delta_matched_control,inline_late__minus__block_late,inline_late,block_late,delta_relative_power,exploratory,-0.1527955924680221
lab_subject_11,dataset_b,delta_matched_control,inline_late__minus__block_late,inline_late,block_late,delta_relative_power,exploratory,-0.32098447103917216
lab_subject_12,dataset_b,delta_matched_control,inline_late__minus__block_late,inline_late,block_late,delta_relative_power,exploratory,0.09276973862637933
lab_subject_13,dataset_b,delta_matched_control,inline_late__minus__block_late,inline_late,block_late,delta_relative_power,exploratory,-0.13814065938326975
lab_subject_14,dataset_b,delta_matched_control,inline_late__minus__block_late,inline_late,block_late,delta_relative_power,exploratory,0.032463107929375234
lab_subject_15,dataset_b,delta_matched_control,inline_late__minus__block_late,inline_late,block_late,delta_relative_power,exploratory,0.007079730774896653
lab_subject_16,dataset_b,delta_matched_control,inline_late__minus__block_late,inline_late,block_late,delta_relative_power,exploratory,-0.5796849250474909
lab_subject_17,dataset_b,delta_matched_control,inline_late__minus__block_late,inline_late,block_late,delta_relative_power,exploratory,0.1337620601921225
lab_subject_18,dataset_b,delta_matched_control,inline_late__minus__block_late,inline_late,block_late,delta_relative_power,exploratory,-0.07891045377679684
lab_subject_19,dataset_b,delta_matched_control,inline_late__minus__block_late,inline_late,block_late,delta_relative_power,exploratory,-0.2574940931354211
lab_subject_2,dataset_b,delta_matched_control,inline_late__minus__block_late,inline_late,block_late,delta_relative_power,exploratory,0.19978925793449392
lab_subject_3,dataset_b,delta_matched_control,inline_late__minus__block_late,inline_late,block_late,delta_relative_power,exploratory,-0.20243013714670027
lab_subject_5,dataset_b,delta_matched_control,inline_late__minus__block_late,inline_late,block_late,delta_relative_power,exploratory,0.4143970063017077
lab_subject_6,dataset_b,delta_matched_control,inline_late__minus__block_late,inline_late,block_late,delta_relative_power,exploratory,-0.13403952420587018
lab_subject_7,dataset_b,delta_matched_control,inline_late__minus__block_late,inline_late,block_late,delta_relative_power,exploratory,0.42156947283077656
lab_subject_8,dataset_b,delta_matched_control,inline_late__minus__block_late,inline_late,block_late,delta_relative_power,exploratory,0.11199670798943351
lab_subject_9,dataset_b,delta_matched_control,inline_late__minus__block_late,inline_late,block_late,delta_relative_power,exploratory,0.2448489162437273
lab_subject_1,dataset_b,delta_matched_control,block_early__minus__block_late,block_early,block_late,delta_relative_power,exploratory,-0.1521583762700292
lab_subject_10,dataset_b,delta_matched_control,block_early__minus__block_late,block_early,block_late,delta_relative_power,exploratory,-0.24693609687404144
lab_subject_11,dataset_b,delta_matched_control,block_early__minus__block_late,block_early,block_late,delta_relative_power,exploratory,0.31083661265782253
lab_subject_12,dataset_b,delta_matched_control,block_early__minus__block_late,block_early,block_late,delta_relative_power,exploratory,0.24247594438870262
lab_subject_13,dataset_b,delta_matched_control,block_early__minus__block_late,block_early,block_late,delta_relative_power,exploratory,0.13078570451590665
lab_subject_14,dataset_b,delta_matched_control,block_early__minus__block_late,block_early,block_late,delta_relative_power,exploratory,-0.15896911275385006
lab_subject_15,dataset_b,delta_matched_control,block_early__minus__block_late,block_early,block_late,delta_relative_power,exploratory,0.2219885530805462
lab_subject_16,dataset_b,delta_matched_control,block_early__minus__block_late,block_early,block_late,delta_relative_power,exploratory,-0.20535587614290485
lab_subject_17,dataset_b,delta_matched_control,block_early__minus__block_late,block_early,block_late,delta_relative_power,exploratory,0.15031968283205555
lab_subject_18,dataset_b,delta_matched_control,block_early__minus__block_late,block_early,block_late,delta_relative_power,exploratory,-0.0506562589983518
lab_subject_19,dataset_b,delta_matched_control,block_early__minus__block_late,block_early,block_late,delta_relative_power,exploratory,0.33434136373910694
lab_subject_2,dataset_b,delta_matched_control,block_early__minus__block_late,block_early,block_late,delta_relative_power,exploratory,0.6321526750862843
lab_subject_3,dataset_b,delta_matched_control,block_early__minus__block_late,block_early,block_late,delta_relative_power,exploratory,0.06422413199148813
lab_subject_5,dataset_b,delta_matched_control,block_early__minus__block_late,block_early,block_late,delta_relative_power,exploratory,0.5212205578672706
lab_subject_6,dataset_b,delta_matched_control,block_early__minus__block_late,block_early,block_late,delta_relative_power,exploratory,-0.7064922753059883
lab_subject_7,dataset_b,delta_matched_control,block_early__minus__block_late,block_early,block_late,delta_relative_power,exploratory,-0.11682502537366446
lab_subject_8,dataset_b,delta_matched_control,block_early__minus__block_late,block_early,block_late,delta_relative_power,exploratory,-0.24654808694915553
lab_subject_9,dataset_b,delta_matched_control,block_early__minus__block_late,block_early,block_late,delta_relative_power,exploratory,-0.0012347317723512274
lab_subject_1,dataset_b,raw_post_minus_pre,inline_early__minus__inline_late,inline_early,inline_late,delta_relative_power,exploratory,-0.1369692042733528
lab_subject_10,dataset_b,raw_post_minus_pre,inline_early__minus__inline_late,inline_early,inline_late,delta_relative_power,exploratory,0.12097996417250134
lab_subject_11,dataset_b,raw_post_minus_pre,inline_early__minus__inline_late,inline_early,inline_late,delta_relative_power,exploratory,-0.02981289173327084
lab_subject_12,dataset_b,raw_post_minus_pre,inline_early__minus__inline_late,inline_early,inline_late,delta_relative_power,exploratory,-0.43354189662934767
lab_subject_13,dataset_b,raw_post_minus_pre,inline_early__minus__inline_late,inline_early,inline_late,delta_relative_power,exploratory,-0.1477422472595245
lab_subject_14,dataset_b,raw_post_minus_pre,inline_early__minus__inline_late,inline_early,inline_late,delta_relative_power,exploratory,-0.07282536718015509
lab_subject_15,dataset_b,raw_post_minus_pre,inline_early__minus__inline_late,inline_early,inline_late,delta_relative_power,exploratory,-0.49806616269904924
lab_subject_16,dataset_b,raw_post_minus_pre,inline_early__minus__inline_late,inline_early,inline_late,delta_relative_power,exploratory,0.3595185226835981
lab_subject_17,dataset_b,raw_post_minus_pre,inline_early__minus__inline_late,inline_early,inline_late,delta_relative_power,exploratory,-0.07079257808385458
lab_subject_18,dataset_b,raw_post_minus_pre,inline_early__minus__inline_late,inline_early,inline_late,delta_relative_power,exploratory,0.08959172775315721
lab_subject_19,dataset_b,raw_post_minus_pre,inline_early__minus__inline_late,inline_early,inline_late,delta_relative_power,exploratory,0.4039648350816403
lab_subject_2,dataset_b,raw_post_minus_pre,inline_early__minus__inline_late,inline_early,inline_late,delta_relative_power,exploratory,-0.1011237707633994
lab_subject_3,dataset_b,raw_post_minus_pre,inline_early__minus__inline_late,inline_early,inline_late,delta_relative_power,exploratory,0.08626156882496044
lab_subject_5,dataset_b,raw_post_minus_pre,inline_early__minus__inline_late,inline_early,inline_late,delta_relative_power,exploratory,-0.10789680829896198
lab_subject_6,dataset_b,raw_post_minus_pre,inline_early__minus__inline_late,inline_early,inline_late,delta_relative_power,exploratory,0.13992758048212273
lab_subject_7,dataset_b,raw_post_minus_pre,inline_early__minus__inline_late,inline_early,inline_late,delta_relative_power,exploratory,-0.5099384681191884
lab_subject_8,dataset_b,raw_post_minus_pre,inline_early__minus__inline_late,inline_early,inline_late,delta_relative_power,exploratory,-0.31908193098561205
lab_subject_9,dataset_b,raw_post_minus_pre,inline_early__minus__inline_late,inline_early,inline_late,delta_relative_power,exploratory,0.16788975994554234
lab_subject_1,dataset_b,raw_post_minus_pre,inline_early__minus__block_early,inline_early,block_early,delta_relative_power,exploratory,-0.32829635413357694
lab_subject_10,dataset_b,raw_post_minus_pre,inline_early__minus__block_early,inline_early,block_early,delta_relative_power,exploratory,0.17772123263675882
lab_subject_11,dataset_b,raw_post_minus_pre,inline_early__minus__block_early,inline_early,block_early,delta_relative_power,exploratory,-0.15922357522654446
lab_subject_12,dataset_b,raw_post_minus_pre,inline_early__minus__block_early,inline_early,block_early,delta_relative_power,exploratory,-0.25710719052961134
lab_subject_13,dataset_b,raw_post_minus_pre,inline_early__minus__block_early,inline_early,block_early,delta_relative_power,exploratory,-0.240472539303221
lab_subject_14,dataset_b,raw_post_minus_pre,inline_early__minus__block_early,inline_early,block_early,delta_relative_power,exploratory,-0.10723900104648731
lab_subject_15,dataset_b,raw_post_minus_pre,inline_early__minus__block_early,inline_early,block_early,delta_relative_power,exploratory,-0.5309713970548011
lab_subject_16,dataset_b,raw_post_minus_pre,inline_early__minus__block_early,inline_early,block_early,delta_relative_power,exploratory,-0.16799060666832422
lab_subject_17,dataset_b,raw_post_minus_pre,inline_early__minus__block_early,inline_early,block_early,delta_relative_power,exploratory,0.11308312242213747
lab_subject_18,dataset_b,raw_post_minus_pre,inline_early__minus__block_early,inline_early,block_early,delta_relative_power,exploratory,-0.14748381599792376
lab_subject_19,dataset_b,raw_post_minus_pre,inline_early__minus__block_early,inline_early,block_early,delta_relative_power,exploratory,-0.2519803306389322
lab_subject_2,dataset_b,raw_post_minus_pre,inline_early__minus__block_early,inline_early,block_early,delta_relative_power,exploratory,-0.35778268340476993
lab_subject_3,dataset_b,raw_post_minus_pre,inline_early__minus__block_early,inline_early,block_early,delta_relative_power,exploratory,0.07737650925667006
lab_subject_5,dataset_b,raw_post_minus_pre,inline_early__minus__block_early,inline_early,block_early,delta_relative_power,exploratory,-0.12104862503529024
lab_subject_6,dataset_b,raw_post_minus_pre,inline_early__minus__block_early,inline_early,block_early,delta_relative_power,exploratory,0.36108494064256474
lab_subject_7,dataset_b,raw_post_minus_pre,inline_early__minus__block_early,inline_early,block_early,delta_relative_power,exploratory,-0.23035350472338723
lab_subject_8,dataset_b,raw_post_minus_pre,inline_early__minus__block_early,inline_early,block_early,delta_relative_power,exploratory,-0.061965721869834955
lab_subject_9,dataset_b,raw_post_minus_pre,inline_early__minus__block_early,inline_early,block_early,delta_relative_power,exploratory,-0.043438992163922996
lab_subject_1,dataset_b,raw_post_minus_pre,inline_early__minus__block_late,inline_early,block_late,delta_relative_power,exploratory,-0.39047962810566866
lab_subject_10,dataset_b,raw_post_minus_pre,inline_early__minus__block_late,inline_early,block_late,delta_relative_power,exploratory,-0.03181562829552076
lab_subject_11,dataset_b,raw_post_minus_pre,inline_early__minus__block_late,inline_early,block_late,delta_relative_power,exploratory,-0.350797362772443
lab_subject_12,dataset_b,raw_post_minus_pre,inline_early__minus__block_late,inline_early,block_late,delta_relative_power,exploratory,-0.34077215800296834
lab_subject_13,dataset_b,raw_post_minus_pre,inline_early__minus__block_late,inline_early,block_late,delta_relative_power,exploratory,-0.28588290664279425
lab_subject_14,dataset_b,raw_post_minus_pre,inline_early__minus__block_late,inline_early,block_late,delta_relative_power,exploratory,-0.04036225925077985
lab_subject_15,dataset_b,raw_post_minus_pre,inline_early__minus__block_late,inline_early,block_late,delta_relative_power,exploratory,-0.4909864319241526
lab_subject_16,dataset_b,raw_post_minus_pre,inline_early__minus__block_late,inline_early,block_late,delta_relative_power,exploratory,-0.22016640236389284
lab_subject_17,dataset_b,raw_post_minus_pre,inline_early__minus__block_late,inline_early,block_late,delta_relative_power,exploratory,0.06296948210826792
lab_subject_18,dataset_b,raw_post_minus_pre,inline_early__minus__block_late,inline_early,block_late,delta_relative_power,exploratory,0.010681273976360373
lab_subject_19,dataset_b,raw_post_minus_pre,inline_early__minus__block_late,inline_early,block_late,delta_relative_power,exploratory,0.14647074194621923
lab_subject_2,dataset_b,raw_post_minus_pre,inline_early__minus__block_late,inline_early,block_late,delta_relative_power,exploratory,0.09866548717109452
lab_subject_3,dataset_b,raw_post_minus_pre,inline_early__minus__block_late,inline_early,block_late,delta_relative_power,exploratory,-0.11616856832173983
lab_subject_5,dataset_b,raw_post_minus_pre,inline_early__minus__block_late,inline_early,block_late,delta_relative_power,exploratory,0.30650019800274575
lab_subject_6,dataset_b,raw_post_minus_pre,inline_early__minus__block_late,inline_early,block_late,delta_relative_power,exploratory,0.005888056276252551
lab_subject_7,dataset_b,raw_post_minus_pre,inline_early__minus__block_late,inline_early,block_late,delta_relative_power,exploratory,-0.0883689952884118
lab_subject_8,dataset_b,raw_post_minus_pre,inline_early__minus__block_late,inline_early,block_late,delta_relative_power,exploratory,-0.2070852229961785
lab_subject_9,dataset_b,raw_post_minus_pre,inline_early__minus__block_late,inline_early,block_late,delta_relative_power,exploratory,0.4127386761892696
lab_subject_1,dataset_b,raw_post_minus_pre,inline_late__minus__block_early,inline_late,block_early,delta_relative_power,exploratory,-0.19132714986022414
lab_subject_10,dataset_b,raw_post_minus_pre,inline_late__minus__block_early,inline_late,block_early,delta_relative_power,exploratory,0.05674126846425748
lab_subject_11,dataset_b,raw_post_minus_pre,inline_late__minus__block_early,inline_late,block_early,delta_relative_power,exploratory,-0.12941068349327361
lab_subject_12,dataset_b,raw_post_minus_pre,inline_late__minus__block_early,inline_late,block_early,delta_relative_power,exploratory,0.17643470609973633
lab_subject_13,dataset_b,raw_post_minus_pre,inline_late__minus__block_early,inline_late,block_early,delta_relative_power,exploratory,-0.09273029204369648
lab_subject_14,dataset_b,raw_post_minus_pre,inline_late__minus__block_early,inline_late,block_early,delta_relative_power,exploratory,-0.03441363386633223
lab_subject_15,dataset_b,raw_post_minus_pre,inline_late__minus__block_early,inline_late,block_early,delta_relative_power,exploratory,-0.03290523435575188
lab_subject_16,dataset_b,raw_post_minus_pre,inline_late__minus__block_early,inline_late,block_early,delta_relative_power,exploratory,-0.5275091293519223
lab_subject_17,dataset_b,raw_post_minus_pre,inline_late__minus__block_early,inline_late,block_early,delta_relative_power,exploratory,0.18387570050599206
lab_subject_18,dataset_b,raw_post_minus_pre,inline_late__minus__block_early,inline_late,block_early,delta_relative_power,exploratory,-0.23707554375108097
lab_subject_19,dataset_b,raw_post_minus_pre,inline_late__minus__block_early,inline_late,block_early,delta_relative_power,exploratory,-0.6559451657205726
lab_subject_2,dataset_b,raw_post_minus_pre,inline_late__minus__block_early,inline_late,block_early,delta_relative_power,exploratory,-0.25665891264137053
lab_subject_3,dataset_b,raw_post_minus_pre,inline_late__minus__block_early,inline_late,block_early,delta_relative_power,exploratory,-0.008885059568290388
lab_subject_5,dataset_b,raw_post_minus_pre,inline_late__minus__block_early,inline_late,block_early,delta_relative_power,exploratory,-0.013151816736328259
lab_subject_6,dataset_b,raw_post_minus_pre,inline_late__minus__block_early,inline_late,block_early,delta_relative_power,exploratory,0.22115736016044202
lab_subject_7,dataset_b,raw_post_minus_pre,inline_late__minus__block_early,inline_late,block_early,delta_relative_power,exploratory,0.2795849633958012
lab_subject_8,dataset_b,raw_post_minus_pre,inline_late__minus__block_early,inline_late,block_early,delta_relative_power,exploratory,0.2571162091157771
lab_subject_9,dataset_b,raw_post_minus_pre,inline_late__minus__block_early,inline_late,block_early,delta_relative_power,exploratory,-0.21132875210946533
lab_subject_1,dataset_b,raw_post_minus_pre,inline_late__minus__block_late,inline_late,block_late,delta_relative_power,exploratory,-0.25351042383231587
lab_subject_10,dataset_b,raw_post_minus_pre,inline_late__minus__block_late,inline_late,block_late,delta_relative_power,exploratory,-0.1527955924680221
lab_subject_11,dataset_b,raw_post_minus_pre,inline_late__minus__block_late,inline_late,block_late,delta_relative_power,exploratory,-0.32098447103917216
lab_subject_12,dataset_b,raw_post_minus_pre,inline_late__minus__block_late,inline_late,block_late,delta_relative_power,exploratory,0.09276973862637933
lab_subject_13,dataset_b,raw_post_minus_pre,inline_late__minus__block_late,inline_late,block_late,delta_relative_power,exploratory,-0.13814065938326975
lab_subject_14,dataset_b,raw_post_minus_pre,inline_late__minus__block_late,inline_late,block_late,delta_relative_power,exploratory,0.032463107929375234
lab_subject_15,dataset_b,raw_post_minus_pre,inline_late__minus__block_late,inline_late,block_late,delta_relative_power,exploratory,0.007079730774896653
lab_subject_16,dataset_b,raw_post_minus_pre,inline_late__minus__block_late,inline_late,block_late,delta_relative_power,exploratory,-0.5796849250474909
lab_subject_17,dataset_b,raw_post_minus_pre,inline_late__minus__block_late,inline_late,block_late,delta_relative_power,exploratory,0.1337620601921225
lab_subject_18,dataset_b,raw_post_minus_pre,inline_late__minus__block_late,inline_late,block_late,delta_relative_power,exploratory,-0.07891045377679684
lab_subject_19,dataset_b,raw_post_minus_pre,inline_late__minus__block_late,inline_late,block_late,delta_relative_power,exploratory,-0.2574940931354211
lab_subject_2,dataset_b,raw_post_minus_pre,inline_late__minus__block_late,inline_late,block_late,delta_relative_power,exploratory,0.19978925793449392
lab_subject_3,dataset_b,raw_post_minus_pre,inline_late__minus__block_late,inline_late,block_late,delta_relative_power,exploratory,-0.20243013714670027
lab_subject_5,dataset_b,raw_post_minus_pre,inline_late__minus__block_late,inline_late,block_late,delta_relative_power,exploratory,0.4143970063017077
lab_subject_6,dataset_b,raw_post_minus_pre,inline_late__minus__block_late,inline_late,block_late,delta_relative_power,exploratory,-0.13403952420587018
lab_subject_7,dataset_b,raw_post_minus_pre,inline_late__minus__block_late,inline_late,block_late,delta_relative_power,exploratory,0.4215694728307766
lab_subject_8,dataset_b,raw_post_minus_pre,inline_late__minus__block_late,inline_late,block_late,delta_relative_power,exploratory,0.11199670798943356
lab_subject_9,dataset_b,raw_post_minus_pre,inline_late__minus__block_late,inline_late,block_late,delta_relative_power,exploratory,0.2448489162437273
lab_subject_1,dataset_b,raw_post_minus_pre,block_early__minus__block_late,block_early,block_late,delta_relative_power,exploratory,-0.062183273972091724
lab_subject_10,dataset_b,raw_post_minus_pre,block_early__minus__block_late,block_early,block_late,delta_relative_power,exploratory,-0.20953686093227958
lab_subject_11,dataset_b,raw_post_minus_pre,block_early__minus__block_late,block_early,block_late,delta_relative_power,exploratory,-0.19157378754589854
lab_subject_12,dataset_b,raw_post_minus_pre,block_early__minus__block_late,block_early,block_late,delta_relative_power,exploratory,-0.083664967473357
lab_subject_13,dataset_b,raw_post_minus_pre,block_early__minus__block_late,block_early,block_late,delta_relative_power,exploratory,-0.045410367339573265
lab_subject_14,dataset_b,raw_post_minus_pre,block_early__minus__block_late,block_early,block_late,delta_relative_power,exploratory,0.06687674179570746
lab_subject_15,dataset_b,raw_post_minus_pre,block_early__minus__block_late,block_early,block_late,delta_relative_power,exploratory,0.03998496513064853
lab_subject_16,dataset_b,raw_post_minus_pre,block_early__minus__block_late,block_early,block_late,delta_relative_power,exploratory,-0.05217579569556863
lab_subject_17,dataset_b,raw_post_minus_pre,block_early__minus__block_late,block_early,block_late,delta_relative_power,exploratory,-0.050113640313869556
lab_subject_18,dataset_b,raw_post_minus_pre,block_early__minus__block_late,block_early,block_late,delta_relative_power,exploratory,0.15816508997428413
lab_subject_19,dataset_b,raw_post_minus_pre,block_early__minus__block_late,block_early,block_late,delta_relative_power,exploratory,0.39845107258515144
lab_subject_2,dataset_b,raw_post_minus_pre,block_early__minus__block_late,block_early,block_late,delta_relative_power,exploratory,0.45644817057586445
lab_subject_3,dataset_b,raw_post_minus_pre,block_early__minus__block_late,block_early,block_late,delta_relative_power,exploratory,-0.19354507757840989
lab_subject_5,dataset_b,raw_post_minus_pre,block_early__minus__block_late,block_early,block_late,delta_relative_power,exploratory,0.427548823038036
lab_subject_6,dataset_b,raw_post_minus_pre,block_early__minus__block_late,block_early,block_late,delta_relative_power,exploratory,-0.3551968843663122
lab_subject_7,dataset_b,raw_post_minus_pre,block_early__minus__block_late,block_early,block_late,delta_relative_power,exploratory,0.14198450943497543
lab_subject_8,dataset_b,raw_post_minus_pre,block_early__minus__block_late,block_early,block_late,delta_relative_power,exploratory,-0.14511950112634353
lab_subject_9,dataset_b,raw_post_minus_pre,block_early__minus__block_late,block_early,block_late,delta_relative_power,exploratory,0.4561776683531926
lab_subject_1,dataset_b,delta_matched_control,inline_early__minus__inline_late,inline_early,inline_late,theta_relative_power,exploratory,-0.00601843799773049
lab_subject_10,dataset_b,delta_matched_control,inline_early__minus__inline_late,inline_early,inline_late,theta_relative_power,exploratory,-0.1480453698073439
lab_subject_11,dataset_b,delta_matched_control,inline_early__minus__inline_late,inline_early,inline_late,theta_relative_power,exploratory,-0.12702258345474537
lab_subject_12,dataset_b,delta_matched_control,inline_early__minus__inline_late,inline_early,inline_late,theta_relative_power,exploratory,-0.12048400531318774
lab_subject_13,dataset_b,delta_matched_control,inline_early__minus__inline_late,inline_early,inline_late,theta_relative_power,exploratory,0.09627708595932813
lab_subject_14,dataset_b,delta_matched_control,inline_early__minus__inline_late,inline_early,inline_late,theta_relative_power,exploratory,0.11910502466686174
lab_subject_15,dataset_b,delta_matched_control,inline_early__minus__inline_late,inline_early,inline_late,theta_relative_power,exploratory,-0.008715665944723137
lab_subject_16,dataset_b,delta_matched_control,inline_early__minus__inline_late,inline_early,inline_late,theta_relative_power,exploratory,-0.024122712263544278
lab_subject_17,dataset_b,delta_matched_control,inline_early__minus__inline_late,inline_early,inline_late,theta_relative_power,exploratory,-0.10758369601456406
lab_subject_18,dataset_b,delta_matched_control,inline_early__minus__inline_late,inline_early,inline_late,theta_relative_power,exploratory,0.07480420826782165
lab_subject_19,dataset_b,delta_matched_control,inline_early__minus__inline_late,inline_early,inline_late,theta_relative_power,exploratory,-0.049385591537000645
lab_subject_2,dataset_b,delta_matched_control,inline_early__minus__inline_late,inline_early,inline_late,theta_relative_power,exploratory,-0.05730492002022461
lab_subject_3,dataset_b,delta_matched_control,inline_early__minus__inline_late,inline_early,inline_late,theta_relative_power,exploratory,-0.08149341501230156
lab_subject_5,dataset_b,delta_matched_control,inline_early__minus__inline_late,inline_early,inline_late,theta_relative_power,exploratory,0.036088897987223714
lab_subject_6,dataset_b,delta_matched_control,inline_early__minus__inline_late,inline_early,inline_late,theta_relative_power,exploratory,0.0685293485222565
lab_subject_7,dataset_b,delta_matched_control,inline_early__minus__inline_late,inline_early,inline_late,theta_relative_power,exploratory,0.13204757099474307
lab_subject_8,dataset_b,delta_matched_control,inline_early__minus__inline_late,inline_early,inline_late,theta_relative_power,exploratory,0.07676424976653738
lab_subject_9,dataset_b,delta_matched_control,inline_early__minus__inline_late,inline_early,inline_late,theta_relative_power,exploratory,0.0796344256429214
lab_subject_1,dataset_b,delta_matched_control,inline_early__minus__block_early,inline_early,block_early,theta_relative_power,exploratory,0.0027239214246699422
lab_subject_10,dataset_b,delta_matched_control,inline_early__minus__block_early,inline_early,block_early,theta_relative_power,exploratory,-0.018694468618474472
lab_subject_11,dataset_b,delta_matched_control,inline_early__minus__block_early,inline_early,block_early,theta_relative_power,exploratory,0.025125948635274162
lab_subject_12,dataset_b,delta_matched_control,inline_early__minus__block_early,inline_early,block_early,theta_relative_power,exploratory,0.02695839185740652
lab_subject_13,dataset_b,delta_matched_control,inline_early__minus__block_early,inline_early,block_early,theta_relative_power,exploratory,0.07720942689181111
lab_subject_14,dataset_b,delta_matched_control,inline_early__minus__block_early,inline_early,block_early,theta_relative_power,exploratory,0.043819100415841736
lab_subject_15,dataset_b,delta_matched_control,inline_early__minus__block_early,inline_early,block_early,theta_relative_power,exploratory,0.06595581789018928
lab_subject_16,dataset_b,delta_matched_control,inline_early__minus__block_early,inline_early,block_early,theta_relative_power,exploratory,0.03251863097699112
lab_subject_17,dataset_b,delta_matched_control,inline_early__minus__block_early,inline_early,block_early,theta_relative_power,exploratory,-0.01636897457481465
lab_subject_18,dataset_b,delta_matched_control,inline_early__minus__block_early,inline_early,block_early,theta_relative_power,exploratory,0.10154043090491223
lab_subject_19,dataset_b,delta_matched_control,inline_early__minus__block_early,inline_early,block_early,theta_relative_power,exploratory,0.0846020513429085
lab_subject_2,dataset_b,delta_matched_control,inline_early__minus__block_early,inline_early,block_early,theta_relative_power,exploratory,0.02172452438548228
lab_subject_3,dataset_b,delta_matched_control,inline_early__minus__block_early,inline_early,block_early,theta_relative_power,exploratory,-0.05320701672466402
lab_subject_5,dataset_b,delta_matched_control,inline_early__minus__block_early,inline_early,block_early,theta_relative_power,exploratory,0.14537458607989123
lab_subject_6,dataset_b,delta_matched_control,inline_early__minus__block_early,inline_early,block_early,theta_relative_power,exploratory,-0.09367688192532041
lab_subject_7,dataset_b,delta_matched_control,inline_early__minus__block_early,inline_early,block_early,theta_relative_power,exploratory,0.018361786570367994
lab_subject_8,dataset_b,delta_matched_control,inline_early__minus__block_early,inline_early,block_early,theta_relative_power,exploratory,0.05086262029572941
lab_subject_9,dataset_b,delta_matched_control,inline_early__minus__block_early,inline_early,block_early,theta_relative_power,exploratory,0.01064617251047166
lab_subject_1,dataset_b,delta_matched_control,inline_early__minus__block_late,inline_early,block_late,theta_relative_power,exploratory,0.039261469194419536
lab_subject_10,dataset_b,delta_matched_control,inline_early__minus__block_late,inline_early,block_late,theta_relative_power,exploratory,-0.10637139920936947
lab_subject_11,dataset_b,delta_matched_control,inline_early__minus__block_late,inline_early,block_late,theta_relative_power,exploratory,-0.07140192314840971
lab_subject_12,dataset_b,delta_matched_control,inline_early__minus__block_late,inline_early,block_late,theta_relative_power,exploratory,-0.10922411996016408
lab_subject_13,dataset_b,delta_matched_control,inline_early__minus__block_late,inline_early,block_late,theta_relative_power,exploratory,0.09100925994755123
lab_subject_14,dataset_b,delta_matched_control,inline_early__minus__block_late,inline_early,block_late,theta_relative_power,exploratory,0.1224694178484303
lab_subject_15,dataset_b,delta_matched_control,inline_early__minus__block_late,inline_early,block_late,theta_relative_power,exploratory,-0.002964262881098252
lab_subject_16,dataset_b,delta_matched_control,inline_early__minus__block_late,inline_early,block_late,theta_relative_power,exploratory,0.02741401934935823
lab_subject_17,dataset_b,delta_matched_control,inline_early__minus__block_late,inline_early,block_late,theta_relative_power,exploratory,-0.07436981964047489
lab_subject_18,dataset_b,delta_matched_control,inline_early__minus__block_late,inline_early,block_late,theta_relative_power,exploratory,-0.003963902783692574
lab_subject_19,dataset_b,delta_matched_control,inline_early__minus__block_late,inline_early,block_late,theta_relative_power,exploratory,-0.0604005382473566
lab_subject_2,dataset_b,delta_matched_control,inline_early__minus__block_late,inline_early,block_late,theta_relative_power,exploratory,-0.09244828014887634
lab_subject_3,dataset_b,delta_matched_control,inline_early__minus__block_late,inline_early,block_late,theta_relative_power,exploratory,-0.01644104985715849
lab_subject_5,dataset_b,delta_matched_control,inline_early__minus__block_late,inline_early,block_late,theta_relative_power,exploratory,-0.06695939292847863
lab_subject_6,dataset_b,delta_matched_control,inline_early__minus__block_late,inline_early,block_late,theta_relative_power,exploratory,0.11070523548166666
lab_subject_7,dataset_b,delta_matched_control,inline_early__minus__block_late,inline_early,block_late,theta_relative_power,exploratory,0.09417624130726068
lab_subject_8,dataset_b,delta_matched_control,inline_early__minus__block_late,inline_early,block_late,theta_relative_power,exploratory,0.06213840114702858
lab_subject_9,dataset_b,delta_matched_control,inline_early__minus__block_late,inline_early,block_late,theta_relative_power,exploratory,0.040103016544579186
lab_subject_1,dataset_b,delta_matched_control,inline_late__minus__block_early,inline_late,block_early,theta_relative_power,exploratory,0.008742359422400432
lab_subject_10,dataset_b,delta_matched_control,inline_late__minus__block_early,inline_late,block_early,theta_relative_power,exploratory,0.12935090118886944
lab_subject_11,dataset_b,delta_matched_control,inline_late__minus__block_early,inline_late,block_early,theta_relative_power,exploratory,0.15214853209001955
lab_subject_12,dataset_b,delta_matched_control,inline_late__minus__block_early,inline_late,block_early,theta_relative_power,exploratory,0.14744239717059426
lab_subject_13,dataset_b,delta_matched_control,inline_late__minus__block_early,inline_late,block_early,theta_relative_power,exploratory,-0.01906765906751702
lab_subject_14,dataset_b,delta_matched_control,inline_late__minus__block_early,inline_late,block_early,theta_relative_power,exploratory,-0.07528592425101999
lab_subject_15,dataset_b,delta_matched_control,inline_late__minus__block_early,inline_late,block_early,theta_relative_power,exploratory,0.07467148383491243
lab_subject_16,dataset_b,delta_matched_control,inline_late__minus__block_early,inline_late,block_early,theta_relative_power,exploratory,0.0566413432405354
lab_subject_17,dataset_b,delta_matched_control,inline_late__minus__block_early,inline_late,block_early,theta_relative_power,exploratory,0.09121472143974942
lab_subject_18,dataset_b,delta_matched_control,inline_late__minus__block_early,inline_late,block_early,theta_relative_power,exploratory,0.02673622263709058
lab_subject_19,dataset_b,delta_matched_control,inline_late__minus__block_early,inline_late,block_early,theta_relative_power,exploratory,0.13398764287990916
lab_subject_2,dataset_b,delta_matched_control,inline_late__minus__block_early,inline_late,block_early,theta_relative_power,exploratory,0.07902944440570689
lab_subject_3,dataset_b,delta_matched_control,inline_late__minus__block_early,inline_late,block_early,theta_relative_power,exploratory,0.028286398287637536
lab_subject_5,dataset_b,delta_matched_control,inline_late__minus__block_early,inline_late,block_early,theta_relative_power,exploratory,0.1092856880926675
lab_subject_6,dataset_b,delta_matched_control,inline_late__minus__block_early,inline_late,block_early,theta_relative_power,exploratory,-0.16220623044757693
lab_subject_7,dataset_b,delta_matched_control,inline_late__minus__block_early,inline_late,block_early,theta_relative_power,exploratory,-0.11368578442437507
lab_subject_8,dataset_b,delta_matched_control,inline_late__minus__block_early,inline_late,block_early,theta_relative_power,exploratory,-0.02590162947080797
lab_subject_9,dataset_b,delta_matched_control,inline_late__minus__block_early,inline_late,block_early,theta_relative_power,exploratory,-0.06898825313244974
lab_subject_1,dataset_b,delta_matched_control,inline_late__minus__block_late,inline_late,block_late,theta_relative_power,exploratory,0.045279907192150026
lab_subject_10,dataset_b,delta_matched_control,inline_late__minus__block_late,inline_late,block_late,theta_relative_power,exploratory,0.04167397059797444
lab_subject_11,dataset_b,delta_matched_control,inline_late__minus__block_late,inline_late,block_late,theta_relative_power,exploratory,0.05562066030633567
lab_subject_12,dataset_b,delta_matched_control,inline_late__minus__block_late,inline_late,block_late,theta_relative_power,exploratory,0.011259885353023663
lab_subject_13,dataset_b,delta_matched_control,inline_late__minus__block_late,inline_late,block_late,theta_relative_power,exploratory,-0.005267826011776902
lab_subject_14,dataset_b,delta_matched_control,inline_late__minus__block_late,inline_late,block_late,theta_relative_power,exploratory,0.003364393181568559
lab_subject_15,dataset_b,delta_matched_control,inline_late__minus__block_late,inline_late,block_late,theta_relative_power,exploratory,0.005751403063624885
lab_subject_16,dataset_b,delta_matched_control,inline_late__minus__block_late,inline_late,block_late,theta_relative_power,exploratory,0.05153673161290251
lab_subject_17,dataset_b,delta_matched_control,inline_late__minus__block_late,inline_late,block_late,theta_relative_power,exploratory,0.03321387637408918
lab_subject_18,dataset_b,delta_matched_control,inline_late__minus__block_late,inline_late,block_late,theta_relative_power,exploratory,-0.07876811105151423
lab_subject_19,dataset_b,delta_matched_control,inline_late__minus__block_late,inline_late,block_late,theta_relative_power,exploratory,-0.011014946710355952
lab_subject_2,dataset_b,delta_matched_control,inline_late__minus__block_late,inline_late,block_late,theta_relative_power,exploratory,-0.03514336012865173
lab_subject_3,dataset_b,delta_matched_control,inline_late__minus__block_late,inline_late,block_late,theta_relative_power,exploratory,0.06505236515514307
lab_subject_5,dataset_b,delta_matched_control,inline_late__minus__block_late,inline_late,block_late,theta_relative_power,exploratory,-0.10304829091570235
lab_subject_6,dataset_b,delta_matched_control,inline_late__minus__block_late,inline_late,block_late,theta_relative_power,exploratory,0.04217588695941016
lab_subject_7,dataset_b,delta_matched_control,inline_late__minus__block_late,inline_late,block_late,theta_relative_power,exploratory,-0.0378713296874824
lab_subject_8,dataset_b,delta_matched_control,inline_late__minus__block_late,inline_late,block_late,theta_relative_power,exploratory,-0.014625848619508802
lab_subject_9,dataset_b,delta_matched_control,inline_late__minus__block_late,inline_late,block_late,theta_relative_power,exploratory,-0.03953140909834222
lab_subject_1,dataset_b,delta_matched_control,block_early__minus__block_late,block_early,block_late,theta_relative_power,exploratory,0.036537547769749594
lab_subject_10,dataset_b,delta_matched_control,block_early__minus__block_late,block_early,block_late,theta_relative_power,exploratory,-0.087676930590895
lab_subject_11,dataset_b,delta_matched_control,block_early__minus__block_late,block_early,block_late,theta_relative_power,exploratory,-0.09652787178368387
lab_subject_12,dataset_b,delta_matched_control,block_early__minus__block_late,block_early,block_late,theta_relative_power,exploratory,-0.1361825118175706
lab_subject_13,dataset_b,delta_matched_control,block_early__minus__block_late,block_early,block_late,theta_relative_power,exploratory,0.013799833055740118
lab_subject_14,dataset_b,delta_matched_control,block_early__minus__block_late,block_early,block_late,theta_relative_power,exploratory,0.07865031743258855
lab_subject_15,dataset_b,delta_matched_control,block_early__minus__block_late,block_early,block_late,theta_relative_power,exploratory,-0.06892008077128754
lab_subject_16,dataset_b,delta_matched_control,block_early__minus__block_late,block_early,block_late,theta_relative_power,exploratory,-0.005104611627632892
lab_subject_17,dataset_b,delta_matched_control,block_early__minus__block_late,block_early,block_late,theta_relative_power,exploratory,-0.058000845065660236
lab_subject_18,dataset_b,delta_matched_control,block_early__minus__block_late,block_early,block_late,theta_relative_power,exploratory,-0.1055043336886048
lab_subject_19,dataset_b,delta_matched_control,block_early__minus__block_late,block_early,block_late,theta_relative_power,exploratory,-0.1450025895902651
lab_subject_2,dataset_b,delta_matched_control,block_early__minus__block_late,block_early,block_late,theta_relative_power,exploratory,-0.11417280453435862
lab_subject_3,dataset_b,delta_matched_control,block_early__minus__block_late,block_early,block_late,theta_relative_power,exploratory,0.03676596686750553
lab_subject_5,dataset_b,delta_matched_control,block_early__minus__block_late,block_early,block_late,theta_relative_power,exploratory,-0.21233397900836987
lab_subject_6,dataset_b,delta_matched_control,block_early__minus__block_late,block_early,block_late,theta_relative_power,exploratory,0.20438211740698708
lab_subject_7,dataset_b,delta_matched_control,block_early__minus__block_late,block_early,block_late,theta_relative_power,exploratory,0.07581445473689269
lab_subject_8,dataset_b,delta_matched_control,block_early__minus__block_late,block_early,block_late,theta_relative_power,exploratory,0.01127578085129917
lab_subject_9,dataset_b,delta_matched_control,block_early__minus__block_late,block_early,block_late,theta_relative_power,exploratory,0.029456844034107525
lab_subject_1,dataset_b,raw_post_minus_pre,inline_early__minus__inline_late,inline_early,inline_late,theta_relative_power,exploratory,-0.04682616219294704
lab_subject_10,dataset_b,raw_post_minus_pre,inline_early__minus__inline_late,inline_early,inline_late,theta_relative_power,exploratory,-0.04994619734245179
lab_subject_11,dataset_b,raw_post_minus_pre,inline_early__minus__inline_late,inline_early,inline_late,theta_relative_power,exploratory,-0.030240589759961245
lab_subject_12,dataset_b,raw_post_minus_pre,inline_early__minus__inline_late,inline_early,inline_late,theta_relative_power,exploratory,-0.036592593234026125
lab_subject_13,dataset_b,raw_post_minus_pre,inline_early__minus__inline_late,inline_early,inline_late,theta_relative_power,exploratory,0.0582967303506661
lab_subject_14,dataset_b,raw_post_minus_pre,inline_early__minus__inline_late,inline_early,inline_late,theta_relative_power,exploratory,0.022468383944871842
lab_subject_15,dataset_b,raw_post_minus_pre,inline_early__minus__inline_late,inline_early,inline_late,theta_relative_power,exploratory,0.07424741425518866
lab_subject_16,dataset_b,raw_post_minus_pre,inline_early__minus__inline_late,inline_early,inline_late,theta_relative_power,exploratory,-0.05058308791902745
lab_subject_17,dataset_b,raw_post_minus_pre,inline_early__minus__inline_late,inline_early,inline_late,theta_relative_power,exploratory,-0.013077541937407192
lab_subject_18,dataset_b,raw_post_minus_pre,inline_early__minus__inline_late,inline_early,inline_late,theta_relative_power,exploratory,0.05409118423709816
lab_subject_19,dataset_b,raw_post_minus_pre,inline_early__minus__inline_late,inline_early,inline_late,theta_relative_power,exploratory,-0.07530351835666481
lab_subject_2,dataset_b,raw_post_minus_pre,inline_early__minus__inline_late,inline_early,inline_late,theta_relative_power,exploratory,-0.03256723687627251
lab_subject_3,dataset_b,raw_post_minus_pre,inline_early__minus__inline_late,inline_early,inline_late,theta_relative_power,exploratory,-0.031834964563775256
lab_subject_5,dataset_b,raw_post_minus_pre,inline_early__minus__inline_late,inline_early,inline_late,theta_relative_power,exploratory,0.07856311674382932
lab_subject_6,dataset_b,raw_post_minus_pre,inline_early__minus__inline_late,inline_early,inline_late,theta_relative_power,exploratory,-0.029126671915596744
lab_subject_7,dataset_b,raw_post_minus_pre,inline_early__minus__inline_late,inline_early,inline_late,theta_relative_power,exploratory,0.06436421099725027
lab_subject_8,dataset_b,raw_post_minus_pre,inline_early__minus__inline_late,inline_early,inline_late,theta_relative_power,exploratory,0.1229459072454016
lab_subject_9,dataset_b,raw_post_minus_pre,inline_early__minus__inline_late,inline_early,inline_late,theta_relative_power,exploratory,0.0029529864709855885
lab_subject_1,dataset_b,raw_post_minus_pre,inline_early__minus__block_early,inline_early,block_early,theta_relative_power,exploratory,0.0027239214246699422
lab_subject_10,dataset_b,raw_post_minus_pre,inline_early__minus__block_early,inline_early,block_early,theta_relative_power,exploratory,-0.018694468618474472
lab_subject_11,dataset_b,raw_post_minus_pre,inline_early__minus__block_early,inline_early,block_early,theta_relative_power,exploratory,0.025125948635274162
lab_subject_12,dataset_b,raw_post_minus_pre,inline_early__minus__block_early,inline_early,block_early,theta_relative_power,exploratory,0.02695839185740652
lab_subject_13,dataset_b,raw_post_minus_pre,inline_early__minus__block_early,inline_early,block_early,theta_relative_power,exploratory,0.07720942689181111
lab_subject_14,dataset_b,raw_post_minus_pre,inline_early__minus__block_early,inline_early,block_early,theta_relative_power,exploratory,0.043819100415841736
lab_subject_15,dataset_b,raw_post_minus_pre,inline_early__minus__block_early,inline_early,block_early,theta_relative_power,exploratory,0.0659558178901893
lab_subject_16,dataset_b,raw_post_minus_pre,inline_early__minus__block_early,inline_early,block_early,theta_relative_power,exploratory,0.03251863097699112
lab_subject_17,dataset_b,raw_post_minus_pre,inline_early__minus__block_early,inline_early,block_early,theta_relative_power,exploratory,-0.01636897457481465
lab_subject_18,dataset_b,raw_post_minus_pre,inline_early__minus__block_early,inline_early,block_early,theta_relative_power,exploratory,0.10154043090491223
lab_subject_19,dataset_b,raw_post_minus_pre,inline_early__minus__block_early,inline_early,block_early,theta_relative_power,exploratory,0.0846020513429085
lab_subject_2,dataset_b,raw_post_minus_pre,inline_early__minus__block_early,inline_early,block_early,theta_relative_power,exploratory,0.02172452438548228
lab_subject_3,dataset_b,raw_post_minus_pre,inline_early__minus__block_early,inline_early,block_early,theta_relative_power,exploratory,-0.05320701672466402
lab_subject_5,dataset_b,raw_post_minus_pre,inline_early__minus__block_early,inline_early,block_early,theta_relative_power,exploratory,0.14537458607989123
lab_subject_6,dataset_b,raw_post_minus_pre,inline_early__minus__block_early,inline_early,block_early,theta_relative_power,exploratory,-0.09367688192532041
lab_subject_7,dataset_b,raw_post_minus_pre,inline_early__minus__block_early,inline_early,block_early,theta_relative_power,exploratory,0.018361786570367994
lab_subject_8,dataset_b,raw_post_minus_pre,inline_early__minus__block_early,inline_early,block_early,theta_relative_power,exploratory,0.05086262029572941
lab_subject_9,dataset_b,raw_post_minus_pre,inline_early__minus__block_early,inline_early,block_early,theta_relative_power,exploratory,0.01064617251047166
lab_subject_1,dataset_b,raw_post_minus_pre,inline_early__minus__block_late,inline_early,block_late,theta_relative_power,exploratory,-0.0015462550007970116
lab_subject_10,dataset_b,raw_post_minus_pre,inline_early__minus__block_late,inline_early,block_late,theta_relative_power,exploratory,-0.008272226744477348
lab_subject_11,dataset_b,raw_post_minus_pre,inline_early__minus__block_late,inline_early,block_late,theta_relative_power,exploratory,0.025380070546374423
lab_subject_12,dataset_b,raw_post_minus_pre,inline_early__minus__block_late,inline_early,block_late,theta_relative_power,exploratory,-0.02533270788100246
lab_subject_13,dataset_b,raw_post_minus_pre,inline_early__minus__block_late,inline_early,block_late,theta_relative_power,exploratory,0.053028904338889196
lab_subject_14,dataset_b,raw_post_minus_pre,inline_early__minus__block_late,inline_early,block_late,theta_relative_power,exploratory,0.025832777126440387
lab_subject_15,dataset_b,raw_post_minus_pre,inline_early__minus__block_late,inline_early,block_late,theta_relative_power,exploratory,0.07999881731881353
lab_subject_16,dataset_b,raw_post_minus_pre,inline_early__minus__block_late,inline_early,block_late,theta_relative_power,exploratory,0.0009536436938750587
lab_subject_17,dataset_b,raw_post_minus_pre,inline_early__minus__block_late,inline_early,block_late,theta_relative_power,exploratory,0.020136334436681988
lab_subject_18,dataset_b,raw_post_minus_pre,inline_early__minus__block_late,inline_early,block_late,theta_relative_power,exploratory,-0.024676926814416064
lab_subject_19,dataset_b,raw_post_minus_pre,inline_early__minus__block_late,inline_early,block_late,theta_relative_power,exploratory,-0.08631846506702076
lab_subject_2,dataset_b,raw_post_minus_pre,inline_early__minus__block_late,inline_early,block_late,theta_relative_power,exploratory,-0.06771059700492424
lab_subject_3,dataset_b,raw_post_minus_pre,inline_early__minus__block_late,inline_early,block_late,theta_relative_power,exploratory,0.03321740059136781
lab_subject_5,dataset_b,raw_post_minus_pre,inline_early__minus__block_late,inline_early,block_late,theta_relative_power,exploratory,-0.024485174171873014
lab_subject_6,dataset_b,raw_post_minus_pre,inline_early__minus__block_late,inline_early,block_late,theta_relative_power,exploratory,0.013049215043813414
lab_subject_7,dataset_b,raw_post_minus_pre,inline_early__minus__block_late,inline_early,block_late,theta_relative_power,exploratory,0.026492881309767874
lab_subject_8,dataset_b,raw_post_minus_pre,inline_early__minus__block_late,inline_early,block_late,theta_relative_power,exploratory,0.10832005862589279
lab_subject_9,dataset_b,raw_post_minus_pre,inline_early__minus__block_late,inline_early,block_late,theta_relative_power,exploratory,-0.03657842262735663
lab_subject_1,dataset_b,raw_post_minus_pre,inline_late__minus__block_early,inline_late,block_early,theta_relative_power,exploratory,0.04955008361761698
lab_subject_10,dataset_b,raw_post_minus_pre,inline_late__minus__block_early,inline_late,block_early,theta_relative_power,exploratory,0.031251728723977315
lab_subject_11,dataset_b,raw_post_minus_pre,inline_late__minus__block_early,inline_late,block_early,theta_relative_power,exploratory,0.05536653839523541
lab_subject_12,dataset_b,raw_post_minus_pre,inline_late__minus__block_early,inline_late,block_early,theta_relative_power,exploratory,0.06355098509143264
lab_subject_13,dataset_b,raw_post_minus_pre,inline_late__minus__block_early,inline_late,block_early,theta_relative_power,exploratory,0.01891269654114501
lab_subject_14,dataset_b,raw_post_minus_pre,inline_late__minus__block_early,inline_late,block_early,theta_relative_power,exploratory,0.021350716470969894
lab_subject_15,dataset_b,raw_post_minus_pre,inline_late__minus__block_early,inline_late,block_early,theta_relative_power,exploratory,-0.008291596364999355
lab_subject_16,dataset_b,raw_post_minus_pre,inline_late__minus__block_early,inline_late,block_early,theta_relative_power,exploratory,0.08310171889601857
lab_subject_17,dataset_b,raw_post_minus_pre,inline_late__minus__block_early,inline_late,block_early,theta_relative_power,exploratory,-0.003291432637407457
lab_subject_18,dataset_b,raw_post_minus_pre,inline_late__minus__block_early,inline_late,block_early,theta_relative_power,exploratory,0.04744924666781407
lab_subject_19,dataset_b,raw_post_minus_pre,inline_late__minus__block_early,inline_late,block_early,theta_relative_power,exploratory,0.1599055696995733
lab_subject_2,dataset_b,raw_post_minus_pre,inline_late__minus__block_early,inline_late,block_early,theta_relative_power,exploratory,0.05429176126175479
lab_subject_3,dataset_b,raw_post_minus_pre,inline_late__minus__block_early,inline_late,block_early,theta_relative_power,exploratory,-0.021372052160888763
lab_subject_5,dataset_b,raw_post_minus_pre,inline_late__minus__block_early,inline_late,block_early,theta_relative_power,exploratory,0.06681146933606191
lab_subject_6,dataset_b,raw_post_minus_pre,inline_late__minus__block_early,inline_late,block_early,theta_relative_power,exploratory,-0.06455021000972366
lab_subject_7,dataset_b,raw_post_minus_pre,inline_late__minus__block_early,inline_late,block_early,theta_relative_power,exploratory,-0.04600242442688228
lab_subject_8,dataset_b,raw_post_minus_pre,inline_late__minus__block_early,inline_late,block_early,theta_relative_power,exploratory,-0.07208328694967218
lab_subject_9,dataset_b,raw_post_minus_pre,inline_late__minus__block_early,inline_late,block_early,theta_relative_power,exploratory,0.007693186039486072
lab_subject_1,dataset_b,raw_post_minus_pre,inline_late__minus__block_late,inline_late,block_late,theta_relative_power,exploratory,0.045279907192150026
lab_subject_10,dataset_b,raw_post_minus_pre,inline_late__minus__block_late,inline_late,block_late,theta_relative_power,exploratory,0.04167397059797444
lab_subject_11,dataset_b,raw_post_minus_pre,inline_late__minus__block_late,inline_late,block_late,theta_relative_power,exploratory,0.05562066030633567
lab_subject_12,dataset_b,raw_post_minus_pre,inline_late__minus__block_late,inline_late,block_late,theta_relative_power,exploratory,0.011259885353023663
lab_subject_13,dataset_b,raw_post_minus_pre,inline_late__minus__block_late,inline_late,block_late,theta_relative_power,exploratory,-0.005267826011776902
lab_subject_14,dataset_b,raw_post_minus_pre,inline_late__minus__block_late,inline_late,block_late,theta_relative_power,exploratory,0.003364393181568545
lab_subject_15,dataset_b,raw_post_minus_pre,inline_late__minus__block_late,inline_late,block_late,theta_relative_power,exploratory,0.005751403063624885
lab_subject_16,dataset_b,raw_post_minus_pre,inline_late__minus__block_late,inline_late,block_late,theta_relative_power,exploratory,0.05153673161290251
lab_subject_17,dataset_b,raw_post_minus_pre,inline_late__minus__block_late,inline_late,block_late,theta_relative_power,exploratory,0.03321387637408918
lab_subject_18,dataset_b,raw_post_minus_pre,inline_late__minus__block_late,inline_late,block_late,theta_relative_power,exploratory,-0.07876811105151423
lab_subject_19,dataset_b,raw_post_minus_pre,inline_late__minus__block_late,inline_late,block_late,theta_relative_power,exploratory,-0.011014946710355952
lab_subject_2,dataset_b,raw_post_minus_pre,inline_late__minus__block_late,inline_late,block_late,theta_relative_power,exploratory,-0.03514336012865173
lab_subject_3,dataset_b,raw_post_minus_pre,inline_late__minus__block_late,inline_late,block_late,theta_relative_power,exploratory,0.06505236515514307
lab_subject_5,dataset_b,raw_post_minus_pre,inline_late__minus__block_late,inline_late,block_late,theta_relative_power,exploratory,-0.10304829091570233
lab_subject_6,dataset_b,raw_post_minus_pre,inline_late__minus__block_late,inline_late,block_late,theta_relative_power,exploratory,0.04217588695941016
lab_subject_7,dataset_b,raw_post_minus_pre,inline_late__minus__block_late,inline_late,block_late,theta_relative_power,exploratory,-0.0378713296874824
lab_subject_8,dataset_b,raw_post_minus_pre,inline_late__minus__block_late,inline_late,block_late,theta_relative_power,exploratory,-0.014625848619508802
lab_subject_9,dataset_b,raw_post_minus_pre,inline_late__minus__block_late,inline_late,block_late,theta_relative_power,exploratory,-0.03953140909834222
lab_subject_1,dataset_b,raw_post_minus_pre,block_early__minus__block_late,block_early,block_late,theta_relative_power,exploratory,-0.004270176425466954
lab_subject_10,dataset_b,raw_post_minus_pre,block_early__minus__block_late,block_early,block_late,theta_relative_power,exploratory,0.010422241873997123
lab_subject_11,dataset_b,raw_post_minus_pre,block_early__minus__block_late,block_early,block_late,theta_relative_power,exploratory,0.0002541219111002607
lab_subject_12,dataset_b,raw_post_minus_pre,block_early__minus__block_late,block_early,block_late,theta_relative_power,exploratory,-0.05229109973840898
lab_subject_13,dataset_b,raw_post_minus_pre,block_early__minus__block_late,block_early,block_late,theta_relative_power,exploratory,-0.024180522552921913
lab_subject_14,dataset_b,raw_post_minus_pre,block_early__minus__block_late,block_early,block_late,theta_relative_power,exploratory,-0.01798632328940135
lab_subject_15,dataset_b,raw_post_minus_pre,block_early__minus__block_late,block_early,block_late,theta_relative_power,exploratory,0.01404299942862424
lab_subject_16,dataset_b,raw_post_minus_pre,block_early__minus__block_late,block_early,block_late,theta_relative_power,exploratory,-0.03156498728311606
lab_subject_17,dataset_b,raw_post_minus_pre,block_early__minus__block_late,block_early,block_late,theta_relative_power,exploratory,0.03650530901149664
lab_subject_18,dataset_b,raw_post_minus_pre,block_early__minus__block_late,block_early,block_late,theta_relative_power,exploratory,-0.1262173577193283
lab_subject_19,dataset_b,raw_post_minus_pre,block_early__minus__block_late,block_early,block_late,theta_relative_power,exploratory,-0.17092051640992928
lab_subject_2,dataset_b,raw_post_minus_pre,block_early__minus__block_late,block_early,block_late,theta_relative_power,exploratory,-0.08943512139040652
lab_subject_3,dataset_b,raw_post_minus_pre,block_early__minus__block_late,block_early,block_late,theta_relative_power,exploratory,0.08642441731603183
lab_subject_5,dataset_b,raw_post_minus_pre,block_early__minus__block_late,block_early,block_late,theta_relative_power,exploratory,-0.16985976025176425
lab_subject_6,dataset_b,raw_post_minus_pre,block_early__minus__block_late,block_early,block_late,theta_relative_power,exploratory,0.10672609696913382
lab_subject_7,dataset_b,raw_post_minus_pre,block_early__minus__block_late,block_early,block_late,theta_relative_power,exploratory,0.00813109473939988
lab_subject_8,dataset_b,raw_post_minus_pre,block_early__minus__block_late,block_early,block_late,theta_relative_power,exploratory,0.05745743833016338
lab_subject_9,dataset_b,raw_post_minus_pre,block_early__minus__block_late,block_early,block_late,theta_relative_power,exploratory,-0.04722459513782829
lab_subject_1,dataset_b,delta_matched_control,inline_early__minus__inline_late,inline_early,inline_late,alpha_relative_power,exploratory,0.012907908359909584
lab_subject_10,dataset_b,delta_matched_control,inline_early__minus__inline_late,inline_early,inline_late,alpha_relative_power,exploratory,-0.2306679530748839
lab_subject_11,dataset_b,delta_matched_control,inline_early__minus__inline_late,inline_early,inline_late,alpha_relative_power,exploratory,-0.20014285995027337
lab_subject_12,dataset_b,delta_matched_control,inline_early__minus__inline_late,inline_early,inline_late,alpha_relative_power,exploratory,0.17319282811495634
lab_subject_13,dataset_b,delta_matched_control,inline_early__minus__inline_late,inline_early,inline_late,alpha_relative_power,exploratory,0.002482171168915054
lab_subject_14,dataset_b,delta_matched_control,inline_early__minus__inline_late,inline_early,inline_late,alpha_relative_power,exploratory,0.06911661542412179
lab_subject_15,dataset_b,delta_matched_control,inline_early__minus__inline_late,inline_early,inline_late,alpha_relative_power,exploratory,0.052250741841328704
lab_subject_16,dataset_b,delta_matched_control,inline_early__minus__inline_late,inline_early,inline_late,alpha_relative_power,exploratory,-0.03500751359049567
lab_subject_17,dataset_b,delta_matched_control,inline_early__minus__inline_late,inline_early,inline_late,alpha_relative_power,exploratory,-0.023400337492557766
lab_subject_18,dataset_b,delta_matched_control,inline_early__minus__inline_late,inline_early,inline_late,alpha_relative_power,exploratory,0.07862528544879725
lab_subject_19,dataset_b,delta_matched_control,inline_early__minus__inline_late,inline_early,inline_late,alpha_relative_power,exploratory,-0.07535387315932604
lab_subject_2,dataset_b,delta_matched_control,inline_early__minus__inline_late,inline_early,inline_late,alpha_relative_power,exploratory,-0.06565249789528538
lab_subject_3,dataset_b,delta_matched_control,inline_early__minus__inline_late,inline_early,inline_late,alpha_relative_power,exploratory,-0.08206807066704279
lab_subject_5,dataset_b,delta_matched_control,inline_early__minus__inline_late,inline_early,inline_late,alpha_relative_power,exploratory,0.034783218074993294
lab_subject_6,dataset_b,delta_matched_control,inline_early__minus__inline_late,inline_early,inline_late,alpha_relative_power,exploratory,0.11032870671456213
lab_subject_7,dataset_b,delta_matched_control,inline_early__minus__inline_late,inline_early,inline_late,alpha_relative_power,exploratory,0.15168988069629305
lab_subject_8,dataset_b,delta_matched_control,inline_early__minus__inline_late,inline_early,inline_late,alpha_relative_power,exploratory,0.19802914098789454
lab_subject_9,dataset_b,delta_matched_control,inline_early__minus__inline_late,inline_early,inline_late,alpha_relative_power,exploratory,0.09947339954068338
lab_subject_1,dataset_b,delta_matched_control,inline_early__minus__block_early,inline_early,block_early,alpha_relative_power,exploratory,0.10331391227641967
lab_subject_10,dataset_b,delta_matched_control,inline_early__minus__block_early,inline_early,block_early,alpha_relative_power,exploratory,-0.0998727442358079
lab_subject_11,dataset_b,delta_matched_control,inline_early__minus__block_early,inline_early,block_early,alpha_relative_power,exploratory,0.031567035205584376
lab_subject_12,dataset_b,delta_matched_control,inline_early__minus__block_early,inline_early,block_early,alpha_relative_power,exploratory,0.010611353077957325
lab_subject_13,dataset_b,delta_matched_control,inline_early__minus__block_early,inline_early,block_early,alpha_relative_power,exploratory,0.06192497159676598
lab_subject_14,dataset_b,delta_matched_control,inline_early__minus__block_early,inline_early,block_early,alpha_relative_power,exploratory,0.005169704581096675
lab_subject_15,dataset_b,delta_matched_control,inline_early__minus__block_early,inline_early,block_early,alpha_relative_power,exploratory,0.10550298826836528
lab_subject_16,dataset_b,delta_matched_control,inline_early__minus__block_early,inline_early,block_early,alpha_relative_power,exploratory,0.03449307599741394
lab_subject_17,dataset_b,delta_matched_control,inline_early__minus__block_early,inline_early,block_early,alpha_relative_power,exploratory,0.000255833803046307
lab_subject_18,dataset_b,delta_matched_control,inline_early__minus__block_early,inline_early,block_early,alpha_relative_power,exploratory,0.11851374838470122
lab_subject_19,dataset_b,delta_matched_control,inline_early__minus__block_early,inline_early,block_early,alpha_relative_power,exploratory,0.10165094378120285
lab_subject_2,dataset_b,delta_matched_control,inline_early__minus__block_early,inline_early,block_early,alpha_relative_power,exploratory,0.03567763073385341
lab_subject_3,dataset_b,delta_matched_control,inline_early__minus__block_early,inline_early,block_early,alpha_relative_power,exploratory,0.00857433095926223
lab_subject_5,dataset_b,delta_matched_control,inline_early__minus__block_early,inline_early,block_early,alpha_relative_power,exploratory,0.021690388144912035
lab_subject_6,dataset_b,delta_matched_control,inline_early__minus__block_early,inline_early,block_early,alpha_relative_power,exploratory,-0.07252236428204265
lab_subject_7,dataset_b,delta_matched_control,inline_early__minus__block_early,inline_early,block_early,alpha_relative_power,exploratory,0.05470305946019615
lab_subject_8,dataset_b,delta_matched_control,inline_early__minus__block_early,inline_early,block_early,alpha_relative_power,exploratory,0.012304487063134785
lab_subject_9,dataset_b,delta_matched_control,inline_early__minus__block_early,inline_early,block_early,alpha_relative_power,exploratory,-0.019047970793468053
lab_subject_1,dataset_b,delta_matched_control,inline_early__minus__block_late,inline_early,block_late,alpha_relative_power,exploratory,0.11221107987006754
lab_subject_10,dataset_b,delta_matched_control,inline_early__minus__block_late,inline_early,block_late,alpha_relative_power,exploratory,-0.09015746406350275
lab_subject_11,dataset_b,delta_matched_control,inline_early__minus__block_late,inline_early,block_late,alpha_relative_power,exploratory,-0.09417938612609861
lab_subject_12,dataset_b,delta_matched_control,inline_early__minus__block_late,inline_early,block_late,alpha_relative_power,exploratory,0.044756651685485385
lab_subject_13,dataset_b,delta_matched_control,inline_early__minus__block_late,inline_early,block_late,alpha_relative_power,exploratory,0.06674588783890782
lab_subject_14,dataset_b,delta_matched_control,inline_early__minus__block_late,inline_early,block_late,alpha_relative_power,exploratory,0.07749710952509614
lab_subject_15,dataset_b,delta_matched_control,inline_early__minus__block_late,inline_early,block_late,alpha_relative_power,exploratory,0.04351396776132211
lab_subject_16,dataset_b,delta_matched_control,inline_early__minus__block_late,inline_early,block_late,alpha_relative_power,exploratory,0.038537674142476455
lab_subject_17,dataset_b,delta_matched_control,inline_early__minus__block_late,inline_early,block_late,alpha_relative_power,exploratory,-0.008120418272296315
lab_subject_18,dataset_b,delta_matched_control,inline_early__minus__block_late,inline_early,block_late,alpha_relative_power,exploratory,0.052739353155575465
lab_subject_19,dataset_b,delta_matched_control,inline_early__minus__block_late,inline_early,block_late,alpha_relative_power,exploratory,-0.01313056435394229
lab_subject_2,dataset_b,delta_matched_control,inline_early__minus__block_late,inline_early,block_late,alpha_relative_power,exploratory,-0.09136932768813275
lab_subject_3,dataset_b,delta_matched_control,inline_early__minus__block_late,inline_early,block_late,alpha_relative_power,exploratory,-0.048306799059071856
lab_subject_5,dataset_b,delta_matched_control,inline_early__minus__block_late,inline_early,block_late,alpha_relative_power,exploratory,-0.04530545509123472
lab_subject_6,dataset_b,delta_matched_control,inline_early__minus__block_late,inline_early,block_late,alpha_relative_power,exploratory,0.1288414864290103
lab_subject_7,dataset_b,delta_matched_control,inline_early__minus__block_late,inline_early,block_late,alpha_relative_power,exploratory,0.1084022178510165
lab_subject_8,dataset_b,delta_matched_control,inline_early__minus__block_late,inline_early,block_late,alpha_relative_power,exploratory,0.14949077663105026
lab_subject_9,dataset_b,delta_matched_control,inline_early__minus__block_late,inline_early,block_late,alpha_relative_power,exploratory,0.014376931481076015
lab_subject_1,dataset_b,delta_matched_control,inline_late__minus__block_early,inline_late,block_early,alpha_relative_power,exploratory,0.09040600391651009
lab_subject_10,dataset_b,delta_matched_control,inline_late__minus__block_early,inline_late,block_early,alpha_relative_power,exploratory,0.13079520883907603
lab_subject_11,dataset_b,delta_matched_control,inline_late__minus__block_early,inline_late,block_early,alpha_relative_power,exploratory,0.23170989515585777
lab_subject_12,dataset_b,delta_matched_control,inline_late__minus__block_early,inline_late,block_early,alpha_relative_power,exploratory,-0.16258147503699902
lab_subject_13,dataset_b,delta_matched_control,inline_late__minus__block_early,inline_late,block_early,alpha_relative_power,exploratory,0.059442800427850925
lab_subject_14,dataset_b,delta_matched_control,inline_late__minus__block_early,inline_late,block_early,alpha_relative_power,exploratory,-0.06394691084302512
lab_subject_15,dataset_b,delta_matched_control,inline_late__minus__block_early,inline_late,block_early,alpha_relative_power,exploratory,0.053252246427036576
lab_subject_16,dataset_b,delta_matched_control,inline_late__minus__block_early,inline_late,block_early,alpha_relative_power,exploratory,0.06950058958790961
lab_subject_17,dataset_b,delta_matched_control,inline_late__minus__block_early,inline_late,block_early,alpha_relative_power,exploratory,0.023656171295604073
lab_subject_18,dataset_b,delta_matched_control,inline_late__minus__block_early,inline_late,block_early,alpha_relative_power,exploratory,0.039888462935903965
lab_subject_19,dataset_b,delta_matched_control,inline_late__minus__block_early,inline_late,block_early,alpha_relative_power,exploratory,0.1770048169405289
lab_subject_2,dataset_b,delta_matched_control,inline_late__minus__block_early,inline_late,block_early,alpha_relative_power,exploratory,0.10133012862913879
lab_subject_3,dataset_b,delta_matched_control,inline_late__minus__block_early,inline_late,block_early,alpha_relative_power,exploratory,0.09064240162630502
lab_subject_5,dataset_b,delta_matched_control,inline_late__minus__block_early,inline_late,block_early,alpha_relative_power,exploratory,-0.013092829930081262
lab_subject_6,dataset_b,delta_matched_control,inline_late__minus__block_early,inline_late,block_early,alpha_relative_power,exploratory,-0.18285107099660478
lab_subject_7,dataset_b,delta_matched_control,inline_late__minus__block_early,inline_late,block_early,alpha_relative_power,exploratory,-0.09698682123609689
lab_subject_8,dataset_b,delta_matched_control,inline_late__minus__block_early,inline_late,block_early,alpha_relative_power,exploratory,-0.18572465392475973
lab_subject_9,dataset_b,delta_matched_control,inline_late__minus__block_early,inline_late,block_early,alpha_relative_power,exploratory,-0.11852137033415142
lab_subject_1,dataset_b,delta_matched_control,inline_late__minus__block_late,inline_late,block_late,alpha_relative_power,exploratory,0.09930317151015795
lab_subject_10,dataset_b,delta_matched_control,inline_late__minus__block_late,inline_late,block_late,alpha_relative_power,exploratory,0.1405104890113812
lab_subject_11,dataset_b,delta_matched_control,inline_late__minus__block_late,inline_late,block_late,alpha_relative_power,exploratory,0.10596347382417477
lab_subject_12,dataset_b,delta_matched_control,inline_late__minus__block_late,inline_late,block_late,alpha_relative_power,exploratory,-0.12843617642947097
lab_subject_13,dataset_b,delta_matched_control,inline_late__minus__block_late,inline_late,block_late,alpha_relative_power,exploratory,0.06426371666999277
lab_subject_14,dataset_b,delta_matched_control,inline_late__minus__block_late,inline_late,block_late,alpha_relative_power,exploratory,0.008380494100974342
lab_subject_15,dataset_b,delta_matched_control,inline_late__minus__block_late,inline_late,block_late,alpha_relative_power,exploratory,-0.00873677408000659
lab_subject_16,dataset_b,delta_matched_control,inline_late__minus__block_late,inline_late,block_late,alpha_relative_power,exploratory,0.07354518773297211
lab_subject_17,dataset_b,delta_matched_control,inline_late__minus__block_late,inline_late,block_late,alpha_relative_power,exploratory,0.015279919220261451
lab_subject_18,dataset_b,delta_matched_control,inline_late__minus__block_late,inline_late,block_late,alpha_relative_power,exploratory,-0.025885932293221788
lab_subject_19,dataset_b,delta_matched_control,inline_late__minus__block_late,inline_late,block_late,alpha_relative_power,exploratory,0.06222330880538376
lab_subject_2,dataset_b,delta_matched_control,inline_late__minus__block_late,inline_late,block_late,alpha_relative_power,exploratory,-0.025716829792847368
lab_subject_3,dataset_b,delta_matched_control,inline_late__minus__block_late,inline_late,block_late,alpha_relative_power,exploratory,0.03376127160797093
lab_subject_5,dataset_b,delta_matched_control,inline_late__minus__block_late,inline_late,block_late,alpha_relative_power,exploratory,-0.08008867316622802
lab_subject_6,dataset_b,delta_matched_control,inline_late__minus__block_late,inline_late,block_late,alpha_relative_power,exploratory,0.018512779714448174
lab_subject_7,dataset_b,delta_matched_control,inline_late__minus__block_late,inline_late,block_late,alpha_relative_power,exploratory,-0.04328766284527655
lab_subject_8,dataset_b,delta_matched_control,inline_late__minus__block_late,inline_late,block_late,alpha_relative_power,exploratory,-0.04853836435684425
lab_subject_9,dataset_b,delta_matched_control,inline_late__minus__block_late,inline_late,block_late,alpha_relative_power,exploratory,-0.08509646805960736
lab_subject_1,dataset_b,delta_matched_control,block_early__minus__block_late,block_early,block_late,alpha_relative_power,exploratory,0.008897167593647864
lab_subject_10,dataset_b,delta_matched_control,block_early__minus__block_late,block_early,block_late,alpha_relative_power,exploratory,0.009715280172305149
lab_subject_11,dataset_b,delta_matched_control,block_early__minus__block_late,block_early,block_late,alpha_relative_power,exploratory,-0.12574642133168298
lab_subject_12,dataset_b,delta_matched_control,block_early__minus__block_late,block_early,block_late,alpha_relative_power,exploratory,0.03414529860752806
lab_subject_13,dataset_b,delta_matched_control,block_early__minus__block_late,block_early,block_late,alpha_relative_power,exploratory,0.004820916242141843
lab_subject_14,dataset_b,delta_matched_control,block_early__minus__block_late,block_early,block_late,alpha_relative_power,exploratory,0.07232740494399946
lab_subject_15,dataset_b,delta_matched_control,block_early__minus__block_late,block_early,block_late,alpha_relative_power,exploratory,-0.06198902050704317
lab_subject_16,dataset_b,delta_matched_control,block_early__minus__block_late,block_early,block_late,alpha_relative_power,exploratory,0.004044598145062507
lab_subject_17,dataset_b,delta_matched_control,block_early__minus__block_late,block_early,block_late,alpha_relative_power,exploratory,-0.008376252075342622
lab_subject_18,dataset_b,delta_matched_control,block_early__minus__block_late,block_early,block_late,alpha_relative_power,exploratory,-0.06577439522912576
lab_subject_19,dataset_b,delta_matched_control,block_early__minus__block_late,block_early,block_late,alpha_relative_power,exploratory,-0.11478150813514515
lab_subject_2,dataset_b,delta_matched_control,block_early__minus__block_late,block_early,block_late,alpha_relative_power,exploratory,-0.12704695842198616
lab_subject_3,dataset_b,delta_matched_control,block_early__minus__block_late,block_early,block_late,alpha_relative_power,exploratory,-0.056881130018334086
lab_subject_5,dataset_b,delta_matched_control,block_early__minus__block_late,block_early,block_late,alpha_relative_power,exploratory,-0.06699584323614675
lab_subject_6,dataset_b,delta_matched_control,block_early__minus__block_late,block_early,block_late,alpha_relative_power,exploratory,0.20136385071105295
lab_subject_7,dataset_b,delta_matched_control,block_early__minus__block_late,block_early,block_late,alpha_relative_power,exploratory,0.05369915839082035
lab_subject_8,dataset_b,delta_matched_control,block_early__minus__block_late,block_early,block_late,alpha_relative_power,exploratory,0.13718628956791548
lab_subject_9,dataset_b,delta_matched_control,block_early__minus__block_late,block_early,block_late,alpha_relative_power,exploratory,0.03342490227454407
lab_subject_1,dataset_b,raw_post_minus_pre,inline_early__minus__inline_late,inline_early,inline_late,alpha_relative_power,exploratory,-0.0017837041371043388
lab_subject_10,dataset_b,raw_post_minus_pre,inline_early__minus__inline_late,inline_early,inline_late,alpha_relative_power,exploratory,-0.1016525908462943
lab_subject_11,dataset_b,raw_post_minus_pre,inline_early__minus__inline_late,inline_early,inline_late,alpha_relative_power,exploratory,0.00774255724677024
lab_subject_12,dataset_b,raw_post_minus_pre,inline_early__minus__inline_late,inline_early,inline_late,alpha_relative_power,exploratory,0.21728815358098405
lab_subject_13,dataset_b,raw_post_minus_pre,inline_early__minus__inline_late,inline_early,inline_late,alpha_relative_power,exploratory,0.00025767124412565817
lab_subject_14,dataset_b,raw_post_minus_pre,inline_early__minus__inline_late,inline_early,inline_late,alpha_relative_power,exploratory,-0.009191471188129137
lab_subject_15,dataset_b,raw_post_minus_pre,inline_early__minus__inline_late,inline_early,inline_late,alpha_relative_power,exploratory,0.10621630167689913
lab_subject_16,dataset_b,raw_post_minus_pre,inline_early__minus__inline_late,inline_early,inline_late,alpha_relative_power,exploratory,-0.05079144246480448
lab_subject_17,dataset_b,raw_post_minus_pre,inline_early__minus__inline_late,inline_early,inline_late,alpha_relative_power,exploratory,0.017639250428925737
lab_subject_18,dataset_b,raw_post_minus_pre,inline_early__minus__inline_late,inline_early,inline_late,alpha_relative_power,exploratory,0.04633462463532595
lab_subject_19,dataset_b,raw_post_minus_pre,inline_early__minus__inline_late,inline_early,inline_late,alpha_relative_power,exploratory,-0.08725371185762698
lab_subject_2,dataset_b,raw_post_minus_pre,inline_early__minus__inline_late,inline_early,inline_late,alpha_relative_power,exploratory,0.00349118704871159
lab_subject_3,dataset_b,raw_post_minus_pre,inline_early__minus__inline_late,inline_early,inline_late,alpha_relative_power,exploratory,-0.019296405150176152
lab_subject_5,dataset_b,raw_post_minus_pre,inline_early__minus__inline_late,inline_early,inline_late,alpha_relative_power,exploratory,0.05249877549840627
lab_subject_6,dataset_b,raw_post_minus_pre,inline_early__minus__inline_late,inline_early,inline_late,alpha_relative_power,exploratory,-0.016180481631868457
lab_subject_7,dataset_b,raw_post_minus_pre,inline_early__minus__inline_late,inline_early,inline_late,alpha_relative_power,exploratory,0.09711268966227696
lab_subject_8,dataset_b,raw_post_minus_pre,inline_early__minus__inline_late,inline_early,inline_late,alpha_relative_power,exploratory,0.08748977987292851
lab_subject_9,dataset_b,raw_post_minus_pre,inline_early__minus__inline_late,inline_early,inline_late,alpha_relative_power,exploratory,-0.04389894718259084
lab_subject_1,dataset_b,raw_post_minus_pre,inline_early__minus__block_early,inline_early,block_early,alpha_relative_power,exploratory,0.10331391227641967
lab_subject_10,dataset_b,raw_post_minus_pre,inline_early__minus__block_early,inline_early,block_early,alpha_relative_power,exploratory,-0.0998727442358079
lab_subject_11,dataset_b,raw_post_minus_pre,inline_early__minus__block_early,inline_early,block_early,alpha_relative_power,exploratory,0.031567035205584376
lab_subject_12,dataset_b,raw_post_minus_pre,inline_early__minus__block_early,inline_early,block_early,alpha_relative_power,exploratory,0.010611353077957325
lab_subject_13,dataset_b,raw_post_minus_pre,inline_early__minus__block_early,inline_early,block_early,alpha_relative_power,exploratory,0.06192497159676597
lab_subject_14,dataset_b,raw_post_minus_pre,inline_early__minus__block_early,inline_early,block_early,alpha_relative_power,exploratory,0.005169704581096675
lab_subject_15,dataset_b,raw_post_minus_pre,inline_early__minus__block_early,inline_early,block_early,alpha_relative_power,exploratory,0.10550298826836528
lab_subject_16,dataset_b,raw_post_minus_pre,inline_early__minus__block_early,inline_early,block_early,alpha_relative_power,exploratory,0.03449307599741395
lab_subject_17,dataset_b,raw_post_minus_pre,inline_early__minus__block_early,inline_early,block_early,alpha_relative_power,exploratory,0.000255833803046307
lab_subject_18,dataset_b,raw_post_minus_pre,inline_early__minus__block_early,inline_early,block_early,alpha_relative_power,exploratory,0.11851374838470122
lab_subject_19,dataset_b,raw_post_minus_pre,inline_early__minus__block_early,inline_early,block_early,alpha_relative_power,exploratory,0.10165094378120285
lab_subject_2,dataset_b,raw_post_minus_pre,inline_early__minus__block_early,inline_early,block_early,alpha_relative_power,exploratory,0.035677630733853403
lab_subject_3,dataset_b,raw_post_minus_pre,inline_early__minus__block_early,inline_early,block_early,alpha_relative_power,exploratory,0.00857433095926223
lab_subject_5,dataset_b,raw_post_minus_pre,inline_early__minus__block_early,inline_early,block_early,alpha_relative_power,exploratory,0.02169038814491203
lab_subject_6,dataset_b,raw_post_minus_pre,inline_early__minus__block_early,inline_early,block_early,alpha_relative_power,exploratory,-0.07252236428204265
lab_subject_7,dataset_b,raw_post_minus_pre,inline_early__minus__block_early,inline_early,block_early,alpha_relative_power,exploratory,0.05470305946019616
lab_subject_8,dataset_b,raw_post_minus_pre,inline_early__minus__block_early,inline_early,block_early,alpha_relative_power,exploratory,0.012304487063134785
lab_subject_9,dataset_b,raw_post_minus_pre,inline_early__minus__block_early,inline_early,block_early,alpha_relative_power,exploratory,-0.019047970793468053
lab_subject_1,dataset_b,raw_post_minus_pre,inline_early__minus__block_late,inline_early,block_late,alpha_relative_power,exploratory,0.09751946737305361
lab_subject_10,dataset_b,raw_post_minus_pre,inline_early__minus__block_late,inline_early,block_late,alpha_relative_power,exploratory,0.03885789816508688
lab_subject_11,dataset_b,raw_post_minus_pre,inline_early__minus__block_late,inline_early,block_late,alpha_relative_power,exploratory,0.11370603107094501
lab_subject_12,dataset_b,raw_post_minus_pre,inline_early__minus__block_late,inline_early,block_late,alpha_relative_power,exploratory,0.0888519771515131
lab_subject_13,dataset_b,raw_post_minus_pre,inline_early__minus__block_late,inline_early,block_late,alpha_relative_power,exploratory,0.06452138791411843
lab_subject_14,dataset_b,raw_post_minus_pre,inline_early__minus__block_late,inline_early,block_late,alpha_relative_power,exploratory,-0.0008109770871547947
lab_subject_15,dataset_b,raw_post_minus_pre,inline_early__minus__block_late,inline_early,block_late,alpha_relative_power,exploratory,0.09747952759689255
lab_subject_16,dataset_b,raw_post_minus_pre,inline_early__minus__block_late,inline_early,block_late,alpha_relative_power,exploratory,0.02275374526816764
lab_subject_17,dataset_b,raw_post_minus_pre,inline_early__minus__block_late,inline_early,block_late,alpha_relative_power,exploratory,0.03291916964918719
lab_subject_18,dataset_b,raw_post_minus_pre,inline_early__minus__block_late,inline_early,block_late,alpha_relative_power,exploratory,0.020448692342104162
lab_subject_19,dataset_b,raw_post_minus_pre,inline_early__minus__block_late,inline_early,block_late,alpha_relative_power,exploratory,-0.025030403052243223
lab_subject_2,dataset_b,raw_post_minus_pre,inline_early__minus__block_late,inline_early,block_late,alpha_relative_power,exploratory,-0.022225642744135778
lab_subject_3,dataset_b,raw_post_minus_pre,inline_early__minus__block_late,inline_early,block_late,alpha_relative_power,exploratory,0.014464866457794781
lab_subject_5,dataset_b,raw_post_minus_pre,inline_early__minus__block_late,inline_early,block_late,alpha_relative_power,exploratory,-0.027589897667821744
lab_subject_6,dataset_b,raw_post_minus_pre,inline_early__minus__block_late,inline_early,block_late,alpha_relative_power,exploratory,0.0023322980825797313
lab_subject_7,dataset_b,raw_post_minus_pre,inline_early__minus__block_late,inline_early,block_late,alpha_relative_power,exploratory,0.05382502681700041
lab_subject_8,dataset_b,raw_post_minus_pre,inline_early__minus__block_late,inline_early,block_late,alpha_relative_power,exploratory,0.03895141551608426
lab_subject_9,dataset_b,raw_post_minus_pre,inline_early__minus__block_late,inline_early,block_late,alpha_relative_power,exploratory,-0.1289954152421982
lab_subject_1,dataset_b,raw_post_minus_pre,inline_late__minus__block_early,inline_late,block_early,alpha_relative_power,exploratory,0.10509761641352403
lab_subject_10,dataset_b,raw_post_minus_pre,inline_late__minus__block_early,inline_late,block_early,alpha_relative_power,exploratory,0.0017798466104863991
lab_subject_11,dataset_b,raw_post_minus_pre,inline_late__minus__block_early,inline_late,block_early,alpha_relative_power,exploratory,0.023824477958814136
lab_subject_12,dataset_b,raw_post_minus_pre,inline_late__minus__block_early,inline_late,block_early,alpha_relative_power,exploratory,-0.20667680050302673
lab_subject_13,dataset_b,raw_post_minus_pre,inline_late__minus__block_early,inline_late,block_early,alpha_relative_power,exploratory,0.061667300352640314
lab_subject_14,dataset_b,raw_post_minus_pre,inline_late__minus__block_early,inline_late,block_early,alpha_relative_power,exploratory,0.014361175769225812
lab_subject_15,dataset_b,raw_post_minus_pre,inline_late__minus__block_early,inline_late,block_early,alpha_relative_power,exploratory,-0.0007133134085338493
lab_subject_16,dataset_b,raw_post_minus_pre,inline_late__minus__block_early,inline_late,block_early,alpha_relative_power,exploratory,0.08528451846221843
lab_subject_17,dataset_b,raw_post_minus_pre,inline_late__minus__block_early,inline_late,block_early,alpha_relative_power,exploratory,-0.01738341662587943
lab_subject_18,dataset_b,raw_post_minus_pre,inline_late__minus__block_early,inline_late,block_early,alpha_relative_power,exploratory,0.07217912374937527
lab_subject_19,dataset_b,raw_post_minus_pre,inline_late__minus__block_early,inline_late,block_early,alpha_relative_power,exploratory,0.18890465563882985
lab_subject_2,dataset_b,raw_post_minus_pre,inline_late__minus__block_early,inline_late,block_early,alpha_relative_power,exploratory,0.03218644368514181
lab_subject_3,dataset_b,raw_post_minus_pre,inline_late__minus__block_early,inline_late,block_early,alpha_relative_power,exploratory,0.027870736109438382
lab_subject_5,dataset_b,raw_post_minus_pre,inline_late__minus__block_early,inline_late,block_early,alpha_relative_power,exploratory,-0.03080838735349424
lab_subject_6,dataset_b,raw_post_minus_pre,inline_late__minus__block_early,inline_late,block_early,alpha_relative_power,exploratory,-0.05634188265017419
lab_subject_7,dataset_b,raw_post_minus_pre,inline_late__minus__block_early,inline_late,block_early,alpha_relative_power,exploratory,-0.0424096302020808
lab_subject_8,dataset_b,raw_post_minus_pre,inline_late__minus__block_early,inline_late,block_early,alpha_relative_power,exploratory,-0.07518529280979372
lab_subject_9,dataset_b,raw_post_minus_pre,inline_late__minus__block_early,inline_late,block_early,alpha_relative_power,exploratory,0.02485097638912279
lab_subject_1,dataset_b,raw_post_minus_pre,inline_late__minus__block_late,inline_late,block_late,alpha_relative_power,exploratory,0.09930317151015797
lab_subject_10,dataset_b,raw_post_minus_pre,inline_late__minus__block_late,inline_late,block_late,alpha_relative_power,exploratory,0.1405104890113812
lab_subject_11,dataset_b,raw_post_minus_pre,inline_late__minus__block_late,inline_late,block_late,alpha_relative_power,exploratory,0.10596347382417477
lab_subject_12,dataset_b,raw_post_minus_pre,inline_late__minus__block_late,inline_late,block_late,alpha_relative_power,exploratory,-0.12843617642947094
lab_subject_13,dataset_b,raw_post_minus_pre,inline_late__minus__block_late,inline_late,block_late,alpha_relative_power,exploratory,0.06426371666999277
lab_subject_14,dataset_b,raw_post_minus_pre,inline_late__minus__block_late,inline_late,block_late,alpha_relative_power,exploratory,0.008380494100974342
lab_subject_15,dataset_b,raw_post_minus_pre,inline_late__minus__block_late,inline_late,block_late,alpha_relative_power,exploratory,-0.00873677408000659
lab_subject_16,dataset_b,raw_post_minus_pre,inline_late__minus__block_late,inline_late,block_late,alpha_relative_power,exploratory,0.07354518773297211
lab_subject_17,dataset_b,raw_post_minus_pre,inline_late__minus__block_late,inline_late,block_late,alpha_relative_power,exploratory,0.015279919220261451
lab_subject_18,dataset_b,raw_post_minus_pre,inline_late__minus__block_late,inline_late,block_late,alpha_relative_power,exploratory,-0.025885932293221788
lab_subject_19,dataset_b,raw_post_minus_pre,inline_late__minus__block_late,inline_late,block_late,alpha_relative_power,exploratory,0.062223308805383765
lab_subject_2,dataset_b,raw_post_minus_pre,inline_late__minus__block_late,inline_late,block_late,alpha_relative_power,exploratory,-0.025716829792847368
lab_subject_3,dataset_b,raw_post_minus_pre,inline_late__minus__block_late,inline_late,block_late,alpha_relative_power,exploratory,0.03376127160797093
lab_subject_5,dataset_b,raw_post_minus_pre,inline_late__minus__block_late,inline_late,block_late,alpha_relative_power,exploratory,-0.08008867316622802
lab_subject_6,dataset_b,raw_post_minus_pre,inline_late__minus__block_late,inline_late,block_late,alpha_relative_power,exploratory,0.018512779714448188
lab_subject_7,dataset_b,raw_post_minus_pre,inline_late__minus__block_late,inline_late,block_late,alpha_relative_power,exploratory,-0.04328766284527655
lab_subject_8,dataset_b,raw_post_minus_pre,inline_late__minus__block_late,inline_late,block_late,alpha_relative_power,exploratory,-0.04853836435684425
lab_subject_9,dataset_b,raw_post_minus_pre,inline_late__minus__block_late,inline_late,block_late,alpha_relative_power,exploratory,-0.08509646805960736
lab_subject_1,dataset_b,raw_post_minus_pre,block_early__minus__block_late,block_early,block_late,alpha_relative_power,exploratory,-0.005794444903366058
lab_subject_10,dataset_b,raw_post_minus_pre,block_early__minus__block_late,block_early,block_late,alpha_relative_power,exploratory,0.13873064240089478
lab_subject_11,dataset_b,raw_post_minus_pre,block_early__minus__block_late,block_early,block_late,alpha_relative_power,exploratory,0.08213899586536064
lab_subject_12,dataset_b,raw_post_minus_pre,block_early__minus__block_late,block_early,block_late,alpha_relative_power,exploratory,0.07824062407355578
lab_subject_13,dataset_b,raw_post_minus_pre,block_early__minus__block_late,block_early,block_late,alpha_relative_power,exploratory,0.002596416317352454
lab_subject_14,dataset_b,raw_post_minus_pre,block_early__minus__block_late,block_early,block_late,alpha_relative_power,exploratory,-0.00598068166825147
lab_subject_15,dataset_b,raw_post_minus_pre,block_early__minus__block_late,block_early,block_late,alpha_relative_power,exploratory,-0.008023460671472742
lab_subject_16,dataset_b,raw_post_minus_pre,block_early__minus__block_late,block_early,block_late,alpha_relative_power,exploratory,-0.011739330729246308
lab_subject_17,dataset_b,raw_post_minus_pre,block_early__minus__block_late,block_early,block_late,alpha_relative_power,exploratory,0.03266333584614088
lab_subject_18,dataset_b,raw_post_minus_pre,block_early__minus__block_late,block_early,block_late,alpha_relative_power,exploratory,-0.09806505604259705
lab_subject_19,dataset_b,raw_post_minus_pre,block_early__minus__block_late,block_early,block_late,alpha_relative_power,exploratory,-0.12668134683344606
lab_subject_2,dataset_b,raw_post_minus_pre,block_early__minus__block_late,block_early,block_late,alpha_relative_power,exploratory,-0.05790327347798918
lab_subject_3,dataset_b,raw_post_minus_pre,block_early__minus__block_late,block_early,block_late,alpha_relative_power,exploratory,0.005890535498532551
lab_subject_5,dataset_b,raw_post_minus_pre,block_early__minus__block_late,block_early,block_late,alpha_relative_power,exploratory,-0.049280285812733776
lab_subject_6,dataset_b,raw_post_minus_pre,block_early__minus__block_late,block_early,block_late,alpha_relative_power,exploratory,0.07485466236462238
lab_subject_7,dataset_b,raw_post_minus_pre,block_early__minus__block_late,block_early,block_late,alpha_relative_power,exploratory,-0.0008780326431957475
lab_subject_8,dataset_b,raw_post_minus_pre,block_early__minus__block_late,block_early,block_late,alpha_relative_power,exploratory,0.026646928452949477
lab_subject_9,dataset_b,raw_post_minus_pre,block_early__minus__block_late,block_early,block_late,alpha_relative_power,exploratory,-0.10994744444873014
lab_subject_1,dataset_b,delta_matched_control,inline_early__minus__inline_late,inline_early,inline_late,beta_relative_power,exploratory,0.05641676290902195
lab_subject_10,dataset_b,delta_matched_control,inline_early__minus__inline_late,inline_early,inline_late,beta_relative_power,exploratory,0.1400528978606436
lab_subject_11,dataset_b,delta_matched_control,inline_early__minus__inline_late,inline_early,inline_late,beta_relative_power,exploratory,-0.12741715833482714
lab_subject_12,dataset_b,delta_matched_control,inline_early__minus__inline_late,inline_early,inline_late,beta_relative_power,exploratory,0.07179712615930553
lab_subject_13,dataset_b,delta_matched_control,inline_early__minus__inline_late,inline_early,inline_late,beta_relative_power,exploratory,-0.1345164837450661
lab_subject_14,dataset_b,delta_matched_control,inline_early__minus__inline_late,inline_early,inline_late,beta_relative_power,exploratory,0.0875331862418737
lab_subject_15,dataset_b,delta_matched_control,inline_early__minus__inline_late,inline_early,inline_late,beta_relative_power,exploratory,0.14171329531644877
lab_subject_16,dataset_b,delta_matched_control,inline_early__minus__inline_late,inline_early,inline_late,beta_relative_power,exploratory,-0.05856828487753746
lab_subject_17,dataset_b,delta_matched_control,inline_early__minus__inline_late,inline_early,inline_late,beta_relative_power,exploratory,-0.010489547989940118
lab_subject_18,dataset_b,delta_matched_control,inline_early__minus__inline_late,inline_early,inline_late,beta_relative_power,exploratory,0.021974275154067663
lab_subject_19,dataset_b,delta_matched_control,inline_early__minus__inline_late,inline_early,inline_late,beta_relative_power,exploratory,-0.18312898587238702
lab_subject_2,dataset_b,delta_matched_control,inline_early__minus__inline_late,inline_early,inline_late,beta_relative_power,exploratory,0.042843935226514876
lab_subject_3,dataset_b,delta_matched_control,inline_early__minus__inline_late,inline_early,inline_late,beta_relative_power,exploratory,-0.16506705547507944
lab_subject_5,dataset_b,delta_matched_control,inline_early__minus__inline_late,inline_early,inline_late,beta_relative_power,exploratory,-0.011818518925870915
lab_subject_6,dataset_b,delta_matched_control,inline_early__minus__inline_late,inline_early,inline_late,beta_relative_power,exploratory,0.03165639474458726
lab_subject_7,dataset_b,delta_matched_control,inline_early__minus__inline_late,inline_early,inline_late,beta_relative_power,exploratory,0.3636996578535809
lab_subject_8,dataset_b,delta_matched_control,inline_early__minus__inline_late,inline_early,inline_late,beta_relative_power,exploratory,0.14204585222304356
lab_subject_9,dataset_b,delta_matched_control,inline_early__minus__inline_late,inline_early,inline_late,beta_relative_power,exploratory,0.07756300173617525
lab_subject_1,dataset_b,delta_matched_control,inline_early__minus__block_early,inline_early,block_early,beta_relative_power,exploratory,0.19421425286357397
lab_subject_10,dataset_b,delta_matched_control,inline_early__minus__block_early,inline_early,block_early,beta_relative_power,exploratory,-0.03953157262279239
lab_subject_11,dataset_b,delta_matched_control,inline_early__minus__block_early,inline_early,block_early,beta_relative_power,exploratory,0.06970387847504778
lab_subject_12,dataset_b,delta_matched_control,inline_early__minus__block_early,inline_early,block_early,beta_relative_power,exploratory,0.17128205398901847
lab_subject_13,dataset_b,delta_matched_control,inline_early__minus__block_early,inline_early,block_early,beta_relative_power,exploratory,0.08444223546718352
lab_subject_14,dataset_b,delta_matched_control,inline_early__minus__block_early,inline_early,block_early,beta_relative_power,exploratory,0.052174922907424454
lab_subject_15,dataset_b,delta_matched_control,inline_early__minus__block_early,inline_early,block_early,beta_relative_power,exploratory,0.2056747938650771
lab_subject_16,dataset_b,delta_matched_control,inline_early__minus__block_early,inline_early,block_early,beta_relative_power,exploratory,0.11994277990215099
lab_subject_17,dataset_b,delta_matched_control,inline_early__minus__block_early,inline_early,block_early,beta_relative_power,exploratory,-0.06267024693574544
lab_subject_18,dataset_b,delta_matched_control,inline_early__minus__block_early,inline_early,block_early,beta_relative_power,exploratory,-0.014072225835413593
lab_subject_19,dataset_b,delta_matched_control,inline_early__minus__block_early,inline_early,block_early,beta_relative_power,exploratory,0.04681963055686987
lab_subject_2,dataset_b,delta_matched_control,inline_early__minus__block_early,inline_early,block_early,beta_relative_power,exploratory,0.257251372683284
lab_subject_3,dataset_b,delta_matched_control,inline_early__minus__block_early,inline_early,block_early,beta_relative_power,exploratory,-0.062055499479441056
lab_subject_5,dataset_b,delta_matched_control,inline_early__minus__block_early,inline_early,block_early,beta_relative_power,exploratory,-0.0003937136390413376
lab_subject_6,dataset_b,delta_matched_control,inline_early__minus__block_early,inline_early,block_early,beta_relative_power,exploratory,-0.18437287109063594
lab_subject_7,dataset_b,delta_matched_control,inline_early__minus__block_early,inline_early,block_early,beta_relative_power,exploratory,0.1045308361821719
lab_subject_8,dataset_b,delta_matched_control,inline_early__minus__block_early,inline_early,block_early,beta_relative_power,exploratory,0.029902107216929652
lab_subject_9,dataset_b,delta_matched_control,inline_early__minus__block_early,inline_early,block_early,beta_relative_power,exploratory,0.03783845465878071
lab_subject_1,dataset_b,delta_matched_control,inline_early__minus__block_late,inline_early,block_late,beta_relative_power,exploratory,0.2568985315545843
lab_subject_10,dataset_b,delta_matched_control,inline_early__minus__block_late,inline_early,block_late,beta_relative_power,exploratory,0.16184721248274803
lab_subject_11,dataset_b,delta_matched_control,inline_early__minus__block_late,inline_early,block_late,beta_relative_power,exploratory,0.010142505914392405
lab_subject_12,dataset_b,delta_matched_control,inline_early__minus__block_late,inline_early,block_late,beta_relative_power,exploratory,0.09661225850905367
lab_subject_13,dataset_b,delta_matched_control,inline_early__minus__block_late,inline_early,block_late,beta_relative_power,exploratory,-0.06957106782504946
lab_subject_14,dataset_b,delta_matched_control,inline_early__minus__block_late,inline_early,block_late,beta_relative_power,exploratory,0.07137461407965623
lab_subject_15,dataset_b,delta_matched_control,inline_early__minus__block_late,inline_early,block_late,beta_relative_power,exploratory,0.14354048152735416
lab_subject_16,dataset_b,delta_matched_control,inline_early__minus__block_late,inline_early,block_late,beta_relative_power,exploratory,0.24793576492443917
lab_subject_17,dataset_b,delta_matched_control,inline_early__minus__block_late,inline_early,block_late,beta_relative_power,exploratory,-0.1424874458564038
lab_subject_18,dataset_b,delta_matched_control,inline_early__minus__block_late,inline_early,block_late,beta_relative_power,exploratory,0.07382738479661619
lab_subject_19,dataset_b,delta_matched_control,inline_early__minus__block_late,inline_early,block_late,beta_relative_power,exploratory,-0.01018497756822067
lab_subject_2,dataset_b,delta_matched_control,inline_early__minus__block_late,inline_early,block_late,beta_relative_power,exploratory,-0.06814417683113794
lab_subject_3,dataset_b,delta_matched_control,inline_early__minus__block_late,inline_early,block_late,beta_relative_power,exploratory,-0.08689580917011586
lab_subject_5,dataset_b,delta_matched_control,inline_early__minus__block_late,inline_early,block_late,beta_relative_power,exploratory,-0.17117674186921586
lab_subject_6,dataset_b,delta_matched_control,inline_early__minus__block_late,inline_early,block_late,beta_relative_power,exploratory,0.0849280104961983
lab_subject_7,dataset_b,delta_matched_control,inline_early__minus__block_late,inline_early,block_late,beta_relative_power,exploratory,0.12808019447557173
lab_subject_8,dataset_b,delta_matched_control,inline_early__minus__block_late,inline_early,block_late,beta_relative_power,exploratory,0.09640983097792978
lab_subject_9,dataset_b,delta_matched_control,inline_early__minus__block_late,inline_early,block_late,beta_relative_power,exploratory,0.013295410467830338
lab_subject_1,dataset_b,delta_matched_control,inline_late__minus__block_early,inline_late,block_early,beta_relative_power,exploratory,0.13779748995455202
lab_subject_10,dataset_b,delta_matched_control,inline_late__minus__block_early,inline_late,block_early,beta_relative_power,exploratory,-0.17958447048343598
lab_subject_11,dataset_b,delta_matched_control,inline_late__minus__block_early,inline_late,block_early,beta_relative_power,exploratory,0.19712103680987492
lab_subject_12,dataset_b,delta_matched_control,inline_late__minus__block_early,inline_late,block_early,beta_relative_power,exploratory,0.09948492782971294
lab_subject_13,dataset_b,delta_matched_control,inline_late__minus__block_early,inline_late,block_early,beta_relative_power,exploratory,0.21895871921224963
lab_subject_14,dataset_b,delta_matched_control,inline_late__minus__block_early,inline_late,block_early,beta_relative_power,exploratory,-0.03535826333444925
lab_subject_15,dataset_b,delta_matched_control,inline_late__minus__block_early,inline_late,block_early,beta_relative_power,exploratory,0.06396149854862831
lab_subject_16,dataset_b,delta_matched_control,inline_late__minus__block_early,inline_late,block_early,beta_relative_power,exploratory,0.17851106477968845
lab_subject_17,dataset_b,delta_matched_control,inline_late__minus__block_early,inline_late,block_early,beta_relative_power,exploratory,-0.05218069894580532
lab_subject_18,dataset_b,delta_matched_control,inline_late__minus__block_early,inline_late,block_early,beta_relative_power,exploratory,-0.036046500989481256
lab_subject_19,dataset_b,delta_matched_control,inline_late__minus__block_early,inline_late,block_early,beta_relative_power,exploratory,0.2299486164292569
lab_subject_2,dataset_b,delta_matched_control,inline_late__minus__block_early,inline_late,block_early,beta_relative_power,exploratory,0.2144074374567691
lab_subject_3,dataset_b,delta_matched_control,inline_late__minus__block_early,inline_late,block_early,beta_relative_power,exploratory,0.10301155599563838
lab_subject_5,dataset_b,delta_matched_control,inline_late__minus__block_early,inline_late,block_early,beta_relative_power,exploratory,0.011424805286829577
lab_subject_6,dataset_b,delta_matched_control,inline_late__minus__block_early,inline_late,block_early,beta_relative_power,exploratory,-0.2160292658352232
lab_subject_7,dataset_b,delta_matched_control,inline_late__minus__block_early,inline_late,block_early,beta_relative_power,exploratory,-0.259168821671409
lab_subject_8,dataset_b,delta_matched_control,inline_late__minus__block_early,inline_late,block_early,beta_relative_power,exploratory,-0.11214374500611392
lab_subject_9,dataset_b,delta_matched_control,inline_late__minus__block_early,inline_late,block_early,beta_relative_power,exploratory,-0.03972454707739454
lab_subject_1,dataset_b,delta_matched_control,inline_late__minus__block_late,inline_late,block_late,beta_relative_power,exploratory,0.20048176864556239
lab_subject_10,dataset_b,delta_matched_control,inline_late__minus__block_late,inline_late,block_late,beta_relative_power,exploratory,0.02179431462210442
lab_subject_11,dataset_b,delta_matched_control,inline_late__minus__block_late,inline_late,block_late,beta_relative_power,exploratory,0.13755966424921956
lab_subject_12,dataset_b,delta_matched_control,inline_late__minus__block_late,inline_late,block_late,beta_relative_power,exploratory,0.024815132349748137
lab_subject_13,dataset_b,delta_matched_control,inline_late__minus__block_late,inline_late,block_late,beta_relative_power,exploratory,0.06494541592001665
lab_subject_14,dataset_b,delta_matched_control,inline_late__minus__block_late,inline_late,block_late,beta_relative_power,exploratory,-0.01615857216221747
lab_subject_15,dataset_b,delta_matched_control,inline_late__minus__block_late,inline_late,block_late,beta_relative_power,exploratory,0.001827186210905385
lab_subject_16,dataset_b,delta_matched_control,inline_late__minus__block_late,inline_late,block_late,beta_relative_power,exploratory,0.30650404980197665
lab_subject_17,dataset_b,delta_matched_control,inline_late__minus__block_late,inline_late,block_late,beta_relative_power,exploratory,-0.13199789786646368
lab_subject_18,dataset_b,delta_matched_control,inline_late__minus__block_late,inline_late,block_late,beta_relative_power,exploratory,0.05185310964254852
lab_subject_19,dataset_b,delta_matched_control,inline_late__minus__block_late,inline_late,block_late,beta_relative_power,exploratory,0.17294400830416634
lab_subject_2,dataset_b,delta_matched_control,inline_late__minus__block_late,inline_late,block_late,beta_relative_power,exploratory,-0.11098811205765281
lab_subject_3,dataset_b,delta_matched_control,inline_late__minus__block_late,inline_late,block_late,beta_relative_power,exploratory,0.07817124630496358
lab_subject_5,dataset_b,delta_matched_control,inline_late__minus__block_late,inline_late,block_late,beta_relative_power,exploratory,-0.15935822294334495
lab_subject_6,dataset_b,delta_matched_control,inline_late__minus__block_late,inline_late,block_late,beta_relative_power,exploratory,0.053271615751611046
lab_subject_7,dataset_b,delta_matched_control,inline_late__minus__block_late,inline_late,block_late,beta_relative_power,exploratory,-0.23561946337800918
lab_subject_8,dataset_b,delta_matched_control,inline_late__minus__block_late,inline_late,block_late,beta_relative_power,exploratory,-0.04563602124511379
lab_subject_9,dataset_b,delta_matched_control,inline_late__minus__block_late,inline_late,block_late,beta_relative_power,exploratory,-0.06426759126834491
lab_subject_1,dataset_b,delta_matched_control,block_early__minus__block_late,block_early,block_late,beta_relative_power,exploratory,0.06268427869101037
lab_subject_10,dataset_b,delta_matched_control,block_early__minus__block_late,block_early,block_late,beta_relative_power,exploratory,0.20137878510554041
lab_subject_11,dataset_b,delta_matched_control,block_early__minus__block_late,block_early,block_late,beta_relative_power,exploratory,-0.05956137256065537
lab_subject_12,dataset_b,delta_matched_control,block_early__minus__block_late,block_early,block_late,beta_relative_power,exploratory,-0.0746697954799648
lab_subject_13,dataset_b,delta_matched_control,block_early__minus__block_late,block_early,block_late,beta_relative_power,exploratory,-0.15401330329223298
lab_subject_14,dataset_b,delta_matched_control,block_early__minus__block_late,block_early,block_late,beta_relative_power,exploratory,0.019199691172231775
lab_subject_15,dataset_b,delta_matched_control,block_early__minus__block_late,block_early,block_late,beta_relative_power,exploratory,-0.06213431233772293
lab_subject_16,dataset_b,delta_matched_control,block_early__minus__block_late,block_early,block_late,beta_relative_power,exploratory,0.12799298502228817
lab_subject_17,dataset_b,delta_matched_control,block_early__minus__block_late,block_early,block_late,beta_relative_power,exploratory,-0.07981719892065836
lab_subject_18,dataset_b,delta_matched_control,block_early__minus__block_late,block_early,block_late,beta_relative_power,exploratory,0.08789961063202978
lab_subject_19,dataset_b,delta_matched_control,block_early__minus__block_late,block_early,block_late,beta_relative_power,exploratory,-0.05700460812509054
lab_subject_2,dataset_b,delta_matched_control,block_early__minus__block_late,block_early,block_late,beta_relative_power,exploratory,-0.32539554951442196
lab_subject_3,dataset_b,delta_matched_control,block_early__minus__block_late,block_early,block_late,beta_relative_power,exploratory,-0.0248403096906748
lab_subject_5,dataset_b,delta_matched_control,block_early__minus__block_late,block_early,block_late,beta_relative_power,exploratory,-0.17078302823017452
lab_subject_6,dataset_b,delta_matched_control,block_early__minus__block_late,block_early,block_late,beta_relative_power,exploratory,0.26930088158683424
lab_subject_7,dataset_b,delta_matched_control,block_early__minus__block_late,block_early,block_late,beta_relative_power,exploratory,0.02354935829339981
lab_subject_8,dataset_b,delta_matched_control,block_early__minus__block_late,block_early,block_late,beta_relative_power,exploratory,0.06650772376100013
lab_subject_9,dataset_b,delta_matched_control,block_early__minus__block_late,block_early,block_late,beta_relative_power,exploratory,-0.024543044190950374
lab_subject_1,dataset_b,raw_post_minus_pre,inline_early__minus__inline_late,inline_early,inline_late,beta_relative_power,exploratory,0.025850704020654675
lab_subject_10,dataset_b,raw_post_minus_pre,inline_early__minus__inline_late,inline_early,inline_late,beta_relative_power,exploratory,-0.01622457150490597
lab_subject_11,dataset_b,raw_post_minus_pre,inline_early__minus__inline_late,inline_early,inline_late,beta_relative_power,exploratory,0.04758343581636061
lab_subject_12,dataset_b,raw_post_minus_pre,inline_early__minus__inline_late,inline_early,inline_late,beta_relative_power,exploratory,0.21104133172404593
lab_subject_13,dataset_b,raw_post_minus_pre,inline_early__minus__inline_late,inline_early,inline_late,beta_relative_power,exploratory,0.05201490609392792
lab_subject_14,dataset_b,raw_post_minus_pre,inline_early__minus__inline_late,inline_early,inline_late,beta_relative_power,exploratory,0.029261893774686385
lab_subject_15,dataset_b,raw_post_minus_pre,inline_early__minus__inline_late,inline_early,inline_late,beta_relative_power,exploratory,0.19021556897194336
lab_subject_16,dataset_b,raw_post_minus_pre,inline_early__minus__inline_late,inline_early,inline_late,beta_relative_power,exploratory,-0.12902012837469565
lab_subject_17,dataset_b,raw_post_minus_pre,inline_early__minus__inline_late,inline_early,inline_late,beta_relative_power,exploratory,0.06072320289496763
lab_subject_18,dataset_b,raw_post_minus_pre,inline_early__minus__inline_late,inline_early,inline_late,beta_relative_power,exploratory,-0.0863128909652373
lab_subject_19,dataset_b,raw_post_minus_pre,inline_early__minus__inline_late,inline_early,inline_late,beta_relative_power,exploratory,-0.2051798817022912
lab_subject_2,dataset_b,raw_post_minus_pre,inline_early__minus__inline_late,inline_early,inline_late,beta_relative_power,exploratory,0.12797920040067357
lab_subject_3,dataset_b,raw_post_minus_pre,inline_early__minus__inline_late,inline_early,inline_late,beta_relative_power,exploratory,-0.05757255854369092
lab_subject_5,dataset_b,raw_post_minus_pre,inline_early__minus__inline_late,inline_early,inline_late,beta_relative_power,exploratory,0.011487087865169415
lab_subject_6,dataset_b,raw_post_minus_pre,inline_early__minus__inline_late,inline_early,inline_late,beta_relative_power,exploratory,-0.082956711952819
lab_subject_7,dataset_b,raw_post_minus_pre,inline_early__minus__inline_late,inline_early,inline_late,beta_relative_power,exploratory,0.23823470795137283
lab_subject_8,dataset_b,raw_post_minus_pre,inline_early__minus__inline_late,inline_early,inline_late,beta_relative_power,exploratory,0.10721315964366496
lab_subject_9,dataset_b,raw_post_minus_pre,inline_early__minus__inline_late,inline_early,inline_late,beta_relative_power,exploratory,-0.0905730939692603
lab_subject_1,dataset_b,raw_post_minus_pre,inline_early__minus__block_early,inline_early,block_early,beta_relative_power,exploratory,0.19421425286357397
lab_subject_10,dataset_b,raw_post_minus_pre,inline_early__minus__block_early,inline_early,block_early,beta_relative_power,exploratory,-0.03953157262279239
lab_subject_11,dataset_b,raw_post_minus_pre,inline_early__minus__block_early,inline_early,block_early,beta_relative_power,exploratory,0.06970387847504778
lab_subject_12,dataset_b,raw_post_minus_pre,inline_early__minus__block_early,inline_early,block_early,beta_relative_power,exploratory,0.17128205398901847
lab_subject_13,dataset_b,raw_post_minus_pre,inline_early__minus__block_early,inline_early,block_early,beta_relative_power,exploratory,0.08444223546718353
lab_subject_14,dataset_b,raw_post_minus_pre,inline_early__minus__block_early,inline_early,block_early,beta_relative_power,exploratory,0.052174922907424454
lab_subject_15,dataset_b,raw_post_minus_pre,inline_early__minus__block_early,inline_early,block_early,beta_relative_power,exploratory,0.2056747938650771
lab_subject_16,dataset_b,raw_post_minus_pre,inline_early__minus__block_early,inline_early,block_early,beta_relative_power,exploratory,0.11994277990215098
lab_subject_17,dataset_b,raw_post_minus_pre,inline_early__minus__block_early,inline_early,block_early,beta_relative_power,exploratory,-0.06267024693574544
lab_subject_18,dataset_b,raw_post_minus_pre,inline_early__minus__block_early,inline_early,block_early,beta_relative_power,exploratory,-0.014072225835413593
lab_subject_19,dataset_b,raw_post_minus_pre,inline_early__minus__block_early,inline_early,block_early,beta_relative_power,exploratory,0.04681963055686987
lab_subject_2,dataset_b,raw_post_minus_pre,inline_early__minus__block_early,inline_early,block_early,beta_relative_power,exploratory,0.257251372683284
lab_subject_3,dataset_b,raw_post_minus_pre,inline_early__minus__block_early,inline_early,block_early,beta_relative_power,exploratory,-0.0620554994794411
lab_subject_5,dataset_b,raw_post_minus_pre,inline_early__minus__block_early,inline_early,block_early,beta_relative_power,exploratory,-0.0003937136390413376
lab_subject_6,dataset_b,raw_post_minus_pre,inline_early__minus__block_early,inline_early,block_early,beta_relative_power,exploratory,-0.18437287109063594
lab_subject_7,dataset_b,raw_post_minus_pre,inline_early__minus__block_early,inline_early,block_early,beta_relative_power,exploratory,0.1045308361821719
lab_subject_8,dataset_b,raw_post_minus_pre,inline_early__minus__block_early,inline_early,block_early,beta_relative_power,exploratory,0.029902107216929652
lab_subject_9,dataset_b,raw_post_minus_pre,inline_early__minus__block_early,inline_early,block_early,beta_relative_power,exploratory,0.03783845465878071
lab_subject_1,dataset_b,raw_post_minus_pre,inline_early__minus__block_late,inline_early,block_late,beta_relative_power,exploratory,0.22633247266621706
lab_subject_10,dataset_b,raw_post_minus_pre,inline_early__minus__block_late,inline_early,block_late,beta_relative_power,exploratory,0.005569743117198447
lab_subject_11,dataset_b,raw_post_minus_pre,inline_early__minus__block_late,inline_early,block_late,beta_relative_power,exploratory,0.18514310006558016
lab_subject_12,dataset_b,raw_post_minus_pre,inline_early__minus__block_late,inline_early,block_late,beta_relative_power,exploratory,0.23585646407379407
lab_subject_13,dataset_b,raw_post_minus_pre,inline_early__minus__block_late,inline_early,block_late,beta_relative_power,exploratory,0.11696032201394457
lab_subject_14,dataset_b,raw_post_minus_pre,inline_early__minus__block_late,inline_early,block_late,beta_relative_power,exploratory,0.013103321612468913
lab_subject_15,dataset_b,raw_post_minus_pre,inline_early__minus__block_late,inline_early,block_late,beta_relative_power,exploratory,0.19204275518284875
lab_subject_16,dataset_b,raw_post_minus_pre,inline_early__minus__block_late,inline_early,block_late,beta_relative_power,exploratory,0.17748392142728098
lab_subject_17,dataset_b,raw_post_minus_pre,inline_early__minus__block_late,inline_early,block_late,beta_relative_power,exploratory,-0.07127469497149605
lab_subject_18,dataset_b,raw_post_minus_pre,inline_early__minus__block_late,inline_early,block_late,beta_relative_power,exploratory,-0.0344597813226888
lab_subject_19,dataset_b,raw_post_minus_pre,inline_early__minus__block_late,inline_early,block_late,beta_relative_power,exploratory,-0.03223587339812485
lab_subject_2,dataset_b,raw_post_minus_pre,inline_early__minus__block_late,inline_early,block_late,beta_relative_power,exploratory,0.016991088343020766
lab_subject_3,dataset_b,raw_post_minus_pre,inline_early__minus__block_late,inline_early,block_late,beta_relative_power,exploratory,0.02059868776127266
lab_subject_5,dataset_b,raw_post_minus_pre,inline_early__minus__block_late,inline_early,block_late,beta_relative_power,exploratory,-0.1478711350781755
lab_subject_6,dataset_b,raw_post_minus_pre,inline_early__minus__block_late,inline_early,block_late,beta_relative_power,exploratory,-0.02968509620120796
lab_subject_7,dataset_b,raw_post_minus_pre,inline_early__minus__block_late,inline_early,block_late,beta_relative_power,exploratory,0.002615244573363651
lab_subject_8,dataset_b,raw_post_minus_pre,inline_early__minus__block_late,inline_early,block_late,beta_relative_power,exploratory,0.06157713839855117
lab_subject_9,dataset_b,raw_post_minus_pre,inline_early__minus__block_late,inline_early,block_late,beta_relative_power,exploratory,-0.15484068523760522
lab_subject_1,dataset_b,raw_post_minus_pre,inline_late__minus__block_early,inline_late,block_early,beta_relative_power,exploratory,0.1683635488429193
lab_subject_10,dataset_b,raw_post_minus_pre,inline_late__minus__block_early,inline_late,block_early,beta_relative_power,exploratory,-0.023307001117886417
lab_subject_11,dataset_b,raw_post_minus_pre,inline_late__minus__block_early,inline_late,block_early,beta_relative_power,exploratory,0.022120442658687164
lab_subject_12,dataset_b,raw_post_minus_pre,inline_late__minus__block_early,inline_late,block_early,beta_relative_power,exploratory,-0.039759277735027465
lab_subject_13,dataset_b,raw_post_minus_pre,inline_late__minus__block_early,inline_late,block_early,beta_relative_power,exploratory,0.03242732937325561
lab_subject_14,dataset_b,raw_post_minus_pre,inline_late__minus__block_early,inline_late,block_early,beta_relative_power,exploratory,0.022913029132738072
lab_subject_15,dataset_b,raw_post_minus_pre,inline_late__minus__block_early,inline_late,block_early,beta_relative_power,exploratory,0.015459224893133741
lab_subject_16,dataset_b,raw_post_minus_pre,inline_late__minus__block_early,inline_late,block_early,beta_relative_power,exploratory,0.24896290827684664
lab_subject_17,dataset_b,raw_post_minus_pre,inline_late__minus__block_early,inline_late,block_early,beta_relative_power,exploratory,-0.12339344983071307
lab_subject_18,dataset_b,raw_post_minus_pre,inline_late__minus__block_early,inline_late,block_early,beta_relative_power,exploratory,0.0722406651298237
lab_subject_19,dataset_b,raw_post_minus_pre,inline_late__minus__block_early,inline_late,block_early,beta_relative_power,exploratory,0.25199951225916106
lab_subject_2,dataset_b,raw_post_minus_pre,inline_late__minus__block_early,inline_late,block_early,beta_relative_power,exploratory,0.1292721722826104
lab_subject_3,dataset_b,raw_post_minus_pre,inline_late__minus__block_early,inline_late,block_early,beta_relative_power,exploratory,-0.0044829409357501765
lab_subject_5,dataset_b,raw_post_minus_pre,inline_late__minus__block_early,inline_late,block_early,beta_relative_power,exploratory,-0.011880801504210753
lab_subject_6,dataset_b,raw_post_minus_pre,inline_late__minus__block_early,inline_late,block_early,beta_relative_power,exploratory,-0.10141615913781693
lab_subject_7,dataset_b,raw_post_minus_pre,inline_late__minus__block_early,inline_late,block_early,beta_relative_power,exploratory,-0.13370387176920093
lab_subject_8,dataset_b,raw_post_minus_pre,inline_late__minus__block_early,inline_late,block_early,beta_relative_power,exploratory,-0.0773110524267353
lab_subject_9,dataset_b,raw_post_minus_pre,inline_late__minus__block_early,inline_late,block_early,beta_relative_power,exploratory,0.12841154862804102
lab_subject_1,dataset_b,raw_post_minus_pre,inline_late__minus__block_late,inline_late,block_late,beta_relative_power,exploratory,0.20048176864556239
lab_subject_10,dataset_b,raw_post_minus_pre,inline_late__minus__block_late,inline_late,block_late,beta_relative_power,exploratory,0.02179431462210442
lab_subject_11,dataset_b,raw_post_minus_pre,inline_late__minus__block_late,inline_late,block_late,beta_relative_power,exploratory,0.13755966424921956
lab_subject_12,dataset_b,raw_post_minus_pre,inline_late__minus__block_late,inline_late,block_late,beta_relative_power,exploratory,0.024815132349748137
lab_subject_13,dataset_b,raw_post_minus_pre,inline_late__minus__block_late,inline_late,block_late,beta_relative_power,exploratory,0.06494541592001665
lab_subject_14,dataset_b,raw_post_minus_pre,inline_late__minus__block_late,inline_late,block_late,beta_relative_power,exploratory,-0.01615857216221747
lab_subject_15,dataset_b,raw_post_minus_pre,inline_late__minus__block_late,inline_late,block_late,beta_relative_power,exploratory,0.001827186210905385
lab_subject_16,dataset_b,raw_post_minus_pre,inline_late__minus__block_late,inline_late,block_late,beta_relative_power,exploratory,0.30650404980197665
lab_subject_17,dataset_b,raw_post_minus_pre,inline_late__minus__block_late,inline_late,block_late,beta_relative_power,exploratory,-0.13199789786646368
lab_subject_18,dataset_b,raw_post_minus_pre,inline_late__minus__block_late,inline_late,block_late,beta_relative_power,exploratory,0.051853109642548495
lab_subject_19,dataset_b,raw_post_minus_pre,inline_late__minus__block_late,inline_late,block_late,beta_relative_power,exploratory,0.17294400830416634
lab_subject_2,dataset_b,raw_post_minus_pre,inline_late__minus__block_late,inline_late,block_late,beta_relative_power,exploratory,-0.11098811205765281
lab_subject_3,dataset_b,raw_post_minus_pre,inline_late__minus__block_late,inline_late,block_late,beta_relative_power,exploratory,0.07817124630496358
lab_subject_5,dataset_b,raw_post_minus_pre,inline_late__minus__block_late,inline_late,block_late,beta_relative_power,exploratory,-0.15935822294334495
lab_subject_6,dataset_b,raw_post_minus_pre,inline_late__minus__block_late,inline_late,block_late,beta_relative_power,exploratory,0.053271615751611046
lab_subject_7,dataset_b,raw_post_minus_pre,inline_late__minus__block_late,inline_late,block_late,beta_relative_power,exploratory,-0.23561946337800918
lab_subject_8,dataset_b,raw_post_minus_pre,inline_late__minus__block_late,inline_late,block_late,beta_relative_power,exploratory,-0.04563602124511379
lab_subject_9,dataset_b,raw_post_minus_pre,inline_late__minus__block_late,inline_late,block_late,beta_relative_power,exploratory,-0.06426759126834491
lab_subject_1,dataset_b,raw_post_minus_pre,block_early__minus__block_late,block_early,block_late,beta_relative_power,exploratory,0.032118219802643094
lab_subject_10,dataset_b,raw_post_minus_pre,block_early__minus__block_late,block_early,block_late,beta_relative_power,exploratory,0.045101315739990835
lab_subject_11,dataset_b,raw_post_minus_pre,block_early__minus__block_late,block_early,block_late,beta_relative_power,exploratory,0.11543922159053238
lab_subject_12,dataset_b,raw_post_minus_pre,block_early__minus__block_late,block_early,block_late,beta_relative_power,exploratory,0.0645744100847756
lab_subject_13,dataset_b,raw_post_minus_pre,block_early__minus__block_late,block_early,block_late,beta_relative_power,exploratory,0.03251808654676104
lab_subject_14,dataset_b,raw_post_minus_pre,block_early__minus__block_late,block_early,block_late,beta_relative_power,exploratory,-0.039071601294955544
lab_subject_15,dataset_b,raw_post_minus_pre,block_early__minus__block_late,block_early,block_late,beta_relative_power,exploratory,-0.013632038682228356
lab_subject_16,dataset_b,raw_post_minus_pre,block_early__minus__block_late,block_early,block_late,beta_relative_power,exploratory,0.05754114152513
lab_subject_17,dataset_b,raw_post_minus_pre,block_early__minus__block_late,block_early,block_late,beta_relative_power,exploratory,-0.008604448035750611
lab_subject_18,dataset_b,raw_post_minus_pre,block_early__minus__block_late,block_early,block_late,beta_relative_power,exploratory,-0.020387555487275208
lab_subject_19,dataset_b,raw_post_minus_pre,block_early__minus__block_late,block_early,block_late,beta_relative_power,exploratory,-0.07905550395499472
lab_subject_2,dataset_b,raw_post_minus_pre,block_early__minus__block_late,block_early,block_late,beta_relative_power,exploratory,-0.24026028434026322
lab_subject_3,dataset_b,raw_post_minus_pre,block_early__minus__block_late,block_early,block_late,beta_relative_power,exploratory,0.08265418724071376
lab_subject_5,dataset_b,raw_post_minus_pre,block_early__minus__block_late,block_early,block_late,beta_relative_power,exploratory,-0.14747742143913417
lab_subject_6,dataset_b,raw_post_minus_pre,block_early__minus__block_late,block_early,block_late,beta_relative_power,exploratory,0.15468777488942798
lab_subject_7,dataset_b,raw_post_minus_pre,block_early__minus__block_late,block_early,block_late,beta_relative_power,exploratory,-0.10191559160880825
lab_subject_8,dataset_b,raw_post_minus_pre,block_early__minus__block_late,block_early,block_late,beta_relative_power,exploratory,0.031675031181621516
lab_subject_9,dataset_b,raw_post_minus_pre,block_early__minus__block_late,block_early,block_late,beta_relative_power,exploratory,-0.19267913989638594
lab_subject_1,dataset_b,delta_matched_control,inline_early__minus__inline_late,inline_early,inline_late,gamma_relative_power,exploratory,0.1636380733000895
lab_subject_10,dataset_b,delta_matched_control,inline_early__minus__inline_late,inline_early,inline_late,gamma_relative_power,exploratory,0.1550796967908453
lab_subject_11,dataset_b,delta_matched_control,inline_early__minus__inline_late,inline_early,inline_late,gamma_relative_power,exploratory,-0.018014906730604394
lab_subject_12,dataset_b,delta_matched_control,inline_early__minus__inline_late,inline_early,inline_late,gamma_relative_power,exploratory,-0.01710496419378602
lab_subject_13,dataset_b,delta_matched_control,inline_early__minus__inline_late,inline_early,inline_late,gamma_relative_power,exploratory,0.007303402020867003
lab_subject_14,dataset_b,delta_matched_control,inline_early__minus__inline_late,inline_early,inline_late,gamma_relative_power,exploratory,0.022916395396855638
lab_subject_15,dataset_b,delta_matched_control,inline_early__minus__inline_late,inline_early,inline_late,gamma_relative_power,exploratory,0.13081420353609685
lab_subject_16,dataset_b,delta_matched_control,inline_early__minus__inline_late,inline_early,inline_late,gamma_relative_power,exploratory,-0.0886399315046841
lab_subject_17,dataset_b,delta_matched_control,inline_early__minus__inline_late,inline_early,inline_late,gamma_relative_power,exploratory,0.01183283643499082
lab_subject_18,dataset_b,delta_matched_control,inline_early__minus__inline_late,inline_early,inline_late,gamma_relative_power,exploratory,-0.05617414765120769
lab_subject_19,dataset_b,delta_matched_control,inline_early__minus__inline_late,inline_early,inline_late,gamma_relative_power,exploratory,-0.031986675666882354
lab_subject_2,dataset_b,delta_matched_control,inline_early__minus__inline_late,inline_early,inline_late,gamma_relative_power,exploratory,0.005532748941973715
lab_subject_3,dataset_b,delta_matched_control,inline_early__minus__inline_late,inline_early,inline_late,gamma_relative_power,exploratory,-0.015402237240434387
lab_subject_5,dataset_b,delta_matched_control,inline_early__minus__inline_late,inline_early,inline_late,gamma_relative_power,exploratory,-0.04482852366661867
lab_subject_6,dataset_b,delta_matched_control,inline_early__minus__inline_late,inline_early,inline_late,gamma_relative_power,exploratory,0.0008533604761476708
lab_subject_7,dataset_b,delta_matched_control,inline_early__minus__inline_late,inline_early,inline_late,gamma_relative_power,exploratory,0.12131089338321102
lab_subject_8,dataset_b,delta_matched_control,inline_early__minus__inline_late,inline_early,inline_late,gamma_relative_power,exploratory,0.003671273830949128
lab_subject_9,dataset_b,delta_matched_control,inline_early__minus__inline_late,inline_early,inline_late,gamma_relative_power,exploratory,0.032851813260221706
lab_subject_1,dataset_b,delta_matched_control,inline_early__minus__block_early,inline_early,block_early,gamma_relative_power,exploratory,0.02804426756891333
lab_subject_10,dataset_b,delta_matched_control,inline_early__minus__block_early,inline_early,block_early,gamma_relative_power,exploratory,-0.019622447159683837
lab_subject_11,dataset_b,delta_matched_control,inline_early__minus__block_early,inline_early,block_early,gamma_relative_power,exploratory,0.03282671291063811
lab_subject_12,dataset_b,delta_matched_control,inline_early__minus__block_early,inline_early,block_early,gamma_relative_power,exploratory,0.04825539160522903
lab_subject_13,dataset_b,delta_matched_control,inline_early__minus__block_early,inline_early,block_early,gamma_relative_power,exploratory,0.01689590534746028
lab_subject_14,dataset_b,delta_matched_control,inline_early__minus__block_early,inline_early,block_early,gamma_relative_power,exploratory,0.006075273142124887
lab_subject_15,dataset_b,delta_matched_control,inline_early__minus__block_early,inline_early,block_early,gamma_relative_power,exploratory,0.1538377970311694
lab_subject_16,dataset_b,delta_matched_control,inline_early__minus__block_early,inline_early,block_early,gamma_relative_power,exploratory,-0.018963880208231615
lab_subject_17,dataset_b,delta_matched_control,inline_early__minus__block_early,inline_early,block_early,gamma_relative_power,exploratory,-0.03429973471462375
lab_subject_18,dataset_b,delta_matched_control,inline_early__minus__block_early,inline_early,block_early,gamma_relative_power,exploratory,-0.05849813745627616
lab_subject_19,dataset_b,delta_matched_control,inline_early__minus__block_early,inline_early,block_early,gamma_relative_power,exploratory,0.018907704957951597
lab_subject_2,dataset_b,delta_matched_control,inline_early__minus__block_early,inline_early,block_early,gamma_relative_power,exploratory,0.04312915560215004
lab_subject_3,dataset_b,delta_matched_control,inline_early__minus__block_early,inline_early,block_early,gamma_relative_power,exploratory,0.0293116759881732
lab_subject_5,dataset_b,delta_matched_control,inline_early__minus__block_early,inline_early,block_early,gamma_relative_power,exploratory,-0.045622635550471406
lab_subject_6,dataset_b,delta_matched_control,inline_early__minus__block_early,inline_early,block_early,gamma_relative_power,exploratory,-0.010512823344565582
lab_subject_7,dataset_b,delta_matched_control,inline_early__minus__block_early,inline_early,block_early,gamma_relative_power,exploratory,0.05275782251065121
lab_subject_8,dataset_b,delta_matched_control,inline_early__minus__block_early,inline_early,block_early,gamma_relative_power,exploratory,-0.03110349270595865
lab_subject_9,dataset_b,delta_matched_control,inline_early__minus__block_early,inline_early,block_early,gamma_relative_power,exploratory,0.014002335788138965
lab_subject_1,dataset_b,delta_matched_control,inline_early__minus__block_late,inline_early,block_late,gamma_relative_power,exploratory,0.07208364978453499
lab_subject_10,dataset_b,delta_matched_control,inline_early__minus__block_late,inline_early,block_late,gamma_relative_power,exploratory,0.10389651502740713
lab_subject_11,dataset_b,delta_matched_control,inline_early__minus__block_late,inline_early,block_late,gamma_relative_power,exploratory,0.003825765928837682
lab_subject_12,dataset_b,delta_matched_control,inline_early__minus__block_late,inline_early,block_late,gamma_relative_power,exploratory,-0.017513544093465717
lab_subject_13,dataset_b,delta_matched_control,inline_early__minus__block_late,inline_early,block_late,gamma_relative_power,exploratory,0.021502754825904677
lab_subject_14,dataset_b,delta_matched_control,inline_early__minus__block_late,inline_early,block_late,gamma_relative_power,exploratory,-0.005133027652844929
lab_subject_15,dataset_b,delta_matched_control,inline_early__minus__block_late,inline_early,block_late,gamma_relative_power,exploratory,0.12489265756667649
lab_subject_16,dataset_b,delta_matched_control,inline_early__minus__block_late,inline_early,block_late,gamma_relative_power,exploratory,0.05945902439495508
lab_subject_17,dataset_b,delta_matched_control,inline_early__minus__block_late,inline_early,block_late,gamma_relative_power,exploratory,-0.03842512148501834
lab_subject_18,dataset_b,delta_matched_control,inline_early__minus__block_late,inline_early,block_late,gamma_relative_power,exploratory,0.07553723982777649
lab_subject_19,dataset_b,delta_matched_control,inline_early__minus__block_late,inline_early,block_late,gamma_relative_power,exploratory,0.001355047069345118
lab_subject_2,dataset_b,delta_matched_control,inline_early__minus__block_late,inline_early,block_late,gamma_relative_power,exploratory,-0.022408207013368476
lab_subject_3,dataset_b,delta_matched_control,inline_early__minus__block_late,inline_early,block_late,gamma_relative_power,exploratory,0.010043016838188708
lab_subject_5,dataset_b,delta_matched_control,inline_early__minus__block_late,inline_early,block_late,gamma_relative_power,exploratory,-0.11673034294305112
lab_subject_6,dataset_b,delta_matched_control,inline_early__minus__block_late,inline_early,block_late,gamma_relative_power,exploratory,0.020932602256548534
lab_subject_7,dataset_b,delta_matched_control,inline_early__minus__block_late,inline_early,block_late,gamma_relative_power,exploratory,0.01651987646320252
lab_subject_8,dataset_b,delta_matched_control,inline_early__minus__block_late,inline_early,block_late,gamma_relative_power,exploratory,0.00047480006298240666
lab_subject_9,dataset_b,delta_matched_control,inline_early__minus__block_late,inline_early,block_late,gamma_relative_power,exploratory,-0.023101634557211218
lab_subject_1,dataset_b,delta_matched_control,inline_late__minus__block_early,inline_late,block_early,gamma_relative_power,exploratory,-0.1355938057311762
lab_subject_10,dataset_b,delta_matched_control,inline_late__minus__block_early,inline_late,block_early,gamma_relative_power,exploratory,-0.17470214395052913
lab_subject_11,dataset_b,delta_matched_control,inline_late__minus__block_early,inline_late,block_early,gamma_relative_power,exploratory,0.0508416196412425
lab_subject_12,dataset_b,delta_matched_control,inline_late__minus__block_early,inline_late,block_early,gamma_relative_power,exploratory,0.06536035579901504
lab_subject_13,dataset_b,delta_matched_control,inline_late__minus__block_early,inline_late,block_early,gamma_relative_power,exploratory,0.009592503326593275
lab_subject_14,dataset_b,delta_matched_control,inline_late__minus__block_early,inline_late,block_early,gamma_relative_power,exploratory,-0.01684112225473075
lab_subject_15,dataset_b,delta_matched_control,inline_late__minus__block_early,inline_late,block_early,gamma_relative_power,exploratory,0.023023593495072533
lab_subject_16,dataset_b,delta_matched_control,inline_late__minus__block_early,inline_late,block_early,gamma_relative_power,exploratory,0.06967605129645249
lab_subject_17,dataset_b,delta_matched_control,inline_late__minus__block_early,inline_late,block_early,gamma_relative_power,exploratory,-0.04613257114961457
lab_subject_18,dataset_b,delta_matched_control,inline_late__minus__block_early,inline_late,block_early,gamma_relative_power,exploratory,-0.0023239898050684688
lab_subject_19,dataset_b,delta_matched_control,inline_late__minus__block_early,inline_late,block_early,gamma_relative_power,exploratory,0.05089438062483395
lab_subject_2,dataset_b,delta_matched_control,inline_late__minus__block_early,inline_late,block_early,gamma_relative_power,exploratory,0.03759640666017633
lab_subject_3,dataset_b,delta_matched_control,inline_late__minus__block_early,inline_late,block_early,gamma_relative_power,exploratory,0.044713913228607585
lab_subject_5,dataset_b,delta_matched_control,inline_late__minus__block_early,inline_late,block_early,gamma_relative_power,exploratory,-0.0007941118838527376
lab_subject_6,dataset_b,delta_matched_control,inline_late__minus__block_early,inline_late,block_early,gamma_relative_power,exploratory,-0.011366183820713253
lab_subject_7,dataset_b,delta_matched_control,inline_late__minus__block_early,inline_late,block_early,gamma_relative_power,exploratory,-0.06855307087255981
lab_subject_8,dataset_b,delta_matched_control,inline_late__minus__block_early,inline_late,block_early,gamma_relative_power,exploratory,-0.03477476653690778
lab_subject_9,dataset_b,delta_matched_control,inline_late__minus__block_early,inline_late,block_early,gamma_relative_power,exploratory,-0.01884947747208274
lab_subject_1,dataset_b,delta_matched_control,inline_late__minus__block_late,inline_late,block_late,gamma_relative_power,exploratory,-0.09155442351555453
lab_subject_10,dataset_b,delta_matched_control,inline_late__minus__block_late,inline_late,block_late,gamma_relative_power,exploratory,-0.05118318176343817
lab_subject_11,dataset_b,delta_matched_control,inline_late__minus__block_late,inline_late,block_late,gamma_relative_power,exploratory,0.021840672659442076
lab_subject_12,dataset_b,delta_matched_control,inline_late__minus__block_late,inline_late,block_late,gamma_relative_power,exploratory,-0.000408579899679698
lab_subject_13,dataset_b,delta_matched_control,inline_late__minus__block_late,inline_late,block_late,gamma_relative_power,exploratory,0.014199352805037674
lab_subject_14,dataset_b,delta_matched_control,inline_late__minus__block_late,inline_late,block_late,gamma_relative_power,exploratory,-0.028049423049700567
lab_subject_15,dataset_b,delta_matched_control,inline_late__minus__block_late,inline_late,block_late,gamma_relative_power,exploratory,-0.00592154596942036
lab_subject_16,dataset_b,delta_matched_control,inline_late__minus__block_late,inline_late,block_late,gamma_relative_power,exploratory,0.14809895589963917
lab_subject_17,dataset_b,delta_matched_control,inline_late__minus__block_late,inline_late,block_late,gamma_relative_power,exploratory,-0.05025795792000916
lab_subject_18,dataset_b,delta_matched_control,inline_late__minus__block_late,inline_late,block_late,gamma_relative_power,exploratory,0.1317113874789842
lab_subject_19,dataset_b,delta_matched_control,inline_late__minus__block_late,inline_late,block_late,gamma_relative_power,exploratory,0.03334172273622747
lab_subject_2,dataset_b,delta_matched_control,inline_late__minus__block_late,inline_late,block_late,gamma_relative_power,exploratory,-0.02794095595534219
lab_subject_3,dataset_b,delta_matched_control,inline_late__minus__block_late,inline_late,block_late,gamma_relative_power,exploratory,0.025445254078623095
lab_subject_5,dataset_b,delta_matched_control,inline_late__minus__block_late,inline_late,block_late,gamma_relative_power,exploratory,-0.07190181927643247
lab_subject_6,dataset_b,delta_matched_control,inline_late__minus__block_late,inline_late,block_late,gamma_relative_power,exploratory,0.020079241780400863
lab_subject_7,dataset_b,delta_matched_control,inline_late__minus__block_late,inline_late,block_late,gamma_relative_power,exploratory,-0.1047910169200085
lab_subject_8,dataset_b,delta_matched_control,inline_late__minus__block_late,inline_late,block_late,gamma_relative_power,exploratory,-0.0031964737679667215
lab_subject_9,dataset_b,delta_matched_control,inline_late__minus__block_late,inline_late,block_late,gamma_relative_power,exploratory,-0.05595344781743292
lab_subject_1,dataset_b,delta_matched_control,block_early__minus__block_late,block_early,block_late,gamma_relative_power,exploratory,0.04403938221562166
lab_subject_10,dataset_b,delta_matched_control,block_early__minus__block_late,block_early,block_late,gamma_relative_power,exploratory,0.12351896218709096
lab_subject_11,dataset_b,delta_matched_control,block_early__minus__block_late,block_early,block_late,gamma_relative_power,exploratory,-0.029000946981800425
lab_subject_12,dataset_b,delta_matched_control,block_early__minus__block_late,block_early,block_late,gamma_relative_power,exploratory,-0.06576893569869474
lab_subject_13,dataset_b,delta_matched_control,block_early__minus__block_late,block_early,block_late,gamma_relative_power,exploratory,0.004606849478444398
lab_subject_14,dataset_b,delta_matched_control,block_early__minus__block_late,block_early,block_late,gamma_relative_power,exploratory,-0.011208300794969817
lab_subject_15,dataset_b,delta_matched_control,block_early__minus__block_late,block_early,block_late,gamma_relative_power,exploratory,-0.028945139464492894
lab_subject_16,dataset_b,delta_matched_control,block_early__minus__block_late,block_early,block_late,gamma_relative_power,exploratory,0.0784229046031867
lab_subject_17,dataset_b,delta_matched_control,block_early__minus__block_late,block_early,block_late,gamma_relative_power,exploratory,-0.00412538677039459
lab_subject_18,dataset_b,delta_matched_control,block_early__minus__block_late,block_early,block_late,gamma_relative_power,exploratory,0.13403537728405265
lab_subject_19,dataset_b,delta_matched_control,block_early__minus__block_late,block_early,block_late,gamma_relative_power,exploratory,-0.01755265788860648
lab_subject_2,dataset_b,delta_matched_control,block_early__minus__block_late,block_early,block_late,gamma_relative_power,exploratory,-0.06553736261551851
lab_subject_3,dataset_b,delta_matched_control,block_early__minus__block_late,block_early,block_late,gamma_relative_power,exploratory,-0.01926865914998449
lab_subject_5,dataset_b,delta_matched_control,block_early__minus__block_late,block_early,block_late,gamma_relative_power,exploratory,-0.07110770739257972
lab_subject_6,dataset_b,delta_matched_control,block_early__minus__block_late,block_early,block_late,gamma_relative_power,exploratory,0.031445425601114116
lab_subject_7,dataset_b,delta_matched_control,block_early__minus__block_late,block_early,block_late,gamma_relative_power,exploratory,-0.03623794604744869
lab_subject_8,dataset_b,delta_matched_control,block_early__minus__block_late,block_early,block_late,gamma_relative_power,exploratory,0.03157829276894106
lab_subject_9,dataset_b,delta_matched_control,block_early__minus__block_late,block_early,block_late,gamma_relative_power,exploratory,-0.03710397034535018
lab_subject_1,dataset_b,raw_post_minus_pre,inline_early__minus__inline_late,inline_early,inline_late,gamma_relative_power,exploratory,0.1597283665827493
lab_subject_10,dataset_b,raw_post_minus_pre,inline_early__minus__inline_late,inline_early,inline_late,gamma_relative_power,exploratory,0.04684339552115097
lab_subject_11,dataset_b,raw_post_minus_pre,inline_early__minus__inline_late,inline_early,inline_late,gamma_relative_power,exploratory,0.0047274884301013054
lab_subject_12,dataset_b,raw_post_minus_pre,inline_early__minus__inline_late,inline_early,inline_late,gamma_relative_power,exploratory,0.04180500455834376
lab_subject_13,dataset_b,raw_post_minus_pre,inline_early__minus__inline_late,inline_early,inline_late,gamma_relative_power,exploratory,0.03717293957080449
lab_subject_14,dataset_b,raw_post_minus_pre,inline_early__minus__inline_late,inline_early,inline_late,gamma_relative_power,exploratory,0.03028656064872629
lab_subject_15,dataset_b,raw_post_minus_pre,inline_early__minus__inline_late,inline_early,inline_late,gamma_relative_power,exploratory,0.12738687779501826
lab_subject_16,dataset_b,raw_post_minus_pre,inline_early__minus__inline_late,inline_early,inline_late,gamma_relative_power,exploratory,-0.12912386392506991
lab_subject_17,dataset_b,raw_post_minus_pre,inline_early__minus__inline_late,inline_early,inline_late,gamma_relative_power,exploratory,0.0055076666973683935
lab_subject_18,dataset_b,raw_post_minus_pre,inline_early__minus__inline_late,inline_early,inline_late,gamma_relative_power,exploratory,-0.10370464566034401
lab_subject_19,dataset_b,raw_post_minus_pre,inline_early__minus__inline_late,inline_early,inline_late,gamma_relative_power,exploratory,-0.03622772316505718
lab_subject_2,dataset_b,raw_post_minus_pre,inline_early__minus__inline_late,inline_early,inline_late,gamma_relative_power,exploratory,0.002220620190286633
lab_subject_3,dataset_b,raw_post_minus_pre,inline_early__minus__inline_late,inline_early,inline_late,gamma_relative_power,exploratory,0.022442359432682087
lab_subject_5,dataset_b,raw_post_minus_pre,inline_early__minus__inline_late,inline_early,inline_late,gamma_relative_power,exploratory,-0.03465217180844277
lab_subject_6,dataset_b,raw_post_minus_pre,inline_early__minus__inline_late,inline_early,inline_late,gamma_relative_power,exploratory,-0.01166371498183856
lab_subject_7,dataset_b,raw_post_minus_pre,inline_early__minus__inline_late,inline_early,inline_late,gamma_relative_power,exploratory,0.11022685950828812
lab_subject_8,dataset_b,raw_post_minus_pre,inline_early__minus__inline_late,inline_early,inline_late,gamma_relative_power,exploratory,0.0014330842236170427
lab_subject_9,dataset_b,raw_post_minus_pre,inline_early__minus__inline_late,inline_early,inline_late,gamma_relative_power,exploratory,-0.036370705264676804
lab_subject_1,dataset_b,raw_post_minus_pre,inline_early__minus__block_early,inline_early,block_early,gamma_relative_power,exploratory,0.02804426756891333
lab_subject_10,dataset_b,raw_post_minus_pre,inline_early__minus__block_early,inline_early,block_early,gamma_relative_power,exploratory,-0.01962244715968385
lab_subject_11,dataset_b,raw_post_minus_pre,inline_early__minus__block_early,inline_early,block_early,gamma_relative_power,exploratory,0.03282671291063811
lab_subject_12,dataset_b,raw_post_minus_pre,inline_early__minus__block_early,inline_early,block_early,gamma_relative_power,exploratory,0.04825539160522903
lab_subject_13,dataset_b,raw_post_minus_pre,inline_early__minus__block_early,inline_early,block_early,gamma_relative_power,exploratory,0.01689590534746028
lab_subject_14,dataset_b,raw_post_minus_pre,inline_early__minus__block_early,inline_early,block_early,gamma_relative_power,exploratory,0.006075273142124877
lab_subject_15,dataset_b,raw_post_minus_pre,inline_early__minus__block_early,inline_early,block_early,gamma_relative_power,exploratory,0.1538377970311694
lab_subject_16,dataset_b,raw_post_minus_pre,inline_early__minus__block_early,inline_early,block_early,gamma_relative_power,exploratory,-0.018963880208231615
lab_subject_17,dataset_b,raw_post_minus_pre,inline_early__minus__block_early,inline_early,block_early,gamma_relative_power,exploratory,-0.03429973471462375
lab_subject_18,dataset_b,raw_post_minus_pre,inline_early__minus__block_early,inline_early,block_early,gamma_relative_power,exploratory,-0.058498137456276154
lab_subject_19,dataset_b,raw_post_minus_pre,inline_early__minus__block_early,inline_early,block_early,gamma_relative_power,exploratory,0.018907704957951597
lab_subject_2,dataset_b,raw_post_minus_pre,inline_early__minus__block_early,inline_early,block_early,gamma_relative_power,exploratory,0.04312915560215004
lab_subject_3,dataset_b,raw_post_minus_pre,inline_early__minus__block_early,inline_early,block_early,gamma_relative_power,exploratory,0.029311675988173205
lab_subject_5,dataset_b,raw_post_minus_pre,inline_early__minus__block_early,inline_early,block_early,gamma_relative_power,exploratory,-0.045622635550471406
lab_subject_6,dataset_b,raw_post_minus_pre,inline_early__minus__block_early,inline_early,block_early,gamma_relative_power,exploratory,-0.010512823344565582
lab_subject_7,dataset_b,raw_post_minus_pre,inline_early__minus__block_early,inline_early,block_early,gamma_relative_power,exploratory,0.05275782251065121
lab_subject_8,dataset_b,raw_post_minus_pre,inline_early__minus__block_early,inline_early,block_early,gamma_relative_power,exploratory,-0.03110349270595865
lab_subject_9,dataset_b,raw_post_minus_pre,inline_early__minus__block_early,inline_early,block_early,gamma_relative_power,exploratory,0.014002335788138965
lab_subject_1,dataset_b,raw_post_minus_pre,inline_early__minus__block_late,inline_early,block_late,gamma_relative_power,exploratory,0.06817394306719476
lab_subject_10,dataset_b,raw_post_minus_pre,inline_early__minus__block_late,inline_early,block_late,gamma_relative_power,exploratory,-0.004339786242287192
lab_subject_11,dataset_b,raw_post_minus_pre,inline_early__minus__block_late,inline_early,block_late,gamma_relative_power,exploratory,0.02656816108954338
lab_subject_12,dataset_b,raw_post_minus_pre,inline_early__minus__block_late,inline_early,block_late,gamma_relative_power,exploratory,0.04139642465866406
lab_subject_13,dataset_b,raw_post_minus_pre,inline_early__minus__block_late,inline_early,block_late,gamma_relative_power,exploratory,0.05137229237584216
lab_subject_14,dataset_b,raw_post_minus_pre,inline_early__minus__block_late,inline_early,block_late,gamma_relative_power,exploratory,0.0022371375990257354
lab_subject_15,dataset_b,raw_post_minus_pre,inline_early__minus__block_late,inline_early,block_late,gamma_relative_power,exploratory,0.12146533182559789
lab_subject_16,dataset_b,raw_post_minus_pre,inline_early__minus__block_late,inline_early,block_late,gamma_relative_power,exploratory,0.018975091974569286
lab_subject_17,dataset_b,raw_post_minus_pre,inline_early__minus__block_late,inline_early,block_late,gamma_relative_power,exploratory,-0.044750291222640765
lab_subject_18,dataset_b,raw_post_minus_pre,inline_early__minus__block_late,inline_early,block_late,gamma_relative_power,exploratory,0.028006741818640185
lab_subject_19,dataset_b,raw_post_minus_pre,inline_early__minus__block_late,inline_early,block_late,gamma_relative_power,exploratory,-0.0028860004288297145
lab_subject_2,dataset_b,raw_post_minus_pre,inline_early__minus__block_late,inline_early,block_late,gamma_relative_power,exploratory,-0.025720335765055558
lab_subject_3,dataset_b,raw_post_minus_pre,inline_early__minus__block_late,inline_early,block_late,gamma_relative_power,exploratory,0.047887613511305174
lab_subject_5,dataset_b,raw_post_minus_pre,inline_early__minus__block_late,inline_early,block_late,gamma_relative_power,exploratory,-0.10655399108487523
lab_subject_6,dataset_b,raw_post_minus_pre,inline_early__minus__block_late,inline_early,block_late,gamma_relative_power,exploratory,0.008415526798562306
lab_subject_7,dataset_b,raw_post_minus_pre,inline_early__minus__block_late,inline_early,block_late,gamma_relative_power,exploratory,0.005435842588279616
lab_subject_8,dataset_b,raw_post_minus_pre,inline_early__minus__block_late,inline_early,block_late,gamma_relative_power,exploratory,-0.0017633895443496805
lab_subject_9,dataset_b,raw_post_minus_pre,inline_early__minus__block_late,inline_early,block_late,gamma_relative_power,exploratory,-0.09232415308210973
lab_subject_1,dataset_b,raw_post_minus_pre,inline_late__minus__block_early,inline_late,block_early,gamma_relative_power,exploratory,-0.13168409901383596
lab_subject_10,dataset_b,raw_post_minus_pre,inline_late__minus__block_early,inline_late,block_early,gamma_relative_power,exploratory,-0.06646584268083482
lab_subject_11,dataset_b,raw_post_minus_pre,inline_late__minus__block_early,inline_late,block_early,gamma_relative_power,exploratory,0.028099224480536804
lab_subject_12,dataset_b,raw_post_minus_pre,inline_late__minus__block_early,inline_late,block_early,gamma_relative_power,exploratory,0.006450387046885268
lab_subject_13,dataset_b,raw_post_minus_pre,inline_late__minus__block_early,inline_late,block_early,gamma_relative_power,exploratory,-0.02027703422334421
lab_subject_14,dataset_b,raw_post_minus_pre,inline_late__minus__block_early,inline_late,block_early,gamma_relative_power,exploratory,-0.02421128750660141
lab_subject_15,dataset_b,raw_post_minus_pre,inline_late__minus__block_early,inline_late,block_early,gamma_relative_power,exploratory,0.026450919236151137
lab_subject_16,dataset_b,raw_post_minus_pre,inline_late__minus__block_early,inline_late,block_early,gamma_relative_power,exploratory,0.1101599837168383
lab_subject_17,dataset_b,raw_post_minus_pre,inline_late__minus__block_early,inline_late,block_early,gamma_relative_power,exploratory,-0.03980740141199214
lab_subject_18,dataset_b,raw_post_minus_pre,inline_late__minus__block_early,inline_late,block_early,gamma_relative_power,exploratory,0.045206508204067866
lab_subject_19,dataset_b,raw_post_minus_pre,inline_late__minus__block_early,inline_late,block_early,gamma_relative_power,exploratory,0.055135428123008784
lab_subject_2,dataset_b,raw_post_minus_pre,inline_late__minus__block_early,inline_late,block_early,gamma_relative_power,exploratory,0.04090853541186341
lab_subject_3,dataset_b,raw_post_minus_pre,inline_late__minus__block_early,inline_late,block_early,gamma_relative_power,exploratory,0.006869316555491119
lab_subject_5,dataset_b,raw_post_minus_pre,inline_late__minus__block_early,inline_late,block_early,gamma_relative_power,exploratory,-0.01097046374202864
lab_subject_6,dataset_b,raw_post_minus_pre,inline_late__minus__block_early,inline_late,block_early,gamma_relative_power,exploratory,0.0011508916372729786
lab_subject_7,dataset_b,raw_post_minus_pre,inline_late__minus__block_early,inline_late,block_early,gamma_relative_power,exploratory,-0.057469036997636905
lab_subject_8,dataset_b,raw_post_minus_pre,inline_late__minus__block_early,inline_late,block_early,gamma_relative_power,exploratory,-0.03253657692957569
lab_subject_9,dataset_b,raw_post_minus_pre,inline_late__minus__block_early,inline_late,block_early,gamma_relative_power,exploratory,0.05037304105281577
lab_subject_1,dataset_b,raw_post_minus_pre,inline_late__minus__block_late,inline_late,block_late,gamma_relative_power,exploratory,-0.09155442351555453
lab_subject_10,dataset_b,raw_post_minus_pre,inline_late__minus__block_late,inline_late,block_late,gamma_relative_power,exploratory,-0.05118318176343817
lab_subject_11,dataset_b,raw_post_minus_pre,inline_late__minus__block_late,inline_late,block_late,gamma_relative_power,exploratory,0.021840672659442076
lab_subject_12,dataset_b,raw_post_minus_pre,inline_late__minus__block_late,inline_late,block_late,gamma_relative_power,exploratory,-0.000408579899679698
lab_subject_13,dataset_b,raw_post_minus_pre,inline_late__minus__block_late,inline_late,block_late,gamma_relative_power,exploratory,0.014199352805037674
lab_subject_14,dataset_b,raw_post_minus_pre,inline_late__minus__block_late,inline_late,block_late,gamma_relative_power,exploratory,-0.028049423049700553
lab_subject_15,dataset_b,raw_post_minus_pre,inline_late__minus__block_late,inline_late,block_late,gamma_relative_power,exploratory,-0.0059215459694203585
lab_subject_16,dataset_b,raw_post_minus_pre,inline_late__minus__block_late,inline_late,block_late,gamma_relative_power,exploratory,0.1480989558996392
lab_subject_17,dataset_b,raw_post_minus_pre,inline_late__minus__block_late,inline_late,block_late,gamma_relative_power,exploratory,-0.05025795792000916
lab_subject_18,dataset_b,raw_post_minus_pre,inline_late__minus__block_late,inline_late,block_late,gamma_relative_power,exploratory,0.1317113874789842
lab_subject_19,dataset_b,raw_post_minus_pre,inline_late__minus__block_late,inline_late,block_late,gamma_relative_power,exploratory,0.03334172273622747
lab_subject_2,dataset_b,raw_post_minus_pre,inline_late__minus__block_late,inline_late,block_late,gamma_relative_power,exploratory,-0.02794095595534219
lab_subject_3,dataset_b,raw_post_minus_pre,inline_late__minus__block_late,inline_late,block_late,gamma_relative_power,exploratory,0.025445254078623088
lab_subject_5,dataset_b,raw_post_minus_pre,inline_late__minus__block_late,inline_late,block_late,gamma_relative_power,exploratory,-0.07190181927643247
lab_subject_6,dataset_b,raw_post_minus_pre,inline_late__minus__block_late,inline_late,block_late,gamma_relative_power,exploratory,0.020079241780400867
lab_subject_7,dataset_b,raw_post_minus_pre,inline_late__minus__block_late,inline_late,block_late,gamma_relative_power,exploratory,-0.1047910169200085
lab_subject_8,dataset_b,raw_post_minus_pre,inline_late__minus__block_late,inline_late,block_late,gamma_relative_power,exploratory,-0.0031964737679667232
lab_subject_9,dataset_b,raw_post_minus_pre,inline_late__minus__block_late,inline_late,block_late,gamma_relative_power,exploratory,-0.05595344781743292
lab_subject_1,dataset_b,raw_post_minus_pre,block_early__minus__block_late,block_early,block_late,gamma_relative_power,exploratory,0.040129675498281434
lab_subject_10,dataset_b,raw_post_minus_pre,block_early__minus__block_late,block_early,block_late,gamma_relative_power,exploratory,0.015282660917396657
lab_subject_11,dataset_b,raw_post_minus_pre,block_early__minus__block_late,block_early,block_late,gamma_relative_power,exploratory,-0.006258551821094728
lab_subject_12,dataset_b,raw_post_minus_pre,block_early__minus__block_late,block_early,block_late,gamma_relative_power,exploratory,-0.006858966946564966
lab_subject_13,dataset_b,raw_post_minus_pre,block_early__minus__block_late,block_early,block_late,gamma_relative_power,exploratory,0.034476387028381884
lab_subject_14,dataset_b,raw_post_minus_pre,block_early__minus__block_late,block_early,block_late,gamma_relative_power,exploratory,-0.0038381355430991415
lab_subject_15,dataset_b,raw_post_minus_pre,block_early__minus__block_late,block_early,block_late,gamma_relative_power,exploratory,-0.03237246520557149
lab_subject_16,dataset_b,raw_post_minus_pre,block_early__minus__block_late,block_early,block_late,gamma_relative_power,exploratory,0.0379389721828009
lab_subject_17,dataset_b,raw_post_minus_pre,block_early__minus__block_late,block_early,block_late,gamma_relative_power,exploratory,-0.010450556508017017
lab_subject_18,dataset_b,raw_post_minus_pre,block_early__minus__block_late,block_early,block_late,gamma_relative_power,exploratory,0.08650487927491635
lab_subject_19,dataset_b,raw_post_minus_pre,block_early__minus__block_late,block_early,block_late,gamma_relative_power,exploratory,-0.021793705386781312
lab_subject_2,dataset_b,raw_post_minus_pre,block_early__minus__block_late,block_early,block_late,gamma_relative_power,exploratory,-0.0688494913672056
lab_subject_3,dataset_b,raw_post_minus_pre,block_early__minus__block_late,block_early,block_late,gamma_relative_power,exploratory,0.01857593752313197
lab_subject_5,dataset_b,raw_post_minus_pre,block_early__minus__block_late,block_early,block_late,gamma_relative_power,exploratory,-0.060931355534403826
lab_subject_6,dataset_b,raw_post_minus_pre,block_early__minus__block_late,block_early,block_late,gamma_relative_power,exploratory,0.018928350143127888
lab_subject_7,dataset_b,raw_post_minus_pre,block_early__minus__block_late,block_early,block_late,gamma_relative_power,exploratory,-0.047321979922371596
lab_subject_8,dataset_b,raw_post_minus_pre,block_early__minus__block_late,block_early,block_late,gamma_relative_power,exploratory,0.02934010316160897
lab_subject_9,dataset_b,raw_post_minus_pre,block_early__minus__block_late,block_early,block_late,gamma_relative_power,exploratory,-0.10632648887024869
lab_subject_1,dataset_b,delta_matched_control,inline_early__minus__inline_late,inline_early,inline_late,engagement_beta_over_alpha_theta,exploratory,1.9089796877322478
lab_subject_10,dataset_b,delta_matched_control,inline_early__minus__inline_late,inline_early,inline_late,engagement_beta_over_alpha_theta,exploratory,2.8695567163236166
lab_subject_11,dataset_b,delta_matched_control,inline_early__minus__inline_late,inline_early,inline_late,engagement_beta_over_alpha_theta,exploratory,0.28485772110366325
lab_subject_12,dataset_b,delta_matched_control,inline_early__minus__inline_late,inline_early,inline_late,engagement_beta_over_alpha_theta,exploratory,0.23435162613629995
lab_subject_13,dataset_b,delta_matched_control,inline_early__minus__inline_late,inline_early,inline_late,engagement_beta_over_alpha_theta,exploratory,-1.3948868507011176
lab_subject_14,dataset_b,delta_matched_control,inline_early__minus__inline_late,inline_early,inline_late,engagement_beta_over_alpha_theta,exploratory,-4.028131725493693
lab_subject_15,dataset_b,delta_matched_control,inline_early__minus__inline_late,inline_early,inline_late,engagement_beta_over_alpha_theta,exploratory,0.990366289526232
lab_subject_16,dataset_b,delta_matched_control,inline_early__minus__inline_late,inline_early,inline_late,engagement_beta_over_alpha_theta,exploratory,-0.28276569757001424
lab_subject_17,dataset_b,delta_matched_control,inline_early__minus__inline_late,inline_early,inline_late,engagement_beta_over_alpha_theta,exploratory,0.4202208112904895
lab_subject_18,dataset_b,delta_matched_control,inline_early__minus__inline_late,inline_early,inline_late,engagement_beta_over_alpha_theta,exploratory,-0.7973964268481593
lab_subject_19,dataset_b,delta_matched_control,inline_early__minus__inline_late,inline_early,inline_late,engagement_beta_over_alpha_theta,exploratory,-0.49920484841077
lab_subject_2,dataset_b,delta_matched_control,inline_early__minus__inline_late,inline_early,inline_late,engagement_beta_over_alpha_theta,exploratory,5.901447878248161
lab_subject_3,dataset_b,delta_matched_control,inline_early__minus__inline_late,inline_early,inline_late,engagement_beta_over_alpha_theta,exploratory,-0.2584600576651196
lab_subject_5,dataset_b,delta_matched_control,inline_early__minus__inline_late,inline_early,inline_late,engagement_beta_over_alpha_theta,exploratory,-1.1498171227539462
lab_subject_6,dataset_b,delta_matched_control,inline_early__minus__inline_late,inline_early,inline_late,engagement_beta_over_alpha_theta,exploratory,-0.4380447951028277
lab_subject_7,dataset_b,delta_matched_control,inline_early__minus__inline_late,inline_early,inline_late,engagement_beta_over_alpha_theta,exploratory,-0.2015976276843725
lab_subject_8,dataset_b,delta_matched_control,inline_early__minus__inline_late,inline_early,inline_late,engagement_beta_over_alpha_theta,exploratory,-0.2579219433627834
lab_subject_9,dataset_b,delta_matched_control,inline_early__minus__inline_late,inline_early,inline_late,engagement_beta_over_alpha_theta,exploratory,-0.8931010162787703
lab_subject_1,dataset_b,delta_matched_control,inline_early__minus__block_early,inline_early,block_early,engagement_beta_over_alpha_theta,exploratory,0.26497143173868043
lab_subject_10,dataset_b,delta_matched_control,inline_early__minus__block_early,inline_early,block_early,engagement_beta_over_alpha_theta,exploratory,-0.05688949688107092
lab_subject_11,dataset_b,delta_matched_control,inline_early__minus__block_early,inline_early,block_early,engagement_beta_over_alpha_theta,exploratory,0.11115698196488433
lab_subject_12,dataset_b,delta_matched_control,inline_early__minus__block_early,inline_early,block_early,engagement_beta_over_alpha_theta,exploratory,0.47652052378512005
lab_subject_13,dataset_b,delta_matched_control,inline_early__minus__block_early,inline_early,block_early,engagement_beta_over_alpha_theta,exploratory,-0.2678333844162717
lab_subject_14,dataset_b,delta_matched_control,inline_early__minus__block_early,inline_early,block_early,engagement_beta_over_alpha_theta,exploratory,-0.20309968598809736
lab_subject_15,dataset_b,delta_matched_control,inline_early__minus__block_early,inline_early,block_early,engagement_beta_over_alpha_theta,exploratory,1.1450987594751891
lab_subject_16,dataset_b,delta_matched_control,inline_early__minus__block_early,inline_early,block_early,engagement_beta_over_alpha_theta,exploratory,0.25256535786232037
lab_subject_17,dataset_b,delta_matched_control,inline_early__minus__block_early,inline_early,block_early,engagement_beta_over_alpha_theta,exploratory,-0.27608587662387507
lab_subject_18,dataset_b,delta_matched_control,inline_early__minus__block_early,inline_early,block_early,engagement_beta_over_alpha_theta,exploratory,-1.113048354672971
lab_subject_19,dataset_b,delta_matched_control,inline_early__minus__block_early,inline_early,block_early,engagement_beta_over_alpha_theta,exploratory,-0.17582031424098876
lab_subject_2,dataset_b,delta_matched_control,inline_early__minus__block_early,inline_early,block_early,engagement_beta_over_alpha_theta,exploratory,6.0014191773632115
lab_subject_3,dataset_b,delta_matched_control,inline_early__minus__block_early,inline_early,block_early,engagement_beta_over_alpha_theta,exploratory,-0.14429382592015405
lab_subject_5,dataset_b,delta_matched_control,inline_early__minus__block_early,inline_early,block_early,engagement_beta_over_alpha_theta,exploratory,-1.484331246930922
lab_subject_6,dataset_b,delta_matched_control,inline_early__minus__block_early,inline_early,block_early,engagement_beta_over_alpha_theta,exploratory,-0.23107561570297974
lab_subject_7,dataset_b,delta_matched_control,inline_early__minus__block_early,inline_early,block_early,engagement_beta_over_alpha_theta,exploratory,0.2484146869304904
lab_subject_8,dataset_b,delta_matched_control,inline_early__minus__block_early,inline_early,block_early,engagement_beta_over_alpha_theta,exploratory,0.2743159616180201
lab_subject_9,dataset_b,delta_matched_control,inline_early__minus__block_early,inline_early,block_early,engagement_beta_over_alpha_theta,exploratory,0.613670309524251
lab_subject_1,dataset_b,delta_matched_control,inline_early__minus__block_late,inline_early,block_late,engagement_beta_over_alpha_theta,exploratory,0.20102186992282878
lab_subject_10,dataset_b,delta_matched_control,inline_early__minus__block_late,inline_early,block_late,engagement_beta_over_alpha_theta,exploratory,2.4221516391227946
lab_subject_11,dataset_b,delta_matched_control,inline_early__minus__block_late,inline_early,block_late,engagement_beta_over_alpha_theta,exploratory,0.3361192621093483
lab_subject_12,dataset_b,delta_matched_control,inline_early__minus__block_late,inline_early,block_late,engagement_beta_over_alpha_theta,exploratory,0.4530016333644338
lab_subject_13,dataset_b,delta_matched_control,inline_early__minus__block_late,inline_early,block_late,engagement_beta_over_alpha_theta,exploratory,-0.8996299502180122
lab_subject_14,dataset_b,delta_matched_control,inline_early__minus__block_late,inline_early,block_late,engagement_beta_over_alpha_theta,exploratory,-4.2108580944706375
lab_subject_15,dataset_b,delta_matched_control,inline_early__minus__block_late,inline_early,block_late,engagement_beta_over_alpha_theta,exploratory,0.8822029417579487
lab_subject_16,dataset_b,delta_matched_control,inline_early__minus__block_late,inline_early,block_late,engagement_beta_over_alpha_theta,exploratory,1.307740596555756
lab_subject_17,dataset_b,delta_matched_control,inline_early__minus__block_late,inline_early,block_late,engagement_beta_over_alpha_theta,exploratory,-0.4016610336739872
lab_subject_18,dataset_b,delta_matched_control,inline_early__minus__block_late,inline_early,block_late,engagement_beta_over_alpha_theta,exploratory,0.8470141029790863
lab_subject_19,dataset_b,delta_matched_control,inline_early__minus__block_late,inline_early,block_late,engagement_beta_over_alpha_theta,exploratory,0.12800848673732934
lab_subject_2,dataset_b,delta_matched_control,inline_early__minus__block_late,inline_early,block_late,engagement_beta_over_alpha_theta,exploratory,5.572317061438091
lab_subject_3,dataset_b,delta_matched_control,inline_early__minus__block_late,inline_early,block_late,engagement_beta_over_alpha_theta,exploratory,-0.3248540314053924
lab_subject_5,dataset_b,delta_matched_control,inline_early__minus__block_late,inline_early,block_late,engagement_beta_over_alpha_theta,exploratory,-1.6855380210146427
lab_subject_6,dataset_b,delta_matched_control,inline_early__minus__block_late,inline_early,block_late,engagement_beta_over_alpha_theta,exploratory,-0.3744164539900179
lab_subject_7,dataset_b,delta_matched_control,inline_early__minus__block_late,inline_early,block_late,engagement_beta_over_alpha_theta,exploratory,-1.0658108858433413
lab_subject_8,dataset_b,delta_matched_control,inline_early__minus__block_late,inline_early,block_late,engagement_beta_over_alpha_theta,exploratory,-0.1818990204721448
lab_subject_9,dataset_b,delta_matched_control,inline_early__minus__block_late,inline_early,block_late,engagement_beta_over_alpha_theta,exploratory,-0.07759576043394134
lab_subject_1,dataset_b,delta_matched_control,inline_late__minus__block_early,inline_late,block_early,engagement_beta_over_alpha_theta,exploratory,-1.6440082559935674
lab_subject_10,dataset_b,delta_matched_control,inline_late__minus__block_early,inline_late,block_early,engagement_beta_over_alpha_theta,exploratory,-2.926446213204687
lab_subject_11,dataset_b,delta_matched_control,inline_late__minus__block_early,inline_late,block_early,engagement_beta_over_alpha_theta,exploratory,-0.17370073913877893
lab_subject_12,dataset_b,delta_matched_control,inline_late__minus__block_early,inline_late,block_early,engagement_beta_over_alpha_theta,exploratory,0.2421688976488201
lab_subject_13,dataset_b,delta_matched_control,inline_late__minus__block_early,inline_late,block_early,engagement_beta_over_alpha_theta,exploratory,1.127053466284846
lab_subject_14,dataset_b,delta_matched_control,inline_late__minus__block_early,inline_late,block_early,engagement_beta_over_alpha_theta,exploratory,3.825032039505596
lab_subject_15,dataset_b,delta_matched_control,inline_late__minus__block_early,inline_late,block_early,engagement_beta_over_alpha_theta,exploratory,0.15473246994895712
lab_subject_16,dataset_b,delta_matched_control,inline_late__minus__block_early,inline_late,block_early,engagement_beta_over_alpha_theta,exploratory,0.5353310554323346
lab_subject_17,dataset_b,delta_matched_control,inline_late__minus__block_early,inline_late,block_early,engagement_beta_over_alpha_theta,exploratory,-0.6963066879143646
lab_subject_18,dataset_b,delta_matched_control,inline_late__minus__block_early,inline_late,block_early,engagement_beta_over_alpha_theta,exploratory,-0.31565192782481183
lab_subject_19,dataset_b,delta_matched_control,inline_late__minus__block_early,inline_late,block_early,engagement_beta_over_alpha_theta,exploratory,0.32338453416978125
lab_subject_2,dataset_b,delta_matched_control,inline_late__minus__block_early,inline_late,block_early,engagement_beta_over_alpha_theta,exploratory,0.0999712991150501
lab_subject_3,dataset_b,delta_matched_control,inline_late__minus__block_early,inline_late,block_early,engagement_beta_over_alpha_theta,exploratory,0.11416623174496554
lab_subject_5,dataset_b,delta_matched_control,inline_late__minus__block_early,inline_late,block_early,engagement_beta_over_alpha_theta,exploratory,-0.334514124176976
lab_subject_6,dataset_b,delta_matched_control,inline_late__minus__block_early,inline_late,block_early,engagement_beta_over_alpha_theta,exploratory,0.20696917939984794
lab_subject_7,dataset_b,delta_matched_control,inline_late__minus__block_early,inline_late,block_early,engagement_beta_over_alpha_theta,exploratory,0.4500123146148629
lab_subject_8,dataset_b,delta_matched_control,inline_late__minus__block_early,inline_late,block_early,engagement_beta_over_alpha_theta,exploratory,0.5322379049808035
lab_subject_9,dataset_b,delta_matched_control,inline_late__minus__block_early,inline_late,block_early,engagement_beta_over_alpha_theta,exploratory,1.506771325803021
lab_subject_1,dataset_b,delta_matched_control,inline_late__minus__block_late,inline_late,block_late,engagement_beta_over_alpha_theta,exploratory,-1.707957817809419
lab_subject_10,dataset_b,delta_matched_control,inline_late__minus__block_late,inline_late,block_late,engagement_beta_over_alpha_theta,exploratory,-0.447405077200822
lab_subject_11,dataset_b,delta_matched_control,inline_late__minus__block_late,inline_late,block_late,engagement_beta_over_alpha_theta,exploratory,0.05126154100568503
lab_subject_12,dataset_b,delta_matched_control,inline_late__minus__block_late,inline_late,block_late,engagement_beta_over_alpha_theta,exploratory,0.21865000722813382
lab_subject_13,dataset_b,delta_matched_control,inline_late__minus__block_late,inline_late,block_late,engagement_beta_over_alpha_theta,exploratory,0.49525690048310556
lab_subject_14,dataset_b,delta_matched_control,inline_late__minus__block_late,inline_late,block_late,engagement_beta_over_alpha_theta,exploratory,-0.18272636897694472
lab_subject_15,dataset_b,delta_matched_control,inline_late__minus__block_late,inline_late,block_late,engagement_beta_over_alpha_theta,exploratory,-0.10816334776828335
lab_subject_16,dataset_b,delta_matched_control,inline_late__minus__block_late,inline_late,block_late,engagement_beta_over_alpha_theta,exploratory,1.5905062941257704
lab_subject_17,dataset_b,delta_matched_control,inline_late__minus__block_late,inline_late,block_late,engagement_beta_over_alpha_theta,exploratory,-0.8218818449644767
lab_subject_18,dataset_b,delta_matched_control,inline_late__minus__block_late,inline_late,block_late,engagement_beta_over_alpha_theta,exploratory,1.6444105298272456
lab_subject_19,dataset_b,delta_matched_control,inline_late__minus__block_late,inline_late,block_late,engagement_beta_over_alpha_theta,exploratory,0.6272133351480993
lab_subject_2,dataset_b,delta_matched_control,inline_late__minus__block_late,inline_late,block_late,engagement_beta_over_alpha_theta,exploratory,-0.3291308168100703
lab_subject_3,dataset_b,delta_matched_control,inline_late__minus__block_late,inline_late,block_late,engagement_beta_over_alpha_theta,exploratory,-0.06639397374027278
lab_subject_5,dataset_b,delta_matched_control,inline_late__minus__block_late,inline_late,block_late,engagement_beta_over_alpha_theta,exploratory,-0.5357208982606967
lab_subject_6,dataset_b,delta_matched_control,inline_late__minus__block_late,inline_late,block_late,engagement_beta_over_alpha_theta,exploratory,0.0636283411128098
lab_subject_7,dataset_b,delta_matched_control,inline_late__minus__block_late,inline_late,block_late,engagement_beta_over_alpha_theta,exploratory,-0.8642132581589689
lab_subject_8,dataset_b,delta_matched_control,inline_late__minus__block_late,inline_late,block_late,engagement_beta_over_alpha_theta,exploratory,0.07602292289063861
lab_subject_9,dataset_b,delta_matched_control,inline_late__minus__block_late,inline_late,block_late,engagement_beta_over_alpha_theta,exploratory,0.8155052558448289
lab_subject_1,dataset_b,delta_matched_control,block_early__minus__block_late,block_early,block_late,engagement_beta_over_alpha_theta,exploratory,-0.06394956181585165
lab_subject_10,dataset_b,delta_matched_control,block_early__minus__block_late,block_early,block_late,engagement_beta_over_alpha_theta,exploratory,2.4790411360038656
lab_subject_11,dataset_b,delta_matched_control,block_early__minus__block_late,block_early,block_late,engagement_beta_over_alpha_theta,exploratory,0.22496228014446396
lab_subject_12,dataset_b,delta_matched_control,block_early__minus__block_late,block_early,block_late,engagement_beta_over_alpha_theta,exploratory,-0.023518890420686278
lab_subject_13,dataset_b,delta_matched_control,block_early__minus__block_late,block_early,block_late,engagement_beta_over_alpha_theta,exploratory,-0.6317965658017405
lab_subject_14,dataset_b,delta_matched_control,block_early__minus__block_late,block_early,block_late,engagement_beta_over_alpha_theta,exploratory,-4.00775840848254
lab_subject_15,dataset_b,delta_matched_control,block_early__minus__block_late,block_early,block_late,engagement_beta_over_alpha_theta,exploratory,-0.26289581771724047
lab_subject_16,dataset_b,delta_matched_control,block_early__minus__block_late,block_early,block_late,engagement_beta_over_alpha_theta,exploratory,1.0551752386934357
lab_subject_17,dataset_b,delta_matched_control,block_early__minus__block_late,block_early,block_late,engagement_beta_over_alpha_theta,exploratory,-0.12557515705011213
lab_subject_18,dataset_b,delta_matched_control,block_early__minus__block_late,block_early,block_late,engagement_beta_over_alpha_theta,exploratory,1.9600624576520573
lab_subject_19,dataset_b,delta_matched_control,block_early__minus__block_late,block_early,block_late,engagement_beta_over_alpha_theta,exploratory,0.3038288009783181
lab_subject_2,dataset_b,delta_matched_control,block_early__minus__block_late,block_early,block_late,engagement_beta_over_alpha_theta,exploratory,-0.4291021159251204
lab_subject_3,dataset_b,delta_matched_control,block_early__minus__block_late,block_early,block_late,engagement_beta_over_alpha_theta,exploratory,-0.18056020548523832
lab_subject_5,dataset_b,delta_matched_control,block_early__minus__block_late,block_early,block_late,engagement_beta_over_alpha_theta,exploratory,-0.20120677408372067
lab_subject_6,dataset_b,delta_matched_control,block_early__minus__block_late,block_early,block_late,engagement_beta_over_alpha_theta,exploratory,-0.14334083828703814
lab_subject_7,dataset_b,delta_matched_control,block_early__minus__block_late,block_early,block_late,engagement_beta_over_alpha_theta,exploratory,-1.314225572773832
lab_subject_8,dataset_b,delta_matched_control,block_early__minus__block_late,block_early,block_late,engagement_beta_over_alpha_theta,exploratory,-0.45621498209016487
lab_subject_9,dataset_b,delta_matched_control,block_early__minus__block_late,block_early,block_late,engagement_beta_over_alpha_theta,exploratory,-0.6912660699581923
lab_subject_1,dataset_b,raw_post_minus_pre,inline_early__minus__inline_late,inline_early,inline_late,engagement_beta_over_alpha_theta,exploratory,2.2793441373437586
lab_subject_10,dataset_b,raw_post_minus_pre,inline_early__minus__inline_late,inline_early,inline_late,engagement_beta_over_alpha_theta,exploratory,0.39931683141747615
lab_subject_11,dataset_b,raw_post_minus_pre,inline_early__minus__inline_late,inline_early,inline_late,engagement_beta_over_alpha_theta,exploratory,0.2414402031167856
lab_subject_12,dataset_b,raw_post_minus_pre,inline_early__minus__inline_late,inline_early,inline_late,engagement_beta_over_alpha_theta,exploratory,0.38779873314504926
lab_subject_13,dataset_b,raw_post_minus_pre,inline_early__minus__inline_late,inline_early,inline_late,engagement_beta_over_alpha_theta,exploratory,-0.17393806737431483
lab_subject_14,dataset_b,raw_post_minus_pre,inline_early__minus__inline_late,inline_early,inline_late,engagement_beta_over_alpha_theta,exploratory,-0.02020718772199892
lab_subject_15,dataset_b,raw_post_minus_pre,inline_early__minus__inline_late,inline_early,inline_late,engagement_beta_over_alpha_theta,exploratory,0.8328564628280513
lab_subject_16,dataset_b,raw_post_minus_pre,inline_early__minus__inline_late,inline_early,inline_late,engagement_beta_over_alpha_theta,exploratory,-0.35418886022927143
lab_subject_17,dataset_b,raw_post_minus_pre,inline_early__minus__inline_late,inline_early,inline_late,engagement_beta_over_alpha_theta,exploratory,0.2779733508564247
lab_subject_18,dataset_b,raw_post_minus_pre,inline_early__minus__inline_late,inline_early,inline_late,engagement_beta_over_alpha_theta,exploratory,-1.1079981349278425
lab_subject_19,dataset_b,raw_post_minus_pre,inline_early__minus__inline_late,inline_early,inline_late,engagement_beta_over_alpha_theta,exploratory,-0.5374245335075933
lab_subject_2,dataset_b,raw_post_minus_pre,inline_early__minus__inline_late,inline_early,inline_late,engagement_beta_over_alpha_theta,exploratory,5.792687517260174
lab_subject_3,dataset_b,raw_post_minus_pre,inline_early__minus__inline_late,inline_early,inline_late,engagement_beta_over_alpha_theta,exploratory,-0.06248413105741879
lab_subject_5,dataset_b,raw_post_minus_pre,inline_early__minus__inline_late,inline_early,inline_late,engagement_beta_over_alpha_theta,exploratory,-1.2307036677269168
lab_subject_6,dataset_b,raw_post_minus_pre,inline_early__minus__inline_late,inline_early,inline_late,engagement_beta_over_alpha_theta,exploratory,-0.18560392316241414
lab_subject_7,dataset_b,raw_post_minus_pre,inline_early__minus__inline_late,inline_early,inline_late,engagement_beta_over_alpha_theta,exploratory,0.25927126608726203
lab_subject_8,dataset_b,raw_post_minus_pre,inline_early__minus__inline_late,inline_early,inline_late,engagement_beta_over_alpha_theta,exploratory,-0.4265228105353689
lab_subject_9,dataset_b,raw_post_minus_pre,inline_early__minus__inline_late,inline_early,inline_late,engagement_beta_over_alpha_theta,exploratory,-0.8813922732078132
lab_subject_1,dataset_b,raw_post_minus_pre,inline_early__minus__block_early,inline_early,block_early,engagement_beta_over_alpha_theta,exploratory,0.26497143173868043
lab_subject_10,dataset_b,raw_post_minus_pre,inline_early__minus__block_early,inline_early,block_early,engagement_beta_over_alpha_theta,exploratory,-0.05688949688107106
lab_subject_11,dataset_b,raw_post_minus_pre,inline_early__minus__block_early,inline_early,block_early,engagement_beta_over_alpha_theta,exploratory,0.11115698196488433
lab_subject_12,dataset_b,raw_post_minus_pre,inline_early__minus__block_early,inline_early,block_early,engagement_beta_over_alpha_theta,exploratory,0.47652052378512005
lab_subject_13,dataset_b,raw_post_minus_pre,inline_early__minus__block_early,inline_early,block_early,engagement_beta_over_alpha_theta,exploratory,-0.26783338441627147
lab_subject_14,dataset_b,raw_post_minus_pre,inline_early__minus__block_early,inline_early,block_early,engagement_beta_over_alpha_theta,exploratory,-0.20309968598809758
lab_subject_15,dataset_b,raw_post_minus_pre,inline_early__minus__block_early,inline_early,block_early,engagement_beta_over_alpha_theta,exploratory,1.145098759475189
lab_subject_16,dataset_b,raw_post_minus_pre,inline_early__minus__block_early,inline_early,block_early,engagement_beta_over_alpha_theta,exploratory,0.25256535786232037
lab_subject_17,dataset_b,raw_post_minus_pre,inline_early__minus__block_early,inline_early,block_early,engagement_beta_over_alpha_theta,exploratory,-0.27608587662387507
lab_subject_18,dataset_b,raw_post_minus_pre,inline_early__minus__block_early,inline_early,block_early,engagement_beta_over_alpha_theta,exploratory,-1.113048354672971
lab_subject_19,dataset_b,raw_post_minus_pre,inline_early__minus__block_early,inline_early,block_early,engagement_beta_over_alpha_theta,exploratory,-0.17582031424098876
lab_subject_2,dataset_b,raw_post_minus_pre,inline_early__minus__block_early,inline_early,block_early,engagement_beta_over_alpha_theta,exploratory,6.0014191773632115
lab_subject_3,dataset_b,raw_post_minus_pre,inline_early__minus__block_early,inline_early,block_early,engagement_beta_over_alpha_theta,exploratory,-0.14429382592015405
lab_subject_5,dataset_b,raw_post_minus_pre,inline_early__minus__block_early,inline_early,block_early,engagement_beta_over_alpha_theta,exploratory,-1.484331246930922
lab_subject_6,dataset_b,raw_post_minus_pre,inline_early__minus__block_early,inline_early,block_early,engagement_beta_over_alpha_theta,exploratory,-0.23107561570297974
lab_subject_7,dataset_b,raw_post_minus_pre,inline_early__minus__block_early,inline_early,block_early,engagement_beta_over_alpha_theta,exploratory,0.2484146869304904
lab_subject_8,dataset_b,raw_post_minus_pre,inline_early__minus__block_early,inline_early,block_early,engagement_beta_over_alpha_theta,exploratory,0.2743159616180201
lab_subject_9,dataset_b,raw_post_minus_pre,inline_early__minus__block_early,inline_early,block_early,engagement_beta_over_alpha_theta,exploratory,0.613670309524251
lab_subject_1,dataset_b,raw_post_minus_pre,inline_early__minus__block_late,inline_early,block_late,engagement_beta_over_alpha_theta,exploratory,0.5713863195343398
lab_subject_10,dataset_b,raw_post_minus_pre,inline_early__minus__block_late,inline_early,block_late,engagement_beta_over_alpha_theta,exploratory,-0.04808824578334581
lab_subject_11,dataset_b,raw_post_minus_pre,inline_early__minus__block_late,inline_early,block_late,engagement_beta_over_alpha_theta,exploratory,0.29270174412247063
lab_subject_12,dataset_b,raw_post_minus_pre,inline_early__minus__block_late,inline_early,block_late,engagement_beta_over_alpha_theta,exploratory,0.6064487403731831
lab_subject_13,dataset_b,raw_post_minus_pre,inline_early__minus__block_late,inline_early,block_late,engagement_beta_over_alpha_theta,exploratory,0.3213188331087907
lab_subject_14,dataset_b,raw_post_minus_pre,inline_early__minus__block_late,inline_early,block_late,engagement_beta_over_alpha_theta,exploratory,-0.20293355669894364
lab_subject_15,dataset_b,raw_post_minus_pre,inline_early__minus__block_late,inline_early,block_late,engagement_beta_over_alpha_theta,exploratory,0.724693115059768
lab_subject_16,dataset_b,raw_post_minus_pre,inline_early__minus__block_late,inline_early,block_late,engagement_beta_over_alpha_theta,exploratory,1.2363174338964988
lab_subject_17,dataset_b,raw_post_minus_pre,inline_early__minus__block_late,inline_early,block_late,engagement_beta_over_alpha_theta,exploratory,-0.543908494108052
lab_subject_18,dataset_b,raw_post_minus_pre,inline_early__minus__block_late,inline_early,block_late,engagement_beta_over_alpha_theta,exploratory,0.5364123948994031
lab_subject_19,dataset_b,raw_post_minus_pre,inline_early__minus__block_late,inline_early,block_late,engagement_beta_over_alpha_theta,exploratory,0.08978880164050607
lab_subject_2,dataset_b,raw_post_minus_pre,inline_early__minus__block_late,inline_early,block_late,engagement_beta_over_alpha_theta,exploratory,5.463556700450104
lab_subject_3,dataset_b,raw_post_minus_pre,inline_early__minus__block_late,inline_early,block_late,engagement_beta_over_alpha_theta,exploratory,-0.12887810479769157
lab_subject_5,dataset_b,raw_post_minus_pre,inline_early__minus__block_late,inline_early,block_late,engagement_beta_over_alpha_theta,exploratory,-1.7664245659876134
lab_subject_6,dataset_b,raw_post_minus_pre,inline_early__minus__block_late,inline_early,block_late,engagement_beta_over_alpha_theta,exploratory,-0.12197558204960435
lab_subject_7,dataset_b,raw_post_minus_pre,inline_early__minus__block_late,inline_early,block_late,engagement_beta_over_alpha_theta,exploratory,-0.6049419920717067
lab_subject_8,dataset_b,raw_post_minus_pre,inline_early__minus__block_late,inline_early,block_late,engagement_beta_over_alpha_theta,exploratory,-0.3504998876447303
lab_subject_9,dataset_b,raw_post_minus_pre,inline_early__minus__block_late,inline_early,block_late,engagement_beta_over_alpha_theta,exploratory,-0.0658870173629843
lab_subject_1,dataset_b,raw_post_minus_pre,inline_late__minus__block_early,inline_late,block_early,engagement_beta_over_alpha_theta,exploratory,-2.014372705605078
lab_subject_10,dataset_b,raw_post_minus_pre,inline_late__minus__block_early,inline_late,block_early,engagement_beta_over_alpha_theta,exploratory,-0.45620632829854724
lab_subject_11,dataset_b,raw_post_minus_pre,inline_late__minus__block_early,inline_late,block_early,engagement_beta_over_alpha_theta,exploratory,-0.13028322115190127
lab_subject_12,dataset_b,raw_post_minus_pre,inline_late__minus__block_early,inline_late,block_early,engagement_beta_over_alpha_theta,exploratory,0.0887217906400708
lab_subject_13,dataset_b,raw_post_minus_pre,inline_late__minus__block_early,inline_late,block_early,engagement_beta_over_alpha_theta,exploratory,-0.09389531704195664
lab_subject_14,dataset_b,raw_post_minus_pre,inline_late__minus__block_early,inline_late,block_early,engagement_beta_over_alpha_theta,exploratory,-0.18289249826609866
lab_subject_15,dataset_b,raw_post_minus_pre,inline_late__minus__block_early,inline_late,block_early,engagement_beta_over_alpha_theta,exploratory,0.3122422966471377
lab_subject_16,dataset_b,raw_post_minus_pre,inline_late__minus__block_early,inline_late,block_early,engagement_beta_over_alpha_theta,exploratory,0.6067542180915918
lab_subject_17,dataset_b,raw_post_minus_pre,inline_late__minus__block_early,inline_late,block_early,engagement_beta_over_alpha_theta,exploratory,-0.5540592274802998
lab_subject_18,dataset_b,raw_post_minus_pre,inline_late__minus__block_early,inline_late,block_early,engagement_beta_over_alpha_theta,exploratory,-0.005050219745128481
lab_subject_19,dataset_b,raw_post_minus_pre,inline_late__minus__block_early,inline_late,block_early,engagement_beta_over_alpha_theta,exploratory,0.3616042192666046
lab_subject_2,dataset_b,raw_post_minus_pre,inline_late__minus__block_early,inline_late,block_early,engagement_beta_over_alpha_theta,exploratory,0.20873166010303768
lab_subject_3,dataset_b,raw_post_minus_pre,inline_late__minus__block_early,inline_late,block_early,engagement_beta_over_alpha_theta,exploratory,-0.08180969486273526
lab_subject_5,dataset_b,raw_post_minus_pre,inline_late__minus__block_early,inline_late,block_early,engagement_beta_over_alpha_theta,exploratory,-0.25362757920400536
lab_subject_6,dataset_b,raw_post_minus_pre,inline_late__minus__block_early,inline_late,block_early,engagement_beta_over_alpha_theta,exploratory,-0.0454716925405656
lab_subject_7,dataset_b,raw_post_minus_pre,inline_late__minus__block_early,inline_late,block_early,engagement_beta_over_alpha_theta,exploratory,-0.010856579156771629
lab_subject_8,dataset_b,raw_post_minus_pre,inline_late__minus__block_early,inline_late,block_early,engagement_beta_over_alpha_theta,exploratory,0.700838772153389
lab_subject_9,dataset_b,raw_post_minus_pre,inline_late__minus__block_early,inline_late,block_early,engagement_beta_over_alpha_theta,exploratory,1.4950625827320643
lab_subject_1,dataset_b,raw_post_minus_pre,inline_late__minus__block_late,inline_late,block_late,engagement_beta_over_alpha_theta,exploratory,-1.707957817809419
lab_subject_10,dataset_b,raw_post_minus_pre,inline_late__minus__block_late,inline_late,block_late,engagement_beta_over_alpha_theta,exploratory,-0.44740507720082195
lab_subject_11,dataset_b,raw_post_minus_pre,inline_late__minus__block_late,inline_late,block_late,engagement_beta_over_alpha_theta,exploratory,0.05126154100568503
lab_subject_12,dataset_b,raw_post_minus_pre,inline_late__minus__block_late,inline_late,block_late,engagement_beta_over_alpha_theta,exploratory,0.21865000722813382
lab_subject_13,dataset_b,raw_post_minus_pre,inline_late__minus__block_late,inline_late,block_late,engagement_beta_over_alpha_theta,exploratory,0.49525690048310556
lab_subject_14,dataset_b,raw_post_minus_pre,inline_late__minus__block_late,inline_late,block_late,engagement_beta_over_alpha_theta,exploratory,-0.18272636897694472
lab_subject_15,dataset_b,raw_post_minus_pre,inline_late__minus__block_late,inline_late,block_late,engagement_beta_over_alpha_theta,exploratory,-0.10816334776828335
lab_subject_16,dataset_b,raw_post_minus_pre,inline_late__minus__block_late,inline_late,block_late,engagement_beta_over_alpha_theta,exploratory,1.5905062941257704
lab_subject_17,dataset_b,raw_post_minus_pre,inline_late__minus__block_late,inline_late,block_late,engagement_beta_over_alpha_theta,exploratory,-0.8218818449644767
lab_subject_18,dataset_b,raw_post_minus_pre,inline_late__minus__block_late,inline_late,block_late,engagement_beta_over_alpha_theta,exploratory,1.6444105298272458
lab_subject_19,dataset_b,raw_post_minus_pre,inline_late__minus__block_late,inline_late,block_late,engagement_beta_over_alpha_theta,exploratory,0.6272133351480994
lab_subject_2,dataset_b,raw_post_minus_pre,inline_late__minus__block_late,inline_late,block_late,engagement_beta_over_alpha_theta,exploratory,-0.3291308168100703
lab_subject_3,dataset_b,raw_post_minus_pre,inline_late__minus__block_late,inline_late,block_late,engagement_beta_over_alpha_theta,exploratory,-0.06639397374027278
lab_subject_5,dataset_b,raw_post_minus_pre,inline_late__minus__block_late,inline_late,block_late,engagement_beta_over_alpha_theta,exploratory,-0.5357208982606967
lab_subject_6,dataset_b,raw_post_minus_pre,inline_late__minus__block_late,inline_late,block_late,engagement_beta_over_alpha_theta,exploratory,0.0636283411128098
lab_subject_7,dataset_b,raw_post_minus_pre,inline_late__minus__block_late,inline_late,block_late,engagement_beta_over_alpha_theta,exploratory,-0.8642132581589688
lab_subject_8,dataset_b,raw_post_minus_pre,inline_late__minus__block_late,inline_late,block_late,engagement_beta_over_alpha_theta,exploratory,0.07602292289063861
lab_subject_9,dataset_b,raw_post_minus_pre,inline_late__minus__block_late,inline_late,block_late,engagement_beta_over_alpha_theta,exploratory,0.8155052558448289
lab_subject_1,dataset_b,raw_post_minus_pre,block_early__minus__block_late,block_early,block_late,engagement_beta_over_alpha_theta,exploratory,0.3064148877956594
lab_subject_10,dataset_b,raw_post_minus_pre,block_early__minus__block_late,block_early,block_late,engagement_beta_over_alpha_theta,exploratory,0.008801251097725254
lab_subject_11,dataset_b,raw_post_minus_pre,block_early__minus__block_late,block_early,block_late,engagement_beta_over_alpha_theta,exploratory,0.1815447621575863
lab_subject_12,dataset_b,raw_post_minus_pre,block_early__minus__block_late,block_early,block_late,engagement_beta_over_alpha_theta,exploratory,0.12992821658806303
lab_subject_13,dataset_b,raw_post_minus_pre,block_early__minus__block_late,block_early,block_late,engagement_beta_over_alpha_theta,exploratory,0.5891522175250622
lab_subject_14,dataset_b,raw_post_minus_pre,block_early__minus__block_late,block_early,block_late,engagement_beta_over_alpha_theta,exploratory,0.00016612928915393788
lab_subject_15,dataset_b,raw_post_minus_pre,block_early__minus__block_late,block_early,block_late,engagement_beta_over_alpha_theta,exploratory,-0.42040564441542105
lab_subject_16,dataset_b,raw_post_minus_pre,block_early__minus__block_late,block_early,block_late,engagement_beta_over_alpha_theta,exploratory,0.9837520760341785
lab_subject_17,dataset_b,raw_post_minus_pre,block_early__minus__block_late,block_early,block_late,engagement_beta_over_alpha_theta,exploratory,-0.2678226174841769
lab_subject_18,dataset_b,raw_post_minus_pre,block_early__minus__block_late,block_early,block_late,engagement_beta_over_alpha_theta,exploratory,1.649460749572374
lab_subject_19,dataset_b,raw_post_minus_pre,block_early__minus__block_late,block_early,block_late,engagement_beta_over_alpha_theta,exploratory,0.26560911588149483
lab_subject_2,dataset_b,raw_post_minus_pre,block_early__minus__block_late,block_early,block_late,engagement_beta_over_alpha_theta,exploratory,-0.537862476913108
lab_subject_3,dataset_b,raw_post_minus_pre,block_early__minus__block_late,block_early,block_late,engagement_beta_over_alpha_theta,exploratory,0.015415721122462478
lab_subject_5,dataset_b,raw_post_minus_pre,block_early__minus__block_late,block_early,block_late,engagement_beta_over_alpha_theta,exploratory,-0.2820933190566913
lab_subject_6,dataset_b,raw_post_minus_pre,block_early__minus__block_late,block_early,block_late,engagement_beta_over_alpha_theta,exploratory,0.1091000336533754
lab_subject_7,dataset_b,raw_post_minus_pre,block_early__minus__block_late,block_early,block_late,engagement_beta_over_alpha_theta,exploratory,-0.8533566790021971
lab_subject_8,dataset_b,raw_post_minus_pre,block_early__minus__block_late,block_early,block_late,engagement_beta_over_alpha_theta,exploratory,-0.6248158492627504
lab_subject_9,dataset_b,raw_post_minus_pre,block_early__minus__block_late,block_early,block_late,engagement_beta_over_alpha_theta,exploratory,-0.6795573268872352
lab_subject_1,dataset_b,delta_matched_control,inline_early__minus__inline_late,inline_early,inline_late,engagement_pope_frontocentral_beta_over_alpha_theta,exploratory,4.364843806572067
lab_subject_10,dataset_b,delta_matched_control,inline_early__minus__inline_late,inline_early,inline_late,engagement_pope_frontocentral_beta_over_alpha_theta,exploratory,1.2702002138549087
lab_subject_11,dataset_b,delta_matched_control,inline_early__minus__inline_late,inline_early,inline_late,engagement_pope_frontocentral_beta_over_alpha_theta,exploratory,0.3249566380517702
lab_subject_12,dataset_b,delta_matched_control,inline_early__minus__inline_late,inline_early,inline_late,engagement_pope_frontocentral_beta_over_alpha_theta,exploratory,0.11853746073309868
lab_subject_13,dataset_b,delta_matched_control,inline_early__minus__inline_late,inline_early,inline_late,engagement_pope_frontocentral_beta_over_alpha_theta,exploratory,-0.40066056189382676
lab_subject_14,dataset_b,delta_matched_control,inline_early__minus__inline_late,inline_early,inline_late,engagement_pope_frontocentral_beta_over_alpha_theta,exploratory,-1.6207726175503223
lab_subject_15,dataset_b,delta_matched_control,inline_early__minus__inline_late,inline_early,inline_late,engagement_pope_frontocentral_beta_over_alpha_theta,exploratory,0.7968734092630586
lab_subject_16,dataset_b,delta_matched_control,inline_early__minus__inline_late,inline_early,inline_late,engagement_pope_frontocentral_beta_over_alpha_theta,exploratory,-1.1157521080751498
lab_subject_17,dataset_b,delta_matched_control,inline_early__minus__inline_late,inline_early,inline_late,engagement_pope_frontocentral_beta_over_alpha_theta,exploratory,-0.7521629355303368
lab_subject_18,dataset_b,delta_matched_control,inline_early__minus__inline_late,inline_early,inline_late,engagement_pope_frontocentral_beta_over_alpha_theta,exploratory,-1.822837004522337
lab_subject_19,dataset_b,delta_matched_control,inline_early__minus__inline_late,inline_early,inline_late,engagement_pope_frontocentral_beta_over_alpha_theta,exploratory,-0.488339201835016
lab_subject_2,dataset_b,delta_matched_control,inline_early__minus__inline_late,inline_early,inline_late,engagement_pope_frontocentral_beta_over_alpha_theta,exploratory,2.627457080984515
lab_subject_3,dataset_b,delta_matched_control,inline_early__minus__inline_late,inline_early,inline_late,engagement_pope_frontocentral_beta_over_alpha_theta,exploratory,-0.19879191962969345
lab_subject_5,dataset_b,delta_matched_control,inline_early__minus__inline_late,inline_early,inline_late,engagement_pope_frontocentral_beta_over_alpha_theta,exploratory,-0.6001509066537973
lab_subject_6,dataset_b,delta_matched_control,inline_early__minus__inline_late,inline_early,inline_late,engagement_pope_frontocentral_beta_over_alpha_theta,exploratory,-0.6805021663786651
lab_subject_7,dataset_b,delta_matched_control,inline_early__minus__inline_late,inline_early,inline_late,engagement_pope_frontocentral_beta_over_alpha_theta,exploratory,-0.27133947682300197
lab_subject_8,dataset_b,delta_matched_control,inline_early__minus__inline_late,inline_early,inline_late,engagement_pope_frontocentral_beta_over_alpha_theta,exploratory,0.03187411209435198
lab_subject_9,dataset_b,delta_matched_control,inline_early__minus__inline_late,inline_early,inline_late,engagement_pope_frontocentral_beta_over_alpha_theta,exploratory,-0.7133062705309543
lab_subject_1,dataset_b,delta_matched_control,inline_early__minus__block_early,inline_early,block_early,engagement_pope_frontocentral_beta_over_alpha_theta,exploratory,0.5191986176734305
lab_subject_10,dataset_b,delta_matched_control,inline_early__minus__block_early,inline_early,block_early,engagement_pope_frontocentral_beta_over_alpha_theta,exploratory,-0.2020428355662437
lab_subject_11,dataset_b,delta_matched_control,inline_early__minus__block_early,inline_early,block_early,engagement_pope_frontocentral_beta_over_alpha_theta,exploratory,0.008802774242131994
lab_subject_12,dataset_b,delta_matched_control,inline_early__minus__block_early,inline_early,block_early,engagement_pope_frontocentral_beta_over_alpha_theta,exploratory,0.454150728758687
lab_subject_13,dataset_b,delta_matched_control,inline_early__minus__block_early,inline_early,block_early,engagement_pope_frontocentral_beta_over_alpha_theta,exploratory,0.2915446702669543
lab_subject_14,dataset_b,delta_matched_control,inline_early__minus__block_early,inline_early,block_early,engagement_pope_frontocentral_beta_over_alpha_theta,exploratory,0.5663930516345905
lab_subject_15,dataset_b,delta_matched_control,inline_early__minus__block_early,inline_early,block_early,engagement_pope_frontocentral_beta_over_alpha_theta,exploratory,1.0565384332855852
lab_subject_16,dataset_b,delta_matched_control,inline_early__minus__block_early,inline_early,block_early,engagement_pope_frontocentral_beta_over_alpha_theta,exploratory,-0.16536740409531436
lab_subject_17,dataset_b,delta_matched_control,inline_early__minus__block_early,inline_early,block_early,engagement_pope_frontocentral_beta_over_alpha_theta,exploratory,-0.41265235977677484
lab_subject_18,dataset_b,delta_matched_control,inline_early__minus__block_early,inline_early,block_early,engagement_pope_frontocentral_beta_over_alpha_theta,exploratory,-2.140865536022481
lab_subject_19,dataset_b,delta_matched_control,inline_early__minus__block_early,inline_early,block_early,engagement_pope_frontocentral_beta_over_alpha_theta,exploratory,-0.3770479607808159
lab_subject_2,dataset_b,delta_matched_control,inline_early__minus__block_early,inline_early,block_early,engagement_pope_frontocentral_beta_over_alpha_theta,exploratory,3.1251953126591006
lab_subject_3,dataset_b,delta_matched_control,inline_early__minus__block_early,inline_early,block_early,engagement_pope_frontocentral_beta_over_alpha_theta,exploratory,-0.10475415190617021
lab_subject_5,dataset_b,delta_matched_control,inline_early__minus__block_early,inline_early,block_early,engagement_pope_frontocentral_beta_over_alpha_theta,exploratory,-0.8672859586561606
lab_subject_6,dataset_b,delta_matched_control,inline_early__minus__block_early,inline_early,block_early,engagement_pope_frontocentral_beta_over_alpha_theta,exploratory,-0.36678296360274876
lab_subject_7,dataset_b,delta_matched_control,inline_early__minus__block_early,inline_early,block_early,engagement_pope_frontocentral_beta_over_alpha_theta,exploratory,-0.26970019436152315
lab_subject_8,dataset_b,delta_matched_control,inline_early__minus__block_early,inline_early,block_early,engagement_pope_frontocentral_beta_over_alpha_theta,exploratory,0.16945379164392904
lab_subject_9,dataset_b,delta_matched_control,inline_early__minus__block_early,inline_early,block_early,engagement_pope_frontocentral_beta_over_alpha_theta,exploratory,0.5913898537749651
lab_subject_1,dataset_b,delta_matched_control,inline_early__minus__block_late,inline_early,block_late,engagement_pope_frontocentral_beta_over_alpha_theta,exploratory,0.9295045491302865
lab_subject_10,dataset_b,delta_matched_control,inline_early__minus__block_late,inline_early,block_late,engagement_pope_frontocentral_beta_over_alpha_theta,exploratory,0.8804480608529562
lab_subject_11,dataset_b,delta_matched_control,inline_early__minus__block_late,inline_early,block_late,engagement_pope_frontocentral_beta_over_alpha_theta,exploratory,0.460359654285095
lab_subject_12,dataset_b,delta_matched_control,inline_early__minus__block_late,inline_early,block_late,engagement_pope_frontocentral_beta_over_alpha_theta,exploratory,0.18393425124547425
lab_subject_13,dataset_b,delta_matched_control,inline_early__minus__block_late,inline_early,block_late,engagement_pope_frontocentral_beta_over_alpha_theta,exploratory,0.10031985968507362
lab_subject_14,dataset_b,delta_matched_control,inline_early__minus__block_late,inline_early,block_late,engagement_pope_frontocentral_beta_over_alpha_theta,exploratory,-1.335683769346785
lab_subject_15,dataset_b,delta_matched_control,inline_early__minus__block_late,inline_early,block_late,engagement_pope_frontocentral_beta_over_alpha_theta,exploratory,0.6777588896358557
lab_subject_16,dataset_b,delta_matched_control,inline_early__minus__block_late,inline_early,block_late,engagement_pope_frontocentral_beta_over_alpha_theta,exploratory,1.1566570122754405
lab_subject_17,dataset_b,delta_matched_control,inline_early__minus__block_late,inline_early,block_late,engagement_pope_frontocentral_beta_over_alpha_theta,exploratory,-0.7302870398753418
lab_subject_18,dataset_b,delta_matched_control,inline_early__minus__block_late,inline_early,block_late,engagement_pope_frontocentral_beta_over_alpha_theta,exploratory,0.48113967653431367
lab_subject_19,dataset_b,delta_matched_control,inline_early__minus__block_late,inline_early,block_late,engagement_pope_frontocentral_beta_over_alpha_theta,exploratory,0.0037170196613690587
lab_subject_2,dataset_b,delta_matched_control,inline_early__minus__block_late,inline_early,block_late,engagement_pope_frontocentral_beta_over_alpha_theta,exploratory,2.3949265961150403
lab_subject_3,dataset_b,delta_matched_control,inline_early__minus__block_late,inline_early,block_late,engagement_pope_frontocentral_beta_over_alpha_theta,exploratory,-0.085825984579879
lab_subject_5,dataset_b,delta_matched_control,inline_early__minus__block_late,inline_early,block_late,engagement_pope_frontocentral_beta_over_alpha_theta,exploratory,-1.1735831787374857
lab_subject_6,dataset_b,delta_matched_control,inline_early__minus__block_late,inline_early,block_late,engagement_pope_frontocentral_beta_over_alpha_theta,exploratory,-0.47254622962872783
lab_subject_7,dataset_b,delta_matched_control,inline_early__minus__block_late,inline_early,block_late,engagement_pope_frontocentral_beta_over_alpha_theta,exploratory,-1.0799787349648824
lab_subject_8,dataset_b,delta_matched_control,inline_early__minus__block_late,inline_early,block_late,engagement_pope_frontocentral_beta_over_alpha_theta,exploratory,-0.15950566730039795
lab_subject_9,dataset_b,delta_matched_control,inline_early__minus__block_late,inline_early,block_late,engagement_pope_frontocentral_beta_over_alpha_theta,exploratory,-0.12897408697213508
lab_subject_1,dataset_b,delta_matched_control,inline_late__minus__block_early,inline_late,block_early,engagement_pope_frontocentral_beta_over_alpha_theta,exploratory,-3.8456451888986374
lab_subject_10,dataset_b,delta_matched_control,inline_late__minus__block_early,inline_late,block_early,engagement_pope_frontocentral_beta_over_alpha_theta,exploratory,-1.4722430494211523
lab_subject_11,dataset_b,delta_matched_control,inline_late__minus__block_early,inline_late,block_early,engagement_pope_frontocentral_beta_over_alpha_theta,exploratory,-0.3161538638096382
lab_subject_12,dataset_b,delta_matched_control,inline_late__minus__block_early,inline_late,block_early,engagement_pope_frontocentral_beta_over_alpha_theta,exploratory,0.33561326802558833
lab_subject_13,dataset_b,delta_matched_control,inline_late__minus__block_early,inline_late,block_early,engagement_pope_frontocentral_beta_over_alpha_theta,exploratory,0.692205232160781
lab_subject_14,dataset_b,delta_matched_control,inline_late__minus__block_early,inline_late,block_early,engagement_pope_frontocentral_beta_over_alpha_theta,exploratory,2.187165669184913
lab_subject_15,dataset_b,delta_matched_control,inline_late__minus__block_early,inline_late,block_early,engagement_pope_frontocentral_beta_over_alpha_theta,exploratory,0.25966502402252656
lab_subject_16,dataset_b,delta_matched_control,inline_late__minus__block_early,inline_late,block_early,engagement_pope_frontocentral_beta_over_alpha_theta,exploratory,0.9503847039798353
lab_subject_17,dataset_b,delta_matched_control,inline_late__minus__block_early,inline_late,block_early,engagement_pope_frontocentral_beta_over_alpha_theta,exploratory,0.3395105757535619
lab_subject_18,dataset_b,delta_matched_control,inline_late__minus__block_early,inline_late,block_early,engagement_pope_frontocentral_beta_over_alpha_theta,exploratory,-0.3180285315001441
lab_subject_19,dataset_b,delta_matched_control,inline_late__minus__block_early,inline_late,block_early,engagement_pope_frontocentral_beta_over_alpha_theta,exploratory,0.11129124105420007
lab_subject_2,dataset_b,delta_matched_control,inline_late__minus__block_early,inline_late,block_early,engagement_pope_frontocentral_beta_over_alpha_theta,exploratory,0.49773823167458586
lab_subject_3,dataset_b,delta_matched_control,inline_late__minus__block_early,inline_late,block_early,engagement_pope_frontocentral_beta_over_alpha_theta,exploratory,0.09403776772352324
lab_subject_5,dataset_b,delta_matched_control,inline_late__minus__block_early,inline_late,block_early,engagement_pope_frontocentral_beta_over_alpha_theta,exploratory,-0.26713505200236326
lab_subject_6,dataset_b,delta_matched_control,inline_late__minus__block_early,inline_late,block_early,engagement_pope_frontocentral_beta_over_alpha_theta,exploratory,0.31371920277591636
lab_subject_7,dataset_b,delta_matched_control,inline_late__minus__block_early,inline_late,block_early,engagement_pope_frontocentral_beta_over_alpha_theta,exploratory,0.0016392824614788193
lab_subject_8,dataset_b,delta_matched_control,inline_late__minus__block_early,inline_late,block_early,engagement_pope_frontocentral_beta_over_alpha_theta,exploratory,0.13757967954957706
lab_subject_9,dataset_b,delta_matched_control,inline_late__minus__block_early,inline_late,block_early,engagement_pope_frontocentral_beta_over_alpha_theta,exploratory,1.3046961243059194
lab_subject_1,dataset_b,delta_matched_control,inline_late__minus__block_late,inline_late,block_late,engagement_pope_frontocentral_beta_over_alpha_theta,exploratory,-3.435339257441781
lab_subject_10,dataset_b,delta_matched_control,inline_late__minus__block_late,inline_late,block_late,engagement_pope_frontocentral_beta_over_alpha_theta,exploratory,-0.38975215300195243
lab_subject_11,dataset_b,delta_matched_control,inline_late__minus__block_late,inline_late,block_late,engagement_pope_frontocentral_beta_over_alpha_theta,exploratory,0.1354030162333248
lab_subject_12,dataset_b,delta_matched_control,inline_late__minus__block_late,inline_late,block_late,engagement_pope_frontocentral_beta_over_alpha_theta,exploratory,0.06539679051237557
lab_subject_13,dataset_b,delta_matched_control,inline_late__minus__block_late,inline_late,block_late,engagement_pope_frontocentral_beta_over_alpha_theta,exploratory,0.5009804215789004
lab_subject_14,dataset_b,delta_matched_control,inline_late__minus__block_late,inline_late,block_late,engagement_pope_frontocentral_beta_over_alpha_theta,exploratory,0.2850888482035374
lab_subject_15,dataset_b,delta_matched_control,inline_late__minus__block_late,inline_late,block_late,engagement_pope_frontocentral_beta_over_alpha_theta,exploratory,-0.11911451962720293
lab_subject_16,dataset_b,delta_matched_control,inline_late__minus__block_late,inline_late,block_late,engagement_pope_frontocentral_beta_over_alpha_theta,exploratory,2.27240912035059
lab_subject_17,dataset_b,delta_matched_control,inline_late__minus__block_late,inline_late,block_late,engagement_pope_frontocentral_beta_over_alpha_theta,exploratory,0.021875895654994926
lab_subject_18,dataset_b,delta_matched_control,inline_late__minus__block_late,inline_late,block_late,engagement_pope_frontocentral_beta_over_alpha_theta,exploratory,2.3039766810566507
lab_subject_19,dataset_b,delta_matched_control,inline_late__minus__block_late,inline_late,block_late,engagement_pope_frontocentral_beta_over_alpha_theta,exploratory,0.49205622149638506
lab_subject_2,dataset_b,delta_matched_control,inline_late__minus__block_late,inline_late,block_late,engagement_pope_frontocentral_beta_over_alpha_theta,exploratory,-0.23253048486947436
lab_subject_3,dataset_b,delta_matched_control,inline_late__minus__block_late,inline_late,block_late,engagement_pope_frontocentral_beta_over_alpha_theta,exploratory,0.11296593504981445
lab_subject_5,dataset_b,delta_matched_control,inline_late__minus__block_late,inline_late,block_late,engagement_pope_frontocentral_beta_over_alpha_theta,exploratory,-0.5734322720836884
lab_subject_6,dataset_b,delta_matched_control,inline_late__minus__block_late,inline_late,block_late,engagement_pope_frontocentral_beta_over_alpha_theta,exploratory,0.2079559367499373
lab_subject_7,dataset_b,delta_matched_control,inline_late__minus__block_late,inline_late,block_late,engagement_pope_frontocentral_beta_over_alpha_theta,exploratory,-0.8086392581418804
lab_subject_8,dataset_b,delta_matched_control,inline_late__minus__block_late,inline_late,block_late,engagement_pope_frontocentral_beta_over_alpha_theta,exploratory,-0.19137977939474993
lab_subject_9,dataset_b,delta_matched_control,inline_late__minus__block_late,inline_late,block_late,engagement_pope_frontocentral_beta_over_alpha_theta,exploratory,0.5843321835588192
lab_subject_1,dataset_b,delta_matched_control,block_early__minus__block_late,block_early,block_late,engagement_pope_frontocentral_beta_over_alpha_theta,exploratory,0.410305931456856
lab_subject_10,dataset_b,delta_matched_control,block_early__minus__block_late,block_early,block_late,engagement_pope_frontocentral_beta_over_alpha_theta,exploratory,1.0824908964192
lab_subject_11,dataset_b,delta_matched_control,block_early__minus__block_late,block_early,block_late,engagement_pope_frontocentral_beta_over_alpha_theta,exploratory,0.451556880042963
lab_subject_12,dataset_b,delta_matched_control,block_early__minus__block_late,block_early,block_late,engagement_pope_frontocentral_beta_over_alpha_theta,exploratory,-0.27021647751321276
lab_subject_13,dataset_b,delta_matched_control,block_early__minus__block_late,block_early,block_late,engagement_pope_frontocentral_beta_over_alpha_theta,exploratory,-0.19122481058188068
lab_subject_14,dataset_b,delta_matched_control,block_early__minus__block_late,block_early,block_late,engagement_pope_frontocentral_beta_over_alpha_theta,exploratory,-1.9020768209813754
lab_subject_15,dataset_b,delta_matched_control,block_early__minus__block_late,block_early,block_late,engagement_pope_frontocentral_beta_over_alpha_theta,exploratory,-0.3787795436497295
lab_subject_16,dataset_b,delta_matched_control,block_early__minus__block_late,block_early,block_late,engagement_pope_frontocentral_beta_over_alpha_theta,exploratory,1.3220244163707549
lab_subject_17,dataset_b,delta_matched_control,block_early__minus__block_late,block_early,block_late,engagement_pope_frontocentral_beta_over_alpha_theta,exploratory,-0.317634680098567
lab_subject_18,dataset_b,delta_matched_control,block_early__minus__block_late,block_early,block_late,engagement_pope_frontocentral_beta_over_alpha_theta,exploratory,2.6220052125567945
lab_subject_19,dataset_b,delta_matched_control,block_early__minus__block_late,block_early,block_late,engagement_pope_frontocentral_beta_over_alpha_theta,exploratory,0.380764980442185
lab_subject_2,dataset_b,delta_matched_control,block_early__minus__block_late,block_early,block_late,engagement_pope_frontocentral_beta_over_alpha_theta,exploratory,-0.7302687165440602
lab_subject_3,dataset_b,delta_matched_control,block_early__minus__block_late,block_early,block_late,engagement_pope_frontocentral_beta_over_alpha_theta,exploratory,0.018928167326291212
lab_subject_5,dataset_b,delta_matched_control,block_early__minus__block_late,block_early,block_late,engagement_pope_frontocentral_beta_over_alpha_theta,exploratory,-0.30629722008132515
lab_subject_6,dataset_b,delta_matched_control,block_early__minus__block_late,block_early,block_late,engagement_pope_frontocentral_beta_over_alpha_theta,exploratory,-0.10576326602597907
lab_subject_7,dataset_b,delta_matched_control,block_early__minus__block_late,block_early,block_late,engagement_pope_frontocentral_beta_over_alpha_theta,exploratory,-0.8102785406033592
lab_subject_8,dataset_b,delta_matched_control,block_early__minus__block_late,block_early,block_late,engagement_pope_frontocentral_beta_over_alpha_theta,exploratory,-0.328959458944327
lab_subject_9,dataset_b,delta_matched_control,block_early__minus__block_late,block_early,block_late,engagement_pope_frontocentral_beta_over_alpha_theta,exploratory,-0.7203639407471002
lab_subject_1,dataset_b,raw_post_minus_pre,inline_early__minus__inline_late,inline_early,inline_late,engagement_pope_frontocentral_beta_over_alpha_theta,exploratory,3.716187966938861
lab_subject_10,dataset_b,raw_post_minus_pre,inline_early__minus__inline_late,inline_early,inline_late,engagement_pope_frontocentral_beta_over_alpha_theta,exploratory,0.26282440114063743
lab_subject_11,dataset_b,raw_post_minus_pre,inline_early__minus__inline_late,inline_early,inline_late,engagement_pope_frontocentral_beta_over_alpha_theta,exploratory,0.4244691818451387
lab_subject_12,dataset_b,raw_post_minus_pre,inline_early__minus__inline_late,inline_early,inline_late,engagement_pope_frontocentral_beta_over_alpha_theta,exploratory,0.43988643480301426
lab_subject_13,dataset_b,raw_post_minus_pre,inline_early__minus__inline_late,inline_early,inline_late,engagement_pope_frontocentral_beta_over_alpha_theta,exploratory,0.055088266265727714
lab_subject_14,dataset_b,raw_post_minus_pre,inline_early__minus__inline_late,inline_early,inline_late,engagement_pope_frontocentral_beta_over_alpha_theta,exploratory,-0.20668168542462717
lab_subject_15,dataset_b,raw_post_minus_pre,inline_early__minus__inline_late,inline_early,inline_late,engagement_pope_frontocentral_beta_over_alpha_theta,exploratory,0.7622074589050486
lab_subject_16,dataset_b,raw_post_minus_pre,inline_early__minus__inline_late,inline_early,inline_late,engagement_pope_frontocentral_beta_over_alpha_theta,exploratory,-1.2144139149810904
lab_subject_17,dataset_b,raw_post_minus_pre,inline_early__minus__inline_late,inline_early,inline_late,engagement_pope_frontocentral_beta_over_alpha_theta,exploratory,-0.49421639562916164
lab_subject_18,dataset_b,raw_post_minus_pre,inline_early__minus__inline_late,inline_early,inline_late,engagement_pope_frontocentral_beta_over_alpha_theta,exploratory,-2.215875251290717
lab_subject_19,dataset_b,raw_post_minus_pre,inline_early__minus__inline_late,inline_early,inline_late,engagement_pope_frontocentral_beta_over_alpha_theta,exploratory,-0.46017260062618254
lab_subject_2,dataset_b,raw_post_minus_pre,inline_early__minus__inline_late,inline_early,inline_late,engagement_pope_frontocentral_beta_over_alpha_theta,exploratory,2.789014787813575
lab_subject_3,dataset_b,raw_post_minus_pre,inline_early__minus__inline_late,inline_early,inline_late,engagement_pope_frontocentral_beta_over_alpha_theta,exploratory,-0.24869935766091422
lab_subject_5,dataset_b,raw_post_minus_pre,inline_early__minus__inline_late,inline_early,inline_late,engagement_pope_frontocentral_beta_over_alpha_theta,exploratory,-0.6423818643387189
lab_subject_6,dataset_b,raw_post_minus_pre,inline_early__minus__inline_late,inline_early,inline_late,engagement_pope_frontocentral_beta_over_alpha_theta,exploratory,-0.4514530949857689
lab_subject_7,dataset_b,raw_post_minus_pre,inline_early__minus__inline_late,inline_early,inline_late,engagement_pope_frontocentral_beta_over_alpha_theta,exploratory,0.1458540870811652
lab_subject_8,dataset_b,raw_post_minus_pre,inline_early__minus__inline_late,inline_early,inline_late,engagement_pope_frontocentral_beta_over_alpha_theta,exploratory,-0.3207524452512708
lab_subject_9,dataset_b,raw_post_minus_pre,inline_early__minus__inline_late,inline_early,inline_late,engagement_pope_frontocentral_beta_over_alpha_theta,exploratory,-1.0071015139405168
lab_subject_1,dataset_b,raw_post_minus_pre,inline_early__minus__block_early,inline_early,block_early,engagement_pope_frontocentral_beta_over_alpha_theta,exploratory,0.5191986176734305
lab_subject_10,dataset_b,raw_post_minus_pre,inline_early__minus__block_early,inline_early,block_early,engagement_pope_frontocentral_beta_over_alpha_theta,exploratory,-0.20204283556624375
lab_subject_11,dataset_b,raw_post_minus_pre,inline_early__minus__block_early,inline_early,block_early,engagement_pope_frontocentral_beta_over_alpha_theta,exploratory,0.008802774242131994
lab_subject_12,dataset_b,raw_post_minus_pre,inline_early__minus__block_early,inline_early,block_early,engagement_pope_frontocentral_beta_over_alpha_theta,exploratory,0.454150728758687
lab_subject_13,dataset_b,raw_post_minus_pre,inline_early__minus__block_early,inline_early,block_early,engagement_pope_frontocentral_beta_over_alpha_theta,exploratory,0.2915446702669543
lab_subject_14,dataset_b,raw_post_minus_pre,inline_early__minus__block_early,inline_early,block_early,engagement_pope_frontocentral_beta_over_alpha_theta,exploratory,0.5663930516345905
lab_subject_15,dataset_b,raw_post_minus_pre,inline_early__minus__block_early,inline_early,block_early,engagement_pope_frontocentral_beta_over_alpha_theta,exploratory,1.0565384332855852
lab_subject_16,dataset_b,raw_post_minus_pre,inline_early__minus__block_early,inline_early,block_early,engagement_pope_frontocentral_beta_over_alpha_theta,exploratory,-0.16536740409531436
lab_subject_17,dataset_b,raw_post_minus_pre,inline_early__minus__block_early,inline_early,block_early,engagement_pope_frontocentral_beta_over_alpha_theta,exploratory,-0.41265235977677484
lab_subject_18,dataset_b,raw_post_minus_pre,inline_early__minus__block_early,inline_early,block_early,engagement_pope_frontocentral_beta_over_alpha_theta,exploratory,-2.1408655360224813
lab_subject_19,dataset_b,raw_post_minus_pre,inline_early__minus__block_early,inline_early,block_early,engagement_pope_frontocentral_beta_over_alpha_theta,exploratory,-0.3770479607808159
lab_subject_2,dataset_b,raw_post_minus_pre,inline_early__minus__block_early,inline_early,block_early,engagement_pope_frontocentral_beta_over_alpha_theta,exploratory,3.1251953126591006
lab_subject_3,dataset_b,raw_post_minus_pre,inline_early__minus__block_early,inline_early,block_early,engagement_pope_frontocentral_beta_over_alpha_theta,exploratory,-0.10475415190617021
lab_subject_5,dataset_b,raw_post_minus_pre,inline_early__minus__block_early,inline_early,block_early,engagement_pope_frontocentral_beta_over_alpha_theta,exploratory,-0.8672859586561606
lab_subject_6,dataset_b,raw_post_minus_pre,inline_early__minus__block_early,inline_early,block_early,engagement_pope_frontocentral_beta_over_alpha_theta,exploratory,-0.36678296360274876
lab_subject_7,dataset_b,raw_post_minus_pre,inline_early__minus__block_early,inline_early,block_early,engagement_pope_frontocentral_beta_over_alpha_theta,exploratory,-0.26970019436152315
lab_subject_8,dataset_b,raw_post_minus_pre,inline_early__minus__block_early,inline_early,block_early,engagement_pope_frontocentral_beta_over_alpha_theta,exploratory,0.16945379164392904
lab_subject_9,dataset_b,raw_post_minus_pre,inline_early__minus__block_early,inline_early,block_early,engagement_pope_frontocentral_beta_over_alpha_theta,exploratory,0.5913898537749651
lab_subject_1,dataset_b,raw_post_minus_pre,inline_early__minus__block_late,inline_early,block_late,engagement_pope_frontocentral_beta_over_alpha_theta,exploratory,0.28084870949707974
lab_subject_10,dataset_b,raw_post_minus_pre,inline_early__minus__block_late,inline_early,block_late,engagement_pope_frontocentral_beta_over_alpha_theta,exploratory,-0.126927751861315
lab_subject_11,dataset_b,raw_post_minus_pre,inline_early__minus__block_late,inline_early,block_late,engagement_pope_frontocentral_beta_over_alpha_theta,exploratory,0.5598721980784636
lab_subject_12,dataset_b,raw_post_minus_pre,inline_early__minus__block_late,inline_early,block_late,engagement_pope_frontocentral_beta_over_alpha_theta,exploratory,0.5052832253153898
lab_subject_13,dataset_b,raw_post_minus_pre,inline_early__minus__block_late,inline_early,block_late,engagement_pope_frontocentral_beta_over_alpha_theta,exploratory,0.5560686878446282
lab_subject_14,dataset_b,raw_post_minus_pre,inline_early__minus__block_late,inline_early,block_late,engagement_pope_frontocentral_beta_over_alpha_theta,exploratory,0.07840716277891024
lab_subject_15,dataset_b,raw_post_minus_pre,inline_early__minus__block_late,inline_early,block_late,engagement_pope_frontocentral_beta_over_alpha_theta,exploratory,0.6430929392778457
lab_subject_16,dataset_b,raw_post_minus_pre,inline_early__minus__block_late,inline_early,block_late,engagement_pope_frontocentral_beta_over_alpha_theta,exploratory,1.0579952053694999
lab_subject_17,dataset_b,raw_post_minus_pre,inline_early__minus__block_late,inline_early,block_late,engagement_pope_frontocentral_beta_over_alpha_theta,exploratory,-0.4723404999741667
lab_subject_18,dataset_b,raw_post_minus_pre,inline_early__minus__block_late,inline_early,block_late,engagement_pope_frontocentral_beta_over_alpha_theta,exploratory,0.08810142976593349
lab_subject_19,dataset_b,raw_post_minus_pre,inline_early__minus__block_late,inline_early,block_late,engagement_pope_frontocentral_beta_over_alpha_theta,exploratory,0.03188362087020258
lab_subject_2,dataset_b,raw_post_minus_pre,inline_early__minus__block_late,inline_early,block_late,engagement_pope_frontocentral_beta_over_alpha_theta,exploratory,2.5564843029441007
lab_subject_3,dataset_b,raw_post_minus_pre,inline_early__minus__block_late,inline_early,block_late,engagement_pope_frontocentral_beta_over_alpha_theta,exploratory,-0.13573342261109977
lab_subject_5,dataset_b,raw_post_minus_pre,inline_early__minus__block_late,inline_early,block_late,engagement_pope_frontocentral_beta_over_alpha_theta,exploratory,-1.2158141364224073
lab_subject_6,dataset_b,raw_post_minus_pre,inline_early__minus__block_late,inline_early,block_late,engagement_pope_frontocentral_beta_over_alpha_theta,exploratory,-0.24349715823583162
lab_subject_7,dataset_b,raw_post_minus_pre,inline_early__minus__block_late,inline_early,block_late,engagement_pope_frontocentral_beta_over_alpha_theta,exploratory,-0.6627851710607151
lab_subject_8,dataset_b,raw_post_minus_pre,inline_early__minus__block_late,inline_early,block_late,engagement_pope_frontocentral_beta_over_alpha_theta,exploratory,-0.5121322246460207
lab_subject_9,dataset_b,raw_post_minus_pre,inline_early__minus__block_late,inline_early,block_late,engagement_pope_frontocentral_beta_over_alpha_theta,exploratory,-0.4227693303816975
lab_subject_1,dataset_b,raw_post_minus_pre,inline_late__minus__block_early,inline_late,block_early,engagement_pope_frontocentral_beta_over_alpha_theta,exploratory,-3.19698934926543
lab_subject_10,dataset_b,raw_post_minus_pre,inline_late__minus__block_early,inline_late,block_early,engagement_pope_frontocentral_beta_over_alpha_theta,exploratory,-0.4648672367068812
lab_subject_11,dataset_b,raw_post_minus_pre,inline_late__minus__block_early,inline_late,block_early,engagement_pope_frontocentral_beta_over_alpha_theta,exploratory,-0.4156664076030067
lab_subject_12,dataset_b,raw_post_minus_pre,inline_late__minus__block_early,inline_late,block_early,engagement_pope_frontocentral_beta_over_alpha_theta,exploratory,0.014264293955672747
lab_subject_13,dataset_b,raw_post_minus_pre,inline_late__minus__block_early,inline_late,block_early,engagement_pope_frontocentral_beta_over_alpha_theta,exploratory,0.23645640400122658
lab_subject_14,dataset_b,raw_post_minus_pre,inline_late__minus__block_early,inline_late,block_early,engagement_pope_frontocentral_beta_over_alpha_theta,exploratory,0.7730747370592177
lab_subject_15,dataset_b,raw_post_minus_pre,inline_late__minus__block_early,inline_late,block_early,engagement_pope_frontocentral_beta_over_alpha_theta,exploratory,0.29433097438053657
lab_subject_16,dataset_b,raw_post_minus_pre,inline_late__minus__block_early,inline_late,block_early,engagement_pope_frontocentral_beta_over_alpha_theta,exploratory,1.049046510885776
lab_subject_17,dataset_b,raw_post_minus_pre,inline_late__minus__block_early,inline_late,block_early,engagement_pope_frontocentral_beta_over_alpha_theta,exploratory,0.08156403585238681
lab_subject_18,dataset_b,raw_post_minus_pre,inline_late__minus__block_early,inline_late,block_early,engagement_pope_frontocentral_beta_over_alpha_theta,exploratory,0.07500971526823585
lab_subject_19,dataset_b,raw_post_minus_pre,inline_late__minus__block_early,inline_late,block_early,engagement_pope_frontocentral_beta_over_alpha_theta,exploratory,0.08312463984536661
lab_subject_2,dataset_b,raw_post_minus_pre,inline_late__minus__block_early,inline_late,block_early,engagement_pope_frontocentral_beta_over_alpha_theta,exploratory,0.3361805248455255
lab_subject_3,dataset_b,raw_post_minus_pre,inline_late__minus__block_early,inline_late,block_early,engagement_pope_frontocentral_beta_over_alpha_theta,exploratory,0.143945205754744
lab_subject_5,dataset_b,raw_post_minus_pre,inline_late__minus__block_early,inline_late,block_early,engagement_pope_frontocentral_beta_over_alpha_theta,exploratory,-0.22490409431744174
lab_subject_6,dataset_b,raw_post_minus_pre,inline_late__minus__block_early,inline_late,block_early,engagement_pope_frontocentral_beta_over_alpha_theta,exploratory,0.08467013138302015
lab_subject_7,dataset_b,raw_post_minus_pre,inline_late__minus__block_early,inline_late,block_early,engagement_pope_frontocentral_beta_over_alpha_theta,exploratory,-0.41555428144268836
lab_subject_8,dataset_b,raw_post_minus_pre,inline_late__minus__block_early,inline_late,block_early,engagement_pope_frontocentral_beta_over_alpha_theta,exploratory,0.4902062368951998
lab_subject_9,dataset_b,raw_post_minus_pre,inline_late__minus__block_early,inline_late,block_early,engagement_pope_frontocentral_beta_over_alpha_theta,exploratory,1.598491367715482
lab_subject_1,dataset_b,raw_post_minus_pre,inline_late__minus__block_late,inline_late,block_late,engagement_pope_frontocentral_beta_over_alpha_theta,exploratory,-3.435339257441781
lab_subject_10,dataset_b,raw_post_minus_pre,inline_late__minus__block_late,inline_late,block_late,engagement_pope_frontocentral_beta_over_alpha_theta,exploratory,-0.38975215300195243
lab_subject_11,dataset_b,raw_post_minus_pre,inline_late__minus__block_late,inline_late,block_late,engagement_pope_frontocentral_beta_over_alpha_theta,exploratory,0.1354030162333248
lab_subject_12,dataset_b,raw_post_minus_pre,inline_late__minus__block_late,inline_late,block_late,engagement_pope_frontocentral_beta_over_alpha_theta,exploratory,0.06539679051237557
lab_subject_13,dataset_b,raw_post_minus_pre,inline_late__minus__block_late,inline_late,block_late,engagement_pope_frontocentral_beta_over_alpha_theta,exploratory,0.5009804215789004
lab_subject_14,dataset_b,raw_post_minus_pre,inline_late__minus__block_late,inline_late,block_late,engagement_pope_frontocentral_beta_over_alpha_theta,exploratory,0.2850888482035374
lab_subject_15,dataset_b,raw_post_minus_pre,inline_late__minus__block_late,inline_late,block_late,engagement_pope_frontocentral_beta_over_alpha_theta,exploratory,-0.11911451962720293
lab_subject_16,dataset_b,raw_post_minus_pre,inline_late__minus__block_late,inline_late,block_late,engagement_pope_frontocentral_beta_over_alpha_theta,exploratory,2.2724091203505905
lab_subject_17,dataset_b,raw_post_minus_pre,inline_late__minus__block_late,inline_late,block_late,engagement_pope_frontocentral_beta_over_alpha_theta,exploratory,0.021875895654994926
lab_subject_18,dataset_b,raw_post_minus_pre,inline_late__minus__block_late,inline_late,block_late,engagement_pope_frontocentral_beta_over_alpha_theta,exploratory,2.3039766810566507
lab_subject_19,dataset_b,raw_post_minus_pre,inline_late__minus__block_late,inline_late,block_late,engagement_pope_frontocentral_beta_over_alpha_theta,exploratory,0.4920562214963851
lab_subject_2,dataset_b,raw_post_minus_pre,inline_late__minus__block_late,inline_late,block_late,engagement_pope_frontocentral_beta_over_alpha_theta,exploratory,-0.23253048486947436
lab_subject_3,dataset_b,raw_post_minus_pre,inline_late__minus__block_late,inline_late,block_late,engagement_pope_frontocentral_beta_over_alpha_theta,exploratory,0.11296593504981445
lab_subject_5,dataset_b,raw_post_minus_pre,inline_late__minus__block_late,inline_late,block_late,engagement_pope_frontocentral_beta_over_alpha_theta,exploratory,-0.5734322720836884
lab_subject_6,dataset_b,raw_post_minus_pre,inline_late__minus__block_late,inline_late,block_late,engagement_pope_frontocentral_beta_over_alpha_theta,exploratory,0.2079559367499373
lab_subject_7,dataset_b,raw_post_minus_pre,inline_late__minus__block_late,inline_late,block_late,engagement_pope_frontocentral_beta_over_alpha_theta,exploratory,-0.8086392581418803
lab_subject_8,dataset_b,raw_post_minus_pre,inline_late__minus__block_late,inline_late,block_late,engagement_pope_frontocentral_beta_over_alpha_theta,exploratory,-0.19137977939474993
lab_subject_9,dataset_b,raw_post_minus_pre,inline_late__minus__block_late,inline_late,block_late,engagement_pope_frontocentral_beta_over_alpha_theta,exploratory,0.5843321835588193
lab_subject_1,dataset_b,raw_post_minus_pre,block_early__minus__block_late,block_early,block_late,engagement_pope_frontocentral_beta_over_alpha_theta,exploratory,-0.2383499081763507
lab_subject_10,dataset_b,raw_post_minus_pre,block_early__minus__block_late,block_early,block_late,engagement_pope_frontocentral_beta_over_alpha_theta,exploratory,0.07511508370492875
lab_subject_11,dataset_b,raw_post_minus_pre,block_early__minus__block_late,block_early,block_late,engagement_pope_frontocentral_beta_over_alpha_theta,exploratory,0.5510694238363315
lab_subject_12,dataset_b,raw_post_minus_pre,block_early__minus__block_late,block_early,block_late,engagement_pope_frontocentral_beta_over_alpha_theta,exploratory,0.05113249655670282
lab_subject_13,dataset_b,raw_post_minus_pre,block_early__minus__block_late,block_early,block_late,engagement_pope_frontocentral_beta_over_alpha_theta,exploratory,0.26452401757767385
lab_subject_14,dataset_b,raw_post_minus_pre,block_early__minus__block_late,block_early,block_late,engagement_pope_frontocentral_beta_over_alpha_theta,exploratory,-0.4879858888556803
lab_subject_15,dataset_b,raw_post_minus_pre,block_early__minus__block_late,block_early,block_late,engagement_pope_frontocentral_beta_over_alpha_theta,exploratory,-0.4134454940077395
lab_subject_16,dataset_b,raw_post_minus_pre,block_early__minus__block_late,block_early,block_late,engagement_pope_frontocentral_beta_over_alpha_theta,exploratory,1.2233626094648142
lab_subject_17,dataset_b,raw_post_minus_pre,block_early__minus__block_late,block_early,block_late,engagement_pope_frontocentral_beta_over_alpha_theta,exploratory,-0.05968814019739188
lab_subject_18,dataset_b,raw_post_minus_pre,block_early__minus__block_late,block_early,block_late,engagement_pope_frontocentral_beta_over_alpha_theta,exploratory,2.228966965788415
lab_subject_19,dataset_b,raw_post_minus_pre,block_early__minus__block_late,block_early,block_late,engagement_pope_frontocentral_beta_over_alpha_theta,exploratory,0.4089315816510185
lab_subject_2,dataset_b,raw_post_minus_pre,block_early__minus__block_late,block_early,block_late,engagement_pope_frontocentral_beta_over_alpha_theta,exploratory,-0.5687110097149999
lab_subject_3,dataset_b,raw_post_minus_pre,block_early__minus__block_late,block_early,block_late,engagement_pope_frontocentral_beta_over_alpha_theta,exploratory,-0.030979270704929562
lab_subject_5,dataset_b,raw_post_minus_pre,block_early__minus__block_late,block_early,block_late,engagement_pope_frontocentral_beta_over_alpha_theta,exploratory,-0.34852817776624667
lab_subject_6,dataset_b,raw_post_minus_pre,block_early__minus__block_late,block_early,block_late,engagement_pope_frontocentral_beta_over_alpha_theta,exploratory,0.12328580536691713
lab_subject_7,dataset_b,raw_post_minus_pre,block_early__minus__block_late,block_early,block_late,engagement_pope_frontocentral_beta_over_alpha_theta,exploratory,-0.39308497669919196
lab_subject_8,dataset_b,raw_post_minus_pre,block_early__minus__block_late,block_early,block_late,engagement_pope_frontocentral_beta_over_alpha_theta,exploratory,-0.6815860162899497
lab_subject_9,dataset_b,raw_post_minus_pre,block_early__minus__block_late,block_early,block_late,engagement_pope_frontocentral_beta_over_alpha_theta,exploratory,-1.0141591841566626
lab_subject_1,dataset_b,delta_matched_control,inline_early__minus__inline_late,inline_early,inline_late,engagement_kislov_central_beta16_24_over_alpha8_12,exploratory,1.7066537708757883
lab_subject_10,dataset_b,delta_matched_control,inline_early__minus__inline_late,inline_early,inline_late,engagement_kislov_central_beta16_24_over_alpha8_12,exploratory,0.16979715446934696
lab_subject_11,dataset_b,delta_matched_control,inline_early__minus__inline_late,inline_early,inline_late,engagement_kislov_central_beta16_24_over_alpha8_12,exploratory,-0.018711720982611313
lab_subject_12,dataset_b,delta_matched_control,inline_early__minus__inline_late,inline_early,inline_late,engagement_kislov_central_beta16_24_over_alpha8_12,exploratory,-0.5006355151108816
lab_subject_13,dataset_b,delta_matched_control,inline_early__minus__inline_late,inline_early,inline_late,engagement_kislov_central_beta16_24_over_alpha8_12,exploratory,-1.319816213123871
lab_subject_14,dataset_b,delta_matched_control,inline_early__minus__inline_late,inline_early,inline_late,engagement_kislov_central_beta16_24_over_alpha8_12,exploratory,-1.177764867477785
lab_subject_15,dataset_b,delta_matched_control,inline_early__minus__inline_late,inline_early,inline_late,engagement_kislov_central_beta16_24_over_alpha8_12,exploratory,0.8365782133121115
lab_subject_16,dataset_b,delta_matched_control,inline_early__minus__inline_late,inline_early,inline_late,engagement_kislov_central_beta16_24_over_alpha8_12,exploratory,1.0687720115306192
lab_subject_17,dataset_b,delta_matched_control,inline_early__minus__inline_late,inline_early,inline_late,engagement_kislov_central_beta16_24_over_alpha8_12,exploratory,-1.0203754146165696
lab_subject_18,dataset_b,delta_matched_control,inline_early__minus__inline_late,inline_early,inline_late,engagement_kislov_central_beta16_24_over_alpha8_12,exploratory,-0.07561971249143218
lab_subject_19,dataset_b,delta_matched_control,inline_early__minus__inline_late,inline_early,inline_late,engagement_kislov_central_beta16_24_over_alpha8_12,exploratory,-1.055760498463933
lab_subject_2,dataset_b,delta_matched_control,inline_early__minus__inline_late,inline_early,inline_late,engagement_kislov_central_beta16_24_over_alpha8_12,exploratory,6.853605032516001
lab_subject_3,dataset_b,delta_matched_control,inline_early__minus__inline_late,inline_early,inline_late,engagement_kislov_central_beta16_24_over_alpha8_12,exploratory,0.639024226051877
lab_subject_5,dataset_b,delta_matched_control,inline_early__minus__inline_late,inline_early,inline_late,engagement_kislov_central_beta16_24_over_alpha8_12,exploratory,-0.9292896730069369
lab_subject_6,dataset_b,delta_matched_control,inline_early__minus__inline_late,inline_early,inline_late,engagement_kislov_central_beta16_24_over_alpha8_12,exploratory,-1.4882423468617616
lab_subject_7,dataset_b,delta_matched_control,inline_early__minus__inline_late,inline_early,inline_late,engagement_kislov_central_beta16_24_over_alpha8_12,exploratory,-2.1139164422467784
lab_subject_8,dataset_b,delta_matched_control,inline_early__minus__inline_late,inline_early,inline_late,engagement_kislov_central_beta16_24_over_alpha8_12,exploratory,-1.2842700613438947
lab_subject_9,dataset_b,delta_matched_control,inline_early__minus__inline_late,inline_early,inline_late,engagement_kislov_central_beta16_24_over_alpha8_12,exploratory,0.5332979123287296
lab_subject_1,dataset_b,delta_matched_control,inline_early__minus__block_early,inline_early,block_early,engagement_kislov_central_beta16_24_over_alpha8_12,exploratory,-4.0580508016853285
lab_subject_10,dataset_b,delta_matched_control,inline_early__minus__block_early,inline_early,block_early,engagement_kislov_central_beta16_24_over_alpha8_12,exploratory,0.10322797913260529
lab_subject_11,dataset_b,delta_matched_control,inline_early__minus__block_early,inline_early,block_early,engagement_kislov_central_beta16_24_over_alpha8_12,exploratory,0.09377365340779403
lab_subject_12,dataset_b,delta_matched_control,inline_early__minus__block_early,inline_early,block_early,engagement_kislov_central_beta16_24_over_alpha8_12,exploratory,0.35402496305583314
lab_subject_13,dataset_b,delta_matched_control,inline_early__minus__block_early,inline_early,block_early,engagement_kislov_central_beta16_24_over_alpha8_12,exploratory,0.8620241650991884
lab_subject_14,dataset_b,delta_matched_control,inline_early__minus__block_early,inline_early,block_early,engagement_kislov_central_beta16_24_over_alpha8_12,exploratory,1.2095665137664915
lab_subject_15,dataset_b,delta_matched_control,inline_early__minus__block_early,inline_early,block_early,engagement_kislov_central_beta16_24_over_alpha8_12,exploratory,0.00691202773992039
lab_subject_16,dataset_b,delta_matched_control,inline_early__minus__block_early,inline_early,block_early,engagement_kislov_central_beta16_24_over_alpha8_12,exploratory,0.1185529269020762
lab_subject_17,dataset_b,delta_matched_control,inline_early__minus__block_early,inline_early,block_early,engagement_kislov_central_beta16_24_over_alpha8_12,exploratory,-0.643454599045675
lab_subject_18,dataset_b,delta_matched_control,inline_early__minus__block_early,inline_early,block_early,engagement_kislov_central_beta16_24_over_alpha8_12,exploratory,-1.8442718462397985
lab_subject_19,dataset_b,delta_matched_control,inline_early__minus__block_early,inline_early,block_early,engagement_kislov_central_beta16_24_over_alpha8_12,exploratory,-1.2157407940317864
lab_subject_2,dataset_b,delta_matched_control,inline_early__minus__block_early,inline_early,block_early,engagement_kislov_central_beta16_24_over_alpha8_12,exploratory,5.5347061063917735
lab_subject_3,dataset_b,delta_matched_control,inline_early__minus__block_early,inline_early,block_early,engagement_kislov_central_beta16_24_over_alpha8_12,exploratory,-0.7737618439404047
lab_subject_5,dataset_b,delta_matched_control,inline_early__minus__block_early,inline_early,block_early,engagement_kislov_central_beta16_24_over_alpha8_12,exploratory,-0.07951290095083707
lab_subject_6,dataset_b,delta_matched_control,inline_early__minus__block_early,inline_early,block_early,engagement_kislov_central_beta16_24_over_alpha8_12,exploratory,-2.1350452022085813
lab_subject_7,dataset_b,delta_matched_control,inline_early__minus__block_early,inline_early,block_early,engagement_kislov_central_beta16_24_over_alpha8_12,exploratory,0.49183285669116206
lab_subject_8,dataset_b,delta_matched_control,inline_early__minus__block_early,inline_early,block_early,engagement_kislov_central_beta16_24_over_alpha8_12,exploratory,-0.45972954552617895
lab_subject_9,dataset_b,delta_matched_control,inline_early__minus__block_early,inline_early,block_early,engagement_kislov_central_beta16_24_over_alpha8_12,exploratory,3.9727077364615866
lab_subject_1,dataset_b,delta_matched_control,inline_early__minus__block_late,inline_early,block_late,engagement_kislov_central_beta16_24_over_alpha8_12,exploratory,0.4653685270611252
lab_subject_10,dataset_b,delta_matched_control,inline_early__minus__block_late,inline_early,block_late,engagement_kislov_central_beta16_24_over_alpha8_12,exploratory,0.15434135919953507
lab_subject_11,dataset_b,delta_matched_control,inline_early__minus__block_late,inline_early,block_late,engagement_kislov_central_beta16_24_over_alpha8_12,exploratory,-0.15946275410968952
lab_subject_12,dataset_b,delta_matched_control,inline_early__minus__block_late,inline_early,block_late,engagement_kislov_central_beta16_24_over_alpha8_12,exploratory,-0.338718016773418
lab_subject_13,dataset_b,delta_matched_control,inline_early__minus__block_late,inline_early,block_late,engagement_kislov_central_beta16_24_over_alpha8_12,exploratory,-2.009127488270357
lab_subject_14,dataset_b,delta_matched_control,inline_early__minus__block_late,inline_early,block_late,engagement_kislov_central_beta16_24_over_alpha8_12,exploratory,-0.857028344023305
lab_subject_15,dataset_b,delta_matched_control,inline_early__minus__block_late,inline_early,block_late,engagement_kislov_central_beta16_24_over_alpha8_12,exploratory,-0.01231950658450398
lab_subject_16,dataset_b,delta_matched_control,inline_early__minus__block_late,inline_early,block_late,engagement_kislov_central_beta16_24_over_alpha8_12,exploratory,0.5643178948280871
lab_subject_17,dataset_b,delta_matched_control,inline_early__minus__block_late,inline_early,block_late,engagement_kislov_central_beta16_24_over_alpha8_12,exploratory,-1.2873031080474233
lab_subject_18,dataset_b,delta_matched_control,inline_early__minus__block_late,inline_early,block_late,engagement_kislov_central_beta16_24_over_alpha8_12,exploratory,1.8039383610904036
lab_subject_19,dataset_b,delta_matched_control,inline_early__minus__block_late,inline_early,block_late,engagement_kislov_central_beta16_24_over_alpha8_12,exploratory,-0.6403333685204442
lab_subject_2,dataset_b,delta_matched_control,inline_early__minus__block_late,inline_early,block_late,engagement_kislov_central_beta16_24_over_alpha8_12,exploratory,6.94414728617455
lab_subject_3,dataset_b,delta_matched_control,inline_early__minus__block_late,inline_early,block_late,engagement_kislov_central_beta16_24_over_alpha8_12,exploratory,0.8289355712477264
lab_subject_5,dataset_b,delta_matched_control,inline_early__minus__block_late,inline_early,block_late,engagement_kislov_central_beta16_24_over_alpha8_12,exploratory,-1.7525587189924252
lab_subject_6,dataset_b,delta_matched_control,inline_early__minus__block_late,inline_early,block_late,engagement_kislov_central_beta16_24_over_alpha8_12,exploratory,-1.0400036840905407
lab_subject_7,dataset_b,delta_matched_control,inline_early__minus__block_late,inline_early,block_late,engagement_kislov_central_beta16_24_over_alpha8_12,exploratory,-1.4027614019683345
lab_subject_8,dataset_b,delta_matched_control,inline_early__minus__block_late,inline_early,block_late,engagement_kislov_central_beta16_24_over_alpha8_12,exploratory,-1.2174705707656648
lab_subject_9,dataset_b,delta_matched_control,inline_early__minus__block_late,inline_early,block_late,engagement_kislov_central_beta16_24_over_alpha8_12,exploratory,2.4021147633592794
lab_subject_1,dataset_b,delta_matched_control,inline_late__minus__block_early,inline_late,block_early,engagement_kislov_central_beta16_24_over_alpha8_12,exploratory,-5.764704572561117
lab_subject_10,dataset_b,delta_matched_control,inline_late__minus__block_early,inline_late,block_early,engagement_kislov_central_beta16_24_over_alpha8_12,exploratory,-0.06656917533674167
lab_subject_11,dataset_b,delta_matched_control,inline_late__minus__block_early,inline_late,block_early,engagement_kislov_central_beta16_24_over_alpha8_12,exploratory,0.11248537439040535
lab_subject_12,dataset_b,delta_matched_control,inline_late__minus__block_early,inline_late,block_early,engagement_kislov_central_beta16_24_over_alpha8_12,exploratory,0.8546604781667146
lab_subject_13,dataset_b,delta_matched_control,inline_late__minus__block_early,inline_late,block_early,engagement_kislov_central_beta16_24_over_alpha8_12,exploratory,2.1818403782230593
lab_subject_14,dataset_b,delta_matched_control,inline_late__minus__block_early,inline_late,block_early,engagement_kislov_central_beta16_24_over_alpha8_12,exploratory,2.3873313812442767
lab_subject_15,dataset_b,delta_matched_control,inline_late__minus__block_early,inline_late,block_early,engagement_kislov_central_beta16_24_over_alpha8_12,exploratory,-0.8296661855721911
lab_subject_16,dataset_b,delta_matched_control,inline_late__minus__block_early,inline_late,block_early,engagement_kislov_central_beta16_24_over_alpha8_12,exploratory,-0.950219084628543
lab_subject_17,dataset_b,delta_matched_control,inline_late__minus__block_early,inline_late,block_early,engagement_kislov_central_beta16_24_over_alpha8_12,exploratory,0.3769208155708946
lab_subject_18,dataset_b,delta_matched_control,inline_late__minus__block_early,inline_late,block_early,engagement_kislov_central_beta16_24_over_alpha8_12,exploratory,-1.7686521337483663
lab_subject_19,dataset_b,delta_matched_control,inline_late__minus__block_early,inline_late,block_early,engagement_kislov_central_beta16_24_over_alpha8_12,exploratory,-0.15998029556785343
lab_subject_2,dataset_b,delta_matched_control,inline_late__minus__block_early,inline_late,block_early,engagement_kislov_central_beta16_24_over_alpha8_12,exploratory,-1.3188989261242283
lab_subject_3,dataset_b,delta_matched_control,inline_late__minus__block_early,inline_late,block_early,engagement_kislov_central_beta16_24_over_alpha8_12,exploratory,-1.4127860699922818
lab_subject_5,dataset_b,delta_matched_control,inline_late__minus__block_early,inline_late,block_early,engagement_kislov_central_beta16_24_over_alpha8_12,exploratory,0.8497767720560998
lab_subject_6,dataset_b,delta_matched_control,inline_late__minus__block_early,inline_late,block_early,engagement_kislov_central_beta16_24_over_alpha8_12,exploratory,-0.6468028553468199
lab_subject_7,dataset_b,delta_matched_control,inline_late__minus__block_early,inline_late,block_early,engagement_kislov_central_beta16_24_over_alpha8_12,exploratory,2.6057492989379405
lab_subject_8,dataset_b,delta_matched_control,inline_late__minus__block_early,inline_late,block_early,engagement_kislov_central_beta16_24_over_alpha8_12,exploratory,0.8245405158177157
lab_subject_9,dataset_b,delta_matched_control,inline_late__minus__block_early,inline_late,block_early,engagement_kislov_central_beta16_24_over_alpha8_12,exploratory,3.4394098241328566
lab_subject_1,dataset_b,delta_matched_control,inline_late__minus__block_late,inline_late,block_late,engagement_kislov_central_beta16_24_over_alpha8_12,exploratory,-1.241285243814663
lab_subject_10,dataset_b,delta_matched_control,inline_late__minus__block_late,inline_late,block_late,engagement_kislov_central_beta16_24_over_alpha8_12,exploratory,-0.01545579526981189
lab_subject_11,dataset_b,delta_matched_control,inline_late__minus__block_late,inline_late,block_late,engagement_kislov_central_beta16_24_over_alpha8_12,exploratory,-0.1407510331270782
lab_subject_12,dataset_b,delta_matched_control,inline_late__minus__block_late,inline_late,block_late,engagement_kislov_central_beta16_24_over_alpha8_12,exploratory,0.16191749833746355
lab_subject_13,dataset_b,delta_matched_control,inline_late__minus__block_late,inline_late,block_late,engagement_kislov_central_beta16_24_over_alpha8_12,exploratory,-0.6893112751464856
lab_subject_14,dataset_b,delta_matched_control,inline_late__minus__block_late,inline_late,block_late,engagement_kislov_central_beta16_24_over_alpha8_12,exploratory,0.32073652345448
lab_subject_15,dataset_b,delta_matched_control,inline_late__minus__block_late,inline_late,block_late,engagement_kislov_central_beta16_24_over_alpha8_12,exploratory,-0.8488977198966154
lab_subject_16,dataset_b,delta_matched_control,inline_late__minus__block_late,inline_late,block_late,engagement_kislov_central_beta16_24_over_alpha8_12,exploratory,-0.504454116702532
lab_subject_17,dataset_b,delta_matched_control,inline_late__minus__block_late,inline_late,block_late,engagement_kislov_central_beta16_24_over_alpha8_12,exploratory,-0.26692769343085365
lab_subject_18,dataset_b,delta_matched_control,inline_late__minus__block_late,inline_late,block_late,engagement_kislov_central_beta16_24_over_alpha8_12,exploratory,1.8795580735818358
lab_subject_19,dataset_b,delta_matched_control,inline_late__minus__block_late,inline_late,block_late,engagement_kislov_central_beta16_24_over_alpha8_12,exploratory,0.41542712994348874
lab_subject_2,dataset_b,delta_matched_control,inline_late__minus__block_late,inline_late,block_late,engagement_kislov_central_beta16_24_over_alpha8_12,exploratory,0.09054225365854884
lab_subject_3,dataset_b,delta_matched_control,inline_late__minus__block_late,inline_late,block_late,engagement_kislov_central_beta16_24_over_alpha8_12,exploratory,0.1899113451958494
lab_subject_5,dataset_b,delta_matched_control,inline_late__minus__block_late,inline_late,block_late,engagement_kislov_central_beta16_24_over_alpha8_12,exploratory,-0.8232690459854883
lab_subject_6,dataset_b,delta_matched_control,inline_late__minus__block_late,inline_late,block_late,engagement_kislov_central_beta16_24_over_alpha8_12,exploratory,0.44823866277122104
lab_subject_7,dataset_b,delta_matched_control,inline_late__minus__block_late,inline_late,block_late,engagement_kislov_central_beta16_24_over_alpha8_12,exploratory,0.7111550402784441
lab_subject_8,dataset_b,delta_matched_control,inline_late__minus__block_late,inline_late,block_late,engagement_kislov_central_beta16_24_over_alpha8_12,exploratory,0.06679949057822987
lab_subject_9,dataset_b,delta_matched_control,inline_late__minus__block_late,inline_late,block_late,engagement_kislov_central_beta16_24_over_alpha8_12,exploratory,1.8688168510305498
lab_subject_1,dataset_b,delta_matched_control,block_early__minus__block_late,block_early,block_late,engagement_kislov_central_beta16_24_over_alpha8_12,exploratory,4.523419328746454
lab_subject_10,dataset_b,delta_matched_control,block_early__minus__block_late,block_early,block_late,engagement_kislov_central_beta16_24_over_alpha8_12,exploratory,0.05111338006692978
lab_subject_11,dataset_b,delta_matched_control,block_early__minus__block_late,block_early,block_late,engagement_kislov_central_beta16_24_over_alpha8_12,exploratory,-0.25323640751748355
lab_subject_12,dataset_b,delta_matched_control,block_early__minus__block_late,block_early,block_late,engagement_kislov_central_beta16_24_over_alpha8_12,exploratory,-0.6927429798292511
lab_subject_13,dataset_b,delta_matched_control,block_early__minus__block_late,block_early,block_late,engagement_kislov_central_beta16_24_over_alpha8_12,exploratory,-2.8711516533695454
lab_subject_14,dataset_b,delta_matched_control,block_early__minus__block_late,block_early,block_late,engagement_kislov_central_beta16_24_over_alpha8_12,exploratory,-2.0665948577897963
lab_subject_15,dataset_b,delta_matched_control,block_early__minus__block_late,block_early,block_late,engagement_kislov_central_beta16_24_over_alpha8_12,exploratory,-0.01923153432442437
lab_subject_16,dataset_b,delta_matched_control,block_early__minus__block_late,block_early,block_late,engagement_kislov_central_beta16_24_over_alpha8_12,exploratory,0.44576496792601095
lab_subject_17,dataset_b,delta_matched_control,block_early__minus__block_late,block_early,block_late,engagement_kislov_central_beta16_24_over_alpha8_12,exploratory,-0.6438485090017483
lab_subject_18,dataset_b,delta_matched_control,block_early__minus__block_late,block_early,block_late,engagement_kislov_central_beta16_24_over_alpha8_12,exploratory,3.648210207330202
lab_subject_19,dataset_b,delta_matched_control,block_early__minus__block_late,block_early,block_late,engagement_kislov_central_beta16_24_over_alpha8_12,exploratory,0.5754074255113422
lab_subject_2,dataset_b,delta_matched_control,block_early__minus__block_late,block_early,block_late,engagement_kislov_central_beta16_24_over_alpha8_12,exploratory,1.4094411797827773
lab_subject_3,dataset_b,delta_matched_control,block_early__minus__block_late,block_early,block_late,engagement_kislov_central_beta16_24_over_alpha8_12,exploratory,1.602697415188131
lab_subject_5,dataset_b,delta_matched_control,block_early__minus__block_late,block_early,block_late,engagement_kislov_central_beta16_24_over_alpha8_12,exploratory,-1.6730458180415881
lab_subject_6,dataset_b,delta_matched_control,block_early__minus__block_late,block_early,block_late,engagement_kislov_central_beta16_24_over_alpha8_12,exploratory,1.095041518118041
lab_subject_7,dataset_b,delta_matched_control,block_early__minus__block_late,block_early,block_late,engagement_kislov_central_beta16_24_over_alpha8_12,exploratory,-1.8945942586594966
lab_subject_8,dataset_b,delta_matched_control,block_early__minus__block_late,block_early,block_late,engagement_kislov_central_beta16_24_over_alpha8_12,exploratory,-0.7577410252394858
lab_subject_9,dataset_b,delta_matched_control,block_early__minus__block_late,block_early,block_late,engagement_kislov_central_beta16_24_over_alpha8_12,exploratory,-1.570592973102307
lab_subject_1,dataset_b,raw_post_minus_pre,inline_early__minus__inline_late,inline_early,inline_late,engagement_kislov_central_beta16_24_over_alpha8_12,exploratory,1.0981531956019235
lab_subject_10,dataset_b,raw_post_minus_pre,inline_early__minus__inline_late,inline_early,inline_late,engagement_kislov_central_beta16_24_over_alpha8_12,exploratory,-0.018167270008977277
lab_subject_11,dataset_b,raw_post_minus_pre,inline_early__minus__inline_late,inline_early,inline_late,engagement_kislov_central_beta16_24_over_alpha8_12,exploratory,-0.2092587341547958
lab_subject_12,dataset_b,raw_post_minus_pre,inline_early__minus__inline_late,inline_early,inline_late,engagement_kislov_central_beta16_24_over_alpha8_12,exploratory,-0.260948665479661
lab_subject_13,dataset_b,raw_post_minus_pre,inline_early__minus__inline_late,inline_early,inline_late,engagement_kislov_central_beta16_24_over_alpha8_12,exploratory,1.026152181570538
lab_subject_14,dataset_b,raw_post_minus_pre,inline_early__minus__inline_late,inline_early,inline_late,engagement_kislov_central_beta16_24_over_alpha8_12,exploratory,0.4763604723340127
lab_subject_15,dataset_b,raw_post_minus_pre,inline_early__minus__inline_late,inline_early,inline_late,engagement_kislov_central_beta16_24_over_alpha8_12,exploratory,0.4330556868223624
lab_subject_16,dataset_b,raw_post_minus_pre,inline_early__minus__inline_late,inline_early,inline_late,engagement_kislov_central_beta16_24_over_alpha8_12,exploratory,0.9972920964420964
lab_subject_17,dataset_b,raw_post_minus_pre,inline_early__minus__inline_late,inline_early,inline_late,engagement_kislov_central_beta16_24_over_alpha8_12,exploratory,-0.666895945722851
lab_subject_18,dataset_b,raw_post_minus_pre,inline_early__minus__inline_late,inline_early,inline_late,engagement_kislov_central_beta16_24_over_alpha8_12,exploratory,-1.3590036286267002
lab_subject_19,dataset_b,raw_post_minus_pre,inline_early__minus__inline_late,inline_early,inline_late,engagement_kislov_central_beta16_24_over_alpha8_12,exploratory,-1.2975916408390118
lab_subject_2,dataset_b,raw_post_minus_pre,inline_early__minus__inline_late,inline_early,inline_late,engagement_kislov_central_beta16_24_over_alpha8_12,exploratory,5.641321024710155
lab_subject_3,dataset_b,raw_post_minus_pre,inline_early__minus__inline_late,inline_early,inline_late,engagement_kislov_central_beta16_24_over_alpha8_12,exploratory,-0.3457094083825305
lab_subject_5,dataset_b,raw_post_minus_pre,inline_early__minus__inline_late,inline_early,inline_late,engagement_kislov_central_beta16_24_over_alpha8_12,exploratory,-0.24999238989869443
lab_subject_6,dataset_b,raw_post_minus_pre,inline_early__minus__inline_late,inline_early,inline_late,engagement_kislov_central_beta16_24_over_alpha8_12,exploratory,-1.078113185097813
lab_subject_7,dataset_b,raw_post_minus_pre,inline_early__minus__inline_late,inline_early,inline_late,engagement_kislov_central_beta16_24_over_alpha8_12,exploratory,-0.08628578673814324
lab_subject_8,dataset_b,raw_post_minus_pre,inline_early__minus__inline_late,inline_early,inline_late,engagement_kislov_central_beta16_24_over_alpha8_12,exploratory,-0.4152247674371008
lab_subject_9,dataset_b,raw_post_minus_pre,inline_early__minus__inline_late,inline_early,inline_late,engagement_kislov_central_beta16_24_over_alpha8_12,exploratory,1.987853184811681
lab_subject_1,dataset_b,raw_post_minus_pre,inline_early__minus__block_early,inline_early,block_early,engagement_kislov_central_beta16_24_over_alpha8_12,exploratory,-4.058050801685329
lab_subject_10,dataset_b,raw_post_minus_pre,inline_early__minus__block_early,inline_early,block_early,engagement_kislov_central_beta16_24_over_alpha8_12,exploratory,0.10322797913260529
lab_subject_11,dataset_b,raw_post_minus_pre,inline_early__minus__block_early,inline_early,block_early,engagement_kislov_central_beta16_24_over_alpha8_12,exploratory,0.09377365340779403
lab_subject_12,dataset_b,raw_post_minus_pre,inline_early__minus__block_early,inline_early,block_early,engagement_kislov_central_beta16_24_over_alpha8_12,exploratory,0.35402496305583314
lab_subject_13,dataset_b,raw_post_minus_pre,inline_early__minus__block_early,inline_early,block_early,engagement_kislov_central_beta16_24_over_alpha8_12,exploratory,0.8620241650991882
lab_subject_14,dataset_b,raw_post_minus_pre,inline_early__minus__block_early,inline_early,block_early,engagement_kislov_central_beta16_24_over_alpha8_12,exploratory,1.2095665137664917
lab_subject_15,dataset_b,raw_post_minus_pre,inline_early__minus__block_early,inline_early,block_early,engagement_kislov_central_beta16_24_over_alpha8_12,exploratory,0.00691202773992039
lab_subject_16,dataset_b,raw_post_minus_pre,inline_early__minus__block_early,inline_early,block_early,engagement_kislov_central_beta16_24_over_alpha8_12,exploratory,0.1185529269020762
lab_subject_17,dataset_b,raw_post_minus_pre,inline_early__minus__block_early,inline_early,block_early,engagement_kislov_central_beta16_24_over_alpha8_12,exploratory,-0.643454599045675
lab_subject_18,dataset_b,raw_post_minus_pre,inline_early__minus__block_early,inline_early,block_early,engagement_kislov_central_beta16_24_over_alpha8_12,exploratory,-1.8442718462397985
lab_subject_19,dataset_b,raw_post_minus_pre,inline_early__minus__block_early,inline_early,block_early,engagement_kislov_central_beta16_24_over_alpha8_12,exploratory,-1.2157407940317864
lab_subject_2,dataset_b,raw_post_minus_pre,inline_early__minus__block_early,inline_early,block_early,engagement_kislov_central_beta16_24_over_alpha8_12,exploratory,5.534706106391773
lab_subject_3,dataset_b,raw_post_minus_pre,inline_early__minus__block_early,inline_early,block_early,engagement_kislov_central_beta16_24_over_alpha8_12,exploratory,-0.7737618439404047
lab_subject_5,dataset_b,raw_post_minus_pre,inline_early__minus__block_early,inline_early,block_early,engagement_kislov_central_beta16_24_over_alpha8_12,exploratory,-0.07951290095083707
lab_subject_6,dataset_b,raw_post_minus_pre,inline_early__minus__block_early,inline_early,block_early,engagement_kislov_central_beta16_24_over_alpha8_12,exploratory,-2.1350452022085813
lab_subject_7,dataset_b,raw_post_minus_pre,inline_early__minus__block_early,inline_early,block_early,engagement_kislov_central_beta16_24_over_alpha8_12,exploratory,0.4918328566911616
lab_subject_8,dataset_b,raw_post_minus_pre,inline_early__minus__block_early,inline_early,block_early,engagement_kislov_central_beta16_24_over_alpha8_12,exploratory,-0.45972954552617895
lab_subject_9,dataset_b,raw_post_minus_pre,inline_early__minus__block_early,inline_early,block_early,engagement_kislov_central_beta16_24_over_alpha8_12,exploratory,3.9727077364615866
lab_subject_1,dataset_b,raw_post_minus_pre,inline_early__minus__block_late,inline_early,block_late,engagement_kislov_central_beta16_24_over_alpha8_12,exploratory,-0.14313204821273962
lab_subject_10,dataset_b,raw_post_minus_pre,inline_early__minus__block_late,inline_early,block_late,engagement_kislov_central_beta16_24_over_alpha8_12,exploratory,-0.033623065278789166
lab_subject_11,dataset_b,raw_post_minus_pre,inline_early__minus__block_late,inline_early,block_late,engagement_kislov_central_beta16_24_over_alpha8_12,exploratory,-0.350009767281874
lab_subject_12,dataset_b,raw_post_minus_pre,inline_early__minus__block_late,inline_early,block_late,engagement_kislov_central_beta16_24_over_alpha8_12,exploratory,-0.09903116714219745
lab_subject_13,dataset_b,raw_post_minus_pre,inline_early__minus__block_late,inline_early,block_late,engagement_kislov_central_beta16_24_over_alpha8_12,exploratory,0.3368409064240524
lab_subject_14,dataset_b,raw_post_minus_pre,inline_early__minus__block_late,inline_early,block_late,engagement_kislov_central_beta16_24_over_alpha8_12,exploratory,0.7970969957884927
lab_subject_15,dataset_b,raw_post_minus_pre,inline_early__minus__block_late,inline_early,block_late,engagement_kislov_central_beta16_24_over_alpha8_12,exploratory,-0.41584203307425305
lab_subject_16,dataset_b,raw_post_minus_pre,inline_early__minus__block_late,inline_early,block_late,engagement_kislov_central_beta16_24_over_alpha8_12,exploratory,0.49283797973956434
lab_subject_17,dataset_b,raw_post_minus_pre,inline_early__minus__block_late,inline_early,block_late,engagement_kislov_central_beta16_24_over_alpha8_12,exploratory,-0.9338236391537047
lab_subject_18,dataset_b,raw_post_minus_pre,inline_early__minus__block_late,inline_early,block_late,engagement_kislov_central_beta16_24_over_alpha8_12,exploratory,0.5205544449551356
lab_subject_19,dataset_b,raw_post_minus_pre,inline_early__minus__block_late,inline_early,block_late,engagement_kislov_central_beta16_24_over_alpha8_12,exploratory,-0.8821645108955231
lab_subject_2,dataset_b,raw_post_minus_pre,inline_early__minus__block_late,inline_early,block_late,engagement_kislov_central_beta16_24_over_alpha8_12,exploratory,5.731863278368705
lab_subject_3,dataset_b,raw_post_minus_pre,inline_early__minus__block_late,inline_early,block_late,engagement_kislov_central_beta16_24_over_alpha8_12,exploratory,-0.1557980631866811
lab_subject_5,dataset_b,raw_post_minus_pre,inline_early__minus__block_late,inline_early,block_late,engagement_kislov_central_beta16_24_over_alpha8_12,exploratory,-1.0732614358841828
lab_subject_6,dataset_b,raw_post_minus_pre,inline_early__minus__block_late,inline_early,block_late,engagement_kislov_central_beta16_24_over_alpha8_12,exploratory,-0.6298745223265919
lab_subject_7,dataset_b,raw_post_minus_pre,inline_early__minus__block_late,inline_early,block_late,engagement_kislov_central_beta16_24_over_alpha8_12,exploratory,0.6248692535403009
lab_subject_8,dataset_b,raw_post_minus_pre,inline_early__minus__block_late,inline_early,block_late,engagement_kislov_central_beta16_24_over_alpha8_12,exploratory,-0.3484252768588709
lab_subject_9,dataset_b,raw_post_minus_pre,inline_early__minus__block_late,inline_early,block_late,engagement_kislov_central_beta16_24_over_alpha8_12,exploratory,3.856670035842231
lab_subject_1,dataset_b,raw_post_minus_pre,inline_late__minus__block_early,inline_late,block_early,engagement_kislov_central_beta16_24_over_alpha8_12,exploratory,-5.156203997287252
lab_subject_10,dataset_b,raw_post_minus_pre,inline_late__minus__block_early,inline_late,block_early,engagement_kislov_central_beta16_24_over_alpha8_12,exploratory,0.12139524914158256
lab_subject_11,dataset_b,raw_post_minus_pre,inline_late__minus__block_early,inline_late,block_early,engagement_kislov_central_beta16_24_over_alpha8_12,exploratory,0.3030323875625898
lab_subject_12,dataset_b,raw_post_minus_pre,inline_late__minus__block_early,inline_late,block_early,engagement_kislov_central_beta16_24_over_alpha8_12,exploratory,0.6149736285354942
lab_subject_13,dataset_b,raw_post_minus_pre,inline_late__minus__block_early,inline_late,block_early,engagement_kislov_central_beta16_24_over_alpha8_12,exploratory,-0.16412801647134978
lab_subject_14,dataset_b,raw_post_minus_pre,inline_late__minus__block_early,inline_late,block_early,engagement_kislov_central_beta16_24_over_alpha8_12,exploratory,0.733206041432479
lab_subject_15,dataset_b,raw_post_minus_pre,inline_late__minus__block_early,inline_late,block_early,engagement_kislov_central_beta16_24_over_alpha8_12,exploratory,-0.426143659082442
lab_subject_16,dataset_b,raw_post_minus_pre,inline_late__minus__block_early,inline_late,block_early,engagement_kislov_central_beta16_24_over_alpha8_12,exploratory,-0.8787391695400202
lab_subject_17,dataset_b,raw_post_minus_pre,inline_late__minus__block_early,inline_late,block_early,engagement_kislov_central_beta16_24_over_alpha8_12,exploratory,0.023441346677175956
lab_subject_18,dataset_b,raw_post_minus_pre,inline_late__minus__block_early,inline_late,block_early,engagement_kislov_central_beta16_24_over_alpha8_12,exploratory,-0.4852682176130982
lab_subject_19,dataset_b,raw_post_minus_pre,inline_late__minus__block_early,inline_late,block_early,engagement_kislov_central_beta16_24_over_alpha8_12,exploratory,0.08185084680722543
lab_subject_2,dataset_b,raw_post_minus_pre,inline_late__minus__block_early,inline_late,block_early,engagement_kislov_central_beta16_24_over_alpha8_12,exploratory,-0.10661491831838277
lab_subject_3,dataset_b,raw_post_minus_pre,inline_late__minus__block_early,inline_late,block_early,engagement_kislov_central_beta16_24_over_alpha8_12,exploratory,-0.4280524355578742
lab_subject_5,dataset_b,raw_post_minus_pre,inline_late__minus__block_early,inline_late,block_early,engagement_kislov_central_beta16_24_over_alpha8_12,exploratory,0.17047948894785736
lab_subject_6,dataset_b,raw_post_minus_pre,inline_late__minus__block_early,inline_late,block_early,engagement_kislov_central_beta16_24_over_alpha8_12,exploratory,-1.0569320171107686
lab_subject_7,dataset_b,raw_post_minus_pre,inline_late__minus__block_early,inline_late,block_early,engagement_kislov_central_beta16_24_over_alpha8_12,exploratory,0.5781186434293049
lab_subject_8,dataset_b,raw_post_minus_pre,inline_late__minus__block_early,inline_late,block_early,engagement_kislov_central_beta16_24_over_alpha8_12,exploratory,-0.044504778089078156
lab_subject_9,dataset_b,raw_post_minus_pre,inline_late__minus__block_early,inline_late,block_early,engagement_kislov_central_beta16_24_over_alpha8_12,exploratory,1.9848545516499054
lab_subject_1,dataset_b,raw_post_minus_pre,inline_late__minus__block_late,inline_late,block_late,engagement_kislov_central_beta16_24_over_alpha8_12,exploratory,-1.241285243814663
lab_subject_10,dataset_b,raw_post_minus_pre,inline_late__minus__block_late,inline_late,block_late,engagement_kislov_central_beta16_24_over_alpha8_12,exploratory,-0.01545579526981189
lab_subject_11,dataset_b,raw_post_minus_pre,inline_late__minus__block_late,inline_late,block_late,engagement_kislov_central_beta16_24_over_alpha8_12,exploratory,-0.1407510331270782
lab_subject_12,dataset_b,raw_post_minus_pre,inline_late__minus__block_late,inline_late,block_late,engagement_kislov_central_beta16_24_over_alpha8_12,exploratory,0.16191749833746358
lab_subject_13,dataset_b,raw_post_minus_pre,inline_late__minus__block_late,inline_late,block_late,engagement_kislov_central_beta16_24_over_alpha8_12,exploratory,-0.6893112751464856
lab_subject_14,dataset_b,raw_post_minus_pre,inline_late__minus__block_late,inline_late,block_late,engagement_kislov_central_beta16_24_over_alpha8_12,exploratory,0.32073652345448
lab_subject_15,dataset_b,raw_post_minus_pre,inline_late__minus__block_late,inline_late,block_late,engagement_kislov_central_beta16_24_over_alpha8_12,exploratory,-0.8488977198966154
lab_subject_16,dataset_b,raw_post_minus_pre,inline_late__minus__block_late,inline_late,block_late,engagement_kislov_central_beta16_24_over_alpha8_12,exploratory,-0.504454116702532
lab_subject_17,dataset_b,raw_post_minus_pre,inline_late__minus__block_late,inline_late,block_late,engagement_kislov_central_beta16_24_over_alpha8_12,exploratory,-0.26692769343085365
lab_subject_18,dataset_b,raw_post_minus_pre,inline_late__minus__block_late,inline_late,block_late,engagement_kislov_central_beta16_24_over_alpha8_12,exploratory,1.8795580735818358
lab_subject_19,dataset_b,raw_post_minus_pre,inline_late__minus__block_late,inline_late,block_late,engagement_kislov_central_beta16_24_over_alpha8_12,exploratory,0.41542712994348874
lab_subject_2,dataset_b,raw_post_minus_pre,inline_late__minus__block_late,inline_late,block_late,engagement_kislov_central_beta16_24_over_alpha8_12,exploratory,0.09054225365854884
lab_subject_3,dataset_b,raw_post_minus_pre,inline_late__minus__block_late,inline_late,block_late,engagement_kislov_central_beta16_24_over_alpha8_12,exploratory,0.1899113451958494
lab_subject_5,dataset_b,raw_post_minus_pre,inline_late__minus__block_late,inline_late,block_late,engagement_kislov_central_beta16_24_over_alpha8_12,exploratory,-0.8232690459854883
lab_subject_6,dataset_b,raw_post_minus_pre,inline_late__minus__block_late,inline_late,block_late,engagement_kislov_central_beta16_24_over_alpha8_12,exploratory,0.44823866277122104
lab_subject_7,dataset_b,raw_post_minus_pre,inline_late__minus__block_late,inline_late,block_late,engagement_kislov_central_beta16_24_over_alpha8_12,exploratory,0.7111550402784441
lab_subject_8,dataset_b,raw_post_minus_pre,inline_late__minus__block_late,inline_late,block_late,engagement_kislov_central_beta16_24_over_alpha8_12,exploratory,0.06679949057822987
lab_subject_9,dataset_b,raw_post_minus_pre,inline_late__minus__block_late,inline_late,block_late,engagement_kislov_central_beta16_24_over_alpha8_12,exploratory,1.8688168510305496
lab_subject_1,dataset_b,raw_post_minus_pre,block_early__minus__block_late,block_early,block_late,engagement_kislov_central_beta16_24_over_alpha8_12,exploratory,3.9149187534725893
lab_subject_10,dataset_b,raw_post_minus_pre,block_early__minus__block_late,block_early,block_late,engagement_kislov_central_beta16_24_over_alpha8_12,exploratory,-0.13685104441139445
lab_subject_11,dataset_b,raw_post_minus_pre,block_early__minus__block_late,block_early,block_late,engagement_kislov_central_beta16_24_over_alpha8_12,exploratory,-0.44378342068966803
lab_subject_12,dataset_b,raw_post_minus_pre,block_early__minus__block_late,block_early,block_late,engagement_kislov_central_beta16_24_over_alpha8_12,exploratory,-0.4530561301980306
lab_subject_13,dataset_b,raw_post_minus_pre,block_early__minus__block_late,block_early,block_late,engagement_kislov_central_beta16_24_over_alpha8_12,exploratory,-0.5251832586751358
lab_subject_14,dataset_b,raw_post_minus_pre,block_early__minus__block_late,block_early,block_late,engagement_kislov_central_beta16_24_over_alpha8_12,exploratory,-0.412469517977999
lab_subject_15,dataset_b,raw_post_minus_pre,block_early__minus__block_late,block_early,block_late,engagement_kislov_central_beta16_24_over_alpha8_12,exploratory,-0.42275406081417344
lab_subject_16,dataset_b,raw_post_minus_pre,block_early__minus__block_late,block_early,block_late,engagement_kislov_central_beta16_24_over_alpha8_12,exploratory,0.37428505283748814
lab_subject_17,dataset_b,raw_post_minus_pre,block_early__minus__block_late,block_early,block_late,engagement_kislov_central_beta16_24_over_alpha8_12,exploratory,-0.2903690401080296
lab_subject_18,dataset_b,raw_post_minus_pre,block_early__minus__block_late,block_early,block_late,engagement_kislov_central_beta16_24_over_alpha8_12,exploratory,2.364826291194934
lab_subject_19,dataset_b,raw_post_minus_pre,block_early__minus__block_late,block_early,block_late,engagement_kislov_central_beta16_24_over_alpha8_12,exploratory,0.3335762831362633
lab_subject_2,dataset_b,raw_post_minus_pre,block_early__minus__block_late,block_early,block_late,engagement_kislov_central_beta16_24_over_alpha8_12,exploratory,0.1971571719769316
lab_subject_3,dataset_b,raw_post_minus_pre,block_early__minus__block_late,block_early,block_late,engagement_kislov_central_beta16_24_over_alpha8_12,exploratory,0.6179637807537236
lab_subject_5,dataset_b,raw_post_minus_pre,block_early__minus__block_late,block_early,block_late,engagement_kislov_central_beta16_24_over_alpha8_12,exploratory,-0.9937485349333457
lab_subject_6,dataset_b,raw_post_minus_pre,block_early__minus__block_late,block_early,block_late,engagement_kislov_central_beta16_24_over_alpha8_12,exploratory,1.5051706798819895
lab_subject_7,dataset_b,raw_post_minus_pre,block_early__minus__block_late,block_early,block_late,engagement_kislov_central_beta16_24_over_alpha8_12,exploratory,0.13303639684913926
lab_subject_8,dataset_b,raw_post_minus_pre,block_early__minus__block_late,block_early,block_late,engagement_kislov_central_beta16_24_over_alpha8_12,exploratory,0.11130426866730803
lab_subject_9,dataset_b,raw_post_minus_pre,block_early__minus__block_late,block_early,block_late,engagement_kislov_central_beta16_24_over_alpha8_12,exploratory,-0.11603770061935581
